Date,Open,High,Low,Close,Volume,Ticker,HA_Close,HA_Open,HA_High,HA_Low,HA_50_MA,HA_100_MA,MACD_Line,Signal_Line,MACD_Hist
2022-01-03,242.99101934994448,243.87448928609894,239.5848003595413,243.54074096679688,643400,MCK,242.4977624905954,243.2658801583707,243.87448928609894,239.5848003595413,,,0.0,0.0,0.0
2022-01-04,243.3149501024295,244.84627997537234,241.60693523416958,243.44256591796875,664300,MCK,243.30268280748504,242.88182132448304,244.84627997537234,241.60693523416958,,,-0.007831627826732301,-0.0015663255653464603,-0.006265302261385841
2022-01-05,243.81560292207158,246.416898706392,242.37261545578573,242.7652587890625,1087600,MCK,243.84259396832795,243.09225206598404,246.416898706392,242.37261545578573,,,-0.06790846757149893,-0.014834753966576956,-0.053073713604921975
2022-01-06,241.86218712233335,245.21933732787957,240.01673035101928,240.11489868164062,713300,MCK,241.8032883707182,243.467423017156,245.21933732787957,240.01673035101928,,,-0.32562806890297225,-0.07699341695385602,-0.24863465194911621
2022-01-07,244.42418353166318,246.86843075919725,240.6547539346612,245.1702117919922,889900,MCK,244.27939500437844,242.6353556939371,246.86843075919725,240.6547539346612,,,-0.12056143357733617,-0.08570702027855205,-0.03485441329878412
2022-01-10,240.59587645986346,246.99604958181166,236.00187163400673,246.1125946044922,1526500,MCK,242.42659807004353,243.45737534915776,246.99604958181166,236.00187163400673,,,0.11665306556471933,-0.04523500310989778,0.1618880686746171
2022-01-11,246.67210938253498,250.7753025139946,244.19842948189742,250.14706420898438,875800,MCK,247.94822639685285,242.94198670960066,250.7753025139946,242.94198670960066,,,0.6230135325948822,0.08841470403105822,0.534598828563824
2022-01-12,249.92128187130842,250.32373601448907,245.31746649803128,249.9507293701172,652000,MCK,248.87830343848648,245.44510655322676,250.32373601448907,245.31746649803128,,,0.9969727884770236,0.2701263209202513,0.7268464675567723
2022-01-13,248.97889441177085,252.129911304202,247.27086474373388,250.06849670410156,641300,MCK,249.61204179095208,247.1617049958566,252.129911304202,247.1617049958566,,,1.287993841369456,0.4736998250100923,0.8142940163593637
2022-01-14,249.45007957995915,251.96303254307105,247.88930230686125,251.80596923828125,705300,MCK,250.27709591704317,248.38687339340436,251.96303254307105,247.88930230686125,,,1.6399255938964359,0.7069449787873611,0.9329806151090748
2022-01-18,250.59857260558434,250.7261884108308,245.2585551399229,247.89910888671875,935200,MCK,248.6206062607642,249.33198465522378,250.7261884108308,245.2585551399229,,,1.5853086130576628,0.8826177056414215,0.7026909074162413
2022-01-19,248.49791442672415,250.17649673878,245.47452806241995,246.53466796875,782500,MCK,247.67090179916852,248.97629545799398,250.17649673878,245.47452806241995,,,1.4156070464308357,0.9892155737993044,0.4263914726315313
2022-01-20,246.83898371478546,251.72746320046554,245.40580721018995,247.2119903564453,994200,MCK,247.79606112047156,248.32359862858124,251.72746320046554,245.40580721018995,,,1.3205491200700408,1.0554822830534516,0.2650668370165892
2022-01-21,247.80094440992391,247.80094440992391,241.22407245911896,242.087890625,1206600,MCK,244.7284629759917,248.0598298745264,248.0598298745264,241.22407245911896,,,0.8222644513806756,1.0088387167188964,-0.18657426533822075
2022-01-24,239.87927662456994,244.98372967357628,233.24350863059735,243.78614807128906,1635300,MCK,240.47316575000815,246.39414642525907,246.39414642525907,233.24350863059735,,,0.557973473605756,0.9186656680962684,-0.3606921944905124
2022-01-25,241.18484048541703,242.8045279085224,234.20549826173723,241.1161346435547,862400,MCK,239.82775032480785,243.4336560876336,243.4336560876336,234.20549826173723,,,0.13155669651430912,0.7612438737798766,-0.6296871772655674
2022-01-26,241.47931231467123,244.10024451677833,239.2902967262534,242.43148803710938,893100,MCK,241.8253353987031,241.63070320622074,244.10024451677833,239.2902967262534,,,-0.0991012677782237,0.5891748454682565,-0.6882761132464802
2022-01-27,245.85733292651054,250.90287515803556,244.06096082169086,250.4120635986328,1261200,MCK,247.80830812621744,241.72801930246192,250.90287515803556,241.72801930246192,,,0.3579402724306817,0.5429279308607415,-0.18498765843005982
2022-01-28,250.3826387496291,253.53364085809972,246.03404015124664,253.4649200439453,907000,MCK,250.85380995073018,244.76816371433966,253.53364085809972,244.76816371433966,,,0.9554748676913221,0.6254373182268577,0.3300375494644644
2022-01-31,251.55078103349433,253.37658588039312,247.96784722096467,252.0023193359375,1586700,MCK,251.2243833676974,247.81098683253492,253.37658588039312,247.81098683253492,,,1.29606545003233,0.7595629445879521,0.5365025054443779
2022-02-01,252.28701193508712,253.2588094082795,248.17400794389204,252.19866943359375,860100,MCK,251.47962468021308,249.51768510011618,253.2588094082795,248.17400794389204,,,1.563803202391341,0.92041099614863,0.6433922062427111
2022-02-02,251.4624315603844,255.82081106423922,250.31391922063162,253.7103271484375,1310300,MCK,252.8268722484232,250.49865489016463,255.82081106423922,250.31391922063162,,,1.8763362083878974,1.1115960385964836,0.7647401697914138
2022-02-03,265.3326949350137,266.6382703500898,259.8356298928756,262.5056457519531,1654900,MCK,263.57806023248304,251.66276356929393,266.6382703500898,251.66276356929393,,,2.8014363585700437,1.4495641025911956,1.351872255978848
2022-02-04,258.5595607684355,264.58674196584917,257.65648414475896,260.67987060546875,1239000,MCK,260.3706643711281,257.6204119008885,264.58674196584917,257.6204119008885,,,3.3486588422289003,1.8293830505187367,1.5192757917101636
2022-02-07,261.5043725693618,266.0198445568819,256.488293200688,265.23455810546875,1334500,MCK,262.3117671081001,258.9955381360083,266.0198445568819,256.488293200688,,,4.1025699466085825,2.284020429736706,1.8185495168718764
2022-02-08,266.51074146489884,273.11707744292175,264.6456630776766,271.9391174316406,1210100,MCK,269.05314985428447,260.6536526220542,273.11707744292175,260.6536526220542,,,5.181324747323089,2.863481293253983,2.3178434540691057
2022-02-09,273.41148593238444,277.5343150118061,272.1157362266507,273.6667175292969,1553300,MCK,274.18206367503456,264.85340123816934,277.5343150118061,264.85340123816934,,,6.105270826928717,3.51183919998893,2.5934316269397866
2022-02-10,272.33171186501386,274.9919322539023,266.8051685639205,268.5033874511719,1595400,MCK,270.65805003350215,269.51773245660195,274.9919322539023,266.8051685639205,,,6.347694890735909,4.079010338138326,2.268684552597583
2022-02-11,268.16966746727775,268.9255066118458,265.4702034351224,266.2064208984375,1175300,MCK,267.19294960317086,270.08789124505205,270.08789124505205,265.4702034351224,,,6.282056071668848,4.51961948484443,1.7624365868244176
2022-02-14,264.1253806620958,267.30583047330276,261.2492316682937,265.69598388671875,1371900,MCK,264.5941066726028,268.6404204241114,268.6404204241114,261.2492316682937,,,6.118320641873311,4.839359716250207,1.278960925623104
2022-02-15,269.0334357298533,270.9181352046516,267.5511753424511,268.8665466308594,934400,MCK,269.0923232269538,266.6172635483571,270.9181352046516,266.6172635483571,,,6.173235830120234,5.106134939024212,1.0671008910960218
2022-02-16,267.8260945876541,272.04709270459784,267.30583544273196,270.7513427734375,1040000,MCK,269.48259137710534,267.85479338765543,272.04709270459784,267.30583544273196,,,6.296264392626256,5.344160829744621,0.9521035628816348
2022-02-17,269.25924530419627,271.0163593083628,267.17820880873234,268.32672119140625,870400,MCK,268.9451336531744,268.6686923823804,271.0163593083628,267.17820880873234,,,6.127484884995965,5.50082564079489,0.6266592442010754
2022-02-18,268.7192869044531,271.25186097540205,265.0970957638855,265.83331298828125,935300,MCK,267.72538915800544,268.80691301777745,271.25186097540205,265.0970957638855,,,5.726516982358362,5.545963909107584,0.18055307325077763
2022-02-22,265.8333762192815,266.8149994186309,261.52406595165405,264.056640625,1870600,MCK,264.5572705536416,268.26615108789144,268.26615108789144,261.52406595165405,,,5.205380038407782,5.477847134967624,-0.2724670965598426
2022-02-23,265.93155910416186,268.59174973228914,262.9768635260326,263.3695068359375,794700,MCK,265.2174197996053,266.41171082076653,268.59174973228914,262.9768635260326,,,4.682947201274487,5.318867148228997,-0.6359199469545098
2022-02-24,258.8048839181483,262.13260008685853,255.93856168943364,261.70068359375,1105800,MCK,259.64418232204764,265.8145653101859,265.8145653101859,255.93856168943364,,,4.087141304414047,5.072521979466007,-0.9853806750519603
2022-02-25,264.1547747590303,271.3598845152217,262.8982984247008,270.3193664550781,1071800,MCK,267.18308103850774,262.7293738161168,271.3598845152217,262.7293738161168,,,4.261294960433759,4.910276575659558,-0.6489816152257992
2022-02-28,266.37638933468344,270.7914337897974,264.17380342024535,270.36859130859375,1560900,MCK,267.92755446333,264.95622742731223,270.7914337897974,264.17380342024535,,,4.353105135539522,4.7988422876355505,-0.4457371520960285
2022-03-01,270.1521889635095,272.29580859884123,264.31137685375603,267.2121276855469,879000,MCK,268.4928755254134,266.4418909453211,272.29580859884123,264.31137685375603,,,4.123630480743543,4.663799926257149,-0.5401694455136061
2022-03-02,268.8345602508667,273.1807650521652,268.6084201646818,269.2278747558594,1627000,MCK,269.96290505589326,267.46738323536727,273.1807650521652,267.46738323536727,,,4.057650041931254,4.542569949391971,-0.4849199074607169
2022-03-03,271.10604683157476,276.7502178192873,270.122745336403,275.48175048828125,1153900,MCK,273.3651901188866,268.71514414563023,276.7502178192873,268.71514414563023,,,4.458599613631293,4.525775882239835,-0.06717626860854242
2022-03-04,269.3164702640137,277.62535018181626,268.9428108816024,277.1140441894531,1387600,MCK,273.24966887922136,271.0401671322584,277.62535018181626,268.9428108816024,,,4.852135104787408,4.59104772674935,0.2610873780380576
2022-03-07,274.92125892265375,278.9233031733586,271.91235877555346,273.77081298828125,1943000,MCK,274.8819334649618,272.1449180057399,278.9233031733586,271.91235877555346,,,4.838469139020958,4.640532009203672,0.19793712981728628
2022-03-08,272.6301951628557,274.9507723983606,266.59270929058243,268.19549560546875,1565900,MCK,270.5922931143169,273.51342573535084,274.9507723983606,266.59270929058243,,,4.327868273321144,4.577999262027166,-0.25013098870602235
2022-03-09,271.55834891342414,274.4492272951044,268.48061086533613,271.9123229980469,950200,MCK,271.60012751797785,272.05285942483385,274.4492272951044,268.48061086533613,,,4.1750034751202065,4.4974001046457746,-0.322396629525568
2022-03-10,269.41474044135197,276.6616669434939,268.51993256819514,275.4423828125,1172400,MCK,272.50968069138526,271.82649347140585,276.6616669434939,268.51993256819514,,,4.2892594335217495,4.45577197042097,-0.1665125368992202
2022-03-11,275.4718921530583,279.5329318976821,274.1149313658691,276.53387451171875,1018900,MCK,276.41340748208205,272.1680870813956,279.5329318976821,272.1680870813956,,,4.416966323562974,4.448010841049371,-0.031044517486396472
2022-03-14,278.0875316141128,280.2409645847183,274.6459759086864,280.0934753417969,1265400,MCK,278.2669868623286,274.29074728173885,280.2409645847183,274.29074728173885,,,4.750642542107926,4.508537181261082,0.24210536084684353
2022-03-15,280.2408644676398,286.5536718812613,279.1395718366217,285.77685546875,1364100,MCK,282.9277409135682,276.27886707203373,286.5536718812613,276.27886707203373,259.2796367405358,,5.411306455173815,4.689091036043629,0.7222154191301859
2022-03-16,286.32757600272265,288.5006639899951,282.34521679437483,286.4947204589844,1217000,MCK,285.91704431151925,279.603303992801,288.5006639899951,279.603303992801,260.1480223769543,,5.9245189053133345,4.93617660989757,0.9883422954157641
2022-03-17,285.9735405358086,290.2804055832021,285.1082604875825,289.9952697753906,2107600,MCK,287.83936909549595,282.7601741521601,290.2804055832021,282.7601741521601,261.03875610271456,,6.538338646129546,5.2566090171439654,1.2817296289855804
2022-03-18,292.63050537552846,294.6266060358582,287.5173260445671,294.0562744140625,3132500,MCK,292.2076779675041,285.29977162382806,294.6266060358582,285.29977162382806,262.00605778269806,,7.268695352747102,5.659026284264593,1.6096690684825088
2022-03-21,294.0563047711789,300.60509643338827,293.4368500261426,294.93145751953125,1389100,MCK,295.75742718756027,288.7537247956661,300.60509643338827,288.7537247956661,263.0851405590349,,7.827893187111613,6.092799664833997,1.7350935222776158
2022-03-22,297.50773538630176,298.9138494992829,294.0661797204692,294.9118347167969,1615200,MCK,296.34989983071273,292.25557599161317,298.9138494992829,292.25557599161317,264.1265506555616,,8.175239036756125,6.509287539218423,1.6659514975377014
2022-03-23,294.91179517604616,297.98950362356425,293.50565124361196,295.0101013183594,1093600,MCK,295.35426284039545,294.3027379111629,297.98950362356425,293.50565124361196,265.1851039509686,,8.362049912394241,6.879840013853587,1.4822098985406535
2022-03-24,294.4693100663104,298.9138221741604,294.4693100663104,298.87451171875,1892100,MCK,296.68173850638277,294.8285003757792,298.9138221741604,294.4693100663104,266.15977419315925,,8.721389748182958,7.248149960719462,1.4732397874634957
2022-03-25,299.9069380012933,305.2954406738281,299.1301214645642,305.2954406738281,1145200,MCK,302.40698520337844,295.755119441081,305.2954406738281,295.755119441081,267.23034782845707,,9.415745607417591,7.6816690900590885,1.7340765173585027
2022-03-28,303.6729419040229,304.31211178619236,301.0966971751959,303.338623046875,1150300,MCK,303.1050934780715,299.0810523222297,304.31211178619236,299.0810523222297,268.3002088621995,,9.696355252161652,8.084606322479601,1.6117489296820509
2022-03-29,303.12237844118056,303.85985465337455,298.1272194340995,301.87359619140625,1048100,MCK,301.7457621800152,301.0930729001506,303.85985465337455,298.1272194340995,269.3295821874589,,9.688838099292298,8.405452677842142,1.2833854214501557
2022-03-30,302.5028605582336,303.90897437439463,299.69060291793386,301.8931884765625,1236700,MCK,301.9989065817811,301.4194175400829,303.90897437439463,299.69060291793386,270.3971481938792,,9.574097399999232,8.639181622273561,0.9349157777256707
2022-03-31,301.0279090229343,304.0368089465087,300.2117520455594,301.01806640625,1247900,MCK,301.5736341053131,301.70916206093204,304.0368089465087,300.2117520455594,271.4752028400021,,9.305284010043806,8.77240209982761,0.5328819102161955
2022-04-01,301.24426875316846,303.45669738975045,300.4871373115235,301.87359619140625,854300,MCK,301.76542491146216,301.64139808312257,303.45669738975045,300.4871373115235,272.55459011582195,,9.056879496387012,8.82929757913949,0.2275819172475213
2022-04-04,300.33960268585236,301.87355057477964,297.17337075963485,300.6542663574219,1523600,MCK,300.01019759442215,301.70341149729234,301.87355057477964,297.17337075963485,273.66022480819055,,8.661779796692656,8.795794022650124,-0.13401422595746837
2022-04-05,299.77915894749793,306.5344362499174,299.77915894749793,301.87359619140625,1254300,MCK,301.99158758407987,300.85680454585724,306.5344362499174,299.77915894749793,274.890593244872,,8.350787485435774,8.706792715207255,-0.3560052297714815
2022-04-06,302.0308553329573,308.0093145169022,301.9226765770627,306.3672180175781,951300,MCK,304.5825161111251,301.42419606496856,308.0093145169022,301.42419606496856,276.1856885605983,,8.370432430152107,8.639520658196226,-0.2690882280441187
2022-04-07,305.8952919450048,316.2887970861694,305.38398591453836,314.794189453125,1395500,MCK,310.59056609970935,303.0033560880468,316.2887970861694,303.0033560880468,277.56099317461843,,8.962671262834988,8.704150779123978,0.2585204837110098
2022-04-08,315.6593757473475,322.3458426604292,313.58462438698314,320.3988952636719,1285600,MCK,317.99718451460797,306.79696109387805,322.3458426604292,306.79696109387805,278.9647707023862,,9.771636381444011,8.917647899587985,0.8539884818560264
2022-04-11,321.23470970855413,323.8601074209456,314.22376651582005,315.31524658203125,1195400,MCK,318.65845755683773,312.397072804243,323.8601074209456,312.397072804243,280.32086365450846,,9.8885500538251,9.111828330435408,0.7767217233896915
2022-04-12,313.8403883243348,318.17672202096185,312.0507721907526,317.19342041015625,1147000,MCK,315.31532573655136,315.52776518054037,318.17672202096185,312.0507721907526,281.60268250188545,,10.017284888232496,9.292919641994827,0.7243652462376691
2022-04-13,317.56703169817524,320.80210190970575,315.0006292867276,320.1826171875,746400,MCK,318.38809502052715,315.4215454585459,320.80210190970575,315.0006292867276,282.94085190869174,,10.242442864513805,9.482824286498623,0.7596185780151821
2022-04-14,321.0478715299177,323.88962666489823,317.3506490729939,317.8521423339844,969100,MCK,320.03507240044854,316.90482023953655,323.88962666489823,316.90482023953655,284.2850159117323,,10.116218864858126,9.609503202170524,0.5067156626876024
2022-04-18,317.8521852137216,323.31933872890176,317.3998749610496,321.1954040527344,882900,MCK,319.94170073910186,318.4699463199926,323.31933872890176,317.3998749610496,285.4122887218646,,10.16873981289308,9.721350524315035,0.4473892885780444
2022-04-19,322.62123429882445,323.49635704634926,316.9967484113362,319.27801513671875,997600,MCK,320.59808872330717,319.2058235295472,323.49635704634926,316.9967484113362,286.61683720890824,,9.941051527450327,9.765290724942094,0.17576080250823267
2022-04-20,320.48738721793694,327.8719896229097,320.48738721793694,326.00372314453125,819300,MCK,323.7126218008287,319.9019561264272,327.8719896229097,319.9019561264272,287.84485430276277,,10.185898648852628,9.849412309724201,0.3364863391284274
2022-04-21,325.97427889049993,329.99597828911317,322.7588638886703,325.915283203125,877500,MCK,326.1611010678521,321.8072889636279,329.99597828911317,321.8072889636279,288.98701332703416,,10.254596783983231,9.930449204576007,0.3241475794072244
2022-04-22,323.42759300355794,323.8799033618354,312.36544940404895,312.8669128417969,1373100,MCK,318.1349646528098,323.98419501574,323.98419501574,312.36544940404895,289.86607134658965,,9.1506629660567,9.774491956872147,-0.6238289908154471
2022-04-25,311.1460425398823,312.8471646977241,306.64253550884564,312.0113525390625,1287000,MCK,310.66177382137863,321.0595798342749,321.0595798342749,306.64253550884564,290.66614582234723,,8.113226668989512,9.44223889929562,-1.329012230306109
2022-04-26,310.6051920560329,318.22577645904784,310.08404361330685,310.9788513183594,1088000,MCK,312.47346586168675,315.86067682782675,318.22577645904784,310.08404361330685,291.57175614751753,,7.125597260017685,8.978910571440034,-1.8533133114223492
2022-04-27,311.8835941583509,315.96428979508295,306.7311033790158,312.54241943359375,887200,MCK,311.7803516915109,314.1670713447568,315.96428979508295,306.7311033790158,292.51548104789566,,6.395339227878765,8.462196302727781,-2.0668570748490165
2022-04-28,313.00456409116373,316.3871239047799,310.7626377038119,315.2464904785156,792100,MCK,313.85020404456776,312.9737115181338,316.3871239047799,310.7626377038119,293.4106386642479,,5.9660277563918385,7.962962593460593,-1.9969348370687543
2022-04-29,314.0271618294987,314.341825520626,302.94536440294553,304.4399719238281,1423100,MCK,308.9385809192246,313.4119577813508,314.341825520626,302.94536440294553,294.1997584550903,,4.699625234409723,7.3102951216504195,-2.6106698872406966
2022-05-02,306.5442341768639,308.658326342005,298.50083533044943,301.6768798828125,1155500,MCK,303.84506893303274,311.1752693502877,311.1752693502877,298.50083533044943,294.8977571606875,,3.4334549448622624,6.534927086292789,-3.101472141430526
2022-05-03,302.68969917319487,307.07524563746773,301.46057225096223,302.6700439453125,1028500,MCK,303.47389025173436,307.5101691416602,307.5101691416602,301.46057225096223,295.6127271825621,,2.481540256386495,5.72424972031153,-3.242709463925035
2022-05-04,304.3219759554246,315.53163722104523,301.82441171569184,314.4205017089844,1435300,MCK,309.0246316502865,305.4920296966973,315.53163722104523,301.82441171569184,296.502074404495,,2.6448169430714756,5.108363164863519,-2.4635462217920434
2022-05-05,310.39881108514305,314.027166169165,307.58655306979904,309.9661560058594,1162700,MCK,310.4946715824916,307.25833067349186,314.027166169165,307.25833067349186,297.4076194401527,,2.3872674883095897,4.564144029552733,-2.1768765412431437
2022-05-06,308.73705755939824,328.8750557999013,306.8982582988194,328.41290283203125,2304300,MCK,318.2308186225375,308.87650112799173,328.8750557999013,306.8982582988194,298.5793521661625,,3.6298137593068986,4.377277975503567,-0.7474642161966685
2022-05-09,325.4039487780654,327.1542241971049,319.57297825369005,321.0184326171875,1458100,MCK,323.28739596151195,313.55365987526466,327.1542241971049,313.55365987526466,299.7014384646226,,3.9720810056641653,4.296238581535687,-0.3241575758715216
2022-05-10,323.5258548307684,327.5868949036609,320.71362689154347,324.32232666015625,1426300,MCK,324.0371758215323,318.4205279183883,327.5868949036609,318.4205279183883,300.82363089178665,,4.4585317234098625,4.328697209910522,0.1298345134993406
2022-05-11,325.9152888361052,334.2635088317156,325.2663062557851,326.5445861816406,1240700,MCK,327.99742252631165,321.2288518699603,334.2635088317156,321.2288518699603,302.0137218318046,,4.966118866110662,4.45618154115055,0.509937324960112
2022-05-12,320.82174775201946,321.5887216694642,307.7143528532321,316.6329040527344,1714700,MCK,316.68943158186255,324.613137198136,324.613137198136,307.7143528532321,302.94825236232396,,4.516531655765618,4.468251564073564,0.04828009169205405
2022-05-13,317.57684063741914,320.82172311403315,313.8993031628598,318.82562255859375,853600,MCK,317.7808723682264,320.65128438999926,320.82172311403315,313.8993031628598,303.83656600731075,,4.287738233247467,4.432148897908345,-0.14441066466087804
2022-05-16,320.2809611593895,325.91528947597186,320.2809611593895,322.355712890625,705700,MCK,322.208231171344,319.21607837911284,325.91528947597186,319.21607837911284,304.8157372531532,,4.341223661086133,4.413963850543903,-0.07274018945776994
2022-05-17,325.8955879169582,330.1434573248095,321.6772463598629,327.5967102050781,1064000,MCK,326.3282504516772,320.71215477522844,330.1434573248095,320.71215477522844,305.8446635928875,,4.751740820106022,4.481519244456327,0.2702215756496953
2022-05-18,325.96435653402153,328.28493302437386,313.8992612896141,315.2955322265625,979100,MCK,320.861020768643,323.52020261345285,328.28493302437386,313.8992612896141,306.85003814597405,,4.0379296293698985,4.392801321439041,-0.3548716920691426
2022-05-19,312.3555101718994,315.52174171648096,307.0063484318862,313.80096435546875,1016300,MCK,312.17114116893384,322.19061169104793,322.19061169104793,307.0063484318862,307.66145841899316,,3.313434767943818,4.176928010739997,-0.8634932427961788
2022-05-20,314.420448278343,318.5306407063538,310.83137435587963,317.4686584472656,1335100,MCK,315.3127804469605,317.1808764299909,318.5306407063538,310.83137435587963,308.5175204141047,,3.0006302340588036,3.941668455403758,-0.9410382213449546
2022-05-23,320.8315642714026,324.8237653641297,318.58963838677766,322.1590270996094,842300,MCK,321.6009987804798,316.24682843847575,324.8237653641297,316.24682843847575,309.42127224007265,,3.0955207027511733,3.7724389048732414,-0.6769182021220681
2022-05-24,321.44127283904743,324.2043478123526,316.7804330634902,323.3095397949219,791600,MCK,321.43389837745303,318.9239136094778,324.2043478123526,316.7804330634902,310.2846104703751,,3.2263672883584036,3.663224581570274,-0.4368572932118706
2022-05-25,320.3300713881348,328.83565210922893,320.3300713881348,327.9113464355469,1049300,MCK,324.35178533026135,320.1789059934654,328.83565210922893,320.1789059934654,311.113091358709,285.19636404962245,3.659210387577957,3.662421742771811,-0.0032113551938537377
2022-05-26,327.2426398891557,333.1719451519103,323.6929368250397,330.8022155761719,1177600,MCK,328.72743436056936,322.26534566186336,333.1719451519103,322.26534566186336,311.96929915969,286.05866076832217,4.187242714280387,3.7673859370735263,0.4198567772068609
2022-05-27,328.49154595261706,331.0579485157073,324.63699079112433,329.3666687011719,1089900,MCK,328.38828849015516,325.49639001121636,331.0579485157073,324.63699079112433,312.7802775475832,286.90951682514884,4.438708829625284,3.901650515583878,0.5370583140414062
2022-05-31,325.6248532393569,326.9344685262026,320.8491342457139,323.6554870605469,2216100,MCK,324.26598576795504,326.9423392506858,326.9423392506858,320.8491342457139,313.4214437035922,287.7137507431451,4.129550027527955,3.9472304179726936,0.1823196095552615
2022-06-01,326.0580739623848,327.889569847342,311.84910603505466,317.2746887207031,1285700,MCK,320.76785964137116,325.6041625093204,327.889569847342,311.84910603505466,313.92165235266845,288.50339645585166,3.331261639486627,3.8240366622754802,-0.49277502278885343
2022-06-02,317.0187245514134,317.68830182306095,304.36554116592936,313.7003173828125,1338200,MCK,313.19322123080406,323.1860110753458,323.1860110753458,304.36554116592936,314.2585187806702,289.1925347181159,2.3827238881184485,3.535774107444074,-1.1530502193256256
2022-06-03,313.71013748786265,316.2309234362805,310.4311564858658,311.53399658203125,820900,MCK,312.97655349801005,318.1896161530749,318.1896161530749,310.4311564858658,314.61096459382253,289.89803427239553,1.4396020658944622,3.116539699134152,-1.6769376332396897
2022-06-06,311.57343617968564,315.1084448624551,308.22548963765627,312.79443359375,654500,MCK,311.92545106838674,315.58308482554247,315.58308482554247,308.22548963765627,314.9158388450626,290.5378065191109,0.7848309176122825,2.650197942829778,-1.8653670252174956
2022-06-07,315.18719396468316,318.2495738771916,312.39069770784664,316.7232971191406,993700,MCK,315.6376906672155,313.7542679469646,318.2495738771916,312.39069770784664,315.1804529543394,291.2054003913982,0.5763032516945827,2.2354190046027393,-1.6591157529081566
2022-06-08,315.6696592307905,316.23093574626824,308.9541440873371,310.19482421875,721800,MCK,312.76239082078644,314.69597930709006,316.23093574626824,308.9541440873371,315.37359890119365,291.8369038816965,-0.11443054416037057,1.7654490948501174,-1.879879639010488
2022-06-09,309.7418569373675,312.64668357166823,307.2112146207205,307.2506103515625,774700,MCK,309.2125913703297,313.72918506393825,313.72918506393825,307.2112146207205,315.52293548499995,292.4262588362294,-0.8891657577350429,1.2345261243330854,-2.1236918820681283
2022-06-10,304.0602623730019,311.79985608429376,303.76483945225567,308.5405578613281,751800,MCK,307.04137894271986,311.47088821713396,311.79985608429376,303.76483945225567,315.6237849322187,293.01046656304896,-1.3831172974178116,0.7109974399829061,-2.0941147374007176
2022-06-13,304.7889144035028,307.1620039353079,300.8009604486859,302.2878112792969,1020200,MCK,303.75992251669834,309.2561335799269,309.2561335799269,300.8009604486859,315.6675107004464,293.57135677022427,-2.253148945622854,0.11816816286175405,-2.3713171084846083
2022-06-14,302.22876638789023,303.9421353576919,299.49134866503425,301.8250427246094,1064200,MCK,301.8718232838064,306.5080280483126,306.5080280483126,299.49134866503425,315.6696386678933,294.11211439185763,-2.9460367718482985,-0.49467282408025653,-2.451363947768042
2022-06-15,302.21891600163303,306.51211940670345,299.5996556466469,302.9672546386719,1075900,MCK,302.8244864234138,304.1899256660595,306.51211940670345,299.5996556466469,315.72592444447315,294.69307462633185,-3.36420791581088,-1.0685798424263813,-2.2956280733844987
2022-06-16,300.7123833609433,301.53951355075105,294.6959540533328,299.36334228515625,1458900,MCK,299.07779831254584,303.5072060447367,303.5072060447367,294.6959540533328,315.66764865904247,295.2791209519572,-3.940987912463015,-1.643061456433708,-2.297926456029307
2022-06-17,300.59420974452246,301.35243499041644,294.1150079395551,295.9662170410156,2491700,MCK,298.0069674288774,301.29250217864126,301.35243499041644,294.1150079395551,315.53613768539753,295.86091312299794,-4.618965275042569,-2.2382422201554806,-2.380723054887089
2022-06-21,300.52532778002313,305.0745594032285,297.2758551562002,304.64129638671875,998000,MCK,301.87925968154264,299.6497348037593,305.0745594032285,297.2758551562002,315.3619115570342,296.4614523658263,-4.405477217861744,-2.6716892196967335,-1.7337879981650106
2022-06-22,302.2976902788976,307.7331297876855,300.9092836002642,306.28564453125,1126900,MCK,304.30643704952433,300.764497242651,307.7331297876855,300.764497242651,315.0880966077325,297.0264336550594,-4.056836555061068,-2.9487186867696007,-1.1081178682914672
2022-06-23,308.2255286896798,310.32290874258047,305.46842771177785,309.8404235839844,1587300,MCK,308.4643221820056,302.5354671460876,310.32290874258047,302.5354671460876,314.88421390023586,297.60253877737216,-3.4538811648416754,-3.049751182384016,-0.4041299824576594
2022-06-24,312.20359969724575,317.1762369883964,305.6160678096748,316.62481689453125,3739500,MCK,312.9051803474621,305.4998946640466,317.1762369883964,305.4998946640466,314.8360109924541,298.21934674716977,-2.400914584599434,-2.9199838628270998,0.5190692782276658
2022-06-27,318.1510918798204,323.4289784779194,316.7430023639254,321.24298095703125,921800,MCK,319.8915134196741,309.2025375057543,323.4289784779194,309.2025375057543,314.86607936043697,298.90346563456444,-1.1801793662091313,-2.5720229635035063,1.391843597294375
2022-06-28,322.45415366557296,324.1281268398973,314.7736380366362,316.62481689453125,852800,MCK,319.4951838591594,314.5470254627142,324.1281268398973,314.5470254627142,314.8552815896112,299.57014875067176,-0.578714099051922,-2.1733611906131896,1.5946470915612676
2022-06-29,317.7079867145347,324.62048110213937,317.65876458106237,323.0351257324219,1080500,MCK,320.75558953253955,317.02110466093677,324.62048110213937,317.02110466093677,314.87155936548,300.1419240436723,0.41047807281523774,-1.6565933379275042,2.067071410742742
2022-06-30,320.4454188314602,324.7091135465467,318.20034253176306,321.2134704589844,1215800,MCK,321.1420863421886,318.88834709673813,324.7091135465467,318.20034253176306,314.88243931785763,300.7496382633829,1.0354911420914732,-1.1181764419237088,2.153667584015182
2022-07-01,320.7112821127097,325.10296011136023,315.7386146691523,324.48260498046875,826600,MCK,321.50886546842275,320.01521671946335,325.10296011136023,315.7386146691523,314.8383641912095,301.34160924698614,1.7741589372030262,-0.5397093660983618,2.313868303301388
2022-07-05,322.3556666742962,323.7046775669512,311.7112459218671,317.4421081542969,1061800,MCK,318.80342457935285,320.762041093943,323.7046775669512,311.7112459218671,314.6912106614395,301.8391119942368,1.7710338567871986,-0.07756072152124978,1.8485945783084483
2022-07-06,316.90055722239276,319.5887529744576,313.13909051913635,316.6150207519531,1214700,MCK,316.5608553669849,319.78273283664794,319.78273283664794,313.13909051913635,314.659728475723,302.2628999111563,1.682424227707088,0.2744362683244178,1.40798795938267
2022-07-07,318.11174190380694,320.88855565007094,316.0832969813959,316.3294677734375,842900,MCK,317.8532655771778,318.17179410181643,320.88855565007094,316.0832969813959,314.803558310839,302.7348520665931,1.571048648486908,0.5337587443569158,1.0372899041299921
2022-07-08,316.0439287588183,329.41594417491046,315.2266548801436,326.1271057128906,1353500,MCK,321.70340838169074,318.0125298394971,329.41594417491046,315.2266548801436,314.9881571612391,303.2799566543783,2.2474628462794612,0.876499564741425,1.3709632815380361
2022-07-11,324.4727983008569,330.43014971031306,322.02094674093246,323.773681640625,851900,MCK,325.17439409818184,319.8579691105939,330.43014971031306,319.8579691105939,315.2560380093725,303.8857595286341,2.5640673448104963,1.2140131207552392,1.350054224055257
2022-07-12,322.8578505082859,327.96835742365596,320.61277458391413,322.3655090332031,740000,MCK,323.4511228872648,322.51618160438784,327.96835742365596,320.61277458391413,315.4480563862264,304.42934752523723,2.6705663040953027,1.5053237574232519,1.1652425466720508
2022-07-13,319.4509714241133,323.51768823665265,316.7726316292044,320.1993103027344,735800,MCK,319.9851503981762,322.9836522458263,323.51768823665265,316.7726316292044,315.6689877758055,304.9343731154479,2.550769677695939,1.7144129414777893,0.8363567362181499
2022-07-14,314.1434687838538,322.30650063200034,310.9432484990717,321.48919677734375,930100,MCK,317.2206036730674,321.48440132200125,322.30650063200034,310.9432484990717,315.9364984706062,305.41712781564684,2.530740248403788,1.8776784028629891,0.6530618455407988
2022-07-15,325.2014312598516,325.7922170452887,322.5329185783468,324.9454040527344,763600,MCK,324.61799273405535,319.3525024975343,325.7922170452887,319.3525024975343,316.3593805202526,305.9860538514073,2.7619161733667283,2.054525956963737,0.7073902164029913
2022-07-18,325.80211785180506,325.80211785180506,319.82508375747443,321.0362548828125,584000,MCK,323.11639358597427,321.98524761579483,325.80211785180506,319.82508375747443,316.6412157589663,306.57164508173065,2.599721124687335,2.1635649905084566,0.4361561341788782
2022-07-19,322.6313911784183,326.7473590625165,320.90819586305196,324.9158630371094,774500,MCK,323.80070228527404,322.55082060088455,326.7473590625165,320.90819586305196,316.90733637302196,307.15747790658736,2.752503191452945,2.2813526306973544,0.4711505607555906
2022-07-20,324.42353932641186,325.8218025382665,317.87540277861336,321.5975036621094,679100,MCK,322.4295620763503,323.1757614430793,325.8218025382665,317.87540277861336,316.9913112420982,307.7853317041304,2.5761242544008383,2.3403069554380513,0.23581729896278691
2022-07-21,320.45521616856445,323.35018639603845,317.89503453234505,322.7889099121094,734800,MCK,321.12233675226435,322.8026617597148,323.35018639603845,317.89503453234505,316.9480100579133,308.32472426126793,2.5036190415606256,2.3729693726625665,0.13064966889805918
2022-07-22,325.26047444756585,328.3129975574669,322.80859350421866,325.3786315917969,835300,MCK,325.44017427526205,321.96249925598954,328.3129975574669,321.96249925598954,316.9760700269879,308.89985045938727,2.6248691764151317,2.42334933341308,0.20151984300205195
2022-07-25,327.59422871626276,336.41698103370754,327.5450065804527,331.05047607421875,1333000,MCK,330.65167310116044,323.7013367656258,336.41698103370754,323.7013367656258,317.0291550384848,309.5214384351447,3.142407512275952,2.5671609691856543,0.5752465430902975
2022-07-26,332.911505395841,334.58547868450484,331.7101908128353,332.4979553222656,709900,MCK,332.9262825538617,327.1765049333931,334.58547868450484,327.1765049333931,317.35389205792484,310.1510722101244,3.6275437836661126,2.779237532081746,0.8483062515843667
2022-07-27,331.57231159115275,335.3140949054531,326.3928694859727,334.41802978515625,759900,MCK,331.92432644193366,330.0513937436274,335.3140949054531,326.3928694859727,317.63676113939897,310.7366635733549,4.119465106909843,3.0472830470473653,1.0721820598624774
2022-07-28,333.5613286057346,337.2932851686017,329.1401120507386,334.91033935546875,711900,MCK,333.72626629513593,330.9878600927805,337.2932851686017,329.1401120507386,317.86712184187485,311.34142954751405,4.497200638058359,3.337266565249564,1.1599340728087952
2022-07-29,334.4869567767546,337.1258998950782,332.3403551379753,336.3479919433594,835800,MCK,335.0753009382919,332.3570631939582,337.1258998950782,332.3403551379753,318.0420628516071,311.94336322224734,4.856581666475904,3.6411295854948325,1.2154520809810716
2022-08-01,334.8414772193373,340.9957466142681,334.8414772193373,337.1752014160156,859900,MCK,336.9634756172396,333.71618206612504,340.9957466142681,333.71618206612504,318.364111948579,312.60707504727657,5.148790559305837,3.9426617802570334,1.2061287790488038
2022-08-02,339.4498180652412,339.86336814182187,329.2090897192325,329.95745849609375,973900,MCK,334.61993360559734,335.33982884168233,339.86336814182187,329.2090897192325,318.81308779731233,313.23727310815275,4.743279110682408,4.102785246342108,0.6404938643403
2022-08-03,330.9027393480791,333.7386314465059,321.19377853486213,322.08984375,1361200,MCK,326.9812482698618,334.97988122363984,334.97988122363984,321.19377853486213,319.04645715377035,313.78198878393755,3.7439002568225987,4.031008248438207,-0.28710799161560807
2022-08-04,331.38523607222896,343.15218027699103,331.38523607222896,332.6357727050781,1428500,MCK,334.63960628163176,330.9805647467508,343.15218027699103,330.9805647467508,319.30722930379335,314.36425077193303,3.7595162821885424,3.976709855188274,-0.21719357299973163
2022-08-05,331.46402508791846,341.6653577769187,331.46402508791846,341.3797912597656,1166600,MCK,336.4932998031303,332.8100855141913,341.6653577769187,331.46402508791846,319.60841733230694,314.946513901341,4.426436115174738,4.066655107185567,0.359781007989171
2022-08-08,341.6357976003828,344.50119884335606,339.16423351883327,342.0592041015625,1189600,MCK,341.84010851603364,334.6516926586608,344.50119884335606,334.6516926586608,319.95818379602235,315.53563757736566,4.952706112840872,4.243865308316629,0.7088408045242431
2022-08-09,344.63907115489644,353.14674722118843,344.21566465094025,349.33599853515625,1300800,MCK,347.83437039054536,338.24590058734725,353.14674722118843,338.24590058734725,320.3403225166219,316.1548108381559,5.889069842320737,4.572906215117451,1.3161636272032862
2022-08-10,351.18718390909754,354.4563386622261,349.60185871233267,354.1018371582031,952100,MCK,352.33680461046487,343.0401354889463,354.4563386622261,343.0401354889463,320.8192928390281,316.79978519330564,6.935757100676881,5.045476392229337,1.890280708447544
2022-08-11,353.5996812014734,357.6270311781159,352.3294316819007,353.264892578125,1114900,MCK,354.2052591599038,347.6884700497056,357.6270311781159,347.6884700497056,321.4180783068671,317.41976100522965,7.610006443705458,5.558382402524561,2.0516240411808973
2022-08-12,352.88092003500566,359.80324185570396,351.98485470058677,359.6063232421875,769500,MCK,356.068834958371,350.94686460480466,359.80324185570396,350.94686460480466,322.1240978132071,318.02287508293773,8.557409868639354,6.15818789574752,2.3992219728918345
2022-08-15,358.51324573749974,366.2233307969497,356.13032960007246,365.7605285644531,954300,MCK,361.6568586747438,353.5078497815878,366.2233307969497,353.5078497815878,323.09337056208585,318.67594467137803,9.693090926775255,6.865168501953067,2.827922424822188
2022-08-16,364.64787869665423,369.48267666697683,364.64787869665423,368.11395263671875,635400,MCK,366.723096674251,357.5823542281658,369.48267666697683,357.5823542281658,324.1683014256107,319.3896330097166,10.660144491743097,7.624163699911073,3.0359807918320234
2022-08-17,366.36120834397104,368.0450081070499,361.12268680312036,361.7430419921875,876300,MCK,364.3179863115822,362.1527254512084,368.0450081070499,361.12268680312036,325.2161521304746,320.0659954877686,10.788103620951972,8.256951684119253,2.5311519368327193
2022-08-18,362.44210574581876,363.7714338070494,358.75940093853217,362.9147644042969,653900,MCK,361.9719262239243,363.2353558813953,363.7714338070494,358.75940093853217,326.14283684160876,320.6616448979741,10.858885881885556,8.777338523672514,2.081547358213042
2022-08-19,364.33276143893,367.2868108560024,361.3885684692941,365.3273010253906,875900,MCK,364.5838604474043,362.6036410526598,367.2868108560024,361.3885684692941,327.1792662341411,321.27643256766737,10.983047145759656,9.218480248089943,1.764566897669713
2022-08-22,363.5351549910751,366.2824292457878,361.62486737885405,362.4815368652344,959300,MCK,363.4809971202378,363.59375075003203,366.2824292457878,361.62486737885405,328.2646343491393,321.8937849170696,10.728149033218244,9.520414005115603,1.2077350281026416
2022-08-23,361.7134910843415,362.5406212931549,358.1981651592766,358.4443359375,558900,MCK,360.22415336856824,363.53737393513495,363.53737393513495,358.1981651592766,329.32828983765626,322.47603738493746,10.084128511684582,9.633156906429399,0.45097160525518376
2022-08-24,358.7791699931944,359.81310542266306,356.50455411857,357.6566467285156,774100,MCK,358.18836906573574,361.88076365185157,361.88076365185157,356.50455411857,330.41685876863704,323.0421847345417,9.401799579148815,9.586885440973282,-0.18508586182446685
2022-08-25,358.4542068174235,361.5756656330417,356.64239342276585,361.2704162597656,967100,MCK,359.48567053324916,360.03456635879365,361.5756656330417,356.64239342276585,331.5691357136259,323.6193871907596,9.04834628031989,9.479177608842605,-0.43083132852271433
2022-08-26,361.1620786514236,362.32399753739605,351.24631228097235,351.3251037597656,680200,MCK,356.51437305738943,359.7601184460214,362.32399753739605,351.24631228097235,332.6429334463054,324.18442894538924,7.874950860664001,9.158332259206885,-1.2833813985428844
2022-08-29,348.9913751667538,361.418070284644,345.73204666842304,357.4596252441406,1027300,MCK,353.4002793409904,358.13724575170545,361.418070284644,345.73204666842304,333.7293830668742,324.69851586295835,7.355244472386119,8.797714701842732,-1.4424702294566139
2022-08-30,358.2178472915266,359.36990960659784,352.58545916745265,358.4344787597656,1102700,MCK,357.15192370633565,355.76876254634794,359.36990960659784,352.58545916745265,334.9122821924234,325.22420993891046,6.942012745239538,8.426574310522094,-1.4845615652825561
2022-08-31,358.3851988783883,364.469702952549,357.754050981766,361.91558837890625,1579400,MCK,360.63113529790235,356.4603431263418,364.469702952549,356.4603431263418,336.0873197047506,325.7246156308924,6.816839791933717,8.104627406804418,-1.2877876148707017
2022-09-01,361.84654839749555,364.22316389409286,356.03816404514123,358.78948974609375,1365400,MCK,360.2243415207058,358.54573921212204,364.22316389409286,356.03816404514123,337.20567779417416,326.14688720095336,6.39170964080671,7.762043853604877,-1.3703342127981673
2022-09-02,360.29830633448694,365.76156387729986,357.7639338583644,358.7796630859375,947400,MCK,360.6508667890222,359.38504036641393,365.76156387729986,357.7639338583644,338.24940868631455,326.5668112932752,5.985006573548787,7.406636397593659,-1.4216298240448717
2022-09-06,358.9571009788463,362.84251816076045,353.80941827200667,355.8014221191406,1106800,MCK,357.8526148826885,360.01795357771806,362.84251816076045,353.80941827200667,339.1483573770191,326.9921841847366,5.360578890185707,6.997424896112069,-1.6368460059263619
2022-09-07,355.72261771526877,362.51714860557666,352.35985594714043,361.87615966796875,799800,MCK,358.1189454839887,358.93528423020325,362.51714860557666,352.35985594714043,339.91290601830536,327.3894926893712,5.294860151956698,6.656911947280995,-1.3620517953242972
2022-09-08,362.1226869138644,366.65896481693727,361.0182081398549,365.0318298339844,917800,MCK,363.7079224261603,358.52711485709597,366.65896481693727,358.52711485709597,340.79716078964543,327.8262211896283,5.434765197619413,6.412482597348679,-0.9777173997292659
2022-09-09,365.7221396517315,365.8700856471964,360.89002962939,361.1365661621094,995500,MCK,363.4047052726068,361.1175186416281,365.8700856471964,360.89002962939,341.6501431044468,328.2608512349634,5.171709482389417,6.1643279743568264,-0.9926184919674093
2022-09-12,361.57041685416516,364.4105220862807,356.6692701391793,358.6908874511719,1011200,MCK,360.3352741326993,362.26111195711746,364.4105220862807,356.6692701391793,342.434006860257,328.6582230890573,4.711577962377817,5.873777971961025,-1.1622000095832083
2022-09-13,355.0126196746219,355.0126196746219,342.43925606114567,343.0704040527344,1137600,MCK,348.88372486578095,361.2981930449084,361.2981930449084,342.43925606114567,342.98150404820416,328.9099341197068,3.051304415343793,5.309283260637579,-2.2579788452937857
2022-09-14,343.2971602698275,343.98747454708456,333.6921073127539,336.6702575683594,1538900,MCK,339.41174992450635,355.09095895534466,355.09095895534466,333.6921073127539,343.39367055510724,329.0424406082733,1.2051946015026829,4.4884655288105995,-3.2832709273079166
2022-09-15,339.1750613017141,339.3032650982613,332.5087046395615,336.2955017089844,973300,MCK,336.82063318713034,347.25135443992554,347.25135443992554,332.5087046395615,343.79886611151016,329.2292972936165,-0.28481719700107533,3.5338089836482647,-3.81862618064934
2022-09-16,335.0037203640714,342.5378918492837,333.7907797871944,341.453125,2104600,MCK,338.1963792501374,342.03599381352797,342.5378918492837,333.7907797871944,344.20572838496935,329.5046433479042,-1.0375252415939258,2.6195421385998268,-3.6570673801937525
2022-09-19,338.37628463025726,344.8355289464611,335.3882634290136,344.11566162109375,1136000,MCK,340.6789346567065,340.1161865318327,344.8355289464611,335.3882634290136,344.5852389104696,329.78669803585433,-1.4030340333490017,1.815026904210061,-3.2180609375590628
2022-09-20,341.9461603100154,343.3662131021593,337.9621216379009,340.77264404296875,669400,MCK,341.01178477326107,340.3975605942696,343.3662131021593,337.9621216379009,344.9019867239712,330.07901236667186,-1.9400917934252107,1.0640031646830068,-3.0040949581082175
2022-09-21,343.99733542058283,348.7900211799528,340.41765030934613,340.68389892578125,770500,MCK,343.47222645891577,340.70467268376535,348.7900211799528,340.41765030934613,345.3024087954042,330.37523259081536,-2.3458336171531755,0.38203580831577033,-2.727869425468946
2022-09-22,340.94028836589104,345.12153803250885,339.2441159378648,342.1532287597656,1111800,MCK,341.8647927740076,342.08844957134056,345.12153803250885,339.2441159378648,345.74000164292084,330.70449470936313,-2.5197778670249704,-0.1983269267523778,-2.3214509402725927
2022-09-23,339.85548689859,340.12173547357963,333.56387086068605,338.5143127441406,815200,MCK,338.0138514942491,341.9766211726741,341.9766211726741,333.56387086068605,346.15586659934445,331.0461825349753,-2.9176274558686828,-0.7421870325756388,-2.175440423293044
2022-09-26,336.02929517906296,340.6247397751318,335.5855173808217,338.1297912597656,710200,MCK,337.5923358986955,339.99523633346155,340.6247397751318,335.5855173808217,346.4153534626373,331.38736699144494,-3.2267577369827904,-1.2391011734570692,-1.9876565635257213
2022-09-27,340.6148659000707,344.65807103561275,336.4139038677858,336.73931884765625,935900,MCK,339.6065399127814,338.79378611607854,344.65807103561275,336.4139038677858,346.7451563891734,331.6931860740699,-3.5431025344115596,-1.6999014456479673,-1.8432010887635923
2022-09-28,343.42533080533207,346.1372321971904,336.31522685540006,344.10577392578125,1108700,MCK,342.4958909459259,339.20016301442996,346.1372321971904,336.31522685540006,347.11906016238646,332.0131982677043,-3.16293634343657,-1.992508425205688,-1.170427918230882
2022-09-29,344.2339606750539,344.2339606750539,333.80052007451565,337.26190185546875,659300,MCK,339.88258582002305,340.8480269801779,344.2339606750539,333.80052007451565,347.4681206372599,332.22971593967907,-3.374990389239656,-2.2690048180124816,-1.1059855712271744
2022-09-30,338.60307791626275,341.7686282613542,334.79656878150575,335.16143798828125,859300,MCK,337.582428236851,340.3653064001005,341.7686282613542,334.79656878150575,347.79732246695164,332.37266626243246,-3.6702265411489066,-2.5492491626397666,-1.12097737850914
2022-10-03,337.3605169547307,343.51405771387425,334.6387446521322,341.93621826171875,763700,MCK,339.36238439561396,338.97386731847575,343.51405771387425,334.6387446521322,348.0757666693587,332.52591834817326,-3.3192726606765177,-2.703253862247117,-0.6160187984294008
2022-10-04,343.88886476060105,351.1271734298725,341.2755836482631,350.4368591308594,877300,MCK,346.68212024239904,339.16812585704486,351.1271734298725,339.16812585704486,348.3963756121835,332.7127653253341,-2.328368523615154,-2.6282767945207244,0.29990827090557026
2022-10-05,348.26737340723093,352.4880776704408,346.4035427625176,349.4606018066406,499200,MCK,349.1548989117075,342.92512304972195,352.4880776704408,342.92512304972195,348.7209479393404,333.03741999863263,-1.6033630913980232,-2.4232940538961842,0.819930962498161
2022-10-06,348.0996912627993,350.10156657905947,345.7428178072015,346.02880859375,585900,MCK,347.4932210607026,346.0400109807147,350.10156657905947,345.7428178072015,349.0323258317157,333.3345434855574,-1.2908282302459497,-2.1968008891661372,0.9059726589201875
2022-10-07,343.0999472804977,345.29903371340157,340.30913710329014,341.8771057128906,679200,MCK,342.64630595252004,346.7666160207086,346.7666160207086,340.30913710329014,349.21072662486347,333.5389242333692,-1.3624444152210344,-2.029929594377117,0.6674851791560825
2022-10-10,342.3209610990803,345.8908057977774,341.8476000531706,342.5083312988281,599200,MCK,343.14192456221406,344.70646098661433,345.8908057977774,341.8476000531706,349.3720590973419,333.7070609744744,-1.3526733519760796,-1.8944783458969097,0.54180499392083
2022-10-11,340.8317576989515,351.05808636353635,340.22035202641763,346.6795959472656,688700,MCK,344.6974480090428,343.9241927744142,351.05808636353635,340.22035202641763,349.5267385451779,333.9454252468784,-0.9968524233250378,-1.7149531613825353,0.7181007380574975
2022-10-12,348.2969384168925,350.1607388695796,340.57539771275844,340.6050109863281,793700,MCK,344.90952149638963,344.3108203917285,350.1607388695796,340.57539771275844,349.73253030299384,334.272809050153,-1.191297476982868,-1.610222024502602,0.41892454751973407
2022-10-13,335.79258385996917,350.39740370236683,334.46128074192495,349.5591735839844,1196700,MCK,342.55261047206136,344.61017094405906,350.39740370236683,334.46128074192495,350.04395754703773,334.54520735040404,-0.6157722550843232,-1.4113320706189463,0.7955598155346231
2022-10-14,351.2554006223937,352.9712852981715,344.13542419439324,347.7644348144531,726800,MCK,349.03163623235287,343.5813907080602,352.9712852981715,343.5813907080602,350.33179814605217,334.8195137249228,-0.3010148776040751,-1.1892686320159722,0.8882537544118971
2022-10-17,349.7071527929037,351.6301498777324,348.2673877997069,349.5789489746094,835100,MCK,349.7959098612381,346.30651347020654,351.6301498777324,346.30651347020654,350.5978503472143,335.10313383976063,0.09376784262911997,-0.9326613370869539,1.0264291797160738
2022-10-18,353.9869575437558,357.7934967294987,350.7326878018012,355.88037109375,866500,MCK,354.5983782922014,348.05121166572235,357.7934967294987,348.05121166572235,350.8530157427378,335.40559976938005,0.904679512228995,-0.5651931672237641,1.469872679452759
2022-10-19,356.26492567897543,361.6887282388947,353.7009703628417,355.66339111328125,794200,MCK,356.8295038484983,351.3247949789619,361.6887282388947,351.3247949789619,351.03291841189684,335.6866204642593,1.5123904855564092,-0.14967643666772945,1.6620669222241387
2022-10-20,356.4325733726974,356.93551740761063,352.59645140989716,354.2137451171875,680500,MCK,355.04457182684814,354.0771494137301,356.93551740761063,352.59645140989716,351.0870737562244,335.9531832976263,1.8556408212606357,0.2513870149179436,1.604253806342692
2022-10-21,353.0304163263388,367.0337023344345,351.5807804228173,365.50518798828125,1032900,MCK,359.287521767968,354.56086062028913,367.0337023344345,351.5807804228173,351.18871900838576,336.3033986576265,3.0041641244636708,0.801942436827089,2.2022216876365817
2022-10-24,369.7357654738895,376.24433602435465,368.7693615162417,373.85784912109375,1118200,MCK,372.1518280338949,356.9241911941285,376.24433602435465,356.9241911941285,351.5103788698962,336.8172383415516,4.536077980878815,1.5487695456374344,2.987308435241381
2022-10-25,372.17149227182506,378.47297962161053,372.17149227182506,377.1318054199219,927200,MCK,374.9869423962956,364.5380096140117,378.47297962161053,364.5380096140117,351.7769805443272,337.4351755532066,5.945772496428219,2.4281701357955914,3.517602360632628
2022-10-26,381.70756271179204,384.24196530903924,378.61104963752933,380.070556640625,997500,MCK,381.1577835747464,369.76247600515364,384.24196530903924,369.76247600515364,352.0656742823371,338.1169878539739,7.216906217140661,3.3859173520646055,3.8309888650760553
2022-10-27,381.5694437266565,384.1433002954344,379.67606036310093,382.69366455078125,971300,MCK,382.0206172339933,375.46012978995003,384.1433002954344,375.46012978995003,352.4197269007854,338.81793951563,8.339815532843602,4.376696988220405,3.963118544623197
2022-10-28,384.05457772953014,390.5138220923854,382.70353240883094,389.2515563964844,885700,MCK,386.63087215680775,378.74037351197165,390.5138220923854,378.74037351197165,352.91290581944304,339.5278713305259,9.647683827335413,5.430894356043407,4.216789471292007
2022-10-31,387.03270546237974,388.649969184722,383.0585384541751,383.97564697265625,1145500,MCK,385.67921501848326,382.68562283438973,388.649969184722,382.68562283438973,353.33481291086457,340.2570395725029,10.141551581776184,6.3730258011899625,3.768525780586222
2022-11-01,382.62464458133667,384.20248418619656,376.00761340699887,376.7472229003906,1518900,MCK,379.89549126873067,384.1824189264365,384.20248418619656,376.00761340699887,353.66310279383447,340.96386857148684,9.836285348501747,7.06567771065232,2.7706076378494267
2022-11-02,376.737359384729,393.88645296179897,374.73548418615763,384.3898620605469,1626100,MCK,382.43728964830814,382.0389550975836,393.88645296179897,374.73548418615763,354.1073655194293,341.71782767854273,10.09469144804558,7.671480458130972,2.423210989914608
2022-11-03,382.40768099766217,396.0756797180537,377.97989524637404,392.0718994140625,1211500,MCK,387.1337888440381,382.2381223729459,396.0756797180537,377.97989524637404,354.68627391499535,342.55156634181617,10.794919247136193,8.296168215932017,2.4987510312041756
2022-11-04,392.17051428123824,396.2137186963088,380.99749390636754,391.15478515625,1247300,MCK,390.13412801004114,384.685955608492,396.2137186963088,380.99749390636754,355.2992430645311,343.43418938907854,11.147351636146539,8.866404899974922,2.2809467361716163
2022-11-07,389.7151156595684,393.6991546980644,386.9243050857343,390.316650390625,573600,MCK,390.163806458498,387.41004180926654,393.6991546980644,386.9243050857343,355.9722317325533,344.3075825894294,11.229578778584596,9.339039675696858,1.8905391028877379
2022-11-08,388.3443141422651,389.2318696898141,382.94025288625375,385.3562927246094,1242900,MCK,386.46818236073557,388.7869241338823,389.2318696898141,382.94025288625375,356.63358979294827,345.18148642991133,10.770331298264637,9.625298000210414,1.1450332980542228
2022-11-09,385.2773977209991,389.2515650475335,380.4650002438004,380.86932373046875,896500,MCK,383.96582168570046,387.6275532473089,389.2515650475335,380.4650002438004,357.1698677525356,346.04107497247946,9.929848352062436,9.686208070580818,0.24364028148161765
2022-11-10,385.60277829050415,386.96366451580747,361.22524921816176,365.1895751953125,1928300,MCK,374.74531680494647,385.7966874665047,386.96366451580747,361.22524921816176,357.45215138267645,346.7697355437135,7.907383501355241,9.330443156735704,-1.423059655380463
2022-11-11,359.25300359594985,360.46597410405076,336.5815149297617,351.27508544921875,3030900,MCK,351.89389451974523,380.27100213572555,380.27100213572555,336.5815149297617,357.28554244265723,347.2456101184157,5.122730849387835,8.48890069526613,-3.3661698458782947
2022-11-14,353.87848941832567,362.9510143383915,352.2611955725912,356.07757568359375,1219200,MCK,356.2920687532255,366.0824483277354,366.0824483277354,352.2611955725912,357.19836648194126,347.72388758412797,3.265748866122692,7.444270329437443,-4.178521463314751
2022-11-15,353.25723225468585,354.1250455767048,343.8888449647984,348.7801208496094,1416600,MCK,350.0128109114496,361.18725854048046,361.18725854048046,343.8888449647984,357.0415704025165,348.0949638897678,1.1914987914390167,6.1937160218377585,-5.002217230398742
2022-11-16,350.9595483752139,362.71439298056555,350.9595483752139,358.16827392578125,1244800,MCK,355.7004409141937,355.60003472596503,362.71439298056555,350.9595483752139,356.9932003111206,348.4530531647131,0.301708251350874,5.015314467740382,-4.713606216389508
2022-11-17,356.7974492575839,362.8721116740144,355.27877612978,361.4717712402344,915400,MCK,359.10502707540314,355.6502378200794,362.8721116740144,355.27877612978,356.9011424041054,348.84915159687546,-0.13533250854931111,3.985185072482443,-4.120517581031754
2022-11-18,363.9074808897831,367.2308172287154,361.057535422917,364.607666015625,858600,MCK,364.20087488926015,357.37763244774123,367.2308172287154,357.37763244774123,356.9170657964385,349.2836044504427,-0.22604426133398192,3.1429392057191583,-3.3689834670531402
2022-11-21,364.3020934880658,366.9646698133726,362.11284801448124,363.6808166503906,793400,MCK,364.26510699157757,360.7892536685007,366.9646698133726,360.7892536685007,356.9956624536161,349.7148346569365,-0.36847542143942746,2.4406562802874414,-2.809131701726869
2022-11-22,367.0238197556035,374.10434098066065,365.36710165908875,372.4969482421875,1065400,MCK,369.7480526593851,362.52718033003913,374.10434098066065,362.52718033003913,357.41294900948816,350.19722652884616,0.2274135165294524,1.9980077275358437,-1.7705942110063912
2022-11-23,372.9209830721428,376.2442903491673,372.5758259456876,375.47509765625,739700,MCK,374.30404925581195,366.1376164947121,376.2442903491673,366.1376164947121,358.1107949961143,350.75223277561076,0.9292596346749633,1.7842581089636678,-0.8549984742887045
2022-11-25,378.28564345175255,381.66811729363917,375.63290808094143,378.02923583984375,330400,MCK,378.4039761665442,370.22083287526203,381.66811729363917,370.22083287526203,358.94246185570256,351.3706639836063,1.6722981335124132,1.7618661138734169,-0.08956798036100366
2022-11-28,377.23046312893905,381.58924209451334,374.7552268092611,375.07080078125,1018500,MCK,377.1614332034909,374.3124045209031,381.58924209451334,374.3124045209031,359.72176293476963,351.96374565986946,1.9993927574600434,1.8093714425907423,0.19002131486930107
2022-11-29,374.1832362077393,378.10810807529253,372.9406826321507,376.4908142089844,871700,MCK,375.4307102810417,375.736918862197,378.10810807529253,372.9406826321507,360.4167984472564,352.501018678863,2.3461557960137043,1.9167283132753348,0.4294274827383695
2022-11-30,375.2169241330292,377.54751083170726,370.1014291807853,376.92535400390625,2060600,MCK,374.947804537357,375.5838145716193,377.54751083170726,370.1014291807853,361.09551884253824,352.9987527832547,2.625763564321403,2.0585353634845487,0.5672282008368543
2022-12-01,377.73517530207556,379.8485316638443,374.40716040963645,374.98980712890625,927600,MCK,376.7451686261156,375.26580955448816,379.8485316638443,374.40716040963645,361.76097768588227,353.5316932406433,2.6605036484448306,2.1789290204766054,0.48157462796822514
2022-12-02,373.8935715178384,384.5985621761725,373.09366424697726,382.03094482421875,1052700,MCK,378.4041856913017,376.0054890903019,384.5985621761725,373.09366424697726,362.4917655442281,354.11588359357455,3.2190887310913467,2.3869609625995536,0.8321277684917932
2022-12-05,377.99192427646744,378.9202169992869,373.32083558131933,377.6759033203125,864800,MCK,376.9772200443465,377.2048373908018,378.9202169992869,373.32083558131933,363.2710329152301,354.7134497572872,3.27263112623109,2.564094995325861,0.7085361309052289
2022-12-06,377.40927591271736,378.99920548441094,370.5458408380652,373.3307189941406,965800,MCK,375.07126030733355,377.09102871757415,378.99920548441094,370.5458408380652,364.0206114034029,355.21798243302,2.930660963911123,2.6374081890429135,0.29325277486820944
2022-12-07,375.68102215727225,383.1566977895844,374.87122987804065,380.7076110839844,1141400,MCK,378.6041402272204,376.0811445124539,383.1566977895844,374.87122987804065,364.8005634096916,355.7728598994325,3.217807801580591,2.7534881115504493,0.4643196900301416
2022-12-08,381.1915365780715,383.10737210036393,375.73042587352484,376.8858642578125,803300,MCK,379.2287997024432,377.3426423698371,383.10737210036393,375.73042587352484,365.535221584822,356.3271408736042,3.1012415281332437,2.823038794867008,0.27820273326623557
2022-12-09,375.05890860850434,375.05890860850434,365.80563689716155,366.7832946777344,1229400,MCK,370.67668719797615,378.28572103614016,378.28572103614016,365.80563689716155,366.15110361238095,356.8096121248205,2.168669905475838,2.692165016988774,-0.5234951115129363
2022-12-12,367.36591008386415,373.14304131024636,364.6699074749088,373.0442810058594,983600,MCK,369.55578496871965,374.48120411705816,374.48120411705816,364.6699074749088,366.7905707470184,357.29394660698495,1.9127603366291623,2.5362840809168516,-0.6235237442876893
2022-12-13,372.5998869982894,372.73815745647596,363.3663859130238,366.4672546386719,1255800,MCK,368.79292125161527,372.0184945428889,372.73815745647596,363.3663859130238,367.37918148413837,357.72747407674854,1.1658004760575977,2.262187359945001,-1.0963868838874031
2022-12-14,367.83006857023713,369.4990183161738,361.14441465191493,367.67205810546875,1570400,MCK,366.5363899109487,370.4057078972521,370.4057078972521,361.14441465191493,367.7762668775094,358.0863212448465,0.6633997168237329,1.9424298313207473,-1.2790301144970144
2022-12-15,367.1289205315338,367.40543130970553,361.45054943834606,363.6922607421875,1445500,MCK,364.91929050544326,368.47104890410037,368.47104890410037,361.45054943834606,368.0915547093841,358.4062513243623,-0.05525593510924409,1.5428926780347492,-1.5981486131439933
2022-12-16,360.433403915271,368.77812300035373,358.5570483712182,367.99798583984375,2851000,MCK,363.94164028167165,366.69516970477184,368.77812300035373,358.5570483712182,368.4205230938036,358.72642446275967,-0.2741988918236302,1.1794743640630734,-1.4536732558867036
2022-12-19,368.0868539517894,376.1945722374029,367.1684162052823,370.8618469238281,1491100,MCK,370.5779223295757,365.31840499322175,376.1945722374029,365.31840499322175,368.9791554213446,359.094941023104,-0.214154467828223,0.9007485976848142,-1.1149030655130372
2022-12-20,371.4345801933827,374.8514697240476,370.8519335781403,370.8716735839844,1109400,MCK,372.00241426988873,367.9481636613987,374.8514697240476,367.9481636613987,369.5563652154981,359.46421215642005,-0.16388671582126335,0.6878215349835988,-0.8517082508048621
2022-12-21,372.78751673886177,376.2933117125102,370.53592039170036,375.72052001953125,744700,MCK,373.8343172156509,369.9752889656437,376.2933117125102,369.9752889656437,370.1391025996303,359.83292057240413,0.2641670701060548,0.60309064200809,-0.33892357190203526
2022-12-22,375.66129754203973,381.61617977640697,374.4861191288179,377.03399658203125,752400,MCK,377.199398257324,371.9048030906473,381.61617977640697,371.9048030906473,370.78490013484895,360.25871521892134,0.7013051515863822,0.6227335439237485,0.07857160766263371
2022-12-23,377.24135420823524,380.4212432685761,375.62176953049203,378.89056396484375,514100,MCK,378.0437327430368,374.55210067398565,380.4212432685761,374.55210067398565,371.4947225802685,360.76934006365315,1.1839024123257218,0.7349673176041431,0.44893509472157866
2022-12-27,379.93737143336784,380.26324731332187,375.0292822646191,375.45391845703125,842900,MCK,377.670954867085,376.29791670851125,380.26324731332187,375.0292822646191,372.0675089529631,361.19965354950773,1.2743655543064847,0.8428469649446114,0.43151858936187326
2022-12-28,375.6612644337077,376.97471319739276,372.5011456458199,372.8072814941406,783000,MCK,374.48610119276526,376.98443578779813,376.98443578779813,372.5011456458199,372.5613127795937,361.57958156340396,1.1195908160345311,0.8981957351625954,0.2213950808719357
2022-12-29,373.95284704037596,374.40710829196973,369.11386318839556,370.4470520019531,648500,MCK,371.98021763067356,375.73526849028167,375.73526849028167,369.11386318839556,372.9089495663631,361.8809826545504,0.7972892716750835,0.8780144424650931,-0.08072517079000963
2022-12-30,370.3482916940202,371.38522972119375,366.80301664235594,370.4470520019531,499200,MCK,369.74589751488077,373.8577430604776,373.8577430604776,366.80301664235594,373.16727743969074,362.10009792579376,0.5356878990666587,0.8095491337854063,-0.27386123471874757
2023-01-03,368.09674151257246,370.7137543829431,363.41579767561586,369.66693115234375,732700,MCK,367.9733061808688,371.8018202876792,371.8018202876792,363.41579767561586,373.4258521267712,362.2564629414977,0.26239299065457544,0.7001179051592401,-0.43772491450466466
2023-01-04,368.9558498845889,370.9605906942178,364.25516666477733,369.35089111328125,959400,MCK,368.3806245892163,369.887563234274,370.9605906942178,364.25516666477733,373.60771418319615,362.3982165957909,0.020071643447465704,0.5641086528168853,-0.5440370093694196
2023-01-05,369.34104628669473,369.4595466132491,366.4771778910996,369.3904113769531,1075600,MCK,368.66704554199913,369.13409391174514,369.4595466132491,366.4771778910996,373.5380185333582,362.52419870162726,-0.16685738695974806,0.4179154448615586,-0.5847728318213067
2023-01-06,373.29122774343193,381.8630931475229,372.3728200510119,381.2409362792969,993700,MCK,377.19201930531585,368.90056972687216,381.8630931475229,368.90056972687216,373.5821200715386,362.67955030793297,0.6339307710217099,0.4611185100935889,0.17281226092812102
2023-01-09,381.1717846457863,386.6131250353374,377.20184326171875,377.20184326171875,1092400,MCK,380.5471490511403,373.046294516094,386.6131250353374,373.046294516094,373.5699073810665,362.81779083170187,0.9318977677983753,0.5552743616345462,0.37662340616382906
2023-01-10,376.9649287506745,378.49560840086934,375.0392077763065,377.9031066894531,742500,MCK,377.10071290432586,376.79672178361716,378.49560840086934,375.0392077763065,373.47150929447315,362.9456180976293,1.2106690185646585,0.6863532930205687,0.5243157255440898
2023-01-11,380.18422609328815,380.18422609328815,375.6908884114858,376.0562744140625,956500,MCK,378.02890375303116,376.9487173439715,380.18422609328815,375.6908884114858,373.2994699263976,363.1061878729204,1.2679570931388184,0.8026740530442187,0.46528304009459975
2023-01-12,374.83177151981164,378.2881715850393,372.89619592176086,376.0958251953125,756000,MCK,375.5279910554811,377.4888105485013,378.2881715850393,372.89619592176086,373.09644544713757,363.2156291790011,1.3015463068435338,0.9024485038040817,0.3990978030394521
2023-01-13,374.9008748842907,379.45343268866674,374.87124980603244,377.0537109375,701800,MCK,376.56981707912246,376.50840080199123,379.45343268866674,374.87124980603244,373.02993196334535,363.3465173785899,1.3894427436601973,0.9998473517753048,0.38959539188489245
2023-01-17,377.05369908225697,380.5594638280591,376.3525521605792,378.6930236816406,803700,MCK,378.164684688134,376.53910894055684,380.5594638280591,376.3525521605792,372.9444798641419,363.5259226917856,1.5732447550159918,1.1145268324234423,0.4587179225925495
2023-01-18,377.17224340860287,379.6411005986742,373.567717938582,373.68621826171875,734300,MCK,376.01682005189446,377.3518968143454,379.6411005986742,373.567717938582,372.72214048829903,363.70420720164725,1.299917183349237,1.1516049026086013,0.14831228074063563
2023-01-19,373.7553115743094,375.23662572220286,371.1481842080586,374.002197265625,790200,MCK,373.535579692549,376.68435843311994,376.68435843311994,371.1481842080586,372.3901695219492,363.8447062932402,1.0961640812627138,1.140516738339424,-0.0443526570767101
2023-01-20,375.4341901516568,375.72055588807035,369.9533090822636,373.3307189941406,1326700,MCK,373.6096935290328,375.10996906283447,375.72055588807035,369.9533090822636,372.0590872633599,364.0156594979567,0.8704713433697862,1.0865076593454965,-0.21603631597571038
2023-01-23,373.63686501736095,376.30321278471246,370.229829932091,370.35821533203125,1132100,MCK,372.6320307665489,374.35983129593365,376.30321278471246,370.229829932091,371.78236423147615,364.2079770122122,0.4466038481188548,0.9585268971001683,-0.5119230489813135
2023-01-24,371.21734376280887,372.5406475384951,363.8305426824882,371.80987548828125,919000,MCK,369.84960236801834,373.4959310312413,373.4959310312413,363.8305426824882,371.5000398451225,364.334953798829,0.22522637743077212,0.8118667931662891,-0.586640415735517
2023-01-25,371.35559306375114,376.2142866334443,371.2469476871881,371.3654479980469,985400,MCK,372.5455688456076,371.67276669962985,376.2142866334443,371.2469476871881,371.4560448859357,364.45409813430604,0.013762902571841096,0.6522460150473995,-0.6384831124755584
2023-01-26,372.2937155773784,379.3546700444331,370.4173904610093,379.33489990234375,858200,MCK,375.35016899629113,372.1091677726187,379.3546700444331,370.4173904610093,371.9251703754667,364.6053564090619,0.483669301785028,0.6185306723949252,-0.13486137060989722
2023-01-27,380.44096338064634,382.741954889379,373.7651948136409,374.4762268066406,750800,MCK,377.8560849725767,373.72966838445495,382.741954889379,373.72966838445495,372.3564506998537,364.7774085908975,0.45873122741687666,0.5865707833993156,-0.1278395559824389
2023-01-30,374.9897631201976,378.4757880907225,373.67634442198937,373.97259521484375,674800,MCK,375.2786227119383,375.7928766785158,378.4757880907225,373.67634442198937,372.86176693586344,364.95166866919,0.3937894042509811,0.5480145075696486,-0.15422510331866757
2023-01-31,373.3504357936499,375.32552143193294,368.97562833783263,373.96270751953125,1252400,MCK,372.9035732707367,375.5357496952271,375.5357496952271,368.97562833783263,373.20582958299434,365.09951494705746,0.33763266790805346,0.5059381396373296,-0.16830547172927612
2023-02-01,370.0223871427278,374.03180820717006,364.83778782104423,366.3586120605469,1739100,MCK,368.8126488078722,374.2196614829819,374.2196614829819,364.83778782104423,373.39998201764377,365.1505622108746,-0.3168069503754509,0.34138912163477353,-0.6581960720102245
2023-02-02,371.3161001620726,376.5500650508804,351.10109743977375,361.9147033691406,2692000,MCK,365.22049150546684,371.5161551454271,376.5500650508804,351.10109743977375,373.4203743499678,365.16872007320325,-1.1804340460615776,0.0370244880955033,-1.217458534157081
2023-02-03,362.6455070050404,368.38312887566383,357.03627053413356,358.06329345703125,1320500,MCK,361.5320499679673,368.36832332544697,368.38312887566383,357.03627053413356,373.36571320949565,365.18068783155593,-2.1508477003877715,-0.40054994960115164,-1.7502977507866198
2023-02-06,359.4852814641551,362.4281695486504,353.1847843770728,353.6686706542969,1335400,MCK,357.1917265110438,364.95018664670715,364.95018664670715,353.1847843770728,373.11458668652887,365.2637678480085,-3.237200414389804,-0.9678800425588822,-2.2693203718309216
2023-02-07,353.24406254120225,359.99885150320256,351.2986020696786,359.0804138183594,953400,MCK,355.90548248311075,361.07095657887544,361.07095657887544,351.2986020696786,372.7466153510748,365.4287051735945,-3.619734277920429,-1.4982508896311917,-2.1214833882892377
2023-02-08,359.0804492842199,365.28224745337536,358.8039384855087,362.1122131347656,761000,MCK,361.31971208946743,358.4882195309931,365.28224745337536,358.4882195309931,372.40493006953324,365.67369596261784,-3.6363368263531015,-1.9258680769755736,-1.710468749377528
2023-02-09,363.3071491266734,365.38096497647746,357.74727812691685,357.84600830078125,1016800,MCK,361.07035013271224,359.90396581023026,365.38096497647746,357.74727812691685,372.0831084081177,365.9024356714437,-3.948228817421864,-2.3303402250648317,-1.617888592357032
2023-02-10,359.742067860888,365.0254275435401,359.742067860888,363.48486328125,919600,MCK,361.9986066366415,360.4871579714712,365.0254275435401,359.742067860888,371.81446633522967,366.11563239124297,-3.697771389561751,-2.6038264579642156,-1.0939449315975356
2023-02-13,363.83053659918346,364.8279343473463,361.4801798811378,362.3887023925781,630500,MCK,363.1318383050614,361.24288230405637,364.8279343473463,361.24288230405637,371.5781470105838,366.336832926561,-3.546847249000564,-2.7924306161714854,-0.7544166328290784
2023-02-14,363.3762730516218,365.6180146979299,361.1938117050863,361.2925720214844,839000,MCK,362.8701678690306,362.18736030455887,365.6180146979299,361.1938117050863,371.3006469954421,366.5308123406622,-3.475622527462974,-2.9290689984297833,-0.5465535290331909
2023-02-15,360.21615062571226,361.6184446386427,358.42870042354366,359.110107421875,864900,MCK,359.8433507774434,362.5287640867947,362.5287640867947,358.42870042354366,370.92943029716497,366.7105979206965,-3.5543111891620356,-3.054117436576234,-0.5001937525858016
2023-02-16,358.4780623288499,361.7270868143291,356.49309151330357,359.2187194824219,590100,MCK,358.9792400347261,361.186057432119,361.7270868143291,356.49309151330357,370.5694706969725,366.9202518061013,-3.5667926692625542,-3.1566524831134983,-0.4101401861490559
2023-02-17,359.1693084386744,364.3440227788943,358.5965167695798,362.2899169921875,830300,MCK,361.099941244834,360.08264873342256,364.3440227788943,358.5965167695798,370.29004431572247,367.1553278595627,-3.290928584012306,-3.18350770329326,-0.10742088071904599
2023-02-21,362.1517120807655,363.50464095178484,356.8881219954464,357.0066223144531,851800,MCK,359.88777433561245,360.5912949891283,363.50464095178484,356.8881219954464,369.91571699789034,367.35814020379104,-3.458751698532808,-3.23855650234117,-0.22019519619163797
2023-02-22,357.27325911578146,358.61633309349315,355.5154340086796,356.20672607421875,509900,MCK,356.90293807304323,360.2395346623704,360.2395346623704,355.5154340086796,369.46919976530233,367.50221067506214,-3.614630457580006,-3.313771293388937,-0.30085916419106873
2023-02-23,356.5030061505207,360.4038128711243,351.2295303962526,355.8413391113281,1156700,MCK,355.99442213230645,358.5712363677068,360.4038128711243,351.2295303962526,369.17555446398893,367.66332903818494,-3.7247129985161678,-3.3959596344143836,-0.32875336410178413
2023-02-24,355.51531827026844,356.29548532383546,351.4466477831605,354.6660461425781,653400,MCK,354.4808743799606,357.2828292500066,357.2828292500066,351.4466477831605,368.8740562522138,367.8323134996161,-3.8622686962038415,-3.4892214467722753,-0.3730472494315662
2023-02-27,355.6043139942434,356.4536165471611,349.41243095213287,350.9233703613281,757400,MCK,353.0984329637164,355.88185181498363,356.4536165471611,349.41243095213287,368.56016648645584,367.9696739852971,-4.22458682712778,-3.6362945228433765,-0.5882923042844035
2023-02-28,350.05298288109213,350.74532703444265,343.9901271222984,345.9781188964844,1275800,MCK,347.6916389835794,354.49014238935,354.49014238935,343.9901271222984,368.1832714679084,367.9797691727089,-4.854803863342056,-3.8799963909431128,-0.9748074723989433
2023-03-01,344.5143309831434,348.2727233594774,343.54508535806735,347.8968811035156,719500,MCK,346.05725520105096,351.0908906864647,351.0908906864647,343.54508535806735,367.8060307618205,367.9487927356024,-5.14017459755479,-4.132032032265449,-1.008142565289341
2023-03-02,347.8572814622498,348.02543252483144,342.4274298100885,343.53515625,960200,MCK,345.4613250117924,348.57407294375787,348.57407294375787,342.4274298100885,367.43642445642297,367.9284737751132,-5.653122031790474,-4.436250032170454,-1.21687199962002
2023-03-03,344.7319105110797,346.11659881383355,339.17347779937995,341.88348388671875,1488700,MCK,342.976367752753,347.0176989777751,347.0176989777751,339.17347779937995,366.8843933648865,367.9317743931156,-6.122338221133816,-4.773467669963127,-1.3488705511706893
2023-03-06,340.83506335294226,344.11870269823845,337.4624436896947,344.07916259765625,1545400,MCK,341.62384308463294,344.9970333652641,344.9970333652641,337.4624436896947,366.2768219411814,367.9165935783398,-6.2450336492781275,-5.067780865826127,-1.1772527834520004
2023-03-07,344.3461787288297,345.0088224917527,332.853471716641,333.6347961425781,1720900,MCK,338.9608172699504,343.3104382249485,345.0088224917527,332.853471716641,365.5793519422674,367.8592272709489,-7.103162905360023,-5.474857273732907,-1.628305631627116
2023-03-08,334.2975312318473,335.5734089591709,332.44802013394377,334.574462890625,976900,MCK,334.22335580389677,341.13562774744946,341.13562774744946,332.44802013394377,364.7198310931989,367.752365614024,-7.619579500390728,-5.903801719064472,-1.7157777813262562
2023-03-09,336.2558482672521,336.5426498567939,329.60945836841955,332.2897644042969,1057800,MCK,333.6744302241906,337.6794917756731,337.6794917756731,329.60945836841955,363.8324450428219,367.66358381154527,-8.119601731869523,-6.346961721625482,-1.7726400102440403
2023-03-10,332.7645039057322,339.074591370589,331.112783978155,332.5172424316406,1040100,MCK,333.86728042152924,335.67696099993185,339.074591370589,331.112783978155,362.95637155391086,367.51194025343693,-8.400679572221577,-6.757705291744702,-1.6429742804768752
2023-03-13,330.5391153096229,338.8866641973988,330.232513529183,331.7259521484375,839800,MCK,332.84606129616054,334.7721207107305,338.8866641973988,330.232513529183,362.12357075597873,367.3424417677862,-8.588285884864376,-7.123821410368637,-1.4644644744957391
2023-03-14,334.29747247341663,335.58321990961707,329.5797349852614,332.81390380859375,918600,MCK,333.0685827942222,333.80909100344553,335.58321990961707,329.5797349852614,361.3453380592497,367.12714381280637,-8.550610517208952,-7.409179231736701,-1.141431285472251
2023-03-15,329.8665733138908,332.4084284870657,328.11597296016134,331.6765441894531,734200,MCK,330.51687973764274,333.43883689883387,333.43883689883387,328.11597296016134,360.56075770370495,366.86401757169784,-8.514379466387993,-7.63021927866696,-0.884160187721033
2023-03-16,328.75876851636093,336.55245307937304,328.75876851636093,336.1964111328125,753600,MCK,332.56660031122686,331.9778583182383,336.55245307937304,328.75876851636093,359.8526235863121,366.63923785654157,-8.028404163666096,-7.709856255666788,-0.3185479079993083
2023-03-17,335.543649422275,336.3348738985445,331.61713683764737,335.6326599121094,2415200,MCK,334.7820800176441,332.2722293147326,336.3348738985445,331.61713683764737,359.1806526948806,366.3941834390384,-7.601134104624805,-7.688111825458392,0.08697772083358668
2023-03-20,337.4228545657449,343.179108123757,336.4239086910872,341.4680480957031,889300,MCK,339.62347986907304,333.5271546661884,343.179108123757,333.5271546661884,358.59978138142213,366.06889995739016,-6.714254697800072,-7.493340399926728,0.7790857021266557
2023-03-21,343.59448636038553,344.82092361090116,340.5185685761819,343.6637268066406,767600,MCK,343.1494263385273,336.5753172676307,344.82092361090116,336.5753172676307,357.9189295220864,365.75052479681244,-5.767736579354903,-7.148219635812364,1.3804830564574608
2023-03-22,343.68355705710104,345.9979208877381,337.99654301751553,338.07568359375,589600,MCK,341.43842613902615,339.862371803079,345.9979208877381,337.99654301751553,357.1367550638441,365.3533312224553,-5.40620319209313,-6.799816347068518,1.3936131549753874
2023-03-23,336.2063390239901,337.11627446086254,331.39959081711004,332.1512451171875,859500,MCK,334.21836235478753,340.6503989710526,340.6503989710526,331.39959081711004,356.27910805285336,364.87530867366326,-5.533946163826442,-6.546642310420103,1.0126961465936608
2023-03-24,331.4886160742862,343.63409810157157,331.1226739331876,342.76373291015625,1011800,MCK,337.2522802548004,337.43438066292003,343.63409810157157,331.1226739331876,355.46357558288867,364.38152275464313,-4.72438455233987,-6.182190758804057,1.4578062064641868
2023-03-27,346.3639172543075,347.3034928334321,343.6440407858674,345.5726623535156,588300,MCK,345.7210283067807,337.34333045886024,347.3034928334321,337.34333045886024,354.8674363279147,363.98194088752615,-3.8121993506811123,-5.708192477179469,1.8959931264983565
2023-03-28,345.8890868362195,352.1299632112124,345.8297465048631,350.5969543457031,884600,MCK,348.6114377244995,341.53217938282046,352.1299632112124,341.53217938282046,354.30826874082226,363.66910035208383,-2.6532822462933154,-5.097210431002238,2.4439281847089225
2023-03-29,351.2892979786993,354.1674250259933,350.6661942634842,353.24761962890625,795200,MCK,352.34263422427074,345.07180855366,354.1674250259933,345.07180855366,353.79182773154497,363.3681537978435,-1.5036128428131974,-4.37849091336443,2.8748780705512322
2023-03-30,354.0784006120916,354.63226385201773,350.3200386006954,353.8608093261719,819500,MCK,353.22287809774417,348.70722138896537,354.63226385201773,348.70722138896537,353.33594889246194,363.0290446903805,-0.5368240996458553,-3.610157550620715,3.0733334509748595
2023-03-31,355.7498910042851,357.54006151171427,351.3387551282398,352.1497497558594,840300,MCK,354.19461435002466,350.96504974335477,357.54006151171427,350.96504974335477,352.9491295856115,362.66964955378035,0.09025434138214905,-2.870075172220142,2.960329513602291
2023-04-03,354.6520666336833,361.01165472956785,353.04981710007405,359.78521728515625,1015400,MCK,357.12468893712037,352.5798320466897,361.01165472956785,352.5798320466897,352.6194294937732,362.33925837856657,1.18962369960866,-2.058135397854382,3.247759097463042
2023-04-04,358.0345872060059,360.08191929948674,356.2147465173395,359.01373291015625,894400,MCK,358.3362464832471,354.85226049190504,360.08191929948674,354.85226049190504,352.3335138081072,362.05793901979166,1.9758530905313023,-1.2513377001772452,3.2271907907085478
2023-04-05,361.6941012380902,369.76468929967143,360.42812368104944,369.082275390625,1176100,MCK,365.242297402359,356.5942534875761,369.76468929967143,356.5942534875761,352.241367708794,361.87070377695824,3.3725165081800696,-0.3265668585057822,3.699083366685852
2023-04-06,370.95150844913854,372.0691350117226,365.6205673813782,366.03594970703125,667800,MCK,368.66929013731766,360.91827544496755,372.0691350117226,360.91827544496755,352.1638421346282,361.809943510282,4.185323501570622,0.5758112135094986,3.609512288061123
2023-04-10,365.79859087107326,367.3315997697581,361.68415676939526,366.70849609375,765100,MCK,365.38071087599417,364.7937827911426,367.3315997697581,361.68415676939526,351.9644529722222,361.94481167384447,4.828092527223703,1.4262674762523395,3.4018250509713632
2023-04-11,366.50073852313767,367.5985948446315,361.27857891399753,362.1588439941406,848400,MCK,364.38418906897687,365.0872468335684,367.5985948446315,361.27857891399753,351.6950150541502,362.025732877002,4.913730285504755,2.1237600381028225,2.7899702474019326
2023-04-12,360.9126728739341,362.11930984484366,355.9476742865023,358.5884094238281,804400,MCK,359.392016607277,364.7357179512726,364.7357179512726,355.9476742865023,351.3772829320571,362.1195249339603,4.640007477574613,2.627009525997181,2.0129979515774323
2023-04-13,359.19179641871176,363.3556710166839,358.7862839961928,360.3291931152344,1029000,MCK,360.41573613670573,362.0638672792748,363.3556710166839,358.7862839961928,351.12752618937645,362.16667788618537,4.5115406435811,3.003915749513965,1.5076248940671348
2023-04-14,360.8434935980399,362.06003089089626,356.1257556378533,358.03460693359375,1546200,MCK,359.2659717650958,361.2398017079903,362.06003089089626,356.1257556378533,350.93659264852084,362.16828733308233,4.176432509653807,3.2384191015419335,0.9380134081118738
2023-04-17,357.2235350077962,359.37964748834753,353.9794661708674,359.300537109375,805000,MCK,357.47079644409655,360.252886736543,360.252886736543,353.9794661708674,350.78159874729346,362.10098654863066,3.9672746123696356,3.3841902037074743,0.5830844086621614
2023-04-18,359.93354019296885,360.3291524536443,355.0970920201148,356.3136291503906,690200,MCK,357.91835345427967,358.8618415903198,360.3291524536443,355.0970920201148,350.7093248170197,362.0375190132577,3.519921498255144,3.411336462617008,0.10858503563813571
2023-04-19,356.1454577543644,356.97625250932145,350.31009423862906,351.6551818847656,782200,MCK,353.77174659677013,358.3900975222997,358.3900975222997,350.31009423862906,350.64092521873425,361.87775595263156,2.757704074289336,3.280609984951474,-0.5229059106621379
2023-04-20,351.5267006746096,355.41364374703073,350.51785455762837,355.3345031738281,692500,MCK,353.1981755382742,356.08092205953494,356.08092205953494,350.51785455762837,350.5867790798375,361.66669721545617,2.4226054651896334,3.109009080999106,-0.6864036158094726
2023-04-21,358.7368165314736,359.06321856891566,354.16742947356,355.91802978515625,660000,MCK,356.97137358977636,354.63954879890457,359.06321856891566,354.16742947356,350.4998123098438,361.4523711896885,2.179004911782215,2.923008247155728,-0.7440033353735132
2023-04-24,355.9872835056661,358.9148811013245,354.7114360267655,357.95550537109375,565900,MCK,356.89227650121245,355.80546119434047,358.9148811013245,354.7114360267655,350.4162508372137,361.2496796226657,2.1258514775146864,2.76357689322752,-0.6377254157128336
2023-04-25,358.92468248941873,360.99178440343917,357.93563677840723,359.3104248046875,994900,MCK,359.2906321189881,356.34886884777643,360.99178440343917,356.34886884777643,350.3620913468606,361.08827884104517,2.1680655624348333,2.6444746270689827,-0.47640906463414945
2023-04-26,356.79827841233833,359.2609928375318,353.04978631532884,355.3048095703125,750200,MCK,356.1034667838779,357.8197504833823,359.2609928375318,353.04978631532884,350.221523916437,360.8998354635104,1.8568957178217715,2.4869588452195406,-0.630063127397769
2023-04-27,354.6817175760575,361.3182369576962,352.9410174056941,359.82476806640625,1211500,MCK,357.1914350014635,356.9616086336301,361.3182369576962,352.9410174056941,350.1079492590857,360.7042981272638,1.952506964974873,2.3800684691706073,-0.42756150419573435
2023-04-28,358.85553312427146,361.9908221045668,358.1434188242753,360.2500915527344,918000,MCK,359.809966401462,357.0765218175468,361.9908221045668,357.0765218175468,350.107281571566,360.5183559343654,2.039094209203938,2.3118736171772736,-0.27277940797333544
2023-05-01,361.1599966221149,361.1599966221149,349.80573907073034,350.13214111328125,1420000,MCK,355.5644683570603,358.4432441095044,361.1599966221149,349.80573907073034,350.0389861380127,360.30422841749265,1.276565727783634,2.1048120392985457,-0.8282463115149117
2023-05-02,349.3804571727636,358.33131031505764,349.3804571727636,357.0455627441406,1468200,MCK,353.5344468511814,357.00385623328236,358.33131031505764,349.3804571727636,349.88767625013963,360.08886028293114,1.2160933926336384,1.9270683099655643,-0.710974917331926
2023-05-03,358.6676171395154,359.2906906981701,350.3299373219027,350.53765869140625,809000,MCK,354.70647596274864,355.26915154223184,359.2906906981701,350.3299373219027,349.78405028268236,359.84988364028635,0.6357071270685424,1.66879607338616,-1.0330889463176176
2023-05-04,349.7661902299921,353.56412268663547,348.4804125100663,351.1508483886719,1041700,MCK,350.7403934538414,354.98781375249024,354.98781375249024,348.4804125100663,349.66079939029834,359.56499957780034,0.22265943471745686,1.3795687456524195,-1.1569093109349626
2023-05-05,352.9806004042983,363.83040478736854,351.70472276126094,361.8622131347656,1431200,MCK,357.59448527192336,352.86410360316586,363.83040478736854,351.70472276126094,349.69280065309067,359.43417755853983,0.7509769838775924,1.253850393297454,-0.5028734094198617
2023-05-08,361.1797255599417,365.6897718379401,360.1016692970669,364.522705078125,1191200,MCK,362.87346794326845,355.2292944375446,365.6897718379401,355.2292944375446,349.86065252435685,359.3673543882853,1.3685758229020735,1.276795479218378,0.09178034368369548
2023-05-09,381.8409485281902,395.52933982777336,378.81447056279325,384.4619140625,2170600,MCK,385.1616682453142,359.0513811904065,395.52933982777336,359.0513811904065,350.50191722998875,359.5310418582223,3.4274454212001046,1.7069254676147234,1.7205199535853812
2023-05-10,381.8112586268422,392.40393095829114,381.7914583930465,390.1390075683594,1244800,MCK,386.5364138866348,372.10652471786034,392.40393095829114,372.10652471786034,351.2788127280499,359.7310420979791,5.454334241744903,2.456407222440759,2.9979270193041434
2023-05-11,389.9313144883812,392.3940289212362,386.5388945701747,387.7554016113281,1456200,MCK,389.15490989778004,379.3214693022476,392.3940289212362,379.3214693022476,352.1407658219845,359.97339829190247,6.790049688713452,3.323135715695298,3.4669139730181544
2023-05-12,388.4675587157304,388.5862695811857,384.16523307067365,385.6982421875,1027200,MCK,386.72932588877245,384.2381896000138,388.5862695811857,384.16523307067365,352.966125839524,360.2012751479735,7.595067025734295,4.177521977703098,3.4175450480311973
2023-05-15,385.59928745542675,387.3202175166199,382.6816204081902,386.8652648925781,616400,MCK,385.61659756820376,385.48375774439313,387.3202175166199,382.6816204081902,353.8189304358331,360.3516619003598,8.232320972514856,4.9884817766654495,3.2438391958494064
2023-05-16,386.8652725672343,392.2654543784158,386.50923055438614,391.70172119140625,860200,MCK,389.33541967286067,385.55017765629844,392.2654543784158,385.55017765629844,354.7731619675977,360.52499195438946,9.023592561807675,5.795503933693895,3.22808862811378
2023-05-17,393.2544702078352,397.1315428682923,390.5543945999081,396.5677795410156,1124500,MCK,394.3770468042628,387.4427986645795,397.1315428682923,387.4427986645795,355.8814865582839,360.73041925027565,9.928877321344316,6.62217861122398,3.3066987101203367
2023-05-18,396.1128041287786,396.1128041287786,389.62466673049516,393.501708984375,748600,MCK,393.8379959931068,390.9099227344212,396.1128041287786,389.62466673049516,357.0737793620681,360.8968052276334,10.280409583456162,7.353824805670417,2.926584777785745
2023-05-19,395.61827542959395,397.01283347247676,392.3247665672854,393.3138122558594,848000,MCK,394.5674219313039,392.373959363764,397.01283347247676,392.3247665672854,358.2916391962104,361.0620421195161,10.423682020346519,7.967796248605637,2.4558857717408813
2023-05-22,393.9369437422087,395.084240532031,388.4477514349644,392.0874328613281,757300,MCK,392.38909214263305,393.47069064753396,395.084240532031,388.4477514349644,359.4620754306324,361.20922349227163,10.319313271106012,8.438099653105713,1.8812136180002987
2023-05-23,390.95000781271875,393.0171098344507,387.41910719643414,388.8334655761719,716400,MCK,390.0549226049439,392.9298913950835,393.0171098344507,387.41910719643414,360.60625265680807,361.3649117063934,9.860368134040641,8.7225533492927,1.1378147847479418
2023-05-24,390.51485360672996,393.0468085279642,387.8938881823996,392.0874328613281,883800,MCK,390.8857457946055,391.4924070000137,393.0468085279642,387.8938881823996,361.76259591681577,361.55396698803276,9.648002603428779,8.907643200119916,0.7403594033088634
2023-05-25,390.8412466047672,392.77976794395664,385.8069768630249,391.058837890625,674800,MCK,390.12170732559343,391.1890763973096,392.77976794395664,385.8069768630249,362.9546924685748,361.7577250861398,9.289617445275894,8.984038049151112,0.3055793961247826
2023-05-26,390.0599054440506,393.2347341573269,383.28493536456494,383.7003479003906,800000,MCK,387.56998071658325,390.6553918614515,393.2347341573269,383.28493536456494,364.0547600766819,361.95369183149705,8.315964715931955,8.85042338250728,-0.5344586665753255
2023-05-30,379.6847958707828,386.2421439846634,377.5978935967227,380.06060791015625,944200,MCK,380.8963603405813,389.11268628901735,389.11268628901735,377.5978935967227,364.97704568314066,362.07884918901067,7.168012923453716,8.513941290696568,-1.345928367242852
2023-05-31,373.84068677755505,387.8553728686458,369.7105486578594,387.1026306152344,2427500,MCK,379.62730972982365,385.0045233147993,387.8553728686458,369.7105486578594,365.7771222803557,362.1884518308889,6.748690533473223,8.1608911392519,-1.4122006057786773
2023-06-01,388.548677248632,390.0937575615648,384.32943342135775,385.508056640625,839600,MCK,387.1199812180449,382.31591652231145,390.0937575615648,382.31591652231145,366.65653337794595,362.28773145001617,6.216050958921699,7.77192310318586,-1.5558721442641614
2023-06-02,382.4377060614003,387.74643751571034,381.62553990994326,386.4291687011719,745300,MCK,384.55971304705645,384.7179488701782,387.74643751571034,381.62553990994326,367.51895911610654,362.3278570899753,5.801381588146683,7.377814800178025,-1.5764332120313425
2023-06-05,387.50870255864083,391.7972839738868,387.50870255864083,391.5298767089844,712400,MCK,389.5861414500382,384.6388309586173,391.7972839738868,384.6388309586173,368.62631469801164,362.4527113754325,5.817279653397463,7.065707770821913,-1.2484281174244494
2023-06-06,391.91617056610596,392.60945875092744,382.2395758657747,385.2406005859375,581900,MCK,388.0014514421864,387.11248620432775,392.60945875092744,382.2395758657747,369.6412981217593,362.55243685232404,5.261732980705347,6.7049128127986,-1.4431798320932536
2023-06-07,384.19077307905343,384.96331326656053,380.1993104059736,380.942138671875,639600,MCK,382.57388385586563,387.5569688232571,387.5569688232571,380.1993104059736,370.3783552327411,362.6228957803279,4.423615600343794,6.24865337030764,-1.8250377699638456
2023-06-08,380.1497812310664,388.12279212162383,380.1497812310664,385.4981384277344,985400,MCK,383.4801232528728,385.0654263395613,388.12279212162383,380.1497812310664,371.0757289433085,362.69199884206535,4.0800009312932275,5.814922882504757,-1.73492195121153
2023-06-09,384.4680917535142,391.91620245906427,383.57670388577276,390.143310546875,667900,MCK,387.52607716130655,384.27277479621705,391.91620245906427,383.57670388577276,371.77939780204923,362.78561276679716,4.1348464629794535,5.4789075985996964,-1.344061135620243
2023-06-12,389.9848106002321,392.8769017330959,388.4595282111169,391.4902648925781,835700,MCK,390.70287635925575,385.89942597876177,392.8769017330959,385.89942597876177,372.5289977672794,362.9324733298707,4.238145200989379,5.230755119077633,-0.9926099180882542
2023-06-13,390.58899583963097,396.89810936172876,389.2123031576354,393.2037658691406,658900,MCK,392.47579355703397,388.3011511690088,396.89810936172876,388.3011511690088,373.2946213514196,363.12187546851555,4.407468846267193,5.0660978645155454,-0.6586290182483525
2023-06-14,394.05547530949116,394.65965794185144,385.755633900067,387.5086975097656,690900,MCK,390.49486616529384,390.3884723630214,394.65965794185144,385.755633900067,373.9620248959831,363.2907271948781,4.035594809241047,4.859997253460646,-0.824402444219599
2023-06-15,389.63815255959713,396.6900635579086,388.72696687820127,396.244384765625,753600,MCK,392.824891940333,390.4416692641576,396.6900635579086,388.72696687820127,374.65179780512483,363.492655806616,4.395114762930291,4.767020755354575,-0.371905992424284
2023-06-16,395.7986990668979,403.8905881754698,395.7986990668979,402.3157958984375,1491100,MCK,399.45094555192577,391.6332806022453,403.8905881754698,391.6332806022453,375.33597076811617,363.7886692384551,5.111032255612827,4.835823055406226,0.2752092002066009
2023-06-20,402.44443913164434,408.66438516073725,401.78086296100486,406.40618896484375,737200,MCK,404.82396905455755,395.54211307708556,408.66438516073725,395.54211307708556,376.059064346461,364.11145324054456,5.939990054258487,5.056656455176678,0.8833335990818094
2023-06-21,407.59475987932655,413.7552825909679,406.8024219371384,410.4967346191406,837800,MCK,409.6622997566434,400.18304106582156,413.7552825909679,400.18304106582156,376.94469612407397,364.45457454814806,6.848077554916131,5.414940675124569,1.4331368797915616
2023-06-22,410.9622321345399,414.6565749583558,407.7928502120456,413.2204284667969,630200,MCK,411.6580214429345,404.9226704112325,414.6565749583558,404.9226704112325,377.8901727715531,364.79259391285166,7.69877607399178,5.8717077548980114,1.8270683190937689
2023-06-23,414.2604568924536,415.32020219545694,410.61562340643576,411.78436279296875,1008900,MCK,412.9951613218288,408.29034592708354,415.32020219545694,408.29034592708354,378.9622356658441,365.16975929895057,8.162984477361135,6.329963099390636,1.833021377970499
2023-06-26,411.8932878115295,412.09138742564886,408.24848462748935,410.13031005859375,392000,MCK,410.5908674808154,410.6427536244562,412.09138742564886,408.24848462748935,379.9657382927263,365.5466322410513,8.301707829083739,6.724312045329257,1.5773957837544819
2023-06-27,404.2669525665367,411.56647327712204,403.1081272061925,410.76422119140625,497600,MCK,407.42644356031434,410.6168105526358,411.56647327712204,403.1081272061925,380.92894772863076,365.93277018857583,8.366356268189577,7.052720889901321,1.3136353782882555
2023-06-28,410.61564344379684,412.27960173142515,407.981105792051,411.2396240234375,427000,MCK,410.52899374767765,409.02162705647504,412.27960173142515,407.981105792051,381.99011167470235,366.38585521099793,8.35958753593377,7.314094219107812,1.045493316825958
2023-06-29,411.1207651928312,417.91518326659343,410.37793694687264,416.85540771484375,702300,MCK,414.0673232802852,409.77531040207634,417.91518326659343,409.77531040207634,383.11309107122247,366.91120794412103,8.70700118791467,7.592675612869184,1.1143255750454868
2023-06-30,417.51897696590504,425.6405777414435,417.51897696590504,423.2239074707031,877600,MCK,420.97560978598915,411.9213168411808,425.6405777414435,411.9213168411808,384.45716833500677,367.5490467768705,9.387994756880857,7.951739441671519,1.4362553152093387
2023-07-03,418.7075190840027,419.9752780746826,411.7447435711867,416.7761535644531,402000,MCK,416.80092357358126,416.44846331358497,419.9752780746826,411.7447435711867,385.7292232957129,368.1580011877753,9.300200292673424,8.2214316118719,1.0787686808015238
2023-07-05,417.6576021314156,417.9052115125447,411.54658930581695,414.78533935546875,762100,MCK,415.4736855763115,416.6246934435831,417.9052115125447,411.54658930581695,386.8992695354436,368.69954092264373,8.966618877632698,8.370469065024059,0.5961498126086386
2023-07-06,415.0032543465243,416.17196342063016,408.66442974131064,411.9328918457031,789000,MCK,412.94313483854205,416.04918950994727,416.17196342063016,408.66442974131064,388.0202867021903,369.218268769702,8.375536555922793,8.371482563203806,0.004053992718986876
2023-07-07,410.8632385319049,414.18121071652257,409.47663186205597,410.8335266113281,665900,MCK,411.3386519304529,414.49616217424466,414.49616217424466,409.47663186205597,389.0612470984195,369.7116692226401,7.729291509608231,8.243044352484691,-0.5137528428764604
2023-07-10,410.754288827117,414.8051750446393,409.69451332507805,410.7939147949219,555100,MCK,411.5119729979391,412.9174070523488,414.8051750446393,409.69451332507805,390.1694172227008,370.19547056956884,7.1317311545247435,8.020781712892703,-0.8890505583679591
2023-07-11,410.0808022743075,413.09171088850275,407.3966945509175,409.76385498046875,538500,MCK,410.08326567354914,412.2146900251439,413.09171088850275,407.3966945509175,391.2272538361425,370.667601547614,6.500113783952827,7.716648127104728,-1.216534343151901
2023-07-12,407.79289265841004,410.0312611288095,403.0981977804017,404.8611755371094,875900,MCK,406.44588177618266,411.1489778493465,411.1489778493465,403.0981977804017,392.15997214363694,371.1336268576015,5.540084563277162,7.281335414339215,-1.7412508510620528
2023-07-13,407.4164993736536,408.09990371318406,405.53467404084404,405.7723693847656,594100,MCK,406.70586162811185,408.79742981276456,408.79742981276456,405.53467404084404,393.1828000090579,371.61089307353535,4.797477878933762,6.784563907258125,-1.987086028324363
2023-07-14,406.9113807575675,409.8926076116757,403.9499819999827,405.5841979980469,589400,MCK,406.5845420918182,407.7516457204382,409.8926076116757,403.9499819999827,394.2438019138707,372.0657390820051,4.145980589650833,6.256847243736667,-2.110866654085834
2023-07-17,405.93085578920983,408.9219664553988,404.16787807291513,407.73345947265625,587800,MCK,406.688539947545,407.1680939061282,408.9219664553988,404.16787807291513,395.28344319356654,372.5337467381245,3.7597516562538544,5.757428126240105,-1.9976764699862501
2023-07-18,408.57531520287273,410.8434258107873,405.9209496414201,406.71331787109375,423000,MCK,408.0132521315435,406.9283169268366,410.8434258107873,405.9209496414201,396.42890036712066,373.04484987870944,3.332925650120103,5.272527631016104,-1.9396019808960014
2023-07-19,404.88096160088077,407.62446264551573,399.62174079635486,407.0599060058594,757300,MCK,404.7967677621527,407.47078452919004,407.62446264551573,399.62174079635486,397.37294601692525,373.532873335008,2.9881838082004037,4.8156588664529645,-1.8274750582525607
2023-07-20,410.675051641837,416.4889153856251,408.7536003234318,414.7655334472656,569000,MCK,412.6707751995399,406.1337761456714,416.4889153856251,406.1337761456714,398.3688921620506,374.1147723432038,3.298727473723659,4.512272587907104,-1.2135451141834448
2023-07-21,414.79523611098404,415.80550176197494,410.0708598530007,410.28875732421875,546600,MCK,412.7400887625446,409.40227567260564,415.80550176197494,409.40227567260564,398.92046057239526,374.711188901192,3.1473168374805596,4.239281437821795,-1.0919646003412353
2023-07-24,410.22935556327377,413.1610424217978,408.0800926530734,409.22900390625,415000,MCK,410.1748736360987,411.07118221757514,413.1610424217978,408.0800926530734,399.3932297673845,375.3360212477172,2.908284677879692,3.9730820858333744,-1.0647974079536824
2023-07-25,407.04016106958755,408.4564796508695,405.29698113831245,407.3372802734375,703400,MCK,407.03272553305175,410.6230279268369,410.6230279268369,405.29698113831245,399.75078608008994,375.9457759510372,2.536959195485167,3.685857507763733,-1.148898312278566
2023-07-26,405.2969882229258,407.6047249076135,399.4039022546629,399.9288330078125,1026400,MCK,403.05861209825366,408.82787672994436,408.82787672994436,399.4039022546629,400.0773718042796,376.5217488219018,1.6261362100779024,3.273913248226567,-1.6477770381486647
2023-07-27,399.1463770545989,404.2471249594004,396.79904463608153,401.63238525390625,1065900,MCK,400.4562329759968,405.943244414099,405.943244414099,396.79904463608153,400.37416451243547,377.0965474741343,1.0298928968679775,2.8251091779548494,-1.795216281086872
2023-07-28,402.3256443731223,403.7023671295407,397.5814700866135,399.03741455078125,806400,MCK,400.66172403501446,403.1997386950479,403.7023671295407,397.5814700866135,400.6006905996785,377.6869262836381,0.3440078187833251,2.3288889061205444,-1.9848810873372194
2023-07-31,400.2556474266882,400.2556474266882,391.5199803364231,398.5520935058594,1122500,MCK,397.64584217391473,401.9307313650312,401.9307313650312,391.5199803364231,400.6660665070716,378.27377653267763,-0.2360019162771323,1.8159107416410092,-2.0519126579181415
2023-08-01,398.65111144431813,403.0090305925957,397.7101836872531,401.1470031738281,868200,MCK,400.12933222449874,399.78828676947296,403.0090305925957,397.7101836872531,400.7918932316994,378.93283629688375,-0.4807346763152509,1.3565816580497572,-1.837316334365008
2023-08-02,403.0288711143282,410.4868648412729,401.45404877221,409.12005615234375,1431700,MCK,406.0224602200387,399.95880949698585,410.4868648412729,399.95880949698585,401.0209939974741,379.6563165968422,-0.03097139114942138,1.0790710482099215,-1.1100424393593429
2023-08-03,418.5589302906913,431.33556911720933,418.1033374639056,430.9591979980469,2012700,MCK,424.73925871746326,402.9906348585123,431.33556911720933,402.9906348585123,401.6679973289707,380.5650363798016,2.0639139668702455,1.2760396319419864,0.7878743349282591
2023-08-04,430.117348086624,433.5541679467668,417.55860591829713,417.73687744140625,1488700,MCK,424.74174984827357,413.8649467879878,433.5541679467668,413.8649467879878,402.3617338738373,381.48399326532274,2.6269135167334525,1.5462144089002798,1.0806991078331727
2023-08-07,418.9947569709244,423.79838567649216,417.22186509283677,418.1925048828125,686700,MCK,419.5518781557664,419.3033483181307,423.79838567649216,417.22186509283677,402.93505652106046,382.34882621893814,3.0744200423881693,1.8518555355978579,1.2225645067903115
2023-08-08,420.8270230594629,428.49299998654226,419.8761812535925,423.6398620605469,945900,MCK,423.20901659003613,419.42761323694856,428.49299998654226,419.42761323694856,403.5968027063493,383.2757475874621,3.8245414536760904,2.2463927192135045,1.578148734462586
2023-08-09,423.62009900448874,429.19626807582375,421.5302899717699,424.24407958984375,617700,MCK,424.6476841604815,421.3183149134924,429.19626807582375,421.3183149134924,404.33835677522734,384.19655842595466,4.416858585042974,2.6804858923793984,1.7363726926635752
2023-08-10,424.15489429212494,431.4346165615544,424.15489429212494,429.8399963378906,1008200,MCK,427.3961003709237,422.98299953698694,431.4346165615544,422.98299953698694,405.2683515758342,385.12269862948745,5.276988060060205,3.19978632591556,2.077201734144645
2023-08-11,431.6722812051197,436.7829423894197,430.4639462325632,435.8519287109375,666600,MCK,433.69277463451,425.1895499539553,436.7829423894197,425.1895499539553,406.34966087392786,386.06339157714183,6.370326407167909,3.8338943421660296,2.536432065001879
2023-08-14,435.7529559446516,436.4264765428252,431.1474267491076,433.81170654296875,829800,MCK,434.2846414448883,429.44116229423264,436.4264765428252,429.44116229423264,407.29295407846485,386.97474372820545,6.991581447403917,4.465431763213608,2.526149684190309
2023-08-15,434.83180750437526,435.3270262920588,426.5517638826695,426.7894592285156,625100,MCK,430.8750142269048,431.86290186956046,435.3270262920588,426.5517638826695,408.2192601020618,387.8691096090842,6.838464311992482,4.940038272969383,1.8984260390230991
2023-08-16,427.58182132496194,429.5528127646704,424.5412007685915,425.5118103027344,634300,MCK,426.79691129023956,431.3689580482326,431.3689580482326,424.5412007685915,408.9634754988658,388.79489509843864,6.53864881510367,5.25976038139624,1.2788884337074302
2023-08-17,417.8755443624024,418.113239721509,410.3878382929682,412.9629821777344,1179000,MCK,414.8349011386535,429.0829346692361,429.0829346692361,410.3878382929682,409.50014449279513,389.5707213072772,5.228189999135452,5.253446304944083,-0.025256305808630586
2023-08-18,411.6456655873854,418.00428820320667,409.5756546550586,416.40966796875,833300,MCK,413.90881910360014,421.9589179039448,421.9589179039448,409.5756546550586,410.1268431977498,390.2525992152454,4.416846032641558,5.086126250483578,-0.6692802178420196
2023-08-21,415.98379648125916,423.5111283675,415.0131567415303,421.7778625488281,863100,MCK,419.0714860347794,417.9338685037725,423.5111283675,415.0131567415303,410.838670453388,390.9571996983483,4.159075301375992,4.900716060662061,-0.741640759286069
2023-08-22,420.77752587223665,422.57021559331963,413.9038861913821,414.38922119140625,590200,MCK,417.91021221208615,418.502677269276,422.57021559331963,413.9038861913821,411.44635315440354,391.61287547822633,3.3203140184376707,4.584635652217184,-1.2643216337795131
2023-08-23,415.3003668606363,418.6975604044945,414.48820081508694,417.2614440917969,594600,MCK,416.43689304300364,418.20644474068104,418.6975604044945,414.48820081508694,411.96103348807844,392.24501562767904,2.854449723079142,4.2385984663895755,-1.3841487433104334
2023-08-24,417.0534147952792,421.6094334015472,417.0534147952792,419.3017272949219,529100,MCK,418.7544975717569,417.32166889184236,421.6094334015472,417.0534147952792,412.4866075683729,392.8906144598963,2.6196846221434953,3.9148156975403596,-1.2951310753968643
2023-08-25,420.7180863257391,421.92642141770267,417.9052471433786,419.2522277832031,578300,MCK,419.95049566750583,418.03808323179965,421.92642141770267,417.9052471433786,413.07572015841725,393.51887252720013,2.4019492159497418,3.612242401222236,-1.2102931852724943
2023-08-28,419.38099976176187,421.06475582846514,417.8557475692156,419.3512878417969,1082800,MCK,419.4131977503099,418.99428944965274,421.06475582846514,417.8557475692156,413.60748627461675,394.12964203987076,2.2118883842504147,3.332171597827872,-1.1202832135774572
2023-08-29,419.7573725990371,420.4902867783145,415.973893570793,417.6477355957031,631400,MCK,418.4673221359619,419.2037435999813,420.4902867783145,415.973893570793,413.9878138062975,394.6618922872068,1.901877714321813,3.0461128211266604,-1.1442351068048473
2023-08-30,419.608780401361,420.54967794814235,415.9441493381446,417.5684814453125,606800,MCK,418.4177722832401,418.8355328679716,420.54967794814235,415.9441493381446,414.25968987087106,395.15937710866604,1.6309957733001852,2.7630894115613653,-1.1320936382611801
2023-08-31,417.28086610192986,419.79036258564736,408.9092587230668,408.97869873046875,873100,MCK,413.7397965352782,418.6266525756058,419.79036258564736,408.9092587230668,414.34123980644375,395.6429679652589,0.7149546539561129,2.353462460040315,-1.6385078060842022
2023-09-01,409.94081820397025,413.6802562473089,408.1950710810057,408.9985046386719,543700,MCK,410.20366254273915,416.183224555442,416.183224555442,408.1950710810057,414.31215262843995,396.1011626999965,-0.009309052612991309,1.880908157509654,-1.8902172101226453
2023-09-05,408.15537204896077,408.15537204896077,401.4402454353857,403.8307189941406,751600,MCK,405.395427131862,413.1934435490906,413.1934435490906,401.4402454353857,414.1601579446406,396.5611968052423,-0.9888910501712189,1.3069483159734796,-2.2958393661446985
2023-09-06,403.70179907152357,409.425029895706,402.213954603201,407.9173583984375,818800,MCK,405.81453549221703,409.2944353404763,409.425029895706,402.213954603201,414.0646313048686,397.0151847987974,-1.419100684950422,0.7617385157886993,-2.180839200739121
2023-09-07,411.23025945210134,418.3917515321332,409.29607994182896,415.22760009765625,742500,MCK,413.53642275592995,407.55448541634667,418.3917515321332,407.55448541634667,414.1868308887809,397.5578893087058,-1.1568342440568813,0.37802396381958325,-1.5348582078764645
2023-09-08,414.9697148612036,422.0419402096517,414.68208673342815,417.3701171875,869700,MCK,417.2659647479459,410.5454540861383,422.0419402096517,410.5454540861383,414.32157030878625,398.15584099174424,-0.7672584983657771,0.1489674713825112,-0.9162259697482883
2023-09-11,417.3304174581038,423.37106197253286,416.64600662575396,420.4648132324219,541900,MCK,419.4530748222031,413.9057094170421,423.37106197253286,413.9057094170421,414.4292853396245,398.7711882054235,-0.20642130943036818,0.07788971521993533,-0.2843110246503035
2023-09-12,419.57211341202355,421.36744320145567,416.546841960069,418.6794128417969,515700,MCK,419.0414528538363,416.6793921196226,421.36744320145567,416.546841960069,414.3906022009816,399.4238852679942,0.09290832378178493,0.08089343693230526,0.01201488684947967
2023-09-13,419.78042835069584,422.55775617736157,416.5964496752826,417.07257080078125,416400,MCK,419.0018012510303,417.8604224867295,422.55775617736157,416.5964496752826,414.43461975453056,400.08192152512174,0.19818592688659464,0.10435193492316314,0.0938339919634315
2023-09-14,417.0725500652196,419.29438799987076,414.2654666996618,416.1996765136719,453200,MCK,416.708020319606,418.4311118688799,419.29438799987076,414.2654666996618,414.4593064493965,400.6792879924201,0.20877725767638822,0.12523699947380817,0.08354025820258004
2023-09-15,414.64238415559913,419.3439626485177,414.64238415559913,416.7253723144531,1132200,MCK,416.3385258185423,417.569566094243,419.3439626485177,414.64238415559913,414.5272142689964,401.2737504855933,0.25663192821298253,0.15151598522164306,0.10511594299133947
2023-09-18,418.72900074660384,424.53159993055004,418.72900074660384,423.8273620605469,553600,MCK,421.45424087107614,416.95404595639263,424.53159993055004,416.95404595639263,414.7295260478089,401.89538657311425,0.8577408158920434,0.29276095135572316,0.5649798645363202
2023-09-19,426.83281553887446,429.35221030176115,425.02755703990726,428.5686340332031,677600,MCK,427.4453042284365,419.2041434137344,429.35221030176115,419.2041434137344,415.0481926724188,402.60880494755986,1.6971413745317818,0.573637035990935,1.123504338540847
2023-09-20,430.4830037912122,441.1954719617781,430.4830037912122,436.2955017089844,1037700,MCK,434.6142453132967,423.32472382108546,441.1954719617781,423.32472382108546,415.5388122652138,403.38303305067814,2.9518390470379927,1.0492774382003467,1.902561608837646
2023-09-21,436.26574065064915,438.6363873609666,434.331561008569,434.6886291503906,840300,MCK,435.98057954264385,428.9694845671911,438.6363873609666,428.9694845671911,416.12950622054296,404.14473918209,3.773041531683077,1.594030256896893,2.179011274786184
2023-09-22,433.4784393779955,437.63448661828306,432.37744919442594,435.10516357421875,961500,MCK,434.6488846912308,432.4750320549175,437.63448661828306,432.37744919442594,416.6883666818054,404.93558334543167,4.406663984725412,2.156557002462597,2.2501069822628152
2023-09-25,436.0970792484424,443.3280108948423,436.0375678991115,442.80230712890625,999000,MCK,439.5662412928256,433.56195837307416,443.3280108948423,433.56195837307416,417.3480006658255,405.79590128984813,5.466890589223908,2.8186237198148594,2.6482668694090488
2023-09-26,442.2369434725259,443.2486667373162,437.08899957910467,439.4397888183594,816600,MCK,440.50359965182656,436.56409983294986,443.2486667373162,436.56409983294986,418.0243018599112,406.65387252673884,5.967016632485695,3.4483023023490267,2.5187143301366683
2023-09-27,439.45963063748707,442.7725908195545,436.3351634387514,440.77886962890625,954200,MCK,439.8365636311748,438.5338497423882,442.7725908195545,436.3351634387514,418.6607680899038,407.5448342285123,6.397674347763086,4.038176711431839,2.3594976363312474
2023-09-28,440.897911681976,442.7726102456305,438.3784865681168,438.4578552246094,694600,MCK,440.12671593008315,439.1852066867815,442.7726102456305,438.3784865681168,419.36736705326234,408.3701565350938,6.477024122663124,4.525946193678096,1.9510779289850282
2023-09-29,436.8410518299938,438.3884076318187,431.0483810874719,431.32611083984375,682100,MCK,434.400987847282,439.6559613084323,439.6559613084323,431.0483810874719,419.80197130621724,409.085431734134,5.896466427031839,4.800050240348845,1.096416186682994
2023-10-02,430.03661071125583,435.65074716610246,429.59027555714914,433.8752746582031,492000,MCK,432.2882270231776,437.0284745778572,437.0284745778572,429.59027555714914,420.19293407142993,409.55669732191257,5.577769432465857,4.955594078772248,0.622175353693609
2023-10-03,432.3576783944228,436.90054997880515,432.3576783944228,434.93658447265625,463900,MCK,434.13812281007677,434.6583508005174,436.90054997880515,432.3576783944228,420.6721990549094,410.032714411147,5.349176622121604,5.0343105874421195,0.3148660346794845
2023-10-04,435.0754349513751,440.1440100025054,433.57766200322567,438.4478759765625,665700,MCK,436.8112457334172,434.3982368052971,440.1440100025054,433.57766200322567,421.2677694589168,410.5092777695034,5.389223439147884,5.105293157783272,0.2839302813646114
2023-10-05,441.31447365955194,444.4190833598878,440.5110098833752,442.18731689453125,713200,MCK,442.10797094933656,435.60474126935713,444.4190833598878,435.60474126935713,422.0487566359385,411.063064220109,5.657486477976249,5.215731821821868,0.44175465615438103
2023-10-06,442.15757886240993,446.03589681828385,440.35235069935993,441.6814880371094,606200,MCK,442.5568286042908,438.85635610934685,446.03589681828385,438.85635610934685,422.89076854850435,411.6324665304699,5.762840272158826,5.32515351188926,0.43768676026956577
2023-10-09,441.393840972061,448.118896484375,438.4776635112081,448.118896484375,495700,MCK,444.0273243630048,440.7065923568188,448.118896484375,438.4776635112081,423.75808055506417,412.17938557737136,6.293234485363996,5.518769706584208,0.7744647787797883
2023-10-10,446.8294112323721,450.92591711280386,443.6057485812244,450.8267517089844,751500,MCK,448.04695715884617,442.3669583599118,450.92591711280386,442.3669583599118,424.7661028547628,412.7160846809172,6.85307897818177,5.78563156090372,1.06744741727805
2023-10-11,450.0233461264268,453.9115625216733,442.871752283623,452.9593505859375,954000,MCK,449.94150287941517,445.20695775937895,453.9115625216733,442.871752283623,425.76234626786106,413.27711974978024,7.383727662417755,6.105250781206528,1.278476881211227
2023-10-12,453.683469772555,457.5816150232763,451.2830673727899,455.4986267089844,1105000,MCK,454.51169471940136,447.5742303193971,457.5816150232763,447.5742303193971,426.73213095784837,413.8765624776612,7.917896348915065,6.467779894748236,1.450116454166829
2023-10-13,457.2641677210634,459.6943256229172,452.84031895588043,458.8115234375,843000,MCK,457.1525839343402,451.0429625193992,459.6943256229172,451.0429625193992,427.38039746218584,414.5241973955783,8.510448804155885,6.876313676629766,1.6341351275261191
2023-10-16,459.8033730266258,462.1244063657807,450.5688223689842,451.60040283203125,900100,MCK,456.0242511483555,454.0977732268697,462.1244063657807,450.5688223689842,428.00604748818756,415.18389068101243,8.302468043533338,7.161544550010481,1.1409234935228572
2023-10-17,451.61037372256425,454.69518695911626,449.8150438394342,451.560791015625,696300,MCK,451.92034888418493,455.0610121876126,455.0610121876126,449.8150438394342,428.6534169027559,415.7942367119082,8.041745216739287,7.337584683356242,0.7041605333830443
2023-10-18,454.129792826197,456.3615594740039,451.07476557834116,452.0269775390625,569800,MCK,453.39827385440117,453.4906805358988,456.3615594740039,451.07476557834116,429.25720204804315,416.42700237719635,7.783020044149339,7.426671755514862,0.3563482886344769
2023-10-19,452.0269596752731,453.8520451404764,446.75999301621744,449.5968017578125,600700,MCK,450.55894989744485,453.44447719514994,453.8520451404764,446.75999301621744,429.7754273627825,417.0568920690049,7.297759575448936,7.400889319501677,-0.10312974405274122
2023-10-20,450.4697013826481,452.41380966701996,446.5715561643555,449.14056396484375,865100,MCK,449.6489077947168,452.0017135462974,452.41380966701996,446.5715561643555,430.22048351125835,417.7444175435462,6.798009360641174,7.280313327729577,-0.48230396708840306
2023-10-23,448.33712510850694,450.62840312715207,444.3794685799877,446.35333251953125,513400,MCK,447.4245823337945,450.8253106705071,450.8253106705071,444.3794685799877,430.49511966524403,418.42239026958595,6.106653728209665,7.045581407825595,-0.9389276796159303
2023-10-24,447.5634276628718,451.26321157702637,444.54805458364484,448.3866882324219,445500,MCK,447.94034551399125,449.1249465021508,451.26321157702637,444.54805458364484,430.76823374662604,419.03059391254544,5.657606851085575,6.767986496477591,-1.1103796453920163
2023-10-25,449.98366517996084,451.7294123004814,446.03590713070076,449.3290100097656,466900,MCK,449.26949865522715,448.532646008071,451.7294123004814,446.03590713070076,431.1361234351925,419.67769176862714,5.316486313057567,6.477686459793587,-1.1612001467360198
2023-10-26,447.79154828809965,453.0188303261632,444.37942296369994,447.9800109863281,519600,MCK,448.2924531410727,448.90107233164906,453.0188303261632,444.37942296369994,431.56603427220915,420.26475488553746,4.881027435945896,6.158354655024048,-1.2773272190781526
2023-10-27,446.2938175316749,448.19824145024126,441.80052856502095,444.3992919921875,527400,MCK,445.1729698847812,448.5967627363609,448.5967627363609,441.80052856502095,432.1727956471317,420.83647006996347,4.198590305503103,5.76640178511986,-1.5678114796167568
2023-10-30,444.94478500621665,447.46420983515327,440.44159804340734,445.78790283203125,594300,MCK,444.6596239292021,446.88486631057106,447.46420983515327,440.44159804340734,432.7878117436438,421.4573274706968,3.7268425317761285,5.358489934451114,-1.6316474026749859
2023-10-31,448.08916019088497,452.53286657828886,444.1116462822272,451.6698913574219,756600,MCK,449.1008911022057,445.7722451198866,452.53286657828886,444.1116462822272,433.3883998449923,422.1135351491901,3.7839868930551006,5.043589326171912,-1.259602433116811
2023-11-01,449.8745085559494,461.37061213016955,449.8745085559494,455.8655700683594,1320500,MCK,454.24629982760695,447.43656811104614,461.37061213016955,447.43656811104614,434.11512159730273,422.7807373758531,4.120333775350616,4.858938216007653,-0.7386044406570367
2023-11-02,437.5949226221933,447.9999055657378,429.70933459332514,443.9728088378906,1252400,MCK,439.81924290478673,450.84143396932654,450.84143396932654,429.70933459332514,434.58276859453844,423.27190104130847,3.3881877442302653,4.5647881216521755,-1.1766003774219103
2023-11-03,444.31005572155914,459.13891833829524,444.31005572155914,449.09100341796875,868300,MCK,449.2125082998456,445.33033843705664,459.13891833829524,444.31005572155914,435.1919288091002,423.8392681887365,3.184246259065503,4.288679749134841,-1.1044334900693382
2023-11-06,448.83304564507716,460.7258717978932,448.83304564507716,456.2821960449219,822500,MCK,453.66853978324235,447.2714233684511,460.7258717978932,447.2714233684511,435.86628969141486,424.47100492491603,3.561831729430537,4.143310145193981,-0.5814784157634438
2023-11-07,457.5121646566023,457.9188457687298,451.3128128319871,454.32818603515625,556500,MCK,455.2680023231188,450.46998157584676,457.9188457687298,450.46998157584676,436.58338578287106,425.09543602874396,3.661194684300142,4.0468870530152135,-0.3856923687150715
2023-11-08,455.7862558476099,460.78539115656406,454.92331095274056,456.9368591308594,740600,MCK,457.10795427194347,452.8689919494828,460.78539115656406,452.8689919494828,437.3561984255907,425.67200611594404,3.9054194151594857,4.018593525444068,-0.11317411028458224
2023-11-09,456.9368283721871,461.2614812044138,456.3714402824796,458.1171569824219,553800,MCK,458.1717267103756,454.98847311071313,461.2614812044138,454.98847311071313,438.1512775141334,426.20548369250224,4.146412187721921,4.044157257899639,0.10225492982228257
2023-11-10,459.0991551430428,466.1614511348729,459.0991551430428,465.4869689941406,739900,MCK,462.46168260377476,456.5800999105444,466.1614511348729,456.5800999105444,439.1257152355033,426.73347752097357,4.8758768601774705,4.210501178355205,0.6653756818222654
2023-11-13,465.4572586109409,469.3454750819638,462.7592995152165,466.8260803222656,452100,MCK,466.0970283825967,459.5208912571596,469.3454750819638,459.5208912571596,440.24358255230044,427.27786759037025,5.498652913374258,4.4681315253590155,1.0305213880152424
2023-11-14,462.81879739605165,465.19934234761416,449.33893095917915,450.1423645019531,1186100,MCK,456.87485880119954,462.80895981987817,465.19934234761416,449.33893095917915,441.27317118568726,427.7166645651639,4.593025449006348,4.493110310088482,0.09991513891786585
2023-11-15,449.2298485844283,450.1424065407245,435.254032716185,442.7626953125,1625400,MCK,444.3472457884595,459.8419093105389,459.8419093105389,435.254032716185,442.043825391612,428.0542283482404,3.242454532191857,4.242979154509157,-1.0005246223172994
2023-11-16,444.31000196735806,450.1224993752492,444.27031764227866,447.1269836425781,1131200,MCK,446.45745065686606,452.09457754949915,452.09457754949915,444.27031764227866,442.7022459496308,428.4445384192058,2.495512233016484,3.8934857702106225,-1.3979735371941384
2023-11-17,449.0810507570623,450.37050384162944,445.3416125955994,446.5517272949219,860800,MCK,447.83622362230324,449.2760141031826,450.37050384162944,445.3416125955994,443.31365112711796,428.81761071795205,1.8359727488578983,3.4819831659400777,-1.6460104170821794
2023-11-20,444.31991680543814,451.71945401352656,444.31991680543814,449.2992248535156,777000,MCK,447.41462811947963,448.5561188627429,451.71945401352656,444.31991680543814,443.87288219306356,429.1510837663441,1.5174903628225138,3.089084605316565,-1.5715942424940512
2023-11-21,451.4714747515356,453.80243685869146,448.89253859617736,450.62835693359375,755600,MCK,451.19870178499957,447.98537349111126,453.80243685869146,447.98537349111126,444.51602717168674,429.4533146863341,1.3567014187517543,2.742607968003603,-1.3859065492518488
2023-11-22,450.40026495175084,455.9350633353412,450.40026495175084,453.74298095703125,554000,MCK,452.61964354896855,449.59203763805544,455.9350633353412,449.59203763805544,445.1883840176455,429.811501886088,1.463726226050312,2.486831619612945,-1.0231053935626329
2023-11-24,456.272271541824,458.52386511496104,454.62572014687095,457.63116455078125,219500,MCK,456.7632553386093,451.10584059351197,458.52386511496104,451.10584059351197,445.9894887180256,430.224397583711,1.8410654218562854,2.3576783800616132,-0.5166129582053278
2023-11-27,458.99006025108656,462.67001712686874,458.05767535606446,458.14697265625,781800,MCK,459.46618134756744,453.9345479660607,462.67001712686874,453.9345479660607,446.8520418286061,430.68962804880124,2.1568678267347536,2.3175162693962417,-0.16064844266148803
2023-11-28,459.2083089393947,463.20564987300827,457.26420064011546,457.8593444824219,637900,MCK,459.3843759837351,456.70036465681403,463.20564987300827,456.70036465681403,447.6106445308593,431.1700852893341,2.3567669753599603,2.3253664105889857,0.031400564770974526
2023-11-29,456.6888478829112,457.7303267532412,451.7293670332088,452.9989929199219,787700,MCK,454.78688364732074,458.0423703202746,458.0423703202746,451.7293670332088,448.15747611923695,431.602834395828,2.0988050215722183,2.2800541327856325,-0.18124911121341425
2023-11-30,452.18456421084875,467.93740964148253,450.7244933785451,467.3811950683594,2212300,MCK,459.55691557480895,456.4146269837977,467.93740964148253,450.7244933785451,448.6563295244672,432.09757089484054,3.020078248860898,2.4280589560006858,0.5920192928602122
2023-12-01,469.26831545507633,473.1320513357502,461.18332051369487,461.5110778808594,809400,MCK,466.2736912963452,457.9857712793033,473.1320513357502,457.9857712793033,449.2621917595412,432.6958489900421,3.239185209712616,2.590284206743072,0.6489010029695441
2023-12-04,460.7761701477399,463.0904170507797,454.73722516492916,456.1972961425781,909000,MCK,458.7002771265067,462.12973128782426,463.0904170507797,454.73722516492916,449.7432196082467,433.21579314502605,2.950044995249641,2.662236364444386,0.2878086308052552
2023-12-05,457.1011166987146,459.0876060196155,453.52542985880854,457.6772155761719,906700,MCK,456.84784203832766,460.41500420716545,460.41500420716545,453.52542985880854,450.0888516231568,433.71842614449116,2.8079481439171445,2.6913787203389377,0.11656942357820688
2023-12-06,456.57471812540865,456.57471812540865,446.9799706502258,454.49884033203125,821300,MCK,453.6570618082686,458.6314231227466,458.6314231227466,446.9799706502258,450.35192086628564,434.18811136309836,2.4110736894213005,2.6353177141554105,-0.22424402473410998
2023-12-07,455.57155487588574,455.57155487588574,450.525854880979,452.5818786621094,622100,MCK,453.56271082371495,456.1442424655076,456.1442424655076,450.525854880979,450.6264438101364,434.6436059500201,1.919735522749363,2.492201275874201,-0.5724657531248378
2023-12-08,454.18097681127654,455.00538685718493,447.9334896959674,454.79681396484375,733400,MCK,452.9791668323181,454.8534766446113,455.00538685718493,447.9334896959674,450.8834928281812,435.12542994072174,1.689596635429666,2.3316803477852943,-0.6420837123556282
2023-12-11,458.0645170277822,460.7860277227873,455.98863954326447,458.859130859375,647800,MCK,458.42457878830226,453.9163217384647,460.7860277227873,453.9163217384647,451.3639646470016,435.58296797660944,1.8140931952365804,2.2281629172755517,-0.4140697220389713
2023-12-12,460.28944886288195,461.81902379907007,458.1440367823371,459.0180969238281,679800,MCK,459.8176515920293,456.1704502633835,461.81902379907007,456.1704502633835,451.91455313837855,436.05374360490424,1.9036408618196106,2.1632585061843637,-0.2596176443647531
2023-12-13,459.9914687081606,465.0868187371047,454.2803118309831,457.6871337890625,814000,MCK,459.2614332663277,457.9940509277064,465.0868187371047,454.2803118309831,452.4170193475036,436.5446092012065,1.845931679738726,2.0997931408952364,-0.2538614611565104
2023-12-14,447.81429881259805,448.63870890257533,433.87907663759546,438.6963195800781,2156200,MCK,442.2571009832117,458.62774209701706,458.62774209701706,433.87907663759546,452.52593645249954,436.8968529557081,0.26474492861979115,1.7327834984401473,-1.4680385698203562
2023-12-15,436.4217439573724,437.8321342652539,428.43604916771164,436.5011901855469,3743500,MCK,434.7977793939712,450.4424215401144,450.4424215401144,428.43604916771164,452.3797326213921,437.2142446286653,-1.1522036734288008,1.1557860640663578,-2.3079897374951583
2023-12-18,440.47421059178754,445.40069561829165,438.6962941631527,444.5167236328125,804500,MCK,442.2719810015111,442.6201004670428,445.40069561829165,438.6962941631527,452.37403566933654,437.6324021089204,-1.609802289799802,0.6026683932931258,-2.2124706830929277
2023-12-19,445.2219330133607,446.6820039224816,441.50720756640135,445.00341796875,848900,MCK,444.6036406177484,442.44604073427695,446.6820039224816,441.50720756640135,452.3855619944314,438.0718212747478,-1.9111497796476442,0.09990475870497184,-2.011054538352616
2023-12-20,446.9601046778406,447.11902746354116,442.51035761249153,442.9473876953125,722400,MCK,444.88421936229645,443.5248406760127,447.11902746354116,442.51035761249153,452.32230723850046,438.5442050466316,-2.2894825666727456,-0.3779727063705717,-1.911509860302174
2023-12-21,444.22865677218783,450.01925957598314,442.0534486271376,449.6517639160156,559000,MCK,446.48828222283106,444.20453001915456,450.01925957598314,442.0534486271376,452.2532428253688,439.0077945466149,-2.0249841392810595,-0.7073749929526693,-1.3176091463283903
2023-12-22,451.20124847546975,453.8631672463146,447.287862023464,451.1317443847656,519800,MCK,450.8710055325035,445.3464061209928,453.8631672463146,445.3464061209928,452.1804290416309,439.45627999973954,-1.676618164310014,-0.9012236272241383,-0.7753945370858757
2023-12-26,450.12853688414395,453.4360281693507,448.48968930478173,452.6811828613281,470200,MCK,451.18385930490115,448.1087058267482,453.4360281693507,448.1087058267482,452.061054549042,439.720726005614,-1.260973169671729,-0.9731735357136565,-0.2877996339580725
2023-12-27,452.4228976030469,454.90600900591767,451.11180750759075,454.3994445800781,419100,MCK,453.2100396741584,449.64628256582466,454.90600900591767,449.64628256582466,452.0047703195581,440.0054089038728,-0.7838860063406514,-0.9353160298390556,0.15143002349840418
2023-12-28,455.20400741735443,458.5909752847881,454.151170521486,454.409423828125,414100,MCK,455.58889426293837,451.4281611199915,458.5909752847881,451.4281611199915,452.0781412271332,440.3657790649445,-0.40037052803086226,-0.8283269294774169,0.42795640144655467
2023-12-29,456.73364456571557,461.21318791489233,454.8961357868867,459.8524475097656,481300,MCK,458.17385394431506,453.5085276914649,461.21318791489233,453.5085276914649,452.17365282893144,440.7154274384873,0.33886850824615067,-0.5948878419327035,0.9337563501788542
2024-01-02,459.57430950057375,470.2218933105469,459.57430950057375,470.2218933105469,739600,MCK,464.8981014055603,455.84119081789,470.2218933105469,455.84119081789,452.4604358590937,441.1179316109381,1.7413748995996343,-0.12763529362623593,1.8690101932258703
2024-01-03,473.0228142341727,481.94216194900076,473.0228142341727,477.0951232910156,1288000,MCK,476.27072842709043,460.36964611172516,481.94216194900076,460.36964611172516,452.9928722717412,441.6066778914997,3.368651815488363,0.5716221281966839,2.797029687291679
2024-01-04,473.171865753987,478.50558503977965,471.04630750799964,471.3442687988281,881300,MCK,473.5170067751486,468.3201872694078,478.50558503977965,468.3201872694078,453.5147207605683,442.00492021290614,4.146437054309445,1.286585113419236,2.8598519408902083
2024-01-05,473.6585077111494,476.2210655395793,469.2981492018427,474.95965576171875,579200,MCK,473.53434455357257,470.9185970222782,476.2210655395793,469.2981492018427,454.02660074135997,442.39741724399295,4.996967046957593,2.0286615001269075,2.9683055468306856
2024-01-08,477.3931073823873,479.3696544710515,466.93421246382815,473.4101867675781,666900,MCK,474.27679027121127,472.2264707879254,479.3696544710515,466.93421246382815,454.52674657367965,442.83143500443606,5.482786841699635,2.7194865684414533,2.763300273258182
2024-01-09,472.17856182876307,479.8563231368082,467.99698026612464,477.81024169921875,904900,MCK,474.4605267327287,473.25163052956833,479.8563231368082,467.99698026612464,455.05010804551273,443.30807115886097,6.151934517691643,3.4059761582914914,2.7459583594001518
2024-01-10,479.26040627060513,482.6275202444625,476.1316916288242,480.4225158691406,609300,MCK,479.6105335032581,473.85607863114853,482.6275202444625,473.85607863114853,455.7388593178823,443.955827482507,6.814474544998973,4.087675835632988,2.726798709365985
2024-01-11,481.72366383992215,485.7661769122479,480.7204770258789,485.5377197265625,590700,MCK,483.43700937615284,476.73330606720333,485.7661769122479,476.73330606720333,456.5144070268213,444.6511093852325,7.663951232569673,4.802930915020325,2.8610203175493476
2024-01-12,484.38557741178795,486.4217472731157,481.5151159350796,482.0415344238281,438800,MCK,483.59099376095287,480.0851577216781,486.4217472731157,480.0851577216781,457.2042090799962,445.2963044624942,7.963259197456011,5.434996571507463,2.528262625948549
2024-01-16,483.22343465714823,486.4613914052759,481.733567773762,485.1999816894531,510700,MCK,484.1545938814098,481.8380757413155,486.4613914052759,481.733567773762,457.80237496107225,445.9587482791875,8.358966254411655,6.019790508088302,2.3391757463233533
2024-01-17,486.18330729570005,491.4177259280182,482.0712902635863,482.5381164550781,618700,MCK,485.5526099855957,482.99633481136266,491.4177259280182,482.0712902635863,458.7170423026884,446.6499054486134,8.361391750373627,6.4881107565453675,1.87328099382826
2024-01-18,480.5615498426561,491.4177369980432,476.8965049388593,489.66961669921875,789800,MCK,484.6363521196944,484.2744723984792,491.4177369980432,476.8965049388593,459.42551917908537,447.3087239940928,8.836900158419098,6.957868636920114,1.879031521498984
2024-01-19,489.9079728434848,490.9608097290402,480.99856727734226,481.32635498046875,876300,MCK,485.798426207584,484.45541225908676,490.9608097290402,480.99856727734226,460.06811690757223,447.9672032994936,8.443184726663674,7.254931854868826,1.1882528717948473
2024-01-22,481.24688144385277,486.8189996290496,480.055006064233,484.0279846191406,777000,MCK,483.037217939069,485.12691923333534,486.8189996290496,480.055006064233,460.62350121989124,448.6034435013812,8.25401420598962,7.454748325092986,0.799265880896634
2024-01-23,481.41575691147625,483.49163461450246,479.86629766604597,482.0911560058594,582800,MCK,481.716211299471,484.0820685862022,484.0820685862022,479.86629766604597,461.11566636044176,449.23593239301624,7.857235997496218,7.5352458595736325,0.3219901379225858
2024-01-24,482.40894345299716,484.7132780624266,480.97866888931117,481.7236022949219,496500,MCK,482.4561231749142,482.8991399428366,484.7132780624266,480.97866888931117,461.6013542897326,449.876315901933,7.427508204812625,7.513698328621431,-0.08619012380880609
2024-01-25,480.8893233456723,483.1439777420082,475.41653573872935,483.0446472167969,742600,MCK,480.6236210108017,482.6776315588754,483.1439777420082,475.41653573872935,461.9645930578731,450.5451541466882,7.111565418502835,7.433271746597712,-0.3217063280948773
2024-01-26,483.80944534367217,484.66362114069466,480.7601771808308,481.9917907714844,370800,MCK,482.8062586091705,481.65062628483855,484.66362114069466,480.7601771808308,462.29877766240463,451.27118010735256,6.698999867568546,7.286417370791879,-0.5874175032233335
2024-01-29,482.12093022249974,485.0311296706975,481.14756989877793,483.17376708984375,496800,MCK,482.8683492204547,482.22844244700457,485.0311296706975,481.14756989877793,462.81864747078964,452.0459093282385,6.39371157963933,7.1078762125613695,-0.7141646329220395
2024-01-30,484.96162688097286,486.9183199908761,480.8297256327511,486.709716796875,590300,MCK,484.8548473253687,482.5483958337296,486.9183199908761,480.8297256327511,463.6287995015279,452.83631244657,6.363732851143027,6.959047540277702,-0.5953146891346748
2024-01-31,491.3978577475056,503.7836199800258,491.3978577475056,496.5130920410156,1073200,MCK,495.77310687901314,483.70162157954917,503.7836199800258,483.70162157954917,464.6151126259709,453.65867928780085,7.049759703265181,6.977189972875198,0.07256973038998282
2024-02-01,494.25840304172567,500.40658991430774,484.04784914561543,498.4598388671875,733600,MCK,494.2931702422091,489.7373642292812,500.40658991430774,484.04784914561543,465.5442515583689,454.42895134274346,7.662202029912862,7.114192384282731,0.5480096456301311
2024-02-02,500.3768100821381,504.65769228281425,498.6386318698916,501.04229736328125,691200,MCK,501.1788578995313,492.0152672357451,504.65769228281425,492.0152672357451,466.61953615397,455.2462091735168,8.26072530512397,7.343498968450979,0.9172263366729903
2024-02-05,504.42919044940754,507.48840080661796,498.8670449116065,504.5086669921875,633200,MCK,503.8233257899549,496.5970625676382,507.48840080661796,496.5970625676382,467.67202863406914,456.09402790287794,8.912033991938586,7.657205973148501,1.2548280187900849
2024-02-06,507.6274744401685,512.097105782735,500.98269546037506,503.4459228515625,949600,MCK,506.03829963371027,500.21019417879654,512.097105782735,500.21019417879654,468.74040175576397,456.96439288670473,9.235979624328195,7.97296070338444,1.2630189209437548
2024-02-07,506.55478146915067,516.2389169972373,505.57147894595374,513.4876098632812,1465100,MCK,510.4631968189057,503.1242469062534,516.2389169972373,503.1242469062534,469.81440058536987,457.9019446516977,10.185576110761133,8.415483784859779,1.770092325901354
2024-02-08,501.59847211094376,507.279832514293,484.99142095587837,490.89129638671875,2289000,MCK,496.19025549195845,506.79372186257956,507.279832514293,484.99142095587837,470.54888206825774,458.70046194843184,9.01093209931463,8.53457344775075,0.4763586515638796
2024-02-09,493.9008592150352,500.90322208359555,491.15949419892104,497.9632263183594,1083200,MCK,495.9817004539778,501.491988677269,501.491988677269,491.15949419892104,471.2808285576625,459.44573654426085,8.552080835898323,8.538074925380265,0.014005910518058329
2024-02-12,496.6223482500686,497.0792323232603,490.6330839426297,491.1396484375,579600,MCK,493.86857823836465,498.7368445656234,498.7368445656234,490.6330839426297,472.0624624494834,460.10996928436015,7.5507913730859855,8.34061821492141,-0.7898268418354242
2024-02-13,492.6493624693574,503.6048501037493,492.6493624693574,501.360107421875,838700,MCK,497.5659206160848,496.30271140199403,503.6048501037493,492.6493624693574,472.82264255030896,460.7394860373881,7.495563691595237,8.171607310256176,-0.6760436186609393
2024-02-14,501.360069193485,502.6115670975355,491.4773035440339,497.814208984375,698200,MCK,498.3157872048574,496.93431600903943,502.6115670975355,491.4773035440339,473.46348446847924,461.36283811401023,7.084010918300862,7.954088031865114,-0.8700771135642515
2024-02-15,497.8837037449085,505.3628342805463,497.4367618671329,502.263916015625,720000,MCK,500.73680397705317,497.62505160694843,505.3628342805463,497.4367618671329,474.3042150054901,462.02371730686843,7.035802201907245,7.77043086587354,-0.7346286639662951
2024-02-16,504.49871406643723,509.01796479718894,502.9889932114964,507.6075744628906,739000,MCK,506.02831163450327,499.18092779200083,509.01796479718894,499.18092779200083,475.28782439741354,462.6883380102852,7.344126505917359,7.685169993882305,-0.34104348796494577
2024-02-20,509.63382463819966,514.2723209748253,502.65134601263827,503.3168029785156,650900,MCK,507.4685736510447,502.6046197132521,514.2723209748253,502.6046197132521,476.3640546342691,463.3579877502774,7.159713617075852,7.580078718521015,-0.4203651014451628
2024-02-21,505.650889005074,505.650889005074,499.38351801355077,503.9921875,524100,MCK,503.6693708809247,505.0365966821484,505.650889005074,499.38351801355077,477.36618783541337,463.9963158227749,6.987515234459977,7.461566021708808,-0.47405078724883065
2024-02-22,503.2770657519021,511.6997608084047,500.9925849178367,506.85272216796875,630300,MCK,505.70553341152805,504.3529837815365,511.6997608084047,500.9925849178367,478.42071516699747,464.6521039975893,7.001162968209087,7.3694854110088635,-0.36832244279977644
2024-02-23,509.0080726643672,513.4776737296686,505.92903840185284,512.7526245117188,687200,MCK,510.29185232690185,505.02925859653226,513.4776737296686,505.02925859653226,479.4580606377695,465.4110126423855,7.402717784542915,7.376131885715674,0.02658589882724094
2024-02-26,517.1725517605862,519.2881676843442,514.997343583603,515.692626953125,651900,MCK,516.7876724954147,507.6605554617171,519.2881676843442,507.6605554617171,480.59746105583724,466.25600709710784,7.8674949119303506,7.47440449095861,0.39309042097174096
2024-02-27,512.9412377328857,521.1454468085685,512.9412377328857,515.4739990234375,623600,MCK,515.6254803244444,512.2241139785658,521.1454468085685,512.2241139785658,481.72474199699957,467.0708806722515,8.124538069629978,7.604431206692884,0.5201068629370935
2024-02-28,516.8745810172317,520.4800638283532,513.5571173209441,520.142333984375,475200,MCK,517.763524037726,513.9247971515051,520.4800638283532,513.5571173209441,483.2348704580898,467.88040345529464,8.605740619473693,7.804693089249046,0.8010475302246469
2024-02-29,519.9433886505634,521.6736729408625,516.2739696334941,518.50146484375,1421300,MCK,519.0981240171675,515.8441605946156,521.6736729408625,515.8441605946156,484.9208773505538,468.650304985973,8.753784502070914,7.99451137181342,0.759273130257494
2024-03-01,520.5898799481924,528.2767427190304,519.8241555726247,522.9466552734375,833200,MCK,522.9093583783213,517.4711423058916,528.2767427190304,517.4711423058916,486.53362489809,469.45383028371333,9.12461715659282,8.2205325287693,0.9040846278235186
2024-03-04,523.4935471627315,532.02570460735,521.7235076282665,531.2003173828125,765400,MCK,527.1107691952901,520.1902503421064,532.02570460735,520.1902503421064,488.1837674696409,470.2846647320361,9.969583112232897,8.57034264546202,1.3992404667708769
2024-03-05,534.2631579215605,534.2631579215605,521.5444620661732,525.8801879882812,905100,MCK,528.9877414743938,523.6505097686983,534.2631579215605,521.5444620661732,489.86583791188275,471.0940725751916,10.093582207119482,8.874990557793513,1.218591649325969
2024-03-06,526.4767271316896,528.4954325223656,522.11120085599,522.1211547851562,713600,MCK,524.8011288238004,526.319125621546,528.4954325223656,522.11120085599,491.43209484390206,471.8426688346355,9.77584002073155,9.055160450381122,0.7206795703504287
2024-03-07,525.4624266436923,526.4668024302068,518.0341245068821,525.5320434570312,1004200,MCK,523.8738492594531,525.5601272226731,526.4668024302068,518.0341245068821,492.8921517184411,472.536290380036,9.687584811252634,9.181645322555424,0.5059394886972104
2024-03-08,522.1610729921016,525.5122702656562,520.579915311561,524.4680786132812,678800,MCK,523.18033429565,524.7169882410631,525.5122702656562,520.579915311561,494.3320812182561,473.19656788364904,9.423164476561169,9.229949153356573,0.1932153232045959
2024-03-11,523.2648337589175,524.1896388740839,520.1423343197332,523.7222290039062,591300,MCK,522.8297589891602,523.9486612683565,524.1896388740839,520.1423343197332,495.7244756045561,473.8646229620571,9.049113083373356,9.19378193935993,-0.14466885598657342
2024-03-12,524.4581263147271,528.4855228091768,520.6196117114796,528.2766723632812,516500,MCK,525.4599832996662,523.3892101287584,528.4855228091768,520.6196117114796,497.1218973852907,474.600019306212,9.01624649819496,9.158274851126937,-0.1420283529319768
2024-03-13,530.3650542419434,530.3650542419434,515.0310233579553,517.3082885742188,860100,MCK,523.2673551040152,524.4245967142123,530.3650542419434,515.0310233579553,498.4237674084847,475.298710118708,8.012776290187503,8.92917513893905,-0.9163988487515464
2024-03-14,518.0938730322054,527.9386753197198,516.5028220762066,526.4072265625,753200,MCK,522.2356492476579,523.8459759091138,527.9386753197198,516.5028220762066,499.5705183653266,476.0154771122102,7.861109199899943,8.715561951131228,-0.8544527512312854
2024-03-15,521.6240680789849,530.9318437912374,521.4351254639097,530.6633911132812,1365600,MCK,526.1636071118533,523.0408125783858,530.9318437912374,521.4351254639097,500.56837593902196,476.78062410538155,7.992219515550119,8.570893464015006,-0.5786739484648873
2024-03-18,529.4700627508593,533.6864024044611,525.6117004577247,526.7553100585938,569600,MCK,528.8808689179098,524.6022098451195,533.6864024044611,524.6022098451195,501.6756531818771,477.59518697122274,7.692106094496921,8.39513599011139,-0.7030298956144687
2024-03-19,528.9727991465973,532.9007778739476,526.6557790758801,531.3594360351562,461300,MCK,529.9721980328953,526.7415393815147,532.9007778739476,526.6557790758801,502.80441025146354,478.4155054964118,7.736595872776547,8.263427966644421,-0.5268320938678741
2024-03-20,532.6621203476171,532.7814461212365,526.5464013234882,527.7894287109375,400200,MCK,529.9448491258198,528.356868707205,532.7814461212365,526.5464013234882,503.91777142855574,479.2222590011177,7.398499292883798,8.090442231892297,-0.6919429390084986
2024-03-21,527.0436408571521,532.1052753589765,523.732198722911,531.2003173828125,499500,MCK,528.5203580804631,529.1508589165123,532.1052753589765,523.732198722911,504.99896805551043,480.02453805051164,7.321389111033341,7.936631607720506,-0.6152424966871655
2024-03-22,531.84676880731,532.9108076978016,527.0337393179999,529.599365234375,426700,MCK,530.3476702643716,528.8356084984878,532.9108076978016,527.0337393179999,506.0137107907327,480.87628505430746,7.049829234653657,7.759271133107137,-0.7094418984534796
2024-03-25,530.3451310756833,531.3395530433431,528.5551836728357,529.5794067382812,310400,MCK,529.9548186325358,529.5916393814297,531.3395530433431,528.5551836728357,506.9440669758604,481.7292370013409,6.755136582705859,7.558444223026882,-0.8033076403210231
2024-03-26,530.0268799912197,535.2973039947822,528.7042818515107,533.0996704101562,538700,MCK,531.7820340619172,529.7732290069828,535.2973039947822,528.7042818515107,507.9078877818797,482.55604843093795,6.728089167310031,7.392373211883513,-0.6642840445734812
2024-03-27,535.347056156643,536.9779227934237,528.296638208682,536.2520141601562,426400,MCK,534.2184078297262,530.7776315344499,536.9779227934237,528.296638208682,508.909164060846,483.35576951095914,6.881693808611772,7.290237331229164,-0.4085435226173928
2024-03-28,536.9878611829577,536.9878611829577,532.264356848478,533.8554077148438,751800,MCK,535.0238717323093,532.498019682088,536.9878611829577,532.264356848478,509.89858929578025,484.3078157992344,6.732433183696685,7.178676501722669,-0.44624331802598416
2024-04-01,533.2786928220384,535.2575828443516,528.1275942665328,533.4974365234375,540600,MCK,532.5403266140901,533.7609457071987,535.2575828443516,528.1275942665328,510.8566687856682,485.1410939823768,6.510212106927952,7.044983622763726,-0.5347715158357742
2024-04-02,529.6788734057819,533.9349677701322,528.0977158071954,530.29541015625,546300,MCK,530.5017417848399,533.1506361606444,533.9349677701322,528.0977158071954,511.75073509721335,485.9094260023928,6.0064845205452,6.837283802320021,-0.8307992817748211
2024-04-03,532.4533061044867,538.8871871659882,531.7671525121668,537.077392578125,473000,MCK,535.0462595901917,531.8261889727421,538.8871871659882,531.7671525121668,512.7909159302358,486.7072085750635,6.08438903187016,6.6867048482300495,-0.6023158163598898
2024-04-04,539.6230873026525,539.9711107020213,530.693137054007,531.806884765625,443800,MCK,535.5235549560764,533.4362242814668,539.9711107020213,530.693137054007,513.8670628033678,487.49136458190486,5.655648193513684,6.480493517286777,-0.8248453237730926
2024-04-05,534.0841443917384,538.2607286150384,530.185966746153,535.7448120117188,312200,MCK,534.5689129411621,534.4798896187716,538.2607286150384,530.185966746153,514.9093185986927,488.25533644421273,5.569424944421144,6.298279802713651,-0.7288548582925074
2024-04-08,532.0356454893838,534.2631409226944,528.0579577314153,529.2611694335938,410700,MCK,530.9044783942718,534.5244012799669,534.5244012799669,528.0579577314153,515.9149357463623,488.93976440211765,4.921188233692874,6.022861488909496,-1.101673255216622
2024-04-09,529.8876366286258,530.3152307602944,515.528182030923,524.3388061523438,572300,MCK,525.0174638930467,532.7144398371194,532.7144398371194,515.528182030923,516.7591598520397,489.5289687572222,3.964561395345072,5.611201470196612,-1.6466400748515397
2024-04-10,526.5664031937422,535.038838106816,526.2978898078117,527.0337524414062,452900,MCK,528.734220887444,528.865951865083,535.038838106816,526.2978898078117,517.6764772853796,490.24756237808464,3.384868717187601,5.16593491959481,-1.7810662024072093
2024-04-11,527.5507481366055,527.5507481366055,519.7346069211146,520.4505615234375,486300,MCK,523.8216661794409,528.8000863762636,528.8000863762636,519.7346069211146,518.455813662461,491.0423065819944,2.3669647084549297,4.606140877366834,-2.2391761689119045
2024-04-12,518.5910644607607,525.0448534233387,518.5910644607607,520.0926513671875,484400,MCK,520.5799084280119,526.3108762778522,526.3108762778522,518.5910644607607,518.951949693441,491.78353115970594,1.5139363733827622,3.98769997657002,-2.473763603187258
2024-04-15,521.077170798365,526.4569675545625,519.7148174020451,519.7645263671875,372100,MCK,521.75337053054,523.445392352932,526.4569675545625,519.7148174020451,519.5011536992075,492.5227026287883,0.8021812803960984,3.350596237335236,-2.5484149569391374
2024-04-16,525.7210543501378,528.2469250392156,522.6383704713829,525.40283203125,362600,MCK,525.5022954729966,522.599381441736,528.2469250392156,522.599381441736,519.9876224506769,493.30357930232344,0.6851761034753281,2.8175122105632546,-2.1323361070879265
2024-04-17,527.6601845910932,529.0324917749577,521.3456293148928,522.9863891601562,538000,MCK,525.256173710275,524.0508384573664,529.0324917749577,521.3456293148928,520.4162794090832,494.04415402157616,0.3929324326555843,2.3325962549817207,-1.9396638223261364
2024-04-18,525.4723953711956,525.4723953711956,512.0079449011017,515.916015625,631200,MCK,519.7171878171232,524.6535060838207,525.4723953711956,512.0079449011017,520.6898571727515,494.71512946425776,-0.40452967045109745,1.7851710698951573,-2.1897007403462547
2024-04-19,517.109344950949,522.8968877261216,514.1260792335216,521.9024658203125,645500,MCK,519.0086944327262,522.185346950472,522.8968877261216,514.1260792335216,520.8607671250279,495.3375838551989,-0.547160309208266,1.3187047940744727,-1.8658651032827387
2024-04-22,522.0715348179449,530.2456542867811,514.9315923489416,524.3786010742188,893500,MCK,522.9068456319716,520.597020691599,530.2456542867811,514.9315923489416,521.3950989278283,495.97199049804294,-0.455146056536023,0.9639346239523736,-1.4190806804883966
2024-04-23,525.7409365180796,529.8876590025716,524.9454111070897,529.032470703125,490800,MCK,527.4016193327166,521.7519331617852,529.8876590025716,521.7519331617852,522.023497305403,496.65216293153276,-0.00661940889960988,0.7698238173819769,-0.7764432262815868
2024-04-24,528.6745270429592,534.1538019782181,526.3277056879288,532.4334106445312,583500,MCK,530.3973613384094,524.5767762472509,534.1538019782181,524.5767762472509,522.7540729674039,497.4082677084436,0.616165844932425,0.7390922228920666,-0.12292637795964156
2024-04-25,535.188044975602,539.2751053357033,531.737368646444,536.9282836914062,635600,MCK,535.7822006622889,527.4870687928301,539.2751053357033,527.4870687928301,523.5183985683279,498.1705205593184,1.4556465478856353,0.8824030878907804,0.5732434599948549
2024-04-26,534.9890917273023,541.7710571731051,531.6975572756664,540.2694702148438,654700,MCK,537.1817940977294,531.6346347275595,541.7710571731051,531.6346347275595,524.2957187061853,498.8796015873323,2.3633041825773944,1.1785833068281033,1.184720875749291
2024-04-29,539.5932139452416,540.2197046064355,532.5328426359953,533.0996704101562,1209200,MCK,536.3613578994572,534.4082144126444,540.2197046064355,532.5328426359953,525.0082097846336,499.6562123950618,2.475549875679121,1.4379766205983069,1.0375732550808143
2024-04-30,533.1891561949798,536.1823759886969,530.772718129296,534.2134399414062,795100,MCK,533.5894225635948,535.3847861560507,536.1823759886969,530.772718129296,525.5594320032153,500.4236282003145,2.624127975323745,1.6752068915433946,0.9489210837803503
2024-05-01,529.3308919467935,532.1152617944005,515.3791809111561,528.1375732421875,1170800,MCK,526.2407269736344,534.4871043598228,534.4871043598228,515.3791809111561,525.9348750696671,501.14946485196816,2.2259462030241366,1.7853547538395431,0.4405914491845935
2024-05-02,526.6956580147015,530.8224730658441,521.9621993908946,527.3121948242188,823300,MCK,526.6981313239147,530.3639156667286,530.8224730658441,521.9621993908946,526.3954502785268,501.88081905697015,1.8227713657089453,1.7928380762134237,0.029933289495521542
2024-05-03,527.043628723986,527.043628723986,517.5866663540321,525.9099731445312,866900,MCK,524.3959742366338,528.5310234953217,528.5310234953217,517.5866663540321,526.769259095029,502.59498713101334,1.3742631812195896,1.709123097214657,-0.33485991599506737
2024-05-06,528.2766917378857,531.6477966176773,527.8391436647443,530.4345703125,642700,MCK,529.5495505832018,526.4634988659777,531.6477966176773,526.4634988659777,527.154413060155,503.30623684896227,1.3681432873270296,1.6409271352371315,-0.2727838479101019
2024-05-07,530.5737902467274,543.5808456354031,530.5439891511019,542.7057495117188,984400,MCK,536.8510936362378,528.0065247245898,543.5808456354031,528.0065247245898,527.5556814829715,504.0765712694044,2.3266546081484876,1.7780726298194027,0.5485819783290848
2024-05-08,549.229180795128,562.8527735503048,535.6155419705308,540.5776977539062,1378600,MCK,547.0687985174675,532.4288091804137,562.8527735503048,532.4288091804137,528.184547846832,504.95464492191576,2.8813513191871607,1.9987283676929544,0.8826229514942063
2024-05-09,540.8561596510071,553.3560506309077,540.8561596510071,552.0234985351562,977400,MCK,546.7729671170196,539.7488038489406,553.3560506309077,539.7488038489406,528.7647367084178,505.9998035832539,4.196162179967473,2.4382151301478583,1.7579470498196148
2024-05-10,553.1670935510631,557.3635248645561,553.0278599173756,556.7867431640625,636900,MCK,555.0863053742644,543.26088548298,557.3635248645561,543.26088548298,529.4845003355598,507.20268884305676,5.558439067728386,3.062259917663964,2.4961791500644224
2024-05-13,555.5835700084928,560.2175497099698,550.4921343480636,551.516357421875,683300,MCK,554.4524028721003,549.1735954286222,560.2175497099698,549.1735954286222,530.1153612254353,508.3244930617627,6.141976352862571,3.6782032047036854,2.4637731481588854
2024-05-14,551.506347653697,553.6344250331421,546.7629965818527,548.5032348632812,626000,MCK,550.1017510329933,551.8129991503613,553.6344250331421,546.7629965818527,530.5751808621894,509.3794741659151,6.288806598901942,4.200323883543337,2.088482715358605
2024-05-15,545.6691671699236,552.5307032796461,545.6691671699236,548.4833984375,539600,MCK,548.0881090142484,550.9573750916772,552.5307032796461,545.6691671699236,530.9571882129865,510.41151306243466,6.330594836347359,4.626378074104142,1.7042167622432167
2024-05-16,550.0843934928204,555.3051089239872,549.4977185095887,552.6599731445312,758500,MCK,551.8867985177319,549.5227420529628,555.3051089239872,549.4977185095887,531.4989016068652,511.4654982253836,6.624365428224792,5.025975544928272,1.5983898832965195
2024-05-17,556.3293672240204,561.719117151591,554.8178264508736,561.37109375,575700,MCK,558.5593511441213,550.7047702853474,561.719117151591,550.7047702853474,532.1926116445585,512.5423816814998,7.473940436790372,5.515568523300693,1.958371913489679
2024-05-20,561.848364755617,563.0018674359981,555.0863080797982,560.8539428710938,576300,MCK,560.1976207856268,554.6320607147343,563.0018674359981,554.6320607147343,532.932957374358,513.6325192963071,8.013134570690681,6.0150817327786905,1.9980528379119908
2024-05-21,561.1124986579972,561.8483611366534,549.0998653758177,549.3087158203125,876800,MCK,555.3423602476952,557.4148407501805,561.8483611366534,549.0998653758177,533.5832093995288,514.6538425020424,7.423275571026693,6.296720500428291,1.1265550705984015
2024-05-22,548.3740199261844,557.5525154950417,545.7487312991452,554.2709350585938,743900,MCK,551.4865504447413,556.3786004989379,557.5525154950417,545.7487312991452,534.1037407424302,515.6128190638606,7.2723861450442655,6.491853629351486,0.7805325156927791
2024-05-23,554.9770212928648,561.072772540084,554.6687528892064,554.9173583984375,695200,MCK,556.4089762801482,553.9325754718395,561.072772540084,553.9325754718395,534.7665731659529,516.5951702872188,7.122858272651911,6.618054558011572,0.5048037146403388
2024-05-24,556.2200334216809,560.7147796315951,554.9770059099797,557.6022338867188,512300,MCK,557.3785132124935,555.1707758759939,560.7147796315951,554.9770059099797,535.4694304452496,517.5199744052882,7.138712733259808,6.722186193061219,0.41652654019858915
2024-05-28,554.2908375347082,554.5692441286698,543.9587785658657,546.1962280273438,1144600,MCK,549.7537720641469,556.2746445442438,556.2746445442438,543.9587785658657,535.9412337442955,518.2548048416587,6.159900658250194,6.609729086099015,-0.4498284278488205
2024-05-29,546.9320958923229,556.9658405026344,544.7344014387356,555.7725219726562,1037500,MCK,551.1012149515873,553.0142083041953,556.9658405026344,544.7344014387356,536.3856406649691,519.0306469234231,6.086747687333059,6.505132806345824,-0.41838511901276476
2024-05-30,556.1106022993378,561.7788199061777,555.2852757296367,557.8309936523438,599100,MCK,557.751422896874,552.0577116278913,561.7788199061777,552.0577116278913,536.9412251622485,519.8728177068562,6.124278027161381,6.428961850508935,-0.3046838233475544
2024-05-31,557.8607763595584,567.4072637760024,555.8222234412873,566.412841796875,1165400,MCK,561.8757763434307,554.9045672623827,567.4072637760024,554.9045672623827,537.5798437066009,520.7488075675783,6.76848167214996,6.4968658148371405,0.27161585731281956
2024-06-03,563.2372086712513,571.9279534419425,563.2372086712513,570.583984375,1055900,MCK,567.2465887898612,558.3901718029067,571.9279534419425,558.3901718029067,538.3543683207888,521.6766681881496,7.5288066518387495,6.703253982237463,0.8255526696012865
2024-06-04,568.9314701012512,572.1171002837327,566.711511979846,571.1514282226562,488600,MCK,569.7278776468715,562.818380296384,572.1171002837327,562.818380296384,539.1419724684388,522.5778416295857,8.083970670475424,6.979397319885056,1.1045733505903677
2024-06-05,571.8283188586006,577.224002712105,570.4744458870033,576.9949951171875,480900,MCK,574.1304406437241,566.2731289716278,577.224002712105,566.2731289716278,540.0254849086625,523.4847759422614,8.892956697512659,7.362109195410577,1.5308475021020822
2024-06-06,577.3931840481125,584.5906692954526,575.7008125633911,583.4757080078125,495500,MCK,580.2900934786921,570.201784807676,584.5906692954526,570.201784807676,540.995646096998,524.4517669394388,9.942413368688221,7.878170030066106,2.0642433386221155
2024-06-07,587.8858623163391,589.1402091093637,581.6042243342004,584.2622680664062,541800,MCK,585.7231409565774,575.245939143184,589.1402091093637,575.245939143184,542.025740759535,525.4674524101905,10.714078932047755,8.445351810462435,2.2687271215853198
2024-06-10,583.9038111849209,589.4587492407968,580.7878739111338,588.62255859375,524100,MCK,585.6932482326504,580.4845400498807,589.4587492407968,580.4845400498807,543.039128289542,526.4688587926611,11.544391892051408,9.065159826780231,2.4792320652711766
2024-06-11,588.6226033069377,588.6524368804653,581.7834236680342,588.6325073242188,445800,MCK,586.922742794914,583.0888941412655,588.6524368804653,581.7834236680342,544.1267766131583,527.4917226994133,12.064155598279171,9.66495898108002,2.399196617199152
2024-06-12,587.348349616786,587.348349616786,572.4356940140538,582.1617431640625,603400,MCK,582.323534102922,585.0058184680897,587.348349616786,572.4356940140538,545.16321245952,528.4569737783667,11.817708305786596,10.095508846021335,1.7221994597652603
2024-06-13,581.5544045662506,589.7473955127107,576.397693288921,588.4134521484375,529100,MCK,584.0282363790799,583.664676285506,589.7473955127107,576.397693288921,546.1428519952977,529.4668839627667,11.988659909501507,10.47413905871737,1.5145208507841375
2024-06-14,588.9311666659959,589.6678310657803,583.3264654481708,587.2985229492188,728200,MCK,587.3059965322915,583.846456332293,589.6678310657803,583.3264654481708,547.1785008268221,530.522781815095,11.897033225186533,10.758717892011203,1.1383153331753295
2024-06-17,588.174589346564,596.0589766679086,586.3527970896002,594.7648315429688,529900,MCK,591.3377986617604,585.5762264322923,596.0589766679086,585.5762264322923,548.3138785412341,531.6115985699633,12.285270175436267,11.064028348696217,1.2212418267400498
2024-06-18,595.3820114194972,601.4347021749019,592.793660533692,600.2201538085938,462200,MCK,597.4576319841713,588.4570125470264,601.4347021749019,588.4570125470264,549.644941613032,532.7799386796971,12.884623748240983,11.428147428605172,1.4564763196358115
2024-06-20,600.2998617415285,602.6094421024071,597.5522564715034,600.52880859375,531600,MCK,600.2475922272972,592.9573222655988,602.6094421024071,592.9573222655988,551.149544179717,533.9543520158784,13.23199147334833,11.788916237553805,1.4430752357945256
2024-06-21,602.1314491357912,603.5948737478026,598.189286427579,600.3694458007812,1166700,MCK,601.0712637779884,596.602457246448,603.5948737478026,596.602457246448,552.5962850375279,535.1363811614538,13.340641046875362,12.099261199418116,1.241379847457246
2024-06-24,603.0972006782835,606.8303466213048,601.842853919694,605.0782470703125,567000,MCK,604.2121620723987,598.8368605122182,606.8303466213048,598.8368605122182,554.2040949553871,536.329954308924,13.649366129722466,12.409282185478986,1.2400839442434801
2024-06-25,609.418659783678,609.418659783678,601.6537280819913,601.7034912109375,584300,MCK,605.5486347150712,601.5245112923085,609.418659783678,601.5245112923085,555.9034694811282,537.4277095872847,13.466485130296746,12.62072277444254,0.8457623558542071
2024-06-26,600.2500385293848,604.2320606645545,593.5204113992143,596.8652954101562,814000,MCK,598.7169515008275,603.5365730036899,604.2320606645545,593.5204113992143,557.442741100534,538.4719473998707,12.783785136606866,12.653335246875406,0.13044988973146054
2024-06-27,596.8853278432066,597.5125012984621,581.0567628233678,590.5339965820312,812200,MCK,591.4971471367669,601.1267622522587,601.1267622522587,581.0567628233678,558.7626381338094,539.3751302922432,11.598161187892742,12.442300435078874,-0.8441392471861313
2024-06-28,590.1556689021156,590.1556689021156,579.7128243168139,581.4151000976562,1240800,MCK,585.3598155546754,596.3119546945128,596.3119546945128,579.7128243168139,559.9647109706975,540.1904951898904,9.809647420911347,11.915769832245369,-2.106122411334022
2024-07-01,583.78436964842,591.3701173648188,580.3200296471529,583.7047729492188,768400,MCK,584.7948224024026,590.8358851245941,591.3701173648188,580.3200296471529,561.266263662403,540.9780604175772,8.47925130763565,11.228466127323426,-2.7492148196877757
2024-07-02,583.1074214176434,583.4956831715907,572.9632172538295,582.2015380859375,554400,MCK,580.4419649822503,587.8153537634984,587.8153537634984,572.9632172538295,562.4949290733935,541.6778480992108,7.220372354492611,10.426847372757264,-3.206475018264653
2024-07-03,578.309078172517,582.2612668773703,576.1189537683902,580.7281494140625,313900,MCK,579.3543620580849,584.1286593728744,584.1286593728744,576.1189537683902,563.6238794019158,542.509489164872,6.034252456074341,9.54832838942068,-3.514075933346339
2024-07-05,579.8919430717514,585.2577325264685,576.6266557283417,585.1183471679688,457300,MCK,581.7236696236325,581.7415107154796,585.2577325264685,576.6266557283417,564.7103204077341,543.3669088565686,5.386405035048824,8.71594371854631,-3.3295386834974856
2024-07-08,584.8992641619267,589.1500919782237,584.8992641619267,586.88037109375,420900,MCK,586.4572478489567,581.732590169556,589.1500919782237,581.732590169556,565.8315181379451,544.2927955526745,4.958009049292855,7.964356784695619,-3.0063477354027643
2024-07-09,588.7917062233382,590.1256494904601,583.2964967362967,584.1725463867188,530600,MCK,586.5965997092035,584.0949190092564,590.1256494904601,583.2964967362967,566.8478061188833,545.1831023436057,4.349860832549439,7.241457594266383,-2.8915967617169445
2024-07-10,584.1725913754168,585.735542332086,582.2015098905841,584.1825561523438,398600,MCK,584.0730499376076,585.34575935923,585.735542332086,582.2015098905841,567.785631235681,546.0406749709331,3.8246188681700914,6.558089849047125,-2.7334709808770334
2024-07-11,578.8665014750522,583.7743361527424,568.4435883653377,572.6445922851562,1192300,MCK,575.9322545695721,584.7094046484187,584.7094046484187,568.4435883653377,568.5770491690832,546.7926294768583,2.4491117343859514,5.73629422611489,-3.287182491728939
2024-07-12,573.4609934662715,579.6530699450726,571.1116148134604,574.0682373046875,594400,MCK,574.5734788823729,580.3208296089954,580.3208296089954,571.1116148134604,569.3967302954587,547.478081149337,1.4570922238979165,4.880453825671496,-3.4233616017735793
2024-07-15,577.6619864862137,584.4413763999669,575.0537669797134,575.6610107421875,860200,MCK,578.2045351520203,577.4471542456841,584.4413763999669,575.0537669797134,570.4360064590264,548.1854407643468,0.7903227708214899,4.062427614701495,-3.2721048438800047
2024-07-16,576.2384210131922,581.5245527020638,576.2384210131922,581.325439453125,703000,MCK,578.8317085453933,577.8258446988523,581.5245527020638,576.2384210131922,571.478678003456,548.9370641409915,0.7107817828640464,3.3920984483340053,-2.681316665469959
2024-07-17,583.3364312162083,584.4514534721884,577.2240725499327,579.4440307617188,741900,MCK,581.1139970000121,578.3287766221229,584.4514534721884,577.2240725499327,572.6130384587236,549.6911487768764,0.49027938349343003,2.8117346353658905,-2.3214552518724605
2024-07-18,578.388717755213,582.7291073196222,574.9343427024959,575.8302612304688,788200,MCK,577.97060725195,579.7213868110675,582.7291073196222,574.9343427024959,573.5814595920987,550.3679363261268,0.023655952621993492,2.254118898817111,-2.2304629461951175
2024-07-19,583.9237374876084,585.3174695727079,575.5017385956583,577.5226440429688,562000,MCK,580.5663974247359,578.8459970315088,585.3174695727079,575.5017385956583,574.4557656678685,551.00572357542,-0.2071968922502947,1.76185574060363,-1.9690526328539246
2024-07-22,577.6221908059987,582.3010792454535,577.343480835584,580.3797607421875,461600,MCK,579.411627907306,579.7061972281224,582.3010792454535,577.343480835584,575.1026222556653,551.6435850512487,-0.1577851463606521,1.3779275632107737,-1.5357127095714258
2024-07-23,583.7545247987531,589.8370492386808,581.2856296719117,583.107421875,568400,MCK,584.4961563960865,579.5589125677142,589.8370492386808,579.5589125677142,575.8570860412467,552.3109113748322,0.1003170827671056,1.12240546712204,-1.0220883843549344
2024-07-24,585.8849795189874,588.7420759231622,580.9970126666577,587.33837890625,691600,MCK,585.7406117537644,582.0275344819004,588.7420759231622,580.9970126666577,576.4701721688366,552.9773362521983,0.6389029561404413,1.0257049649257204,-0.38680200878527904
2024-07-25,590.4443313720885,597.7712382479453,589.7076669254456,593.0525512695312,733100,MCK,592.7439469537527,583.8840731178324,597.7712382479453,583.8840731178324,577.2360030504698,553.6756821379524,1.5094224134766137,1.122448454635899,0.3869739588407146
2024-07-26,594.5457614726921,600.4590668829525,591.3700963308702,597.4625854492188,634100,MCK,595.9593775339333,588.3140100357925,600.4590668829525,588.3140100357925,578.1531555804885,554.364168221339,2.5260495306982875,1.4031686698483767,1.1228808608499108
2024-07-29,598.6970831062655,604.6103887114305,595.4616899551078,603.9832153320312,686600,MCK,600.6880942762087,592.1366937848629,604.6103887114305,592.1366937848629,579.2051552857278,555.081171749357,3.8139295758033995,1.8853208510393813,1.9286087247640182
2024-07-30,603.4057833624604,613.3807684083336,602.9478289359538,606.9796142578125,750200,MCK,606.6784987411401,596.4123940305358,613.3807684083336,596.4123940305358,580.3009892901958,555.8999454485305,5.018517792392004,2.511960239309906,2.506557553082098
2024-07-31,610.4837861975706,618.2786113151768,605.0085059197737,614.246826171875,664700,MCK,612.004432401099,601.545446385838,618.2786113151768,601.545446385838,581.3698909153354,556.7812512799469,6.48481301172535,3.306530793792995,3.1782822179323555
2024-08-01,618.208967371821,628.5323554121547,617.8406351667821,626.2626342773438,880900,MCK,622.7111480570254,606.7749393934685,628.5323554121547,606.7749393934685,582.6201614607634,557.7765594175607,8.518244807232236,4.348873596480844,4.169371210751392
2024-08-02,628.0048294863982,634.6448353545254,618.4977016400741,627.546875,881700,MCK,627.1735603702494,614.7430437252469,634.6448353545254,614.7430437252469,584.0567854632145,558.8199974313716,10.116761914838548,5.502451260152385,4.614310654686164
2024-08-05,623.2164211336767,625.1277749376617,603.7044742534187,610.1951904296875,1153100,MCK,615.5609651886111,620.9583020477482,625.1277749376617,603.7044742534187,585.3382737580919,559.721007250261,9.869690658324771,6.3758991397868625,3.4937915185379085
2024-08-06,610.195183154826,622.937642964211,607.9055323764027,611.5590209960938,714400,MCK,613.1493448728834,618.2596336181797,622.937642964211,607.9055323764027,586.4730811299465,560.6198271479498,9.672436805574876,7.035206672944465,2.6372301326304104
2024-08-07,613.7888767509753,622.3601646365078,607.8158436721372,614.734619140625,873500,MCK,614.6748760500614,615.7044892455315,622.3601646365078,607.8158436721372,587.6190083866979,561.5442194159737,9.660990057194113,7.560363349794395,2.1006267073997176
2024-08-08,571.0020924446426,574.9044572017046,533.2923372135582,545.0492553710938,4088400,MCK,556.0620355577498,615.1896826477964,615.1896826477964,533.2923372135582,587.7451736565699,561.8432037004328,3.9829786566801886,6.844886411171554,-2.861907754491366
2024-08-09,546.034775713434,547.5180692110496,530.0270299976254,538.7178344726562,1742100,MCK,540.5744273486913,585.6258591027731,585.6258591027731,530.0270299976254,587.534637904512,561.9601392847405,-1.016066457064312,5.272695837524381,-6.288762294588693
2024-08-12,537.5729984899614,551.818680519512,535.5819873844431,548.5235595703125,1128200,MCK,543.3743064910573,563.1001432257322,563.1001432257322,535.5819873844431,587.2470955763957,562.0941603693221,-4.1388950545488115,3.3903776591097428,-7.529272713658554
2024-08-13,547.5280678752973,554.2178361939531,547.3289546075387,549.2702026367188,983400,MCK,549.586265328377,553.2372248583947,554.2178361939531,547.3289546075387,587.0013053560947,562.2905745313477,-6.478827471160457,1.4165366330557028,-7.89536410421616
2024-08-14,550.544450171416,555.4920834700974,548.523544788573,550.3453369140625,774000,MCK,551.2263538360372,551.4117450933859,555.4920834700974,548.523544788573,586.6809006570182,562.5176344889035,-8.152509365513538,-0.4972725666581454,-7.655236798855393
2024-08-15,549.9770422444328,552.6549547222847,537.632748576533,542.9586791992188,1386800,MCK,545.8058561856174,551.3190494647115,552.6549547222847,537.632748576533,586.202460227793,562.672216348116,-9.960141557823135,-2.3898463648911434,-7.570295192931992
2024-08-16,543.4464894840078,547.1298113116188,538.060770576786,545.2483520507812,877200,MCK,543.4713558557985,548.5624528251644,548.5624528251644,538.060770576786,585.5892785320345,562.8073817203485,-11.080219753863275,-4.12792104268557,-6.952298711177705
2024-08-19,547.1298608618732,548.3643388616891,544.9795954715357,545.935302734375,691100,MCK,546.6022744823683,546.0169043404815,548.3643388616891,544.9795954715357,584.9155221521081,562.9555841245531,-11.776704100743473,-5.657677654297151,-6.1190264464463215
2024-08-20,546.8212465261071,548.1850843306953,543.4962918641326,546.0547485351562,558400,MCK,546.1393428140228,546.3095894114249,548.1850843306953,543.4962918641326,584.123846189257,563.074793474396,-12.17864682600623,-6.961871488638967,-5.216775337367262
2024-08-21,546.7017152378552,556.4875509008983,545.2283866038018,555.73095703125,601100,MCK,551.0371524434513,546.2244661127238,556.4875509008983,545.2283866038018,583.4307242734731,563.2349262815075,-11.582879943534977,-7.886073179618169,-3.6968067639168076
2024-08-22,560.4696267138321,562.4407082666224,553.4711935063599,558.3790893554688,989300,MCK,558.6901544605707,548.6308092780876,562.4407082666224,548.6308092780876,582.8660725067862,563.4964245599723,-10.772865363672167,-8.463431616428968,-2.309433747243199
2024-08-23,557.4831519099366,559.9719159809631,548.5435308102788,549.66845703125,710200,MCK,553.9167639331072,553.6604818693291,559.9719159809631,548.5435308102788,582.2979371033898,563.730574781455,-10.710336116268081,-8.91281251639679,-1.7975235998712904
2024-08-26,549.5190687631358,552.5055854411963,542.5505298476613,545.0093994140625,559400,MCK,547.396145866514,553.7886229012181,553.7886229012181,542.5505298476613,581.5652952931385,563.8540736442181,-10.910953568632863,-9.312440726844006,-1.5985128417888568
2024-08-27,547.8566110079787,552.0875097859456,546.612229014459,548.2448120117188,463800,MCK,548.7002904550255,550.592384383866,552.0875097859456,546.612229014459,580.7931811715932,563.9858409992077,-10.685695541257928,-9.58709168972679,-1.0986038515311378
2024-08-28,549.9073106364316,555.5916082879344,549.5887415776532,554.1979370117188,507900,MCK,552.3213993784345,549.6463374194458,555.5916082879344,549.5887415776532,580.0128531859267,564.1633658635805,-9.912543861220456,-9.652182124025524,-0.2603617371949323
2024-08-29,554.197967576038,558.6378835681933,553.0133135074611,553.6504516601562,498700,MCK,554.8749040779621,550.9838683989401,558.6378835681933,550.9838683989401,579.1611986278025,564.4030701204173,-9.237508825290433,-9.569247464278506,0.33173863898807276
2024-08-30,554.2086280089658,560.5979489118524,553.381285144602,559.2722778320312,954200,MCK,556.8650349743629,552.9293862384511,560.5979489118524,552.9293862384511,578.2935474827439,564.7215458312304,-8.154899699950306,-9.286377911412867,1.1314782114625608
2024-09-03,565.1033677238516,574.991388859996,560.6976258155388,572.1007690429688,1004300,MCK,568.2232878605888,554.897210606407,574.991388859996,554.897210606407,577.6365879643959,565.116436500962,-6.190412913128057,-8.667184911755905,2.4767719986278482
2024-09-04,572.5094246719442,576.0679296015869,563.5583772751055,569.4393920898438,644800,MCK,570.3937809096201,561.5602492334979,576.0679296015869,561.5602492334979,576.9602203411403,565.5821576482637,-4.793042647198945,-7.892356458844514,3.099313811645569
2024-09-05,558.195764023798,560.189320323883,504.8183062567243,513.091552734375,3003600,MCK,534.0737358346951,565.977015071559,565.977015071559,504.8183062567243,575.5307223635327,565.7170959223305,-8.138599650714127,-7.941605097218437,-0.19699455349569028
2024-09-06,513.5998891637935,517.5371747929454,501.71828092856464,502.5456237792969,1924200,MCK,508.8502421661501,550.025375453127,550.025375453127,501.71828092856464,573.7333881768392,565.5880646386865,-11.508285656714179,-8.654941209117586,-2.8533444475965926
2024-09-09,506.9114640696308,514.2876459591691,501.8079653316868,507.7786865234375,1913100,MCK,507.6964404709811,529.4378088096386,529.4378088096386,501.8079653316868,572.0573740435234,565.4100060886665,-13.599752187162153,-9.6439034047265,-3.9558487824356536
2024-09-10,503.37292699309387,513.4104894913788,503.37292699309387,504.1005859375,1114400,MCK,506.06423235376667,518.5671246403099,518.5671246403099,503.37292699309387,570.4714623795053,565.2180866751014,-15.376792368161432,-10.790481197413486,-4.586311170747946
2024-09-11,503.38291414840955,509.3436276722999,502.86457007206894,508.8053894042969,1315800,MCK,506.0991253242688,512.3156784970383,512.3156784970383,502.86457007206894,568.8975484379426,565.0819060501727,-16.218514257710808,-11.876087809472951,-4.342426448237857
2024-09-12,508.2371885908718,511.7358892226367,505.72528847811697,509.5230407714844,978200,MCK,508.80535176577746,509.2074019106536,511.7358892226367,505.72528847811697,567.4648161736131,564.9798726235034,-16.63590805917522,-12.828051859413405,-3.807856199761817
2024-09-13,507.48962332353017,520.8563904647896,505.42628541932135,517.138427734375,951200,MCK,512.7276817355041,509.0063768382155,520.8563904647896,505.42628541932135,566.1322825671615,564.8780809845387,-16.16584774067121,-13.495611035664966,-2.6702367050062445
2024-09-16,520.8165606615966,524.8435223101125,515.8326701289496,518.1452026367188,645300,MCK,519.9094889343444,510.8670292868598,524.8435223101125,510.8670292868598,564.8959989533757,564.8031596805549,-15.53302815144923,-13.903094458821819,-1.6299336926274108
2024-09-17,517.407598055034,519.3213949902736,508.5462260613478,512.2542114257812,978400,MCK,514.3823576331092,515.3882591106021,519.3213949902736,508.5462260613478,563.454501149059,564.643009643502,-15.330151382971735,-14.188505843651804,-1.1416455393199314
2024-09-18,509.0445918360513,514.6664347171298,508.31693289854576,509.9715881347656,796900,MCK,510.49988689662314,514.8853083718557,514.8853083718557,508.31693289854576,561.9325668928072,564.3901865058453,-15.17858937523738,-14.38652254996892,-0.79206682526846
2024-09-19,510.9185612120759,513.7693319946583,503.55235640577786,506.52276611328125,862800,MCK,508.6907539314483,512.6925976342394,513.7693319946583,503.55235640577786,560.424920972684,564.1052761041824,-15.161988540404536,-14.541615748056044,-0.6203727923484923
2024-09-20,505.90474134560594,508.1574390594422,503.2533080753188,506.3632507324219,1457100,MCK,505.9196848031972,510.69167578284384,510.69167578284384,503.2533080753188,559.0246695773566,563.8008593732199,-14.988920867821662,-14.631076772009168,-0.357844095812494
2024-09-23,507.8384707160718,510.9085335977486,502.67513751346655,503.3728942871094,1296200,MCK,506.19875902859906,508.3056802930205,510.9085335977486,502.67513751346655,557.657175180281,563.5269527378699,-14.921059577329288,-14.689073333073193,-0.23198624425609538
2024-09-24,485.9193411583554,486.8862171220244,462.9236937502276,478.94189453125,3120000,MCK,478.6677866404643,507.25221966080977,507.25221966080977,462.9236937502276,555.6664402100499,563.0512233345382,-16.646762996045368,-15.080611265667628,-1.5661517303777401
2024-09-25,481.7029731658054,481.7029731658054,470.76831667269306,477.59625244140625,1365100,MCK,477.9426288614275,492.960003150637,492.960003150637,470.76831667269306,553.6486586163707,562.5636683099133,-17.916447801396828,-15.647778572813468,-2.2686692285833594
2024-09-26,472.28342503016523,481.52354698607127,470.9776481640338,477.5165100097656,1161800,MCK,475.575282547509,485.45131600603224,485.45131600603224,470.9776481640338,551.5378843273206,562.075461393022,-18.713400275334095,-16.260902913317594,-2.4524973620165014
2024-09-27,479.23097672956845,487.4444185913094,477.6062235492208,486.6769104003906,1001600,MCK,482.7396323176223,480.5132992767706,487.4444185913094,477.6062235492208,549.633264828634,561.6073622103663,-18.3937909257441,-16.687480515802896,-1.706310409941203
2024-09-30,488.42125391677325,492.8270263671875,485.2515069572809,492.8270263671875,1645300,MCK,489.8317034021073,481.6264657971965,492.8270263671875,481.6264657971965,547.8185709481814,561.137168308025,-17.443161347651426,-16.838616682172603,-0.6045446654788229
2024-10-01,490.0659207880802,497.1629756165722,490.0160940534244,496.8739318847656,1089700,MCK,493.52973058571064,485.72908459965186,497.1629756165722,485.72908459965186,546.1009330017495,560.6017776287074,-16.176753558881444,-16.706244057514372,0.5294904986329279
2024-10-02,494.4716901142315,496.1063902835093,485.4907102303932,487.2051696777344,1048000,MCK,490.81849007646707,489.6294075926812,496.1063902835093,485.4907102303932,544.2273796753572,560.0422328583019,-15.771500526544116,-16.51929535132032,0.7477948247762036
2024-10-03,488.79006457659494,492.1392547595366,480.0483317238247,480.7161560058594,956300,MCK,485.4234517664539,490.2239488345741,492.1392547595366,480.0483317238247,542.221036475611,559.3456043222238,-15.791904506069898,-16.373817182270237,0.5819126762003393
2024-10-04,481.14478053317856,483.935746926537,478.8521727493285,483.85601806640625,905000,MCK,481.94717956886257,487.823700300514,487.823700300514,478.8521727493285,540.0051011279131,558.6205520891914,-15.377452479431724,-16.174544241702534,0.79709176227081
2024-10-07,482.2810990559408,486.985892775963,480.88561583797923,482.1116638183594,792600,MCK,483.0660678720606,484.8854399346883,486.985892775963,480.88561583797923,537.7472349346757,557.9501952575821,-15.016648495677032,-15.942965092497435,0.9263165968204028
2024-10-08,489.05919844571866,494.39193669300073,485.20164182906353,493.4948425292969,771600,MCK,490.5369048742699,483.9757539033744,494.39193669300073,483.9757539033744,535.5442111466368,557.3746832161823,-13.654777574248214,-15.485327588847591,1.8305500145993765
2024-10-09,493.47492407318185,501.06039054863527,492.79712228941975,500.502197265625,734400,MCK,496.9586585442155,487.25632938882217,501.06039054863527,487.25632938882217,533.3498143426984,556.8254018164472,-11.873183425225136,-14.7628987561231,2.889715330897964
2024-10-10,502.3761458333333,506.7819182745174,500.2829058085106,504.618896484375,832400,MCK,503.51496660018404,492.10749396651886,506.7819182745174,492.10749396651886,531.1800250266801,556.2749579710078,-10.013642961386836,-13.813047597175848,3.7994046357890117
2024-10-11,506.4928232386877,509.0844521902415,503.84139003911173,503.96099853515625,645500,MCK,505.8449160007993,497.81123028335145,509.0844521902415,497.81123028335145,528.8427003855555,555.7314309231595,-8.495104337959617,-12.749458945332602,4.254354607372985
2024-10-14,505.93464767192256,509.353589120191,502.296413833486,507.6391296386719,503800,MCK,506.30594506606786,501.82807314207537,509.353589120191,501.82807314207537,526.425348079472,555.2410667713433,-6.915143626584211,-11.582595881582925,4.6674522549987145
2024-10-15,506.662320856576,520.9461687633594,506.662320856576,512.0150146484375,908300,MCK,511.57145628123726,504.06700910407164,520.9461687633594,504.06700910407164,524.3455579013245,554.8419158297081,-5.249404166732347,-10.31595753861281,5.066553371880463
2024-10-16,505.6555571092864,511.81560787981874,505.6555571092864,509.2838134765625,876600,MCK,508.10263389373847,507.81923269265445,511.81560787981874,505.6555571092864,522.2446236817417,554.3588524058441,-4.102388966408455,-9.07324382417194,4.970854857763484
2024-10-17,506.34332659172344,510.41016766572415,504.36969509476967,507.0809326171875,752000,MCK,507.0510304923512,507.9609332931965,510.41016766572415,504.36969509476967,520.0921467705873,553.8555775786426,-3.3327078499063987,-7.925136629318832,4.592428779412433
2024-10-18,506.4629557371597,510.0912121819664,500.88099232589605,507.5594177246094,976400,MCK,506.24864449240783,507.50598189277383,510.0912121819664,500.88099232589605,519.0958789492806,553.4205263029253,-2.653532005332295,-6.870815704521525,4.21728369918923
2024-10-21,510.35038708310145,510.35038708310145,505.12727957445895,506.6822509765625,678600,MCK,508.12757617930606,506.8773131925908,510.35038708310145,505.12727957445895,518.4469419258928,552.9907899152025,-2.1611479132129716,-5.928882146259815,3.767734233046843
2024-10-22,505.2169739730641,508.00794041854203,502.33627073179156,503.751708984375,576400,MCK,504.8282235269432,507.50244468594843,508.00794041854203,502.33627073179156,517.6760202666105,552.4615579215031,-1.9845238641975698,-5.140010489847366,3.1554866256497967
2024-10-23,504.7584588896323,507.13076513193954,498.3990099684436,500.14337158203125,498400,MCK,502.6079013930117,506.1653341064458,507.13076513193954,498.3990099684436,516.7364529879032,551.868879171999,-2.1113721215468217,-4.5342828161872575,2.4229106946404357
2024-10-24,499.83439834621674,507.8883521375799,497.4321594367773,503.33306884765625,671800,MCK,502.12199469205757,504.38661774972877,507.8883521375799,497.4321594367773,515.7543658050237,551.2176332310208,-1.9322446538755003,-4.013875183724906,2.0816305298494058
2024-10-25,503.13369077498066,506.9513372652749,499.9041092558848,505.775146484375,563400,MCK,503.94107094512884,503.25430622089317,506.9513372652749,499.9041092558848,514.9170701002139,550.5597651640036,-1.5750731266582534,-3.5261147723115758,1.9510416456533224
2024-10-28,507.2703315414273,509.6725703417987,503.59221802750307,507.3102111816406,634600,MCK,506.9613327730924,503.597688583011,509.6725703417987,503.59221802750307,514.1868696385598,549.8880740852971,-1.154833029749966,-3.051858423799254,1.897025394049288
2024-10-29,508.78543944156434,508.90504794675627,497.4321526747095,497.5716857910156,750100,MCK,503.1735814635115,505.2795106780517,508.90504794675627,497.4321526747095,513.3182957781827,549.1169089651454,-1.5892870245326662,-2.7593441439459365,1.1700571194132703
2024-10-30,495.4784120444081,500.31279159597,490.80355104794074,497.73114013671875,720600,MCK,496.08147370625943,504.2265460707816,504.2265460707816,490.80355104794074,512.3171383960274,548.2204922926422,-1.8988396706506592,-2.5872432492868813,0.6884035786362221
2024-10-31,498.6880681693862,508.14751296481023,496.71446701194895,498.9771423339844,1012100,MCK,500.63179762003244,500.1540098885205,508.14751296481023,496.71446701194895,511.30903129955897,547.369877786516,-2.020331287392537,-2.4738608569080127,0.45352956951547574
2024-11-01,505.83493842074216,525.2122749674081,505.83493842074216,524.6441650390625,1507800,MCK,515.3815792119888,500.39290375427646,525.2122749674081,500.39290375427646,510.4428597945873,546.6544661506867,-0.044981525889056684,-1.9880849907042215,1.9431034648151648
2024-11-04,524.1557465992875,526.5181058609797,520.7667375168108,524.2454833984375,1276100,MCK,523.9215183438789,507.8872414831326,526.5181058609797,507.8872414831326,509.8429548828028,546.0704459930963,1.4713661224856196,-1.2961947680662533,2.7675608905518727
2024-11-05,527.6245857520822,527.7940209997737,518.5239965380177,523.587646484375,842100,MCK,524.3825624435622,515.9043799135057,527.7940209997737,515.9043799135057,509.3826832143438,545.4739892537411,2.590143060432524,-0.5189272023664979,3.109070262799022
2024-11-06,531.2826539642962,548.008617376008,528.681078083647,547.5401000976562,1696700,MCK,538.878112380402,520.1434711785339,548.008617376008,520.1434711785339,509.18623965285127,544.9897104122223,5.347897438966868,0.6544377259001751,4.693459713066693
2024-11-07,604.3365115090877,614.5236143015843,571.8913997880113,605.5526123046875,2465200,MCK,599.0760344758427,529.5107917794679,614.5236143015843,529.5107917794679,510.12133235479945,545.067092770363,12.075365262721562,2.9386232332644524,9.136742029457109
2024-11-08,596.9305067186473,616.5870021031728,591.35855131792,611.0249633789062,1270500,MCK,603.9752558796616,564.2934131276553,616.5870021031728,564.2934131276553,511.1033393908335,545.132269009318,17.645103213034417,5.879919229218446,11.765183983815971
2024-11-11,617.165072529311,625.3984689812887,610.117905232453,613.6066284179688,1237100,MCK,616.5720187902555,584.1343345036585,625.3984689812887,584.1343345036585,512.2974790671512,545.2955132749476,22.01371900955189,9.106679185285135,12.907039824266757
2024-11-12,613.7461474819983,622.2586712184012,611.333961564155,615.669921875,1012500,MCK,615.7521755348886,600.353176646957,622.2586712184012,600.353176646957,513.2480568206373,545.4423223925165,25.350148310979193,12.355373010423948,12.994775300555245
2024-11-13,616.7166085970973,626.2358274147354,614.643293085927,622.5875854492188,636000,MCK,620.0458286367445,608.0526760909228,626.2358274147354,608.0526760909228,514.2410977751798,545.60065905816,28.22710570336301,15.52971954901176,12.697386154351248
2024-11-14,617.7631979509423,621.0226817691238,607.5462225423615,608.194091796875,749300,MCK,613.6315485148257,614.0492523638336,621.0226817691238,607.5462225423615,515.8322540287824,545.6814881961575,29.011256808281814,18.226027000865773,10.78522980741604
2024-11-15,608.0346163545312,612.1413370929929,602.3429917323673,604.3365478515625,1008200,MCK,606.7138732578635,613.8404004393296,613.8404004393296,602.3429917323673,517.7895266506166,545.761457413728,28.98728329304174,20.37827825930097,8.609005033740772
2024-11-18,604.5159881820271,615.5204573986938,604.3365754237345,613.6165771484375,628300,MCK,609.4973995382231,610.2771368485966,615.5204573986938,604.3365754237345,519.8255458319614,545.9414599377426,29.378448451017107,22.178312297644197,7.20013615337291
2024-11-19,611.902126219619,615.9590202634221,606.2703057911012,613.6664428710938,593000,MCK,611.949473786309,609.8872681934099,615.9590202634221,606.2703057911012,521.9432506606123,546.2073565200589,29.354097638690973,23.613469365853554,5.740628272837419
2024-11-20,615.7696789352962,620.6937654238961,612.0915651326931,619.1387939453125,484800,MCK,616.9234508592995,610.9183709898595,620.6937654238961,610.9183709898595,524.1597371713129,546.5286428046278,29.437040562148695,24.778183605112584,4.658856957036111
2024-11-21,620.1056014849466,627.7010456454926,614.992125028401,626.2457885742188,499100,MCK,622.2611401832647,613.9209109245794,627.7010456454926,613.9209109245794,526.4288529396628,546.9468345566379,29.733499226854292,25.769246729460928,3.964252497393364
2024-11-22,628.2094021436944,630.5518671151794,620.0657423330804,621.18212890625,512700,MCK,625.002285124551,618.091025553922,630.5518671151794,618.091025553922,528.6743450074437,547.4033137873026,29.22298545244837,26.45999447405842,2.7629909783899507
2024-11-25,622.0692752428043,626.963428799784,613.4969473338093,614.742919921875,1841300,MCK,619.3181428245681,621.5466553392365,626.963428799784,613.4969473338093,530.6625180852482,547.779258519312,27.976315705058255,26.76325872025839,1.2130569847998665
2024-11-26,617.823024738121,623.5146497337341,612.300895827484,622.986328125,551000,MCK,619.1562246060848,620.4323990819023,623.5146497337341,612.300895827484,532.7579954247076,548.1062482868832,27.338355552166377,26.878278086639988,0.46007746552638906
2024-11-27,624.5412902005947,629.3657230221894,622.786950992742,624.3618774414062,543200,MCK,625.2639604142331,619.7943118439936,629.3657230221894,619.7943118439936,535.0532768950599,548.4929218939336,26.63671143993122,26.829964757298235,-0.19325331736701656
2024-11-29,624.3419168832265,628.6779381266678,622.2387296908795,626.4750366210938,397600,MCK,625.4334053304669,622.5291361291133,628.6779381266678,622.2387296908795,537.3881299230402,548.9065254478621,25.95200910490803,26.654373626820195,-0.7023645219121661
2024-12-02,624.1698736811859,624.3594781506412,617.1246637273285,619.9886474609375,560100,MCK,621.4106657550233,623.9812707297901,624.3594781506412,617.1246637273285,539.6979495420768,549.3613095597166,24.602379261502392,26.243974753756635,-1.6415954922542433
2024-12-03,624.5989892868207,626.5150116527906,616.5958287913645,616.6557006835938,619600,MCK,621.0913826036424,622.6959682424067,626.5150116527906,616.5958287913645,541.9958020135776,549.8264885969294,22.998731871906443,25.594926177386597,-2.5961943054801537
2024-12-04,616.1667042166933,618.8809777308817,608.353087703035,610.7081298828125,925400,MCK,613.5272248833556,621.8936754230245,621.8936754230245,608.353087703035,544.6929907784354,550.1797154942427,21.00576907404775,24.67709475671883,-3.671325682671082
2024-12-05,607.3052748279116,608.5825620459034,598.0346948424029,606.2474975585938,846400,MCK,605.042507318703,617.7104501531901,617.7104501531901,598.0346948424029,547.2349883475808,550.4418234819758,18.849115083206016,23.511498822016268,-4.662383738810252
2024-12-06,606.2475019007514,606.7364657965828,600.8986827218745,602.265869140625,730600,MCK,604.0371298899585,611.3764787359465,611.3764787359465,600.8986827218745,549.8042252944299,550.6710548108753,16.62700139797107,22.13459933720723,-5.50759793923616
2024-12-09,601.5473381540957,602.6849649021616,583.295670726871,590.6602172851562,970500,MCK,594.5470477670711,607.7068043129525,607.7068043129525,583.295670726871,552.040373603419,550.8368192160265,13.77074065442514,20.461827600650814,-6.691086946225674
2024-12-10,589.4227951035765,590.5803995116879,580.9405989396688,582.7368774414062,703900,MCK,585.9201677490848,601.1269260400118,601.1269260400118,580.9405989396688,553.9621428903585,550.89035691927,10.743936715058226,18.518249423532296,-7.774312708474071
2024-12-11,582.0981732018577,582.2678000623032,570.103331051514,575.4820556640625,1093700,MCK,577.4878399949343,593.5235468945483,593.5235468945483,570.103331051514,555.6413050785429,550.8711190401463,7.6713388804378155,16.348867314913402,-8.677528434475587
2024-12-12,578.6055182203253,583.4254183720622,574.6537908968295,578.0765991210938,763400,MCK,578.6903316525777,585.5056934447414,585.5056934447414,574.6537908968295,557.3987419100652,550.8130607927112,5.38358234697489,14.155810321325701,-8.77222797435081
2024-12-13,579.1044912618341,580.8807312702007,574.1548583612441,575.0330200195312,509600,MCK,577.2932752282026,582.0980125486595,582.0980125486595,574.1548583612441,559.2361383793001,550.7285874274555,3.2870365038581895,11.982055557832199,-8.69501905397401
2024-12-16,575.1627688196106,584.2736506007959,565.0539815719851,568.8759765625,1029300,MCK,573.3415943887229,579.695643888431,584.2736506007959,565.0539815719851,561.0640266756973,550.5345639018052,1.115824339558003,9.80880931417736,-8.692984974619357
2024-12-17,565.8822497699877,566.9899101996368,556.9609726275701,561.6012573242188,1050000,MCK,562.8585974803534,576.5186191385769,576.5186191385769,556.9609726275701,562.6598772678632,550.2035561012694,-1.178303242244624,7.611386802892963,-8.789690045137586
2024-12-18,562.9583578645711,574.0250944634064,557.1904355103916,569.7839965820312,1130400,MCK,565.9894711051,569.6886083094652,574.0250944634064,557.1904355103916,564.1689285924798,549.8565698695583,-2.3095145607858285,5.627206530157205,-7.936721090943034
2024-12-19,567.4888732151296,578.9149029846914,564.7845274750681,578.0067749023438,1244700,MCK,572.2987696443082,567.8390397072826,578.9149029846914,564.7845274750681,565.6757308144817,549.51277257859,-2.5135238524865144,3.9990604536284615,-6.5125843061149755
2024-12-20,578.7950886990209,582.7068605960254,569.1752665587842,578.525634765625,2058300,MCK,577.3007126548639,570.0689046757955,582.7068605960254,569.1752665587842,567.1514457355752,549.1657353811277,-2.6033255152667607,2.6785832598494173,-5.281908775116178
2024-12-23,578.7452504497209,578.7452504497209,568.43687038677,575.5519409179688,517100,MCK,575.3698280510451,573.6848086653297,578.7452504497209,568.43687038677,568.5419439765801,548.6923221810679,-2.881233158964392,1.5666199760866555,-4.447853135051047
2024-12-24,574.3244962494598,579.5734272368057,571.9095214452933,577.9169311523438,241700,MCK,575.9310940209756,574.5273183581874,579.5734272368057,571.9095214452933,569.9344469556783,548.1798975175751,-2.8774723122935484,0.6778015184106148,-3.555273830704163
2024-12-26,577.7872582422469,579.3838826067605,575.242611514353,577.2184448242188,355300,MCK,577.4080492968948,575.2292061895814,579.3838826067605,575.2292061895814,571.2511788159915,547.798368358658,-2.8974537798258098,-0.03724954123667014,-2.8602042385891395
2024-12-27,574.3643629224831,581.5193268955054,573.4562349880831,575.43212890625,361800,MCK,576.1930134280803,576.318627743238,581.5193268955054,573.4562349880831,572.6129864066784,547.4288050442099,-3.022587495367702,-0.6343171320628765,-2.3882703633048257
2024-12-30,571.8297579314329,574.8134853183518,567.8980082374717,569.5545043945312,416700,MCK,571.0239389704469,576.2558205856592,576.2558205856592,567.8980082374717,573.8924445762402,546.9922956734139,-3.5550516210674914,-1.2184640298637996,-2.336587591203692
2024-12-31,571.5703033315144,575.4122148115778,565.9819964700525,568.7162475585938,440900,MCK,570.4201905429346,573.639879778053,575.4122148115778,565.9819964700525,575.1758754972507,547.1358772232657,-3.998580451521775,-1.774487314195395,-2.2240931373263804
2025-01-02,571.5902216394303,573.7756369380453,564.5649894333004,565.0240478515625,373200,MCK,568.7387239655847,572.0300351604938,573.7756369380453,564.5649894333004,576.3880984529764,547.4175201894345,-4.595041130626441,-2.3385980774816044,-2.256443053144837
2025-01-03,568.7861331459594,578.7452710282665,567.0397985954252,576.2305297851562,708100,MCK,572.7004331387018,570.3843795630391,578.7452710282665,567.0397985954252,577.7455426452115,547.710781455911,-4.1160241166396645,-2.6940832853132166,-1.4219408313264479
2025-01-06,575.7914251298535,587.3172205051495,573.0771516333823,579.2142333984375,836000,MCK,578.8500076667058,571.5424063508705,587.3172205051495,571.5424063508705,579.2703847706854,548.0034188792944,-3.455803385913782,-2.84642730543333,-0.6093760804804522
2025-01-07,581.6290907910334,587.2772690044206,581.0802550470686,584.0140991210938,652700,MCK,583.5001784909041,575.1962070087882,587.2772690044206,575.1962070087882,580.8979484466623,548.326157125843,-2.516258785550008,-2.780393601456666,0.2641348159066581
2025-01-08,586.2594033004668,589.6223394514975,583.0660940045929,589.0236206054688,526100,MCK,586.9928643405065,579.3481927498461,589.6223394514975,579.3481927498461,582.5589843145698,548.7380272073918,-1.351853082402613,-2.4946854976458552,1.1428324152432423
2025-01-10,587.7363210102295,591.0793406833388,579.7930329149023,580.521484375,597100,MCK,584.7825447458677,583.1705285451762,591.0793406833388,579.7930329149023,584.1154085540253,549.1511390962926,-1.1023967683228193,-2.2162277517812483,1.113830983458429
2025-01-13,580.2021244173627,587.8461136760723,571.2010593776034,583.8544921875,590200,MCK,580.7759474146346,583.976536645522,587.8461136760723,571.2010593776034,585.6674558730479,549.4928758256152,-0.6285098959716606,-1.8986841806193309,1.2701742846476702
2025-01-14,585.241525487965,593.3445730215806,579.543524880137,592.486328125,857300,MCK,587.6539878786707,582.3762420300783,593.3445730215806,579.543524880137,587.4989061564961,549.9080222762617,0.4385110035452726,-1.4312451437864102,1.8697561473316828
2025-01-15,591.0394268197326,594.0730372437728,576.7094592947651,582.2279052734375,722300,MCK,586.012457157927,585.0151149543744,594.0730372437728,576.7094592947651,589.2065193472539,550.2577753234065,0.4511630363350605,-1.054763507762116,1.5059265440971765
2025-01-16,580.9007275677452,594.5420782943249,580.2620534489212,593.943359375,582400,MCK,587.4120546714978,585.5137860561507,594.5420782943249,580.2620534489212,590.647128856444,550.5449943255157,1.39050027769008,-0.5657107506716769,1.956211028361757
2025-01-17,593.2148521664577,596.7574040723209,585.3113977296402,591.3287963867188,686300,MCK,591.6531125887844,586.4629203638242,596.7574040723209,585.3113977296402,592.0017607413422,550.9223578120725,1.9020329745276285,-0.07216200563181577,1.9741949801594443
2025-01-21,593.9732261070708,596.7474323693143,580.6811797069115,584.8524169921875,986300,MCK,589.063563793871,589.0580164763044,596.7474323693143,580.6811797069115,593.2953807683484,551.339031991346,1.7644966118077718,0.2951697178561018,1.4693268939516702
2025-01-22,586.7683573899873,586.7683573899873,576.6994654103881,583.1559448242188,785900,MCK,583.3480312536453,589.0607901350877,589.0607901350877,576.6994654103881,594.1847791458133,551.6855093993323,1.5013008656587772,0.5363959474166369,0.9649049182421403
2025-01-23,591.2589879858336,596.8772006261156,584.3534992223936,595.919189453125,673400,MCK,592.102219321867,586.2044106943665,596.8772006261156,584.3534992223936,594.0453028427338,552.0833175987666,2.2961350991510017,0.8883437777635099,1.4077913213874917
2025-01-24,596.8072887152609,596.8072887152609,585.301471363591,590.3408813476562,570900,MCK,592.3142325354422,589.1533150081168,596.8072887152609,585.301471363591,593.8120823758494,552.4577108833414,2.4477084520302697,1.200216712616862,1.2474917394134077
2025-01-27,595.5000344340759,603.5930324334313,591.2789141746774,603.1639404296875,670300,MCK,598.3839803679681,590.7337737717795,603.5930324334313,590.7337737717795,593.4483216074036,552.8729003372774,3.5614904820318998,1.6724714664998697,1.88901901553203
2025-01-28,604.9901371896509,606.5568559755973,595.8393617311361,601.6870727539062,602800,MCK,602.2683569125727,594.5588770698738,606.5568559755973,594.5588770698738,593.1786452349573,553.2133510277972,4.275712138443396,2.193119600888575,2.0825925375548207
2025-01-29,603.2936792501552,604.4113284127178,595.240575455884,601.9165649414062,556100,MCK,601.2155370150408,598.4136169912233,604.4113284127178,595.240575455884,592.8020394025232,553.5215685888516,4.804868515108296,2.7154693837325197,2.0893991313757767
2025-01-30,604.7106714001987,610.029524030414,602.8445932469983,603.3335571289062,473300,MCK,605.2295864516293,599.8145770031321,610.029524030414,599.8145770031321,592.6340001612592,554.2331270950208,5.277729799360145,3.227921466858045,2.0498083325021
2025-01-31,602.8446529507637,603.233850698002,590.7400548458099,593.5042724609375,806900,MCK,597.5807077388783,602.5220817273807,603.233850698002,590.7400548458099,592.4513368508796,555.1204317507481,4.803957614940487,3.5431286964745334,1.2608289184659531
2025-02-03,592.7558425882764,600.9286907329832,589.0436635166694,598.5636596679688,1048400,MCK,595.3229641264744,600.0513947331295,600.9286907329832,589.0436635166694,592.1678481426446,555.996696987303,4.781620465714582,3.790827050322543,0.9907934153920386
2025-02-04,593.87343820843,605.0699681181816,593.87343820843,602.0562744140625,885300,MCK,598.718279737276,597.687179429802,605.0699681181816,593.87343820843,591.9032242616639,556.9232374611382,4.988241591044016,4.030309958466838,0.9579316325771776
2025-02-05,609.4407290365199,611.6960048834951,602.4553915530508,605.6287841796875,1352400,MCK,607.3052274131884,598.2027295835389,611.6960048834951,598.2027295835389,591.7108597927416,557.9352984820274,5.378264715086516,4.299900909790774,1.0783638052957416
2025-02-06,588.7641965890735,598.6235069909808,569.3150297384453,598.4937744140625,1855700,MCK,588.7991269331405,602.7539784983637,602.7539784983637,569.3150297384453,591.0416195277393,558.7352362337009,5.0533730535875065,4.450595338550121,0.6027777150373854
2025-02-07,596.7474197433653,601.9465287216075,589.8918146265908,594.4422607421875,715200,MCK,595.7570059584377,595.7765527157521,601.9465287216075,589.8918146265908,590.456713944417,559.5655294759304,4.418042335812402,4.444084738002577,-0.02604240219017573
2025-02-10,597.2563971933729,603.303701749338,582.3277098205062,602.1361694335938,778000,MCK,596.2559945492027,595.7667793370949,603.303701749338,582.3277098205062,589.9954709789097,560.3289945320789,4.4836871410203685,4.452005218606136,0.031681922414232844
2025-02-11,606.3073802613884,609.6503389899817,600.1303433962908,609.1314086914062,720900,MCK,606.3048678347668,596.0113869431489,609.6503389899817,596.0113869431489,589.7384438434833,561.2482196340956,5.042046890555525,4.570013552996014,0.4720333375595116
2025-02-12,608.3131899785031,610.2191625258502,592.7159234374323,593.7537231445312,796300,MCK,601.2504997715791,601.1581273889578,610.2191625258502,592.7159234374323,589.2581746306303,562.155725762845,4.195339050804591,4.49507865255773,-0.29973960175313863
2025-02-13,595.2805689296902,601.707021574002,588.4249024349682,601.2080688476562,646500,MCK,596.6551404465791,601.2043135802685,601.707021574002,588.4249024349682,588.6826093329524,563.0353696279964,4.078802491125884,4.411823420271361,-0.33302092914547643
2025-02-14,599.4018437207988,601.5174592492546,592.0273689449573,592.4464721679688,499300,MCK,596.3482860207448,598.9297270134239,601.5174592492546,592.0273689449573,588.1813617382669,563.9396556401718,3.242086049794352,4.177875946175959,-0.9357898963816069
2025-02-18,589.1034916700937,598.8230803730087,584.0041488641397,598.1644287109375,772200,MCK,592.5237874045449,597.6390065170843,598.8230803730087,584.0041488641397,587.6100098342849,564.8029059239312,3.005725416283667,3.943445840197501,-0.9377204239138339
2025-02-19,595.5499780770525,610.01960753206,595.5499780770525,601.4775390625,738200,MCK,600.6492756871662,595.0813969608146,610.01960753206,595.0813969608146,587.3524508503612,566.0227208143983,3.0505830059223626,3.7648732733424737,-0.714290267420111
2025-02-20,598.2443001593462,603.9522899345304,595.599826429578,602.2459106445312,611100,MCK,600.0105817919965,597.8653363239904,603.9522899345304,595.599826429578,587.2518123398271,567.243400343704,3.112257961545879,3.634350210983155,-0.522092249437276
2025-02-21,596.7374506926725,603.5531617462694,593.1050603562703,596.4580688476562,671000,MCK,597.4634354107171,598.9379590579935,603.5531617462694,593.1050603562703,587.1203384502422,568.4622818723361,2.6634032909983034,3.440160826986185,-0.7767575359878816
2025-02-24,597.6156278170122,607.2953227962261,597.326257165156,604.4912109375,873000,MCK,601.6821046789735,598.2006972343553,607.2953227962261,597.326257165156,587.2630395884803,569.6517065959496,2.9222048036792785,3.336569622324804,-0.41436481864552555
2025-02-25,603.732772056746,626.6047469622697,600.1902200385366,625.7665405273438,1283600,MCK,614.073569896224,599.9414009566644,626.6047469622697,599.9414009566644,587.826107631423,570.8941252608907,4.788845331565767,3.627024764172997,1.1618205673927702
2025-02-26,621.355770595224,631.5942900909274,618.7313353391243,622.3137817382812,724400,MCK,623.4987944408892,607.0074854264442,631.5942900909274,607.0074854264442,588.7463267203422,572.1938158994426,5.921305496092259,4.08588091055685,1.8354245855354092
2025-02-27,622.5333489384303,628.0118399924141,618.1824349832413,619.549560546875,776400,MCK,622.0692961152401,615.2531399336667,628.0118399924141,615.2531399336667,589.6139060095953,573.5063239598303,6.5205736724484495,4.57281946293517,1.9477542095132794
2025-02-28,622.6929931496794,640.355931579138,621.3857394625328,638.9189453125,1281300,MCK,630.8384023759626,618.6612180244534,640.355931579138,618.6612180244534,590.6848085525505,574.9604734659254,8.460913351211047,5.350438240590346,3.110475110620701
2025-03-03,637.0008271144002,647.8300966603023,636.2715669497118,643.89404296875,1051000,MCK,641.2491334232911,624.749810200208,647.8300966603023,624.749810200208,592.0429593332419,576.5534930044696,10.281575723375795,6.336665737147436,3.9449099862283585
2025-03-04,643.8940074878327,653.2746951010636,638.7290653384854,643.0548095703125,933500,MCK,644.7381443744235,632.9994718117496,653.2746951010636,632.9994718117496,593.6805502711234,578.1702137694933,11.523904254132503,7.37411344054445,4.149790813588053
2025-03-05,638.2595704281621,647.2706282049292,621.2663458088028,638.9888305664062,920700,MCK,636.4463437520751,638.8688080930865,647.2706282049292,621.2663458088028,595.0896877240629,579.6293081582713,12.041560427443528,8.307602837924266,3.733957589519262
2025-03-06,633.6141627196658,646.3515818339831,625.7119946314393,641.0568237304688,1001400,MCK,636.6836407288893,637.6575759225808,646.3515818339831,625.7119946314393,596.3773851457545,581.026557980118,12.474873859194304,9.141057042178273,3.3338168170160305
2025-03-07,636.0118129835649,653.0349768893959,635.8719364939507,643.5842895507812,975500,MCK,642.1257539794232,637.170608325735,653.0349768893959,635.8719364939507,597.6738859722457,582.4126658539104,12.873821840001824,9.887610001742983,2.986211838258841
2025-03-10,639.3685042338946,662.9651932152822,632.9049175293725,658.18994140625,1706400,MCK,648.3571390961998,639.6481811525791,662.9651932152822,632.9049175293725,599.1336321931487,583.8377880848644,14.204800926369899,10.751048186668367,3.4537527397015317
2025-03-11,659.3487490264548,661.1968991602689,645.5523783987014,652.5454711914062,924900,MCK,654.6608744442078,644.0026601243894,661.1968991602689,644.0026601243894,600.7082278016134,585.3213373786458,14.635441607367397,11.527926870808173,3.1075147365592244
2025-03-12,650.5973477434546,651.336607756752,634.3733831032281,640.0277709960938,771500,MCK,644.0837773998821,649.3317672842986,651.336607756752,634.3733831032281,602.0417423636732,586.6464605898323,13.807489514421718,11.983839399530883,1.8236501148908353
2025-03-13,644.9229593775482,645.1027744366753,637.5702368546904,643.0548095703125,590800,MCK,642.6626950598065,646.7077723420904,646.7077723420904,637.5702368546904,603.3711359963077,587.992061201493,13.242931954479786,12.235657910520663,1.0072740439591232
2025-03-14,644.3635731508368,651.2467893646799,638.5393085872056,649.7882080078125,767200,MCK,645.9844697776336,644.6852337009484,651.2467893646799,638.5393085872056,604.8703466124514,589.3813955943458,13.186835371710686,12.425893402758668,0.760941968952018
2025-03-17,649.4885114518139,656.521543022872,647.8601149202804,654.6034545898438,534800,MCK,652.1184059962026,645.334851739291,656.521543022872,645.334851739291,606.5043109215168,590.8400932093838,13.376729965866048,12.616060715380144,0.7606692504859041
2025-03-18,653.5244921706247,662.0061050562706,648.8391175067433,660.9571533203125,1037100,MCK,656.3317170134877,648.7266288677467,662.0061050562706,648.7266288677467,608.2561707824748,592.3221346177255,13.879914176642046,12.868831407632525,1.011082769009521
2025-03-19,661.0071065800989,666.3318644883584,654.0040746366964,663.135009765625,962000,MCK,661.1195138676946,652.5291729406172,666.3318644883584,652.5291729406172,610.0245523970548,593.8850475211331,14.289703298367272,13.153005785779476,1.136697512587796
2025-03-20,666.7114667502199,669.3388764716777,659.8482506112583,665.7024536132812,720100,MCK,665.4002618616092,656.8243434041559,669.3388764716777,656.8243434041559,611.7555574809527,595.512971125819,14.652727865362749,13.452950201696131,1.1997776636666178
2025-03-21,666.0620895069288,670.1280807803246,657.2008467944305,660.517578125,1969500,MCK,663.477148801671,661.1123026328826,670.1280807803246,657.2008467944305,613.3550968871681,597.1265226669152,14.356557867614583,13.633671734879822,0.7228861327347609
2025-03-24,662.4157269889758,662.9352333940861,655.1628809942512,660.2078857421875,775400,MCK,660.1804317798752,662.2947257172768,662.9352333940861,655.1628809942512,614.8188482359556,598.6889162752626,13.936203544053456,13.69417809671455,0.2420254473389054
2025-03-25,662.1859915532973,663.5945734538266,652.6753655839907,662.9451904296875,710700,MCK,660.3502802552005,661.237578748576,663.5945734538266,652.6753655839907,616.3302029461421,600.2228057500837,13.666409464550611,13.688624370281763,-0.022214905731152257
2025-03-26,665.9122685294464,669.1990001668255,659.168929100453,662.3657836914062,737900,MCK,664.1614953720328,660.7939295018882,669.1990001668255,659.168929100453,617.9979139052901,601.832684889169,13.253069298187711,13.601513355862954,-0.348444057675243
2025-03-27,667.1810251788271,668.1400388597359,662.3657740728348,665.0131225585938,690100,MCK,665.6749901674979,662.4777124369605,668.1400388597359,662.3657740728348,619.5583339510666,603.5286200537813,12.989378886047348,13.479086461899833,-0.4897075758524849
2025-03-28,667.0411267174442,671.3368712881419,658.8292064956183,667.4007568359375,566800,MCK,666.1519903342855,664.0763513022291,671.3368712881419,658.8292064956183,621.1611246145937,605.1838219809239,12.825223276026918,13.34831382472525,-0.5230905486983328
2025-03-31,668.4697511638639,678.0003157649297,665.7724031522623,672.325927734375,1036100,MCK,671.1420994538578,665.1141708182573,678.0003157649297,665.1141708182573,622.835725510241,606.7414271833426,12.943346066045478,13.267320272989297,-0.3239742069438183
2025-04-01,675.5626791055026,677.0611989107853,667.2808815992815,673.0252075195312,630000,MCK,673.2324917837752,668.1281351360576,677.0611989107853,667.2808815992815,624.4673130941408,608.2345369177416,12.944172895034967,13.202690797398432,-0.25851790236346517
2025-04-02,675.0932177868293,694.7737914210951,674.413896079521,692.845703125,1203200,MCK,684.2816521031114,670.6803134599164,694.7737914210951,670.6803134599164,626.3716748603256,609.8335278143371,14.378430910263091,13.437838819971365,0.9405920902917266
2025-04-03,698.1603582484372,724.2845781109622,695.8127015921175,716.2225341796875,2212200,MCK,708.620043032801,677.4809827815138,724.2845781109622,677.4809827815138,628.8771150959087,611.5309471208609,17.2030990016533,14.190890856307753,3.0122081453455465
2025-04-04,711.8868645768248,727.6013231767686,679.8784416554802,682.4359130859375,3150700,MCK,700.4506356237528,693.0505129071574,727.6013231767686,679.8784416554802,631.0440834219464,612.5446931323401,16.524882302225024,14.657689145491208,1.8671931567338156
2025-04-07,662.5456002225537,674.9433278378278,649.358613115077,661.3167724609375,2032600,MCK,662.041078409099,696.750574265455,696.750574265455,649.358613115077,632.4386203394196,613.1253513576345,14.120480424584912,14.55024740130995,-0.4297669767250376
2025-04-08,679.2490874689462,679.2490874689462,646.0918345008475,652.1858520507812,1526400,MCK,664.1939653723803,679.395826337277,679.395826337277,646.0918345008475,633.7548200395079,613.6015708234557,11.347380112522956,13.909673943552551,-2.5622938310295957
2025-04-09,645.7622059261294,681.6567456119132,641.0967700257662,671.09716796875,1977500,MCK,659.9032223831397,671.7948958548286,681.6567456119132,641.0967700257662,634.9075173489192,614.0430812919382,10.554003301799298,13.238539815201902,-2.6845365134026036
2025-04-10,672.8354038218556,691.0873948673519,668.5496590580624,678.65966796875,1105200,MCK,677.783031429005,665.8490591189841,691.0873948673519,665.8490591189841,636.4388672371985,614.6204533198609,10.415414594801518,12.673914771121826,-2.2585001763203074
2025-04-11,674.1141794816012,692.8256778473047,672.7954746953873,688.6797485351562,841600,MCK,682.1037701398624,671.8160452739945,692.8256778473047,671.8160452739945,637.9763509109631,615.3051755361112,10.987462181854994,12.336624253268461,-1.349162071413467
2025-04-14,687.3210865485893,695.6928221028584,673.3748402252052,693.295166015625,1138800,MCK,687.4209787230695,676.9599077069284,695.6928221028584,673.3748402252052,639.773156330647,616.1122465907632,11.678615820502955,12.20502256671536,-0.5264067462124054
2025-04-15,701.517141373609,701.517141373609,686.3221273455935,692.1763305664062,670800,MCK,695.3831851648044,682.190443214999,701.517141373609,682.190443214999,641.7743607514135,616.9711044470291,11.997776489357761,12.16357335124384,-0.16579686188607923
2025-04-16,694.2242801285726,697.1214429827731,684.6337771886857,694.0145263671875,879600,MCK,692.4985066668047,688.7868141899017,697.1214429827731,684.6337771886857,643.6499652900042,617.776594775834,12.257741048900584,12.18240689077519,0.07533415812539346
2025-04-17,688.0403540378499,701.3072788370924,685.9624504469473,696.3921508789062,1044900,MCK,692.925558550199,690.6426604283532,701.3072788370924,685.9624504469473,645.3623719127444,618.536615852743,12.51139568139854,12.248204648899861,0.26319103249867837
2025-04-21,702.3362990503537,702.3362990503537,674.7135589021884,681.8165283203125,836200,MCK,690.3006713308021,691.784109489276,702.3362990503537,674.7135589021884,647.3924028006975,619.2170111642184,11.404820210090065,12.079527761137903,-0.6747075510478382
2025-04-22,685.0333826740508,696.182343472023,674.5137441129234,694.4840087890625,906200,MCK,687.5533697620149,691.042390410039,696.182343472023,674.5137441129234,649.2283300767691,619.842522010593,11.418386927112351,11.947299594332794,-0.5289126672204425
2025-04-23,690.2382096056959,699.1893901727778,670.038191193116,691.5869140625,843100,MCK,687.7631762585224,689.2978800860269,699.1893901727778,670.038191193116,651.0584737109555,620.5269723449326,11.067784782180524,11.771396631902341,-0.7036118497218169
2025-04-24,694.3141956322045,694.3141956322045,683.744618573917,687.7506713867188,862200,MCK,690.0309203062611,688.5305281722747,694.3141956322045,683.744618573917,652.7329947603854,621.2357193019344,10.360942833727904,11.489305872267455,-1.1283630385395504
2025-04-25,691.5269839669089,694.9435922100819,681.2470985969836,694.314208984375,731500,MCK,690.5079709395874,689.2807242392679,694.9435922100819,681.2470985969836,654.5181441837456,621.8881594071878,10.212662906591163,11.233977279132198,-1.0213143725410347
2025-04-28,697.860661482326,700.2383177859189,691.9065818102421,699.0394897460938,762900,MCK,697.2612627061452,689.8943475894276,700.2383177859189,689.8943475894276,656.5302666289368,622.6064379809446,10.357051025506166,11.058592028406991,-0.7015410029008251
2025-04-29,700.5680132502699,710.1785154504137,692.6358459255748,706.5820922851562,567400,MCK,702.4911167278536,693.5778051477864,710.1785154504137,692.6358459255748,658.653123243079,623.4172424906731,10.953835640017132,11.03764075072902,-0.08380511071188756
2025-04-30,710.1685205833487,714.504264773441,704.7039475551509,712.0866088867188,966000,MCK,710.3658354496648,698.0344609378201,714.504264773441,698.0344609378201,661.0099642039816,624.3099870191332,11.735678635100271,11.177248327603271,0.5584303074969998
2025-05-01,706.3723236234309,714.1946146391323,698.0505259702635,706.0726318359375,957600,MCK,706.1725240171911,704.2001481937425,714.1946146391323,698.0505259702635,663.1204291705819,625.2364400104716,11.734746303720271,11.288747922826671,0.44599838089360055
2025-05-02,711.7569898732468,716.0427346914757,702.9856244202916,707.7109375,866300,MCK,709.6240716212535,705.1863361054668,716.0427346914757,702.9856244202916,665.3126989671671,626.282255653497,11.730977592179897,11.377193856697318,0.3537837354825797
2025-05-05,708.410271488815,716.7420688276686,705.1634784244117,706.3023681640625,993100,MCK,709.1545467262395,707.4052038633602,716.7420688276686,705.1634784244117,667.5465211934775,627.3334298218599,11.481974038195403,11.398149892996935,0.08382414519846826
2025-05-06,705.3732810011288,714.2844619697912,701.007598049305,710.3683471679688,907500,MCK,707.7584220470485,708.2798752947998,714.2844619697912,701.007598049305,669.668047540839,628.4655435646596,11.480388678112377,11.414597650020024,0.06579102809235238
2025-05-07,710.0586368270156,727.7611215886789,708.0206108605994,721.6571655273438,971100,MCK,716.8743837009094,708.0191486709241,727.7611215886789,708.0191486709241,671.7240638169328,629.7750857241779,12.248848465369406,11.581447813089902,0.667400652279504
2025-05-08,712.6361518936965,721.4074566855525,688.8396485172636,689.5689086914062,2000500,MCK,703.1130414469797,712.4467661859168,721.4074566855525,688.8396485172636,673.3163487570545,631.0313377386983,10.15158309849744,11.295474870171411,-1.143891771673971
2025-05-09,711.7969473445272,720.9379430582923,681.7566113164479,692.7757568359375,2028400,MCK,701.8168146388012,707.7799038164483,720.9379430582923,681.7566113164479,674.9112991275258,632.2626025685605,8.648555861355362,10.766091068408201,-2.117535207052839
2025-05-12,672.9453052226473,687.9005653826532,663.484678949511,686.8416137695312,2927500,MCK,677.7930408310857,704.7983592276248,704.7983592276248,663.484678949511,675.8503918966283,633.2676002245894,6.899032443922579,9.992679343511078,-3.0936468995884994
2025-05-13,690.328172760085,696.2922527425404,682.1861901806747,687.1013793945312,1304800,MCK,688.9769987694579,691.2957000293552,696.2922527425404,682.1861901806747,676.8049492035517,634.4239542683968,5.470423805547398,9.088228235918344,-3.6178044303709456
2025-05-14,692.1463894568371,693.245279677407,675.3529786201785,681.6068115234375,1219000,MCK,685.587864819465,690.1363493994065,693.245279677407,675.3529786201785,677.6219436124525,635.6512469417878,3.850489414761114,8.040680471686898,-4.190191056925784
2025-05-15,683.405008628788,706.072621958911,680.2780922439966,706.0626220703125,1010500,MCK,693.954586225502,687.8621071094358,706.072621958911,680.2780922439966,678.772108461921,636.9308980929918,4.488320697345898,7.330208516818698,-2.8418878194727997
2025-05-16,707.8308726130577,723.6752077955304,706.0625996852467,723.4653930664062,1146100,MCK,715.2585182900602,690.9083466674689,723.6752077955304,690.9083466674689,680.3436060131443,638.3604955794494,6.3251523435340005,7.129197282161758,-0.8040449386277579
2025-05-19,725.7931043593012,725.7931043593012,719.379456558634,725.6832275390625,785900,MCK,724.1622232040747,703.0834324787645,725.7931043593012,703.0834324787645,681.9843353976374,639.8291106849415,7.869105216929938,7.277178869115395,0.5919263478145433
2025-05-20,725.5333778345101,730.2786908048563,716.4623203887415,718.4803466796875,809500,MCK,722.6886839269489,713.6228278414196,730.2786908048563,713.6228278414196,683.4709662942524,641.3022992437005,8.414489704832022,7.504641036258721,0.9098486685733009
2025-05-21,714.773958988783,719.5492714473806,714.5542053483929,718.020751953125,812300,MCK,716.7245469344203,718.1557558841843,719.5492714473806,714.5542053483929,684.7122397440567,642.710233772835,8.709230796028692,7.745558988212715,0.9636718078159765
2025-05-22,716.5921830711309,720.0487908238908,707.7509403091366,709.9387817382812,599400,MCK,713.5826739856099,717.4401514093023,720.0487908238908,707.7509403091366,686.102217675771,644.0719800197222,8.196187237280355,7.835684638026244,0.36050259925411154
2025-05-23,714.5342250066805,717.5412646360483,708.7798989481457,715.3834228515625,816000,MCK,714.0597028606093,715.5114126974561,717.5412646360483,708.7798989481457,687.5301578317872,645.4506469140474,8.135156535191868,7.89557901745937,0.23957751773249836
2025-05-27,713.5951716552257,720.8080792230307,713.5951716552257,719.669189453125,1002400,MCK,716.9169029966519,714.7855577790326,720.8080792230307,713.5951716552257,688.9488064961677,646.9095765543094,8.336516636698093,7.983766541307115,0.3527500953909781
2025-05-28,717.2015719787657,720.7780564692938,710.7779241296031,711.4273071289062,638900,MCK,715.0462149266422,715.8512303878422,720.7780564692938,710.7779241296031,690.2073626747764,648.3558367981466,7.741802267151797,7.935373686476052,-0.1935714193242548
2025-05-29,709.2993919772922,712.9957531163849,704.294325948337,712.1565551757812,506700,MCK,709.6865065544489,715.4487226572421,715.4487226572421,704.294325948337,691.2744584655957,649.7653146240352,7.245805927034098,7.797460134587662,-0.5516542075535638
2025-05-30,711.4772644740797,723.5453618683782,709.8089293834345,718.800048828125,1322300,MCK,715.9079011385044,712.5676146058455,723.5453618683782,709.8089293834345,692.3702262110119,651.1973893040332,7.304596824541591,7.698887472578448,-0.39429064803685776
2025-06-02,718.219970703125,722.1599731445312,713.5900268554688,721.75,735800,MCK,718.9299926757812,714.2377578721749,722.1599731445312,713.5900268554688,693.4408208272953,652.5981891541239,7.502738540578321,7.659657686178424,-0.1569191456001029
2025-06-03,720.0,726.5800170898438,706.030029296875,714.8800048828125,822200,MCK,716.8725128173828,716.583875273978,726.5800170898438,706.030029296875,694.5087281076095,653.9319124973888,7.024442684357609,7.532614685814261,-0.5081720014566518
2025-06-04,715.780029296875,717.1400146484375,708.8900146484375,709.4600219726562,644600,MCK,712.8175201416016,716.7281940456804,717.1400146484375,708.8900146484375,695.5614698748441,655.1901590553997,6.137295525717946,7.253550853794999,-1.1162553280770533
2025-06-05,713.5700073242188,713.5700073242188,705.3200073242188,711.5999755859375,614300,MCK,711.0149993896484,714.772857093641,714.772857093641,705.3200073242188,696.5747642575329,656.4524836018376,5.5430050711398735,6.9114416972639745,-1.368436626124101
2025-06-06,702.739990234375,713.8900146484375,702.5700073242188,712.8900146484375,544200,MCK,708.0225067138672,712.8939282416447,713.8900146484375,702.5700073242188,697.4519844843697,657.72494919483,5.117133841671148,6.5525801261454095,-1.4354462844742617
2025-06-09,706.3300170898438,710.7999877929688,697.9299926757812,708.219970703125,626500,MCK,705.8199920654297,710.458217477756,710.7999877929688,697.9299926757812,698.2548845223283,658.9066092366976,4.3526200127842,6.112588103473168,-1.759968090688968
2025-06-10,707.0,711.989990234375,699.2000122070312,704.8599853515625,923700,MCK,705.7624969482422,708.1391047715929,711.989990234375,699.2000122070312,699.0470946546075,660.1041096346006,3.4360064149528853,5.577271765769112,-2.1412653508162265
2025-06-11,706.510009765625,717.760009765625,706.0399780273438,717.760009765625,783000,MCK,712.0175018310547,706.9508008599175,717.760009765625,706.0399780273438,699.8646027021515,661.3501641061962,3.707766866606221,5.203370785936534,-1.4956039193303132
2025-06-12,718.510009765625,731.1799926757812,717.6300048828125,730.7999877929688,674000,MCK,724.5299987792969,709.4841513454861,731.1799926757812,709.4841513454861,700.8905528420619,662.6789329681013,4.918657013340862,5.1464280314174005,-0.2277710180765382
2025-06-13,731.2899780273438,732.989990234375,724.7999877929688,728.2000122070312,518700,MCK,729.3199920654297,717.0070750623916,732.989990234375,717.0070750623916,701.7913196413082,664.0814972508169,5.603901588532949,5.23792274284051,0.3659788456924389
2025-06-16,725.25,730.2899780273438,717.1799926757812,719.5700073242188,556500,MCK,723.0724945068359,723.1635335639106,730.2899780273438,717.1799926757812,702.0803686707889,665.4787418833489,5.388478554643825,5.2680339052011735,0.12044464944265165
2025-06-17,719.5700073242188,728.4600219726562,717.2999877929688,724.3800048828125,591000,MCK,722.4275054931641,723.1180140353733,728.4600219726562,717.2999877929688,702.5199060681771,666.7819947450619,5.5419961703205445,5.322826358225048,0.21916981209549657
2025-06-18,725.8300170898438,732.5700073242188,723.7100219726562,728.9099731445312,735000,MCK,727.7550048828125,722.7727597642687,732.5700073242188,722.7727597642687,703.8341845976515,668.1364024685355,5.9604818425654,5.450357455093119,0.5101243874722812
2025-06-20,730.2999877929688,733.0999755859375,718.8400268554688,720.9199829101562,1367000,MCK,725.7899932861328,725.2638823235407,733.0999755859375,718.8400268554688,705.0661051559265,669.4104625977171,5.5830513751425315,5.476896239103001,0.10615513603953008
2025-06-23,726.7000122070312,728.4199829101562,720.0399780273438,721.8300170898438,677100,MCK,724.2474975585938,725.5269378048367,728.4199829101562,720.0399780273438,706.3529906594356,670.6302540041772,5.296314546052599,5.440779900492921,-0.14446535444032182
