Date,Open,High,Low,Close,Volume,Ticker,HA_Close,HA_Open,HA_High,HA_Low,HA_50_MA,HA_100_MA,MACD_Line,Signal_Line,MACD_Hist
2022-01-03,169.07266214026072,172.7423284332225,168.45335006446007,172.12301635742188,5990200,QCOM,170.5978392488413,170.5978392488413,172.7423284332225,168.45335006446007,,,0.0,0.0,0.0
2022-01-04,172.8532910958611,174.63727818569905,167.31643460829054,173.06588745117188,8484200,QCOM,171.96822283525563,170.5978392488413,174.63727818569905,167.31643460829054,,,0.07521478810542703,0.015042957621085408,0.060171830484341625
2022-01-05,172.3911590576172,178.93555434869265,170.75505670873528,172.3911590576172,17141200,QCOM,173.6182322931656,171.28303104204846,178.93555434869265,170.75505670873528,,,0.07946211732775055,0.02792678956241844,0.05153532776533211
2022-01-06,170.56092357953275,174.21210021094947,169.15590880307002,171.8827362060547,9117700,QCOM,171.45291719990172,172.450631667607,174.21210021094947,169.15590880307002,,,0.041326297450495986,0.03060669114003395,0.010719606310462034
2022-01-07,172.4835803477646,174.11042999407735,166.49378689087325,166.76185607910156,7386200,QCOM,169.96241332795418,171.95177443375437,174.11042999407735,166.49378689087325,,,-0.39752640685361484,-0.05501992845869581,-0.34250647839491905
2022-01-10,164.7837146477562,166.38283460891878,160.61489126487513,166.0870361328125,11159300,QCOM,164.46711916359067,170.95709388085427,170.95709388085427,160.61489126487513,,,-0.7906584483131951,-0.20214763242959566,-0.5885108158835994
2022-01-11,165.63412822847204,171.6054159032692,163.8131592550111,171.37432861328125,9591000,QCOM,168.1067580000084,167.71210652222248,171.6054159032692,163.8131592550111,,,-0.6678792122875734,-0.2952939484011912,-0.3725852638863822
2022-01-12,172.483574646548,175.12721404970583,171.18023882687802,172.3171844482422,7317500,QCOM,172.77705299284352,167.90943226111546,175.12721404970583,167.90943226111546,,,-0.48885992415335977,-0.3340071435516249,-0.15485278060173485
2022-01-13,174.42467847172202,177.08680848659077,169.42394628012005,169.9785614013672,10190900,QCOM,172.72849865995,170.34324262697947,177.08680848659077,169.42394628012005,,,-0.5295884181105919,-0.37312339846341835,-0.15646501964717352
2022-01-14,168.97103488076246,175.70953427500427,168.24079112161823,174.4154510498047,9587300,QCOM,171.83420283179743,171.53587064346473,175.70953427500427,168.24079112161823,,,-0.20152309620044662,-0.338803338010824,0.1372802418103774
2022-01-18,171.80878449785928,171.9289544095264,164.78373890938718,165.3291015625,10471200,QCOM,168.46264484481821,171.6850367376311,171.9289544095264,164.78373890938718,,,-0.6670322977230683,-0.40444912995327287,-0.2625831677697954
2022-01-19,166.90970249057776,167.50128527502417,159.23760311721756,159.42247009277344,10082700,QCOM,163.26776524389822,170.07384079122465,170.07384079122465,159.23760311721756,,,-1.4953302532221358,-0.6226253546070455,-0.8727048986150903
2022-01-20,161.32668334939558,161.75189023638177,153.71003998555773,153.90415954589844,9468500,QCOM,157.67319327930838,166.67080301756144,166.67080301756144,153.71003998555773,,,-2.5674479514040627,-1.011589873966449,-1.5558580774376136
2022-01-21,153.66382071315695,159.0250349510493,152.12015919520383,152.45291137695312,11898700,QCOM,154.3154815590908,162.1719981484349,162.1719981484349,152.12015919520383,,,-3.493936623554731,-1.5080592238841055,-1.9858773996706256
2022-01-24,149.91092795917973,157.89731760045632,146.6017706440562,157.2040557861328,17489100,QCOM,152.90351799745625,158.24373985376286,158.24373985376286,146.6017706440562,,,-3.8009924494526786,-1.9666458689978201,-1.8343465804548584
2022-01-25,153.59908042004272,157.43513745205084,149.00506449900772,152.9335479736328,10708500,QCOM,153.24320758618353,155.57362892560957,157.43513745205084,149.00506449900772,,,-4.338914389834798,-2.4410995731652156,-1.8978148166695825
2022-01-26,155.82679119032062,161.34515709090215,151.50082956220186,154.36631774902344,10492200,QCOM,155.759773898112,154.40841825589655,161.34515709090215,151.50082956220186,,,-4.596621860874137,-2.872204030707,-1.7244178301671371
2022-01-27,156.5015533986338,158.47966002896555,148.4597185596009,149.0050811767578,10743000,QCOM,153.1115032909895,155.0840960770043,158.47966002896555,148.4597185596009,,,-5.173823260064324,-3.332527876578465,-1.8412953834858592
2022-01-28,149.75383970828378,154.3108895387068,145.47411162041098,154.1907196044922,10320800,QCOM,150.93239011797343,154.0977996839969,154.3108895387068,145.47411162041098,,,-5.153416467359165,-3.6967055947346052,-1.4567108726245594
2022-01-31,154.42180170100585,162.63926694063548,153.25712658594287,162.46363830566406,11273500,QCOM,158.19545838331206,152.51509490098516,162.63926694063548,152.51509490098516,,,-4.418751916088013,-3.841114859005287,-0.5776370570827258
2022-02-01,163.09216205627743,164.0072586642161,160.01407777401027,163.72996520996094,9724600,QCOM,162.71086592611618,155.35527664214862,164.0072586642161,155.35527664214862,,,-3.691786353169988,-3.8112491578382275,0.11946280466823955
2022-02-02,167.25175399896656,174.36924033699864,166.62318918048797,173.9625244140625,25646300,QCOM,170.55167698262892,159.0330712841324,174.36924033699864,159.0330712841324,,,-2.263882270748411,-3.5017757804202643,1.2378935096718533
2022-02-03,167.12233993225726,177.56748882260763,163.87786517940896,165.5509490966797,36120200,QCOM,168.52966075773838,164.79237413338066,177.56748882260763,163.87786517940896,,,-1.790363630115337,-3.159493350359279,1.3691297202439419
2022-02-04,165.4492759078002,168.61054862299443,163.4341872258699,165.89295959472656,15708400,QCOM,165.84674283784778,166.66101744555954,168.61054862299443,163.4341872258699,,,-1.3716873490900525,-2.8019321501054337,1.4302448010153812
2022-02-07,166.07778906239517,166.98364716546723,161.24344756917202,161.84426879882812,10376300,QCOM,164.03728814896562,166.25388014170366,166.98364716546723,161.24344756917202,,,-1.3510053422719466,-2.5117467885387366,1.16074144626679
2022-02-08,161.12330026256478,165.72655514268058,160.81826334639854,165.0795135498047,10163900,QCOM,163.18690807536214,165.14558414533462,165.72655514268058,160.81826334639854,,,-1.0613232161425685,-2.2216620740595032,1.1603388579169347
2022-02-09,167.67694894111162,170.08026264196295,165.4122960909538,170.03404235839844,9666900,QCOM,168.30088750810668,164.16624611034837,170.08026264196295,164.16624611034837,,,-0.4270363665961838,-1.8627369325668395,1.4357005659706557
2022-02-10,165.82824288388474,168.22231806079975,160.32836789692794,160.90147399902344,14362200,QCOM,163.82010071015895,166.2335668092275,168.22231806079975,160.32836789692794,,,-0.6537454405872722,-1.6209386341709262,0.967193193583654
2022-02-11,161.4838114445022,162.20480273244274,151.1773229302484,152.1848602294922,13572000,QCOM,156.76269933417137,165.02683375969323,165.02683375969323,151.1773229302484,,,-1.5192588284279225,-1.6006026730223255,0.08134384459440303
2022-02-14,152.84114481619915,155.15201780039055,150.18825303932186,152.63778686523438,8381700,QCOM,152.70480063028648,160.89476654693232,160.89476654693232,150.18825303932186,,,-2.143923217435571,-1.7092667819049747,-0.4346564355305962
2022-02-15,156.2150027765704,160.79978066165071,155.52174092992882,159.9123992919922,11100000,QCOM,158.11223091503552,156.7997835886094,160.79978066165071,155.52174092992882,,,-2.028589502786417,-1.7731313260812633,-0.2554581767051538
2022-02-16,157.76788576485242,160.10650178824562,155.53096280344494,159.5426483154297,8340600,QCOM,158.23699966799316,157.45600725182246,160.10650178824562,155.53096280344494,,,-1.9446063056470564,-1.807426321994422,-0.1371799836526344
2022-02-17,157.02847043889338,157.8511407875577,154.08903220251244,154.1814727783203,8878900,QCOM,155.78752905182097,157.8465034599078,157.8511407875577,154.08903220251244,,,-2.2843188714680025,-1.9028048318891382,-0.3815140395788643
2022-02-18,154.80074808449413,157.55530450981894,151.81510437942347,154.9578857421875,9591700,QCOM,154.782260678981,156.8170162558644,157.55530450981894,151.81510437942347,,,-2.4625072393500886,-2.0147453133813285,-0.4477619259687602
2022-02-22,151.6486953671431,157.10236295440407,151.22350272371568,153.3402557373047,9835500,QCOM,153.32870419564188,155.7996384674227,157.10236295440407,151.22350272371568,,,-2.7030924597115984,-2.1524147426473825,-0.5506777170642159
2022-02-23,154.04280154591964,156.36292726068362,149.11603230580837,149.39332580566406,9749000,QCOM,152.22877172951894,154.5641713315323,156.36292726068362,149.11603230580837,,,-3.1756354906133026,-2.3570588922405666,-0.818576598372736
2022-02-24,145.02114201829994,155.6234282216831,144.00435228039737,155.2721710205078,12567000,QCOM,149.98027338522206,153.39647153052562,155.6234282216831,144.00435228039737,,,-3.04070422428822,-2.4937879586500973,-0.5469162656381226
2022-02-25,154.93016108632438,158.1468921685033,153.07222437853414,157.99899291992188,7350200,QCOM,156.03706763832093,151.68837245787384,158.1468921685033,151.68837245787384,,,-2.6828126906125647,-2.531592905042591,-0.15121978556997373
2022-02-28,155.56797006439888,159.9031699822638,155.47552950447093,158.97882080078125,10638900,QCOM,157.4813725879787,153.8627200480974,159.9031699822638,153.8627200480974,,,-2.2936770689962884,-2.4840097378333303,0.19033266883704192
2022-03-01,158.02673929078514,158.8401569641179,149.48574793742426,151.3067169189453,10723300,QCOM,154.41484027781814,155.67204631803804,158.8401569641179,149.48574793742426,,,-2.5746796458365964,-2.5021437194339837,-0.07253592640261264
2022-03-02,153.38587390443246,158.24967312883788,152.55049508252074,157.09869384765625,7299400,QCOM,155.3211839908618,155.0434432979281,158.24967312883788,152.55049508252074,,,-2.303459235705077,-2.4624068226882025,0.1589475869831256
2022-03-03,158.4167733464588,158.56528957161217,152.68974919479555,153.47872924804688,8553900,QCOM,155.78763534022835,155.18231364439495,158.56528957161217,152.68974919479555,,,-2.3534864694944417,-2.4406227520494506,0.08713628255500883
2022-03-04,152.08640675575433,154.147023149243,148.4107084377437,150.6105499267578,9057300,QCOM,151.3136720673747,155.48497449231166,155.48497449231166,148.4107084377437,,,-2.594661866674471,-2.471430574974455,-0.12323129170001623
2022-03-07,150.66626075463245,151.44594965043675,139.23076696302533,139.32359313964844,13416100,QCOM,145.16664262693573,153.3993232798432,153.3993232798432,139.23076696302533,,,-3.6544321709390886,-2.708030894167382,-0.9464012767717067
2022-03-08,139.84340623477752,146.97201574980238,137.2629967752285,139.93621826171875,11878400,QCOM,141.00365925538176,149.28298295338948,149.28298295338948,137.2629967752285,,,-4.39422020960302,-3.04526875725451,-1.3489514523485102
2022-03-09,144.80926055730708,147.10192809746263,143.10136671396478,145.83029174804688,9276800,QCOM,145.21071177919535,145.14332110438562,147.10192809746263,143.10136671396478,,,-4.453567138882164,-3.326928433580041,-1.1266387053021232
2022-03-10,142.98070548396666,144.15025295902467,139.53707253988296,143.6026153564453,8888800,QCOM,142.5676615848299,145.1770164417905,145.1770164417905,139.53707253988296,,,-4.627017497745641,-3.586946246413161,-1.0400712513324795
2022-03-11,146.6100025220419,146.95344806305624,141.10575270912884,141.40277099609375,7394400,QCOM,144.0179935725802,143.87233901331018,146.95344806305624,141.10575270912884,,,-4.885668269216637,-3.8466906509738568,-1.0389776182427806
2022-03-14,139.97332689559252,140.42813831378777,130.38496685667386,131.14608764648438,16154200,QCOM,135.48312992813462,143.9451662929452,143.9451662929452,130.38496685667386,,,-5.850834716130379,-4.247519464005161,-1.6033152521252179
2022-03-15,132.26922365557652,134.06065265828906,129.06691896815124,133.85646057128906,13893000,QCOM,132.3133139633265,139.7141481105399,139.7141481105399,129.06691896815124,158.20810955806027,,-6.3241309900398335,-4.662841769212096,-1.6612892208277374
2022-03-16,136.4183179217577,140.6787763451183,133.26242594073958,139.64846801757812,11727700,QCOM,137.50199705629842,136.0137310369332,140.6787763451183,133.26242594073958,157.5461927142094,,-6.160836810179006,-4.962440777405479,-1.1983960327735277
2022-03-17,138.47892366254607,141.95969285107464,136.05630774079876,141.8575897216797,8602900,QCOM,139.58812849402477,136.7578640466158,141.95969285107464,136.05630774079876,156.8985908273848,,-5.786464575371923,-5.1272455369987675,-0.6592190383731555
2022-03-18,141.56983314636167,144.8278276569685,138.31182447247028,142.93429565429688,18454200,QCOM,141.91094523252434,138.17299627032028,144.8278276569685,138.17299627032028,156.26444508617197,,-5.341319307603499,-5.170060291119714,-0.17125901648378417
2022-03-21,142.93431387532806,146.38723811150643,141.8390244508288,144.41943359375,8986400,QCOM,143.89500250785332,140.0419707514223,146.38723811150643,140.0419707514223,155.713286792331,,-4.813216492300313,-5.0986915313558345,0.2854750390555214
2022-03-22,144.2894917558989,148.45713809432596,143.65831903468697,146.29441833496094,7220500,QCOM,145.6748418049682,141.96848662963782,148.45713809432596,141.96848662963782,155.22753536187128,,-4.195037822979856,-4.917960789680639,0.722922966700783
2022-03-23,144.90211967172982,145.92315109462436,141.62555632819718,141.8947296142578,7245600,QCOM,143.58638917720228,143.821664217303,145.92315109462436,141.62555632819718,154.80992076214352,,-4.013875426468843,-4.73714371703828,0.723268290569437
2022-03-24,143.2220525907901,147.17620129608778,142.56302072493077,147.08338928222656,9261000,QCOM,145.0111659735088,143.70402669725263,147.17620129608778,142.56302072493077,154.34800892161354,,-3.4122867328804602,-4.472172320206717,1.0598855873262565
2022-03-25,146.62857055664062,147.08339618474938,144.0388702235302,146.62857055664062,7198700,QCOM,146.09485188039022,144.35759633538072,147.08339618474938,144.0388702235302,153.81436489936445,,-2.9383519370060185,-4.165408243566577,1.2270563065605584
2022-03-28,145.2641146209055,147.1205250313963,142.99001470071175,147.07411193847656,9470800,QCOM,145.61219157287252,145.22622410788546,147.1205250313963,142.99001470071175,153.2720387576229,,-2.498008246678694,-3.8319282441890006,1.3339199975103067
2022-03-29,149.63596011879682,149.71949518403218,145.40333269080972,149.50601196289062,10212400,QCOM,148.56619998913234,145.419207840379,149.71949518403218,145.40333269080972,152.8066787007696,,-1.9305445757091206,-3.4516515104930248,1.5211069347839041
2022-03-30,147.94665213780485,148.76347738892213,140.89228571865897,141.76480102539062,14777800,QCOM,144.84180406769414,146.99270391475568,148.76347738892213,140.89228571865897,152.33426188522714,,-2.0814825199556424,-3.1776177123855485,1.096135192429906
2022-03-31,141.91329463680518,144.00175636881843,140.18683237180937,141.84832763671875,13364200,QCOM,141.98755275353793,145.91725399122492,145.91725399122492,140.18683237180937,151.90865763541993,,-2.169355054060418,-2.9759651807205225,0.8066101266601047
2022-04-01,141.03150262992236,141.89472668147408,132.3249331811743,136.4368896484375,19762100,QCOM,137.92201303525206,143.9524033723814,143.9524033723814,132.3249331811743,151.5136340305388,,-2.645160724528921,-2.9098042894822025,0.26464356495328145
2022-04-04,137.1330441186655,143.0642749000225,136.13058078280815,142.76724243164062,12116000,QCOM,139.7737855582842,140.93720820381674,143.0642749000225,136.13058078280815,151.22280011052266,,-2.4828132560133724,-2.8244060827884367,0.3415928267750643
2022-04-05,140.91081767503147,141.0964558672621,134.8403623930432,135.0167236328125,15946100,QCOM,137.9660898920373,140.35549688105047,141.0964558672621,134.8403623930432,150.92405154841427,,-2.945598781658248,-2.848644622562399,-0.0969541590958487
2022-04-06,132.640508841162,132.7333350204769,127.59108477670445,129.28041076660156,21054200,QCOM,130.5613348512362,139.1607933865439,139.1607933865439,127.59108477670445,150.47041409371533,,-3.7322095642212787,-3.0253576108941753,-0.7068519533271034
2022-04-07,129.75375509031514,131.3317147308895,127.08981159341758,129.2246856689453,10201200,QCOM,129.34999177089188,134.86106411889006,134.86106411889006,127.08981159341758,149.94221845117093,,-4.310413067589707,-3.2823687022332817,-1.028044365356425
2022-04-08,128.59355217597007,129.91161612615952,126.57007148099615,126.87638092041016,12992500,QCOM,127.98790517588398,132.10552794489098,132.10552794489098,126.57007148099615,149.43974648886882,,-4.901629147689249,-3.6062207913244753,-1.2954083563647738
2022-04-11,124.64868213286417,127.73033049331619,124.09176745696871,125.6418685913086,11210400,QCOM,125.52816216861441,130.0467165603875,130.0467165603875,124.09176745696871,148.93166192988164,,-5.407453223619342,-3.966467277783449,-1.4409859458358931
2022-04-12,128.01805223908835,130.09723686819814,125.771797481812,126.3194351196289,10591300,QCOM,127.55163042718183,127.78743936450095,130.09723686819814,125.771797481812,148.31878537075906,,-5.688079848101751,-4.310789791847109,-1.3772900562546413
2022-04-13,127.66533299981455,132.35277194647432,126.6814377845855,130.41282653808594,10440800,QCOM,129.27809231724007,127.6695348958414,132.35277194647432,126.6814377845855,147.6501298985815,,-5.516584243040398,-4.551948682085768,-0.9646355609546307
2022-04-14,130.92335861765673,131.39673821543678,126.86709188076826,127.0805892944336,8002600,QCOM,129.06694450207385,128.47381360654072,131.39673821543678,126.86709188076826,146.8204352489704,,-5.585174027821665,-4.758593751232947,-0.826580276588718
2022-04-18,125.88320991790286,130.27363159128095,125.82751986086892,129.3175811767578,8785700,QCOM,127.82548563670262,128.77037905430728,130.27363159128095,125.82751986086892,146.0063517465497,,-5.396814261435594,-4.886237853273477,-0.5105764081621169
2022-04-19,128.8627382868164,131.24821844642682,127.66534556680247,130.92335510253906,7213800,QCOM,129.6749143506462,128.29793234550496,131.24821844642682,127.66534556680247,145.28291517680566,,-5.0596408633621195,-4.920918455291206,-0.13872240807091352
2022-04-20,132.92827126595085,134.41339106945588,130.00441642444508,130.26431274414062,7731600,QCOM,131.9025978759981,128.98642334807556,134.41339106945588,128.98642334807556,144.6402213713463,,-4.790387125788044,-4.894812189390574,0.10442506360253034
2022-04-21,132.12070329764978,133.32737269420934,125.54900985003245,126.3379898071289,8576500,QCOM,129.33376891225512,130.44451061203682,133.32737269420934,125.54900985003245,143.96315858808418,,-4.8380529830538705,-4.883460348123234,0.04540736506936316
2022-04-22,126.3565809865878,127.47042441665857,123.12641662710865,123.27493286132812,8315100,QCOM,125.05708872292078,129.889139762146,129.889139762146,123.12641662710865,143.09828261238047,,-5.064609944017718,-4.919690267302131,-0.14491967671558736
2022-04-25,121.89189832733547,126.98773516973175,121.51133084402515,126.75568389892578,9673200,QCOM,124.28666206000455,127.47311424253338,127.47311424253338,121.51133084402515,142.30761383937738,,-4.906728734434381,-4.917097960728581,0.010369226294200118
2022-04-26,125.32626583671532,126.56078041061299,123.10785605017557,123.91539001464844,9262800,QCOM,124.72757307803809,125.87988815126897,126.56078041061299,123.10785605017557,141.6669113142547,,-4.953691643797953,-4.924416697342456,-0.02927494645549711
2022-04-27,121.42781083848944,128.19442050216674,121.2792946075743,125.40052795410156,13855900,QCOM,124.07551347558301,125.30373061465353,128.19442050216674,121.2792946075743,141.09432557116065,,-4.815561077402236,-4.9026455733544125,0.08708449595217616
2022-04-28,132.61269155641497,140.3446436894009,129.14121267123434,137.55075073242188,31111100,QCOM,134.91232466236804,124.68962204511827,140.3446436894009,124.68962204511827,140.6303274461073,,-3.683212394036417,-4.658758937490814,0.9755465434543966
2022-04-29,135.34160716196806,136.91027632291264,129.503202288248,129.66099548339844,13693100,QCOM,132.8540203141318,129.80097335374316,136.91027632291264,129.503202288248,140.12266785903003,,-3.383452876859536,-4.403697725364558,1.0202448485050217
2022-05-02,130.5056610805465,135.20237728099988,129.16904328242944,134.8403778076172,13320900,QCOM,132.42936486289827,131.32749683393746,135.20237728099988,129.16904328242944,139.6555045752516,,-2.696870586804806,-4.062332297652608,1.3654617108478018
2022-05-03,134.32056617421227,135.23020320595973,132.5105548996432,133.90286254882812,7556800,QCOM,133.99104670716085,131.87843084841785,135.23020320595973,131.87843084841785,139.2396802958152,,-2.2030039632544742,-3.690466630772981,1.487462667518507
2022-05-04,134.19989071020538,138.76665795467122,130.27358723011753,138.34896850585938,11038100,QCOM,135.3972761002134,132.93473877778933,138.76665795467122,130.27358723011753,138.88105173390662,,-1.4362908460857113,-3.2396314738355274,1.803340627749816
2022-05-05,136.42758991908622,136.42758991908622,129.18758686666095,131.47097778320312,14561400,QCOM,133.37843612200913,134.16600743900136,136.42758991908622,129.18758686666095,138.50404502175644,,-1.3678933236601267,-2.8652838438004475,1.4973905201403208
2022-05-06,131.1089868600532,133.754377392987,127.98093981199813,130.48709106445312,10080600,QCOM,130.83284878237288,133.77222178050525,133.77222178050525,127.98093981199813,138.12109652969946,,-1.3772036830997934,-2.567667811660317,1.1904641285605235
2022-05-09,128.0830487867377,130.05083940354308,124.43519475399926,125.23345184326172,11668100,QCOM,126.95063369688545,132.30253528143908,132.30253528143908,124.43519475399926,137.53936785087075,,-1.7878972224355891,-2.4117136938153716,0.6238164713797825
2022-05-10,129.48460580996166,129.76307016048958,124.96425170210888,126.98773193359375,8841200,QCOM,127.79991490153847,129.62658448916227,129.76307016048958,124.96425170210888,136.94573869714196,,-1.9493481965048431,-2.319240594353266,0.36989239784842276
2022-05-11,125.33553249665006,128.3614759991622,122.4209690729771,122.8015365600586,11530900,QCOM,124.72987853221198,128.71324969535038,128.71324969535038,122.4209690729771,136.3520394622298,,-2.387567841923669,-2.3329060438673466,-0.05466179805632265
2022-05-12,121.59487887402948,123.50697928332721,118.64318611122621,122.30960083007812,10749800,QCOM,121.51366127466525,126.72156411378118,126.72156411378118,118.64318611122621,135.6758890079059,,-2.7429363079120748,-2.4149120966762925,-0.3280242112357823
2022-05-13,124.64867079273361,126.22663097243486,122.98718970702852,125.24272155761719,9280700,QCOM,124.77630325745355,124.11761269422323,126.22663097243486,122.98718970702852,135.05566236625037,,-2.7561192211430523,-2.4831535215696445,-0.27296569957340777
2022-05-16,124.36092647056633,126.21733683683424,122.5230841736815,124.29595947265625,6378800,QCOM,124.34932673843457,124.44695797583839,126.21733683683424,122.5230841736815,134.5163754596716,,-2.8105641289289593,-2.5486356430415076,-0.26192848588745177
2022-05-17,127.39617237504922,129.94873684886622,126.88565664762815,129.66099548339844,9094100,QCOM,128.4728903387355,124.39814235713648,129.94873684886622,124.39814235713648,134.18250041390758,,-2.3932110942412947,-2.5175507332814653,0.12433963904017054
2022-05-18,127.00630356441836,127.42399302028839,120.55528105204495,121.0843505859375,11992700,QCOM,124.0174820556723,126.43551634793599,127.42399302028839,120.55528105204495,133.8427768699134,,-2.723128838437404,-2.558666354312653,-0.16446248412475084
2022-05-19,121.0843683766023,123.8132939953939,120.18400817820405,121.19576263427734,8419500,QCOM,121.5693582961194,125.22649920180415,125.22649920180415,120.18400817820405,133.36994980025187,,-2.941691023470625,-2.6352712881442475,-0.30641973532637756
2022-05-20,123.33990350886931,123.7204568520896,116.82389946175344,122.15180206298828,11370100,QCOM,121.50901547142516,123.39792874896177,123.7204568520896,116.82389946175344,132.9487768779838,,-3.0031404046283257,-2.708845111441063,-0.29429529318726244
2022-05-23,120.62025696405846,122.92220178091499,118.94948485372441,122.63446044921875,10023400,QCOM,121.28160101197915,122.45347211019347,122.92220178091499,118.94948485372441,132.49404902677176,,-2.978558021110942,-2.762787693375039,-0.21577032773590288
2022-05-24,120.98225701835094,120.98225701835094,117.0002631183017,119.30220794677734,9157100,QCOM,119.56674627544523,121.86753656108631,121.86753656108631,117.0002631183017,132.17572135371796,,-3.1911753502181597,-2.8484652247436633,-0.3427101254744964
2022-05-25,118.62463524907994,122.58807568129615,118.11411952261139,121.8083724975586,9766000,QCOM,120.28380073763651,120.71714141826577,122.58807568129615,118.11411952261139,131.93513108920416,145.0716203236322,-3.1214672495963356,-2.903065629714198,-0.2184016198821377
2022-05-26,120.67594708973958,126.23590106637256,120.53672198181927,125.1591796875,7932800,QCOM,123.15193745635786,120.50047107795115,126.23590106637256,120.50047107795115,131.64812989720537,144.59716130570737,-2.763979506041508,-2.87524840497966,0.11126889893815184
2022-05-27,126.32873191994254,130.07867465259798,126.32873191994254,129.7259521484375,9180800,QCOM,128.11552266023014,121.82620426715451,130.07867465259798,121.82620426715451,131.41867778052946,144.15863430395714,-2.0880972370728585,-2.7178181713983,0.6297209343254413
2022-05-31,129.48463626827257,133.63371499358783,127.57253566190668,132.93756103515625,16007300,QCOM,130.90711198973082,124.97086346369233,133.63371499358783,124.97086346369233,131.1986011156736,143.7315231009228,-1.278567146637542,-2.4299679664461484,1.1514008198086065
2022-06-01,133.0121943221543,134.28119931401423,128.9252490528995,130.65147399902344,8514300,QCOM,131.71752917202286,127.93898772671157,134.28119931401423,127.93898772671157,130.95505164895698,143.334169220644,-0.8121152764251747,-2.1063974284419538,1.294282152016779
2022-06-02,130.87540319363032,136.46462617061894,130.35287425352806,136.41796875,9589500,QCOM,133.52771809194434,129.8282584493672,136.46462617061894,129.8282584493672,130.7121091746965,142.9698222682839,0.022598622268390045,-1.680598218299885,1.7031968405682751
2022-06-03,132.66690831672594,133.8426124148091,131.20196244436744,131.77114868164062,7458900,QCOM,132.37065796438577,131.67798827065576,133.8426124148091,131.20196244436744,130.48779455044019,142.64885765629185,0.3056327126889187,-1.2833520321021243,1.588984744791043
2022-06-06,135.25160279118566,135.2702686067771,130.55815393805784,131.04336547851562,7238700,QCOM,133.03084770363404,132.02432311752077,135.2702686067771,130.55815393805784,130.24818818504266,142.29809855332812,0.46584329481822806,-0.933512966718054,1.399356261536282
2022-06-07,129.82103469697833,132.63896098727506,129.2238566616611,132.3963623046875,6062800,QCOM,131.0200536626505,132.5275854105774,132.63896098727506,129.2238566616611,129.94669222068788,141.88052856002616,0.6939870214253574,-0.6080129690893717,1.3019999905147293
2022-06-08,131.33261133364732,132.27502849894324,128.25340694148846,129.66238403320312,6773000,QCOM,130.38085770182053,131.77381953661393,132.27502849894324,128.25340694148846,129.64206554326685,141.45705215044487,0.6467282896011284,-0.35706471735127177,1.0037930069524001
2022-06-09,128.55202488425053,131.04337757649816,127.54428431696269,127.56295013427734,7153200,QCOM,128.6756592279972,131.07733861921724,131.07733861921724,127.54428431696269,129.24425472804415,141.0254667144069,0.43485588623931903,-0.19868059663315363,0.6335364828724727
2022-06-10,125.73405994917174,126.95640734483403,123.5599553858507,124.28776550292969,8544700,QCOM,125.13454704569654,129.87649892360722,129.87649892360722,123.5599553858507,128.85010958760418,140.59218573641564,0.002635076703171535,-0.1584174619658886,0.16105253866906014
2022-06-13,121.85239603217312,122.56155457070035,118.12936353735941,120.0515365600586,12320900,QCOM,120.64871267507286,127.50552298465188,127.50552298465188,118.12936353735941,128.4233327860349,140.1659952107274,-0.6739622832103436,-0.2615264262147796,-0.41243585699556395
2022-06-14,121.49785144381322,123.10275573773046,120.2008548180346,121.54449462890625,6794700,QCOM,121.58648915712114,124.07711782986237,124.07711782986237,120.2008548180346,128.09662230847226,139.80512816950554,-1.0772830778417983,-0.4246777565401834,-0.652605321301615
2022-06-15,122.86014792145357,124.3624257060072,119.63165951946829,122.26296997070312,7860000,QCOM,122.27930077940805,122.83180349349175,124.3624257060072,119.63165951946829,127.74673261289476,139.48476636170872,-1.3236841508958435,-0.6044790354113154,-0.719205115484528
2022-06-16,117.81212655614105,118.17603164621467,111.06587234992506,112.7361068725586,16422800,QCOM,114.94753435620984,122.5555521364499,122.5555521364499,111.06587234992506,127.28636150217821,139.10520652529624,-2.2616263880306775,-0.9359085059351878,-1.3257178820954896
2022-06-17,113.29596686861828,114.61162928499141,110.44070919076766,112.89473724365234,17273400,QCOM,112.81076064700743,118.75154324632987,118.75154324632987,110.44070919076766,126.93135001809364,138.7008820559045,-2.95805362241623,-1.3403375292313964,-1.6177160931848338
2022-06-21,115.48872621865836,117.68149683239413,115.44207591727594,116.06724548339844,9208500,QCOM,116.16988611293172,115.78115194666864,117.68149683239413,115.44207591727594,126.66774790493442,138.30498317805268,-3.216899902340657,-1.7156500038532487,-1.5012498984874083
2022-06-22,113.65055193162988,115.38610275809246,112.30689784174311,113.98646545410156,9081000,QCOM,113.83250449639175,115.97551902980018,115.97551902980018,112.30689784174311,126.38463989134458,137.9121931901067,-3.5490280168425556,-2.08232560645111,-1.4667024103914454
2022-06-23,114.53697353110168,114.70493027398975,110.31940338146775,112.05494689941406,7908900,QCOM,112.90406352149331,114.90401176309597,114.90401176309597,110.31940338146775,126.13215791840216,137.5319099241419,-3.922878840067341,-2.4504362531743564,-1.4724425868929845
2022-06-24,114.19174142958812,116.98169029223939,113.61322922417536,116.72975158691406,8128000,QCOM,115.37910313322924,113.90403764229464,116.98169029223939,113.61322922417536,125.8887073725231,137.10374637164105,-3.7981578422797355,-2.7199805709954323,-1.0781772712843032
2022-06-27,117.75614519483833,121.33921316034508,117.04700077599213,118.67057800292969,9947300,QCOM,118.70323428352631,114.64157038776193,121.33921316034508,114.64157038776193,125.67721021184883,136.66367005521516,-3.5023343510855796,-2.876451327013462,-0.6258830240721176
2022-06-28,121.09661223782797,127.32033075754677,118.12938101965757,122.79484558105469,27081900,QCOM,122.33529239902175,116.67240233564412,127.32033075754677,116.67240233564412,125.54257716978778,136.1815062093791,-2.901649765130486,-2.881491014636867,-0.02015875049361915
2022-06-29,121.37652148831695,122.76683269075393,118.40929078458954,121.5164794921875,9973300,QCOM,121.01728111396199,119.50384736733294,122.76683269075393,118.40929078458954,125.40641307933296,135.70638241294134,-2.4999386263558705,-2.805180536980668,0.30524191062479744
2022-06-30,119.07180064974969,121.38586346198517,116.94435328017349,119.19309997558594,9277900,QCOM,119.14877934187356,120.26056424064745,121.38586346198517,116.94435328017349,125.19589037915752,135.23940277798158,-2.342059164237355,-2.7125562624320056,0.3704970981946505
2022-07-01,117.33625769270012,118.27868211359011,113.93047224841163,115.2647933959961,7672800,QCOM,116.20255136267448,119.70467179126051,119.70467179126051,113.93047224841163,124.88188944889106,134.76105541011867,-2.5050434818697624,-2.671053706319557,0.16601022444979474
2022-07-05,112.99737804930633,117.72815162027668,112.30689233979649,117.41090393066406,8113100,QCOM,115.11083148501089,117.95361157696749,117.95361157696749,112.30689233979649,124.59743070034615,134.28029464421516,-2.4329905429829495,-2.623441073652236,0.19045053066928652
2022-07-06,117.6255098977524,119.6503167043743,116.69241841611026,118.55860137939453,6038400,QCOM,118.13171159940788,116.53222153098919,119.6503167043743,116.53222153098919,124.4589231578759,133.77860288512818,-2.2572582098483167,-2.5502045008914522,0.2929462910431355
2022-07-07,121.9084078357745,125.6967715669824,121.54450269325582,125.40750122070312,9408100,QCOM,123.63929582917896,117.33196656519854,125.6967715669824,117.33196656519854,124.4459758332594,133.37679483631837,-1.5475014576885968,-2.3496638922508812,0.8021624345622844
2022-07-08,123.65327212855242,127.26433116819659,122.81348135427501,126.90975189208984,8393200,QCOM,125.16020913577847,120.48563119718875,127.26433116819659,120.48563119718875,124.4546285544142,133.06076993433444,-0.8539512255703556,-2.0505213589147764,1.1965701333444207
2022-07-11,124.6516861216121,125.59411761899767,122.53357873491792,123.39202117919922,5887200,QCOM,124.04285091368173,122.82292016648361,125.59411761899767,122.53357873491792,124.45397530317618,132.7741504371684,-0.5814564712288757,-1.7567083813775963,1.1752519101487207
2022-07-12,124.79166228180182,126.29394016566773,123.13076055154588,124.05451202392578,5991300,QCOM,124.56771875573531,123.43288554008268,126.29394016566773,123.13076055154588,124.24708318504352,132.43870531557542,-0.30848887299192995,-1.467064479700463,1.158575606708533
2022-07-13,121.81512651362115,127.62828392449164,121.78713490113644,126.56455993652344,7200200,QCOM,124.44877631894316,124.000302147909,127.62828392449164,121.78713490113644,124.07897830513976,132.10082308208493,0.10912191492789702,-1.1518272007747912,1.2609491157026882
2022-07-14,125.91136169105104,132.82557270595743,124.89429543450002,132.40567016601562,10718700,QCOM,129.00922499938102,124.22453923342607,132.82557270595743,124.22453923342607,124.01057550786942,131.83304004156048,0.9010238107798187,-0.7412569984638693,1.642280809243688
2022-07-15,134.14121710796576,135.74613548573694,132.5269729416401,134.7104034423828,11880500,QCOM,134.28118224443142,126.61688211640354,135.74613548573694,126.61688211640354,124.0163782186148,131.62802925721502,1.6950450582283594,-0.25399658712542356,1.9490416453537829
2022-07-18,136.20336238991018,136.6325764909469,131.39794703659993,132.20973205566406,7856600,QCOM,134.11090449328026,130.44903218041748,136.6325764909469,130.44903218041748,123.99065078647617,131.43585126019138,2.0983409670241286,0.2164709237044869,1.8818700433196418
2022-07-19,134.49580778290547,138.5360956727012,133.60003368130066,137.5096893310547,9686500,QCOM,136.03540661699049,132.27996833684887,138.5360956727012,132.27996833684887,124.04379019637578,131.2739176090661,2.8131894421286177,0.7358146273893131,2.0773748147393043
2022-07-20,137.56566638657495,142.13782305911775,136.80986458602482,141.55931091308594,8517400,QCOM,139.51816623620087,134.15768747691968,142.13782305911775,134.15768747691968,124.21749654545233,131.1692965375759,3.6642435081744793,1.3215004035463465,2.342743104628133
2022-07-21,142.65103196328855,145.48762383650785,140.55157610466642,145.431640625,8060400,QCOM,143.5304681323657,136.83792685656027,145.48762383650785,136.83792685656027,124.54909323416194,131.04423054251635,4.598169793255693,1.9768342814882158,2.6213355117674766
2022-07-22,145.2450030065745,146.17809435688602,142.1564729150984,143.4161376953125,7200100,QCOM,144.24892699346788,140.18419749446298,146.17809435688602,140.18419749446298,124.87807347600054,130.91190608657124,5.116696765315709,2.6048067782537148,2.511889987061994
2022-07-25,142.57637330089798,143.73339756146578,141.5219754292622,142.9962615966797,4928900,QCOM,142.7070019720764,142.21656224396543,143.73339756146578,141.5219754292622,125.23761594479782,130.79482770351382,5.431145766721727,3.1700745759473175,2.2610711907744094
2022-07-26,142.40840117159777,142.48305019017852,139.78641668451817,139.9357147216797,5941800,QCOM,141.15339569199352,142.4617821080209,142.48305019017852,139.78641668451817,125.63041063314438,130.65314982052513,5.371469355951859,3.6103535319482263,1.761115824003633
2022-07-27,141.39134965468895,144.4425627556226,140.47692399845704,143.15489196777344,12863000,QCOM,142.36643209413552,141.8075889000072,144.4425627556226,140.47692399845704,125.98221320987803,130.51893778806422,5.520301471351019,3.992343119828785,1.5279583515222335
2022-07-28,139.75842586472655,139.95438131932866,133.43206744249457,136.65122985839844,17051000,QCOM,137.44902612123707,142.08701049707136,142.08701049707136,133.43206744249457,126.24420719753407,130.38029132860282,5.0551877584930764,4.204912047561644,0.8502757109314327
2022-07-29,134.92501872811724,135.5875056321955,131.25796221503555,135.35423278808594,11749400,QCOM,134.28117984085856,139.76801830915423,139.76801830915423,131.25796221503555,126.36037298757654,130.27143670074204,4.529709296844487,4.269871497418213,0.2598377994262746
2022-08-01,134.65441795106574,139.4598472143047,134.43048512679567,137.56565856933594,7611400,QCOM,136.5276022153755,137.0245990750064,139.4598472143047,134.43048512679567,126.61057539077059,130.226676130342,4.242799062469146,4.2644570104284,-0.021657947959253576
2022-08-02,135.94208951914197,139.4038506698724,135.14895612714818,137.1924285888672,5946400,QCOM,136.92183122625744,136.77610064519095,139.4038506698724,135.14895612714818,126.91762484937335,130.14378732481262,3.9398875235625326,4.199543113055227,-0.2596555894926942
2022-08-03,137.78029438978487,140.28097277711964,136.78187965001933,139.179931640625,6890200,QCOM,138.5057696143872,136.8489659357242,140.28097277711964,136.78187965001933,127.2575599322326,130.1031684051082,3.816211917168374,4.122876873877856,-0.3066649567094819
2022-08-04,138.73205329441663,141.04613073102425,137.82696753444793,140.90615844726562,6254700,QCOM,139.6278275017886,137.6773677750557,141.04613073102425,137.6773677750557,127.62448446202879,130.05926674440028,3.8135301825782904,4.061007535617943,-0.24747735303965257
2022-08-05,138.62942879924432,141.1580991159151,137.7896377986464,140.15969848632812,5041300,QCOM,139.43421605003348,138.65259763842215,141.1580991159151,137.7896377986464,128.02183385752056,130.09877760561926,3.7084234114989556,3.9904907107941456,-0.28206729929519003
2022-08-08,139.78644063914504,141.07411151409818,136.7445673593893,137.92025756835938,5553300,QCOM,138.88134427024798,139.04340684422783,141.07411151409818,136.7445673593893,128.3937847281728,130.16445790868846,3.40516870666724,3.8734263099687647,-0.46825760330152466
2022-08-09,135.8487768059154,136.6978934176059,131.85514665601912,132.974853515625,6770800,QCOM,134.34416759879136,138.96237555723792,138.96237555723792,131.85514665601912,128.61762933102145,130.13287961411342,2.7342654812200635,3.6455941442190247,-0.9113286629989612
2022-08-10,136.09139713906782,137.332396269828,134.07591613872194,137.15512084960938,6840000,QCOM,136.16370759930678,136.65327157801465,137.332396269828,134.07591613872194,128.778593029803,130.09863540516622,2.510937949677924,3.418662905310805,-0.9077249556328808
2022-08-11,138.38681431208653,141.4940110799309,137.1831324006134,137.93893432617188,6243200,QCOM,138.75072302970068,136.4084895886607,141.4940110799309,136.4084895886607,128.93546525060236,130.067033183138,2.3698779906208074,3.2089059223728054,-0.839027931751998
2022-08-12,138.09755438786777,141.33538332234085,137.3324124550654,141.16741943359375,4967500,QCOM,139.48319239971696,137.5796063091807,141.33538332234085,137.3324124550654,129.09077851515627,130.02291508205664,2.4898967436254225,3.065104086623329,-0.5752073429979063
2022-08-15,140.2623242763469,142.4830724146776,138.47077602665206,141.9512176513672,4502900,QCOM,140.79184759226092,138.5313993544488,142.4830724146776,138.47077602665206,129.23606110516258,129.97408513992957,2.6180788524556817,2.9756990397897995,-0.3576201873341178
2022-08-16,141.31668727564252,142.28711028830818,138.89065821966756,139.99169921875,5270800,QCOM,140.62153875059207,139.66162347335487,142.28711028830818,138.89065821966756,129.40107872088672,129.94443663566346,2.5323559134392326,2.8870304145196863,-0.35467450108045373
2022-08-17,138.31217170737267,139.61850856399647,136.5672948727555,138.59210205078125,5169600,QCOM,138.27251929872648,140.14158111197347,140.14158111197347,136.5672948727555,129.50591215278857,129.87705016891562,2.3246865328511603,2.7745616381859812,-0.4498751053348209
2022-08-18,138.16285812196008,142.6790173322353,137.87358781207035,141.2513885498047,7808200,QCOM,139.9917129540176,139.20705020534996,142.6790173322353,137.87358781207035,129.68534533861592,129.81601877965193,2.347627262707391,2.6891747630902634,-0.3415475003828723
2022-08-19,139.30121679547105,140.31829730030861,137.07112879164646,137.72430419921875,5400300,QCOM,138.6037367716612,139.59938157968378,140.31829730030861,137.07112879164646,129.84980292001273,129.74593423163978,2.0574843277877903,2.562836676029769,-0.5053523482419786
2022-08-22,135.57821158146723,136.0540831692232,131.6592297306034,132.13510131835938,6736800,QCOM,133.85665644991332,139.1015591756725,139.1015591756725,131.6592297306034,129.95342286445106,129.5988387962476,1.3608549116108861,2.3224403231459925,-0.9615854115351063
2022-08-23,132.58297256832418,134.00127568573853,131.1553436612004,131.3046417236328,4499300,QCOM,132.26105840972397,136.4791078127929,136.4791078127929,131.1553436612004,130.09595309173162,129.4730313396679,0.7333068268603142,2.004613623888857,-1.2713067970285428
2022-08-24,130.8660736730328,132.22839343189244,129.33580429014893,131.8551483154297,5113100,QCOM,131.07135492762598,134.37008311125845,134.37008311125845,129.33580429014893,130.30440593678267,129.36386936140877,0.27719638229183374,1.6591301755694525,-1.3819337932776188
2022-08-25,132.81622414075983,137.16443340594952,132.51764230165057,136.46461486816406,5618800,QCOM,134.740728679131,132.7207190194422,137.16443340594952,132.51764230165057,130.56749072722286,129.33205651784758,0.28439269480202256,1.3841826794159666,-1.099789984613944
2022-08-26,136.38065096839918,137.50035787084084,128.813278671729,129.12120056152344,7918600,QCOM,132.95387201812312,133.73072384928662,137.50035787084084,128.813278671729,130.78098215199716,129.26385738244596,-0.2990095428756092,1.0475442349576516,-1.3465537778332608
2022-08-29,128.58934069238813,129.82102833869436,127.00308794856532,127.90818786621094,6852300,QCOM,128.3304112114647,133.34229793370486,133.34229793370486,127.00308794856532,131.04863968910226,129.16750059564023,-0.8494480974584917,0.668145768474423,-1.5175938659329147
2022-08-30,128.58001158666272,129.04655733680457,124.0451863257701,125.41683197021484,6147400,QCOM,126.77214680486306,130.83635457258478,130.83635457258478,124.0451863257701,131.32786741225937,129.1296087151765,-1.4697636963426817,0.24056387551100208,-1.7103275718536837
2022-08-31,125.53879593316755,125.89536486829695,123.20237025415392,124.112548828125,8701100,QCOM,124.68726997093586,128.80425068872393,128.80425068872393,123.20237025415392,131.49821508941943,129.08298149717695,-2.0430618812039256,-0.2161612758319835,-1.826900605371942
2022-09-01,121.96377567840435,122.1045333608544,118.3043050185112,121.90747833251953,8716300,QCOM,121.07002309757237,126.74576032982989,126.74576032982989,118.3043050185112,131.64296546144308,129.0138026763938,-2.6448474287508645,-0.7018985064157597,-1.9429489223351049
2022-09-02,123.52141524771461,124.48789129991803,119.69303783414884,120.5562973022461,6121400,QCOM,122.06466042100689,123.90789171370113,124.48789129991803,119.69303783414884,131.82617739943333,128.97916765891773,-3.1939776415943584,-1.2003143334514796,-1.9936633081428787
2022-09-06,120.89407079539808,121.53214072492352,118.42627288183273,118.85790252685547,6674200,QCOM,119.92759673225245,122.98627606735401,122.98627606735401,118.42627288183273,131.91714727141382,128.90292732196846,-3.723293743236866,-1.704910215408557,-2.018383527828309
2022-09-07,119.60858507884046,121.77611890541189,118.576426454705,120.66889953613281,5340100,QCOM,120.15750749377254,121.45693639980323,121.77611890541189,118.576426454705,131.94623273561874,128.81172147373377,-3.951102394857898,-2.154148651298425,-1.796953743559473
2022-09-08,119.60858425057125,121.7948886174408,118.13541064914781,120.90348052978516,6618800,QCOM,120.11059101173626,120.80722194678788,121.7948886174408,118.13541064914781,131.90173870787302,128.7221579388304,-4.065845135011969,-2.536487948041134,-1.529357186970835
2022-09-09,122.62061728994146,124.43159661023154,122.27344073494764,123.90613555908203,5097300,QCOM,123.30794754855067,120.45890647926207,124.43159661023154,120.45890647926207,131.9475520365648,128.6769825579489,-3.869880839234227,-2.803166526279753,-1.066714312954474
2022-09-12,124.79753112792969,125.94229158143953,124.15947543527874,124.79753112792969,7081300,QCOM,124.92420731814441,121.88342701390637,125.94229158143953,121.88342701390637,132.06306059609022,128.62947548762386,-3.6011378744947535,-2.9627607959227533,-0.6383770785720002
2022-09-13,120.4624607667041,121.88870792327967,116.81236106199219,117.22522735595703,9610900,QCOM,119.09718927698324,123.40381716602539,123.40381716602539,116.81236106199219,132.12095335437638,128.50142140163373,-3.953604081941762,-3.1609294531265553,-0.7926746288152069
2022-09-14,118.48259200246153,120.01207017325943,117.76008308879149,119.66488647460938,7509300,QCOM,118.97990793478046,121.25050322150432,121.25050322150432,117.76008308879149,132.19833488337179,128.39788279185896,-3.9900808209671084,-3.3267597266946662,-0.6633210942724421
2022-09-15,118.8860573271117,120.1809534878177,116.56839507954378,117.27214050292969,7459600,QCOM,118.22688659935072,120.1152055781424,120.1809534878177,116.56839507954378,132.20023838337065,128.32958077062327,-4.164062778674037,-3.4942203370905407,-0.669842441583496
2022-09-16,116.46518943233508,117.985275107711,115.46117948718,117.2439956665039,13818500,QCOM,116.7889099234325,119.17104608874655,119.17104608874655,115.46117948718,132.0632306652557,128.25460324925754,-4.255164894556174,-3.6464092485836677,-0.6087556459725061
2022-09-19,115.99602645608311,119.33646944116184,115.79897857696133,118.83915710449219,5922700,QCOM,117.49265789467461,117.97997800608952,119.33646944116184,115.79897857696133,131.90987964043362,128.1822540974239,-4.150799943062424,-3.7472873874794193,-0.4035125555830046
2022-09-20,117.9852747727996,118.7453247671994,116.24937066904003,117.0750961303711,5672700,QCOM,117.51376658485253,117.73631795038207,118.7453247671994,116.24937066904003,131.77929795385705,128.1166366285166,-4.162452780220136,-3.8303204660275627,-0.33213231419257294
2022-09-21,117.70376946929605,121.78548430998578,116.82173958640014,116.93434143066406,8123700,QCOM,118.3113336990865,117.6250422676173,121.78548430998578,116.82173958640014,131.65417025272404,127.9506267188838,-4.135375431756572,-3.8913314591733648,-0.24404397258320687
2022-09-22,117.05632463110663,117.44104224049995,114.91693964298717,116.05231475830078,8753000,QCOM,116.36665531822364,117.9681879833519,117.9681879833519,114.91693964298717,131.49252783270967,127.78575306892472,-4.137395301476417,-3.9405442276339753,-0.1968510738424416
2022-09-23,114.79495195454375,115.11398694111556,111.70786161191133,113.71588134765625,10681300,QCOM,113.83317046380672,117.16742165078776,117.16742165078776,111.70786161191133,131.18900674199818,127.5997911249338,-4.2782101688983545,-4.008077415886851,-0.2701327530115032
2022-09-26,114.04429278669446,115.58314887649371,112.21455038656102,112.35530090332031,6424600,QCOM,113.54932323826738,115.50029605729725,115.58314887649371,112.21455038656102,130.77436956187492,127.39537389024487,-4.448317007379401,-4.096125334185362,-0.35219167319403955
2022-09-27,114.06305719409609,115.11398628184432,111.42635993612966,112.91829681396484,5544400,QCOM,113.38042505650873,114.52480964778232,115.11398628184432,111.42635993612966,130.35975997313946,127.1752053798078,-4.485987169928464,-4.174097701333983,-0.3118894685944813
2022-09-28,111.26685511988724,113.02152262339631,110.51619040171472,111.59526824951172,11321200,QCOM,111.5999590986275,113.95261735214552,113.95261735214552,110.51619040171472,129.8710510227722,126.957420609574,-4.569919209318684,-4.253262002930923,-0.3166572063877604
2022-09-29,110.04702051265494,110.22530498387357,106.46261064609494,107.75749969482422,12125800,QCOM,108.62310895936191,112.77628822538651,112.77628822538651,106.46261064609494,129.25314987723542,126.7353232113439,-4.889745857541712,-4.380558773853081,-0.509187083688631
2022-09-30,106.74411644404738,109.10869810767957,105.95591778359051,106.01222229003906,7568100,QCOM,106.95523865633913,110.6996985923742,110.6996985923742,105.95591778359051,128.5216452877149,126.53536926093842,-5.223823100177469,-4.549211639117959,-0.6746114610595102
2022-10-03,107.89825719901873,111.02288891234403,106.65966541520547,109.99073028564453,7481700,QCOM,108.8928854530532,108.82746862435667,111.02288891234403,106.65966541520547,127.8145244569066,126.34629896645357,-5.108659924813281,-4.661101296257024,-0.4475586285562576
2022-10-04,112.97460659019706,114.89817322988199,112.89953868923897,114.82311248779297,6637200,QCOM,113.89885774927774,108.86017703870493,114.89817322988199,108.86017703870493,127.23836157245064,126.23798875862423,-4.574724840526784,-4.643826005110976,0.06910116458419235
2022-10-05,113.42499642400345,117.81636827989493,113.09658331532042,117.18769073486328,7070300,QCOM,115.38140968852052,111.37951739399134,117.81636827989493,111.37951739399134,126.72292185238116,126.17666624276279,-3.9156386910713366,-4.4981885423030485,0.582549851231712
2022-10-06,116.83113340631154,119.36461423712527,116.72791683123913,117.55364227294922,6238600,QCOM,117.61932668690628,113.38046354125592,119.36461423712527,113.38046354125592,126.2279797442366,126.1050964770573,-3.325445275313669,-4.263639888905173,0.938194613591504
2022-10-07,115.05769431659886,116.45579996740597,112.89953869656262,113.45315551757812,8618500,QCOM,114.46654712453639,115.4998951140811,116.45579996740597,112.89953869656262,125.76833016430258,126.00626868091835,-3.15225057080022,-4.041362025284182,0.8891114544839622
2022-10-10,113.15287312646257,113.57512465997269,106.45321751990497,107.53229522705078,9512600,QCOM,110.17837763334775,114.98322111930875,114.98322111930875,106.45321751990497,125.28627412015236,125.82332355386444,-3.452952969975044,-3.923680214222355,0.47072724424731094
2022-10-11,105.09266188558863,105.55244027685463,101.9492667341775,103.24415588378906,10758800,QCOM,103.95963119510246,112.58079937632826,112.58079937632826,101.9492667341775,124.63491469974691,125.62274504525877,-3.9912699201303354,-3.9371981554039515,-0.054071764726383975
2022-10-12,103.51627831632553,103.96667861750899,101.69592087239432,101.93988800048828,6987900,QCOM,102.77969145167928,108.27021528571535,108.27021528571535,101.69592087239432,123.95207190425535,125.43484837681436,-4.4715878185480165,-4.044076088032765,-0.4275117305152518
2022-10-13,98.88091442789359,108.09528693514244,98.20532488010103,105.89960479736328,10455000,QCOM,102.77028276012508,105.52495336869731,108.09528693514244,98.20532488010103,123.2373621671701,125.24746104970136,-4.481072150394667,-4.131475300505145,-0.34959684988952144
2022-10-14,107.56044668972622,107.89824506175604,103.01894637956521,103.16907501220703,7989800,QCOM,105.41167828581362,104.1476180644112,107.89824506175604,103.01894637956521,122.55303918285061,125.08876182243968,-4.6552565852682335,-4.236231557457763,-0.4190250278104708
2022-10-17,106.8942356692014,107.41970378281582,103.78837484774948,104.70793151855469,7886400,QCOM,105.70256145458035,104.77964817511241,107.41970378281582,103.78837484774948,121.87840609094154,124.95011997423104,-4.615916730770877,-4.312168592120385,-0.30374813865049166
2022-10-18,107.86070576115367,108.93039816654041,102.78435947367699,104.35136413574219,8908900,QCOM,105.98170688427831,105.24110481484638,108.93039816654041,102.78435947367699,121.22041334322215,124.80709903569746,-4.560935989485657,-4.36192207159344,-0.19901391789221634
2022-10-19,104.02296655142364,106.65966401162449,103.91974997422501,105.8902359008789,5620200,QCOM,105.123154109538,105.61140584956235,106.65966401162449,103.91974997422501,120.63599307343708,124.62681120222928,-4.3431244304110095,-4.358162543356954,0.015038112945944704
2022-10-20,106.19050297809123,108.9304170831751,104.82993120339992,105.07389831542969,7736400,QCOM,106.25618739502399,105.36727997955018,108.9304170831751,104.82993120339992,120.03784266935143,124.4082178495772,-4.188100999999051,-4.324150234685374,0.13604923468632268
2022-10-21,104.85808089940109,108.8365868413468,104.17309878702366,108.60200500488281,7490100,QCOM,106.61744288316359,105.81173368728707,108.8365868413468,104.17309878702366,119.39517706642069,124.16532115851152,-3.737471841400847,-4.206814556028468,0.4693427146276212
2022-10-24,109.16498832893961,109.80305114237305,107.19450254473509,109.20252227783203,6525700,QCOM,108.84126607346994,106.21458828522533,109.80305114237305,106.21458828522533,118.78233853989573,123.93655852752599,-3.293918024811987,-4.024235249785172,0.7303172249731853
2022-10-25,109.38080802294398,112.54297345509376,109.06178019193534,111.8204574584961,6205100,QCOM,110.7015047821173,107.52792717934764,112.54297345509376,107.52792717934764,118.18053168369288,123.70829639442772,-2.7000286894280094,-3.7593939377137398,1.0593652482857303
2022-10-26,110.76014593318583,113.29362656421759,108.99609333637521,110.8258285522461,7342300,QCOM,110.96892359650619,109.11471598073247,113.29362656421759,108.99609333637521,117.58747938061114,123.49427905074894,-2.2833048358288437,-3.464176117336761,1.1808712815079172
2022-10-27,111.96120347914733,113.16226117398853,107.32586472668032,107.62612915039062,8937200,QCOM,110.0188646325517,110.04181978861934,113.16226117398853,107.32586472668032,117.02240628728765,123.26415922003811,-2.1860378961390126,-3.2085484730972116,1.022510576958199
2022-10-28,107.12882373398234,112.08319062208477,105.40230497673957,111.85799407958984,9418700,QCOM,109.11807835309914,110.03034221058552,112.08319062208477,105.40230497673957,116.40493359526928,123.0451394669426,-1.747334824865959,-2.916305743450961,1.1689709185850021
2022-10-31,110.84460279391102,111.07918462192065,108.2829732410128,110.40359497070312,6870800,QCOM,110.1525889068869,109.57421028184233,111.07918462192065,108.2829732410128,115.8359106379738,122.84285677899327,-1.4997293865448142,-2.632990472069732,1.1332610855249179
2022-11-01,112.35531352783994,113.19042428654652,109.54971678970065,110.09394836425781,5749100,QCOM,111.29735074208622,109.86339959436461,113.19042428654652,109.54971678970065,115.38472452381725,122.66907369413416,-1.3133467423737955,-2.369061726130545,1.0557149837567494
2022-11-02,111.38881654205888,111.4638844331473,105.32722393459744,105.56180572509766,13936300,QCOM,108.43543265872532,110.58037516822542,111.4638844331473,105.32722393459744,114.90821200879728,122.50208255026445,-1.5138919839121314,-2.198027777686862,0.6841357937747308
2022-11-03,97.94259041817399,99.9318466565103,95.6436916450223,97.47342681884766,24706100,QCOM,97.74788888463857,109.50790391347536,109.50790391347536,95.6436916450223,114.24174268793753,122.27307431236011,-2.29898880118391,-2.218219982386272,-0.08076881879763809
2022-11-04,100.03507004031522,100.87018073133491,97.89568502696733,100.11013793945312,11977900,QCOM,99.72776843451764,103.62789639905697,103.62789639905697,97.89568502696733,113.54148348304527,122.05448710513407,-2.677557912773807,-2.310087568463779,-0.367470344310028
2022-11-07,100.85141052340828,103.47872238593816,99.70665019492571,103.3004379272461,7570800,QCOM,101.83430525787956,101.67783241678731,103.47872238593816,99.70665019492571,112.9190921478404,121.85003714991878,-2.6891472984658833,-2.3858995144642,-0.3032477840016834
2022-11-08,104.68917139420614,107.80441758969653,103.14092999404549,105.59934997558594,9383600,QCOM,105.30846723838353,101.75606883733343,107.80441758969653,101.75606883733343,112.45865326837877,121.75364647874052,-2.4841927529329695,-2.405558162157954,-0.07863459077501567
2022-11-09,104.58594451950074,106.50951806334638,103.46933290692876,103.61946868896484,9581300,QCOM,104.54606604468518,103.53226803785847,106.50951806334638,103.46933290692876,112.01413165317521,121.67099953271729,-2.4532451888079123,-2.4150955674879455,-0.0381496213199668
2022-11-10,108.76151727806374,113.5375996450574,107.46662106407209,113.23733520507812,11673200,QCOM,110.75076829806784,104.03916704127182,113.5375996450574,104.03916704127182,111.73540161971786,121.61680835456866,-1.6338040966688965,-2.258837273324136,0.6250331766552395
2022-11-11,111.65156488265013,114.62606790329004,111.65156488265013,113.94108581542969,9433800,QCOM,112.967570871005,107.39496766966982,114.62606790329004,107.39496766966982,111.5733525751865,121.60815901831478,-0.9170333450599344,-1.9904764876712957,1.0734431426113613
2022-11-14,113.29362530895065,115.61129466262025,112.84323225720433,113.34992980957031,6971000,QCOM,113.77452050958638,110.18126927033741,115.61129466262025,110.18126927033741,111.40754977695809,121.61686358819571,-0.39216804047690346,-1.6708147982324173,1.2786467577555138
2022-11-15,117.90082458546725,120.22787939809275,115.80835159368078,118.24800109863281,12470200,QCOM,118.0462641689684,111.9778948899619,120.22787939809275,111.9778948899619,111.36992312569241,121.64353519855311,0.4142497003093979,-1.2538018985240544,1.6680515988334523
2022-11-16,115.60191057060075,116.2024394183284,112.56173238412096,113.28424835205078,9561700,QCOM,114.41258268127523,115.01207952946515,116.2024394183284,112.56173238412096,111.25502462944247,121.60062868253061,0.6453687972059612,-0.8739677593780514,1.5193365565840127
2022-11-17,111.61401982815711,115.52684977183465,111.38882330009714,115.28288269042969,7273700,QCOM,113.45314389762964,114.7123311053702,115.52684977183465,111.38882330009714,111.12187568716034,121.51180719751666,0.9785256004320217,-0.5034690874160368,1.4819946878480585
2022-11-18,116.39012989224051,116.81237435266009,114.59792114758758,116.21184539794922,6436600,QCOM,116.00306769760934,114.08273750149992,116.81237435266009,114.08273750149992,110.97577809014152,121.46166506335314,1.3024998861755677,-0.14227529269771594,1.4447751788732837
2022-11-21,113.62204458843425,114.9450894625872,112.69310260460765,112.78693389892578,8204200,QCOM,113.51179263863872,115.04290259955462,115.04290259955462,112.69310260460765,110.74752979655139,121.40529519632081,1.2682702766659304,0.13983382117501333,1.128436455490917
2022-11-22,113.38746538981506,116.15553516872565,112.62742258176937,116.024169921875,7010200,QCOM,114.54864826554626,114.27734761909667,116.15553516872565,112.62742258176937,110.65655897632267,121.38875616534953,1.4852400342749377,0.40891506379499826,1.0763249704799394
2022-11-23,115.92094091872526,119.2050860555944,115.68635912323461,117.43164825439453,5481500,QCOM,117.0610085879872,114.41299794232147,119.2050860555944,114.41299794232147,110.6181809893868,121.40825793637929,1.750582246571014,0.6772485003502015,1.0733337462208126
2022-11-25,117.15953928510498,117.62870290320684,115.78958237931181,115.83649444580078,3153800,QCOM,116.6035797533561,115.73700326515433,117.62870290320684,115.73700326515433,110.5857148524669,121.39297661791876,1.8112730521394127,0.9040534107080437,0.907219641431369
2022-11-28,114.62606846277218,115.83650440170496,111.52020017596433,112.16764831542969,7087500,QCOM,113.53760533896778,116.17029150925521,116.17029150925521,111.52020017596433,110.52068876077759,121.29195971301665,1.5455100540549864,1.0323447393774323,0.5131653146775541
2022-11-29,112.73063582953142,113.88478150294591,111.02288051199007,111.07917785644531,6277600,QCOM,112.17936892522818,114.8539484241115,114.8539484241115,111.02288051199007,110.41442298138867,121.16215131091114,1.2328489784396055,1.072445587189867,0.16040339124973846
2022-11-30,112.136812857626,119.54964494036423,111.49468176739757,119.44577026367188,12776700,QCOM,115.6567274572649,113.51665867466983,119.54964494036423,111.49468176739757,110.37728219883692,121.07829007634699,1.6412575131813583,1.1862079723881653,0.45504954079319293
2022-12-01,119.66297087579946,121.06054571745658,118.68088755772243,119.74795532226562,7924800,QCOM,119.78808986831102,114.58669306596737,121.06054571745658,114.58669306596737,110.40681732222141,121.03049378747275,1.9666378511924165,1.3422939481490157,0.6243439030434008
2022-12-02,116.82059367085458,118.81308842286587,116.26345420786784,118.66200256347656,6122200,QCOM,117.6397847162662,117.1873914671392,118.81308842286587,116.26345420786784,110.43227991018227,120.96240387144597,2.1125249289763985,1.4963401443144924,0.6161847846619062
2022-12-05,117.64214925941809,118.48258463828252,115.61188118510528,116.43343353271484,6091600,QCOM,117.04251215388018,117.4135880917027,118.48258463828252,115.61188118510528,110.49646674398375,120.84273674299097,2.0249719768777084,1.6020665108271357,0.42290546605057266
2022-12-06,115.98016239792685,116.15013849854431,111.96684460427797,113.10945892333984,5968000,QCOM,114.30165110602225,117.22805012279144,117.22805012279144,111.96684460427797,110.51151330133884,120.64294143160687,1.6681393877120314,1.615281086204115,0.05285830150791648
2022-12-07,111.9007352255428,113.6193791408263,111.20194784139815,111.62688446044922,5427100,QCOM,112.08723666705413,115.76485061440684,115.76485061440684,111.20194784139815,110.48564953354975,120.4227047533446,1.2512915115515,1.542483171273592,-0.29119165972209204
2022-12-08,112.35399885090246,115.53631871004849,111.5985480236885,114.96973419189453,7347600,QCOM,113.6146499441335,113.92604364073048,115.53631871004849,111.5985480236885,110.52594335045987,120.19849718661604,1.1771076383039656,1.4694080646796668,-0.2923004263757012
2022-12-09,113.70438255107578,114.63924753241638,112.2312538966291,112.42012023925781,6036000,QCOM,113.24875105484476,113.770346792432,114.63924753241638,112.2312538966291,110.61845619236952,119.93580303480249,0.9021840304119024,1.355963257826114,-0.4537792274142116
2022-12-12,109.59661065878612,114.49758161220859,109.59661065878612,114.45980834960938,9008400,QCOM,112.03765281984755,113.50954892363838,114.49758161220859,109.59661065878612,110.72010447563969,119.62087488167728,0.8392169044799402,1.2526139871568793,-0.4133970826769391
2022-12-13,119.90848580021618,120.824460439489,115.03584278958486,116.61283874511719,9712700,QCOM,118.09540694360182,112.77360087174296,120.824460439489,112.77360087174296,110.90415490545067,119.35933968117864,0.9520716732121599,1.1925055243679354,-0.24043385115577554
2022-12-14,117.31164169953836,119.53076889539356,113.41163654830446,114.93197631835938,9444100,QCOM,116.29650586539894,115.4345039076724,119.53076889539356,113.41163654830446,110.95210786777308,119.09523472011186,0.8955549403326586,1.13311540756088,-0.23756046722822144
2022-12-15,113.55327729722678,113.80823782678554,109.61550633334176,110.14431762695312,10207800,QCOM,111.78033477107681,115.86550488653566,115.86550488653566,109.61550633334176,110.8800863694242,118.8015041109027,0.4591482034022647,0.9983219667291571,-0.5391737633268924
2022-12-16,109.61550835739047,110.16320989560899,107.03753884440584,108.15182495117188,12733900,QCOM,108.7420205121443,113.82291982880623,113.82291982880623,107.03753884440584,110.70254024592896,118.46525999508277,-0.04694364956452546,0.7892688434704206,-0.836212493034946
2022-12-19,107.66078050140919,108.74673839575247,105.30000560262519,106.3387451171875,7720200,QCOM,107.01156740424358,111.28247017047526,111.28247017047526,105.30000560262519,110.5534406515231,118.16088540791284,-0.587552539362747,0.513904566903787,-1.1014571062665341
2022-12-20,105.19612553147499,106.49927061509443,104.91282967635591,105.85713958740234,6260200,QCOM,105.61634135258191,109.14701878735943,109.14701878735943,104.91282967635591,110.46219992590778,117.87423702303009,-1.0428294321577454,0.20255776709148057,-1.245387199249226
2022-12-21,106.48039148058946,108.55787047905484,106.41429007257955,108.2084732055664,5843800,QCOM,107.41525630944756,107.38168006997067,108.55787047905484,106.41429007257955,110.53131242819468,117.5831135639708,-1.2000729833868036,-0.07796838300417626,-1.1221046003826274
2022-12-22,106.30097298832801,106.31985601773391,101.40000194072262,104.51622772216797,12051400,QCOM,104.63426466723813,107.39846818970912,107.39846818970912,101.40000194072262,110.56840389250587,117.2602378983806,-1.6041315537275267,-0.3832010171488464,-1.2209305365786802
2022-12-23,103.59079984286055,104.74285914803565,102.18378001819397,104.66731262207031,5356700,QCOM,103.79618790779011,106.01636642847362,106.01636642847362,102.18378001819397,110.58892199545917,116.91314208131463,-1.8903686005409952,-0.6846345338272762,-1.205734066713719
2022-12-27,103.63801700980007,104.52567066822117,102.82590987646017,103.36416625976562,6158100,QCOM,103.58844095356176,104.90627716813187,104.90627716813187,102.82590987646017,110.55245724881414,116.55274821583237,-2.197040428507009,-0.9871157127632227,-1.209924715743786
2022-12-28,102.80703068380419,104.12905889949215,100.87119233231141,101.0128402709961,5395600,QCOM,102.20503054665096,104.2473590608468,104.2473590608468,100.87119233231141,110.48250663065555,116.18045636079854,-2.599843045778158,-1.3096611793662098,-1.2901818664119482
2022-12-29,102.31600236768206,104.49736369312794,102.08936995103697,103.7230224609375,6668600,QCOM,103.15643961819612,103.22619480374888,104.49736369312794,102.08936995103697,110.4260012853339,115.82320731427802,-2.6696044311003675,-1.5816498297130415,-1.087954601387326
2022-12-30,101.95714449970144,103.93074879920108,101.24891205077827,103.81743621826172,5642300,QCOM,102.73856039198563,103.1913172109725,103.93074879920108,101.24891205077827,110.37830941098285,115.50715124220997,-2.686306362821526,-1.8025811363347384,-0.8837252264867874
2023-01-03,105.14891407479531,105.51719438798182,101.1639248351738,101.23002624511719,8110400,QCOM,103.26501488576703,102.96493880147906,105.51719438798182,101.1639248351738,110.31848596079772,115.17816431507457,-2.8751818187191844,-2.0171012728116278,-0.8580805459075567
2023-01-04,103.68524116271874,105.97991475711622,102.75036907293614,105.31889343261719,7614200,QCOM,104.43360460634707,103.11497684362305,105.97991475711622,102.75036907293614,110.27480919526138,114.83499313084103,-2.664218120277539,-2.14652464230481,-0.5176934779727289
2023-01-05,103.8080088314286,104.74287380641253,103.0525578750791,103.30752563476562,7546000,QCOM,103.72774153692147,103.77429072498506,104.74287380641253,103.0525578750791,110.17253870453041,114.47743862221307,-2.6290227037170837,-2.2430242545872647,-0.38599844912981895
2023-01-06,104.780627431398,109.52106724499532,103.92130915404874,108.91670227050781,10259300,QCOM,106.78492652523747,103.75101613095327,109.52106724499532,103.75101613095327,110.09420713939282,114.13736941154283,-2.1240318884185854,-2.2192257813535288,0.0951938929349434
2023-01-09,110.2293110379214,112.23124365550883,107.21695978962846,108.22737121582031,10291800,QCOM,109.47622142471975,105.26797132809537,112.23124365550883,105.26797132809537,110.06435309595709,113.82591623828412,-1.759167694032513,-2.1272141638893256,0.36804646985681266
2023-01-10,107.67022930498649,110.45594829004507,107.38694061118468,110.3992919921875,6384800,QCOM,108.97810254960093,107.37209637640757,110.45594829004507,107.37209637640757,110.04353785429808,113.53297207079288,-1.279999300953918,-1.9577711913022442,0.6777718903483263
2023-01-11,110.89976055951597,111.90072678054759,108.75617298244147,111.7968521118164,7374400,QCOM,110.83837810858036,108.17509946300424,111.90072678054759,108.17509946300424,110.07794384940772,113.24143872233849,-0.778509304799968,-1.7219188140017891,0.9434095092018211
2023-01-12,112.59952223579091,115.56465505556025,111.09807279591685,114.81864929199219,9527600,QCOM,113.52022484481505,109.5067387857923,115.56465505556025,109.5067387857923,110.14529656816627,112.99060360307003,-0.13567709053654653,-1.4046704693087406,1.268993378772194
2023-01-13,113.14721480319868,114.65810924066535,113.05278525170318,113.5438232421875,8040400,QCOM,113.60048313443868,111.51348181530366,114.65810924066535,111.51348181530366,110.19135921601331,112.78804186991529,0.2678170345063364,-1.0701729685457253,1.3379900030520617
2023-01-17,113.07168334188472,114.56369494960056,112.39177895332996,113.58161163330078,6179500,QCOM,113.402192219529,112.55698247487118,114.56369494960056,112.39177895332996,110.29069440722941,112.59945320801333,0.5839073228252545,-0.7393569102715294,1.3232642330967839
2023-01-18,114.84699044754649,117.08500064683514,114.27096074282744,115.24359893798828,10960400,QCOM,115.36163769379934,112.9795873472001,117.08500064683514,112.9795873472001,110.6429693834126,112.44235603567508,0.9574823784595878,-0.399989052525306,1.3574714309848939
2023-01-19,114.3181539441382,114.35592720459897,110.88086649184831,111.0319595336914,8716200,QCOM,112.64672679356923,114.17061252049972,114.35592720459897,110.88086649184831,110.90134855059365,112.22141601681943,0.9032866732325004,-0.13933390737374468,1.0426205806062452
2023-01-20,111.8251975263026,116.11236613801077,110.80534091463336,116.05570983886719,8895000,QCOM,113.69965360445347,113.40866965703447,116.11236613801077,110.80534091463336,111.13865551752511,112.02887383268275,1.2512867954961422,0.13879023320023273,1.1124965622959095
2023-01-23,119.49297596859779,124.7055634622315,118.81307168583844,123.73292541503906,13419500,QCOM,121.6861341329267,113.55416163074398,124.7055634622315,113.55416163074398,111.46620885541599,111.96243106189736,2.122104238725015,0.5354530343051892,1.5866512044198258
2023-01-24,123.2796849339319,125.56491361898978,122.90195225311957,123.42132568359375,7952400,QCOM,123.79196912240876,117.62014788183534,125.56491361898978,117.62014788183534,111.85112691697046,111.93262928507284,2.7553281346012852,0.9794280543644085,1.7759000802368767
2023-01-25,121.29663337352886,124.2145482184291,120.58840077569701,123.86515808105469,6880300,QCOM,122.49118511217742,120.70605850212205,124.2145482184291,120.58840077569701,112.08593525325263,111.91066843648525,3.255449405132552,1.4346323245180372,1.8208170806145147
2023-01-26,126.92471538190277,127.34021410313801,123.85570776526605,126.4997787475586,7413600,QCOM,126.15510399946636,121.59862180714973,127.34021410313801,121.59862180714973,112.34968591582187,111.9615192455042,3.8203523408524234,1.9117763277849147,1.9085760130675087
2023-01-27,124.16731861022603,127.37796662742113,124.10120999840632,125.97093963623047,6581900,QCOM,125.404358718071,123.87686290330805,127.37796662742113,123.87686290330805,112.58228267999156,111.99491622847484,4.177216736414735,2.364864409510879,1.8123523269038562
2023-01-30,123.75182090391478,125.02663068146622,122.90193330985426,124.29952239990234,9854300,QCOM,123.9949768237844,124.64061081068952,125.02663068146622,122.90193330985426,112.70125693308788,112.03559002939015,4.275875309681936,2.7470665895450903,1.5288087201368459
2023-01-31,124.00677415743954,126.19756547680412,124.00677415743954,125.79151916503906,7125100,QCOM,125.00065823918055,124.31779381723696,126.19756547680412,124.00677415743954,112.91301844424599,112.08402153684423,4.423463673880178,3.082346006412108,1.3411176674680703
2023-02-01,125.29105067330482,132.1467508665989,125.29105067330482,130.74917602539062,10500600,QCOM,128.36950705964978,124.65922602820876,132.1467508665989,124.65922602820876,113.2113457074864,112.16661069732336,4.8841683392614925,3.442710472981985,1.4414578662795074
2023-02-02,130.74918053457017,131.41019471138227,127.2930021699161,128.28453063964844,17673200,QCOM,129.43422701387925,126.51436654392927,131.41019471138227,126.51436654392927,113.47996889381179,112.22787349197667,4.992849361546476,3.7527382506948834,1.2401111108515925
2023-02-03,123.85571029143014,130.69250586892665,121.4099507067625,127.50074768066406,13187300,QCOM,125.86472863694584,127.97429677890426,130.69250586892665,121.4099507067625,113.72702761377793,112.23727870516467,4.958575745679298,3.9939057496917663,0.9646699959875313
2023-02-06,124.90389643440389,127.36854628243415,124.51672584926996,125.52713012695312,6830500,QCOM,125.57907467326528,126.91951270792505,127.36854628243415,124.51672584926996,113.9476361419323,112.30209755912749,4.717775634995263,4.138679726752466,0.5790959082427971
2023-02-07,125.73486340481399,129.7293048463984,124.96053674265892,129.0210723876953,7664200,QCOM,127.36144434539166,126.24929369059517,129.7293048463984,124.96053674265892,114.1536448570804,112.38591292323359,4.754069795458776,4.261757740493728,0.4923120549650477
2023-02-08,127.77460443294376,128.69058643361703,124.42230050966808,124.8094711303711,7151700,QCOM,126.42424062664998,126.80536901799341,128.69058643361703,124.42230050966808,114.35005807454627,112.46788646350659,4.392359766229575,4.287878145640898,0.10448162058867716
2023-02-09,126.43366243842871,127.69903435138649,122.68475067125654,123.26078033447266,5717500,QCOM,125.0195569488861,126.6148048223217,127.69903435138649,122.68475067125654,114.57969710674466,112.55019293376112,3.935371050024145,4.217376726517547,-0.28200567649340247
2023-02-10,122.08984583230803,122.70365603942352,120.51285690738837,121.80656433105469,5319200,QCOM,121.77823077754365,125.8171808856039,125.8171808856039,120.51285690738837,114.77167434379095,112.59304866258981,3.4164780891914006,4.0571969990523185,-0.6407189098609178
2023-02-13,122.25038971530908,124.11066732297188,121.23997100991622,123.55352783203125,5550400,QCOM,122.78863897005711,123.79770583157378,124.11066732297188,121.23997100991622,114.9143125740468,112.64579738644187,3.11036270868307,3.867830140978469,-0.7574674322953991
2023-02-14,122.00483814614424,125.47990612632104,121.21162127564574,124.969970703125,5579900,QCOM,123.416584062809,123.29317240081545,125.47990612632104,121.21162127564574,114.98688245793677,112.69684989007908,2.9480755859369197,3.6838792299701595,-0.7358036440332398
2023-02-15,123.32689302814717,125.9048553200528,123.04359714343697,125.65933990478516,3501100,QCOM,124.48367134910552,123.35487823181222,125.9048553200528,123.04359714343697,115.12376019059353,112.7780200503879,2.842323667268957,3.515568117429919,-0.6732444501609622
2023-02-16,123.46854697786655,125.2060741234417,122.71309600747729,122.91140747070312,5788400,QCOM,123.57478114487216,123.91927479045887,125.2060741234417,122.71309600747729,115.25440557041338,112.87543615719856,2.507870161693276,3.314028526282591,-0.8061583645893147
2023-02-17,122.28814759951247,122.58088140029085,119.88959928398424,120.6072769165039,6022500,QCOM,121.34147630007287,123.74702796766552,123.74702796766552,119.88959928398424,115.39520207429439,112.95335768781662,2.033448936058903,3.0579126082378534,-1.0244636721789502
2023-02-21,118.47314503033199,120.51285831739199,116.66951647427862,116.8111572265625,8164400,QCOM,118.11666926214127,122.5442521338692,122.5442521338692,116.66951647427862,115.51579072619614,113.00072012987293,1.3357538246285685,2.7134808515159965,-1.377727026887428
2023-02-22,117.39662325871059,118.01042622234083,116.07458776885635,117.04722595214844,5517800,QCOM,117.13221580051405,120.33046069800523,120.33046069800523,116.07458776885635,115.58614204332375,113.0560426968918,0.7927360279748825,2.3293318868077737,-1.5365958588328912
2023-02-23,119.55908368573961,120.14455845002873,116.78281011940311,119.17191314697266,6440200,QCOM,118.91459135053603,118.73133824925964,120.14455845002873,116.78281011940311,115.69945884923759,113.15895752080354,0.5277514218877428,1.9690157938237676,-1.4412643719360247
2023-02-24,117.32107489444749,117.76490175667149,116.32010857846227,117.4155044555664,7357200,QCOM,117.20539742128692,118.82296479989783,118.82296479989783,116.32010857846227,115.80281374126636,113.26145910845302,0.17401576456326495,1.6100157879716672,-1.4360000234084023
2023-02-27,119.45520636022735,119.54963591249489,116.18789486108206,116.5467300415039,7787200,QCOM,117.93486679382706,118.01418111059238,119.54963591249489,116.18789486108206,115.79960293827085,113.35187892186077,-0.1744145842009317,1.2531297135371475,-1.4275442977380792
2023-02-28,116.73560352286326,118.13317827312193,116.07458220735087,116.6506118774414,6491800,QCOM,116.89849397019437,117.97452395220972,118.13317827312193,116.07458220735087,115.81164270036678,113.38187528406992,-0.4371268239932533,0.9150784060310674,-1.3522052300243206
2023-03-01,117.60068264322568,119.20631717819171,116.84062440514859,117.50567626953125,5530600,QCOM,117.78832512402431,117.43650896120204,119.20631717819171,116.84062440514859,115.93180250742573,113.40594443842498,-0.5697637347294204,0.6181099778789698,-1.1878737126083903
2023-03-02,116.06157051675574,118.05673352987607,114.82646580702671,117.60069274902344,5258900,QCOM,116.63636565067048,117.61241704261317,118.05673352987607,114.82646580702671,116.08968941019626,113.3961148280626,-0.6596088460905349,0.36256621308506887,-1.0221750591756038
2023-03-03,117.80021749204685,118.00923589751388,115.59603591820691,117.4296875,7052100,QCOM,117.20879420194191,117.12439134664183,118.00923589751388,115.59603591820691,116.29363394615022,113.42353729883665,-0.7361248495452344,0.14282800055900824,-0.8789528501042426
2023-03-06,118.07573704225472,118.92130620006036,115.93806073911229,116.2990951538086,7031300,QCOM,117.30854978380899,117.16659277429187,118.92130620006036,115.93806073911229,116.52747811477477,113.49483902034127,-0.8778741009561202,-0.06131241974401746,-0.8165616812121027
2023-03-07,116.36559619921408,116.38459457632568,112.37526289319807,113.23983764648438,8879700,QCOM,114.59132282880554,117.23757127905043,117.23757127905043,112.37526289319807,116.67099944516193,113.60115593667831,-1.2229702774212114,-0.2936439912794563,-0.9293262861417552
2023-03-08,113.58186691539392,115.6720363358107,113.39184690084178,115.14949035644531,7633900,QCOM,114.44881012712293,115.91444705392799,115.91444705392799,113.39184690084178,116.86729035435961,113.71784712343275,-1.3270708231172534,-0.5003293576470157,-0.8267414654702377
2023-03-09,115.22548700042127,115.83353648998641,111.10215094627499,111.36817169189453,8055500,QCOM,113.38233653214431,115.18162859052546,115.83353648998641,111.10215094627499,117.05901332684671,113.82396766115293,-1.6951514196453417,-0.739293770046681,-0.9558576495986607
2023-03-10,111.67220434674412,112.32776069382844,108.81246663172713,109.43952178955078,6884500,QCOM,110.56298836546262,114.28198256133489,114.28198256133489,108.81246663172713,117.1985042750847,113.87548076194943,-2.1180681023583645,-1.0150486365090177,-1.1030194658493468
2023-03-13,108.0809023234741,110.43709229321232,107.62486158014191,108.71745300292969,7673700,QCOM,108.71507729993951,112.42248546339874,112.42248546339874,107.62486158014191,117.32870521015047,113.90560592040303,-2.4828764823071907,-1.3086142056686523,-1.1742622766385384
2023-03-14,110.59861803626667,111.21616313051685,108.23291785773213,110.73162841796875,8312100,QCOM,110.1948318606211,110.56878138166913,111.21616313051685,108.23291785773213,117.469473054999,113.94773717016646,-2.5797251630354197,-1.5628363971420058,-1.0168887658934138
2023-03-15,109.49651633475926,110.38008938124092,107.49185068358605,109.72453308105469,8596900,QCOM,109.27324737016023,110.3818066211451,110.3818066211451,107.49185068358605,117.60016679456248,113.98923810277267,-2.7065432712454225,-1.7915777719626893,-0.9149654992827332
2023-03-16,111.15916527296689,114.79796703821452,110.12358336638131,114.49394226074219,11207800,QCOM,112.64366448457622,109.82752699565268,114.79796703821452,109.82752699565268,117.78773978653867,114.0531128736682,-2.3945927004235443,-1.9121807576548604,-0.48241194276868393
2023-03-17,114.75046435209428,116.73613191433638,113.2018392186884,114.70296478271484,12304100,QCOM,114.84785006695847,111.23559574011445,116.73613191433638,111.23559574011445,117.99602469575088,114.13541694550615,-2.1062240155433614,-1.9509894092325606,-0.15523460631080077
2023-03-20,114.74095551403137,115.92855341400012,113.82888119667804,115.73854064941406,5945000,QCOM,115.0592326935309,113.04172290353645,115.92855341400012,113.04172290353645,118.22265451888308,114.19759661170676,-1.7736815406949233,-1.9155278355250334,0.14184629483011002
2023-03-21,116.85012921140316,118.82629383405735,116.05206691101719,117.61969757080078,6900600,QCOM,117.33704688181962,114.05047779853368,118.82629383405735,114.05047779853368,118.4336969260147,114.26395203270378,-1.342865869626749,-1.8009954423453767,0.45812957271862764
2023-03-22,117.80970012107448,119.93787331948204,115.7860361074948,115.88104248046875,7072700,QCOM,117.35366300713002,115.69376234017665,119.93787331948204,115.69376234017665,118.59124575766293,114.32779942681002,-1.1287250420114816,-1.6665413622785978,0.5378163202671162
2023-03-23,117.75270153782594,120.6599386858477,116.00455377503583,117.95221710205078,7353800,QCOM,118.09235277519007,116.52371267365334,120.6599386858477,116.00455377503583,118.7735307621747,114.4085343082364,-0.7828660187449827,-1.489806293571875,0.7069402748268923
2023-03-24,117.45818325862592,118.6932880073314,116.14707775114856,118.53177642822266,6987200,QCOM,117.70758136133213,117.30803272442171,118.6932880073314,116.14707775114856,118.91091482722973,114.49442933831871,-0.4567396466478897,-1.283192964187078,0.8264533175391884
2023-03-27,119.46285467377811,119.76687946849663,117.16366671068667,117.4296875,4818000,QCOM,118.45577208824035,117.50780704287692,119.76687946849663,117.16366671068667,119.00962577209825,114.57746117013227,-0.28393844743690977,-1.0833420608370445,0.7994036134001348
2023-03-28,117.42968027865585,117.50568828479209,114.20891531598797,115.28250122070312,5272100,QCOM,116.10669627503475,117.98178956555864,117.98178956555864,114.20891531598797,119.05975003491015,114.62555462546176,-0.31660264187433995,-0.9299941770445037,0.6133915351701638
2023-03-29,117.25866964294556,119.67186955110714,117.09715806112737,118.84529876708984,6410100,QCOM,118.21824900556749,117.0442429202967,119.67186955110714,117.0442429202967,119.15607117063092,114.72338278893018,-0.05437446980587879,-0.7548702355967788,0.7004957657909
2023-03-30,120.73595325837691,121.79054076134487,120.11840090776614,121.03997802734375,8156400,QCOM,120.92121823870792,117.6312459629321,121.79054076134487,117.6312459629321,119.26726278152911,114.95511608247085,0.3267687338555447,-0.5385424417063142,0.8653111755618589
2023-03-31,120.32741779935675,121.5815208618165,119.98538903245662,121.21099090576172,6222400,QCOM,120.7763296498479,119.27623210082001,121.5815208618165,119.27623210082001,119.42985483865468,115.16560169462417,0.6353033967249786,-0.3037732740200556,0.9390766707450342
2023-04-03,120.65044789858153,121.20149508242206,117.43918567808504,118.51277160644531,6367800,QCOM,119.45097506638348,120.02628087533395,121.20149508242206,117.43918567808504,119.54488126789329,115.3417683927092,0.6545503435094133,-0.11210855051416181,0.7666588940235751
2023-04-04,118.69327562760864,118.96879918892188,115.72902888900029,116.19457244873047,6962700,QCOM,117.39641903856531,119.73862797085872,119.73862797085872,115.72902888900029,119.45908696600605,115.46264791071103,0.47724302891016634,0.005761765370703823,0.4714812635394625
2023-04-05,115.3585069382018,117.06865079972671,115.19699536475841,116.89763641357422,6920900,QCOM,116.13044737906529,118.56752350471201,118.56752350471201,115.19699536475841,119.30585653113918,115.57849172405481,0.3889732493808111,0.08240406217272529,0.30656918720808585
2023-04-06,116.23257163488988,117.66719184677463,115.00697704990361,116.85962677001953,5260600,QCOM,116.44159182539691,117.34898544188866,117.66719184677463,115.00697704990361,119.18486466540358,115.63539995932811,0.3123511628063653,0.1283934822994533,0.18395768050691202
2023-04-10,115.99506643104387,118.36076682629887,115.60553806280963,118.08524322509766,5243700,QCOM,117.0116536363125,116.89528863364279,118.36076682629887,115.60553806280963,119.00199565814052,115.67584078698118,0.34653002970947,0.17202079178145666,0.17450923792801334
2023-04-11,118.99730830304966,118.99730830304966,117.02114367901035,117.40117645263672,5001400,QCOM,118.10423418443659,116.95347113497765,118.99730830304966,116.95347113497765,118.8559931674678,115.71913792372969,0.3147898549248822,0.20057460441014177,0.11421525051474044
2023-04-12,118.1992457808622,118.28474934929389,114.15191015908326,114.26591491699219,5288300,QCOM,116.22545505155787,117.52885265970713,118.28474934929389,114.15191015908326,118.70060273202328,115.70092983255559,0.03622851451602571,0.16770538643131858,-0.13147687191529286
2023-04-13,114.05690584195683,115.58653252544131,113.17333270956222,115.0829849243164,6077100,QCOM,114.4749390003192,116.8771538556325,116.8771538556325,113.17333270956222,118.49008834724606,115.70155339574602,-0.11725103666751124,0.11071410181155261,-0.22796513847906386
2023-04-14,114.83596984154971,115.8335477344623,112.83130399435848,114.16141510009766,4833100,QCOM,114.41555916761703,115.67604642797585,115.8335477344623,112.83130399435848,118.2110093894054,115.7111775484459,-0.30967789566160775,0.02663570231692054,-0.3363135979785283
2023-04-17,113.18282953713798,113.85738428574967,112.27075520457049,113.42034912109375,6370200,QCOM,113.18282953713798,115.04580279779644,115.04580279779644,112.27075520457049,117.88598143987058,115.68297516684119,-0.5160269613392217,-0.08189683041430791,-0.43413013092491376
2023-04-18,114.33242208028952,114.7694644882181,111.54869954834773,112.4512710571289,4829900,QCOM,113.27546429349606,114.11431616746721,114.7694644882181,111.54869954834773,117.63419615300158,115.68061188338976,-0.7491211807323879,-0.21534170047792392,-0.533779480254464
2023-04-19,111.39668959003428,112.76480477105112,110.63662398979766,112.6222915649414,4241900,QCOM,111.85510247895611,113.69489023048163,113.69489023048163,110.63662398979766,117.3597167091154,115.65367642552384,-0.9095652017906275,-0.35418640074046465,-0.5553788010501628
2023-04-20,111.43468094391986,113.91438580373506,111.27316937797558,112.71728515625,5125000,QCOM,112.33488032047012,112.77499635471887,113.91438580373506,111.27316937797558,117.05918542861697,115.60641514284868,-1.0173259551445,-0.48681431162127176,-0.5305116435232282
2023-04-21,111.98572714505215,112.28975189839105,110.73162413146396,111.88121795654297,4980700,QCOM,111.72208028286254,112.55493833759449,112.55493833759449,110.73162413146396,116.76514222174123,115.55760014814376,-1.1568552569779342,-0.6208225006926043,-0.53603275628533
2023-04-24,111.93822956827849,111.94773238125114,110.75063164498215,111.49169158935547,4097900,QCOM,111.53207129596682,112.13850931022851,112.13850931022851,110.75063164498215,116.49539250868281,115.53754480771374,-1.2840628787942734,-0.7534705763129381,-0.5305923024813353
2023-04-25,110.91214349122671,111.00714987561578,108.00490608749122,108.35643768310547,7045200,QCOM,109.5701592843598,111.83529030309766,111.83529030309766,108.00490608749122,116.25123107881915,115.51145271130507,-1.6191994994760819,-0.9266163609455669,-0.692583138530515
2023-04-26,108.58444506417169,109.35400613424503,107.55835880505933,108.4609375,4671100,QCOM,108.48943687586902,110.70272479372873,110.70272479372873,107.55835880505933,115.9652470369354,115.43977980549109,-1.8549823422582534,-1.1122895572081042,-0.7426927850501492
2023-04-27,108.19492141068169,108.60345539687009,106.55128990123075,108.23292541503906,6945700,QCOM,107.8956480309554,109.59608083479887,109.59608083479887,106.55128990123075,115.65482831629832,115.32085538711753,-2.0367620880558945,-1.2971840633776623,-0.7395780246782322
2023-04-28,109.35402432954852,111.06416837928491,108.05242153752096,110.96916198730469,8651300,QCOM,109.85994405841477,108.74586443287714,111.06416837928491,108.05242153752096,115.36235377048452,115.24305698053902,-1.9376958707302379,-1.4252864248481776,-0.5124094458820603
2023-05-01,111.35867776431544,111.71020934822788,109.7435475378986,110.05706787109375,6208500,QCOM,110.71737563038393,109.30290424564595,111.71020934822788,109.30290424564595,115.10520566019473,115.17980561530406,-1.9107575288682028,-1.5223806456521827,-0.38837688321602015
2023-05-02,110.33260464131476,111.21617786454793,108.72697703561812,110.31360626220703,7081200,QCOM,110.14734145092196,110.01013993801493,111.21617786454793,108.72697703561812,114.88132296321172,115.13826251875305,-1.8474123747978268,-1.5873869914813117,-0.26002538331651515
2023-05-03,110.8361279606058,110.98813670566408,106.97880548151565,107.19732666015625,11491700,QCOM,109.00009920198545,110.07874069446845,110.98813670566408,106.97880548151565,114.69899156200862,115.10739114410237,-2.0253219531137177,-1.674973983807793,-0.3503479693059246
2023-05-04,98.83664346650995,101.77238915533374,98.3331031319745,101.25934600830078,22117500,QCOM,100.05037044052975,109.53941994822695,109.53941994822695,98.3331031319745,114.35735465480892,114.97174834906635,-2.615314273559207,-1.863042041758076,-0.752272231801131
2023-05-05,102.80798106272157,103.81506183023333,100.48978748623642,103.34952545166016,10736500,QCOM,102.61558895771287,104.79489519437834,104.79489519437834,100.48978748623642,114.03137460695245,114.86541672809503,-2.881016856505667,-2.0666370047075944,-0.8143798517980727
2023-05-08,102.96948217992384,103.39702175837115,101.5348691848721,102.9029769897461,6694400,QCOM,102.7010875282283,103.70524207604561,103.70524207604561,101.5348691848721,113.74128840909128,114.77205107517882,-3.0919783944482617,-2.271705282655728,-0.8202731117925337
2023-05-09,101.6583838046494,102.06691778651553,100.04325350342383,100.48978424072266,7804100,QCOM,101.06458483382785,103.20316480213695,103.20316480213695,100.04325350342383,113.40388276989131,114.60174285408108,-3.4145308341322504,-2.5002703929510326,-0.9142604411812179
2023-05-10,101.65839081118753,102.11443164155985,99.89124437234486,101.14534759521484,7980100,QCOM,101.20235360507678,102.1338748179824,102.1338748179824,99.89124437234486,113.08995996258895,114.45080133147785,-3.5760351750176653,-2.715423349364359,-0.8606118256533062
2023-05-11,100.98382835444221,101.19284675050854,98.50412328933267,98.86515045166016,10630500,QCOM,99.88648721148589,101.6681142115296,101.6681142115296,98.50412328933267,112.73192320433819,114.33186285588195,-3.8437134458522877,-2.941081368661945,-0.9026320771903427
2023-05-12,99.25468580962396,99.51120377328891,97.48753950897313,98.4471206665039,7632900,QCOM,98.67513743959748,100.77730071150773,100.77730071150773,97.48753950897313,112.37269864011672,114.23119402515647,-4.042976991950539,-3.161460493319664,-0.8815164986308748
2023-05-15,98.58013280608183,101.08833910023576,97.75356202221553,100.97432708740234,7444900,QCOM,99.59909025398386,99.7262190755526,101.08833910023576,97.75356202221553,112.02050456115757,114.1570692536539,-3.951420830765528,-3.319452560808837,-0.6319682699566909
2023-05-16,100.3947719082983,101.16434025789367,98.54212212848421,98.60862731933594,7027000,QCOM,99.67746540350302,99.66265466476824,101.16434025789367,98.54212212848421,111.66788287355145,114.09768049416309,-4.02337514944621,-3.460237078536312,-0.5631380709098979
2023-05-17,98.98866905423081,100.18576259799451,98.40912066066083,99.57771301269531,9504700,QCOM,99.29031633139537,99.67006003413563,100.18576259799451,98.40912066066083,111.36186274360324,114.01643109438258,-3.956593205358857,-3.559508303900821,-0.39708490145803577
2023-05-18,99.57771421821974,101.77240023873516,99.57771421821974,101.6203842163086,9142000,QCOM,100.6370532228708,99.4801881827655,101.77240023873516,99.4801881827655,111.0856276055182,113.97645897993891,-3.6962336579325523,-3.5868533747071676,-0.10938028322538473
2023-05-19,101.61086870666018,101.77238752243763,100.2522564822015,100.57528686523438,5779700,QCOM,101.05269989413343,100.05862070281816,101.77238752243763,100.05862070281816,110.83903487275796,113.94902409980233,-3.533495525898701,-3.5761818049454743,0.04268627904677347
2023-05-22,98.49460448706559,100.58478085989562,98.09557338581925,100.02423095703125,7912400,QCOM,99.29979742245293,100.5556602984758,100.58478085989562,98.09557338581925,110.61377105389778,113.90613766449125,-3.4096852609892494,-3.54288249615423,0.1331972351649804
2023-05-23,98.87465582960573,100.36627858288273,98.30461025642444,98.3901138305664,7452500,QCOM,98.98391462486983,99.92772886046436,100.36627858288273,98.30461025642444,110.4191478003964,113.87392650527345,-3.404183026365203,-3.5151426021964247,0.11095957583122162
2023-05-24,96.98399129399515,97.99107193810067,96.5089521602062,97.87705993652344,8193700,QCOM,97.34026883220636,99.4558217426671,99.4558217426671,96.5089521602062,110.16205653982809,113.81576479741354,-3.4020054263826722,-3.4925151670336745,0.09050974065100226
2023-05-25,96.84148065583791,98.91265162367202,96.40444551105925,98.82714080810547,11677400,QCOM,97.74642964966866,98.39804528743673,98.91265162367202,96.40444551105925,109.93152018541826,113.76584348999036,-3.2857401098441414,-3.451160155595768,0.1654200457516266
2023-05-26,99.70121357010125,105.72470617741877,99.58720157098152,104.84113311767578,15969900,QCOM,102.46356360904433,98.07223746855269,105.72470617741877,98.07223746855269,109.72791816790763,113.75782897722314,-2.6774560438742157,-3.2964193332514578,0.6189632893772421
2023-05-30,108.783973628077,110.86464758293607,106.98832608431634,110.20909118652344,18291800,QCOM,109.21150962046322,100.2679005387985,110.86464758293607,100.2679005387985,109.61519135897774,113.8056080273643,-1.7421547098429926,-2.985566408569765,1.2434116987267725
2023-05-31,108.6401310068834,109.06107080879787,106.76504680568294,108.49663543701172,14924000,QCOM,108.24072101459399,104.73970507963085,109.06107080879787,104.73970507963085,109.478821125399,113.85073782214104,-1.1261213061061568,-2.6136773880770434,1.4875560819708866
2023-06-01,109.59680777523928,111.51015990706321,107.44428662693737,110.8117904663086,8616500,QCOM,109.84076119388712,106.49021304711242,111.51015990706321,106.49021304711242,109.32889541164033,113.88129616882753,-0.4459560295467071,-2.180133116370976,1.734177086824269
2023-06-02,112.16070385939993,112.3137755387693,109.72118418504058,110.61089324951172,7870900,QCOM,111.20163920818038,108.16548712049976,112.3137755387693,108.16548712049976,109.20585493566134,113.89855034666215,0.07599312458926022,-1.728907868178929,1.8049009927681892
2023-06-05,110.42911458918752,110.89788380086218,107.75998758589414,107.8460922241211,7769300,QCOM,109.23326955001623,109.68356316434007,110.89788380086218,107.75998758589414,109.02867327115786,113.90110201666629,0.2635077005952411,-1.330424754424095,1.5939324550193361
2023-06-06,107.70259788071995,111.73020341543652,107.37732420892418,111.31883239746094,7594500,QCOM,109.5322394756354,109.45841635717815,111.73020341543652,107.37732420892418,108.86516643344393,113.88804063033683,0.6844455993211085,-0.9274506836750543,1.6118962829961627
2023-06-07,111.57712640502562,112.08417084857079,109.5298402176937,110.18994903564453,7555400,QCOM,110.84527162673366,109.49532791640678,112.08417084857079,109.49532791640678,108.71295642421381,113.86129109815603,0.9163869258779869,-0.5586831617644461,1.475070087642433
2023-06-08,110.59175804649642,111.58670208746787,109.15674386605177,111.30926513671875,5793400,QCOM,110.6611172841837,110.17029977157023,111.58670208746787,109.15674386605177,108.60404484439678,113.83189743965347,1.1769543558771574,-0.21155565823612543,1.3885100141132827
2023-06-09,112.39987385039201,115.6143061561842,112.29463889463588,113.94969177246094,13807000,QCOM,113.56462766841827,110.41570852787697,115.6143061561842,110.41570852787697,108.51097241765379,113.83352179414238,1.578322366210628,0.1464199466532253,1.4319024195574028
2023-06-12,115.79606937026134,117.01104473599311,114.58108670567059,116.8484115600586,9675100,QCOM,116.05915309299591,111.99016809814762,117.01104473599311,111.99016809814762,108.41373111473955,113.84049694813433,2.1060348090299783,0.5383429191285759,1.5676918899014023
2023-06-13,118.89570458367173,119.96718444365304,117.43199131795384,119.0392074584961,8873200,QCOM,118.83352195094368,114.02466059557176,119.96718444365304,114.02466059557176,108.37487496076146,113.90236489970808,2.670248677108191,0.9647240707244988,1.705524606383692
2023-06-14,118.96265701323036,119.039192843588,116.23613192175111,118.05381774902344,7324600,QCOM,118.07294988189823,116.42909127325771,119.039192843588,116.23613192175111,108.34731445707175,113.94609786248253,3.003259808583536,1.3724312182963063,1.6308285902872297
2023-06-15,116.31267896001343,119.28794213742252,115.79607300360685,118.25473022460938,8132600,QCOM,117.41285608141304,117.25102057757798,119.28794213742252,115.79607300360685,108.34764319792872,113.90336508196738,3.245967988748177,1.7471385723866806,1.4988294163614964
2023-06-16,119.1922682532418,119.56537863610389,116.81014687871732,117.36502075195312,12904100,QCOM,118.23320363000403,117.3319383294955,119.56537863610389,116.81014687871732,108.3896983229475,113.84777742704333,3.3281589071410735,2.0633426393375593,1.2648162678035142
2023-06-20,116.65708508234692,117.06845609417243,113.56701809135168,114.6289291381836,8667400,QCOM,115.48037210151367,117.78257097974976,117.78257097974976,113.56701809135168,108.37047392846982,113.7776692969367,3.1363620460126924,2.277946520672586,0.8584155253401065
2023-06-21,113.4713526930481,113.86358609825454,110.6587226261858,110.74482727050781,7925400,QCOM,112.18462217199907,116.63147154063171,116.63147154063171,110.6587226261858,108.27393329918355,113.63796447866201,2.6405089483224344,2.3504590062025557,0.2900499421198788
2023-06-22,110.98399073500408,111.62496193753347,109.93164853853543,111.35709381103516,7283000,QCOM,110.97442375552703,114.4080468563154,114.4080468563154,109.93164853853543,108.13133709060537,113.4936651290366,2.270770559367037,2.334521316835452,-0.0637507574684153
2023-06-23,109.14715703944233,110.28560377025664,108.13308285500104,108.51575469970703,11937500,QCOM,109.02039959110176,112.69123530592121,112.69123530592121,108.13308285500104,107.98723598139624,113.34391935670976,1.7285522279784544,2.213327499064053,-0.48477527108559837
2023-06-26,109.59680640951055,112.51467129372503,109.34807589065154,111.5771255493164,9377000,QCOM,110.75916978580088,110.85581744851149,112.51467129372503,109.34807589065154,107.91292059710588,113.20150447217597,1.528250614717166,2.0763121221946754,-0.5480615074775095
2023-06-27,111.68236985665885,114.74373786524558,110.6395963738911,114.60023498535156,7308900,QCOM,112.91648477028677,110.80749361715618,114.74373786524558,110.6395963738911,107.88293910915927,113.04697424928234,1.5950629170056771,1.980062281156876,-0.38499936415119884
2023-06-28,111.95023247733451,112.98344440291085,111.5292999623236,112.44770812988281,6384800,QCOM,112.22767124311294,111.86198919372148,112.98344440291085,111.5292999623236,107.86383594327877,112.87490869157466,1.457519838681435,1.8755537926617878,-0.4180339539803528
2023-06-29,112.46683713300867,113.0312798131254,111.8162971095242,112.94517517089844,5138500,QCOM,112.56489730663918,112.04483021841722,113.0312798131254,111.8162971095242,107.84962460354163,112.7419103782716,1.3728322354180307,1.7750094812130366,-0.4021772457950059
2023-06-30,114.41845721411711,114.66719503752354,113.2513112337399,113.88272094726562,6562800,QCOM,114.05492110816155,112.3048637625282,114.66719503752354,112.3048637625282,107.89362097612573,112.62666884262056,1.3656267137632483,1.693132927723079,-0.3275062139598308
2023-07-03,114.10274822816993,115.26033266107608,113.32784297039379,114.88722229003906,2662000,QCOM,114.39453653741973,113.17989243534487,115.26033266107608,113.17989243534487,107.93481410046473,112.49699976454085,1.4245498256935605,1.6394163073171755,-0.214866481623615
2023-07-05,113.86359064311647,113.89229705827589,112.026774211337,112.05547332763672,6249200,QCOM,112.95953381009151,113.7872144863823,113.89229705827589,112.026774211337,107.95956317100931,112.36235269637527,1.228585966806932,1.5572502392151268,-0.32866427240819474
2023-07-06,110.17081984998292,111.16575654091868,108.6975378246438,110.22821807861328,7544600,QCOM,110.06558307353967,113.3733741482369,113.3733741482369,108.6975378246438,107.93023340656079,112.21281295762181,0.9152880977650426,1.42885781092511,-0.5135697131600674
2023-07-07,110.37172524468356,112.62948144423193,109.78815223469846,110.91703033447266,6106900,QCOM,110.92659731452164,111.71947861088829,112.62948144423193,109.78815223469846,107.957362167164,112.10429662299158,0.7143441569857885,1.2859550801372457,-0.5716109231514572
2023-07-10,111.4240575627996,113.15563882873529,111.4240575627996,112.0458984375,6037000,QCOM,112.01241309795863,111.32303796270497,113.15563882873529,111.32303796270497,108.02782169160578,111.99653436427059,0.6388209277622252,1.1565282496622415,-0.5177073219000163
2023-07-11,112.69643350279352,112.76340052952193,109.91250289410158,111.80672454833984,5786600,QCOM,111.79476536868921,111.66772553033181,112.76340052952193,109.91250289410158,108.10580403836047,111.8803161773294,0.5532908974373925,1.0358807792172717,-0.48258988177987927
2023-07-12,112.46683500712696,114.06448957061247,112.0267648964498,113.53831481933594,8371300,QCOM,113.0241010733813,111.73124544951051,114.06448957061247,111.73124544951051,108.1690871786598,111.76572047457215,0.6181074377759046,0.9523261109289983,-0.3342186731530937
2023-07-13,114.80111801115223,118.07294812274402,114.68631426555201,117.78594970703125,9823000,QCOM,116.33658252661988,112.3776732614459,118.07294812274402,112.3776732614459,108.28147131658451,111.69333848838964,1.0006883371988522,0.9619985561829691,0.03868978101588305
2023-07-14,117.67114576127862,117.84334772995679,115.88215904772541,117.25020599365234,7889800,QCOM,117.1617146331533,114.35712789403289,117.84334772995679,114.35712789403289,108.42175878022915,111.65154087172043,1.246289961181489,1.0188568371826732,0.22743312399881588
2023-07-17,117.03017473928006,119.0678919552575,115.52819373808914,118.05381774902344,6125000,QCOM,117.42001954541253,115.75942126359308,119.0678919552575,115.52819373808914,108.59015718709769,111.64457437455316,1.4886159324090897,1.1128086562279564,0.3758072761811333
2023-07-18,117.02062545252635,117.89120424560849,116.00655107716449,117.5372314453125,7484400,QCOM,117.11390305515296,116.5897204045028,117.89120424560849,116.00655107716449,108.93142783939017,111.64439124709953,1.6202990146143605,1.2143067279052373,0.40599228670912324
2023-07-19,119.9097650981489,121.59351688443994,118.91482849141997,119.02962493896484,8866700,QCOM,119.86193385324341,116.85181172982789,121.59351688443994,116.85181172982789,109.27635473730078,111.65386467212662,1.8240559074071143,1.3362565638056128,0.48779934360150157
2023-07-20,118.16863326302378,119.20184524299236,115.02117519443046,115.48994445800781,9148600,QCOM,116.9703995396136,118.35687279153565,119.20184524299236,115.02117519443046,109.56174097752846,111.65151469330989,1.6805398630241655,1.4051132236493233,0.27542663937484213
2023-07-21,116.64751560212792,121.17259670599968,116.12134083463377,119.31664276123047,23699200,QCOM,118.31452397599796,117.66363616557462,121.17259670599968,116.12134083463377,109.90673976037188,111.65531126513159,1.854210748587775,1.4949327286370138,0.35927801995076125
2023-07-24,119.31662959017105,120.15850182637026,117.83377889918243,118.7234878540039,5859300,QCOM,119.0080995424319,117.98908007078629,120.15850182637026,117.83377889918243,110.26285467911897,111.67640732085398,1.921829874323663,1.5803121577743438,0.3415177165493193
2023-07-25,118.81917077926683,120.52206039810177,118.81917077926683,119.65148162841797,5592100,QCOM,119.45297089626335,118.49858980660909,120.52206039810177,118.49858980660909,110.65418435281454,111.69305377857634,2.026934620089108,1.6696366502372968,0.35729796985181106
2023-07-26,117.86249092794183,119.81411102011072,117.03974890970811,118.64696502685547,5291800,QCOM,118.34082897115404,118.97578035143621,119.81411102011072,117.03974890970811,111.04749818344565,111.7100984117812,2.006050294622966,1.7369193791144308,0.2691309155085353
2023-07-27,121.0769213251335,122.23449849627995,119.50797315111193,120.3976821899414,7917900,QCOM,120.80426879061669,118.65830466129512,122.23449849627995,118.65830466129512,111.47160175417832,111.74605315766794,2.106485308539561,1.810832564999457,0.2956527435401042
2023-07-28,122.74154396654791,124.29135454466339,122.03359841226728,123.87041473388672,11762200,QCOM,123.23422791434132,119.7312867259559,124.29135454466339,119.7312867259559,111.94273700439507,111.80530993897327,2.4381952766973427,1.9363051073390343,0.5018901693583084
2023-07-31,124.35833128622072,127.20922197209205,123.50689014255329,126.44387817382812,11029600,QCOM,125.37958039367355,121.48275732014861,127.20922197209205,121.48275732014861,112.46452228564065,111.91319251462193,2.875586833549079,2.1241614525810433,0.7514253809680356
2023-08-01,126.20470877779694,126.6543477105392,124.59749994411976,126.35778045654297,7128700,QCOM,125.95358422224972,123.43116885691109,126.6543477105392,123.43116885691109,112.97085290562822,112.02824025557322,3.1786341119423724,2.335055984453309,0.8435781274890632
2023-08-02,124.55921923989544,125.87943686492886,123.2485777179361,123.66951751708984,13711100,QCOM,124.33918783496256,124.69237653958041,125.87943686492886,123.2485777179361,113.43658266444481,112.13780876860139,3.1653922395939276,2.501123235481433,0.6642690041124948
2023-08-03,111.90241130518139,113.9496976982236,109.91252314595125,113.55745697021484,29239600,QCOM,112.33052227989278,124.51578218727148,124.51578218727148,109.91252314595125,113.6971971615936,112.15548410774569,2.3122846066403753,2.4633555097132214,-0.1510709030728461
2023-08-04,112.65817108946237,116.7144754040879,112.65817108946237,116.23613739013672,12651200,QCOM,114.56673874328735,118.42315223358213,118.42315223358213,112.65817108946237,114.00885364396194,112.21400072217916,1.831228521936751,2.3369301121579276,-0.5057015902211766
2023-08-07,116.91537876228344,117.42241589909096,112.81123764709749,114.16971588134766,7706500,QCOM,115.32968704745488,116.49494548843474,117.42241589909096,112.81123764709749,114.36864200826693,112.26534927404751,1.2686212865312285,2.123268347032588,-0.8546470605013594
2023-08-08,111.93109793247694,112.77297022950803,110.93615396388073,112.56250762939453,8934600,QCOM,112.05068243881506,115.91231626794482,115.91231626794482,110.93615396388073,114.65472706404984,112.29312362473405,0.6851645744590513,1.8356475925178808,-1.1504830180588295
2023-08-09,112.15113932632394,112.9930116435529,111.47189289103127,111.51972961425781,5642500,QCOM,112.03394336879148,113.98149935337995,113.98149935337995,111.47189289103127,114.84613465924478,112.2870264135762,0.13704765553735854,1.4959276051217765,-1.358879949584418
2023-08-10,112.5816374843847,113.26087660177983,110.08471241821695,110.601318359375,6224500,QCOM,111.63213621593911,113.00772136108571,113.26087660177983,110.08471241821695,114.8945471911543,112.25486927506601,-0.3672140494835361,1.123299274200714,-1.49051332368425
2023-08-11,109.1854303653449,110.45781121004043,108.79319699675334,109.64463806152344,5709500,QCOM,109.52026915841553,112.31992878851241,112.31992878851241,108.79319699675334,114.92013815403074,112.19947963971485,-0.8344224854455149,0.7317549222714682,-1.566177407716983
2023-08-14,108.94627375201986,109.55854588397823,107.92263059713386,109.08020782470703,8537500,QCOM,108.87691451445974,110.92009897346398,110.92009897346398,107.92263059713386,114.90086122044221,112.11487831604126,-1.2359856665811861,0.3382068045009374,-1.5741924710821236
2023-08-15,108.42965398195874,108.59229444855943,106.57370751125197,106.8415756225586,6843600,QCOM,107.60930789108218,109.89850674396186,109.89850674396186,106.57370751125197,114.82901459410024,112.01743476488078,-1.7150957344049544,-0.07245370328024098,-1.6426420311247134
2023-08-16,106.52587699590578,107.07118205392659,105.28220250685676,105.37786865234375,6426700,QCOM,106.06428255225822,108.75390731752202,108.75390731752202,105.28220250685676,114.76563485414508,111.89715406265147,-2.187684568820714,-0.4954998763883356,-1.6921846924323785
2023-08-17,105.41614041006954,106.31541096903386,104.90910325154661,105.31090545654297,6250500,QCOM,105.48789002179825,107.40909493489012,107.40909493489012,104.90910325154661,114.68474786506833,111.77495714925614,-2.5383573912465636,-0.9040713793599812,-1.6342860118865823
2023-08-18,104.10548816427263,105.73183454058992,103.79935211818258,105.33003234863281,6382000,QCOM,104.74167679291949,106.44849247834418,106.44849247834418,103.79935211818258,114.56267596839203,111.63781619630292,-2.7826481138209544,-1.2797867262521758,-1.5028613875687786
2023-08-21,105.08129886755349,106.15277872252383,104.27769445047025,105.8849105834961,6539800,QCOM,105.34917065601093,105.59508463563184,106.15277872252383,104.27769445047025,114.45643703582859,111.53024094011268,-2.8980690986542896,-1.6034432007325987,-1.294625897921691
2023-08-22,106.64069302363589,106.9946585325634,104.41163581282585,104.72734069824219,4588700,QCOM,105.69358201681683,105.47212764582139,106.9946585325634,104.41163581282585,114.29901612279656,111.40499427022516,-3.0478139739296637,-1.8923173553720118,-1.1554966185576518
2023-08-23,104.60295690069623,106.69807980780622,104.13418767495997,106.35367584228516,6873900,QCOM,105.4472250564369,105.58285483131911,106.69807980780622,104.13418767495997,114.08677756206538,111.25025433840247,-3.000666397780975,-2.1139871638538046,-0.8866792339271705
2023-08-24,107.30079879557282,107.69303221548113,103.4740942559109,103.80892944335938,8698100,QCOM,105.56921367758105,105.51503994387801,107.69303221548113,103.4740942559109,113.82149139659812,111.09818317867979,-3.1325314978889764,-2.317696030660839,-0.8148354672281375
2023-08-25,104.17246490487213,105.73184439452675,103.09142348799179,105.54051208496094,6669900,QCOM,104.63406121808791,105.54212681072953,105.73184439452675,103.09142348799179,113.55271362332192,110.95001404019683,-3.0620142972430955,-2.4665596839772905,-0.595454613265805
2023-08-28,106.47804137133654,107.32948242464346,105.82750140150961,106.8415756225586,4316400,QCOM,106.61915020501205,105.08809401440871,107.32948242464346,105.08809401440871,113.3368395057939,110.8422413518613,-2.8680824840826347,-2.5468642439983595,-0.32121824008427513
2023-08-29,105.73183518963623,109.05150229350087,105.73183518963623,108.85060119628906,6971400,QCOM,107.3414434672656,105.85362210971039,109.05150229350087,105.73183518963623,113.11900430253912,110.75435131274331,-2.523192755820773,-2.5421299463628424,0.018937190542069438
2023-08-30,108.44594851646436,109.31305513744128,107.58847845531534,109.12999725341797,6490300,QCOM,108.61936984065974,106.597532788488,109.31305513744128,106.597532788488,112.98178425732205,110.67612909289593,-2.2019376678011042,-2.474091490650495,0.2721538228493907
2023-08-31,108.32070444857442,110.95092668434192,108.32070444857442,110.34394836425781,7962500,QCOM,109.48407098643715,107.60845131457387,110.95092668434192,107.60845131457387,112.92777323361081,110.6008532663972,-1.8283093744104235,-2.344935067402481,0.5166256929920574
2023-09-01,111.47117542337861,111.47117542337861,110.228331242857,111.1725082397461,5307300,QCOM,111.08579758234008,108.5462611505055,111.47117542337861,108.5462611505055,112.93000071014707,110.53066890037623,-1.4486492755678313,-2.165677909035551,0.7170286334677196
2023-09-05,110.71005773459915,112.78146962932618,110.71005773459915,112.29011535644531,7294800,QCOM,111.62292511374245,109.81602936642278,112.78146962932618,109.81602936642278,112.9820512205999,110.48464360099806,-1.0455321144522713,-1.941648750118895,0.8961166356666237
2023-09-06,111.76022598655064,112.45391132393317,109.47684630942345,110.48847198486328,7411900,QCOM,111.04486390119263,110.71947724008263,112.45391132393317,109.47684630942345,112.98776510290773,110.4503428500068,-0.8615055236822116,-1.7256201048315585,0.8641145811493469
2023-09-07,106.5575885906264,106.65393213865619,102.19316044505727,102.51110076904297,17947800,QCOM,104.47894548584571,110.88217057063763,110.88217057063763,102.19316044505727,112.8190143172189,110.35097671318908,-1.3438789125325599,-1.6492718663717587,0.30539295383919884
2023-09-08,102.28950718865615,103.15661384909612,101.65363387136135,102.26060485839844,9819300,QCOM,102.34008994187802,107.68055802824168,107.68055802824168,101.65363387136135,112.6212626911942,110.24254931723648,-1.726474501654394,-1.664712393428286,-0.06176210822610817
2023-09-11,107.20309644046786,107.75226273954931,104.84264648050441,106.24928283691406,18771700,QCOM,106.51182212435891,105.01032398505984,107.75226273954931,104.84264648050441,112.50020118754861,110.1749128955451,-1.688368819612947,-1.6694436786652183,-0.01892514094772868
2023-09-12,105.57486426732704,108.6193627767678,105.50742305400041,107.16455841064453,9250100,QCOM,106.71655212718494,105.76107305470939,108.6193627767678,105.50742305400041,112.35343380792906,110.12352739202741,-1.5662598341305909,-1.648806909758293,0.08254707562770203
2023-09-13,107.50176313693316,109.44792909048029,107.45358769206867,108.52301788330078,8131500,QCOM,108.23157445069572,106.23881259094716,109.44792909048029,106.23881259094716,112.23017456619458,110.08249433332966,-1.3443741487216272,-1.58792035755096,0.24354620882933276
2023-09-14,109.6117134196584,110.54626118231678,108.86986008517438,109.8718490600586,7138100,QCOM,109.72492093680204,107.23519352082144,110.54626118231678,107.23519352082144,112.16548230872881,110.06252273986905,-1.0476125161530518,-1.4798587892713784,0.43224627311832653
2023-09-15,109.80442621414942,110.97983669572388,108.34961427789396,109.0047607421875,12242700,QCOM,109.53465948248869,108.48005722881175,110.97983669572388,108.34961427789396,112.15486383690777,110.04254862173428,-0.8723377978607942,-1.3583545909892616,0.48601679312846735
2023-09-18,108.76388786635165,109.66953336802557,108.3496040039414,108.6290054321289,5065100,QCOM,108.85300766761188,109.00735835565021,109.66953336802557,108.3496040039414,112.11339204396958,110.03537710556678,-0.7550479117064697,-1.2376932551327033,0.48264534342623366
2023-09-19,108.09910463011074,108.2339870639912,105.89281023997707,106.67320251464844,5658800,QCOM,107.22477611218186,108.93018301163104,108.93018301163104,105.89281023997707,112.01763930425406,110.02273049792991,-0.8105680580032981,-1.1522682157068223,0.34170015770352413
2023-09-20,107.6559185056161,107.71373051341529,105.17022268649218,105.22802734375,7073800,QCOM,106.4419747623184,108.07747956190644,108.07747956190644,105.17022268649218,111.91058349212662,110.00819376524356,-0.9601141343131872,-1.1138373994280952,0.15372326511490808
2023-09-21,104.03334935201336,105.584497314924,103.90809612946627,104.01407623291016,7007200,QCOM,104.38500475732845,107.25972716211243,107.25972716211243,103.90809612946627,111.73780156580558,109.95344437223268,-1.1631777968530201,-1.1237054789130803,-0.03947231793993988
2023-09-22,104.79447327331285,105.76756001724758,103.43601233623392,103.74431610107422,6965500,QCOM,104.43559043196714,105.82236595972043,105.82236595972043,103.43601233623392,111.49978172391253,109.89062652024852,-1.3305369982845008,-1.1650717827873645,-0.16546521549713633
2023-09-25,102.93501639846379,106.4419819079977,102.80977051797898,106.39380645751953,6782500,QCOM,104.64514382048999,105.12897819584379,106.4419819079977,102.80977051797898,111.24945030765925,109.83560454394421,-1.2351407088829234,-1.1790855680064762,-0.05605514087644714
2023-09-26,105.83498554420642,106.59611195873653,105.3436239650965,105.7097396850586,6559800,QCOM,105.87111528827451,104.88706100816688,106.59611195873653,104.88706100816688,111.01847222251651,109.8043147048071,-1.2008937778514195,-1.183447209975465,-0.017446567875954555
2023-09-27,106.68284908916947,106.75991952252086,103.50346033371494,105.19913482666016,7225000,QCOM,105.53634094301636,105.37908814822069,106.75991952252086,103.50346033371494,110.78692098027375,109.85917440983195,-1.2011087490482453,-1.186979517790021,-0.014129231258224184
2023-09-28,105.74828701075346,107.81970623457973,105.18948417817873,107.039306640625,4851300,QCOM,106.44919601603422,105.45771454561853,107.81970623457973,105.18948417817873,110.51866622352958,109.89751048041516,-1.0407949920451642,-1.1577426126410497,0.11694762059588548
2023-09-29,107.79079939237722,108.12801282298452,106.59612327276841,107.00077056884766,4868600,QCOM,107.37892651424445,105.95345528082638,108.12801282298452,105.95345528082638,110.3268367630222,109.94428887027534,-0.9064062366768866,-1.1074753374482171,0.20106910077133056
2023-10-02,106.36489449823554,107.70408957422393,105.5941314636124,107.039306640625,5751500,QCOM,106.67560554417422,106.66619089753542,107.70408957422393,105.5941314636124,110.09405839438573,110.0003990773788,-0.7877123828798887,-1.0435227465345516,0.2558103636546629
2023-10-03,106.75991683122176,108.15692406454049,105.38218271866155,106.16258239746094,7750700,QCOM,106.61540150297118,106.67089822085481,108.15692406454049,105.38218271866155,109.8462044335965,110.05452955635775,-0.7556799597542465,-0.9859541891784906,0.23027422942424414
2023-10-04,106.75028884631139,107.01041717520151,104.82338837869236,105.83500671386719,7189400,QCOM,106.1047752785181,106.643149861913,107.01041717520151,104.82338837869236,109.57924052124159,110.11671243702807,-0.7481029880791965,-0.9383839489586319,0.19028096087943536
2023-10-05,105.69048381653059,106.42270802541267,104.96789616778345,105.78683471679688,5089700,QCOM,105.7169806816309,106.37396257021555,106.42270802541267,104.96789616778345,109.32676355545112,110.18713086944841,-0.7374840044752489,-0.8982039600619554,0.1607199555867065
2023-10-06,106.81772522164138,107.26091142701848,104.10079597960497,106.82735443115234,7929800,QCOM,106.2516967648543,106.04547162592323,107.26091142701848,104.10079597960497,109.03571211493589,110.2536569345571,-0.6377554901990692,-0.8461142660893781,0.20835877589030893
2023-10-09,106.28782040019863,107.88715117965866,105.47852580134511,107.71372985839844,4714500,QCOM,106.84180680990022,106.14858419538876,107.88715117965866,105.47852580134511,108.70786369284707,110.32530034862107,-0.4816447342171841,-0.7732203597149394,0.2915756254977553
2023-10-10,107.42470104674399,108.86023983666084,106.39380959081036,108.20509338378906,6253000,QCOM,107.72096096450106,106.49519550264449,108.86023983666084,106.39380959081036,108.35469130426361,110.40960679495213,-0.3146498181407793,-0.6815062514001075,0.36685643325932815
2023-10-11,108.17616908354294,108.5230116852437,105.57485692132771,107.0585708618164,6378600,QCOM,107.3331521379827,107.10807823357277,108.5230116852437,105.57485692132771,107.98228266257827,110.47656778410324,-0.27168807860134336,-0.5995426168403547,0.32785453823901134
2023-10-12,107.88716004033813,108.10874947703878,106.28782912952643,107.38616180419922,5371700,QCOM,107.41747511277563,107.22061518577773,108.10874947703878,106.28782912952643,107.64384840813453,110.54021553628967,-0.2087998248279206,-0.5213940584378679,0.3125942336099473
2023-10-13,107.63666247563671,107.87752503672593,104.57289040456017,104.68850708007812,6035600,QCOM,106.19389624925023,107.31904514927669,107.87752503672593,104.57289040456017,107.52111588752169,110.60915652455766,-0.37234644359826063,-0.49158453546994646,0.11923809187168583
2023-10-16,105.10276626430938,107.02003722621212,104.96788384042709,106.47087097167969,6254700,QCOM,105.89038957565707,106.75647069926346,107.02003722621212,104.96788384042709,107.3475889041691,110.6782212740655,-0.35405512001594275,-0.46407865237914575,0.110023532363203
2023-10-17,104.83300295685207,108.16653941849847,104.07187649630973,108.0990982055664,7334000,QCOM,106.29262926930667,106.32343013746026,108.16653941849847,104.07187649630973,107.16684774860613,110.76774487843652,-0.20580242197027587,-0.4124234062973718,0.2066209843270959
2023-10-18,107.00077648400513,108.01240213066863,106.00842395757726,106.9237060546875,7174500,QCOM,106.98632715673463,106.30802970338347,108.01240213066863,106.00842395757726,107.06556064296451,110.86014385350718,-0.1810681728938448,-0.3661523596166664,0.18508418672282162
2023-10-19,108.2821683567006,110.21870533414167,106.78881759315128,107.21273803710938,10511500,QCOM,108.12560733027573,106.64717843005906,110.21870533414167,106.64717843005906,106.9873939221942,110.9167642907195,-0.136569350399796,-0.3202357577732924,0.18366640737349638
2023-10-20,107.44396214068468,107.53067648021651,104.65959167480469,104.65959167480469,7754600,QCOM,106.07345549262764,107.38639288016739,107.53067648021651,104.65959167480469,106.87622030772796,110.88538374944113,-0.30381904999258325,-0.3169524162171506,0.013133366224567344
2023-10-23,103.99482172805445,106.5286932245179,103.74432260636989,104.68850708007812,6679200,QCOM,104.73908615975509,106.72992418639751,106.72992418639751,103.74432260636989,106.78059664775475,110.85036740089275,-0.42908617204498967,-0.33937916738271845,-0.08970700466227122
2023-10-24,105.30510819712686,106.29746071193331,104.47654044969704,105.39181518554688,8578600,QCOM,105.36773113607602,105.7345051730763,106.29746071193331,104.47654044969704,106.71041298018709,110.80563710031464,-0.4662357074384573,-0.36475047539386624,-0.10148523204459109
2023-10-25,104.83302076668342,105.29548012717004,100.61311126086505,100.9503173828125,8571600,QCOM,102.92298238438275,105.55111815457616,105.55111815457616,100.61311126086505,106.61668647005308,110.72285053207666,-0.8443357583786621,-0.46066753199082544,-0.3836682263878367
2023-10-26,100.92140114816533,102.57853654835544,100.51675385757225,101.75960540771484,8705200,QCOM,101.44407424045197,104.23705026947945,104.23705026947945,100.51675385757225,106.52428230381696,110.64495857898102,-1.0663873432156379,-0.5818114942357879,-0.48457584897984995
2023-10-27,102.99281381502185,103.94662732489164,101.97155174382341,102.56889343261719,7292000,QCOM,102.86997157908851,102.8405622549657,103.94662732489164,101.97155174382341,106.47192393496276,110.57833590001556,-1.163648231420865,-0.6981788416728034,-0.4654693897480615
2023-10-30,102.80976527130093,105.33400732637801,102.29913786467473,103.88883209228516,6634000,QCOM,103.5829356386597,102.85526691702711,105.33400732637801,102.29913786467473,106.44874911187759,110.50571254013481,-1.1212945814495043,-0.7828019896281436,-0.3384925918213607
2023-10-31,104.34166354422489,105.21839943708294,102.79050807554947,105.00643920898438,6485500,QCOM,104.33925256646042,103.21910127784341,105.21839943708294,102.79050807554947,106.42855075008657,110.44249389295757,-0.9861793924594764,-0.8234774701944102,-0.1627019222650662
2023-11-01,105.179847352191,107.12602070193695,104.7270246217885,106.83698272705078,12809900,QCOM,105.96746885074181,103.77917692215192,107.12602070193695,103.77917692215192,106.43402848676507,110.36652230478082,-0.7230551387615947,-0.8033930039078472,0.08033786514625252
2023-11-02,113.65822371634482,114.72765404940543,110.2668748230497,113.07051849365234,22106100,QCOM,112.93081777061307,104.87332288644686,114.72765404940543,104.87332288644686,106.58370034104858,110.33523895155699,-0.011401600907447573,-0.6449947233077673,0.6335931224003197
2023-11-03,113.63893396184217,115.71035310333164,113.07050194307152,115.15155029296875,10667600,QCOM,114.39283482530352,108.90207032852996,115.71035310333164,108.90207032852996,106.76017276400306,110.29083208030059,0.7122998797033375,-0.37353580270554637,1.085835682408884
2023-11-06,115.61401867048274,116.15354840543843,114.05322677223633,115.54657745361328,7756400,QCOM,115.3418428254427,111.64745257691675,116.15354840543843,111.64745257691675,106.97432839615014,110.26352100973604,1.3026972248520394,-0.03828919719402924,1.3409864220460688
2023-11-07,115.46951199862939,116.65455905069477,114.81436552889855,116.3077163696289,7898400,QCOM,115.8115382369629,113.49464770117973,116.65455905069477,113.49464770117973,107.15817615678914,110.24750783129153,1.8111313293104985,0.3315949081068763,1.4795364212036222
2023-11-08,116.9628563202072,117.59872963302489,114.79509335964111,115.67182922363281,7681900,QCOM,116.2571271341265,114.65309296907131,117.59872963302489,114.65309296907131,107.33648983012637,110.22774706633275,2.13811142424197,0.6928982113338951,1.4452132129080748
2023-11-09,116.69308090237563,117.95519820439334,115.46949513658988,115.71035766601562,9002700,QCOM,116.45703297734362,115.45511005159891,117.95519820439334,115.45511005159891,107.49324309286007,110.23751367509105,2.3729999621220372,1.0289185614915235,1.3440814006305137
2023-11-10,117.44458310429262,120.24821941782281,116.54857410707332,119.67015075683594,12191600,QCOM,118.47788184650616,115.95607151447126,120.24821941782281,115.95607151447126,107.67311931006142,110.30044627183614,2.8458676390778948,1.3923083770087978,1.453559262069097
2023-11-13,119.46782221964317,119.99772275841464,118.147892827957,119.32330322265625,7959200,QCOM,119.23418525716777,117.21697668048871,119.99772275841464,117.21697668048871,107.83608706355798,110.38304388685252,3.1562477235494413,1.7450962463169266,1.4111514772325147
2023-11-14,122.6857363414966,123.53357716242364,121.47179446696389,122.70500946044922,11255400,QCOM,122.59902935783333,118.22558096882824,123.53357716242364,118.22558096882824,108.0556091484398,110.51883018451984,3.6332201081468156,2.1227210186829044,1.5104990894639112
2023-11-15,123.24453482589531,124.98837715186438,122.89769220242044,124.2079849243164,7789100,QCOM,123.83464727612414,120.41230516333079,124.98837715186438,120.41230516333079,108.31140481593845,110.64958495942308,4.085407681707991,2.515258351287922,1.5701493304200693
2023-11-16,124.37177003687766,125.6049849903393,123.62028013402079,123.99602508544922,11655700,QCOM,124.39826506167174,122.12347621972746,125.6049849903393,122.12347621972746,108.70979120745497,110.76440276233693,4.376219865509171,2.887450654132172,1.488769211376999
2023-11-17,124.57410738943753,125.04618855445014,123.72626655272207,124.7378921508789,6543300,QCOM,124.52111366187216,123.26087064069961,125.04618855445014,123.26087064069961,109.15341168185483,110.88733718652453,4.613372996322042,3.232635122570146,1.3807378737518956
2023-11-20,124.70898672896807,125.36412575848243,124.30433943995939,124.77642059326172,7148600,QCOM,124.7884681301679,123.89099215128589,125.36412575848243,123.89099215128589,109.51894460197101,111.0095728947598,4.749676174028508,3.536043332861819,1.2136328411666892
2023-11-21,122.25218790461666,122.810990750989,121.15385533101104,122.37743377685547,14641800,QCOM,122.14861694086804,124.33973014072689,124.33973014072689,121.15385533101104,109.82758589824466,111.09050985308687,4.610966881475207,3.7510280425844966,0.8599388388907103
2023-11-22,123.2156344827575,124.77641896298155,122.5123200158899,122.83988952636719,6647400,QCOM,123.33606574699903,123.24417354079746,124.77641896298155,122.5123200158899,110.12967572417074,111.17992514518266,4.486635935629806,3.898149621193559,0.5884863144362473
2023-11-24,123.54320909860844,123.54320909860844,122.89769925972821,123.08075714111328,3708200,QCOM,123.2662186495146,123.29011964389824,123.54320909860844,122.89769925972821,110.40050167842499,111.28299199357689,4.35731040674915,3.9899817783046774,0.36732862844447256
2023-11-27,122.61828861569983,124.30433360855531,122.15583669296778,123.51429748535156,8586400,QCOM,123.14818910064362,123.27816914670642,124.30433360855531,122.15583669296778,110.6727722707881,111.41381805384793,4.2409154425596824,4.040168511155678,0.20074693140400424
2023-11-28,122.5508551994479,122.65683530317801,121.07677765734513,121.96315002441406,8817900,QCOM,122.06190454609627,123.21317912367502,123.21317912367502,121.07677765734513,110.9369502083578,111.52517112616368,3.977655027093604,4.027665814343264,-0.05001078724965957
2023-11-29,125.3082013485756,126.62682733954348,123.73748313652256,124.01866149902344,10608300,QCOM,124.92279333091626,122.63754183488564,126.62682733954348,122.63754183488564,111.29091055273246,111.65427492849327,3.8900398901349575,4.000140629501603,-0.11010073936664533
2023-11-30,125.33730117664925,125.46333620502075,123.6114468255324,125.12399291992188,11731800,QCOM,124.88401928178106,123.78016758290096,125.46333620502075,123.6114468255324,111.65975144312173,111.78516746762418,3.865239199425517,3.973160343486386,-0.10792114406086917
2023-12-01,125.1336852340153,126.30688066349268,124.60041458425287,125.72512817382812,8861400,QCOM,125.44152716389725,124.33209343234101,126.30688066349268,124.33209343234101,112.0808818912531,111.90934172852934,3.8497139583046476,3.9484710664500384,-0.09875710814539085
2023-12-04,125.39547914061764,126.093576231576,124.13502523779945,125.99661254882812,7485000,QCOM,125.4051732897053,124.88681029811913,126.093576231576,124.13502523779945,112.50027354840786,112.00002763616017,3.8153357969329846,3.921844012546628,-0.10650821561364321
2023-12-05,125.1627603160684,126.86922624447593,125.02702005308863,126.77226257324219,6231600,QCOM,125.95781729671879,125.14599179391222,126.86922624447593,125.02702005308863,112.92652701793244,112.08798866279585,3.8067969454191797,3.8988345991211384,-0.09203765370195871
2023-12-06,127.96483008374577,128.11996602932402,125.71541805117361,126.00629425048828,6912400,QCOM,126.95162710368292,125.5519045453155,128.11996602932402,125.5519045453155,113.3481372542406,112.18330473837854,3.6956217745215127,3.8581920342012137,-0.16257025967970096
2023-12-07,127.33462465462584,129.27377980393334,126.42321936731857,128.89564514160156,7815700,QCOM,127.98181724186982,126.25176582449922,129.27377980393334,126.25176582449922,113.79704678021768,112.29198388024574,3.796892902317026,3.8459322078243763,-0.04903930550735014
2023-12-08,127.22796767596817,129.89430594646126,127.18917628888747,128.9247283935547,7677700,QCOM,128.3090445762179,127.11679153318451,129.89430594646126,127.11679153318451,114.23424375142135,112.37645498747547,3.835286975220697,3.8438031613036405,-0.008516186082943467
2023-12-11,130.41787879124536,132.4443072368596,129.9912770709594,131.9595184326172,11010700,QCOM,131.2032453829204,127.7129180547012,132.4443072368596,127.7129180547012,114.71073012879488,112.51878344590853,4.063752340580734,3.8877929971590595,0.17595934342167485
2023-12-12,131.84314926931094,133.05512118992235,131.3777561942783,132.5218505859375,7380400,QCOM,132.19946930986228,129.4580817188108,133.05512118992235,129.4580817188108,115.22120740410863,112.65763289924716,4.241297259112514,3.9584938495497504,0.2828034095627636
2023-12-13,132.2310012420039,134.76159943523308,131.9401249955653,134.57737731933594,7507700,QCOM,133.37752574803454,130.82877551433654,134.76159943523308,130.82877551433654,115.75644988900989,112.80132716130319,4.496039173912948,4.06600291442239,0.43003625949055735
2023-12-14,135.35304460592582,138.4168987077062,135.35304460592582,137.1952362060547,11468900,QCOM,136.57955603140311,132.10315063118554,138.4168987077062,132.10315063118554,116.36594550406761,112.9725930126546,4.853218429475888,4.22344601743309,0.6297724120427981
2023-12-15,137.72848927174087,139.12468326358638,137.07887411059195,138.775634765625,25049400,QCOM,138.17692035288604,134.34135333129433,139.12468326358638,134.34135333129433,117.0151442974927,113.17095392647192,5.203824074005439,4.41952162874756,0.7843024452578788
2023-12-18,138.17448974104818,138.76593263155374,136.99160396003703,137.3406524658203,7832100,QCOM,137.81816969961483,136.2591368420902,138.76593263155374,136.2591368420902,117.64647375618792,113.3410929355619,5.304740745102521,4.596565452018552,0.7081752930839684
2023-12-19,137.70908387286616,139.06648638338825,137.13703672875883,138.87257385253906,5658400,QCOM,138.19629520938807,137.0386532708525,139.06648638338825,137.0386532708525,118.27356352417766,113.49071360851237,5.445558182137873,4.766363998042417,0.6791941840954561
2023-12-20,137.65091758769861,138.6301855276092,136.08989723532767,136.16746520996094,7264800,QCOM,137.13461639014912,137.6174742401203,138.6301855276092,136.08989723532767,118.86183663269063,113.60826396847712,5.278035448417029,4.868698288117339,0.4093371602996898
2023-12-21,137.48609937852098,138.34902280516832,136.700743931127,138.10662841796875,8361600,QCOM,137.66062363319625,137.37604531513472,138.34902280516832,136.700743931127,119.4683860625949,113.72533436258658,5.241327973366651,4.943224225167202,0.2981037481994493
2023-12-22,138.89197564144814,140.00698383871392,138.40718689575374,139.1246795654297,4658300,QCOM,139.10770648533637,137.5183344741655,140.00698383871392,137.5183344741655,120.10219069004611,113.87301954909033,5.234050379624733,5.001389456058709,0.23266092356602464
2023-12-26,139.78399617406063,141.606806735786,139.58039316978767,141.03475952148438,4381200,QCOM,140.50148890027967,138.31302047975095,141.606806735786,138.31302047975095,120.7883425430667,114.1547292152942,5.321072314017897,5.0653260276505465,0.25574628636735053
2023-12-27,141.41289979867236,141.77163877874275,140.627529510111,141.28684997558594,4470300,QCOM,141.274729515778,139.4072546900153,141.77163877874275,139.4072546900153,121.4960293418691,114.4218091230191,5.348722671330989,5.1220053563866355,0.226717314944354
2023-12-28,141.73281872359595,142.4212251944614,141.29651184791535,141.4225616455078,4928800,QCOM,141.71827935287013,140.34099210289665,142.4212251944614,140.34099210289665,122.20454234354038,114.68569504607325,5.320257954332675,5.1616558759758435,0.15860207835683138
2023-12-29,140.98628031978177,141.1898833278609,139.415554570272,140.23001098632812,4838400,QCOM,140.4554323010607,141.02963572788337,141.1898833278609,139.415554570272,122.8739244464269,114.9697425446957,5.1421945712873764,5.15776361503815,-0.015569043750773837
2024-01-02,137.86421491163534,137.8739053597309,134.55795237804944,135.96383666992188,8495800,QCOM,136.5649773298344,140.74253401447203,140.74253401447203,134.55795237804944,123.44271184641808,115.21505288430615,4.603764116922775,5.0469637154150755,-0.44319959849230006
2024-01-03,134.66462794876028,134.66462794876028,132.82243648573652,133.41387939453125,8133300,QCOM,133.8913929444471,138.6537556721532,138.6537556721532,132.82243648573652,123.99907059545447,115.43764545159121,3.926036951313364,4.822778362594733,-0.8967414112813694
2024-01-04,131.31958679288084,133.1520877853022,130.83479801399073,132.02737426757812,6770300,QCOM,131.83346171493798,136.27257430830014,136.27257430830014,130.83479801399073,124.54095810655814,115.66077737715645,3.2397085698246997,4.506164404040727,-1.2664558342160275
2024-01-05,132.01767627560977,133.86957285586635,131.7171096170026,132.57032775878906,6826500,QCOM,132.54367162681694,134.05301801161906,134.05301801161906,131.7171096170026,125.08447691637295,115.89744494828003,2.708379676848125,4.146607458602207,-1.4382277817540823
2024-01-08,132.82243751646365,134.91671383759726,132.48307944689333,134.8003692626953,7729400,QCOM,133.7556500159124,133.29834481921802,134.91671383759726,132.48307944689333,125.70113026900356,116.1589083695283,2.439126679222568,3.8051113027262797,-1.3659846235037119
2024-01-09,133.35568792017997,136.66195087182123,132.96786282323833,135.6342010498047,5856900,QCOM,134.65492566626105,133.5269974175652,136.66195087182123,132.96786282323833,126.36534729751973,116.44481480066835,2.266893656359713,3.4974677734529664,-1.2305741170932536
2024-01-10,135.63419510101255,135.7699353584466,133.59807644492346,135.07183837890625,5652500,QCOM,135.0185113208222,134.09096154191315,135.7699353584466,133.59807644492346,127.0083180923544,116.7401210136586,2.0612588680466786,3.210225992371709,-1.1489671243250306
2024-01-11,134.77128311896982,135.69237885762956,131.89163653350892,134.8003692626953,7374900,QCOM,134.2889169432009,134.55473643136767,135.69237885762956,131.89163653350892,127.62243771844521,117.0355934151614,1.8550032056188002,2.9391814350211276,-1.0841782294023274
2024-01-12,137.79634031768092,138.3199204175054,134.9263993952579,135.93475341796875,6539600,QCOM,136.74435338710325,134.4218266872843,138.3199204175054,134.4218266872843,128.27053973485806,117.34954524247232,1.7627594345576085,2.703897034928424,-0.9411376003708156
2024-01-16,135.7408600801865,136.93343635126584,133.7823092422615,136.8267822265625,7483000,QCOM,135.8208469750691,135.58309003719376,136.93343635126584,133.7823092422615,128.86760729734462,117.65081789205486,1.7415592404281597,2.5114294760283715,-0.7698702356002118
2024-01-17,135.37241967164707,135.3821249161707,133.17148917346952,135.08155822753906,6584700,QCOM,134.75189799720658,135.70196850613144,135.70196850613144,133.17148917346952,129.3040289018765,117.94386462146254,1.5658824247017549,2.3223200657630483,-0.7564376410612934
2024-01-18,138.79503844650276,141.2189826372875,137.9999924451076,140.86993408203125,12893000,QCOM,139.72098690273228,135.226933251669,141.2189826372875,135.226933251669,129.81059194342507,118.28538235371406,1.8721498603206044,2.2322860246745595,-0.3601361643539551
2024-01-19,142.77997946135332,148.1223610348585,142.2758098059025,147.33700561523438,16164100,QCOM,145.12878897933717,137.47396007720064,148.1223610348585,137.47396007720064,130.40633086650297,118.69032963132655,2.6066596844903813,2.307160756637724,0.2994989278526572
2024-01-22,148.1029852508682,149.8676236658943,147.24975218913417,148.21932983398438,10456100,QCOM,148.35992273497027,141.30137452826892,149.8676236658943,141.30137452826892,131.0572985564631,119.10773735662613,3.2228096589454367,2.4902905370992667,0.73251912184617
2024-01-23,148.21931582615264,149.06285835776617,146.80374088341898,148.8301544189453,6232300,QCOM,148.22901737157076,144.8306486316196,149.06285835776617,144.8306486316196,131.69673636121198,119.51661309566919,3.7175478148379284,2.7357419926469992,0.9818058221909292
2024-01-24,150.08089631610324,151.56436351793772,149.2179729236827,149.67367553710938,8331900,QCOM,150.13422707370827,146.5298330015952,151.56436351793772,146.5298330015952,132.3702802431393,119.93176166799965,4.130087395805674,3.0146110732787346,1.1154763225269395
2024-01-25,152.80541203553173,153.17384140621328,148.99496496390861,149.7706298828125,7740900,QCOM,151.18621207211652,148.33203003765175,153.17384140621328,148.33203003765175,133.0244468476515,120.34878307885647,4.413969893989702,3.294482837420928,1.1194870565687736
2024-01-26,147.57938021893912,148.3259441529826,145.80505182977961,146.13470458984375,7744700,QCOM,146.96127019788628,149.75912105488413,149.75912105488413,145.80505182977961,133.57898854646587,120.70753780501192,4.296037982939907,3.494793866524724,0.8012441164151833
2024-01-29,145.8244590685802,146.63891546265066,143.9046996427573,145.08758544921875,10770700,QCOM,145.36391490580172,148.3601956263852,148.3601956263852,143.9046996427573,134.03428625742524,121.04494770293252,4.07115261710527,3.610065616640833,0.4610870004644365
2024-01-30,143.4974759445152,144.27314093556356,141.1414096233107,141.53892517089844,9132800,QCOM,142.61273791857198,146.86205526609348,146.86205526609348,141.1414096233107,134.4098480702742,121.3606264431063,3.5654814664901266,3.601148786610692,-0.03566732012056528
2024-01-31,140.9183995174571,145.59177047456265,139.9488219540323,143.99195861816406,21184200,QCOM,142.61273764105403,144.73739659233274,145.59177047456265,139.9488219540323,134.77413752186183,121.7419643646584,3.3243516779953097,3.5457893648876158,-0.22143768689230603
2024-02-01,136.58440418311253,139.53192863978845,135.8281347699902,136.81710815429688,22810600,QCOM,137.19039393679702,143.67506711669338,143.67506711669338,135.8281347699902,135.02752312736033,122.09046740460757,2.5251952348718305,3.341670538884459,-0.8164753040126285
2024-02-02,136.3710714082265,137.81574722994372,135.02335925572794,137.3794403076172,10440800,QCOM,136.64740455037884,140.43273052674522,140.43273052674522,135.02335925572794,135.26470185576454,122.39182322886778,1.915156766195281,3.0563677843466235,-1.1412110181513424
2024-02-05,137.54428789943276,140.24940307026503,136.91406833615724,139.6482696533203,8032600,QCOM,138.58900723979383,138.54006753856203,140.24940307026503,136.91406833615724,135.59350966174307,122.71054777999387,1.5963704862205077,2.7643683247214006,-1.167997838500893
2024-02-06,140.10395057550306,140.40451723728677,138.09691802295444,139.71612548828125,7286300,QCOM,139.5803778310064,138.56453738917793,140.40451723728677,138.09691802295444,135.9183959034232,123.02403581379698,1.3338299005822023,2.478260639893561,-1.1444307393113586
2024-02-07,140.7438879098076,141.50984770388274,139.26043536597365,141.45167541503906,7361900,QCOM,140.74146159867576,139.07245761009216,141.50984770388274,139.07245761009216,136.26790076240644,123.33420122041571,1.251383796013414,2.2328852711175315,-0.9815014751041176
2024-02-08,142.38247192279687,144.08892311815603,141.83949605672024,143.6719970703125,9448700,QCOM,142.9957220419964,139.90695960438396,144.08892311815603,139.90695960438396,136.6648514212335,123.66881184601078,1.3496481618458631,2.056237849263198,-0.7065896874173347
2024-02-09,144.46704920080325,148.73318433319682,143.83682973621512,146.4062042236328,11981500,QCOM,145.860816873462,141.45134082319018,148.73318433319682,141.45134082319018,137.1408296677808,124.0388899380693,1.6293686981692588,1.9708640190444102,-0.34149532087515144
2024-02-12,145.80508477064754,150.05182461430533,145.67903494790784,148.4423370361328,11806300,QCOM,147.49457034224838,143.6560788483261,150.05182461430533,143.6560788483261,137.59226520800746,124.44158788036997,1.9923812094121445,1.9751674571179572,0.017213752294187312
2024-02-13,145.43662624131485,146.64859812665915,143.8950015538558,145.47540283203125,8976300,QCOM,145.36390718846525,145.57532459528724,146.64859812665915,143.8950015538558,138.00186296614112,124.83080720463141,2.017409010093928,1.9836157677131514,0.033793242380776745
2024-02-14,146.70676613680044,149.6930665506543,146.45468131803977,149.2567596435547,8715100,QCOM,148.0278184122623,145.46961589187623,149.6930665506543,145.46961589187623,138.45358879110844,125.26723534118076,2.315673966987873,2.0500274075680958,0.26564655941977744
2024-02-15,150.28452878289193,152.3885104105028,149.7900495303648,151.23471069335938,9372400,QCOM,150.92444985427971,146.74871715206928,152.3885104105028,146.74871715206928,138.9639743223999,125.7321239354039,2.6807531597867467,2.176172558011826,0.5045806017749208
2024-02-16,152.67934787875768,152.96051880320522,147.9575108755129,148.04476928710938,8427600,QCOM,150.41053671114628,148.8365835031745,152.96051880320522,147.9575108755129,139.45302871068847,126.18977786431046,2.6817657125091046,2.2772911889112817,0.4044745235978229
2024-02-20,147.26912808782055,148.2483960514318,145.31057736601926,147.33700561523438,8745500,QCOM,147.0412767801265,149.6235601071604,149.6235601071604,145.31057736601926,139.85482170421736,126.60147947922898,2.595537810332786,2.3409405131955827,0.25459729713720325
2024-02-21,145.27179572256568,147.42425891349242,144.37008097224748,147.38546752929688,9769500,QCOM,146.1129007844006,148.33241844364346,148.33241844364346,144.37008097224748,140.21744337506797,127.0072450776428,2.5022674663268845,2.373205903821843,0.1290615625050413
2024-02-22,150.06152521055614,150.77900314649872,147.68606311412037,150.04212951660156,11407500,QCOM,149.64218024694418,147.22265961402204,150.77900314649872,147.22265961402204,140.6441060884825,127.43917491995191,2.6126039938984036,2.4210855218371554,0.19151847206124817
2024-02-23,150.96322539928332,152.1364207741098,149.63490885640857,150.197265625,5953300,QCOM,150.7329551637004,148.4324199304831,152.1364207741098,148.4324199304831,141.03470028409808,127.87271520644649,2.6816522564104446,2.473198868751813,0.20845338765863142
2024-02-26,151.2540981456048,152.68906878040139,151.05048035002463,152.2527618408203,6307600,QCOM,151.81160227921276,149.58268754709175,152.68906878040139,149.58268754709175,141.42694294348507,128.32407517379687,2.8691609664051327,2.552391288282477,0.31676967812265566
2024-02-27,152.9508602419294,154.35674474641,152.6987754021276,153.484130859375,6021400,QCOM,153.3726278124605,150.69714491315227,154.35674474641,150.69714491315227,141.82684498477363,128.79164743689174,3.0816013763836168,2.658233305902705,0.42336807048091174
2024-02-28,152.0223748568846,152.54859961178641,151.0088989005184,151.87620544433594,5211000,QCOM,151.86401970338133,152.0348863628064,152.54859961178641,151.0088989005184,142.13253425821318,129.2492398811404,3.0846577741541523,2.7435181995529945,0.34113957460115785
2024-02-29,152.87018322970607,154.16627317639913,152.19777420994473,153.7667236328125,8321400,QCOM,153.2502385622156,151.94945303309385,154.16627317639913,151.94945303309385,142.4340006223998,129.72457245994622,3.202710160386715,2.835356591719739,0.3673535686669762
2024-03-01,155.32595380978876,159.81841095646385,154.03961823434904,158.93161010742188,10403500,QCOM,157.02889827700588,152.59984579765472,159.81841095646385,152.59984579765472,142.8182151939476,130.23234447506775,3.6707169605618333,3.002428665488158,0.6682882950736753
2024-03-04,160.90980945017145,163.55071713447444,160.52001449154844,162.31309509277344,11865100,QCOM,161.82340904224193,154.81437203733032,163.55071713447444,154.81437203733032,143.29075747060466,130.78216049739117,4.265305512686467,3.25500403492782,1.010301477758647
2024-03-05,160.52977112256835,161.36784375490998,156.14451046095596,157.33340454101562,9608800,QCOM,158.84388246986248,158.31889053978614,161.36784375490998,156.14451046095596,143.72494279219893,131.2933897124448,4.285303502242925,3.4610639283908413,0.824239573852084
2024-03-06,160.61749252101384,164.93453101058736,160.13998099246066,163.6092071533203,12230500,QCOM,162.32530291934555,158.5813865048243,164.93453101058736,158.5813865048243,144.21823637792193,131.8433112202584,4.752769901854293,3.719405123083532,1.0333647787707614
2024-03-07,165.275598328777,173.06186229754957,165.10991985011245,171.2395477294922,14495100,QCOM,168.6717320514828,160.4533447120849,173.06186229754957,160.4533447120849,144.80951688924483,132.4558537896455,5.67354402270476,4.110232903007778,1.5633111196969827
2024-03-08,170.362505909215,170.9959264811831,166.1916222213848,166.2208709716797,11306700,QCOM,168.44273139586565,164.56253838178384,170.9959264811831,164.56253838178384,145.36834173915656,133.07834214111162,5.929942193429298,4.474174761092082,1.4557674323372156
2024-03-11,164.69092587110282,167.594939217022,163.83335889523605,166.75686645507812,7256300,QCOM,165.71902260960974,166.50263488882473,167.594939217022,163.83335889523605,145.8572276010332,133.67662847145118,6.106003736764592,4.800540556226585,1.3054631805380073
2024-03-12,168.50120650048817,169.46595431948577,166.23061421915162,168.6668701171875,7642200,QCOM,168.2161612890783,166.11082874921723,169.46595431948577,166.11082874921723,146.38718523975737,134.29586379164888,6.32672456869966,5.1057773587212,1.2209472099784602
2024-03-13,166.8543108125414,167.12717030918228,164.30111914980424,164.93453979492188,8730500,QCOM,165.80428501661245,167.16349501914777,167.16349501914777,164.30111914980424,146.8941622940684,134.88404337024767,6.129818817941555,5.3105856505652715,0.8192331673762832
2024-03-14,165.27559377814262,165.61666065666498,162.45928276426753,164.1549072265625,8151000,QCOM,164.3766111064094,166.48389001788013,166.48389001788013,162.45928276426753,147.4503949695999,135.44655340800898,5.843499534054644,5.417168427263146,0.42633110679149766
2024-03-15,162.83935677766485,164.46677399919668,161.62122877923747,162.93679809570312,16413000,QCOM,162.96603941295052,165.43025056214475,165.43025056214475,161.62122877923747,148.03188789896998,136.01547924721223,5.455411622746425,5.424817066359802,0.030594556386622784
2024-03-18,166.55219477364912,167.08817402260854,162.1084665817771,162.66392517089844,6653700,QCOM,164.6031901372333,164.19814498754764,167.08817402260854,162.1084665817771,148.68728246741586,136.614120286987,5.067416568628829,5.3533369668136075,-0.28592039818477843
2024-03-19,161.85509801332586,162.2156740082088,159.45783046649782,159.9158477783203,7404400,QCOM,160.8611125665882,164.40066756239048,164.40066756239048,159.45783046649782,149.2536312862113,137.16905410129212,4.4864636536743205,5.17996230418575,-0.6934986505114296
2024-03-20,159.91585521322202,163.88207238352274,159.65273539277194,163.3948211669922,5995800,QCOM,161.71137103912724,162.63089006448934,163.88207238352274,159.65273539277194,149.8127457066756,137.75693798783956,4.2576982652287825,4.995509496394357,-0.7378112311655745
2024-03-21,166.38654803582264,168.51095616746662,165.30484975813664,166.49374389648438,8497500,QCOM,166.67402446447755,162.1711305518083,168.51095616746662,162.1711305518083,150.45312768263992,138.40923749007982,4.277152856517517,4.851838168418989,-0.5746853119014714
2024-03-22,165.2268838685606,167.51695557251267,164.98325827007253,165.7628631591797,5644900,QCOM,165.87249021758137,164.42257750814292,167.51695557251267,164.42257750814292,151.0702072605751,139.03926267646474,4.185348698494153,4.718540274434022,-0.5331915759398695
2024-03-25,163.59946341744268,164.46676993610745,162.71266268776125,163.24864196777344,5682500,QCOM,163.50688450227122,165.14753386286213,165.14753386286213,162.71266268776125,151.6545666117565,139.63850216510087,3.865161428950614,4.5478645053373405,-0.6827030763867263
2024-03-26,163.76512779699007,165.1001912981693,162.74189732489427,162.81011962890625,5289900,QCOM,163.60433401223997,164.32720918256666,165.1001912981693,162.74189732489427,152.19176622425925,140.23115297955866,3.535273194396325,4.345346243149137,-0.8100730487528125
2024-03-27,165.12939889741983,165.15863277456452,162.71263754520936,164.81756591796875,6309700,QCOM,164.45455878379062,163.96577159740332,165.15863277456452,162.71263754520936,152.76444046043366,140.81602387888915,3.396663903267381,4.1556097751727865,-0.7589458719054054
2024-03-28,164.7883636002003,165.55821396198726,163.69691078878265,164.98326110839844,5324000,QCOM,164.75668736484215,164.21016519059697,165.55821396198726,163.69691078878265,153.3645362477864,141.33428257483143,3.262576309701842,3.977003082078598,-0.7144267723767559
2024-04-01,163.97953739226472,168.39403246183068,163.92106962229343,167.34156799316406,6679100,QCOM,165.90905186738823,164.48342627771956,168.39403246183068,163.92106962229343,153.8882975470795,141.8494447452523,3.308468615411556,3.8432961887451897,-0.5348275733336338
2024-04-02,166.1234201656637,167.02970023208889,164.96375996647149,166.6788787841797,7436300,QCOM,166.19893978710093,165.1962390725539,167.02970023208889,164.96375996647149,154.30970056323477,142.35801571486888,3.253856683095222,3.7254082876151964,-0.47155160451997435
2024-04-03,165.6654002337031,169.52443609947346,165.01248544067857,169.4757080078125,6943200,QCOM,167.4195074454169,165.69758942982742,169.52443609947346,165.01248544067857,154.69089225744372,142.87409540695342,3.3970974527315434,3.659746120638466,-0.26264866790692265
2024-04-04,170.53793210503792,171.46370647680547,165.09046687110305,165.43153381347656,9031200,QCOM,168.13090981660577,166.55854843762216,171.46370647680547,165.09046687110305,155.08893010634443,143.3928332337782,3.1479975792206005,3.557396412354893,-0.4093988331342926
2024-04-05,165.84081834407726,167.84830586398166,165.38281587675698,167.15640258789062,5861900,QCOM,166.55708566817663,167.34472912711396,167.84830586398166,165.38281587675698,155.41738727823378,143.89383376068653,3.0545556138393977,3.4568282526517944,-0.4022726388123967
2024-04-08,168.5206909481957,169.94347097844295,167.9652323188688,169.19309997558594,4812000,QCOM,168.90562355527334,166.9509073976453,169.94347097844295,166.9509073976453,155.77177550789693,144.3981111777742,3.1090079327005924,3.387264188661554,-0.2782562559609616
2024-04-09,170.80103011171997,171.50267298945172,168.94946673503446,171.0933837890625,5030500,QCOM,170.58663840631715,167.92826547645933,171.50267298945172,167.92826547645933,156.24428287206555,144.9116357092657,3.2678293080093397,3.363377212531111,-0.09554790452177153
2024-04-10,168.02370035364046,169.28081676419282,165.7336286582375,166.50347900390625,6177400,QCOM,167.38540619499426,169.25745194138824,169.28081676419282,165.7336286582375,156.6847126978494,145.3594994776373,2.9888755387600554,3.2884768777769002,-0.2996013390168448
2024-04-11,167.29282693522936,171.1518630213914,166.15266089993133,170.66461181640625,6262600,QCOM,168.8154906682396,168.32142906819126,171.1518630213914,166.15266089993133,157.20876775284273,145.80930791155845,3.06820297480391,3.2444220971823023,-0.17621912237839243
2024-04-12,167.8872632877654,168.96896148860188,166.60092792093937,166.92250061035156,8212100,QCOM,167.59491332691456,168.56845986821543,168.96896148860188,166.60092792093937,157.70841126655995,146.2412743942109,2.7968728301979695,3.1549122437854358,-0.35803941358746627
2024-04-15,169.82652885474926,169.93372470813722,164.28160809897594,165.5094757080078,6570600,QCOM,167.38783434246756,168.081686597565,169.93372470813722,164.28160809897594,158.31236007467336,146.66994160101686,2.4396991026964088,3.0118696155676306,-0.5721705128712218
2024-04-16,165.17814129160607,165.2463635906695,163.18040858522568,164.28160095214844,6390100,QCOM,164.4716286049124,167.73476047001628,167.73476047001628,163.18040858522568,158.868844555764,147.0667732057643,2.034109174953443,2.8163175274447934,-0.7822083524913506
2024-04-17,164.90530505973138,165.850573621689,159.59426970432844,160.1302490234375,8082000,QCOM,162.62009935229656,166.10319453746433,166.10319453746433,159.59426970432844,159.3494663980141,147.47148802987857,1.361996579987533,2.5254533379533415,-1.1634567579658084
2024-04-18,158.22020985493816,159.9158493797117,155.78395386115662,157.32366943359375,9209400,QCOM,157.81092063235005,164.36164694488045,164.36164694488045,155.78395386115662,159.71407725404097,147.8162365787321,0.5960046185881254,2.139563594080298,-1.5435589754921728
2024-04-19,157.17747660615075,157.27493278849377,152.3536929746851,153.61080932617188,10287900,QCOM,155.10422792387538,161.08628378861525,161.08628378861525,152.3536929746851,160.00133258054495,148.1346166714757,-0.3071061816027907,1.6502296389436806,-1.9573358205464713
2024-04-22,154.01034498295195,157.5185593938407,153.15279302563255,156.0957794189453,7848700,QCOM,155.19436920534264,158.09525585624533,158.09525585624533,153.15279302563255,160.24530552381188,148.45507847252267,-0.8129406053305104,1.1575955900888424,-1.9705361954193528
2024-04-23,156.85592180992305,158.1227631065331,155.60854498649556,157.23597717285156,6616700,QCOM,156.9558017689508,156.64481253079398,158.1227631065331,155.60854498649556,160.46720522172166,148.80401744475125,-1.1090294001864152,0.7042705920337909,-1.8132999922202062
2024-04-24,159.6917110361887,161.69918369539613,157.8693962208411,159.4578399658203,6130500,QCOM,159.67953272956157,156.8003071498724,161.69918369539613,156.8003071498724,160.71090446946792,149.15158483873768,-1.1511266730682053,0.3331911390133917,-1.484317812081597
2024-04-25,159.89635641394258,160.43233571069547,157.60626981405593,159.13624572753906,6230700,QCOM,159.26780191655826,158.23991993971697,160.43233571069547,157.60626981405593,160.98898236402977,149.49542266508547,-1.1966448554673264,0.027223940117248085,-1.2238687955845744
2024-04-26,158.7464446290526,162.27415364217714,158.3663892648177,161.4360809326172,7141300,QCOM,160.20576711716615,158.7538609281376,162.27415364217714,158.3663892648177,161.23254133812785,149.84306506461814,-1.035207633232858,-0.18526237455277314,-0.8499452586800847
2024-04-29,160.98779361989972,164.95402552817325,160.98779361989972,164.88580322265625,6623900,QCOM,162.95385399765723,159.47981402265188,164.95402552817325,159.47981402265188,161.4731294209954,150.21855187169768,-0.6217367193624739,-0.2725572435147133,-0.3491794758477606
2024-04-30,164.91505469206606,164.92480923373822,161.58225791065834,161.62124633789062,6914200,QCOM,163.2608420435883,161.21683401015457,164.92480923373822,161.21683401015457,161.73013552764425,150.59158211916636,-0.551127444666264,-0.3282712837450234,-0.22285616092124055
2024-05-01,160.31539317781085,165.31459551963573,159.6137502221257,159.92559814453125,13113600,QCOM,161.29233426602588,162.23883802687143,165.31459551963573,159.6137502221257,162.01515667736223,150.9349891907898,-0.6247915161589788,-0.3875753302278145,-0.23721618593116428
2024-05-02,170.99593790805238,177.05734404656144,170.8205197431888,175.5078887939453,25894800,QCOM,173.59542262293698,161.76558614644864,177.05734404656144,161.76558614644864,162.56480711413298,151.39112524460046,0.567646331669323,-0.196530997848387,0.76417732951771
2024-05-03,177.5933283570514,178.51910269244397,173.26653518477866,175.0596160888672,10043900,QCOM,176.1096455807853,167.68050438469282,178.51910269244397,167.68050438469282,163.09415642080978,151.86913125464613,1.459663958689049,0.13470799345910017,1.3249559652299487
2024-05-06,177.27173986112322,177.7492365331807,175.80023168141454,177.21327209472656,6980100,QCOM,177.00862004261126,171.89507498273906,177.7492365331807,171.89507498273906,163.61966971838802,152.32718500124304,2.313705439486,0.5705074826644801,1.7431979568215201
2024-05-07,177.7979687123816,179.61054386094744,174.6503299680026,175.55661010742188,8011100,QCOM,176.90386316218837,174.45184751267516,179.61054386094744,174.45184751267516,164.12151493604753,152.77422893976632,2.8243038720121376,1.0212667605340118,1.8030371114781258
2024-05-08,172.22380483075293,176.1802821919733,172.11660897206204,175.9464111328125,6242600,QCOM,174.1167767819002,175.67785533743177,176.1802821919733,172.11660897206204,164.5363979154363,153.18162145010496,3.2232548183585266,1.4616643720989149,1.7615904462596117
2024-05-09,176.3849231258392,177.07682632829386,174.86470185816486,175.9366455078125,5513500,QCOM,176.0657742050276,174.89731605966597,177.07682632829386,174.86470185816486,165.02043300546924,153.57648363184123,3.498311950756886,1.8689938878305092,1.6293180629263766
2024-05-10,177.35943121456458,178.86991286094153,176.61881476698977,177.43739318847656,4702500,QCOM,177.5713880077431,175.48154513234678,178.86991286094153,175.48154513234678,165.50685599437978,153.97042830838976,3.793663513905358,2.253927813045479,1.5397357008598789
2024-05-13,178.50934089784528,180.01982257828,178.236481417864,179.51309204101562,6384800,QCOM,179.06968423375122,176.52646657004493,180.01982257828,176.52646657004493,165.9476717135147,154.38294345373114,4.147414493054356,2.6326251490472545,1.5147893440071014
2024-05-14,179.80543093021052,184.46355117271864,179.78595158858056,184.15171813964844,7713400,QCOM,182.05166295778955,177.79807540189807,184.46355117271864,177.79807540189807,166.35223679182565,154.82149713121515,4.747338686944602,3.055567856626724,1.6917708303178776
2024-05-15,185.16518667234084,191.0804230903441,185.15544700191572,189.6479034423828,11349100,QCOM,187.76224005174586,179.92486917984382,191.0804230903441,179.92486917984382,166.93060394346332,155.32777336783113,5.601706171413554,3.56479551958409,2.0369106518294635
2024-05-16,190.0279410235618,190.64188220671898,187.8645448131002,188.34205627441406,8173400,QCOM,189.21910607944875,183.84355461579486,190.64188220671898,183.84355461579486,167.46848000666537,155.84335819229366,6.103075153864239,4.0724514464401205,2.0306237074241187
2024-05-17,187.98149392353642,190.45673817423966,186.9777577110016,188.91702270507812,5799700,QCOM,188.58325312846395,186.5313303476218,190.45673817423966,186.5313303476218,167.86671042820498,156.33811365872492,6.472201164169292,4.552401389985955,1.9197997741833364
2024-05-20,189.05346664095757,194.89074140220006,188.3518237195161,192.71759033203125,8879700,QCOM,191.25340552367624,187.55729173804286,194.89074140220006,187.55729173804286,168.3229239107612,156.8456328249589,6.990824359986675,5.040085983986099,1.9507383760005759
2024-05-21,191.01221769551682,196.82999844532281,190.76859208579205,195.72882080078125,11498800,QCOM,193.58490725685323,189.40534863085955,196.82999844532281,189.40534863085955,168.88024160370608,157.36873460236964,7.557697677749729,5.543608322738826,2.0140893550109036
2024-05-22,197.75576782226562,199.6170710025562,196.5571340160435,197.75576782226562,11170100,QCOM,197.92143516578273,191.4951279438564,199.6170710025562,191.4951279438564,169.47434708124015,157.93076616049876,8.077395365144042,6.050365731219869,2.0270296339241733
2024-05-23,200.63054504999434,202.64775714678203,194.33525343696215,196.61558532714844,14475100,QCOM,198.55728524022174,194.70828155481956,202.64775714678203,194.33525343696215,170.1294070857124,158.51178468989036,8.301561099359361,6.500604804847768,1.8009562945115931
2024-05-24,198.69129100120585,205.91235725435982,198.36970342927344,204.99632263183594,13799000,QCOM,201.99241857916877,196.63278339752065,205.91235725435982,196.63278339752065,170.88172323516753,159.1660591023837,9.051133683527524,7.010710580583719,2.040423102943805
2024-05-28,211.69115165822947,211.88604916379597,205.912359578173,207.64697265625,12485400,QCOM,209.2841332641121,199.3126009883447,211.88604916379597,199.3126009883447,171.80808511219078,159.91998650558037,9.746706693771756,7.557909803221327,2.188796890550429
2024-05-29,203.32993023862943,205.2886896796973,201.42965343513077,202.9498748779297,12552500,QCOM,203.2495370578468,204.2983671262284,205.2886896796973,201.42965343513077,172.58101205060305,160.63414725900947,9.805900463712248,8.007507935319511,1.7983925283927373
2024-05-30,203.52716500271612,204.86769972516194,199.43705894966863,200.39598083496094,12263900,QCOM,202.0569761281269,203.7739520920376,204.86769972516194,199.43705894966863,173.4049293218338,161.32928030402255,9.536799756235496,8.313366299502709,1.2234334567327867
2024-05-31,203.5271655421925,204.5545893159181,194.4369443814588,199.662109375,15064900,QCOM,200.54520215364235,202.91546411008227,204.5545893159181,194.4369443814588,174.18160594412413,161.99717582539986,9.158741937261254,8.482441427054418,0.6763005102068362
2024-06-03,205.0536366873466,206.44309933300346,198.05739566879765,201.4821319580078,12419500,QCOM,202.75906591178887,201.73033313186232,206.44309933300346,198.05739566879765,174.90330677307037,162.67821722785513,8.903356650529787,8.566624471749492,0.33673217878029504
2024-06-04,201.48214265255058,201.7952536516664,197.3235340806305,199.97525024414062,6629100,QCOM,200.14404515724704,202.2446995218256,202.2446995218256,197.3235340806305,175.58873787186366,163.32947256621938,8.481598620781796,8.549619301555953,-0.06802068077415768
2024-06-05,202.4801809210845,207.9304110987207,200.95372946851322,207.3433074951172,11626300,QCOM,204.6769072458589,201.1943723395363,207.9304110987207,200.95372946851322,176.41213832673543,164.03335246924598,8.64227027423911,8.568149496092586,0.07412077814652385
2024-06-06,207.34332565868417,207.6760256928924,204.30020207244263,204.9362335205078,7597200,QCOM,206.06394673613175,202.9356397926976,207.6760256928924,202.9356397926976,177.26133058121326,164.72654840273626,8.47764791616143,8.550049180106354,-0.07240126394492385
2024-06-07,205.21998817081794,205.288490066306,200.48407050790496,202.17686462402344,5714400,QCOM,203.29235334226308,204.49979326441468,205.288490066306,200.48407050790496,178.0380864723827,165.4012634664082,8.031938317194005,8.446427007523885,-0.4144886903298808
2024-06-10,200.8754382108942,206.0516904362984,200.1611403081362,204.84814453125,6470500,QCOM,202.9841033716447,203.89607330333888,206.0516904362984,200.1611403081362,178.80263479251872,166.08358552015258,7.804297133198361,8.318001032658781,-0.5137038994604204
2024-06-11,202.69544577518093,204.94598962068687,200.3764149718135,204.03599548339844,8197500,QCOM,203.01346146276992,203.44008833749177,204.94598962068687,200.3764149718135,179.54472298442636,166.7165102657529,7.47222110051618,8.148845046230262,-0.6766239457140824
2024-06-12,207.9304171871532,210.98332018168816,206.34525831393933,210.75827026367188,9502800,QCOM,209.00431648661313,203.22677490013086,210.98332018168816,203.22677490013086,180.40083051841663,167.3552655408257,7.663143893843824,8.051704815752975,-0.3885609219091517
2024-06-13,211.70740442713293,213.66439651282258,208.42943671133688,213.126220703125,10102800,QCOM,211.73186458860434,206.11554569337198,213.66439651282258,206.11554569337198,181.2870776612804,167.98898495936206,7.914294335138436,8.024222719630068,-0.10992838449163145
2024-06-14,212.95987791069868,213.36106487114077,209.0556733294169,210.69955444335938,6438200,QCOM,211.51904263865393,208.92370514098815,213.36106487114077,208.92370514098815,182.15484031772132,168.62188521203288,7.8272930210131335,7.984836779906681,-0.15754375889354755
2024-06-17,212.42170153309328,217.88171122264862,208.81104876010795,217.44139099121094,12109100,QCOM,214.1389631267652,210.22137388982105,217.88171122264862,208.81104876010795,183.1064778668931,169.26193257256347,8.207740000703552,8.029417424066056,0.1783225766374965
2024-06-18,221.94248185489462,225.67054942702322,221.14010792490814,222.2066650390625,22037500,QCOM,222.73995106147214,212.18016850829312,225.67054942702322,212.18016850829312,184.1831644170171,169.977469962457,8.792411319085005,8.182016203069846,0.6103951160151588
2024-06-20,219.3787984224318,221.04223862271544,208.26308335597557,210.83653259277344,18701200,QCOM,214.88016324847408,217.46005978488262,221.04223862271544,208.26308335597557,185.06903491386024,170.65665889296292,8.243269606214568,8.194266883698791,0.04900272251577675
2024-06-21,207.20630123694988,210.83652785522577,204.90684466579492,207.95974731445312,22741300,QCOM,207.72735526810592,216.17011151667833,216.17011151667833,204.90684466579492,185.87587389532248,171.2802932965859,7.489602833402017,8.053334073639437,-0.5637312402374199
2024-06-24,202.46064276055228,202.5780575211918,195.93407520656567,196.5211639404297,16087700,QCOM,199.37348485718485,211.9487333923921,211.9487333923921,195.93407520656567,186.48703377910132,171.84790076597204,5.901291983459799,7.6229256556035105,-1.721633672143711
2024-06-25,198.77168262526789,198.78146221051333,194.88705219780644,197.82254028320312,12053700,QCOM,197.5656843291977,205.66110912478848,205.66110912478848,194.88705219780644,187.08644919914704,172.39743023285348,4.693451202632787,7.037030765009366,-2.343579562376579
2024-06-26,196.0025536349282,196.82448678493182,191.4916859653144,193.08663940429688,10023800,QCOM,194.35134144736782,201.61339672699307,201.61339672699307,191.4916859653144,187.62571934124506,172.9690397079592,3.3158579144637486,6.292796194900243,-2.976938280436494
2024-06-27,192.63650554992105,194.29996071869763,189.67166382116073,190.9534912109375,11936600,QCOM,191.89040532517924,197.98236908718044,197.98236908718044,189.67166382116073,188.17409487565038,173.5214697157072,2.028593711277381,5.4399556981756705,-3.4113619868982896
2024-06-28,191.7852250667639,199.55448606296673,191.40361220594949,194.89683532714844,15547500,QCOM,194.41003966570713,194.93638720617986,199.55448606296673,191.40361220594949,188.8098936819186,174.07968003996632,1.3115042655011848,4.6142654116407735,-3.3027611461395887
2024-07-01,195.18062122474353,196.35481357643735,191.86351999260893,195.72857666015625,6800600,QCOM,194.78188286348652,194.6732134359435,196.35481357643735,191.86351999260893,189.54931292654132,174.63169509029115,0.8010858685603068,3.8516295030246805,-3.0505436344643737
2024-07-02,193.9868428776234,196.16888489939333,192.85178387061669,195.85577392578125,5632900,QCOM,194.71582139335368,194.727548149715,196.16888489939333,192.85178387061669,190.3415447959309,175.17143868823794,0.40220302184951606,3.1617442067896477,-2.7595411849401317
2024-07-03,198.32155612809586,200.45468510766506,196.12973470986827,199.42726135253906,4996200,QCOM,198.58330932454209,194.72168477153434,200.45468510766506,194.72168477153434,191.20932359831488,175.7273145610634,0.37000944069953334,2.603397253571625,-2.233387812872092
2024-07-05,201.42341710033205,202.30405756972397,199.59361934092436,201.3255615234375,6375200,QCOM,201.1616638836045,196.6524970480382,202.30405756972397,196.6524970480382,192.09344084060794,176.2803230311648,0.4920012703466057,2.1811180569266213,-1.6891167865800156
2024-07-08,202.78352395389396,205.91470828416877,201.71695192693747,203.41954040527344,6920400,QCOM,203.4586811425684,198.90708046582137,205.91470828416877,198.90708046582137,192.9690238088681,176.83996413916802,0.7490131129761153,1.8946970681365203,-1.145683955160405
2024-07-09,202.0398550601757,204.06534899863223,200.25900005863215,202.6660919189453,5272600,QCOM,202.25757400909634,201.1828808041949,204.06534899863223,200.25900005863215,193.82881925071885,177.40890080737435,0.8817357530160734,1.692104805112431,-0.8103690520963576
2024-07-10,204.2512749245405,204.74052295929548,202.118145729063,204.3099822998047,5159400,QCOM,203.85498147817592,201.72022740664562,204.74052295929548,201.72022740664562,194.70180353793904,177.96717243803346,1.1068090113151925,1.5750456463529834,-0.4682366350377909
2024-07-11,205.50374764205978,205.61138280637886,195.47416298116983,195.5524444580078,8602200,QCOM,200.53543447190407,202.78760444241078,205.61138280637886,195.47416298116983,195.453435147424,178.46328228420967,0.5719282432715431,1.3744221657366955,-0.8024939224651524
2024-07-12,197.32351885782785,201.6484696472903,195.9438358311627,198.0769500732422,7217200,QCOM,198.24819360238075,201.66151945715742,201.66151945715742,195.9438358311627,196.15318217859982,178.94165885312205,0.3477294770079311,1.1690836279909427,-0.8213541509830116
2024-07-15,198.63469066538525,204.74051116235543,198.42919993313566,203.7032928466797,7463700,QCOM,201.376923651889,199.95485652976907,204.74051116235543,198.42919993313566,196.95487396631705,179.48501532183963,0.6169375084202784,1.0586544040768098,-0.4417168956565314
2024-07-16,205.4841866932208,206.55074388841152,202.17686500577395,205.13192749023438,5998500,QCOM,204.83593076941017,200.66589009082904,206.55074388841152,200.66589009082904,197.57968412924657,180.07224562168977,0.9347900116232495,1.0338815255860978,-0.09909151396284832
2024-07-17,195.43502152441985,195.69921965153577,186.4622140950768,187.4798583984375,16156200,QCOM,191.26907841736747,202.7509104301196,202.7509104301196,186.4622140950768,197.88287278597818,180.488514603394,-0.23497539075850682,0.7801101423171769,-1.0150855330756836
2024-07-18,189.6129681190918,189.73038287021703,182.929838138685,187.34286499023438,9960600,QCOM,187.40401352955706,197.00999442374354,197.00999442374354,182.929838138685,198.0907806557171,180.85522518705253,-1.1597087227289649,0.3921463693079486,-1.5518550920369134
2024-07-19,187.56790349301127,188.93779194166345,181.76541436046372,182.20574951171875,9195700,QCOM,185.1192148267143,192.2070039766503,192.2070039766503,181.76541436046372,198.2550876890076,181.18830131252756,-2.280797226430934,-0.14244234983982795,-2.138354876591106
2024-07-22,186.89275873927045,191.29599127501243,184.98469429324877,190.7773895263672,7590000,QCOM,188.48770845847469,188.6631094016823,191.29599127501243,184.98469429324877,198.5425063225391,181.53945211898773,-2.4493733780040827,-0.6038285554726789,-1.8455448225314037
2024-07-23,190.02394296579348,192.02008340596703,188.01802293948805,189.19223022460938,5796700,QCOM,189.81356988396448,188.57540893007848,192.02008340596703,188.01802293948805,198.81746223611788,181.91894762079355,-2.679987077775621,-1.0190602599332674,-1.6609268178423537
2024-07-24,185.26843627525548,185.53263438613536,176.80445151773884,177.17628479003906,13295300,QCOM,181.1954517422922,189.19448940702148,189.19448940702148,176.80445151773884,198.88994351080882,182.1983997525943,-3.7886631213484065,-1.5729808322162953,-2.2156822891321113
2024-07-25,175.7574419906416,176.36411964709185,169.54400151701842,171.618408203125,12700100,QCOM,173.32099283946923,185.19497057465685,185.19497057465685,169.54400151701842,198.77496968292317,182.36132069821895,-5.057471679555562,-2.269879001684149,-2.787592677871413
2024-07-26,175.16057836918503,177.40134275948603,173.751556552016,176.17822265625,6567800,QCOM,175.62292508423428,179.25798170706304,179.25798170706304,173.751556552016,198.6463949254521,182.49931585863888,-5.630171571581911,-2.9419375156637013,-2.68823405591821
2024-07-29,177.59703757920985,178.71252250727414,174.0255328783954,174.7985382080078,6051600,QCOM,176.2834077932218,177.44045339564866,178.71252250727414,174.0255328783954,198.41681828028157,182.67371111187242,-6.12476686665795,-3.5785033858625512,-2.5462634807953988
2024-07-30,175.48347286487274,175.5421802372405,163.18378564189794,163.35012817382812,15338900,QCOM,169.3898917294598,176.86193059443525,176.86193059443525,163.18378564189794,198.02023399328183,182.7443569999736,-7.355735868470816,-4.333949882384204,-3.021785986086612
2024-07-31,171.80433426075592,177.18606241077256,169.6809996732473,177.05885314941406,19222200,QCOM,173.93256237354746,173.12591116194753,177.18606241077256,169.6809996732473,197.72722017818353,182.79696530319427,-7.142770719491466,-4.895714049805657,-2.2470566696858087
2024-08-01,168.06649838978703,173.16447005368394,157.86079040590656,160.47337341308594,24795000,QCOM,164.89128306561585,173.52923676774748,173.52923676774748,157.86079040590656,197.1999777290223,182.76145081989176,-8.217576798608007,-5.5600865995661275,-2.65749019904188
2024-08-02,157.06818782242837,160.7277534401178,154.14247930080856,155.8842010498047,16618900,QCOM,156.95565540328985,169.21025991668165,169.21025991668165,154.14247930080856,196.46739269195103,182.67381714782857,-9.332101558535328,-6.314489591359968,-3.01761196717536
2024-08-05,149.9740970892728,159.3187375600927,148.1345196966734,154.55345153808594,12733900,QCOM,152.9952014710312,163.08295765998577,163.08295765998577,148.1345196966734,195.56886801805598,182.52160754964808,-10.205112638518216,-7.092614200791618,-3.1124984377265976
2024-08-06,155.0133482123675,160.11131939189113,153.13463751820106,155.30690002441406,9301000,QCOM,155.89155128671845,158.03907956550847,160.11131939189113,153.13463751820106,194.71555333898593,182.42248021234914,-10.71269394570919,-7.816630149775133,-2.896063795934058
2024-08-07,160.06238939738301,160.78648186637173,152.15613933663556,152.76280212402344,9266900,QCOM,156.44195318110343,156.96531542611348,160.78648186637173,152.15613933663556,193.80454403102465,182.34313363309607,-11.191237606408976,-8.491551641101902,-2.699685965307074
2024-08-08,157.28347836430015,162.02917578886596,154.4751842281249,161.40293884277344,9590900,QCOM,158.79769430601613,156.70363430360845,162.02917578886596,154.4751842281249,192.7948152518627,182.30145018202674,-10.749387829035186,-8.943118878688558,-1.8062689503466274
2024-08-09,160.54186687528684,162.32272206416303,158.49679862061853,160.9430389404297,4824600,QCOM,160.5761066251245,157.7506643048123,162.32272206416303,157.7506643048123,191.94134664320825,182.26117934690564,-10.317396254025766,-9.217974353756,-1.0994219002697658
2024-08-12,157.10732468322433,159.87647031903796,154.03484765833778,159.38722229003906,8548000,QCOM,157.6014662376598,159.1633854649684,159.87647031903796,154.03484765833778,191.05223644539893,182.22858288361635,-9.98547488099797,-9.371474459204395,-0.6140004217935751
2024-08-13,160.76690650452323,165.91379043262887,159.76883633739558,165.8257293701172,11102100,QCOM,163.0688156611662,158.3824258513141,165.91379043262887,158.3824258513141,190.3027087155494,182.24215732983674,-9.098014837269119,-9.31678253481734,0.21876769754822156
2024-08-14,166.97054391927662,167.5772066145085,161.17784983931003,163.5555877685547,7208200,QCOM,164.82029703541247,160.72562075624018,167.5772066145085,160.72562075624018,189.54393333802184,182.22362005554612,-8.480124220372375,-9.149450871928348,0.6693266515559735
2024-08-15,168.05669790343495,170.8845509128513,166.94121299492696,169.6125030517578,10752100,QCOM,168.87374121574277,162.77295889582632,170.8845509128513,162.77295889582632,188.91852725919176,182.25363256552774,-7.41620956379748,-8.802802610302175,1.3865930465046947
2024-08-16,168.58509794408823,169.65167011279948,166.96080565512725,168.4774627685547,5435700,QCOM,168.41875912014243,165.82335005578454,169.65167011279948,165.82335005578454,188.19336429667743,182.3027513117064,-6.588687509998067,-8.359979590241354,1.7712920802432865
2024-08-19,167.88056882694804,170.57143287407533,165.11142330677004,170.51271057128906,6708100,QCOM,168.51903389477062,167.1210545879635,170.57143287407533,165.11142330677004,187.44246603985022,182.35189831053177,-5.702903312529713,-7.828564334699026,2.1256610221693126
2024-08-20,170.1213342567002,171.65756538522714,167.46960322949894,168.40896606445312,6222400,QCOM,169.41436723396987,167.82004424136704,171.65756538522714,167.46960322949894,186.76490631768436,182.40149639503355,-5.111742567907186,-7.285199981340658,2.1734574134334723
2024-08-21,169.2700258958417,171.10958819561247,168.37959096573442,170.47357177734375,6309500,QCOM,169.8081942086331,168.61720573766846,171.10958819561247,168.37959096573442,186.10138813442413,182.45201146347142,-4.425631072169949,-6.713286199506516,2.287655127336567
2024-08-22,170.5518771627003,170.83563446877358,164.75918190833733,165.3658447265625,6743500,QCOM,167.87813456659342,169.2126999731508,170.83563446877358,164.75918190833733,185.3986815965006,182.47170229046347,-4.245098798111428,-6.219648719227499,1.974549921116071
2024-08-23,168.06646979016034,170.864968984106,166.96077944850416,169.76905822753906,6823600,QCOM,168.91531911257738,168.5454172698721,170.864968984106,166.96077944850416,184.59690164901986,182.49886608371824,-3.704025440316883,-5.716524063445377,2.0124986231284936
2024-08-26,168.27195701841916,168.67314395868857,164.90592841543813,165.8452911376953,7437600,QCOM,166.92408013256028,168.73036819122473,168.73036819122473,164.90592841543813,183.700745959899,182.49391181058968,-3.550903512570045,-5.283399953270311,1.7324964407002659
2024-08-27,165.53218327963893,170.688861902064,164.6515427627866,170.1898193359375,6498800,QCOM,167.76560182010675,167.8272241618925,170.688861902064,164.6515427627866,182.82567714352808,182.4902587306247,-3.0438980033636653,-4.835499563288982,1.7916015599253168
2024-08-28,170.63015014696367,171.941331302649,165.9822937958714,168.15455627441406,6534600,QCOM,169.17708287997453,167.7964129909996,171.941331302649,165.9822937958714,181.92643953859223,182.51645870274268,-2.774340335778021,-4.42326771778679,1.648927382008769
2024-08-29,169.6907732213586,172.5675538281078,165.297320840158,165.8452911376953,12514200,QCOM,168.35023475682993,168.48674793548707,172.5675538281078,165.297320840158,180.83864521249944,182.51090481475825,-2.7157468995927445,-4.081763554147981,1.3660166545552368
2024-08-30,168.58508224788676,171.6869279456457,167.12713265128139,171.53036499023438,11110800,QCOM,169.73237695876205,168.4184913461585,171.6869279456457,167.12713265128139,179.93568948670517,182.5023622002827,-2.185381513779589,-3.702487146074303,1.5171056322947138
2024-09-03,168.19369094810148,168.45788907084403,158.5163652937527,159.72970581054688,11620300,QCOM,163.7244127808113,169.07543415246028,169.07543415246028,158.5163652937527,179.05563063695925,182.46575226614084,-2.6863115704106804,-3.4992520309415784,0.8129404605308981
2024-09-04,159.49485222380258,164.6221767746254,159.13281347202744,161.77474975585938,6737000,QCOM,161.2561480565787,166.39992346663578,166.39992346663578,159.13281347202744,178.29328390094716,182.39015884002427,-2.885027492983795,-3.376407123350022,0.491379630366227
2024-09-05,160.39778571019596,163.07305041482718,159.1880200190314,161.00758361816406,5600000,QCOM,160.91660994055465,163.82803576160723,163.82803576160723,159.1880200190314,177.5603024131743,182.32337580616067,-3.0690372382576925,-3.3149331463315566,0.24589590807386408
2024-09-06,160.06337904877876,160.50597478225566,154.54564755161286,155.5882110595703,10703000,QCOM,157.6758031105544,162.37232285108092,162.37232285108092,154.54564755161286,176.82679164643798,182.22625549384153,-3.610544254320132,-3.3740553679292717,-0.2364888863908603
2024-09-09,158.44050727094645,159.69945357741108,155.96196517199508,158.1257781982422,7494900,QCOM,158.0569260546487,160.02406298081766,160.02406298081766,155.96196517199508,176.1501220610274,182.1621084683389,-3.7912290763061094,-3.4574901096046395,-0.33373896670146985
2024-09-10,157.36843635155617,159.39455256833068,155.08658682070327,159.0207977294922,7918100,QCOM,157.71759336752058,159.04049451773318,159.39455256833068,155.08658682070327,175.41627313506368,182.11308340849112,-3.8181887995708337,-3.5296298475978785,-0.2885589519729552
2024-09-11,159.6896377643329,164.15496100028778,156.6307878687495,163.820556640625,8275400,QCOM,161.07398581849878,158.37904394262688,164.15496100028778,156.6307878687495,174.74211519416392,182.14571406035262,-3.4129122160602776,-3.5062863212903586,0.09337410523008094
2024-09-12,163.1517317306599,163.57465220100093,160.22073378826593,162.2665252685547,6045600,QCOM,162.30341074712038,159.72651488056283,163.57465220100093,159.72651488056283,174.09386698123922,182.21770588858504,-3.18046255534324,-3.441121568100935,0.2606590127576949
2024-09-13,163.0828938266984,165.5319457985258,162.71898407878732,164.9713134765625,4049900,QCOM,164.07628429514352,161.0149628138416,165.5319457985258,161.0149628138416,173.40372648065127,182.30652503948306,-2.746332707073236,-3.3021637958953955,0.5558310888221594
2024-09-16,162.217344073423,164.58770974756163,161.0960945648656,163.86972045898438,6510000,QCOM,162.94271721120867,162.54562355449258,164.58770974756163,161.0960945648656,172.63934754720336,182.36639419390565,-2.46278161131724,-3.1342873589797646,0.6715057476625246
2024-09-17,166.10238603652616,166.71218391264122,163.3484354541037,165.9253387451172,5828000,QCOM,165.52208603709707,162.74417038285063,166.71218391264122,162.74417038285063,171.88061564509394,182.424819726981,-2.0485793612035934,-2.9171457594245305,0.8685663982209371
2024-09-18,166.73185687391552,169.58415368312703,164.94178376724315,165.53192138671875,5877600,QCOM,166.6974289277511,164.13312820997385,169.58415368312703,164.13312820997385,171.16941274346703,182.49911599709296,-1.7321000159303424,-2.6801366107256928,0.9480365947953504
2024-09-19,171.55125509532422,173.89211525508645,169.65300564382295,171.05947875976562,10900000,QCOM,171.5389636884998,165.41527856886248,173.89211525508645,165.41527856886248,170.5230923876735,182.61244796280624,-1.0234623337104551,-2.3488017553226452,1.32533942161219
2024-09-20,169.84973718810272,170.2234920584682,161.59772971115774,166.14173889160156,27546400,QCOM,166.95317446233256,168.47712112868112,170.2234920584682,161.59772971115774,169.85144718748208,182.65244116745305,-0.8488968190759465,-2.0488207680733055,1.199923948997359
2024-09-23,165.64993887863636,167.18427864256782,162.63043998583746,163.23040771484375,9810000,QCOM,164.67376630547136,167.71514779550682,167.71514779550682,162.63043998583746,169.1799586415439,182.66657041007184,-0.934697870780866,-1.8259961886148177,0.8912983178339517
2024-09-24,164.66640308297045,166.5744978595346,163.25008469179602,164.20413208007812,9666800,QCOM,164.6737794285948,166.1944570504891,166.5744978595346,163.25008469179602,168.44589575707803,182.70038486169753,-0.9135930716616656,-1.6435155652241873,0.7299224935625217
2024-09-25,163.5451507638332,165.81715522472894,163.0336991294707,165.50242614746094,5095500,QCOM,164.47460781637344,165.43411823954193,165.81715522472894,163.0336991294707,167.63866929801728,182.60917671363188,-0.7830790376698076,-1.4714282597133115,0.6883492220435039
2024-09-26,172.03321462864594,172.8593953344835,164.03692599075478,169.82022094726562,8475000,QCOM,169.68743922528745,164.9543630279577,172.8593953344835,164.03692599075478,167.20703651417568,182.5449546500769,-0.32746100378668075,-1.2426348085279855,0.9151738047413047
2024-09-27,170.15462445424248,170.59722018680725,167.0367640614244,167.3318328857422,5880700,QCOM,168.78011039705407,167.32090112662257,170.59722018680725,167.0367640614244,166.83455845152562,182.46266955362137,-0.1652674493412576,-1.02716133669064,0.8618938873493824
2024-09-30,168.55142509899767,169.39728103989117,164.99096904929,167.25314331054688,8099700,QCOM,167.54820462468143,168.05050576183834,169.39728103989117,164.99096904929,166.48313824748493,182.36911296824627,-0.042586568531021385,-0.8302463830587163,0.787659814527695
2024-10-01,167.00726153891165,167.48919278598493,161.38133855481328,163.05337524414062,8277600,QCOM,164.73279203096263,167.79935519325988,167.79935519325988,161.38133855481328,166.0080399189347,182.2752731207369,-0.2810079855180163,-0.7203987035505763,0.43939071803256
2024-10-02,163.41726749923072,166.95806305763202,162.4337148449884,165.5515899658203,4484600,QCOM,164.59015884191786,166.26607361211126,166.95806305763202,162.4337148449884,165.50357169809377,182.1605169671058,-0.26531523771836873,-0.6293820103841349,0.36406677266576615
2024-10-03,163.22058584479487,166.7417067061133,162.93536213329088,166.14173889160156,6260200,QCOM,164.75984839395016,165.42811622701456,166.7417067061133,162.93536213329088,165.17485963112694,182.0324015709679,-0.20291940718374235,-0.5440894897440564,0.341170082560314
2024-10-04,169.71204721862838,169.9579354310553,163.74187421714643,166.1220703125,6586500,QCOM,167.38348179483253,165.09398231048237,169.9579354310553,163.74187421714643,165.0561094102342,181.91553954657869,-0.15329031655437575,-0.4659296551061203,0.31263933855174453
2024-10-07,164.8827893724307,165.94502818822627,163.0140450716461,164.19430541992188,4359300,QCOM,164.50904201305624,166.23873205265744,166.23873205265744,163.0140450716461,164.83383174881067,181.74011333713136,-0.266442042488535,-0.42603213258260325,0.15959009009406827
2024-10-08,162.14851778796236,164.96147944102725,160.9682574107503,163.6041717529297,7843500,QCOM,162.9206065981674,165.37388703285683,165.37388703285683,160.9682574107503,164.56657572490957,181.49169700259557,-0.3991334930233563,-0.4206524046707539,0.021518911647397554
2024-10-09,163.22057470611728,167.4990351414759,161.9616283956505,167.42034912109375,5486500,QCOM,165.02539684108436,164.14724681551212,167.4990351414759,161.9616283956505,164.47928582714204,181.24975991021194,-0.19412109591905846,-0.3753461429204148,0.18122504700135633
2024-10-10,164.4795148788559,165.97451919468148,162.6107707399414,165.74830627441406,5048000,QCOM,164.7032777719732,164.58632182829825,165.97451919468148,162.6107707399414,164.2947001351106,181.01096015664706,-0.16466897660185964,-0.3332107096567038,0.16854173305484416
2024-10-11,165.2368653717492,167.6268913992635,164.1254459390664,167.18429565429688,3801400,QCOM,166.043374591094,164.64479980013573,167.6268913992635,164.1254459390664,164.31774196562012,180.7588598473212,-0.02516552544702222,-0.2716016728147675,0.24643614736774527
2024-10-14,168.52192443583968,175.92807543624102,168.08915882496606,175.11172485351562,9933600,QCOM,171.9127208876406,165.34408719561486,175.92807543624102,165.34408719561486,164.61688327530715,180.54213798362906,0.7168063513264826,-0.07392006798651748,0.7907264193130001
2024-10-15,174.3052248323002,176.87229818782518,169.9087427060813,171.22669982910156,12910400,QCOM,173.07824138882705,168.62840404162773,176.87229818782518,168.62840404162773,165.01854407366304,180.2937060458595,0.9800380892860687,0.13687156346799978,0.843166525818069
2024-10-16,171.74797724216876,171.797157881474,167.42035112414067,168.6596221923828,6495700,QCOM,169.90627711004157,170.8533227152274,171.797157881474,167.42035112414067,165.29883859012952,180.00719596455772,0.9703241341681519,0.3035620776080302,0.6667620565601217
2024-10-17,172.7315208230757,172.7315208230757,168.20718739594145,168.28587341308594,6093200,QCOM,170.4890256137947,170.3797999126345,172.7315208230757,168.20718739594145,165.57978003878335,179.692162034904,0.9218409432438932,0.42721785073520285,0.49462309250869035
2024-10-18,169.27927116287506,169.74154217446147,166.63351175846645,168.1088409423828,6432700,QCOM,168.44079150954644,170.4344127632146,170.4344127632146,166.63351175846645,165.77264198285397,179.28372861735832,0.859227978979419,0.5136198763840462,0.3456081025953729
2024-10-21,166.84988288450532,167.37116462567946,163.3386074768263,166.23023986816406,7297700,QCOM,165.94747371379378,169.43760213638052,169.43760213638052,163.3386074768263,165.88006932462733,178.91070798391783,0.6505205511538463,0.5410000113380062,0.10952053981584009
2024-10-22,166.23025170400103,170.62673387774973,165.46308172810893,170.3316650390625,7313000,QCOM,168.16293308723056,167.69253792508715,170.62673387774973,165.46308172810893,166.09129866161874,178.57176755350883,0.8067692119188337,0.5941538514541718,0.2126153604646619
2024-10-23,166.55481872299376,169.8005457925406,161.59771947715467,163.85989379882812,9788200,QCOM,165.45324444787929,167.92773550615885,169.8005457925406,161.59771947715467,166.138987237353,178.22084797645118,0.4037256510531222,0.5560682113739619,-0.1523425603208397
2024-10-24,163.8697213626678,166.16140103033905,162.80748261062553,165.33522033691406,4933400,QCOM,164.54345633513663,166.69048997701907,166.69048997701907,162.80748261062553,166.13345042334748,177.83869188068468,0.2010397855947872,0.485062526218127,-0.2840227406233398
2024-10-25,167.47935832276434,170.33165524785798,167.01708733721955,167.4695281982422,5496600,QCOM,168.07440727652101,165.61697315607785,170.33165524785798,165.61697315607785,166.11746374456305,177.5179955018774,0.21020744363968902,0.4300915097024394,-0.2198840660627504
2024-10-28,166.63350054564708,170.30214800059713,166.5843199079277,169.387451171875,5024600,QCOM,168.22685490651173,166.84569021629943,170.30214800059713,166.5843199079277,166.11362566029047,177.15349497848393,0.3679912597351631,0.41767145970898417,-0.04968019997382106
2024-10-29,169.36778215745952,173.66591792111285,168.44324016242436,173.10528564453125,6427700,QCOM,171.14555647138198,167.53627256140558,173.66591792111285,167.53627256140558,166.1661561118227,176.80431107583644,0.7839968142129123,0.49093653060976983,0.2930602836031425
2024-10-30,167.12528781565598,168.91536109228252,164.77459725434196,164.8631134033203,8819700,QCOM,166.4195898914002,169.34091451639378,169.34091451639378,164.77459725434196,166.10626056497128,176.4355834413278,0.44349743378734274,0.48144871124528443,-0.03795127745794169
2024-10-31,164.8631019307405,165.02047396763373,159.4142264717668,160.09288024902344,10261200,QCOM,162.34767065479113,167.880252203897,167.880252203897,159.4142264717668,165.95705009389442,176.02921911415928,-0.20886110659012047,0.3433867476782035,-0.552247854268324
2024-11-01,160.39777501307213,163.34843309276553,160.09287607942215,162.5517578125,6498100,QCOM,161.59771049943996,165.11396142934404,165.11396142934404,160.09287607942215,165.8314416125514,175.615061604526,-0.5214382644251714,0.17042174525752854,-0.6918600096826999
2024-11-04,162.34520479792624,164.74507576555374,160.94856177744956,162.46322631835938,4949800,QCOM,162.6255171648222,163.35583596439199,164.74507576555374,160.94856177744956,165.70564557359626,175.15127361130806,-0.7674549230658556,-0.01715358840714828,-0.7503013346587073
2024-11-05,162.28620727267844,164.833605348596,161.54854269416626,163.18124389648438,5373200,QCOM,162.96239980298128,162.9906765646071,164.833605348596,161.54854269416626,165.6264119670047,174.66357896345184,-0.8941793368733215,-0.19255873810038293,-0.7016205987729386
2024-11-06,166.46629806917537,175.5149801029809,165.89583568991972,170.14479064941406,17661900,QCOM,169.50547612787253,162.9765381837942,175.5149801029809,162.9765381837942,165.66120945316,174.24344329834403,-0.427778161282248,-0.23960262273675595,-0.18817553854549204
2024-11-07,177.30504955144121,179.10495279460073,168.80715481799075,170.06610107421875,23586300,QCOM,173.82081455956285,166.24100715583336,179.10495279460073,166.24100715583336,165.7540840867518,173.840261812672,-0.06376640109075993,-0.20443537840755677,0.14066897731679684
2024-11-08,169.25959939374073,170.63658233180695,165.9745366117186,168.09901428222656,10736600,QCOM,168.4924331548732,170.0309108576981,170.63658233180695,165.9745366117186,165.75692805471263,173.29778663360602,0.06523607606374071,-0.15050108751329727,0.21573716357703798
2024-11-11,167.20397662428496,167.98097673574316,163.35828156004845,165.5220947265625,7829500,QCOM,166.01633241165976,169.26167200628566,169.26167200628566,163.35828156004845,165.6826071637706,172.80914832523789,-0.04000327050422925,-0.12840152411148367,0.08839825360725442
2024-11-12,164.30249791763646,164.57789150046753,159.1978564944485,160.7223663330078,8483300,QCOM,162.20015306139007,167.63900220897273,167.63900220897273,159.1978564944485,165.65212196938216,172.35387630317072,-0.5048841885774777,-0.2036980570046825,-0.3011861315727953
2024-11-13,160.1125552732683,160.26009719940498,157.12256133549124,157.7815399169922,7921700,QCOM,158.81918843128918,164.91957763518138,164.91957763518138,157.12256133549124,165.6033827768764,171.94833333891177,-1.0979493035754047,-0.3825483063188269,-0.7154009972565778
2024-11-14,160.26991956359421,162.19768958052384,159.20768077971348,161.2731475830078,7012600,QCOM,160.73710937670984,161.8693830332353,162.19768958052384,159.20768077971348,165.5997927655995,171.58004758938688,-1.2715564111585707,-0.5603499272867757,-0.711206483871795
2024-11-15,160.31909607504016,161.6272230157324,156.97502277353692,157.86021423339844,9737000,QCOM,159.195389024427,161.30324620497257,161.6272230157324,156.97502277353692,165.63018448387695,171.22848806515748,-1.6653394958588308,-0.7813478410011867,-0.8839916548576441
2024-11-18,159.9256893000523,162.42390677763154,159.3355516242401,161.79443359375,7816800,QCOM,160.86989532391848,160.24931761469978,162.42390677763154,159.3355516242401,165.68644386926232,170.91828296514487,-1.6410399181360162,-0.9532862564281527,-0.6877536617078636
2024-11-19,161.3321529028543,163.49596590462832,159.97484533462006,162.0009765625,6176800,QCOM,161.70098517615065,160.55960646930913,163.49596590462832,159.97484533462006,165.76611170543492,170.5911924202493,-1.5868241156536271,-1.0799938282732475,-0.5068302873803796
2024-11-20,161.3026611932715,161.49936875413735,150.43439961740378,151.73269653320312,14483000,QCOM,156.24228152450394,161.1302958227299,161.49936875413735,150.43439961740378,165.66947761955504,170.2057964068595,-2.3453859352406425,-1.3330722496667267,-1.0123136855739159
2024-11-21,152.60805311235697,154.35877586203168,151.0638680423248,152.9031219482422,10685800,QCOM,152.73345474123892,158.6862886736169,158.6862886736169,151.0638680423248,165.4780784994374,169.78597274033828,-2.8196054367345766,-1.6303788870802967,-1.18922654965428
2024-11-22,152.2441219380658,154.29975856948997,151.20155843548662,154.2112274169922,5709300,QCOM,152.98916659000864,155.7098717074279,155.7098717074279,151.20155843548662,165.25633614533473,169.330031312993,-3.0546623827143264,-1.9152355862071027,-1.1394267965072238
2024-11-25,156.32587675230658,157.02419080161366,154.6341648188015,156.20785522460938,9189800,QCOM,156.04802189933278,154.3495191487183,157.02419080161366,154.3495191487183,165.1184422390972,168.8788948931503,-3.0447376875584666,-2.1411360064773755,-0.9036016810810912
2024-11-26,157.12256416509246,158.81427622871664,153.52275721520667,154.34893798828125,9489900,QCOM,155.95213389932425,155.19877052402552,158.81427622871664,153.52275721520667,164.92704319634174,168.40382942071784,-3.150553757926275,-2.3430195567671555,-0.8075342011591196
2024-11-27,154.34891845062157,155.05707759728165,151.9195570818404,153.82763671875,6337900,QCOM,153.7882974621234,155.57545221167487,155.57545221167487,151.9195570818404,164.66886056702918,167.91913665524808,-3.2391396264912657,-2.5222435707119777,-0.716896055779288
2024-11-29,155.5095170912207,158.86343538055633,155.15543752097085,155.922607421875,6112000,QCOM,156.36274935365572,154.68187483689914,158.86343538055633,154.68187483689914,164.36533628033231,167.4442143340029,-3.1045110671234966,-2.6386970699942816,-0.465813997129215
2024-12-02,155.77508804868444,160.68300662525593,155.77508804868444,160.34860229492188,9812700,QCOM,158.14544625438668,155.5223120952774,160.68300662525593,155.5223120952774,164.18918171617338,167.02031445182772,-2.6105829915111087,-2.633074254297647,0.022491262786538346
2024-12-03,158.8437671019648,161.16495216271514,158.666734812975,159.906005859375,6961400,QCOM,159.64536498425747,156.83387917483205,161.16495216271514,156.83387917483205,164.0886136897491,166.63428616564647,-2.229158910131787,-2.552291185464475,0.3231322753326884
2024-12-04,161.77476832376723,162.28622000719315,159.5716195480718,160.6535186767578,6721600,QCOM,161.0715316389475,158.23962207954474,162.28622000719315,158.23962207954474,164.01656873395615,166.2312322455171,-1.8452882066943062,-2.4108905897104416,0.5656023830161354
2024-12-05,160.75237213916375,162.59135065585508,158.1224323629532,158.57723999023438,7279800,QCOM,160.0108487870516,159.65557685924614,162.59135065585508,158.1224323629532,163.9272935533697,165.7829814256935,-1.6891349501432273,-2.2665394617969987,0.5774045116537714
2024-12-06,158.57724274712095,158.57724274712095,155.46285064863832,157.70718383789062,9918400,QCOM,157.58112999519273,159.83321282314887,159.83321282314887,155.46285064863832,163.68516736876782,165.44610194147174,-1.6169494427742848,-2.136621457992456,0.5196720152181711
2024-12-09,155.7001294976454,161.08852963496324,155.6902479504595,158.9232940673828,9481200,QCOM,157.85055028761275,158.7071714091708,161.08852963496324,155.6902479504595,163.466576166579,165.15056730905232,-1.4449554293175026,-1.9982882522574652,0.5533328229399626
2024-12-10,158.9529507873028,159.6648144158393,154.27639929415835,154.69166564941406,8683600,QCOM,156.8964575366786,158.2788608483918,159.6648144158393,154.27639929415835,163.25354122481895,164.86833973615194,-1.6313013560560705,-1.9248908730171863,0.2935895169611158
2024-12-11,155.5122739108341,158.64645928509407,155.19589845242925,158.02357482910156,7081800,QCOM,156.84455161936475,157.5876591925352,158.64645928509407,155.19589845242925,163.09577641658697,164.55190816776084,-1.4929152232857916,-1.8384957430709075,0.34558051978511584
2024-12-12,156.87667087888707,157.65775055320117,155.14644980870253,156.4515380859375,5796100,QCOM,156.53310233168207,157.21610540594997,157.65775055320117,155.14644980870253,162.93463528638227,164.21910349223802,-1.4928844010738942,-1.7693734746715049,0.27648907359761066
2024-12-13,156.45153502723926,157.87524709321073,154.8498344377348,156.73825073242188,8886700,QCOM,156.47871682265168,156.87460386881602,157.87524709321073,154.8498344377348,162.7690126549563,163.9719361430416,-1.452975660862677,-1.7060939119097394,0.2531182510470624
2024-12-16,156.37243662010005,156.9162233889446,152.27922862076215,156.10548400878906,9951100,QCOM,155.41834315964897,156.67666034573386,156.9162233889446,152.27922862076215,162.52970988225263,163.7929096462434,-1.4556271197236015,-1.656000553472512,0.20037343374891048
2024-12-17,154.72133167224507,158.17187750668316,154.72133167224507,156.13516235351562,7187400,QCOM,155.93742580117225,156.0475017526914,158.17187750668316,154.72133167224507,162.35827755801495,163.5960546534128,-1.438748627004287,-1.612550168178867,0.1738015411745799
2024-12-18,156.46143138006548,159.33854568208673,150.59846049775243,151.32020568847656,10295200,QCOM,154.4296608120953,155.99246377693183,159.33854568208673,150.59846049775243,162.1884586422935,163.37751718360153,-1.7932278481303854,-1.6486857041691707,-0.14454214396121468
2024-12-19,152.28911190637973,153.71283906785948,148.363980665975,148.70013427734375,8414800,QCOM,150.76651647938948,155.21106229451357,155.21106229451357,148.363980665975,161.9032810350596,163.19128343110083,-2.259526634252552,-1.770853890185847,-0.4886727440667049
2024-12-20,147.8894153345232,152.8230226741835,147.7411016161341,151.16200256347656,17347100,QCOM,149.90388554707934,152.9887893869515,152.9887893869515,147.7411016161341,161.60729319056173,162.95099666283616,-2.402722496460143,-1.8972276114407063,-0.5054948850194367
2024-12-23,153.90069606924862,156.89644905814743,152.8032409584212,156.4515380859375,8863200,QCOM,155.0129810429387,151.44633746701544,156.89644905814743,151.44633746701544,161.38668531959863,162.8522136426094,-2.065574284187619,-1.9308969459900889,-0.13467733819753014
2024-12-24,156.84702003660584,157.59842494142194,155.75944641064575,157.5588836669922,2839600,QCOM,156.94094376391644,153.22965925497707,157.59842494142194,153.22965925497707,161.08724977712416,162.85206652621565,-1.6895522563208658,-1.8826280080562443,0.1930757517353785
2024-12-26,155.6210174641765,157.756608192629,155.57159464648757,156.73825073242188,3846900,QCOM,156.42186775892873,155.08530150944677,157.756608192629,155.08530150944677,160.75412230452616,162.88633318909461,-1.441157542586751,-1.7943339149623458,0.35317637237559474
2024-12-27,155.4134069422107,155.96707528694412,153.76228345476252,155.4628448486328,7232500,QCOM,155.15140263313754,155.75358463418775,155.96707528694412,153.76228345476252,160.45902481498808,162.87893170255882,-1.3318646317573268,-1.7018400583213422,0.3699754265640154
2024-12-30,153.47556383108164,154.36540095251772,152.06173313965357,152.83291625976562,5356000,QCOM,153.18390354575465,155.45249363366264,155.45249363366264,152.06173313965357,160.1129223736273,162.8463512062053,-1.440853211481425,-1.6496426889533589,0.20878947747193388
2024-12-31,152.97131684393756,154.078653494553,151.47838867488775,151.8837432861328,4423300,QCOM,152.6030255748778,154.31819858970863,154.31819858970863,151.47838867488775,159.79616705493393,162.78440451889392,-1.5855406469227944,-1.636822280547246,0.051281633624451706
2025-01-02,153.25802973961572,155.72977406531558,151.06311957148782,151.9035186767578,5009100,QCOM,152.98861051329425,153.4606120822932,155.72977406531558,151.06311957148782,159.53698979092394,162.70852955777565,-1.6792533854446674,-1.6453085015267304,-0.03394488391793704
2025-01-03,153.66340781498448,156.6492793475379,152.74392611708754,156.04617309570312,5885800,QCOM,154.77569659382826,153.22461129779373,156.6492793475379,152.74392611708754,159.2692450610559,162.6802718613373,-1.4030700971861734,-1.596860820658619,0.19379072347244564
2025-01-06,157.52920792762077,163.7975477876236,157.52920792762077,158.0433349609375,9599800,QCOM,159.22482465095067,154.000153945811,163.7975477876236,154.000153945811,159.14467666511732,162.64183195123516,-1.0113800205867562,-1.4797646606442465,0.46838464005749025
2025-01-07,160.1690485947551,161.60265743219492,157.4501295599676,158.70578002929688,7666000,QCOM,159.48190390405364,156.61248929838084,161.60265743219492,156.61248929838084,159.04344561649566,162.58844801992157,-0.6401300118652671,-1.3118377308884508,0.6717077190231837
2025-01-08,158.24108150324668,158.37949858794113,155.16623082736984,157.28204345703125,7731900,QCOM,157.26721359389722,158.04719660121725,158.37949858794113,155.16623082736984,158.82730174284316,162.47238274370312,-0.4555441189238536,-1.1405790084955314,0.6850348895716778
2025-01-10,155.9176283399838,156.4910748313022,153.79193426406502,155.2057647705078,6236800,QCOM,155.3516005514647,157.65720509755724,157.65720509755724,153.79193426406502,158.56979665574224,162.34171115801635,-0.47136322487278903,-1.006735851770983,0.535372626898194
2025-01-13,153.46566390231953,155.59135800175946,153.05041266325205,155.3540802001953,5714700,QCOM,154.36537869188157,156.50440282451098,156.50440282451098,153.05041266325205,158.23419310015223,162.20017460598746,-0.46655402032922666,-0.8986994854826318,0.43214546515340513
2025-01-14,158.3300654915038,159.190227752067,154.79052554813578,157.72695922851562,6476500,QCOM,157.50944450505554,155.43489075819627,159.190227752067,154.79052554813578,158.05599019242533,162.08112537869832,-0.2681797749623911,-0.7725955433785837,0.5044157684161926
2025-01-15,160.2679141595658,163.5800426291669,160.25801752663835,162.5518035888672,9284000,QCOM,161.66444447605957,156.4721676316259,163.5800426291669,156.4721676316259,158.0423256688507,161.99968788137258,0.27518569132129755,-0.5630392964386075,0.8382249877599051
2025-01-16,163.48117716247833,163.96562939929044,159.45717012369636,159.60546875,7188900,QCOM,161.62736135886627,159.06830605384272,163.96562939929044,159.06830605384272,158.04291868603923,161.9371801492953,0.4627280986559299,-0.35788581741970005,0.82061391607563
2025-01-17,163.51084317829688,163.7382394428209,161.25661345377554,162.70010375976562,8097500,QCOM,162.80144995866473,160.3478337063545,163.7382394428209,160.3478337063545,158.0464373419161,161.87604145775617,0.851255249356285,-0.11605760406450302,0.9673128534207881
2025-01-21,164.12383564732906,166.7735385235698,163.4811881085437,165.37948608398438,7380500,QCOM,164.93951209085674,161.5746418325096,166.7735385235698,161.5746418325096,158.0859795876736,161.85619577733914,1.359695849137779,0.1790930865759534,1.1806027625618256
2025-01-22,166.41762001364728,170.14499983679798,166.28908447273483,168.31591796875,7281700,QCOM,167.7919055729825,163.25707696168317,170.14499983679798,163.25707696168317,158.0517081765758,161.8564588148679,1.9767969155674052,0.5386338523742438,1.4381630631931615
2025-01-23,168.4543452836239,172.4091367017715,167.465647429087,172.3893585205078,7172300,QCOM,170.17962198374755,165.52449126733285,172.4091367017715,165.52449126733285,157.97888432505948,161.86648420590564,2.762699881536321,0.9834470582066592,1.7792528233296616
2025-01-24,173.12097600447981,173.21983672422382,169.99668760303516,170.16476440429688,5825800,QCOM,171.62556618400893,167.8520566255402,173.21983672422382,167.8520566255402,158.04154698564219,161.89923752017742,3.169491564902131,1.4206559595457537,1.7488356053563774
2025-01-27,170.15488496078675,170.25374568175235,165.38935467214003,169.24526977539062,15632600,QCOM,168.76081377251745,169.73881140477457,170.25374568175235,165.38935467214003,158.09643661285935,161.889521888315,3.3787334368583117,1.8122714550082655,1.5664619818500463
2025-01-28,168.2961294469085,171.52917526046417,167.8907597553492,169.61109924316406,8720200,QCOM,169.33179092647148,169.24981258864602,171.52917526046417,167.8907597553492,158.239069370161,161.94559566977156,3.533348269160797,2.156486817838772,1.376861451322025
2025-01-29,169.61110710271325,171.5291832088944,168.2961372455238,169.76930236816406,5118900,QCOM,169.80143248132387,169.29080175755877,171.5291832088944,168.2961372455238,158.45871425116167,162.03104851401903,3.6268393612022294,2.4505573265114635,1.1762820346907659
2025-01-30,170.39217085577093,171.57860516803817,169.03765973217946,169.98680114746094,6010600,QCOM,170.24880922586237,169.5461171194413,171.57860516803817,169.03765973217946,158.6489482481447,162.12437050687208,3.67610619506803,2.695667100222777,0.980439094845253
2025-01-31,170.56024314080847,174.79186829693998,170.3427284292599,170.97549438476562,7809000,QCOM,171.6675835629435,169.89746317265184,174.79186829693998,169.89746317265184,158.89839213891506,162.264288311396,3.7516827340348584,2.9068702269851934,0.844812507049665
2025-02-03,166.97128836476085,170.6294671871879,166.16054893182235,168.31591796875,7447100,QCOM,168.01930561313026,170.78252336779767,170.78252336779767,166.16054893182235,159.0413803446993,162.36391210698082,3.555980960904634,3.036692373769082,0.5192885871355521
2025-02-04,166.59556284378903,171.82576705116682,166.59556284378903,171.08424377441406,5457900,QCOM,169.02528412828974,169.40091449046395,171.82576705116682,166.59556284378903,159.18786632374207,162.4769890145885,3.5829644683239223,3.14594679268005,0.4370176756438724
2025-02-05,171.0447145163525,174.99950560343584,167.97974538933067,173.8723907470703,15197800,QCOM,171.97408906404735,169.21309930937684,174.99950560343584,167.97974538933067,159.50250247453295,162.585990047044,3.7856901717466656,3.2738954684933734,0.5117947032532921
2025-02-06,165.94302749632277,167.57438784306336,163.53060256150428,167.40631103515625,16293500,QCOM,166.1135822340117,170.5935941867121,170.5935941867121,163.53060256150428,159.77010502438839,162.6240917619129,3.385566456136047,3.296229666021908,0.08933679011413886
2025-02-07,167.91055136658213,169.36393835837734,164.1831563879669,166.0616912841797,7841700,QCOM,166.8798343492765,168.3535882103619,169.36393835837734,164.1831563879669,160.04791837957376,162.65212726245423,2.9262341466066744,3.2222305621388614,-0.29599641553218703
2025-02-10,167.81166611902287,169.85827771803187,167.08992098038075,169.42324829101562,6237700,QCOM,168.5457782771128,167.61671127981919,169.85827771803187,167.08992098038075,160.29787350712934,162.70815787311327,2.8011694015479804,3.138018330020685,-0.33684892847270476
2025-02-11,167.73257822615878,170.74810957820316,167.19868804421665,170.046142578125,6588100,QCOM,168.9313796066759,168.081244778466,170.74810957820316,167.19868804421665,160.55745842127638,162.74225080880905,2.720951616766598,3.054604987369868,-0.3336533706032698
2025-02-12,167.63371447211102,168.99810717305013,166.3385227720588,168.36534118652344,5505700,QCOM,167.83392140093585,168.50631219257093,168.99810717305013,166.3385227720588,160.83837090005264,162.7536157335409,2.493013906661787,2.942286771228252,-0.4492728645664652
2025-02-13,168.26647600338757,170.41194835537218,167.55461240160187,170.20431518554688,6362200,QCOM,169.10933798647713,168.1701167967534,170.41194835537218,167.55461240160187,161.09330267270906,162.7293194765207,2.4327185963119007,2.840373136244982,-0.4076545399330813
2025-02-14,170.6492451903421,170.86675991181565,169.10686395998468,170.28341674804688,4691300,QCOM,170.22657145254732,168.63972739161528,170.86675991181565,168.63972739161528,161.33492517667227,162.76205344642284,2.3640654881025682,2.7451116066164993,-0.3810461185139311
2025-02-18,171.30178023214413,171.7565878709674,169.30462148193007,171.677490234375,7292600,QCOM,171.01011995485416,169.4331494220813,171.7565878709674,169.30462148193007,161.56222027608422,162.82541698291664,2.394544664476399,2.6749982181884793,-0.28045355371208025
2025-02-19,172.02352999361892,174.50515595889584,171.39076402588975,173.2396240234375,6849600,QCOM,172.7897685004605,170.22163468846773,174.50515595889584,170.22163468846773,161.79658501331448,162.90657687363532,2.5157507640167296,2.6431487273541294,-0.12739796333739983
2025-02-20,174.01082451663152,174.3964160811412,170.94585509572616,171.73681640625,6316400,QCOM,172.77247802493721,171.5057015944641,174.3964160811412,170.94585509572616,162.05181759807218,162.98955557572094,2.462161194319492,2.606951220747202,-0.14479002642770977
2025-02-21,173.0023232232017,173.44723418096896,163.34275733852627,163.5602569580078,12531900,QCOM,168.3381429251762,172.13908980970066,173.44723418096896,163.34275733852627,162.26695785667184,162.97606261271983,1.7398550946191733,2.433531995521596,-0.6936769009024228
2025-02-24,164.03485455438494,164.7071618125837,159.1704632203071,159.2792205810547,9827800,QCOM,161.79792504208262,170.23861636743842,170.23861636743842,159.1704632203071,162.34590535176125,162.90624075917012,0.8126111733919856,2.109347831095674,-1.2967366577036885
2025-02-25,159.83288710403158,161.48401059007873,157.6379768204645,159.39785766601562,8244900,QCOM,159.58818304514762,166.01827070476054,166.01827070476054,157.6379768204645,162.3997398619306,162.8266405433748,0.08634141654826522,1.7047465481861925,-1.6184051316379273
2025-02-26,160.00097643088102,162.28486607276466,159.1111393054337,160.26792907714844,9161900,QCOM,160.41622772155694,162.80322687495408,162.80322687495408,159.1111393054337,162.47117338397447,162.78347490028074,-0.4142498919602531,1.2809472601569034,-1.6951971521171565
2025-02-27,160.50519500239324,161.40491360861859,152.35833489877817,152.69448852539062,10807200,QCOM,156.74073300879516,161.6097272982555,161.6097272982555,152.35833489877817,162.47532599751673,162.7049806419495,-1.4058793669494776,0.7435819347356273,-2.149461301685105
2025-02-28,153.34701932823137,155.53203279722445,151.66622116890787,155.39361572265625,10149500,QCOM,153.984722254255,159.17523015352532,159.17523015352532,151.66622116890787,162.4254461061488,162.59722938055253,-1.9514606394019154,0.20457341990811878,-2.1560340593100342
2025-03-03,157.19306045390454,158.27073737897354,150.79618481465846,151.8837432861328,9601900,QCOM,154.53593148341733,156.57997620389017,158.27073737897354,150.79618481465846,162.40779787262417,162.4687538774384,-2.636661310596992,-0.3636735261929034,-2.2729877844040884
2025-03-04,153.51510669445446,155.42328614566495,149.639413253423,152.71426391601562,8956800,QCOM,152.8230175023895,155.55795384365376,155.55795384365376,149.639413253423,162.34550970664853,162.35189363233172,-3.077199663017325,-0.9063787535577877,-2.170820909459537
2025-03-05,153.28769582979064,157.35124427343067,151.30041874048638,156.69871520996094,6786900,QCOM,154.65951851341717,154.1904856730216,157.35124427343067,151.30041874048638,162.35010686067494,162.2692827514842,-3.0694350249348474,-1.3389900078331998,-1.7304450171016477
2025-03-06,153.18979263382323,156.9372857909164,153.16990780910098,155.10826110839844,7808100,QCOM,154.60131183555976,154.4250020932194,156.9372857909164,153.16990780910098,162.42680276779834,162.16504190142896,-3.155246133969996,-1.7022412330605592,-1.4530049009094368
2025-03-07,154.29316611452734,160.85376288091112,154.29316611452734,160.25733947753906,8727600,QCOM,157.42435864687621,154.51315696438957,160.85376288091112,154.29316611452734,162.5772122297943,162.092252710178,-2.775767148536488,-1.916946416155745,-0.8588207323807431
2025-03-10,156.41045477374138,158.30903846098553,151.69875228846732,154.05459594726562,10139900,QCOM,155.11821036761495,155.9687578056329,158.30903846098553,151.69875228846732,162.57931681628781,161.9830010679432,-2.9416276307567273,-2.1218826590759416,-0.8197449716807856
2025-03-11,153.92537200391334,155.29712148965342,149.95919147033055,152.18582153320312,8692900,QCOM,152.8418766242751,155.54348408662392,155.54348408662392,149.95919147033055,162.49733547349499,161.79229262530956,-3.1871285016435706,-2.3349318275894677,-0.8521966740541029
2025-03-12,153.2892034083972,154.9293450270284,151.0128687325235,151.8876190185547,7117400,QCOM,152.77975904662594,154.1926803554495,154.9293450270284,151.0128687325235,162.42449329924892,161.58930780188754,-3.3669401708671103,-2.5413334962449965,-0.8256066746221138
2025-03-13,151.68880804024872,154.70071423167553,149.52181726772582,151.03274536132812,5861700,QCOM,151.73602122524454,153.48621970103773,154.70071423167553,149.52181726772582,162.35618567109105,161.4076052430396,-3.5376436203125365,-2.7405955210585047,-0.7970480992540319
2025-03-14,152.64306350024168,156.0128206005727,152.62317867684965,155.64503479003906,5309400,QCOM,154.23102439192576,152.61112046314113,156.0128206005727,152.61112046314113,162.3771280880145,161.24502523082091,-3.263138691857648,-2.8451041552183334,-0.4180345366393148
2025-03-17,154.67089253848974,157.7722576449286,154.5118442849092,157.00685119628906,5781000,QCOM,155.99046141615415,153.42107242753343,157.7722576449286,153.42107242753343,162.44487680484002,161.12052192988696,-2.9022490352550108,-2.8565331312256688,-0.045715904029342
2025-03-18,157.00685731500238,158.77622749393007,154.98897991804913,155.3567657470703,6898400,QCOM,156.53220761851298,154.7057669218438,158.77622749393007,154.7057669218438,162.5157487469444,161.02636926893416,-2.7180574138059796,-2.828837987741731,0.11078057393575147
2025-03-19,155.4959278014933,159.55156738377312,154.13411311246426,157.31500244140625,5871000,QCOM,156.62415268478424,155.6189872701784,159.55156738377312,154.13411311246426,162.5527178687635,160.9109814649097,-2.386560111825588,-2.740382412558503,0.35382230073291465
2025-03-20,157.05655567149253,158.16986311120365,155.58539724506335,157.00685119628906,5089300,QCOM,156.95466680601214,156.12156997748133,158.16986311120365,155.58539724506335,162.50731471186475,160.82599568849102,-2.124224602912136,-2.6171508506292294,0.49292624771709326
2025-03-21,154.0545964908276,156.48002946224352,152.6430772563119,155.8836212158203,10949300,QCOM,154.76533110630083,156.53811839174674,156.53811839174674,152.6430772563119,162.4129832559097,160.72821443620268,-1.9840857883545198,-2.4905378381742875,0.5064520498197678
2025-03-24,159.04462137700276,160.03865026060902,157.85178975021063,159.1241455078125,6033400,QCOM,159.01480172390873,155.6517247490238,160.03865026060902,155.6517247490238,162.44793501850992,160.63761838067657,-1.5931763942446935,-2.3110655493883687,0.7178891551436752
2025-03-25,158.92533346500647,160.50583565721382,158.46807353152656,159.19371032714844,3978200,QCOM,159.2732382452238,157.33326323646628,160.50583565721382,157.33326323646628,162.5263677723851,160.54808221406367,-1.2632031637643877,-2.1014930722635725,0.8382899084991848
2025-03-26,158.49789728136085,159.84977712562363,155.91343136899263,157.44422912597656,5960300,QCOM,157.9263337254884,158.30325074084504,159.84977712562363,155.91343136899263,162.59758687305725,160.41588998660472,-1.129841404777693,-1.9071627387663967,0.7773213339887037
2025-03-27,157.26532105679738,158.29910445291586,154.82000325614848,157.02674865722656,6102000,QCOM,156.85279435577206,158.11479223316672,158.29910445291586,154.82000325614848,162.58445387007157,160.32022203124848,-1.0457832959017423,-1.734886850193466,0.6891035542917237
2025-03-28,155.98300842960455,156.69871042927795,150.65501308074525,151.80809020996094,8918000,QCOM,153.78620553739717,157.4837932944694,157.4837932944694,150.65501308074525,162.42688909129834,160.23460738007452,-1.384311282793334,-1.6647717367134396,0.28046045392010566
2025-03-31,149.90949559467458,152.93135193676278,146.99699820568813,152.69277954101562,8613600,QCOM,150.63265631953527,155.6349994159333,155.6349994159333,146.99699820568813,162.2069949905117,160.12495683827547,-1.5631906275069696,-1.6444555148721456,0.08126488736517601
2025-04-01,151.48006095385674,152.40451570272822,149.3627745782892,152.13612365722656,5708900,QCOM,151.34586872302518,153.13382786773428,153.13382786773428,149.3627745782892,161.9778833657989,160.0121603538575,-1.7299297216161165,-1.66155035622094,-0.06837936539517653
2025-04-02,149.88960960353114,154.53173786596886,149.47211928997993,153.15997314453125,5377200,QCOM,151.7633599760028,152.23984829537972,154.53173786596886,149.47211928997993,161.71436032350184,159.9001699555877,-1.759176862211632,-1.6810756574190784,-0.07810120479255356
2025-04-03,146.12225013185358,146.51985562976722,137.73264368384937,138.58750915527344,16465000,QCOM,142.2405646501859,152.00160413569125,152.00160413569125,137.73264368384937,161.2033335050459,159.62752084081086,-2.9245194488616164,-1.9297644157075862,-0.9947550331540302
2025-04-04,133.53783722552677,135.04876538282303,125.92357988408641,126.69892120361328,19018600,QCOM,130.30227592401238,147.12108439293857,147.12108439293857,125.92357988408641,160.4057865838512,159.19233545445533,-4.752586674445013,-2.4943288674550717,-2.258257806989941
2025-04-07,123.84604662836277,136.3807506132471,120.07868408697037,128.94541931152344,17938300,QCOM,127.31272516002592,138.71168015847547,138.71168015847547,120.07868408697037,159.5195297633715,158.78053837450688,-5.951464718080814,-3.1857560375802203,-2.7657086805005937
2025-04-08,130.3470097459919,134.4821582914022,121.01307173905025,123.91564178466797,14965900,QCOM,127.43947039027807,133.0122026592507,134.4821582914022,121.01307173905025,158.69310289572672,158.39476975429304,-7.224169486968236,-3.993438727457824,-3.230730759510412
2025-04-09,124.41265977902812,143.99502592042137,123.44845054024942,142.73260498046875,21242600,QCOM,133.64718530504192,130.2258365247644,143.99502592042137,123.44845054024942,157.97941078329816,158.10924007672958,-6.6379078459817435,-4.5223325511626085,-2.115575294819135
2025-04-10,136.1918890841422,138.22965128719974,128.5179850469664,133.59747314453125,14898800,QCOM,134.1342496407099,131.93651091490315,138.22965128719974,128.5179850469664,157.26606712648586,157.86239068882378,-6.831668839574434,-4.9841998088449735,-1.8474690307294601
2025-04-11,133.1998665773676,139.81015239641258,130.32712379296575,138.41851806640625,10955300,QCOM,135.43891520828805,133.03538027780652,139.81015239641258,130.32712379296575,156.5698692461344,157.60940874713958,-6.521037329794353,-5.291567313034849,-1.229470016759504
2025-04-14,141.8976272194253,142.25547823453167,136.01297787920336,138.35888671875,6930300,QCOM,139.6312425129776,134.23714774304727,142.25547823453167,134.23714774304727,155.92914242513507,157.41376728202505,-6.208108165195171,-5.4748754834669136,-0.7332326817282571
2025-04-15,138.62726529042408,139.99901474186382,137.20579619699558,137.77239990234375,6346800,QCOM,138.40111903290682,136.93419512801245,139.99901474186382,136.93419512801245,155.3367786935306,157.18907951911496,-5.938973344493775,-5.567695055672286,-0.3712782888214887
2025-04-16,132.88177684891352,136.49010663068006,131.00306282362956,134.9294891357422,10417200,QCOM,133.82610885974134,137.66765708045963,137.66765708045963,131.00306282362956,154.63279518815963,156.91033075595087,-5.887217026527935,-5.631599449843416,-0.2556175766845188
2025-04-17,136.55969616744676,137.32508750550207,134.89966971202554,135.843994140625,7093100,QCOM,136.15711188139986,135.7468829701005,137.32508750550207,134.89966971202554,153.9164556445067,156.70947905951982,-5.706624446233235,-5.64660444912138,-0.060019997111854906
2025-04-21,133.92550307976876,135.73464287220057,132.5636884052014,135.32708740234375,8128300,QCOM,134.38773043987862,135.95199742575016,135.95199742575016,132.5636884052014,153.28193860862402,156.5260218165062,-5.541336501235804,-5.625550859544265,0.08421435830846047
2025-04-22,135.93345234213163,138.26942632879314,135.6750102879876,137.9115753173828,8228000,QCOM,136.94736606907378,135.1698639328144,138.26942632879314,135.1698639328144,152.68328924301997,156.36560381129686,-5.142518288984121,-5.528944345432237,0.3864260564481157
2025-04-23,141.7286438086002,143.02088442514187,138.94535982705136,139.62130737304688,9073500,QCOM,140.82904885846008,136.0586150009441,143.02088442514187,136.0586150009441,152.12895465464692,156.21341408088813,-4.635060798717063,-5.3501676360892025,0.7151068373721392
2025-04-24,141.92743796055274,146.93735185742676,141.14216184299107,146.33099365234375,8810600,QCOM,144.08448632832858,138.44383192970207,146.93735185742676,138.44383192970207,151.63201678907998,156.09473760517818,-3.6494133091483434,-5.010016770701031,1.3606034615526879
2025-04-25,145.20774048315712,148.30910573238023,145.20774048315712,147.6729278564453,5145600,QCOM,146.59937863878497,141.26415912901533,148.30910573238023,141.26415912901533,151.20732593383696,156.0228484169448,-2.728544731989274,-4.5537223629586805,1.8251776309694066
2025-04-28,147.2951944038736,148.40851708046992,144.57156493845696,146.73854064941406,5743500,QCOM,146.75345426805364,143.93176888390013,148.40851708046992,143.93176888390013,150.7602082594685,155.9267554660888,-2.0505099859783513,-4.053079887562615,2.0025699015842635
2025-04-29,145.78427264786424,147.37470968398415,144.6510803821542,146.00296020507812,6692000,QCOM,145.95325572977018,145.3426115759769,147.37470968398415,144.6510803821542,150.27474194501295,155.8048335608426,-1.554597328840174,-3.553383375818127,1.998786046977953
2025-04-30,144.3329882943626,147.961202755484,143.02087807857365,147.5735321044922,10851900,QCOM,145.72215030822812,145.64793365287352,147.961202755484,143.02087807857365,149.76898255208042,155.6656014140823,-1.023057775529736,-3.047318255760449,2.024260480230713
2025-05-01,137.96125889944588,138.13025715331628,134.0646675857171,134.40264892578125,22836600,QCOM,136.1397081410651,145.6850419805508,145.6850419805508,134.0646675857171,149.03598134489252,155.4162831791035,-1.6456193730836617,-2.7669784792250915,1.1213591061414299
2025-05-02,137.02688585802062,140.56562620997929,136.47021694972244,138.9751739501953,13185600,QCOM,138.25947574197943,140.91237506080796,140.91237506080796,136.47021694972244,148.34572129923336,155.1987694486528,-1.749867980352576,-2.5635563794505885,0.8136883990980124
2025-05-05,137.47419902536765,139.929451606098,137.46424902911775,138.60739135742188,7165300,QCOM,138.3688227545013,139.5859254013937,139.929451606098,137.46424902911775,147.74633489581987,155.00664637624587,-1.8409415064927543,-2.4190334048590216,0.5780918983662673
2025-05-06,136.99706947810418,139.9592713358484,136.63921846948776,139.06463623046875,6957900,QCOM,138.16504887847728,138.9773740779475,139.9592713358484,136.63921846948776,147.27367737254775,154.80979136215447,-1.8548406438638665,-2.3061948526599907,0.4513542087961242
2025-05-07,139.5417783796053,143.83597523405808,139.41254977214916,143.43836975097656,10196400,QCOM,141.55716828419727,138.57121147821238,143.83597523405808,138.57121147821238,146.91305707732874,154.6563984696297,-1.495690676990307,-2.144094017526054,0.6484033405357468
2025-05-08,144.77036572409799,146.61926005076728,143.0308151811228,144.2335968017578,8489100,QCOM,144.66350943943647,140.0641898812048,146.61926005076728,140.0641898812048,146.59800271168632,154.5345880478304,-1.1338235515770236,-1.9420399243362478,0.8082163727592242
2025-05-09,144.79025515067153,146.10236542902751,143.7365869294081,144.3131103515625,6217100,QCOM,144.7355794651674,142.36384966032062,146.10236542902751,142.36384966032062,146.35789964081377,154.41661281916527,-0.8310453946268979,-1.719841018394378,0.8887956237674801
2025-05-12,153.15997322042315,153.43830009626186,148.93535043712043,151.211669921875,11414600,QCOM,151.6863234189201,143.54971456274401,153.43830009626186,143.54971456274401,146.31193166410708,154.36868888512794,-0.03404299374787456,-1.3826814134650773,1.3486384197172028
2025-05-13,151.10232259392998,152.3746783301211,150.05860441784836,150.4363250732422,10160900,QCOM,150.9929826037854,147.61801899083207,152.3746783301211,147.61801899083207,146.24107268651443,154.3244352795693,0.5289261699415988,-1.0003598967837422,1.529286066725341
2025-05-14,151.02279500049386,152.35480517899433,149.5317517343748,152.0665283203125,6971200,QCOM,151.24397005854388,149.30550079730875,152.35480517899433,149.30550079730875,146.20949173763753,154.27750072214303,1.0940159313456093,-0.5814847311578719,1.6755006625034812
2025-05-15,150.8041258159141,152.47408702899452,149.28324769786877,151.69874572753906,6941200,QCOM,151.0650515675791,150.27473542792632,152.47408702899452,149.28324769786877,146.13760239872076,154.24385462969786,1.4949438745452142,-0.1661990100172547,1.661142884562469
2025-05-16,151.95718706989143,152.1460549802382,150.39656964590407,151.5894012451172,6668000,QCOM,151.52230323528772,150.6698934977527,152.1460549802382,150.39656964590407,146.0760222267153,154.25141249725684,1.783302174755761,0.22370122693734842,1.5596009478184125
2025-05-19,149.6510418473485,152.9015203348901,149.21366673982902,152.7822265625,7241100,QCOM,151.1371138711419,151.0960983665202,152.9015203348901,149.21366673982902,145.95027733120062,154.26374478049746,2.0840555444013376,0.5957720904301462,1.4882834539711913
2025-05-20,152.12617852597094,152.9711091710594,151.02280582326463,152.9015350341797,5269500,QCOM,152.25540713861866,151.11660611883104,152.9711091710594,151.02280582326463,145.8930212666207,154.23616904145427,2.3054560905037818,0.9377088904448734,1.3677472000589084
2025-05-21,152.66295923386994,155.1977359450005,149.9293797776399,150.40650939941406,9684500,QCOM,152.0491460889811,151.68600662872484,155.1977359450005,149.9293797776399,145.87716665591483,154.1872510647049,2.2536116689730648,1.2008894461505117,1.052722222822553
2025-05-22,150.48603648674043,150.67490440698157,146.3409377409084,146.4900360107422,9539100,QCOM,148.49797866134315,151.86757635885297,151.86757635885297,146.3409377409084,145.79153104820918,154.10801217372907,1.874885408347268,1.335688638589863,0.5391967697574049
2025-05-23,142.56361392080228,145.615289729558,140.9234724075317,144.5119171142578,8994600,QCOM,143.40357329303745,150.18277751009805,150.18277751009805,140.9234724075317,145.62488208956506,153.99053388032806,1.3989976806918776,1.348350447010266,0.0506472336816115
2025-05-27,146.66895499201505,148.45820989627381,145.55563240287844,147.7425079345703,9788800,QCOM,147.1063263064344,146.79317540156774,148.45820989627381,145.55563240287844,145.48238812785522,153.92975810793484,1.2679191255373041,1.3322641827156738,-0.06434505717836969
2025-05-28,147.93139019399166,148.59738774594433,146.4801013064404,146.7186737060547,7032300,QCOM,147.43188823810777,146.94975085400108,148.59738774594433,146.4801013064404,145.31121666429428,153.87804673456716,1.069099645286343,1.2796312752298078,-0.21053162994346475
2025-05-29,148.96516702050067,149.60134489040396,146.36081623553363,147.45423889160156,5980700,QCOM,148.09539175950997,147.19081954605443,149.60134489040396,146.36081623553363,145.1424803471142,153.82911454702932,0.9598234901443163,1.2156697182127096,-0.2558462280683933
2025-05-30,147.1162764938875,147.1361613187417,142.62326164050293,144.33299255371094,13755600,QCOM,145.30217300171077,147.6431056527822,147.6431056527822,142.62326164050293,144.91604075345276,153.73437931110814,0.6142817975928381,1.0953921340887354,-0.4811103364958973
2025-06-02,143.935380945328,146.330994121257,143.617284431889,145.75445556640625,6419500,QCOM,144.90952876622006,146.4726393272465,146.4726393272465,143.617284431889,144.67513799265691,153.59122635226083,0.4499509477735728,0.966303896825703,-0.5163529490521301
2025-06-03,145.83397909362446,148.8856397725081,144.64113234082183,148.0506591796875,6164100,QCOM,146.85285259666048,145.6910840467333,148.8856397725081,144.64113234082183,144.51688842246412,153.4649358391869,0.4992469981453098,0.8728925170896243,-0.3736455189443145
2025-06-04,149.10432803949084,149.15403251570598,146.49997729672424,148.16000366210938,7143800,QCOM,148.2295853785076,146.27196832169687,149.15403251570598,146.27196832169687,144.30118409555607,153.374559557033,0.5409024721266746,0.8064945080970345,-0.26559203597035985
2025-06-05,148.8000030517578,150.0800018310547,147.0,147.55999755859375,5605500,QCOM,148.36000061035156,147.25077685010223,150.0800018310547,147.0,144.08291934285864,153.3046435576219,0.5195106617504166,0.7490977388277109,-0.2295870770772943
2025-06-06,149.8000030517578,150.58999633789062,149.0500030517578,149.24000549316406,5794700,QCOM,149.67000198364258,147.8053887302269,150.58999633789062,147.8053887302269,143.91779270802172,153.25768979053947,0.6308480739085383,0.7254478058438765,-0.09459973193533822
2025-06-09,151.80999755859375,156.1199951171875,151.1699981689453,155.41000366210938,10589400,QCOM,153.62749862670898,148.73769535693475,156.1199951171875,148.73769535693475,143.85328679344045,153.21887033175602,1.2030826744165495,0.8209747795584111,0.38210789485813834
2025-06-10,156.19000244140625,159.50999450683594,155.07000732421875,159.1300048828125,9068400,QCOM,157.47500228881836,151.18259699182187,159.50999450683594,151.18259699182187,143.92706272846888,153.1769759098836,1.9344565166437064,1.0436711269754704,0.8907853896682361
2025-06-11,160.0,162.13999938964844,157.6999969482422,159.47999572753906,8859900,QCOM,159.82999801635742,154.3287996403201,162.13999938964844,154.3287996403201,144.11100956240531,153.15900227645852,2.5133446197725675,1.33760582553489,1.1757387942376776
2025-06-12,159.0,159.61000061035156,157.9499969482422,158.6999969482422,5689400,QCOM,158.81499862670898,157.07939882833875,159.61000061035156,157.07939882833875,144.260392160479,153.11913776313898,2.876025201143051,1.6452897006565221,1.2307355004865288
2025-06-13,156.33999633789062,157.1699981689453,154.44000244140625,154.72000122070312,8446400,QCOM,155.66749954223633,157.94719872752387,157.94719872752387,154.44000244140625,144.33847495180368,153.02641763765277,2.809908901146514,1.8782135407545206,0.9316953603919933
2025-06-16,157.02999877929688,158.4499969482422,155.63999938964844,156.8699951171875,8686300,QCOM,156.99749755859375,156.8073491348801,158.4499969482422,155.63999938964844,144.6336136099718,152.9184735575089,2.8975961119668057,2.0820900549969776,0.815506056969828
2025-06-17,156.64999389648438,157.5800018310547,154.38999938964844,154.4600067138672,7146900,QCOM,155.77000045776367,156.90242334673692,157.5800018310547,154.38999938964844,145.14296810064684,152.77437734224904,2.7410260926925787,2.213877262536098,0.5271488301564808
2025-06-18,155.0,156.10000610351562,153.14999389648438,153.6300048828125,6708700,QCOM,154.47000122070312,156.33621190225028,156.33621190225028,153.14999389648438,145.68611362186041,152.60282169261598,2.5209095373059256,2.2752837174900638,0.24562581981586185
2025-06-20,154.22999572753906,155.1199951171875,150.6300048828125,151.32000732421875,15501900,QCOM,152.82500076293945,155.4031065614767,155.4031065614767,150.6300048828125,146.19382422931363,152.44346356252018,2.1354519232854727,2.2473173586491457,-0.111865435363673
2025-06-23,151.22999572753906,153.52000427246094,149.67999267578125,153.13999938964844,6860700,QCOM,151.89249801635742,154.11405366220808,154.11405366220808,149.67999267578125,146.55873048353993,152.26907063341906,1.954304134918715,2.18871471390306,-0.23441057898434492
