Date,Open,High,Low,Close,Volume,Ticker,HA_Close,HA_Open,HA_High,HA_Low,HA_50_MA,HA_100_MA,MACD_Line,Signal_Line,MACD_Hist
2022-01-03,126.10942024093075,127.23522028430779,123.4529308572121,125.7736587524414,296000,EME,125.64280753372302,125.94153949668608,127.23522028430779,123.4529308572121,,,0.0,0.0,0.0
2022-01-04,126.6328124563906,128.8942975398713,125.15150341106786,128.39064025878906,309000,EME,127.2673134165297,125.79217351520455,128.8942975398713,125.15150341106786,,,0.20876205748643883,0.04175241149728777,0.16700964598915108
2022-01-05,128.32151368782442,130.19784190248984,125.27987531860529,125.51688385009766,199300,EME,127.3290286897543,126.52974346586713,130.19784190248984,125.27987531860529,,,0.14069749376979246,0.061541427951788706,0.07915606581800375
2022-01-06,125.78352329843025,126.94882590247856,124.96385970101379,126.26741790771484,220400,EME,125.99090670240936,126.9293860778107,126.94882590247856,124.96385970101379,,,0.14563882885848045,0.07836090813312706,0.0672779207253534
2022-01-07,125.89214112591249,126.20815497655747,123.20601962824792,124.00592803955078,201700,EME,124.82806094256716,126.46014639011003,126.46014639011003,123.20601962824792,,,-0.032553206681811275,0.0561780851701394,-0.08873129185195067
2022-01-10,122.97890101737592,123.44304808366903,120.77668125880807,122.29749298095703,170000,EME,122.37403083520252,125.6441036663386,125.6441036663386,120.77668125880807,,,-0.30807679240110986,-0.016672890344110455,-0.2914039020569994
2022-01-11,122.93938865821087,123.20602984032237,120.25326693790399,123.1072769165039,148500,EME,122.37649058823528,124.00906725077056,124.00906725077056,120.25326693790399,,,-0.4558338542469613,-0.10450508312468064,-0.35132877112228067
2022-01-12,123.37391170296877,124.17382018795598,120.96430116085936,121.56670379638672,296100,EME,122.5196842120427,123.19277891950293,124.17382018795598,120.96430116085936,,,-0.6892979680757492,-0.22146366011489438,-0.4678343079608548
2022-01-13,122.59376622645169,124.57873266124494,122.59376622645169,123.294921875,253300,EME,123.26529674728708,122.85623156577282,124.57873266124494,122.59376622645169,,,-0.7264926496411022,-0.32246945802013594,-0.4040231916209662
2022-01-14,121.8516063148741,123.55195442434908,120.93223239717982,123.22572326660156,161100,EME,122.39037910075113,123.06076415652996,123.55195442434908,120.93223239717982,,,-0.7528747803165032,-0.40855052247940943,-0.3443242578370938
2022-01-18,121.91091373243195,122.63257588367873,119.14290423406898,119.25164794921875,322400,EME,120.7345104498496,122.72557162864055,122.72557162864055,119.14290423406898,,,-1.0819850244794225,-0.5432374228794121,-0.5387476016000103
2022-01-19,119.12314571766314,120.45771887078637,117.73914085648285,117.8775405883789,430400,EME,118.79938650832781,121.73004103924507,121.73004103924507,117.73914085648285,,,-1.4371200192099138,-0.7220139421455125,-0.7151060770644013
2022-01-20,118.688155037323,121.03107740235077,116.51329593200632,116.63192749023438,291800,EME,118.21611396547861,120.26471377378644,121.03107740235077,116.51329593200632,,,-1.7983473987600291,-0.937280633468416,-0.8610667652916132
2022-01-21,116.4045624436706,118.97485275988527,115.50495668477481,115.64336395263672,363800,EME,116.63193396024185,119.24041386963253,119.24041386963253,115.50495668477481,,,-2.139726084896722,-1.1777697237540772,-0.9619563611426449
2022-01-24,113.8639237373006,120.10182162660965,113.33998086156846,119.6965103149414,377000,EME,116.75055913510502,117.9361739149372,120.10182162660965,113.33998086156846,,,-2.059475760690077,-1.3541109311412771,-0.7053648295488
2022-01-25,117.87755153924863,119.01441305019802,113.41908861199616,115.60383605957031,366300,EME,116.47872231525328,117.34336652502111,119.01441305019802,113.41908861199616,,,-2.2996129030000674,-1.5432113255130353,-0.7564015774870321
2022-01-26,117.10643702402163,118.92541651401112,113.923228573204,115.02054595947266,305500,EME,116.24390701767734,116.91104442013719,118.92541651401112,113.923228573204,,,-2.508078388259264,-1.7361847380622812,-0.7718936501969829
2022-01-27,116.20684887307902,117.99616497083815,114.29890120854508,114.47684478759766,315200,EME,115.74468996001498,116.57747571890727,117.99616497083815,114.29890120854508,,,-2.686196131010675,-1.9261870166519601,-0.7600091143587149
2022-01-28,114.76351795636607,116.54295364478376,112.05482811263589,116.53306579589844,303500,EME,114.97359137742104,116.16108283946113,116.54295364478376,112.05482811263589,,,-2.6311061210396502,-2.067170837529498,-0.5639352835101521
2022-01-31,115.08974834495457,117.90718188153743,115.08974834495457,117.84786987304688,344300,EME,116.48363711112336,115.56733710844108,117.90718188153743,115.08974834495457,,,-2.4530756612494997,-2.1443518022734986,-0.3087238589760011
2022-02-01,117.88741559796108,118.61895803576236,115.64335658188439,116.4737548828125,232000,EME,117.15587127460509,116.02548710978222,118.61895803576236,115.64335658188439,,,-2.395253839708971,-2.194532209760593,-0.20072162994837806
2022-02-02,115.84105861364286,116.6022569924572,115.27757194453612,115.74220275878906,200000,EME,115.86577257735631,116.59067919219365,116.6022569924572,115.27757194453612,,,-2.3810129371168784,-2.2318283552318503,-0.14918458188502814
2022-02-03,114.76351204948502,116.41443578629566,114.20991321590162,114.31865692138672,195400,EME,114.92662949326726,116.22822588477499,116.41443578629566,114.20991321590162,,,-2.456280696336165,-2.2767188234527134,-0.17956187288345182
2022-02-04,114.1011728319662,115.80152077572005,113.4091742698425,114.98100280761719,282300,EME,114.57321767128649,115.57742768902112,115.80152077572005,113.4091742698425,,,-2.4344226512806273,-2.3082595890182964,-0.12616306226233087
2022-02-07,114.90191576182086,115.5444825843494,113.57722318225794,113.66619873046875,253200,EME,114.42245506472423,115.0753226801538,115.5444825843494,113.57722318225794,,,-2.494439349755737,-2.3454955411657847,-0.14894380858995238
2022-02-08,113.9825548343385,115.58403946043427,113.9825548343385,115.06998443603516,257500,EME,114.6547833912866,114.74888887243901,115.58403946043427,113.9825548343385,,,-2.401051415071322,-2.356606715946892,-0.04444469912442983
2022-02-09,116.32547055588256,117.26462013728366,115.69278396359212,115.8707275390625,231300,EME,116.28840054895521,114.7018361318628,117.26462013728366,114.7018361318628,,,-2.236644877797062,-2.3326143483169264,0.0959694705198646
2022-02-10,113.67608750406757,116.87907171832002,113.55746348724111,114.04186248779297,235000,EME,114.53862129935541,115.49511834040901,116.87907171832002,113.55746348724111,,,-2.228239875443606,-2.3117394537422626,0.08349957829865673
2022-02-11,114.59545759087328,115.17871997596177,113.00385338470404,113.82437133789062,231000,EME,114.15060057235743,115.0168698198822,115.17871997596177,113.00385338470404,,,-2.213611433985747,-2.2921138497909594,0.07850241580521233
2022-02-14,114.06163119109219,114.99089288586337,113.08294533647882,114.01220703125,227800,EME,114.0369191111711,114.58373519611982,114.99089288586337,113.08294533647882,,,-2.1619400193107623,-2.2660790836949203,0.10413906438415799
2022-02-15,115.43574837841066,116.80987276915583,114.92169336965601,116.53306579589844,163600,EME,115.92509507828024,114.31032715364546,116.80987276915583,114.31032715364546,,,-1.8957250776497432,-2.192008282485885,0.2962832048361417
2022-02-16,116.04866650497614,116.93838434698765,115.17872436068645,116.12775421142578,197700,EME,116.073382356019,115.11771111596285,116.93838434698765,115.11771111596285,,,-1.6978809611194237,-2.093182818212593,0.39530185709316923
2022-02-17,114.88214864049255,115.10952390980866,113.54757565546323,113.61677551269531,253300,EME,114.28900592961493,115.59554673599092,115.59554673599092,113.54757565546323,,,-1.7238318091938822,-2.019312616408851,0.2954808072149686
2022-02-18,113.43882147711608,115.26768114281333,113.43882147711608,114.20001983642578,237000,EME,114.08633598336782,114.94227633280292,115.26768114281333,113.43882147711608,,,-1.6779922505592708,-1.951048543238935,0.27305629267966425
2022-02-22,113.88370048730813,114.8327379869964,112.99399008745733,113.30044555664062,363000,EME,113.75271852960063,114.51430615808536,114.8327379869964,112.99399008745733,,,-1.6947165588419608,-1.8997821463595403,0.20506558751757953
2022-02-23,114.4867208808831,115.63347002417295,113.21145986831516,113.43883514404297,434100,EME,114.19262147935355,114.133512343843,115.63347002417295,113.21145986831516,,,-1.6774670149533648,-1.8553191200783052,0.17785210512494043
2022-02-24,110.72026714727905,111.3331856270434,106.55837229618429,110.77957916259766,509900,EME,109.8478510582761,114.16306691159826,114.16306691159826,106.55837229618429,,,-1.8569703621080578,-1.8556493684842559,-0.0013209936238018916
2022-02-25,113.1818027974773,116.48364293566887,111.44191848518678,115.61369323730469,383800,EME,114.1802643639094,112.00545898493718,116.48364293566887,111.44191848518678,,,-1.5908174986531094,-1.8026829945180267,0.21186549586491732
2022-02-28,113.83426733176107,115.49507151172315,113.56734819911017,114.21981048583984,369400,EME,114.27912438210856,113.09286167442329,115.49507151172315,113.09286167442329,,,-1.4753571271325683,-1.737217821040935,0.26186069390836675
2022-03-01,113.93311563999161,115.08974502551027,109.29670270716227,109.96893310546875,355900,EME,112.07212411953321,113.68599302826593,115.08974502551027,109.29670270716227,,,-1.7071848649494115,-1.7312112298226303,0.024026364873218853
2022-03-02,111.24419707728114,115.93992214481132,110.72025422386962,114.89203643798828,323900,EME,113.1991024709876,112.87905857389957,115.93992214481132,110.72025422386962,,,-1.4766349935228789,-1.6802959825626802,0.20366098903980134
2022-03-03,115.11940058594293,115.86083083671255,112.85557352407865,113.38939666748047,328000,EME,114.30630040355365,113.03908052244358,115.86083083671255,112.85557352407865,,,-1.3990457028044432,-1.6240459266110328,0.22500022380658957
2022-03-04,111.70882835980836,114.88214903912251,111.07614179371438,113.59700775146484,336600,EME,112.81603173602753,113.67269046299862,114.88214903912251,111.07614179371438,,,-1.3057512637436162,-1.5603869940375494,0.25463573029393327
2022-03-07,113.80460959672101,114.5559201950756,110.88831259136454,110.9278564453125,441900,EME,112.54417470711842,113.24436109951307,114.5559201950756,110.88831259136454,,,-1.4307007246426622,-1.5344497401585722,0.10374901551590998
2022-03-08,110.93774148973309,113.86391872793554,109.9689359480476,111.08602905273438,352600,EME,111.46415630461266,112.89426790331575,113.86391872793554,109.9689359480476,,,-1.4996735617961008,-1.527494504486078,0.027820942689977146
2022-03-09,113.33997480195472,115.95969658277355,113.23123109293147,114.96123504638672,344000,EME,114.37303438101162,112.1792121039642,115.95969658277355,112.1792121039642,,,-1.227488570764038,-1.46749331774167,0.24000474697763208
2022-03-10,112.85558077917594,116.0289015514056,112.85558077917594,115.94981384277344,297700,EME,114.42246923813272,113.27612324248791,116.0289015514056,112.85558077917594,,,-0.9213887613175871,-1.3582724064568534,0.43688364513926636
2022-03-11,116.89883153482192,117.43266219911689,115.31711523814324,115.34677124023438,259600,EME,116.24884505307911,113.84929624031031,117.43266219911689,113.84929624031031,,,-0.71917277906131,-1.2304524809777448,0.5112797019164348
2022-03-14,116.46386715780991,116.46386715780991,113.63654572450307,114.34832000732422,193900,EME,115.22815001186177,115.0490706466947,116.46386715780991,113.63654572450307,,,-0.6321942841461095,-1.110800841611418,0.47860655746530845
2022-03-15,115.3072487288234,116.42433442022059,115.14908084099406,116.27605438232422,243900,EME,115.78917959309057,115.13861032927824,116.42433442022059,115.13861032927824,116.89488577505799,,-0.40306486608838554,-0.9692536465068115,0.5661887804184259
2022-03-16,116.29581043735573,117.91707071553893,115.13918100881384,116.94827270507812,344400,EME,116.57508371669665,115.4638949611844,117.91707071553893,115.13918100881384,116.71353129871746,,-0.16532993028400256,-0.8084689032622497,0.6431389729782472
2022-03-17,115.9399186670988,117.66992258745387,115.82129465386573,116.35511779785156,245900,EME,116.4465634265675,116.01948933894053,117.66992258745387,115.82129465386573,116.49711629891823,,-0.02450346400196679,-0.6516758154101931,0.6271723514082264
2022-03-18,116.6912483544141,118.62885203254604,115.12929999251962,118.2531967163086,590100,EME,117.17564927394709,116.23302638275402,118.62885203254604,115.12929999251962,116.29404871060207,,0.23752360665434935,-0.47383593099728466,0.711359537651634
2022-03-21,117.8874259878158,119.48891826360403,116.36502142638689,117.59085083007812,185800,EME,117.8330541269712,116.70433782835056,119.48891826360403,116.36502142638689,116.13089165909332,,0.3872719405273415,-0.3016143566923595,0.688886297219701
2022-03-22,117.88740574360754,118.62883596841012,115.33688396015435,116.16728973388672,282400,EME,117.00510385151469,117.26869597766088,118.62883596841012,115.33688396015435,115.97443251727228,,0.38662234895924996,-0.1639670155620376,0.5505893645212876
2022-03-23,115.48517125294823,115.48517125294823,112.31185080302055,112.35139465332031,192700,EME,113.90839699055934,117.13689991458779,117.13689991458779,112.31185080302055,115.80511984037939,,0.0773055702329799,-0.1157124984030341,0.193018068636014
2022-03-24,112.76659921259376,113.33008590768893,111.57042596659238,113.32019805908203,252400,EME,112.74682728648928,115.52264845257356,115.52264845257356,111.57042596659238,115.61252657434449,,-0.08863414791325397,-0.11029682830507809,0.02166268039182412
2022-03-25,114.27910753516962,115.52471239262175,113.56733333091125,114.20001983642578,204600,EME,114.3927932737821,114.13473786953142,115.52471239262175,113.56733333091125,115.44998875557926,,-0.14744860983044816,-0.11772718461015211,-0.029721425220296055
2022-03-28,113.6464386864769,114.21981327812564,111.95597845983184,112.7962646484375,108000,EME,113.15462376821797,114.26376557165676,114.26376557165676,111.95597845983184,115.24777529599787,,-0.3038284612594566,-0.154947439940013,-0.1488810213194436
2022-03-29,114.25935418646937,115.34678378733487,113.7156356149271,114.22969818115234,372900,EME,114.38786794247092,113.70919466993738,115.34678378733487,113.70919466993738,115.08772507283227,,-0.3085378811509685,-0.1856655281822041,-0.12287235296876436
2022-03-30,114.03197105992452,114.96123272106571,112.85557352407865,113.38939666748047,249900,EME,113.80954349313734,114.04853130620415,114.96123272106571,112.85557352407865,114.94922573369804,,-0.37574409576173196,-0.22368124169810968,-0.15206285406362227
2022-03-31,112.98409946766073,113.90347339489166,111.08603959925476,111.34306335449219,228700,EME,112.32916895407483,113.92903739967075,113.92903739967075,111.08603959925476,114.81982138261297,,-0.5873568176950101,-0.2964163568974898,-0.29094046079752034
2022-04-01,111.71871200104688,112.65785396597316,110.89819404890879,112.55899810791016,208700,EME,111.95843953095975,113.12910317687279,113.12910317687279,110.89819404890879,114.6946678939226,,-0.6494590916698542,-0.3670249038519627,-0.2824341878178915
2022-04-04,112.17345595035786,112.48979922422171,109.56362205542644,110.38414001464844,519500,EME,111.15275431116362,112.54377135391627,112.54377135391627,109.56362205542644,114.58508430094103,,-0.8642064295266323,-0.46646120898689664,-0.39774522053973566
2022-04-05,109.87008164879522,111.70882935482742,109.29670708622199,110.57196807861328,493200,EME,110.36189654211448,111.84826283253994,111.84826283253994,109.29670708622199,114.45731104908121,,-1.0076238266818933,-0.574693732525896,-0.43293009415599737
2022-04-06,109.7020208242914,112.42059840335082,109.37578970467182,111.70882415771484,509600,EME,110.80180827250722,111.10507968732722,112.42059840335082,109.37578970467182,114.3437727682263,,-1.0178156178389344,-0.6633181095885037,-0.3544975082504307
2022-04-07,111.92630786550389,114.00231098507095,111.22442149157598,113.19168090820312,474300,EME,112.58618031258848,110.95344397991721,114.00231098507095,110.95344397991721,114.27061823412453,,-0.8959110340302772,-0.7098366944768584,-0.1860743395534188
2022-04-08,113.25100522981373,115.34678427360764,111.98563204949254,112.08448791503906,454900,EME,113.16697736698825,111.76981214625285,115.34678427360764,111.76981214625285,114.21906398226398,,-0.8785150201416485,-0.7435723596098165,-0.13494266053183201
2022-04-11,111.9559620259179,113.72550970384407,111.38258751843428,111.5901870727539,413200,EME,112.16356158023754,112.46839475662054,113.72550970384407,111.38258751843428,114.16286338632031,,-0.8943055035719709,-0.7737189884022474,-0.12058651516972352
2022-04-12,112.45027349643843,115.08976382024406,112.45027349643843,112.76661682128906,499600,EME,113.1892319086025,112.31597816842904,115.08976382024406,112.31597816842904,114.09697528226991,,-0.8026392014923829,-0.7795030310202745,-0.023136170472108364
2022-04-13,112.5688916438764,115.74221236400601,112.5688916438764,115.20838165283203,403800,EME,114.02209432614771,112.75260503851577,115.74221236400601,112.5688916438764,114.03429974330075,,-0.5268893292386565,-0.728980290663951,0.20209096142529448
2022-04-14,115.6636347573269,117.43515873476507,115.19848503328025,115.64383697509766,438600,EME,115.98527887511747,113.38734968233175,117.43515873476507,113.38734968233175,114.036689869256,,-0.270104368525935,-0.6372051062363479,0.36710073771041285
2022-04-18,115.23808238959064,116.87104467573512,114.72344571889023,115.38652801513672,368600,EME,115.55477519983818,114.68631427872461,116.87104467573512,114.68631427872461,114.0492527833874,,-0.08636752866497943,-0.5270375907220742,0.4406700620570948
2022-04-19,115.14899616655045,116.82155385627172,114.64425843728614,114.89167785644531,329400,EME,115.3766215791384,115.1205447392814,116.82155385627172,114.64425843728614,114.06532086154444,,0.019094854905006287,-0.41781110159665813,0.4369059565016644
2022-04-20,116.15847698651963,118.0883455247801,115.8813608817319,116.96011352539062,625400,EME,116.77207422960556,115.2485831592099,118.0883455247801,115.2485831592099,114.11231324484206,,0.26650788850213303,-0.2809473035768999,0.5474551920790329
2022-04-21,118.0883342472131,118.76131533614355,114.73332769301832,115.30734252929688,288400,EME,116.72257995141797,116.01032869440773,118.76131533614355,114.73332769301832,114.15366917604467,,0.325467902161904,-0.15966426242913911,0.48513216459104314
2022-04-22,114.66405121551861,115.1489911417294,112.62531770681765,112.67479705810547,340600,EME,113.77828928054278,116.36645432291286,116.36645432291286,112.62531770681765,114.10346695067643,,0.15794898180415373,-0.09614161358248055,0.25409059538663425
2022-04-25,111.99194028293988,113.32800376476224,110.14124013141388,112.86285400390625,400600,EME,112.08100954575556,115.07237180172783,115.07237180172783,110.14124013141388,114.05431471560443,,0.039903669715343426,-0.06893255692291576,0.10883622663825919
2022-04-26,111.96223155085066,113.00139611961367,110.31937055287872,110.66575622558594,503300,EME,111.48718861223225,113.5766906737417,113.5766906737417,110.31937055287872,114.00104647640194,,-0.22830377557313852,-0.10080680065296033,-0.1274969749201782
2022-04-27,110.90328348880303,111.63565044203925,109.5078418223645,110.79441833496094,374800,EME,110.71029852204194,112.53193964298697,112.53193964298697,109.5078418223645,113.93451406461936,,-0.42557241742368035,-0.16575992400710435,-0.259812493416576
2022-04-28,112.02162069267013,113.3279949478044,104.00522532412995,104.30213165283203,567100,EME,108.41424315435913,111.62111908251445,113.3279949478044,104.00522532412995,113.78429702614092,,-1.0931810041439434,-0.3512441400344722,-0.7419368641094712
2022-04-29,103.82709613078558,107.27117046426518,103.66874406685264,105.38088989257812,534200,EME,105.03697513862038,110.0176811184368,110.0176811184368,103.66874406685264,113.56356888179296,,-1.5177234731428229,-0.5845400066561424,-0.9331834664866805
2022-05-02,104.88606032254282,106.86541599342901,103.15412411051739,104.61884307861328,599000,EME,104.88111087627563,107.52732812852858,107.52732812852858,103.15412411051739,113.37541098072617,,-1.8938362818982029,-0.8463992617045545,-1.0474370201936485
2022-05-03,104.58914599357693,106.80602206210982,104.58914599357693,105.60851287841797,429200,EME,105.39820673192041,106.20421950240211,106.80602206210982,104.58914599357693,113.2016483956972,,-2.0879813613443616,-1.094715681632516,-0.9932656797118455
2022-05-04,105.17304654164644,108.70619565163005,104.8068706226724,108.52806091308594,416900,EME,106.8035434322587,105.80121311716127,108.70619565163005,104.8068706226724,113.0626648937504,,-1.9833962514629206,-1.272451795598597,-0.7109444558643236
2022-05-05,107.251360057436,107.73629994838916,104.67819235703674,105.3511734008789,467400,EME,106.2542564409352,106.30237827470998,107.73629994838916,104.67819235703674,112.90389759298203,,-2.132280468324879,-1.4444175301438535,-0.6878629381810255
2022-05-06,104.78707082357825,106.72683818480336,103.91615717689805,104.9355239868164,471600,EME,105.09139754302402,106.27831735782259,106.72683818480336,103.91615717689805,112.80876852267698,,-2.2577853724772723,-1.6070910986105373,-0.650694273866735
2022-05-09,103.78750992698481,104.81677570859446,101.99618803801546,102.4514389038086,492700,EME,103.26297814435084,105.6848574504233,105.6848574504233,101.99618803801546,112.59042279828581,,-2.5285463111559494,-1.7913821411196198,-0.7371641700363296
2022-05-10,103.16399292924413,103.16399292924413,99.94754066628245,101.46174621582031,389100,EME,101.93431818514776,104.47391779738706,104.47391779738706,99.94754066628245,112.34352667434659,,-2.7908154512006433,-1.9912688031358245,-0.7995466480648188
2022-05-11,101.38258149698872,102.51081342077902,99.45270553740121,100.12568664550781,374100,EME,100.8679467751692,103.20411799126741,103.20411799126741,99.45270553740121,112.1194431274593,,-3.0710730571158535,-2.2072296539318303,-0.8638434031840232
2022-05-12,99.46260896836544,101.49145127603653,98.69066156954945,100.3236312866211,400900,EME,99.99208827514313,102.0360323832183,102.0360323832183,98.69066156954945,111.85530284354242,,-3.239859665227101,-2.4137556561908844,-0.8261040090362166
2022-05-13,101.00650208760591,102.39205235635988,100.45228500036093,101.25392150878906,354700,EME,101.27619023827894,101.01406032918072,102.39205235635988,100.45228500036093,111.59470064023691,,-3.260967221776909,-2.5831979693080895,-0.6777692524688192
2022-05-16,102.76813625106709,102.76813625106709,100.1355973030896,100.97682189941406,307100,EME,101.66217292615946,101.14512528372984,102.76813625106709,100.1355973030896,111.37162346403957,,-3.2624472737045096,-2.7190478301873737,-0.5433994435171359
2022-05-17,101.91701963402492,102.99576477432923,101.42218075117513,102.78793334960938,325200,EME,102.28072462728467,101.40364910494465,102.99576477432923,101.40364910494465,111.16635446244288,,-3.0819518451569508,-2.7916286331812894,-0.29032321197566135
2022-05-18,102.33266865442803,104.52975420547399,100.9273282292037,101.18463897705078,279800,EME,102.24359751653913,101.84218686611466,104.52975420547399,100.9273282292037,110.98194328668141,,-3.033314216098347,-2.8399657497647013,-0.19334846633364577
2022-05-19,100.30385543327367,102.29311016172355,99.82881426121129,101.12528991699219,355400,EME,100.88776744330018,102.0428921913269,102.29311016172355,99.82881426121129,110.71223794792719,,-2.965374526144302,-2.8650475050406214,-0.10032702110368064
2022-05-20,101.88730789417626,102.00607192673176,99.67043214096061,101.46174621582031,389000,EME,101.25638954442223,101.46532981731355,102.00607192673176,99.67043214096061,110.44891635405298,,-2.851512163725147,-2.8623404367775267,0.010828273052379878
2022-05-23,102.19411943246602,102.63947136856454,100.97681256281314,101.40237426757812,234100,EME,101.80319440785546,101.36085968086789,102.63947136856454,100.97681256281314,110.16000334114851,,-2.7345441187981123,-2.836781173181644,0.10223705438353159
2022-05-24,101.34300323935908,102.20401805054614,100.17518319084421,101.88732147216797,288100,EME,101.40238148822935,101.58202704436167,102.20401805054614,100.17518319084421,109.88348797067587,,-2.5730543451267636,-2.784035807570668,0.21098146244390437
2022-05-25,101.96648222235841,103.75779626746686,101.1648457801856,103.38172149658203,332500,EME,102.56771144164823,101.49220426629552,103.75779626746686,101.1648457801856,109.619058607647,113.2569721913525,-2.2979970635777107,-2.6868280587720768,0.38883099519436604
2022-05-26,104.54955566019434,105.52933450684009,103.70833109284631,104.83656311035156,312400,EME,104.65594609255808,102.02995785397187,105.52933450684009,102.02995785397187,109.38067585516424,113.04710357694086,-1.9402526024214382,-2.537512967501949,0.5972603650805111
2022-05-27,105.30170331144464,106.62786773613838,104.89593185124832,106.5882797241211,174100,EME,105.85344565573811,103.34295197326497,106.62786773613838,103.34295197326497,109.16881349974764,112.83296489933292,-1.4981192622128816,-2.329634226444136,0.8315149642312543
2022-05-31,105.64809167624584,106.40024882249989,104.45058259704639,104.5396499633789,308700,EME,105.25964326479276,104.59819881450154,106.40024882249989,104.45058259704639,108.93049337956455,112.61227104508333,-1.298069369604832,-2.123321255076275,0.825251885471443
2022-06-01,104.71780297514566,104.78708011738227,101.40238393843518,103.50050354003906,256100,EME,103.60194264275054,104.92892103964715,104.92892103964715,101.40238393843518,108.64587114988015,112.38838140448674,-1.2094371813081892,-1.940544440322658,0.7311072590144687
2022-06-02,104.29222259609107,106.63776122241575,103.36193078807608,106.51899719238281,239900,EME,105.20272794974142,104.26543184119885,106.63776122241575,103.36193078807608,108.40982363184469,112.19212807455848,-0.8854217318140769,-1.729519898620942,0.844098166806865
2022-06-03,105.91530791142127,106.05386974095629,105.04439422257273,105.82624053955078,184500,EME,105.70995310362527,104.73407989547013,106.05386974095629,104.73407989547013,108.245854754106,112.0254872972427,-0.6767358364897547,-1.5189630861947045,0.8422272497049499
2022-06-06,106.71695625320757,107.5383906183254,105.50954816002567,107.51859283447266,279800,EME,106.82087196650782,105.22201649954769,107.5383906183254,105.22201649954769,108.12733564770637,111.86993111102542,-0.37052093957248644,-1.2892746568702609,0.9187537172977744
2022-06-07,106.57839893452378,108.11239491118096,106.44973599507064,108.05301666259766,176400,EME,107.29838662584325,106.02144423302775,108.11239491118096,106.02144423302775,107.9854475147476,111.71771813516344,-0.08375442219916351,-1.0481706099360415,0.964416187736878
2022-06-08,107.63736218748228,107.79570671289261,105.88562821169926,106.41015625,172200,EME,106.93221334051854,106.6599154294355,107.79570671289261,105.88562821169926,107.86099930619362,111.55438730109576,0.010820274136250418,-0.8363724331215832,0.8471927072578336
2022-06-09,105.52931447349755,106.86538520695595,105.52931447349755,105.62828826904297,181700,EME,105.8880756057485,106.79606438497703,106.86538520695595,105.52931447349755,107.69100345945915,111.38936426614572,0.022422715529117454,-0.664613403391443,0.6870361189205605
2022-06-10,103.96566229429517,104.7178120320186,102.95618664794831,103.55989074707031,290400,EME,103.7998879303331,106.34206999536276,106.34206999536276,102.95618664794831,107.49081034820307,111.22001804095056,-0.13374295425525418,-0.5584393135642053,0.4246963593089511
2022-06-13,101.07576816324838,101.54091783227614,99.77929295432135,100.10588836669922,345300,EME,100.62546682913627,105.07097896284793,105.07097896284793,99.77929295432135,107.25673630570431,111.03827884415863,-0.5301037919306708,-0.5527722092374985,0.02266841730682767
2022-06-14,99.89805903940636,100.83824973613082,98.31456884397866,99.53187561035156,354600,EME,99.64568830746686,102.84822289599211,102.84822289599211,98.31456884397866,107.01048128123446,110.85257458757853,-0.8803920323031775,-0.6182961738506343,-0.26209585845254324
2022-06-15,100.44238001675168,103.1442032544682,99.82878472184717,101.81803131103516,520500,EME,101.30834982602555,101.24695560172948,103.1442032544682,99.82878472184717,106.81359319153167,110.69933874623638,-0.9624300333119749,-0.6871229457429024,-0.2753070875690724
2022-06-16,99.87826991790857,99.87826991790857,94.86060436904822,95.4049301147461,639700,EME,97.50551857990285,101.27765271387752,101.27765271387752,94.86060436904822,106.55646563228746,110.50688834068434,-1.5273233770164296,-0.8551630319976079,-0.6721603450188217
2022-06-17,96.17687430629498,97.89891130270843,95.20698688724205,95.26637268066406,1025100,EME,96.13728629422738,99.39158564689018,99.39158564689018,95.20698688724205,106.26317519272186,110.30347398047407,-1.963551252130273,-1.076840676024141,-0.886710576106132
2022-06-21,96.6717287928112,99.17561244426703,94.65278515412555,98.46304321289062,453100,EME,97.24079240102361,97.76443597055878,99.17561244426703,94.65278515412555,105.95626743449057,110.11344283430753,-2.0279435192113056,-1.2670612446615739,-0.7608822745497317
2022-06-22,97.16656459017706,98.74014863360317,97.16656459017706,98.3244857788086,449100,EME,97.84944089819147,97.5026141857912,98.74014863360317,97.16656459017706,105.64991670511463,109.9344903436893,-2.066335848341609,-1.426916165397581,-0.639419682944028
2022-06-23,98.04737153199662,99.30425891557078,97.6910869483324,99.0766372680664,315700,EME,98.52983866599155,97.67602754199135,99.30425891557078,97.67602754199135,105.3772422468297,109.77005281657503,-2.0128666330089686,-1.5441062589198586,-0.46876037408911
2022-06-24,99.64074849841377,104.56934663613117,99.64074849841377,104.5396499633789,2272000,EME,102.0976233990844,98.10293310399145,104.56934663613117,98.10293310399145,105.15541007663934,109.62619267945462,-1.5122402620196311,-1.5377330595398133,0.025492797520182187
2022-06-27,105.52932218585973,105.98457298620578,102.58998598910205,104.47036743164062,290900,EME,104.64356214820205,100.10027825153793,105.98457298620578,100.10027825153793,104.96783943308043,109.50106958819059,-1.108304928169261,-1.451847433265703,0.343542505096442
2022-06-28,105.50953100439617,105.90540356001857,102.47122103225372,102.5998764038086,221400,EME,104.12150800011926,102.37192019986999,105.90540356001857,102.37192019986999,104.73056401558046,109.38362694241823,-0.9284140799008043,-1.3471607625927233,0.41874668269191906
2022-06-29,102.71866693905609,102.71866693905609,99.47252473653973,100.90755462646484,211400,EME,101.45435331027919,103.24671409999462,103.24671409999462,99.47252473653973,104.44855557778928,109.24890418058834,-0.9118937670010894,-1.2601073634743967,0.3482135964733073
2022-06-30,99.50218363467177,102.39204032229419,99.07662197822704,101.89720153808594,234100,EME,100.71701186831973,102.35053370513691,102.39204032229419,99.07662197822704,104.15536338357292,109.11034212255866,-0.8096123577679748,-1.1700083623331123,0.36039600456513754
2022-07-01,101.38258144342701,103.2629629483232,99.9574432033327,101.95658874511719,193900,EME,101.63989408505003,101.53377278672832,103.2629629483232,99.9574432033327,103.8527197806818,108.98251651276192,-0.7155135578618541,-1.0791094014388607,0.3635958435770066
2022-07-05,99.97723790502477,102.19412138889486,98.29478883573061,101.98628997802734,362600,EME,100.6131095269194,101.58683343588918,102.19412138889486,98.29478883573061,103.53053037219182,108.84209977411825,-0.6312660971008341,-0.9895407405712554,0.35827464347042126
2022-07-06,101.53102409065936,102.1941138389821,99.23497229892611,100.82835388183594,186700,EME,100.94711602760087,101.09997148140428,102.1941138389821,99.23497229892611,103.27390690713298,108.68868692890472,-0.6504373067751175,-0.9217200538120278,0.27128274703691035
2022-07-07,102.07536324298299,103.32235933086127,101.60032214802884,102.5801010131836,211600,EME,102.39453643376417,101.02354375450258,103.32235933086127,101.02354375450258,103.08017744489317,108.56724608024881,-0.5183045824320942,-0.8410369595360412,0.322732377103947
2022-07-08,102.58010544557604,102.58010544557604,100.99662247623789,101.60032653808594,138600,EME,101.93928997636897,101.70904009413337,102.58010544557604,100.99662247623789,102.8892194721759,108.44513297428892,-0.4870338353627801,-0.770236334701389,0.28320249933860886
2022-07-11,101.4122717117832,101.89721165427196,100.55124942354936,101.00650024414062,133000,EME,101.21680825843629,101.82416503525117,101.89721165427196,100.55124942354936,102.69934966690379,108.31693186576157,-0.5043544776561077,-0.7170599632923328,0.21270548563622504
2022-07-12,100.59083675412386,102.6691583299083,99.45270593504338,99.97723388671875,372500,EME,100.67248372644858,101.52048664684372,102.6691583299083,99.45270593504338,102.54451447834559,108.16440575224325,-0.5942838700431423,-0.6925047446424948,0.09822087459935247
2022-07-13,99.0271481513277,100.22465726110833,98.71045158965546,99.4823989868164,222200,EME,99.36116399722698,101.09648518664615,101.09648518664615,98.71045158965546,102.43099825551772,107.99728356865533,-0.6974429145546281,-0.6934923786249215,-0.003950535929706622
2022-07-14,97.97809220653376,99.72981841158038,97.463463125307,99.4823989868164,189600,EME,98.66344318255939,100.22882459193656,100.22882459193656,97.463463125307,102.30664490164338,107.84102794118479,-0.7703174603735476,-0.7088573949746468,-0.06146006539890081
2022-07-15,100.99856755414811,101.63278088569541,99.45267350355398,101.24630737304688,150300,EME,100.83258232911109,99.44613388724798,101.63278088569541,99.44613388724798,102.2153324135872,107.70849040464222,-0.6779237152004782,-0.7026706590198132,0.024746943819334954
2022-07-18,101.68232698217112,102.29672442523514,100.1958881402843,100.56254577636719,218000,EME,101.18437133101443,100.13935810817954,102.29672442523514,100.13935810817954,102.10294897156231,107.58280693265635,-0.6523549115641174,-0.692607509528674,0.0402525979645566
2022-07-19,101.52377862780861,104.0309120413185,100.93911626193771,103.8525390625,176400,EME,102.58658649839121,100.66186471959699,104.0309120413185,100.66186471959699,102.02959557271143,107.46674658284672,-0.3624385222251618,-0.6265737120679716,0.2641351898428098
2022-07-20,104.04080316934694,105.0416740674731,103.16876180449975,104.62547302246094,167700,EME,104.21917801594518,101.6242256089941,105.0416740674731,101.6242256089941,102.01215118216986,107.41045985242341,-0.06950714890315624,-0.5151603994350086,0.44565325053185234
2022-07-21,103.48587248130502,105.8839919985378,103.27777195067762,105.84435272216797,251100,EME,104.6229972881721,102.92170181246964,105.8839919985378,102.92170181246964,102.03935156504627,107.31488718166605,0.25802216121353183,-0.3605238873053005,0.6185460485188323
2022-07-22,106.04256066164942,106.43894590813102,104.31828597351742,105.54708099365234,214900,EME,105.58671838423754,103.77234955032087,106.43894590813102,103.77234955032087,102.11239956902807,107.22796312168734,0.48797903653773744,-0.1908233025366929,0.6788023390744303
2022-07-25,105.5173316863848,106.21100005451524,104.45700571771788,105.33895874023438,200100,EME,105.38107404971308,104.67953396727921,106.21100005451524,104.45700571771788,102.20266211451896,107.16105262098914,0.64598131993462,-0.02346237804243032,0.6694436979770504
2022-07-26,105.06150129800014,106.25065699016108,104.90295174196366,105.31915283203125,244100,EME,105.38356571553904,105.03030400849615,106.25065699016108,104.90295174196366,102.31049166332689,107.08289725343464,0.7608307137372208,0.13339624031349992,0.6274344734237208
2022-07-27,105.16060707681754,108.28212292556489,105.16060707681754,107.92538452148438,285300,EME,106.63218040017108,105.20693486201759,108.28212292556489,105.16060707681754,102.41761146656472,107.00615605340082,1.0500465192798316,0.3167262961067663,0.7333202231730653
2022-07-28,110.9279667796655,114.03957782474666,110.49194234569399,113.67292022705078,361300,EME,112.28310179428922,105.91955763109434,114.03957782474666,105.91955763109434,102.6300300439273,107.00082675398343,1.723166633818181,0.5980143636490493,1.1251522701691319
2022-07-29,113.80177316430427,115.55577552530913,113.20719904005965,115.31794738769531,319500,EME,114.47067377934209,109.10132971269178,115.55577552530913,109.10132971269178,102.87382902696845,107.02009174470568,2.3621299542193697,0.9508374817631133,1.4112924724562563
2022-08-01,114.83236262774952,116.64581998755213,114.43598495033612,115.99179077148438,606800,EME,115.47648958428053,111.78600174601694,116.64581998755213,111.78600174601694,103.13848686832328,107.06021507750235,2.889577270571337,1.338585439524758,1.550991831046579
2022-08-02,115.74404729119192,116.19988765417132,113.55402062235405,114.3071517944336,280700,EME,114.95127684053773,113.63124566514873,116.19988765417132,113.55402062235405,103.41975705626804,107.06599750209762,3.1355026596228726,1.6979688835443811,1.4375337760784914
2022-08-03,115.38730513226932,115.38730513226932,112.90990684317332,115.0008316040039,231700,EME,114.67133717792896,114.29126125284323,115.38730513226932,112.90990684317332,103.68805600893816,107.06848618149559,3.347783303550642,2.0279317675456334,1.3198515360050087
2022-08-04,115.3872921534413,115.41701971989954,113.37564617863356,113.39546203613281,195100,EME,114.3938550220268,114.48129921538609,115.41701971989954,113.37564617863356,103.9398692212216,107.04993628118505,3.3478850014581667,2.2919224143281403,1.0559625871300264
2022-08-05,112.26578011550993,113.61348536967911,111.89912245239555,113.3657455444336,185200,EME,112.78603337050454,114.43757711870644,114.43757711870644,111.89912245239555,104.16754225886709,107.02551511477148,3.30744159733041,2.495026250928594,0.8124153464018158
2022-08-08,113.96031492313338,114.71344607780364,113.03872250872953,113.8017578125,156900,EME,113.87856033054163,113.61180524460549,114.71344607780364,113.03872250872953,104.39375923664498,107.00640892214598,3.2728451328899695,2.6505900273208693,0.6222551055691001
2022-08-09,114.58463076227783,114.91164917324782,113.26666052848805,114.00988006591797,268200,EME,114.19320513248292,113.74518278757355,114.91164917324782,113.26666052848805,104.58450441744348,106.98259013630386,3.2250446053772066,2.765480942932137,0.45956366244506963
2022-08-10,116.95301717493611,117.11157429724585,115.58549601690328,116.36835479736328,270100,EME,116.50461057161213,113.96919396002824,117.11157429724585,113.96919396002824,104.79752771576095,106.9831706077543,3.3389818389753714,2.880181122140784,0.45880071683458734
2022-08-11,117.40886574833083,118.19171697255155,116.72510138545326,117.2205810546875,168000,EME,117.38656629025579,115.23690226582019,118.19171697255155,115.23690226582019,105.04006617627022,106.98527977791738,3.4581816882308374,2.9957812353587947,0.4624004528720427
2022-08-12,117.94397363736314,120.25291064196631,117.31967199440835,120.15381622314453,189000,EME,118.91759312422059,116.31173427803799,120.25291064196631,116.31173427803799,105.34637918589961,106.99612516788987,3.746152675436335,3.145855523374303,0.6002971520620317
2022-08-15,119.608784795198,120.53037724899846,118.7367433306935,120.29254913330078,227500,EME,119.79211362704768,117.61466370112929,120.53037724899846,117.61466370112929,105.63816689944574,107.02399526564521,3.940146784450974,3.3047137755896374,0.6354330088613365
2022-08-16,119.36103622027804,121.88798528075392,119.36103622027804,121.29341125488281,331400,EME,120.4758672440482,118.7033886640885,121.88798528075392,118.7033886640885,105.9334851822542,107.08966996818009,4.127075366347043,3.4691860937411185,0.6578892726059244
2022-08-17,119.90608190124016,121.78890618697997,119.42051393442543,121.09523010253906,248600,EME,120.55268303129616,119.58962795406835,121.78890618697997,119.42051393442543,106.20812140354995,107.16772852562818,4.210687862900912,3.6174864475730772,0.5932014153278344
2022-08-18,121.39250709227818,123.12668576502502,121.09521629563969,122.60147857666016,308900,EME,122.05397193240077,120.07115549268225,123.12668576502502,120.07115549268225,106.50323310968109,107.24434031221435,4.3483677557103135,3.7636627092005246,0.5847050465097889
2022-08-19,122.10600527470393,122.21501140175104,120.33218723325123,120.50064849853516,315100,EME,121.28846310206035,121.0625637125415,122.21501140175104,120.33218723325123,106.79035810491195,107.32567870555278,4.239094984520136,3.858749164264447,0.3803458202556893
2022-08-22,119.07368283838998,119.91599680007411,118.66738586321783,118.82594299316406,313400,EME,119.1207521237115,121.17551340730093,121.17551340730093,118.66738586321783,107.0550116352712,107.37300754736519,3.9715788985777607,3.88131511112711,0.09026378745065067
2022-08-23,118.82593304199345,120.64929452115578,118.82593304199345,118.84574890136719,328000,EME,119.28672737662747,120.1481327655062,120.64929452115578,118.82593304199345,107.3647484241971,107.42777938620009,3.7183063236524703,3.8487133536321823,-0.13040702997971199
2022-08-24,119.26193883790721,121.07539599798713,119.00428732762894,120.65919494628906,247600,EME,120.0002042774531,119.71743007106684,121.07539599798713,119.00428732762894,107.75224317316342,107.50448973943386,3.622161895899623,3.8034030620856707,-0.18124116618604758
2022-08-25,120.85738555544417,123.00776524819231,120.85738555544417,122.88885498046875,270300,EME,121.90284783488735,119.85881717425997,123.00776524819231,119.85881717425997,108.19738636371183,107.60393382247315,3.6834214849064466,3.7794067466498262,-0.09598526174337962
2022-08-26,122.86903447358769,123.14650185207567,119.39077297271749,119.62860107421875,252500,EME,121.2587275931499,120.88083250457366,123.14650185207567,119.39077297271749,108.59639391905434,107.704993555293,3.429363341494067,3.7093980656186747,-0.2800347241246075
2022-08-29,118.78628946563016,120.63937844702573,117.97370317315261,119.60877990722656,199800,EME,119.25203774825877,121.06978004886179,121.06978004886179,117.97370317315261,109.03132430242145,107.79389496735445,3.189652699100435,3.605448992315027,-0.415796293214592
2022-08-30,119.5394105424721,119.5394105424721,117.22056954709885,117.51785278320312,318600,EME,118.45431085381153,120.16090889856028,120.16090889856028,117.22056954709885,109.47766479361313,107.87041999316749,2.7986982919001235,3.4440988522320466,-0.6454005603319231
2022-08-31,117.45841322928936,118.62774559142073,117.2304968074175,117.84488677978516,291800,EME,117.79038560197819,119.30760987618591,119.30760987618591,117.2304968074175,109.88865665763223,107.9224620460614,2.4865891658505888,3.252596914955755,-0.7660077491051664
2022-09-01,117.17102829322234,117.20075586326006,115.52603974763757,116.18006896972656,455700,EME,116.51947321846163,118.54899773908204,118.54899773908204,115.52603974763757,110.26205730403763,107.95598700457613,2.080916046167772,3.0182607411981586,-0.9373446950303865
2022-09-02,117.577333596077,118.82594454928484,115.1693019665291,115.31794738769531,317800,EME,116.72263187489656,117.53423547877183,118.82594454928484,115.1693019665291,110.62591316821572,108.00157770752271,1.6705936062979276,2.7487273142181126,-1.078133707920185
2022-09-06,115.67469111306121,115.67469111306121,113.871145353871,114.94137573242188,358800,EME,115.04047582810382,117.12843367683419,117.12843367683419,113.871145353871,110.8847702167961,108.02009014671772,1.3000379033433518,2.4589894320431607,-1.1589515286998089
2022-09-07,115.22874011990747,117.63677139438191,114.70353292826154,117.37911987304688,350300,EME,116.23704107889945,116.08445475246901,117.63677139438191,114.70353292826154,111.11663979541007,108.04223961424525,1.189365156937697,2.205064577022068,-1.015699420084371
2022-09-08,116.55662636786754,119.33130765213252,115.83322280950577,119.32140350341797,340400,EME,117.76064008323095,116.16074791568423,119.33130765213252,115.83322280950577,111.3894224370723,108.05999322632638,1.2440417260576027,2.012860006829175,-0.7688182807715722
2022-09-09,120.37183367686288,121.36279302869622,119.53942388990454,120.9664077758789,201200,EME,120.56011459283563,116.96069399945759,121.36279302869622,116.96069399945759,111.77153766272342,108.11004662025636,1.4039277922475009,1.8910735639128402,-0.48714577166533934
2022-09-12,121.51142768488299,122.10600173125519,120.64929040337083,121.3231430053711,196200,EME,121.39746570622003,118.76040429614662,122.10600173125519,118.76040429614662,112.18514673948143,108.17025506152717,1.5416529872874207,1.8211894485877564,-0.2795364613003357
2022-09-13,118.46918700992659,119.38086774889223,116.16025003284274,116.7350082397461,243800,EME,117.68632825785191,120.07893500118332,120.07893500118332,116.16025003284274,112.50607542293747,108.17939760180963,1.2659835948353617,1.7101482778372776,-0.4441646830019159
2022-09-14,116.41788668934167,117.88450202800375,115.79357757319225,117.45838928222656,366900,EME,116.88858889319106,118.88263162951762,118.88263162951762,115.79357757319225,112.8315850102629,108.18105769122737,1.0932817483561479,1.5867749719410518,-0.4934932235849039
2022-09-15,116.38816287976317,118.51872681580147,115.84313981918913,117.5574951171875,351000,EME,117.07688115798533,117.88561026135434,118.51872681580147,115.84313981918913,113.1541803128706,108.2140436100018,0.9534208611871833,1.4601041497902782,-0.506683288603095
2022-09-16,116.4674544580906,117.30976841709987,115.9719747692122,116.98275756835938,1106100,EME,116.68298880319051,117.48124570966984,117.48124570966984,115.9719747692122,113.43994936025912,108.26006340257612,0.78713003844247,1.3255093275207166,-0.5383792890782466
2022-09-19,116.15035261353636,118.72684559129142,116.15035261353636,118.5881118774414,248800,EME,117.40391567395139,117.08211725643017,118.72684559129142,116.15035261353636,113.74924187421075,108.31923067319335,0.7759375149260279,1.215594965001779,-0.4396574500757511
2022-09-20,117.51785508079554,118.33044893245705,116.56653509790836,117.89442443847656,172200,EME,117.57731588740937,117.24301646519078,118.33044893245705,116.56653509790836,114.07645202679024,108.387900846847,0.702988961314233,1.1130737642642698,-0.4100848029500368
2022-09-21,119.68807377462208,120.88713372787001,117.46832686053452,117.69624328613281,265000,EME,118.93494441228987,117.41016617630007,120.88713372787001,117.41016617630007,114.44170124050704,108.4931078594263,0.6220149432112976,1.0148620000536754,-0.39284705684237786
2022-09-22,117.95388701684884,118.11244413754346,116.35844190185236,116.57645416259766,327600,EME,117.25030680471058,118.17255529429497,118.17255529429497,116.35844190185236,114.79948409665673,108.61524117608722,0.46215736426505316,0.904321072895951,-0.4421637086308978
2022-09-23,115.38730025694812,115.48639467224112,113.06845162491162,114.1188735961914,350100,EME,114.51525503757307,117.71143104950278,117.71143104950278,113.06845162491162,115.116520333757,108.71158261770019,0.13559975877601005,0.7505768100719629,-0.6149770512959528
2022-09-26,113.9702350744008,115.96205789143718,113.35583756581691,113.8612289428711,335800,EME,114.28733986863149,116.11334304353792,116.11334304353792,113.35583756581691,115.3856154845474,108.80047394906731,-0.14234836326831157,0.571991775403908,-0.7143401386722196
2022-09-27,114.93146504421233,115.10983802389393,111.82975753977232,112.82071685791016,301800,EME,113.67294436644718,115.20034145608471,115.20034145608471,111.82975753977232,115.63538694525604,108.86916795840918,-0.4414955954279236,0.3692943012375417,-0.8107898966654653
2022-09-28,113.78195292537507,117.0025708315789,113.22701810548662,116.27916717529297,239900,EME,115.07267725943339,114.43664291126595,117.0025708315789,113.22701810548662,115.88510876047691,108.95735216659418,-0.39495114407596077,0.21644521217484122,-0.611396356250802
2022-09-29,115.04045069828884,116.2196945738161,113.09817156004432,114.91162872314453,246800,EME,114.81748638882344,114.75466008534967,116.2196945738161,113.09817156004432,116.09707492793446,109.05461305505216,-0.4630752123439521,0.08054112727108255,-0.5436163396150346
2022-09-30,115.21884061537028,117.23049445216553,114.25761639397456,114.43598937988281,303900,EME,115.28573521034829,114.78607323708655,117.23049445216553,114.25761639397456,116.310329686378,109.17484062571215,-0.5491142993401041,-0.04538995805115479,-0.5037243412889494
2022-10-03,116.34855499983921,118.07282236069379,114.7927413739602,117.54761505126953,216400,EME,116.69043344644068,115.03590422371742,118.07282236069379,114.7927413739602,116.53240398762206,109.32240177832506,-0.3620452763422577,-0.10872102170937538,-0.25332425463288233
2022-10-04,119.05384953915832,121.61052634426578,119.05384953915832,121.1546859741211,233500,EME,120.21822784917588,115.86316883507905,121.61052634426578,115.86316883507905,116.82914706361133,109.51590458906514,0.07638819451136669,-0.07169917846522697,0.14808737297659366
2022-10-05,119.68807054910425,121.10514273937535,119.64843126736842,120.36192321777344,265000,EME,120.20089194340537,118.04069834212746,121.10514273937535,118.04069834212746,117.12549358816862,109.71799262574775,0.3557793470155417,0.013796526630926769,0.3419828203846149
2022-10-06,119.62861573756528,121.06550379246832,119.24214219009703,120.6889419555664,161300,EME,120.15630091892426,119.12079514276641,121.06550379246832,119.12079514276641,117.3959759985437,109.90679373255422,0.5967080484650893,0.1303788309977593,0.46632921746733
2022-10-07,120.09435775198162,120.09435775198162,118.14216675763497,119.19258117675781,177800,EME,119.38086585958901,119.63854803084533,120.09435775198162,118.14216675763497,117.53793127984972,110.08398066188849,0.6593019484597562,0.2361634544901587,0.4231384939695975
2022-10-10,120.08444664513763,121.55106971579895,119.46014501636942,120.83757781982422,205600,EME,120.48330979928255,119.50970694521718,121.55106971579895,119.46014501636942,117.65818400024851,110.26600651360849,0.8320541442163147,0.35534159243538993,0.4767125517809248
2022-10-11,120.36190297689761,122.69065557421408,120.09434732069968,121.8582534790039,285100,EME,121.25128983770382,119.99650837224986,122.69065557421408,119.99650837224986,117.77368000531696,110.45608343682014,1.0393406277297572,0.49214139949426344,0.5471992282354938
2022-10-12,121.90781666445227,122.07628550091339,120.26282806469584,120.3024673461914,246400,EME,121.13734939406322,120.62389910497684,122.07628550091339,120.26282806469584,117.89740145638748,110.65857925632776,1.065791934671438,0.6068715065296983,0.4589204281417396
2022-10-13,118.3403603529283,123.33479624028118,118.0430770927454,122.5816650390625,282200,EME,120.57497468125435,120.88062424952003,123.33479624028118,118.0430770927454,118.015474206454,110.85176510769608,1.256186456240286,0.7367344964718159,0.5194519597684701
2022-10-14,123.29515918105551,123.33479846187784,120.34210458378016,120.84748840332031,194700,EME,121.95488765750845,120.72779946538719,123.33479846187784,120.34210458378016,118.16669485916361,111.05328204019261,1.252701561099812,0.8399279093974151,0.4127736517023969
2022-10-17,122.91120812620373,126.58227724787555,122.63339904483252,126.4334487915039,321700,EME,124.64008330260393,121.34134356144781,126.58227724787555,121.34134356144781,118.40377585780561,111.28565905833635,1.6812991065730643,1.008202148832545,0.6730969577405193
2022-10-18,128.9833560810261,130.5410854175609,125.29244652662761,126.97915649414062,386800,EME,127.94901112983881,122.99071343202587,130.5410854175609,122.99071343202587,118.68518487379156,111.53947205521825,2.0414670389168776,1.2148551268494117,0.826611912067466
2022-10-19,126.37393001155208,127.36610213316548,125.33213830774905,126.84024810791016,336200,EME,126.47810464009419,125.46986228093235,127.36610213316548,125.33213830774905,118.93088286394376,111.75769364069362,2.2893042993853356,1.4297449613565965,0.8595593380287392
2022-10-20,126.86009932072653,127.49509373452628,123.27832993396802,123.8438720703125,171800,EME,125.36934876488334,125.97398346051327,127.49509373452628,123.27832993396802,119.1081776278092,111.95285267178508,2.21836270502223,1.5874685100897232,0.6308941949325066
2022-10-21,124.24073444487274,126.71125960335472,122.82191727158192,125.68931579589844,325900,EME,124.86580677892695,125.6716661126983,126.71125960335472,122.82191727158192,119.25776243758263,112.14891430692641,2.2847160812229816,1.726918024316375,0.5577980569066066
2022-10-24,126.49298867290568,128.1598508827565,125.55042097954278,127.08829498291016,288400,EME,126.82288887952878,125.26873644581264,128.1598508827565,125.26873644581264,119.41586835268879,112.38112376929419,2.4222651734356333,1.8659874541402268,0.5562777192954065
2022-10-25,127.22721117445015,129.9656371043771,127.22721117445015,129.09251403808594,245700,EME,128.37814337284084,126.0458126626707,129.9656371043771,126.0458126626707,119.58758894760466,112.61287792352519,2.662308117052902,2.025251586722762,0.6370565303301401
2022-10-26,129.69773841017636,130.88835108484543,127.85228346562775,128.11024475097656,507300,EME,129.13715442790652,127.21197801775577,130.88835108484543,127.21197801775577,119.76081469128181,112.847149936768,2.7416785928006817,2.168536987938346,0.5731416048623359
2022-10-27,132.98184404674663,136.23619225322705,130.6998277077064,133.38864135742188,588000,EME,133.32662634127547,128.17456622283115,136.23619225322705,128.17456622283115,120.0162935574814,113.11220748051568,3.1936879131422984,2.3735671729791363,0.820120740163162
2022-10-28,134.52965577832413,140.96890814631618,134.48997524759025,138.9349365234375,682800,EME,137.230868923917,130.75059628205332,140.96890814631618,130.75059628205332,120.31983149731174,113.41153230349643,3.953870466104732,2.6896278316042554,1.2642426345004765
2022-10-31,138.15109680071097,140.76051892653217,137.5656993144229,139.99655151367188,559800,EME,139.1184666388345,133.99073260298516,140.76051892653217,133.99073260298516,120.6764315680472,113.73339483647959,4.589083970169725,3.0695190593173494,1.5195649108523752
2022-11-01,140.47278670966665,143.498937455622,139.97669691982017,143.21119689941406,373300,EME,141.78990449613073,136.5545996209098,143.498937455622,136.5545996209098,121.1298146154956,114.09241312538342,5.290900062870506,3.513795260027981,1.777104802842525
2022-11-02,141.53442531456471,143.51878467482197,139.05397611424314,139.24249267578125,454200,EME,140.83741969485277,139.17225205852026,143.51878467482197,139.05397611424314,121.56082846186011,114.46278844302859,5.463869028624103,3.9038100137472056,1.5600590148768974
2022-11-03,138.190770079164,142.66549451493918,137.44663539745994,141.22683715820312,277200,EME,139.88243428744158,140.0048358766865,142.66549451493918,137.44663539745994,121.95847306205988,114.85535811761164,5.695414997215437,4.262131010440852,1.433283986774585
2022-11-04,143.94544790717703,144.75902747464946,141.0085890234004,143.22116088867188,333100,EME,143.2335563234747,139.94363508206405,144.75902747464946,139.94363508206405,122.38508723183162,115.29123679777173,5.971011993873219,4.6039072071273255,1.3671047867458936
2022-11-07,144.60027305816277,144.87808215941317,142.50677331265854,144.56057739257812,359200,EME,144.13642648070316,141.58859570276937,144.87808215941317,141.58859570276937,122.8426412095827,115.71951756431851,6.225737886222987,4.928273342946458,1.2974645432765293
2022-11-08,145.18563249733975,147.14022738334634,143.40962265986175,144.7589874267578,320500,EME,145.12361749182642,142.86251109173628,147.14022738334634,142.86251109173628,123.36007280445403,116.19569855343774,6.370188455477489,5.216656365452664,1.1535320900248252
2022-11-09,142.8540254529348,145.84049596572655,142.8540254529348,145.3444061279297,398200,EME,144.22323824988146,143.99306429178137,145.84049596572655,142.8540254529348,123.87545135237542,116.67655807299428,6.457467305494248,5.464818553460981,0.9926487520332667
2022-11-10,148.82696175689415,150.93037797176393,147.378372667764,150.870849609375,511700,EME,149.50164050144926,144.1081512708314,150.93037797176393,144.1081512708314,124.50967645036486,117.19916655399855,6.893114690146973,5.75047778079818,1.1426369093487931
2022-11-11,150.5334985016819,152.22020088767,149.09484102949966,149.6107635498047,478100,EME,150.36482599216407,146.80489588614034,152.22020088767,146.80489588614034,125.18658350583891,117.72432040493827,7.055360166930285,6.011454258024601,1.0439059089056837
2022-11-14,149.52150350602633,152.3789863786419,148.1919861125868,148.35073852539062,470500,EME,149.6108036306614,148.5848609391522,152.3789863786419,148.1919861125868,125.84434694095422,118.23513005458496,7.001557787340801,6.209474963887842,0.7920828234529589
2022-11-15,149.2535862761839,152.22020905467502,148.4003262607937,151.63482666015625,440000,EME,150.37723706295222,149.09783228490681,152.22020905467502,148.4003262607937,126.55108216565118,118.71792619122363,7.141593634169766,6.395898697944227,0.7456949362255392
2022-11-16,151.80350133749144,154.07558629745424,151.3669398263639,153.17271423339844,508100,EME,152.604685423677,149.73753467392953,154.07558629745424,149.73753467392953,127.27843505254673,119.19753742397839,7.2926031367112785,6.575239585697638,0.7173635510136407
2022-11-17,151.4562130639865,152.58729722615485,150.01755564167425,151.6447296142578,404800,EME,151.42644888651836,151.17111004880326,152.58729722615485,150.01755564167425,127.95175122861247,119.67058683284239,7.205918325646138,6.701375333687339,0.5045429919587994
2022-11-18,153.4405748666336,154.3236141383326,150.73192869560668,154.11526489257812,695400,EME,153.15284564828775,151.2987794676608,154.3236141383326,150.73192869560668,128.6036058497215,120.18757175622245,7.252963885325528,6.8116930440149766,0.4412708413105513
2022-11-21,153.19255831119457,154.75028789715319,152.82545662204163,153.54974365234375,318500,EME,153.5795116206833,152.22581255797428,154.75028789715319,152.22581255797428,129.24724676801077,120.71619675374612,7.16205527747357,6.881765490706695,0.28028978676687455
2022-11-22,154.3831612746125,155.44478563913785,150.68232023945677,153.57948303222656,364700,EME,153.52243754635842,152.90266208932877,155.44478563913785,150.68232023945677,129.96396895378092,121.23502218835918,7.0115840933355,6.907729211232457,0.10385488210304317
2022-11-23,152.74604022763194,154.53196646344796,152.1209773996903,152.38885498046875,214200,EME,152.94695976780974,153.21254981784358,154.53196646344796,152.1209773996903,130.6851363712733,121.7583606907681,6.718810596296976,6.869945488245361,-0.15113489194838525
2022-11-25,153.07347130642768,154.73040946314575,153.07347130642768,154.18470764160156,119000,EME,153.76551492940067,153.07975479282666,154.73040946314575,153.07347130642768,131.4189090467016,122.28654467978609,6.55612091094352,6.8071805727849934,-0.25105966184147377
2022-11-28,153.3016928377657,154.36333247263272,150.8708553970442,151.614990234375,224200,EME,152.5377177354544,153.42263486111366,154.36333247263272,150.8708553970442,132.13600362534686,122.787976492803,6.1489521516320735,6.67553488855441,-0.5265827369223368
2022-11-29,151.32725511714168,152.71630066920758,150.59303667421483,150.9303741455078,209500,EME,151.39174165151798,152.98017629828405,152.98017629828405,150.59303667421483,132.8157601448982,123.2825010095545,5.70525851087578,6.481479613018685,-0.7762211021429053
2022-11-30,150.72203650714923,153.70849224415744,148.56900816566022,153.6886444091797,348700,EME,151.67204533153665,152.185958974901,153.70849224415744,148.56900816566022,133.49765473378073,123.78705338028547,5.5126510525604715,6.287713900927042,-0.7750628483665709
2022-12-01,154.33353754950383,154.92883621711718,152.35909472419084,152.80557250976562,149800,EME,153.60676025014436,151.92900215321885,154.92883621711718,151.92900215321885,134.19109105053784,124.31639614552243,5.228481057031843,6.075867332148003,-0.8473862751161603
2022-12-02,151.56535560522795,154.01604051504225,150.94029272995766,152.6865234375,207200,EME,152.30205307193197,152.7678812016816,154.01604051504225,150.94029272995766,134.89212597588224,124.8458050362695,4.936760125345415,5.8480458907874855,-0.9112857654420701
2022-12-05,150.8510033669083,150.8510033669083,145.99924496802575,147.9439239501953,376000,EME,148.91129391300942,152.53496713680678,152.53496713680678,145.99924496802575,135.580046753391,125.34828354357398,4.2736174405600025,5.533160200741989,-1.2595427601819864
2022-12-06,148.5491599036944,149.3131425837888,146.13815513281136,147.81494140625,298200,EME,147.95384975663615,150.7231305249081,150.7231305249081,146.13815513281136,136.2533769511511,125.81949621784925,3.6950698072018895,5.165542122033969,-1.4704723148320795
2022-12-07,147.4180661300832,149.4619539519846,146.97158827938475,148.16220092773438,194200,EME,148.00345232229674,149.33849014077214,149.4619539519846,146.97158827938475,136.93998711026808,126.28768702776208,3.227384303496109,4.777910558326397,-1.550526254830288
2022-12-08,149.34289363230403,150.3449896854677,148.04314063935624,149.6504669189453,160400,EME,149.34537271901831,148.67097123153445,150.3449896854677,148.04314063935624,137.62544101945977,126.75527488996833,2.9429068021309774,4.410909807087314,-1.4680030049563362
2022-12-09,149.28334361150203,149.37263613864283,147.3585128382431,147.398193359375,194800,EME,148.35317148694074,149.00817197527638,149.37263613864283,147.3585128382431,138.2961547214221,127.1966148246783,2.506819623350623,4.0300917703399755,-1.5232721469893526
2022-12-12,147.51724839330203,148.50942794442017,146.79296156003417,148.26138305664062,232000,EME,147.77025523859925,148.68067173110856,148.68067173110856,146.79296156003417,138.94584512198713,127.62808740418255,2.2054465716852008,3.665162730609021,-1.4597161589238201
2022-12-13,152.04162937458946,152.04162937458946,148.1324387621029,149.0452423095703,306600,EME,150.31523495521304,148.2254634848539,152.04162937458946,148.1324387621029,139.6183411521626,128.07537256989232,2.006724872503696,3.333475158987956,-1.32675028648426
2022-12-14,149.92826176850576,150.12669466300542,145.28485331202486,146.40602111816406,433000,EME,147.93645771542504,149.27034922003347,150.12669466300542,145.28485331202486,140.17270574948756,128.50092640654944,1.6176264106111091,2.9903054093125867,-1.3726789987014776
2022-12-15,145.64204000793816,146.17782548175336,143.0226864122293,144.59033203125,462800,EME,144.8582209832927,148.60340346772927,148.60340346772927,143.0226864122293,140.66585233028533,128.89567295922697,1.1495014046381868,2.622144608377707,-1.47264320373952
2022-12-16,142.8738438895176,147.0608424702142,142.5563391917125,147.01123046875,2007700,EME,144.87556400504857,146.730812225511,147.0608424702142,142.5563391917125,141.1602375920078,129.27810679527576,0.9627571709883114,2.290267120899828,-1.3275099499115166
2022-12-19,147.031095069031,147.6462415668764,144.97727606190102,145.7511749267578,267600,EME,146.35144690614158,145.8031881152798,147.6462415668764,144.97727606190102,141.69964921293885,129.61879024639427,0.7049587433146485,1.9732054453827923,-1.2682467020681438
2022-12-20,145.354349176194,147.140275948231,145.33450133998716,145.48333740234375,339900,EME,145.82811596668898,146.07731751071069,147.140275948231,145.33450133998716,142.20654533628698,129.93236466826775,0.473580243978148,1.6732804051018635,-1.1997001611237155
2022-12-21,146.33656556078267,149.45200870560922,145.75116812717053,148.17208862304688,307100,EME,147.42795775415232,145.95271673869985,149.45200870560922,145.75116812717053,142.73007869461594,130.2518793499665,0.5013911439389744,1.4389025528692858,-0.9375114089303114
2022-12-22,146.9914190432447,148.4003275643546,145.1658119971189,147.91415405273438,311100,EME,147.11792816436315,146.69033724642608,148.4003275643546,145.1658119971189,143.24969027002194,130.5735458632047,0.4968904742657969,1.2505001371485882,-0.7536096628827913
2022-12-23,147.745494945075,149.29329298240853,147.51728269484252,148.6781463623047,130800,EME,148.30855424615768,146.9041327053946,149.29329298240853,146.9041327053946,143.80436186132002,130.90991803388698,0.5486469945244323,1.110129508623757,-0.5614825140993247
2022-12-27,148.62851719824167,150.2159955823396,148.1026631856983,148.9063262939453,132500,EME,148.9633755650562,147.60634347577616,150.2159955823396,147.60634347577616,144.34453161947096,131.2556132393173,0.6011469750912966,1.008333001917265,-0.4071860268259684
2022-12-28,149.01546618403503,149.5710843736567,146.4159603085364,146.4457244873047,132800,EME,147.8620588383832,148.28485952041618,149.5710843736567,146.4159603085364,144.80897113018656,131.60637349399607,0.43914143711288034,0.8944946889563881,-0.4553532518435077
2022-12-29,147.5073490826247,148.82694985473861,147.15016379739492,147.95382690429688,161500,EME,147.85957240976379,148.0734591793997,148.82694985473861,147.15016379739492,145.20718235578505,131.9461836147883,0.427514026808808,0.8010985565268721,-0.3735845297180641
2022-12-30,147.67600806050467,147.76530059105258,146.1877386602026,146.95172119140625,157700,EME,147.14519212579154,147.96651579458174,147.96651579458174,146.1877386602026,145.62052410549902,132.2757034847214,0.3335922208207762,0.707597289385653,-0.3740050685648768
2023-01-03,147.6958635795721,148.15227288078427,145.2451786283524,147.15016174316406,188300,EME,147.0608692079682,147.55585396018665,148.15227288078427,145.2451786283524,146.05435451436068,132.58126607108497,0.2720351550636053,0.6204848625212436,-0.34844970745763826
2023-01-04,147.9637576757495,148.57890422088482,143.40964152619475,144.3026123046875,375800,EME,146.06372893187913,147.30836158407743,148.57890422088482,143.40964152619475,146.47831295741975,132.8680376975012,-0.006448371947300302,0.4950982156275348,-0.5015465875748351
2023-01-05,143.36997577024206,144.4415317311426,140.7803859829312,141.28639221191406,261200,EME,142.46957142405748,146.68604525797826,146.68604525797826,140.7803859829312,146.79124660831033,133.10355748049955,-0.4651701355879254,0.3030445453844428,-0.7682146809723682
2023-01-06,143.29057777644306,146.5647735245779,142.39762218125148,146.4853973388672,221900,EME,144.6845927052849,144.57780834101789,146.5647735245779,142.39762218125148,147.11737559495919,133.35248227128193,-0.4045309928646361,0.16152943773462702,-0.5660604305992631
2023-01-09,146.6540575477603,148.14232687970747,143.31041729327907,143.9057159423828,290100,EME,145.5031294157824,144.6312005231514,148.14232687970747,143.31041729327907,147.4446950947167,133.60275489299926,-0.5581982033524184,0.01758390951721793,-0.5757821128696363
2023-01-10,143.3104498415448,146.1778488000869,142.58616284121422,145.90003967285156,244300,EME,144.49362528892436,145.0671649694669,146.1778488000869,142.58616284121422,147.6680350736697,133.84216431557556,-0.5131401566789009,-0.08856090372200584,-0.424579252956895
2023-01-11,146.6242999628068,148.51936663080312,146.49531177028015,146.63421630859375,177100,EME,147.06829866812095,144.78039512919563,148.51936663080312,144.78039512919563,147.86478366855377,134.09230758293276,-0.4134237200330233,-0.15353346698420933,-0.25989025304881397
2023-01-12,146.79299586615946,150.72203446818136,146.29690597466214,150.66250610351562,229600,EME,148.61861060312964,145.92434689865829,150.72203446818136,145.92434689865829,148.05478654783968,134.36560905794343,-0.009241870416019538,-0.12467514767057138,0.11543327725455184
2023-01-13,150.78167640914162,151.9337313928717,149.7090609516571,151.64572143554688,175400,EME,151.01754754730433,147.27147875089395,151.9337313928717,147.27147875089395,148.23933940886317,134.68457701217937,0.38596327323986657,-0.022547463488483792,0.40851073672835037
2023-01-17,149.3217312108695,151.5464016871848,147.31554216682284,147.3850555419922,278600,EME,148.89218265171735,149.14451314909914,151.5464016871848,147.31554216682284,148.40043466800043,134.98063156493026,0.3513163113962037,0.0522252914884537,0.29909101990775
2023-01-18,147.24599197311875,149.77855465221182,145.84564697912293,146.22303771972656,197600,EME,147.27330783104503,149.01834790040823,149.77855465221182,145.84564697912293,148.5482521388725,135.25336260046618,0.22747107271806044,0.08727444773437505,0.1401966249836854
2023-01-19,145.4583100448415,145.82577462222665,142.3000514152658,143.044921875,130200,EME,144.1572644893335,148.14582786572663,148.14582786572663,142.3000514152658,148.5667263021897,135.47590676701063,-0.125675846312447,0.04468438892501064,-0.17036023523745764
2023-01-20,143.98842470637322,144.33603699060546,141.65450630536512,144.32611083984375,191700,EME,143.57626971054688,146.15154617753007,146.15154617753007,141.65450630536512,148.55552316678654,135.69908218818463,-0.29872259369852827,-0.023997007599697136,-0.27472558609883113
2023-01-23,144.18707939215633,144.69360110504257,142.91583476532608,143.39256286621094,202200,EME,143.79726953218398,144.8639079440385,144.8639079440385,142.91583476532608,148.5289962075937,135.94453450602387,-0.5053673470264357,-0.12027107548504486,-0.38509627154139087
2023-01-24,143.11447337178268,146.739504129452,142.33980918162632,145.54771423339844,213300,EME,144.43537522906485,144.33058873811123,146.739504129452,142.33980918162632,148.53323894717738,136.2043451497764,-0.48958842821110693,-0.1941345460302573,-0.29545388218084967
2023-01-25,144.48502626911946,146.2429250958553,143.70043591957685,145.219970703125,152900,EME,144.91208949691915,144.38298198358802,146.2429250958553,143.70043591957685,148.44144792708678,136.4755621887258,-0.49779145516436074,-0.254865927857078,-0.24292552730728273
2023-01-26,146.4614412092935,146.87856697466822,144.27649022924047,145.34910583496094,137000,EME,145.74140106204078,144.6475357402536,146.87856697466822,144.27649022924047,148.3489794284843,136.7677814671616,-0.4882441129993538,-0.3015415648855332,-0.1867025481138206
2023-01-27,144.59424967069972,146.18331270954653,144.59424967069972,145.57748413085938,153500,EME,145.23732404545135,145.1944684011472,146.18331270954653,144.59424967069972,148.2615098367801,137.05292838886717,-0.45698175450212375,-0.3326296028088513,-0.12435215169327246
2023-01-30,145.23983620629915,147.54396130836415,144.0976922301389,144.45523071289062,176200,EME,145.33418011442322,145.21589622329927,147.54396130836415,144.0976922301389,148.1606486978095,137.35586543173036,-0.5168051735858228,-0.3694647169642456,-0.1473404566215772
2023-01-31,144.93195874647915,147.50425692178894,144.93195874647915,147.23609924316406,331900,EME,146.15106841447783,145.27503816886124,147.50425692178894,144.93195874647915,148.03157635762554,137.65500570508615,-0.3359501898422934,-0.36276181153985515,0.02681162169756174
2023-02-01,147.007661553442,149.73885367344644,146.14360137773681,148.06040954589844,247600,EME,147.73763153763093,145.71305329166955,149.73885367344644,145.71305329166955,147.95780001064782,137.95477561963014,-0.1246692503397071,-0.31514329929982554,0.19047404896011844
2023-02-02,148.43780188618845,148.87477985562495,146.33229093978304,148.55697631835938,189000,EME,148.05046224998895,146.72534241465024,148.87477985562495,146.33229093978304,147.8557523426818,138.22967909620166,0.08189714565307327,-0.2357352103092458,0.3176323559623191
2023-02-03,148.0802583922939,149.63951272633645,147.40490127265653,147.62339782714844,263800,EME,148.18701755460881,147.38790233231958,149.63951272633645,147.38790233231958,147.74790246136033,138.49757461468556,0.16833011591378977,-0.1549221450646387,0.32325226097842846
2023-02-06,146.9877861372233,147.96107939678348,144.98159724535327,146.40182495117188,284800,EME,146.583071932633,147.7874599434642,147.96107939678348,144.98159724535327,147.60911514908582,138.78654205143337,0.1366825541778951,-0.09660120521613194,0.23328375939402704
2023-02-07,145.48812975049555,147.27580705101258,143.650776225104,147.11691284179688,301100,EME,145.88290646710226,147.1852659380486,147.27580705101258,143.650776225104,147.46783408307166,139.0764852271725,0.16737386826167722,-0.04380619052057012,0.21118005878224733
2023-02-08,146.07408986425617,147.4744502061365,145.9251066540639,146.6004638671875,212900,EME,146.51852764791101,146.53408620257542,147.4744502061365,145.9251066540639,147.32289433744188,139.37090169207173,0.148314166298519,-0.005382119156752292,0.1536962854552713
2023-02-09,147.48438242111737,148.29878157123989,144.12749398527924,144.15728759765625,428700,EME,146.01698639382317,146.5263069252432,148.29878157123989,144.12749398527924,147.19247971060926,139.66424166797808,-0.06320609082951023,-0.01694691349130388,-0.04625917733820635
2023-02-10,144.16720936743053,144.92200603607867,142.86617128851026,144.87234497070312,207200,EME,144.20693291568065,146.2716466595332,146.2716466595332,142.86617128851026,147.0487835358925,139.93227184039534,-0.17116517886819338,-0.047790566566681784,-0.12337461230151159
2023-02-13,145.18023791512155,147.11691359126618,144.79290581077885,146.2528533935547,256600,EME,145.83572767768032,145.23928978760694,147.11691359126618,144.79290581077885,146.93205718281538,140.21485595829807,-0.14367188158990984,-0.0669668295713274,-0.07670505201858245
2023-02-14,145.90524014311265,147.4347009329223,144.85249223975376,146.00454711914062,154800,EME,146.04924510873235,145.53750873264363,147.4347009329223,144.85249223975376,146.78090687998713,140.4859989652625,-0.14030217049506177,-0.08163389775607427,-0.058668272738987504
2023-02-15,144.5644612186907,147.9610688097527,144.4750803976064,147.62339782714844,183900,EME,146.15600206329958,145.793376920688,147.9610688097527,144.4750803976064,146.65798585981452,140.77505591784836,-0.006924110502779968,-0.0666919403054154,0.05976782980263544
2023-02-16,145.84565875813942,149.70905337830794,145.84565875813942,147.74258422851562,294500,EME,147.2857387807756,145.9746894919938,149.70905337830794,145.84565875813942,146.62547475716983,141.1027607552804,0.10716102390796323,-0.03192134746273968,0.1390823713707029
2023-02-17,148.30869575138934,151.1888558478258,148.17958000522435,150.15597534179688,268400,EME,149.4582767365591,146.6302141363847,151.1888558478258,146.6302141363847,146.65556329676826,141.45447012395968,0.3878439841335819,0.05203171885652464,0.33581226527705726
2023-02-21,148.7357615241049,148.80529005683644,144.77305948249648,145.4781951904297,203200,EME,146.94807656346688,148.0442454364719,148.80529005683644,144.77305948249648,146.63445578159167,141.78722144592987,0.23017616045046907,0.08766060717531353,0.14251555327515553
2023-02-22,146.13368331904073,147.05733076744662,145.2199771777302,145.53778076171875,239200,EME,145.98719300648406,147.4961609999694,147.4961609999694,145.2199771777302,146.567292187341,142.09636660340038,0.10877741355997728,0.09188396845224628,0.016893445107730998
2023-02-23,154.33717378789135,164.68592209183052,152.42038082321577,161.01121520996094,743200,EME,158.11367297822463,146.74167700322673,164.68592209183052,146.74167700322673,146.76250221716668,142.5293284692944,1.2467728537356493,0.3228617455089269,0.9239111082267224
2023-02-24,164.80509566307975,168.72807755621182,159.89887918149762,164.38796997070312,576900,EME,164.45500559287308,152.42767499072568,168.72807755621182,152.42767499072568,147.09619722425217,143.02102117311964,2.393527235314423,0.7369948434700261,1.6565323918443968
2023-02-27,164.98385836477777,165.79825745106206,163.6331591433146,164.90440368652344,472600,EME,164.82991966141947,158.44134029179938,165.79825745106206,158.44134029179938,147.38649091837627,143.50241603526945,3.3059018508012343,1.2507762449362678,2.0551256058649665
2023-02-28,165.02356144060727,167.74481166222216,165.02356144060727,166.07630920410156,555400,EME,165.96706093688456,161.63562997660944,167.74481166222216,161.63562997660944,147.74710298280547,143.9599043661465,4.076536512760953,1.8159282985012049,2.260608214259748
2023-03-01,166.32464385890955,167.22842384283143,164.86469624009158,165.84793090820312,347700,EME,166.06642371250894,163.80134545674701,167.22842384283143,163.80134545674701,148.17126703738978,144.41855968383754,4.615635640119109,2.3758697668247857,2.2397658732943233
2023-03-02,165.15268690061677,166.83113091610593,164.6461803968635,165.7187957763672,217500,EME,165.58719849748834,164.93388458462798,166.83113091610593,164.6461803968635,148.58549972723858,144.8728686596232,4.975105536904323,2.895716920840693,2.0793886160636297
2023-03-03,166.65238105833788,168.31095773388154,164.22906634288412,167.7945098876953,209200,EME,166.7467287556997,165.26054154105816,168.31095773388154,164.22906634288412,148.99340536422977,145.3465272885843,5.365629168202048,3.3896993703129645,1.9759297978890835
2023-03-06,167.22839133952823,167.6455169846258,164.45746470179864,165.351318359375,367000,EME,166.1706728463319,166.00363514837892,167.6455169846258,164.45746470179864,149.4002565018226,145.8034009190548,5.415549735555629,3.7948694433614976,1.6206802921941317
2023-03-07,166.05645704779258,167.20852703468364,164.49720271324193,164.67596435546875,346900,EME,165.6095377877967,166.08715399735541,167.20852703468364,164.49720271324193,149.76388810249549,146.2469833985557,5.33907123119846,4.103709800928891,1.2353614302695695
2023-03-08,165.0832116517391,166.87090436371642,163.5934702508302,166.8212432861328,320900,EME,165.5922073881046,165.84834589257605,166.87090436371642,163.5934702508302,150.13337368697032,146.69153197849613,5.3894414204736165,4.360856124837836,1.0285852956357804
2023-03-09,167.53628177687142,167.67532366941555,163.67288724000565,163.76226806640625,216800,EME,165.6616901881747,165.72027664034033,167.67532366941555,163.67288724000565,150.48043640581068,147.14239913356533,5.123466292885098,4.5133781584472885,0.6100881344378095
2023-03-10,162.9478746049816,162.9478746049816,156.04539598573885,157.40603637695312,417200,EME,159.83679539316378,165.69098341425752,165.69098341425752,156.04539598573885,150.69790480237282,147.5212182109219,4.349644319770931,4.480631390712017,-0.13098707094108608
2023-03-13,154.69471957450486,157.66427579948882,153.71150008882736,154.61526489257812,272700,EME,155.1714400888498,162.76388940371066,162.76388940371066,153.71150008882736,150.84409242738215,147.82653177878436,3.4711793014006105,4.278740972849736,-0.8075616714491254
2023-03-14,158.04166126568563,159.03482192939623,156.37314347034868,157.3067169189453,363400,EME,157.68908589609396,158.96766474628024,159.03482192939623,156.37314347034868,151.04068269710876,148.1239325264469,2.958068359750598,4.014606450229908,-1.05653809047931
2023-03-15,153.890248021257,154.88340872504625,151.70529750380663,154.84368896484375,460600,EME,153.8306608037384,158.32837532118708,158.32837532118708,151.70529750380663,151.1743920706677,148.39745808808334,2.325867319558,3.676858624095527,-1.3509913045375268
2023-03-16,153.20498310411426,159.54135400442658,152.8971056736858,159.44203186035156,453100,EME,156.27136866064455,156.07951806246274,159.54135400442658,152.8971056736858,151.35860205972122,148.70647828704097,2.1708668800794158,3.375660275292305,-1.204793395212889
2023-03-17,158.97526403085064,159.99821849076088,156.09508848230035,159.30299377441406,898100,EME,158.59289119458148,156.17544336155365,159.99821849076088,156.09508848230035,151.60918530497528,149.0437491311975,2.0135972083324702,3.103247661900338,-1.089650453567868
2023-03-20,160.38552414305738,162.56053330896827,159.8094891284225,160.54441833496094,337600,EME,160.8249912288523,157.38416727806757,162.56053330896827,157.38416727806757,151.97629370107114,149.38377015469075,1.966464271385405,2.8758909837973516,-0.9094267124119466
2023-03-21,162.74923389600173,164.30850341965666,160.10743803518508,160.91189575195312,314800,EME,162.01926777569915,159.10457925345992,164.30850341965666,159.10457925345992,152.32298720247945,149.72018139871932,1.9364413452594533,2.6880010560897722,-0.7515597108303189
2023-03-22,159.79954934267914,162.03416090054125,158.20056002176506,158.8163299560547,374800,EME,159.71265005526004,160.56192351457952,162.03416090054125,158.20056002176506,152.607177615269,150.02593635499287,1.7236837602143567,2.4951375969146894,-0.7714538367003327
2023-03-23,158.69716413630647,159.45197607440207,154.95295867643506,156.56187438964844,327200,EME,157.415993319198,160.13728678491978,160.13728678491978,154.95295867643506,152.86562497587448,150.26683002477208,1.357507615520234,2.2676116006357985,-0.9101039851155646
2023-03-24,154.8238228871196,156.58172159173103,152.50975660813913,155.62828063964844,339500,EME,154.88589543165955,158.7766400520589,158.7766400520589,152.50975660813913,153.02197691114526,150.4433802898495,0.980672586309538,2.0102237977705464,-1.0295512114610084
2023-03-27,156.9392616117631,158.86599583811054,154.71457613778148,158.08139038085938,435100,EME,157.1503059921286,156.83126774185922,158.86599583811054,154.71457613778148,153.19261081892523,150.62369868338246,0.8699453765537442,1.782168113527186,-0.9122227369734419
2023-03-28,157.7139391201693,158.81634822168095,156.85982022030953,158.42901611328125,185100,EME,157.95478091886025,156.99078686699391,158.81634822168095,156.85982022030953,153.33135548635633,150.78534744760975,0.8010102093707303,1.585936532695895,-0.7849263233251647
2023-03-29,159.4321051914712,160.11738858184796,158.08140587035464,159.46189880371094,205600,EME,159.2731996118462,157.47278389292708,160.11738858184796,157.47278389292708,153.5389758255589,150.96970524677968,0.8202680541548091,1.432802836987678,-0.6125347828328689
2023-03-30,159.8591618919466,161.17012620905626,158.26017246922717,159.83929443359375,239700,EME,159.78218875095595,158.37299175238664,161.17012620905626,158.26017246922717,153.78915344395716,151.16870279141483,0.8561139593847713,1.3174650614670966,-0.4613511020823253
2023-03-31,160.56429078797072,161.72628700463184,159.6307172922524,161.47799682617188,302900,EME,160.8498229777567,159.0775902516713,161.72628700463184,159.0775902516713,154.1230046137256,151.34486545795764,1.0051647716152274,1.2550050034967228,-0.2498402318814954
2023-04-03,161.70645081609885,163.81194688984127,161.66671589710484,163.3948211669922,776300,EME,162.6449836925093,159.963706614714,163.81194688984127,159.963706614714,154.50437889336484,151.5299510300757,1.263396668537979,1.256683336504974,0.006713332033004837
2023-04-04,163.86161426273412,163.86161426273412,157.00879529814782,157.6146240234375,288700,EME,160.58666196176338,161.30434515361165,163.86161426273412,157.00879529814782,154.84016674195644,151.6845814747751,0.9902190758316181,1.203390484370303,-0.21317140853868488
2023-04-05,156.57178627110213,157.01872073241867,150.57310200539743,153.18511962890625,444900,EME,154.33718215945612,160.94550355768752,160.94550355768752,150.57310200539743,155.03820288056428,151.78572091387082,0.41155572157393294,1.045023531811029,-0.6334678102370961
2023-04-06,153.08579029869833,153.234758342517,150.48371410380042,151.7748260498047,245100,EME,152.1447721987051,157.64134285857182,157.64134285857182,150.48371410380042,155.1828565346,151.81215223084337,-0.15900514885910866,0.8042177956770016,-0.9632229445361102
2023-04-10,151.11934427977837,156.1943963494432,151.11934427977837,155.6580810546875,620300,EME,153.52279149092186,154.89305752863845,156.1943963494432,151.11934427977837,155.3384843431776,151.84373188583098,-0.294438421329005,0.5844865522758003,-0.8789249736048053
2023-04-11,156.3334185416851,157.28684426083646,153.57243320023179,153.86044311523438,256700,EME,155.26328477949693,154.20792450978016,157.28684426083646,153.57243320023179,155.53900355785854,151.90025669731932,-0.540593004088521,0.359470641002936,-0.900063645091457
2023-04-12,154.89336585817804,155.23103689490705,153.1751867538669,153.7115020751953,287400,EME,154.25277289553682,154.73560464463856,155.23103689490705,153.1751867538669,155.7173754134808,151.93901205564515,-0.7391698911643516,0.1397425345694785,-0.8789124257338301
2023-04-13,153.7114842254098,155.3303258450016,152.94674625091497,154.9231414794922,179500,EME,154.22792445020465,154.4941887700877,155.3303258450016,152.94674625091497,155.87891253419534,151.95524444591044,-0.7896714896283754,-0.04614027027009229,-0.7435312193582831
2023-04-14,154.2768519159973,156.41460831042576,154.06804053463634,155.0225830078125,192600,EME,154.94552094221797,154.3610566101462,156.41460831042576,154.06804053463634,156.02307032228705,151.99043516646742,-0.8123065062270314,-0.1993735174614801,-0.6129329887655512
2023-04-17,155.3705777271449,156.31518255655203,154.46576888982798,156.28533935546875,174400,EME,155.60921713224843,154.65328877618208,156.31518255655203,154.46576888982798,156.17424541993228,152.01499888130704,-0.7200507392906843,-0.30350896182732096,-0.41654177746336335
2023-04-18,156.83221524684203,158.5921448643254,154.51547551063658,155.7981414794922,193600,EME,156.43449427532403,155.13125295421526,158.5921448643254,154.51547551063658,156.33919495434657,152.04354870785343,-0.6784296614065966,-0.3784931017431761,-0.2999365596634205
2023-04-19,155.49983426668615,156.2654557080802,154.256949212706,155.05239868164062,292900,EME,155.26865946727824,155.78287361476964,156.2654557080802,154.256949212706,156.51290670503946,152.06101092706265,-0.6975786166091495,-0.4423102047163708,-0.25526841189277877
2023-04-20,154.46578071758233,158.31374849140573,154.46578071758233,158.025390625,403700,EME,156.3176751378926,155.52576654102393,158.31374849140573,154.46578071758233,156.72160207845528,152.09471808076347,-0.46746999495729824,-0.4473421627645563,-0.020127832192741946
2023-04-21,158.07509415064214,158.7114507143221,156.11630602126502,156.88192749023438,480100,EME,157.44619459411592,155.92172083945826,158.7114507143221,155.92172083945826,156.94015541737937,152.13152487741064,-0.3730746013372084,-0.43248865047908674,0.05941404914187837
2023-04-24,157.2299474146049,159.6262184461822,157.2299474146049,158.82083129882812,467200,EME,158.22673614355503,156.6839577167871,159.6262184461822,156.6839577167871,157.18435041237402,152.18841506149164,-0.14019614466627672,-0.3740301493165248,0.23383400465024806
2023-04-25,157.05097487756137,159.715728704317,157.05097487756137,159.0893096923828,690100,EME,158.22674703795565,157.45534693017106,159.715728704317,157.05097487756137,157.4647466948195,152.25676511535602,0.0652732433186145,-0.28616947078949695,0.35144271410811145
2023-04-26,157.46857851634078,158.35351217226875,154.5850909197948,156.96148681640625,928700,EME,156.84216710620265,157.84104698406335,158.35351217226875,154.5850909197948,157.68487548338996,152.30846633310267,0.055768822222404424,-0.21778181218711667,0.2735506344095211
2023-04-27,161.16741499781153,170.60340542414204,160.87907229099008,170.46420288085938,630900,EME,165.77852389845074,157.341607045133,170.60340542414204,157.341607045133,158.07946105918433,152.43018396958576,1.1248265393572865,0.05073985812176395,1.0740866812355225
2023-04-28,170.24545189949046,173.05934593739119,168.54517819502865,170.02670288085938,623500,EME,170.4691697281924,161.56006547179186,173.05934593739119,161.56006547179186,158.56572441248218,152.61185513614834,1.9146885509090055,0.4235295966792123,1.4911589542297932
2023-05-01,169.87756581218923,171.01107657848985,166.089238741612,166.6659393310547,414800,EME,168.41095511583643,166.01461759999214,171.01107657848985,166.01461759999214,158.9882287391834,152.80685174817663,2.243611398711181,0.787545957085606,1.456065441625575
2023-05-02,166.38753040617632,166.38753040617632,163.89182228818268,165.79095458984375,335400,EME,165.61445942259476,167.2127863579143,167.2127863579143,163.89182228818268,159.31135239290413,152.98345784483618,2.405946910952906,1.1112261478590661,1.29472076309384
2023-05-03,166.69573340920317,167.90879040681213,164.62758607983793,165.01536560058594,318600,EME,166.0618688741098,166.41362289025454,167.90879040681213,164.62758607983793,159.69362823911698,153.1640420103543,2.4438443084555956,1.3777497799783722,1.0660945284772234
2023-05-04,164.08073814352866,165.56224760391655,163.3648350487611,164.32931518554688,271600,EME,164.33428399543828,166.23774588218217,166.23774588218217,163.3648350487611,160.06057005889605,153.31393112311852,2.390958255630295,1.5803914751087569,0.8105667805215382
2023-05-05,166.0792857559957,167.81932498366174,165.74122463302854,166.92445373535156,232200,EME,166.64107227700939,165.28601493881024,167.81932498366174,165.28601493881024,160.23111804487175,153.4968101310192,2.529295525844134,1.7701722852558324,0.7591232405883015
2023-05-08,167.39178034227558,167.80938793770994,164.79663550698203,165.52247619628906,237700,EME,166.38006999581415,165.9635436079098,167.80938793770994,164.79663550698203,160.26961933293057,153.68290827859136,2.4970168822876815,1.9155412046622022,0.5814756776254792
2023-05-09,165.51250754219038,165.9400526768945,164.17018574489396,165.41307067871094,210700,EME,165.25895416067243,166.17180680186198,166.17180680186198,164.17018574489396,160.27820002291563,153.83234547064595,2.434543808215409,2.019341725372844,0.4152020828425651
2023-05-10,166.22843130779265,167.29234832409298,164.00119073405338,165.36338806152344,333000,EME,165.7213396068656,165.7153804812672,167.29234832409298,164.00119073405338,160.27328559631525,154.01019428956036,2.3538902928764003,2.086251438873555,0.26763885400284515
2023-05-11,163.99124194766506,165.32362644849846,163.7725081047778,164.10061645507812,237200,EME,164.29699823900486,165.7183600440664,165.7183600440664,163.7725081047778,160.23789708684518,154.20458206211748,2.1631413388302576,2.1016294188648956,0.06151191996536198
2023-05-12,164.37902732265226,166.07928572854826,163.76254596517748,164.1602783203125,267300,EME,164.59528433417262,165.00767914153562,166.07928572854826,163.76254596517748,160.21805880357886,154.40177926540872,1.9938023203361013,2.0800639991591368,-0.08626167882303548
2023-05-15,164.408847905535,165.62190498285725,163.61339840323458,164.6574249267578,171100,EME,164.57539405459616,164.80148173785412,165.62190498285725,163.61339840323458,160.17463210955677,154.58401873689326,1.878066324932206,2.0396644643137507,-0.16159813938154466
2023-05-16,164.06082793513883,164.30940494716177,161.56512019632578,163.3449249267578,335500,EME,163.32006950134604,164.68843789622514,164.68843789622514,161.56512019632578,160.11762004265708,154.75893827223982,1.661286655314541,1.9639889025139088,-0.3027022471993679
2023-05-17,164.09068907535303,165.2341374926249,163.99125218170335,164.51824951171875,240100,EME,164.45858206535002,164.0042536987856,165.2341374926249,163.99125218170335,160.09460092820814,154.9292445153518,1.5661115345532437,1.884413428921776,-0.3183018943685323
2023-05-18,163.9912260396399,165.9500141911544,163.62333690127357,165.7611083984375,323000,EME,164.83142138262633,164.2314178820678,165.9500141911544,163.62333690127357,160.07938520809859,155.10637944753447,1.5728421456089734,1.8220991722592157,-0.2492570266502423
2023-05-19,166.8846735574043,166.8846735574043,163.82220268426994,164.01112365722656,372300,EME,165.4006683640763,164.53141963234708,166.8846735574043,163.82220268426994,160.0741647716166,155.27730058871364,1.4205913669878214,1.741797611204937,-0.3212062442171155
2023-05-22,164.25968665268488,165.4429156584491,162.31085137302117,163.97134399414062,245400,EME,163.99619941957394,164.9660439982117,165.4429156584491,162.31085137302117,160.15735285214478,155.4276288272588,1.2819441870585422,1.649826926375658,-0.3678827393171158
2023-05-23,162.58928426721323,164.1304650415079,161.75405383233175,162.1716766357422,413200,EME,162.66136994419878,164.48112170889283,164.48112170889283,161.75405383233175,160.3071514492518,155.57562193831697,1.0151452204946168,1.5228905851994499,-0.5077453647048331
2023-05-24,162.83785068061732,163.96140857807728,160.57082930252992,160.75973510742188,539800,EME,162.0324559171616,163.5712458265458,163.96140857807728,160.57082930252992,160.39401884967313,155.71735077339093,0.6819125724033768,1.3546949826402352,-0.6727824102368585
2023-05-25,161.29667771858126,166.92446578234274,161.0282102559376,166.5267333984375,386500,EME,163.94402178882478,162.8018508718537,166.92446578234274,161.0282102559376,160.59628606937486,155.8853390700213,0.8731072266305375,1.2583774314382958,-0.3852702048077583
2023-05-26,166.95430583476792,170.67300906739607,166.95430583476792,169.88751220703125,373800,EME,168.61728323599078,163.37293633033926,170.67300906739607,163.37293633033926,160.84320436088177,156.10090321030148,1.2810499834583595,1.2629119418423087,0.018138041616050815
2023-05-30,170.6928639988333,172.79085462655934,169.38038524012677,170.04656982421875,276600,EME,170.72766842243453,165.99510978316502,172.79085462655934,165.99510978316502,161.08589990543885,156.34754260520705,1.598752751193615,1.33008010371257,0.268672647481045
2023-05-31,169.19147519617502,171.26957554850276,162.46994252121232,163.90174865722656,619100,EME,166.70818548077915,168.36138910279976,171.26957554850276,162.46994252121232,161.20356379047738,156.58992874577427,1.339260607166949,1.3319162044034458,0.007344402763503233
2023-06-01,163.91172087311142,164.99551322296946,162.50974260112633,164.51824951171875,363300,EME,163.9838065522315,167.53478729178946,167.53478729178946,162.50974260112633,161.24285456600802,156.78292088424374,1.169872122522463,1.2995073880272494,-0.12963526550478632
2023-06-02,165.63186110920785,172.21417651166345,165.3832840602095,172.20423889160156,499200,EME,168.8583901431706,165.7592969220105,172.21417651166345,165.3832840602095,161.42576936776624,157.01647349151762,1.6369558287030657,1.3669970761624128,0.2699587525406528
2023-06-05,171.20990663005546,171.70706065817132,167.04375344693452,169.35055541992188,201800,EME,169.8278190387708,167.30884353259054,171.70706065817132,167.04375344693452,161.6740058821577,157.2698154290161,1.756605568525913,1.4449187746351129,0.3116867938908001
2023-06-06,169.51960388620176,174.25250527221104,169.14176192987793,173.65591430664062,388800,EME,171.64244634873285,168.56833128568067,174.25250527221104,168.56833128568067,162.00913690049916,157.51555690582222,2.1737773776578138,1.5906904952396532,0.5830868824181605
2023-06-07,174.00391546119758,175.79367305461452,173.50676141702274,175.71412658691406,310800,EME,174.75461912993723,170.10538881720674,175.79367305461452,170.10538881720674,162.36122316325532,157.7769169910903,2.640036870103131,1.8005597702123488,0.8394770998907823
2023-06-08,174.92862072485025,175.89310081751825,173.68573557161187,175.51527404785156,273500,EME,175.00568279045797,172.43000397357198,175.89310081751825,172.43000397357198,162.7022412006873,158.01679834352183,2.9593911203831738,2.032326040246514,0.9270650801366598
2023-06-09,174.20279631851852,174.55081026271387,171.84629070284055,173.5962677001953,258300,EME,173.54904124606705,173.71784338201496,174.55081026271387,171.84629070284055,162.9877580333717,158.26336692946532,3.022789059446154,2.230418644086442,0.792370415359712
2023-06-12,173.6658577321025,175.24680398208002,171.81644404490345,173.715576171875,379800,EME,173.61117048274025,173.63344231404102,175.24680398208002,171.81644404490345,163.26433766800739,158.52674555598227,3.0475295557754123,2.393840826424236,0.6536887293511762
2023-06-13,173.65591163919848,177.4442384200846,173.65591163919848,176.13174438476562,486500,EME,175.22195152081179,173.62230639839063,177.4442384200846,173.62230639839063,163.55178023886847,158.83739242629704,3.22492621739471,2.560057904618331,0.6648683127763793
2023-06-14,175.56498072918163,176.0720723758407,172.78091513801436,174.76953125,339900,EME,174.79687487325918,174.4221289596012,176.0720723758407,172.78091513801436,163.7948180624835,159.14959847792417,3.21849433506506,2.691745190707677,0.5267491443573831
2023-06-15,174.36188261104175,175.97265700355072,172.214173306404,175.82351684570312,366800,EME,174.5930574416749,174.6095019164302,175.97265700355072,172.214173306404,164.07494597208174,159.4575563570191,3.260855735916266,2.8055672997493946,0.4552884361668714
2023-06-16,177.59337917099185,177.89167465019912,174.11330064809616,174.72976684570312,530100,EME,176.08203032874755,174.60127967905254,177.89167465019912,174.11330064809616,164.50984293546753,159.7740229080159,3.1696334062593223,2.87838052105138,0.2912528852079421
2023-06-20,174.00392175491612,174.0138593742616,172.2539449180215,173.7454071044922,341400,EME,173.50428328792285,175.34165500390003,175.34165500390003,172.2539449180215,164.9370331572519,160.05994484592594,2.9835173178416596,2.899407880409436,0.08410943743222354
2023-06-21,173.48688041944135,177.00673973945007,173.1189912618125,176.9073028564453,448500,EME,175.12997856928732,174.42296914591145,177.00673973945007,173.1189912618125,165.3691768988192,160.35383062099842,3.0559306724526607,2.930712438818081,0.1252182336345795
2023-06-22,176.8277733495027,178.23968922638957,175.40591985213723,176.3505096435547,577500,EME,176.70597301789604,174.7764738575994,178.23968922638957,174.7764738575994,165.79803066358718,160.66851711072283,3.0334228088266855,2.9512545128198022,0.08216829600688325
2023-06-23,175.01815314628155,176.91727048957225,173.01958373117606,174.5508270263672,5885600,EME,174.87645859834925,175.74122343774772,176.91727048957225,173.01958373117606,166.21050437764345,160.9639398955621,2.8376550965369347,2.9285346295632286,-0.09087953302629392
2023-06-26,175.79367821639133,177.97121542132552,175.2567433366317,176.54934692382812,450400,EME,176.39274597454417,175.3088410180485,177.97121542132552,175.2567433366317,166.65380080813023,161.26635667116278,2.8113639736397147,2.905100498378526,-0.09373652473881133
2023-06-27,176.9868512130686,179.20415414585364,176.9470855626062,178.8561553955078,314800,EME,177.99856157925905,175.85079349629632,179.20415414585364,175.85079349629632,167.11486162087104,161.56896597157908,2.942746089069175,2.912629616516656,0.030116472552518925
2023-06-28,179.38312257738292,179.82062055575975,177.8220516247145,178.33909606933594,567300,EME,178.84122270679828,176.92467753777768,179.82062055575975,176.92467753777768,167.57950173236205,161.87687357614715,2.970898329109076,2.9242833590351403,0.04661497007393578
2023-06-29,178.22972080009822,182.8930280563527,177.5038801601844,182.3958740234375,368900,EME,180.2556257600182,177.88295012228798,182.8930280563527,177.5038801601844,168.05592436205595,162.19755965820124,3.282716150788218,2.995969917385756,0.2867462334024622
2023-06-30,183.1416332764582,184.60326757207423,181.30215700261945,183.728271484375,383200,EME,183.19383233388172,179.0692879411531,184.60326757207423,179.0692879411531,168.614427819388,162.56366726221373,3.5958961088077785,3.115955155670161,0.47994095313761775
2023-07-03,183.3007073586301,183.70836215575144,181.89872927299996,183.22116088867188,114400,EME,183.03223991901334,181.1315601375174,183.70836215575144,181.1315601375174,169.14871911501038,162.93516059673283,3.759832881857534,3.2447307009076356,0.5151021809498983
2023-07-05,181.90867756694138,183.06207869111208,180.61607390515968,181.61038208007812,238800,EME,181.7993030608228,182.08190002826535,183.06207869111208,180.61607390515968,169.63578128434455,163.28796835086197,3.716931099580137,3.339170780642136,0.37776031893800077
2023-07-06,180.645906774954,182.3660708874305,179.60189530087848,182.0777130126953,429500,EME,181.17289649398958,181.94060154454408,182.3660708874305,179.60189530087848,170.09470449135327,163.63952745186361,3.678240363365518,3.4069846971868127,0.2712556661787051
2023-07-07,181.52091517569355,184.04646667544264,181.52091517569355,183.3007354736328,583600,EME,182.59725812511564,181.55674901926682,184.04646667544264,181.52091517569355,170.58211471309644,164.02343070395796,3.7035728847152996,3.4663023346925104,0.23727055002278918
2023-07-10,183.29074656207086,186.43276371447033,183.29074656207086,185.12026977539062,291800,EME,184.53363165350066,182.07700357219124,186.43276371447033,182.07700357219124,171.13594400404244,164.4104097437162,3.82636237839489,3.5383143434329867,0.28804803496190345
2023-07-11,185.14015778666754,186.59185423030445,183.7381797804312,185.19981384277344,274500,EME,185.16750141004417,183.30531761284595,186.59185423030445,183.30531761284595,171.52372355427428,164.80159230672928,3.885305099577323,3.607712494661854,0.2775926049154691
2023-07-12,186.691274958463,187.38730273456306,185.42851465231584,186.49241638183594,218000,EME,186.49987718179446,184.23640951144506,187.38730273456306,184.23640951144506,171.84433770334633,165.20503105791423,3.9903219059038406,3.6842343769102515,0.30608752899358915
2023-07-13,186.7410062683896,187.33759721133302,185.6671516742542,186.5719757080078,192200,EME,186.57943271549615,185.36814334661977,187.33759721133302,185.36814334661977,172.20770725533947,165.59796799726143,4.033472889519203,3.7540820794320418,0.27939081008716116
2023-07-14,186.85039480057958,186.92994127707485,184.94132488051022,186.61175537109375,252300,EME,186.3333540823146,185.97378803105795,186.92994127707485,184.94132488051022,172.62208514853393,165.96671877071898,4.024488443657532,3.80816335227714,0.21632509138039202
2023-07-17,186.9199767818624,188.5904070322735,185.98532478234992,188.00376892089844,213800,EME,187.37486937934608,186.15357105668627,188.5904070322735,185.98532478234992,173.04834515863863,166.3709866988778,4.082630047668744,3.8630566913554607,0.2195733563132829
2023-07-18,188.00376226075676,191.5335587664918,188.00376226075676,189.8631134033203,231100,EME,189.3510491728314,186.7642202180162,191.5335587664918,186.7642202180162,173.5486804621865,166.8046252605413,4.229980664250576,3.936441485934484,0.29353917831609166
2023-07-19,191.39582123882153,191.4654957720319,186.90726571192835,190.32095336914062,275900,EME,190.0223840229806,188.05763469542381,191.4654957720319,186.90726571192835,174.01630669710593,167.12371237098884,4.333744242444226,4.015902037236432,0.3178422052077936
2023-07-20,190.8683212417041,190.8683212417041,188.14134109777825,189.77354431152344,250200,EME,189.9128819731775,189.0400093592022,190.8683212417041,188.14134109777825,174.48696293665319,167.37829113479188,4.321985135379265,4.077118656864999,0.24486647851426557
2023-07-21,190.96785493917739,190.98774893003693,189.116696310318,189.44512939453125,300100,EME,190.12935739351587,189.47644566618985,190.98774893003693,189.116696310318,174.98437100131005,167.63128551211284,4.237320426945729,4.109159010881146,0.1281614160645832
2023-07-24,190.40054783992628,191.21665701224583,188.2110092400777,189.56454467773438,296400,EME,189.84818969249605,189.80290152985287,191.21665701224583,188.2110092400777,175.4669080030227,167.87009679966897,4.132225131796702,4.113772235064257,0.018452896732444657
2023-07-25,189.22618569341705,190.5498651074625,188.64894101153047,188.90769958496094,302600,EME,189.33317284934273,189.82554561117445,190.5498651074625,188.64894101153047,175.96763149522943,168.10276429103732,3.9503967292587276,4.081097133903151,-0.13070040464442378
2023-07-26,188.1712264513441,189.89299830936483,186.63853863509743,188.30059814453125,450300,EME,188.25084038508442,189.5793592302586,189.89299830936483,186.63853863509743,176.44074261624766,168.32940070991327,3.714490068441023,4.007775720810726,-0.29328565236970316
2023-07-27,194.07303083559674,199.6464162571717,192.12234138216945,199.60659790039062,796800,EME,196.36209659383212,188.9150998076715,199.6464162571717,188.9150998076715,177.07647666703235,168.62555438829457,4.389235655806942,4.08406770780997,0.30516794799697244
2023-07-28,201.24876222552658,211.69884843890642,200.89047294790342,210.81307983398438,857200,EME,206.1627908615802,192.6385982007518,211.69884843890642,192.6385982007518,177.93333109423705,169.02547556844704,5.761827074732935,4.419619581194563,1.342207493538372
2023-07-31,211.6888884944262,214.90352984475436,211.5794107921548,214.01776123046875,550300,EME,213.04739759045103,199.40069453116598,214.90352984475436,199.40069453116598,178.90510740473906,169.4998541664736,7.0272014650670656,4.941135957969063,2.0860655070980023
2023-08-01,213.5500153729015,216.99355921966838,212.80358061472177,213.3609161376953,545400,EME,214.17701783624673,206.22404606080852,216.99355921966838,206.22404606080852,179.8920193338115,169.98570227095502,7.886111689807706,5.5301311043367924,2.3559805854709133
2023-08-02,212.5846215894253,215.6300729212149,212.28604465397945,215.15234375,368000,EME,213.9132707286549,210.2005319485276,215.6300729212149,210.2005319485276,180.86227138110306,170.46821807635985,8.61208273877915,6.146521431225264,2.4655613075538865
2023-08-03,214.55519222011742,216.43620705868167,212.70403355468488,214.21681213378906,436100,EME,214.47806124181827,212.05690133859127,216.43620705868167,212.05690133859127,181.87190861754797,171.01463073484635,9.00809077940059,6.71883530086033,2.2892554785402597
2023-08-04,215.38124732392615,216.6451991432672,211.8779762275867,215.84901428222656,381800,EME,214.93835924425164,213.26748129020478,216.6451991432672,211.8779762275867,182.91744840354897,171.61229992640037,9.345901344100128,7.24424850950829,2.101652834591838
2023-08-07,216.32674337500666,220.67596498713078,216.18740949594843,219.73048400878906,360300,EME,218.23015046671873,214.10292026722823,220.67596498713078,214.10292026722823,184.04140229454012,172.21771057210663,9.813694655381397,7.758137738682912,2.0555569166984853
2023-08-08,218.79492898565314,221.21338523717944,216.67506482857726,220.12855529785156,314400,EME,219.20298358731537,216.16653536697348,221.21338523717944,216.16653536697348,185.14658153050996,172.87143379994242,10.100117384938557,8.22653366793404,1.8735837170045162
2023-08-09,219.36223831615723,219.4916100071417,215.41110933189225,215.96844482421875,385400,EME,217.5583506198525,217.68475947714444,219.4916100071417,215.41110933189225,186.12540287818717,173.48430361953447,9.877560940000535,8.55673912234734,1.3208218176531954
2023-08-10,217.06322708420734,219.30253128994707,215.83906318430036,218.84471130371094,299700,EME,217.76238321554143,217.62155504849846,219.30253128994707,215.83906318430036,187.06609717404933,174.0759985397441,9.820074316945892,8.80940616126705,1.0106681556788413
2023-08-11,218.65561907069525,221.75083581267302,218.00871502061716,219.91958618164062,276100,EME,219.5836890214065,217.69196913201995,221.75083581267302,217.69196913201995,188.1236072448619,174.66358551766965,9.748870265590398,8.99729898213172,0.7515712834586772
2023-08-14,219.91958840595953,222.42761347415575,219.19306281854213,222.34799194335938,263500,EME,220.9720641605042,218.63782907671322,222.42761347415575,218.63782907671322,189.26337239702735,175.2531134815177,9.775704357165893,9.152980057138555,0.6227243000273379
2023-08-15,221.75082634776544,221.75082634776544,218.4466165185658,219.78024291992188,225800,EME,220.43212803350463,219.8049466186087,221.75082634776544,218.4466165185658,190.29484715483397,175.86030826130013,9.480489499896237,9.218481945690092,0.26200755420614463
2023-08-16,220.09871380639385,221.26316534466108,215.3115815193637,215.89877319335938,302800,EME,218.1430584659445,220.11853732605667,221.26316534466108,215.3115815193637,191.26115194337748,176.4675789127676,8.831523129262365,9.141090182404547,-0.3095670531421817
2023-08-17,215.72959520143561,216.46608297377725,209.70836688151326,210.96237182617188,431200,EME,213.2166042207245,219.1307978960006,219.1307978960006,209.70836688151326,192.09263510081732,177.05088600065824,7.828642551705059,8.87860065626465,-1.0499581045595914
2023-08-18,209.96710453625676,214.10733261958302,208.7230467121505,213.1717987060547,403900,EME,211.49232064351122,216.17370105836255,216.17370105836255,208.7230467121505,192.8273891310888,177.5943061471721,7.129945183048761,8.528869561621473,-1.398924378572712
2023-08-21,213.79881514806817,215.1921538785298,210.20597543639224,214.15708923339844,367600,EME,213.33850842409717,213.8330108509369,215.1921538785298,210.20597543639224,193.5940456437616,178.14814342222442,6.579878452715263,8.139071339840232,-1.5591928871249685
2023-08-22,213.96799421162945,216.22719223817793,212.9826949687884,216.07791137695312,197900,EME,214.8139481988872,213.58575963751701,216.22719223817793,212.9826949687884,194.419343782818,178.70355090809483,6.2271580976353675,7.756688691399259,-1.5295305937638917
2023-08-23,216.87412959572904,219.19305534752695,215.41111628800138,218.078369140625,177900,EME,217.38916759297058,214.1998539182021,219.19305534752695,214.1998539182021,195.2949037250226,179.27962069651497,6.039426152750195,7.413236183669447,-1.3738100309192518
2023-08-24,218.45654283761104,219.6906536036077,216.37648190586228,216.90396118164062,158100,EME,217.85690988218042,215.79451075558634,219.6906536036077,215.79451075558634,196.14760289224995,179.84969156555923,5.729832385496678,7.076555424034893,-1.3467230385382152
2023-08-25,217.8394993433403,219.22289099343953,214.19689450250266,219.08355712890625,340400,EME,217.58571049204718,216.82571031888338,219.22289099343953,214.19689450250266,197.00337960462574,180.3990988335546,5.595846832752329,6.780413705778381,-1.1845668730260517
2023-08-28,220.18828997036314,223.58206820532646,220.18828997036314,221.4622039794922,314000,EME,221.35521303138623,217.20571040546528,223.58206820532646,217.20571040546528,197.93862271641996,181.00678434425083,5.61685166887969,6.547701298398643,-0.9308496295189528
2023-08-29,220.18831082480673,223.7612416233996,219.2627238103324,223.65176391601562,157300,EME,221.7160100436386,219.28046171842576,223.7612416233996,219.2627238103324,198.85130231071776,181.68057262309267,5.743964493615209,6.386953937441956,-0.6429894438267469
2023-08-30,224.24890544488954,225.44319797743552,223.06455990837395,223.3233184814453,180800,EME,224.01999545303607,220.49823588103217,225.44319797743552,220.49823588103217,199.86161655402003,182.39932485563597,5.751895253329849,6.259942200619535,-0.508046947289686
2023-08-31,223.84087200758722,225.28397625381044,222.43757093550767,223.1840057373047,350100,EME,223.6866062335525,222.2591156670341,225.28397625381044,222.2591156670341,200.83274910730532,183.10096300306228,5.681446880316344,6.144243136558897,-0.4627962562425534
2023-09-01,224.04983759407713,226.41852859902173,223.72140449947324,224.9256591796875,251400,EME,224.7788574680649,222.9728609502933,226.41852859902173,222.9728609502933,201.7942067963087,183.79611872994795,5.700441770022167,6.055482863251552,-0.35504109322938504
2023-09-05,223.81099528007283,223.81099528007283,214.25662461985226,219.53143310546875,427900,EME,220.35251207136668,223.8758592091791,223.8758592091791,214.25662461985226,202.70372786576908,184.45711612170626,5.220052874041784,5.888396865409598,-0.6683439913678146
2023-09-06,219.84989932278393,222.03945330915192,219.46175387724654,221.92001342773438,227700,EME,220.8177799842292,222.1141856402729,222.1141856402729,219.46175387724654,203.5922285459628,185.12301467704648,4.974734045359924,5.705664301399664,-0.7309302560397404
2023-09-07,221.00439627354163,222.4674095846948,219.00395662939007,221.53187561035156,257700,EME,221.00190952449452,221.46598281225104,222.4674095846948,219.00395662939007,204.45229550486746,185.78357856286925,4.694877997053169,5.503507040530366,-0.8086290434771968
2023-09-08,221.99962671777533,223.52235226964547,220.84513741983707,221.7010498046875,284300,EME,222.01704155298634,221.23394616837277,223.52235226964547,220.84513741983707,205.31581188179123,186.44765680707664,4.435610054514228,5.289927643327139,-0.8543175888129104
2023-09-11,222.1688232335347,225.09484973182026,220.72571916217876,221.3925323486328,240900,EME,222.34548111904164,221.62549386067957,225.09484973182026,220.72571916217876,206.1576089889717,187.10676667551382,4.157320558258391,5.063406226313389,-0.906085668054998
2023-09-12,221.22334287557632,222.7659776536054,218.4366502420807,218.89447021484375,215600,EME,220.33011024652654,221.9854874898606,222.7659776536054,218.4366502420807,206.9003345472246,187.75738118330628,3.69263499287527,4.7892519796257655,-1.0966169867504956
2023-09-13,218.38691161592203,219.04377788869374,214.19693275025983,214.90354919433594,359100,EME,216.6327928623029,221.15779886819357,221.15779886819357,214.19693275025983,207.5723456060904,188.3605323605504,2.9681197249946933,4.4250255286995515,-1.4569058037048581
2023-09-14,216.0281718111461,217.23242658501516,215.05283463348005,217.17271423339844,333100,EME,216.37153681575995,218.89529586524822,218.89529586524822,215.05283463348005,208.26379028118913,188.94978578276684,2.547670846153153,4.049554592190272,-1.5018837460371186
2023-09-15,215.97839536727176,215.97839536727176,209.78796212993248,211.84812927246094,1006000,EME,213.39822053423424,217.63341634050408,217.63341634050408,209.78796212993248,208.90829676199402,189.50150062667362,1.7644728291380716,3.5925382395798318,-1.8280654104417602
2023-09-18,212.2163638187473,215.6798318690469,211.21117052506312,214.68458557128906,225000,EME,213.4479879460366,215.51581843736915,215.6798318690469,211.21117052506312,209.52531135841244,190.05371303575444,1.3570182148118306,3.1454342346262316,-1.788416019814401
2023-09-19,214.48551710647544,215.7494841151961,213.3509369718077,215.42105102539062,186400,EME,214.75174730471747,214.48190319170288,215.7494841151961,213.3509369718077,210.1296736714368,190.63280883773962,1.081072177535134,2.7325618232080124,-1.6514896456728785
2023-09-20,216.33668822316886,217.94899759198032,213.85853459979361,213.9381561279297,158200,EME,215.5205941357181,214.61682524821018,217.94899759198032,213.85853459979361,210.73673552595028,191.13022954011228,0.7342616188737736,2.332901782341165,-1.5986401634673912
2023-09-21,212.46516816390908,212.46516816390908,207.72780141482536,207.91690063476562,233000,EME,210.14375959435228,215.06870969196416,215.06870969196416,207.72780141482536,211.20961317420145,191.5269754387739,-0.026151782596201656,1.8610910693536917,-1.8872428519498934
2023-09-22,207.90693730298972,210.4149621262811,207.5287540514537,209.0315704345703,214200,EME,208.7205559788237,212.60623464315822,212.60623464315822,207.5287540514537,211.652435639468,191.93007144740375,-0.5326997138763261,1.3823329127076882,-1.9150326265840143
2023-09-25,208.91215279934536,211.231078482066,208.5638105226425,210.1064453125,130600,EME,209.70337177913848,210.66339531099095,211.231078482066,208.5638105226425,212.11983599340445,192.37096057096917,-0.8377520946868913,0.9383159112287723,-1.7760680059156635
2023-09-26,209.51924828329098,210.73344994336503,206.6429871804523,207.2301788330078,172700,EME,208.53146606002903,210.18338354506471,210.73344994336503,206.6429871804523,212.5429679270181,192.79565654282837,-1.2966519743733045,0.491322334108357,-1.7879743084816615
2023-09-27,208.7927036640856,211.45002450986934,208.2353681950644,211.26092529296875,143600,EME,209.93475541549702,209.35742480254686,211.45002450986934,208.2353681950644,212.95464205187142,193.25166125702899,-1.3198712283259226,0.1290836216215011,-1.4489548499474236
2023-09-28,211.22110814445466,214.03765686442733,211.0718272809192,211.69883728027344,179400,EME,212.00735739251866,209.64609010902194,214.03765686442733,209.64609010902194,213.39434151926216,193.70532410818407,-1.2880885339644692,-0.15435080949569296,-1.1337377244687763
2023-09-29,213.4007033122659,214.04762249927882,208.44438114164652,209.38986206054688,206900,EME,211.32064225343453,210.8267237507703,214.04762249927882,208.44438114164652,213.82249672486734,194.15472983076026,-1.4327002464063128,-0.41002069687781695,-1.0226795495284957
2023-10-02,208.61357765205665,209.91734787589112,204.23450000442514,205.97618103027344,213800,EME,207.18540164066158,211.07368300210243,211.07368300210243,204.23450000442514,214.16361760981025,194.57399430556015,-1.8019893882397469,-0.688414435150203,-1.113574953089544
2023-10-03,204.3339966087957,206.0159651307261,201.79611574022476,202.85108947753906,213500,EME,203.7492917393214,209.12954232138202,209.12954232138202,201.79611574022476,214.44163965074674,194.9542738268847,-2.320078049002717,-1.014747157920706,-1.3053308910820112
2023-10-04,203.03023999771753,205.2595971196455,201.70656063028403,204.3937225341797,216800,EME,203.59753007045668,206.4394170303517,206.4394170303517,201.70656063028403,214.72692679516902,195.3472791451992,-2.5764892852644437,-1.3270955833894535,-1.24939370187499
2023-10-05,204.02549860184996,206.1951283219702,202.79138767984102,203.4283447265625,198700,EME,204.11008983255593,205.0184735504042,206.1951283219702,202.79138767984102,215.04411178411843,195.74242720018304,-2.825029773709474,-1.6266824214534576,-1.1983473522560164
2023-10-06,202.4430570655203,207.40932647010683,202.04494942681112,205.73731994628906,398100,EME,204.40866322718182,204.56428169148006,207.40932647010683,202.04494942681112,215.20504311678545,196.14075989190894,-2.8033694007043266,-1.8620198173036315,-0.9413495834006951
2023-10-09,204.61269195364633,207.77758322032548,204.32407719621136,207.06100463867188,142000,EME,205.94383925221376,204.48647245933094,207.77758322032548,204.32407719621136,215.20066408459815,196.56699758941758,-2.648858712482223,-2.01938759633935,-0.6294711161428732
2023-10-10,207.31975083734417,209.07139401509434,206.17522368608948,206.21502685546875,299800,EME,207.19534884849918,205.21515585577237,209.07139401509434,205.21515585577237,215.0836231097591,196.9943652572491,-2.565102313105257,-2.1285305396925316,-0.43657177341272524
2023-10-11,206.3046116393938,209.0116829581779,206.3046116393938,208.98182678222656,166100,EME,207.65068325479803,206.20525235213577,209.0116829581779,206.20525235213577,214.95309641813012,197.42255787597082,-2.2495358828194867,-2.152731608317923,-0.09680427450156381
2023-10-12,209.03158937377796,209.03158937377796,204.06530462739732,205.68756103515625,183000,EME,206.95401110252737,206.9279678034669,209.03158937377796,204.06530462739732,214.8139112256076,197.83809130335533,-2.239451920022077,-2.1700756706587536,-0.06937624936332343
2023-10-13,205.89674545285996,206.63387522987622,200.7468382796652,201.2349395751953,182400,EME,203.62809963439918,206.94098945299714,206.94098945299714,200.7468382796652,214.59691199345917,198.2344103055036,-2.56122543406633,-2.248305623340269,-0.3129198107260609
2023-10-16,202.968139906282,205.14963153322418,201.0456475918109,201.8026885986328,163400,EME,202.74152690748747,205.28454454369816,205.28454454369816,201.0456475918109,214.3529753467239,198.63521187513643,-2.7388489154613467,-2.3464142817644844,-0.39243463369686227
2023-10-17,201.09546027930958,206.81314380547366,199.58136303637318,205.57797241210938,589300,EME,203.26698488331644,204.01303572559283,206.81314380547366,199.58136303637318,214.05371203505587,199.04755716479798,-2.54563841672757,-2.386259108757102,-0.15937930797046818
2023-10-18,203.53595147327422,203.53595147327422,195.5869669452935,195.6865692138672,380000,EME,199.5863597764273,203.64001030445462,203.64001030445462,195.5869669452935,213.6613795588381,199.40398054467406,-3.1543103504371857,-2.539869357093119,-0.6144409933440667
2023-10-19,195.25824715075711,197.71864965204654,193.2460928558846,194.8299102783203,344500,EME,195.26322498425213,201.61318504044095,201.61318504044095,193.2460928558846,213.2154770461261,199.67043996215662,-3.6635809788238305,-2.7646116814392614,-0.8989692973845691
2023-10-20,195.57700623336274,195.66665283958108,191.37340421421075,191.7818145751953,274600,EME,193.59971946558747,198.43820501234654,198.43820501234654,191.37340421421075,212.732223771127,199.89916047258816,-4.26398490639798,-3.064486326431005,-1.1994985799669746
2023-10-23,191.8415539431519,194.182427463308,191.12435078801855,191.7519073486328,241900,EME,192.2250598857778,196.018962238967,196.018962238967,191.12435078801855,212.18505118841443,200.15432921663813,-4.6881801850334455,-3.3892250981514933,-1.2989550868819522
2023-10-24,194.14258213106828,195.01916717769436,191.5626509227833,192.0706787109375,200700,EME,193.19876973562086,194.1220110623724,195.01916717769436,191.5626509227833,211.62958529991676,200.44647884847203,-4.941671303951097,-3.6997143393114142,-1.2419569646396824
2023-10-25,191.82165464046383,193.76407364097778,190.75580550714847,190.8554229736328,319500,EME,191.79923919055574,193.66039039899664,193.76407364097778,190.75580550714847,211.0569275230578,200.6758873389459,-5.180903592073832,-3.995952189863898,-1.1849514022099346
2023-10-26,205.93658017571482,208.9249216873318,201.23492164814485,205.23928833007812,719400,EME,205.3339279603174,192.7298147947762,208.9249216873318,192.7298147947762,210.80074491294522,201.03094842816137,-4.161863805421348,-4.029134512975388,-0.13272929244595932
2023-10-27,206.31510281719247,206.82313062577347,201.17516672669473,204.52210998535156,382200,EME,204.70887753875306,199.0318713775468,206.82313062577347,199.0318713775468,210.63059037930583,201.36161274006156,-3.3732529709519383,-3.8979582045706986,0.5247052336187603
2023-10-30,206.4346208198378,209.03447833796184,202.77888514943552,204.16348266601562,302200,EME,205.6028667433127,201.8703744581499,209.03447833796184,201.8703744581499,210.5128013013018,201.67009521619534,-2.745562297386442,-3.6674790231338474,0.9219167257474052
2023-10-31,203.9045048340506,207.0522282908278,203.9045048340506,205.846923828125,252700,EME,205.1770404467635,203.7366206007313,207.0522282908278,203.7366206007313,210.34957194175516,201.9718087927584,-2.0882017932293877,-3.3516235771529557,1.263421783923568
2023-11-01,205.56800081341586,206.96256925834226,203.31678908878627,205.8867645263672,323400,EME,205.43353092172788,204.45683052374739,206.96256925834226,203.31678908878627,210.16196359621196,202.29065368951498,-1.5462004104177254,-2.99053894380591,1.4443385333881844
2023-11-02,208.84522804713697,211.23589514562087,206.5442075449608,206.58404541015625,281600,EME,208.30234403696872,204.94518072273763,211.23589514562087,204.94518072273763,209.98022712509194,202.6375654250573,-1.0483113885915998,-2.602093432763048,1.5537820441714483
2023-11-03,208.63606417309984,212.46113810028922,206.62390973452403,209.403076171875,301600,EME,209.281047044947,206.6237623798532,212.46113810028922,206.6237623798532,209.80870986834728,202.97815638029863,-0.4214008817976662,-2.1659549225699717,1.7445540407723055
2023-11-06,209.14407929989596,210.69801453836644,207.31121818833606,209.97084045410156,271900,EME,209.281038120175,207.9524047124001,210.69801453836644,207.31121818833606,209.64261642090983,203.32299801276778,0.11986234554669295,-1.7087914689466388,1.8286538144933318
2023-11-07,209.18388190798728,209.18388190798728,205.5679842283127,207.77935791015625,287500,EME,207.92877648861088,208.61672141628753,209.18388190798728,205.5679842283127,209.3740876900543,203.65635520323715,0.367743903686403,-1.2934843944200305,1.6612282981064335
2023-11-08,208.95479177990444,210.82747534969624,206.50434519457838,206.77330017089844,227000,EME,208.26497812376937,208.2727489524492,210.82747534969624,206.50434519457838,209.10506705165696,203.97818468118737,0.4775069697105039,-0.9392861215939237,1.4167930913044275
2023-11-09,208.16787742514435,209.37318192531433,206.55417777982666,208.27745056152344,182800,EME,208.0931719229522,208.2688635381093,209.37318192531433,206.55417777982666,208.78653058105527,204.32407356753768,0.6780512039420898,-0.615818656486721,1.2938698604288108
2023-11-10,209.552474215803,210.37925056860115,207.7495105064746,209.86126708984375,272700,EME,209.3856255951806,208.18101773053075,210.37925056860115,207.7495105064746,208.5005109682878,204.66663003779658,0.9537900141725117,-0.3018969223548744,1.2556869365273862
2023-11-13,209.21378155688956,211.31558229652043,209.1838993586547,210.67807006835938,167100,EME,210.09783332010602,208.78332166285568,211.31558229652043,208.78332166285568,208.20689048532867,205.00054864081866,1.2241133650418021,0.003305135124460893,1.2208082299173413
2023-11-14,213.45723644261284,217.9596754315395,213.45723644261284,216.74441528320312,194900,EME,215.40464089999207,209.44057749148084,217.9596754315395,209.44057749148084,208.10793306190112,205.40583046383512,1.9058801287013694,0.3838201338398426,1.5220599948615268
2023-11-15,216.62487493626116,217.87001721864667,212.04274525728619,213.92539978027344,446200,EME,215.11575929811687,212.42260919573647,217.87001721864667,212.04274525728619,207.99389264817893,205.79306059707088,2.1934297167627506,0.7457420504244242,1.4476876663383265
2023-11-16,214.1445592926565,215.7682297932232,208.79543258027505,208.89505004882812,357400,EME,211.9008179287457,213.76918424692667,215.7682297932232,208.79543258027505,207.81187081626393,206.1320831605657,1.9924400454503939,0.9950816494296182,0.9973583960207757
2023-11-17,209.33331562007558,214.54300190270652,208.97471403273858,213.83575439453125,277900,EME,211.67169648751297,212.8350010878362,214.54300190270652,208.97471403273858,207.60496391495445,206.46038789837286,2.2063938969802734,1.2373440989397493,0.9690497980405242
2023-11-20,213.46719217938852,213.46719217938852,211.66422861810833,212.80975341796875,191800,EME,212.8520915987135,212.25334878767458,213.46719217938852,211.66422861810833,207.4150961245479,206.78635255675982,2.2670312366926453,1.4432815264903285,0.8237497102023168
2023-11-21,212.3515348515299,215.30999408502097,212.32165265317062,213.02890014648438,297300,EME,213.25302043405148,212.55272019319403,215.30999408502097,212.32165265317062,207.27355432829842,207.08694443776147,2.3061858004321607,1.615862381278695,0.6903234191534657
2023-11-22,213.9353710471406,215.64868804687322,212.88944848807847,215.41957092285156,154100,EME,214.47326962623595,212.90287031362277,215.64868804687322,212.88944848807847,207.23036386357705,207.40135473483372,2.5012899131527035,1.7929478876534968,0.7083420254992068
2023-11-24,215.02113338242074,215.96743848731882,214.7820605898134,215.6586456298828,44400,EME,215.35731952235892,213.68806996992936,215.96743848731882,213.68806996992936,207.21007951770906,207.73693489944907,2.6447160189715646,1.9633015139171104,0.6814145050544542
2023-11-27,215.62875289686784,220.07141187947983,215.08088727358873,218.4875946044922,362500,EME,217.31716166360715,214.52269474614414,220.07141187947983,214.52269474614414,207.2884583402965,208.09837755114523,2.952618828981173,2.161164976929923,0.7914538520512497
2023-11-28,217.55125957994682,219.07531256023023,210.42905160540644,210.81753540039062,329100,EME,214.46828978649353,215.91992820487565,219.07531256023023,210.42905160540644,207.30886437710564,208.41708786775905,2.5483485717785186,2.2386016958996424,0.30974687587887617
2023-11-29,212.21207986083064,213.39745772925326,209.94094158500045,210.5884246826172,270600,EME,211.53472596442538,215.1941089956846,215.1941089956846,209.94094158500045,207.24452395029977,208.6870988108683,2.1842949674608576,2.2277403502118855,-0.04344538275102794
2023-11-30,210.80756638991966,212.79979397132195,210.67806673329164,211.69410705566406,241100,EME,211.49488353754933,213.36441748005498,213.36441748005498,210.67806673329164,207.1640097383364,208.95037263214334,1.9623781167147456,2.1746679035124576,-0.21228978679771204
2023-12-01,211.32552610890053,214.47324920865773,210.2696479651883,213.4871063232422,197200,EME,212.3888824014972,212.42965050880215,214.47324920865773,210.2696479651883,207.2089121944793,209.20926268434036,1.9091796354331052,2.121570249896587,-0.21239061446348195
2023-12-04,213.46721114877062,216.39578843761925,210.93707333889125,215.94752502441406,273800,EME,214.18689948742377,212.4092664551497,216.39578843761925,210.93707333889125,207.31823906465132,209.48533735205964,2.042015597651414,2.1056593194475526,-0.06364372179613875
2023-12-05,215.36976914222072,215.36976914222072,210.72787523469867,210.947021484375,354900,EME,213.10360875087878,213.29808297128673,215.36976914222072,210.72787523469867,207.38624380408612,209.7530398987453,1.7239179569059502,2.0293110469392324,-0.3053930900332822
2023-12-06,212.15233460203245,213.865651729512,209.7118585819166,211.0665740966797,257300,EME,211.69910475253516,213.20084586108277,213.865651729512,209.7118585819166,207.44959657793623,209.9962822524772,1.4645873304441182,1.9163663036402097,-0.4517789731960915
2023-12-07,210.6780762218308,213.0587876808496,209.52258052469847,211.6144256591797,235400,EME,211.21846752163964,212.44997530680897,213.0587876808496,209.52258052469847,207.47527082005908,210.21495643596526,1.2884208693365053,1.7907772167794689,-0.5023563474429635
2023-12-08,211.66425287127478,214.3935952913456,211.1861072448236,213.89553833007812,197500,EME,212.78487343438053,211.83422141422432,214.3935952913456,211.1861072448236,207.49082114089634,210.44258133007924,1.3176849562402424,1.6961587646716236,-0.37847380843138123
2023-12-11,214.3736647687826,215.69848279162167,214.14454764347252,215.32992553710938,154900,EME,214.88665518524652,212.30954742430242,215.69848279162167,212.30954742430242,207.5621413995326,210.69231906219997,1.4400203575805506,1.6449310832534092,-0.20491072567285862
2023-12-12,215.8180515338498,218.42786521271154,214.45336508998943,215.8877716064453,212700,EME,216.14676336074902,213.59810130477447,218.42786521271154,213.59810130477447,207.74136863393431,210.9524931218723,1.5639572347305943,1.6287363135488464,-0.06477907881825207
2023-12-13,215.6486891831837,216.84402274291435,213.98518090597253,216.60494995117188,387000,EME,215.77071069581064,214.87243233276175,216.84402274291435,213.98518090597253,207.98179701306412,211.21171833190544,1.700446710313713,1.6430783929018198,0.0573683174118933
2023-12-14,219.09524957256383,220.97790423822613,216.8838754955012,217.77041625976562,337500,EME,218.6818613915142,215.32157151428618,220.97790423822613,215.32157151428618,208.28348363948524,211.50520521732713,1.8809762703841955,1.690657968398295,0.1903183019859005
2023-12-15,217.5811327394854,219.80247748469617,215.26020093222286,215.798095703125,868400,EME,217.11047671488234,217.00171645290018,219.80247748469617,215.26020093222286,208.5434913771318,211.79380158062511,1.8436450691075663,1.7212553885401494,0.12238968056741695
2023-12-18,214.41351493523374,217.0731371989931,214.01507545882095,215.9276123046875,260300,EME,215.3573349744338,217.05609658389125,217.0731371989931,214.01507545882095,208.76246481207684,211.98375396443112,1.8037185853931703,1.7377480279107536,0.06597055748241676
2023-12-19,218.1389892770109,220.17105495309852,216.1766436704573,217.35205078125,543100,EME,217.95968467045418,216.20671577916252,220.17105495309852,216.1766436704573,209.00278172044165,212.1017229025199,1.865512374512008,1.7633008972310045,0.10221147728100344
2023-12-20,217.35204129143713,217.91983348760021,214.1047155784687,214.1345977783203,258600,EME,215.8777970339566,217.08320022480837,217.91983348760021,214.1047155784687,209.17643068415077,212.13002689695492,1.6360039939638682,1.7378415165775773,-0.10183752261370915
2023-12-21,215.19046145002253,215.92759112853636,210.7577581118082,213.1882781982422,321800,EME,213.76602222215232,216.48049862938248,216.48049862938248,210.7577581118082,209.29873746349784,212.125916940814,1.3620559345086463,1.6626844001637913,-0.300628465655145
2023-12-22,214.413506430399,216.41568979911693,212.44120526125215,215.17054748535156,386000,EME,214.61023724402992,215.1232604257674,216.41568979911693,212.44120526125215,209.45186198632788,212.1328866059677,1.290032002744681,1.5881539206799693,-0.2981219179352883
2023-12-26,214.86175981225423,217.02332509721265,214.31389414106857,215.66860961914062,133200,EME,215.466897167419,214.86674883489866,217.02332509721265,214.31389414106857,209.6886379369883,212.14277496522377,1.2586332292404734,1.5222497823920702,-0.2636165531515968
2023-12-27,216.20650506267577,217.94970422664656,214.17442438267514,215.35980224609375,176700,EME,215.9226089795228,215.16682300115883,217.94970422664656,214.17442438267514,209.95225957842905,212.1526174625765,1.1950554455483768,1.4568109150233317,-0.26175546947495487
2023-12-28,214.88167331727277,216.08696252131267,214.62268919727433,215.37973022460938,185500,EME,215.24276381511729,215.54471599034082,216.08696252131267,214.62268919727433,210.19177515706502,212.12274359606047,1.1332146224740711,1.3920916565134798,-0.25887703403940865
2023-12-29,215.05100773218876,216.8340447468953,214.5629064982402,214.59278869628906,221100,EME,215.26018691840332,215.39373990272907,216.8340447468953,214.5629064982402,210.50525169990453,212.08331562937133,1.0090737460401442,1.3154880744188127,-0.30641432837866844
2024-01-02,212.84959082826975,214.38361460164202,210.17005745697227,211.95309448242188,226900,EME,212.33908934232647,215.32696341056618,215.32696341056618,210.17005745697227,210.846768987066,212.03112301659607,0.6897390623028912,1.1903382719956284,-0.5005992096927372
2024-01-03,210.75779794370428,211.20604619529774,208.49661495076393,209.70191955566406,284600,EME,210.04059466135752,213.83302637644633,213.83302637644633,208.49661495076393,211.1755864909815,211.95390513105423,0.2521068907183803,1.0026919957401788,-0.7505851050217984
2024-01-04,209.86126113866484,211.2956675317832,209.86126113866484,210.3095245361328,572800,EME,210.33192858631142,211.93681051890192,211.93681051890192,209.86126113866484,211.5377238649921,211.86138752670328,-0.04517041781579678,0.7931195130289836,-0.8382899308447804
2024-01-05,210.31948290444782,211.96306471797087,210.28960070416497,211.6243896484375,526800,EME,211.04913449375528,211.13436955260667,211.96306471797087,210.28960070416497,211.8947311601548,211.7621582300358,-0.1726757028046677,0.5999604698622534,-0.7726361726669211
2024-01-08,212.34156944598024,213.47713853001972,209.5624187296038,212.99900817871094,232100,EME,212.09503372107866,211.09175202318096,213.47713853001972,209.5624187296038,212.3006470507653,211.67878728691153,-0.16094901252853333,0.44777857338409605,-0.6087275859126293
2024-01-09,211.6343724194798,214.56293460837432,210.27965686565094,213.3875274658203,243600,EME,212.46612283983134,211.5933928721298,214.56293460837432,210.27965686565094,212.44329094835552,211.6220179306504,-0.11893426633162107,0.33443600544095264,-0.4533702717725737
2024-01-10,213.2082167890742,217.8102734359934,213.2082167890742,217.7206268310547,296400,EME,215.4868334612991,212.02975785598056,217.8102734359934,212.02975785598056,212.65885006680645,211.64472022305614,0.2609989943408664,0.3197486032209354,-0.058749608880069026
2024-01-11,217.60107982367416,220.58942154301826,216.73446558890183,220.34039306640625,235100,EME,218.8163400055001,213.75829565863984,220.58942154301826,213.75829565863984,212.92311953205024,211.717960416676,0.7646773570115784,0.408734353979064,0.35594300303251436
2024-01-12,221.9454416549989,222.05510402535032,218.26678557269307,218.30665588378906,216400,EME,220.14349678420783,216.28731783206996,222.05510402535032,216.28731783206996,213.22244865879912,211.78601030027716,0.988347440182821,0.5246569712198154,0.4636904689630056
2024-01-16,216.59192800377434,219.67243792829163,216.41248879885993,219.60264587402344,162400,EME,218.06987515123734,218.21540730813888,219.67243792829163,216.41248879885993,213.4751755433893,211.81856956980064,1.2557081320287864,0.6708672033816095,0.5848409286471768
2024-01-17,218.08731616141978,219.62258924087294,217.18012593650897,218.31661987304688,158900,EME,218.30166280296214,218.1426412296881,219.62258924087294,217.18012593650897,213.67516191870916,211.82769452190055,1.3482797266218824,0.8063497080296641,0.5419300185922183
2024-01-18,219.6425544492453,227.13942055983202,219.47306378876573,222.57350158691406,282900,EME,222.2071350961893,218.22215201632514,227.13942055983202,218.22215201632514,213.93368367973397,211.8711967740406,1.7450226257526538,0.994084291574262,0.7509383341783917
2024-01-19,223.85951803834433,224.52745598155647,216.55205575903247,218.2069549560547,244400,EME,220.78649618374698,220.21464355625722,224.52745598155647,216.55205575903247,214.16379284100546,211.90320463095762,1.6876462755927548,1.1327966883779605,0.5548495872147943
2024-01-22,219.26370236005525,223.6800731190694,217.74837199412204,223.20155334472656,218500,EME,220.9734252044933,220.5005698700021,223.6800731190694,217.74837199412204,214.4246858153231,211.89938675268868,2.0218903595998086,1.31061542262233,0.7112749369774785
2024-01-23,223.8894554993168,224.30816224341334,219.20391026371743,220.82888793945312,183700,EME,222.05760398647516,220.7369975372477,224.30816224341334,219.20391026371743,214.7005383325772,211.90280269211706,2.071448565627975,1.462782051223459,0.6086665144045158
2024-01-24,222.48377009855636,222.7429651452041,218.39638636423476,219.4331817626953,321600,EME,220.76407584267264,221.39730076186143,222.7429651452041,218.39638636423476,214.9539564109716,211.87024349601342,1.97533158399267,1.5652919577773012,0.4100396262153687
2024-01-25,221.7759704333897,222.79282311032696,219.77214119263346,219.8020477294922,386000,EME,221.0357456164606,221.08068830226705,222.79282311032696,219.77214119263346,215.18695881139723,211.84373488984252,1.90694056058706,1.633621678339253,0.273318882247807
2024-01-26,220.26061972305044,223.81963418873755,219.85187680774752,223.52056884765625,302600,EME,221.86317489179794,221.05821695936382,223.81963418873755,219.85187680774752,215.42226564283104,211.81457806407983,2.1282604968540397,1.7325494420422105,0.3957110548118292
2024-01-29,222.85262538160316,228.1961444114838,219.94160597745565,223.9392852783203,392000,EME,223.73241526221574,221.46069592558086,228.1961444114838,219.94160597745565,215.58882113007556,211.84837709598833,2.3108075069526137,1.8482010550242913,0.4626064519283224
2024-01-30,225.8134984178095,230.30964034431304,225.8134984178095,230.04046630859375,338800,EME,227.99427587213145,222.5965555938983,230.30964034431304,222.5965555938983,215.84639146155578,211.92014205486737,2.914198579878388,2.0614005599951106,0.8527980198832772
2024-01-31,230.24982720729358,232.3134542489057,226.29203335334685,227.40858459472656,415500,EME,229.06597485106818,225.29541573301486,232.3134542489057,225.29541573301486,216.18969460000227,212.00078270813313,3.1437799552253978,2.2778764390411683,0.8659035161842294
2024-02-01,228.55503502950512,233.01129128903003,227.59799548531694,233.00132751464844,280000,EME,230.54141232962513,227.18069529204152,233.01129128903003,227.18069529204152,216.56708891684454,212.0860264158995,3.7339695853032993,2.5690950682935947,1.1648745170097046
2024-02-02,231.9944426645988,236.48060553628972,230.62864495736827,234.48675537109375,406500,EME,233.39761213233763,228.8610538108333,236.48060553628972,228.8610538108333,216.97799932751704,212.19654772603246,4.272312177641396,2.9097384901631553,1.3625736874782408
2024-02-05,232.73214790906218,234.2175716972546,229.04352829767578,232.76205444335938,262000,EME,232.188825586838,231.12933297158548,234.2175716972546,229.04352829767578,217.35671543057273,212.31513487943556,4.507820263697937,3.229354844870112,1.278465418827825
2024-02-06,232.9116062717046,236.23136854174223,232.20378278698803,236.21142578125,223700,EME,234.3895458454212,231.65907927921174,236.23136854174223,231.65907927921174,217.75504095495646,212.49270240926674,4.916127500369441,3.566709375969978,1.3494181243994632
2024-02-07,237.64701727435124,240.1991431723623,236.90928720213515,238.25514221191406,300800,EME,238.2526474651907,233.02431256231648,240.1991431723623,233.02431256231648,218.21294751381305,212.71151351576103,5.343033597639447,3.921974220303872,1.4210593773355753
2024-02-08,238.5242792925805,241.28576590921267,238.5242792925805,241.255859375,250700,EME,239.89754596734343,235.6384800137536,241.28576590921267,235.6384800137536,218.6645551998878,212.97650677009216,5.855988363807825,4.308777049004663,1.547211314803162
2024-02-09,240.98668217831118,244.7151872503178,240.2888377027668,244.3961639404297,214400,EME,242.59671776795636,237.76801299054853,244.7151872503178,237.76801299054853,219.22712375951704,213.26799406831134,6.441649717292449,4.73535158266222,1.706298134630229
2024-02-12,244.545719844843,245.3731694686613,242.76121547182848,242.7711944580078,212100,EME,243.86282481083515,240.18236537925245,245.3731694686613,240.18236537925245,219.87368573644525,213.55910484337252,6.697464896298982,5.127774245389573,1.5696906509094086
2024-02-13,238.45450456239797,244.42607586175188,238.20527330050524,242.00355529785156,441500,EME,240.77235225562666,242.0225950950438,244.42607586175188,238.20527330050524,220.45923511080682,213.81162242457162,6.7603293354933385,5.454285263410327,1.3060440720830115
2024-02-14,244.28650237564588,248.02497123382517,243.23974326485066,247.70596313476562,325700,EME,245.81429500227182,241.39747367533522,248.02497123382517,241.39747367533522,221.1277433628223,214.1683277786508,7.187434243955096,5.800915059519281,1.386519184435815
2024-02-15,249.23127061318274,252.17219656404438,246.47976286188623,251.56407165527344,259300,EME,249.8618254235967,243.60588433880352,252.17219656404438,243.60588433880352,221.84124188154576,214.57974047309852,7.747921854853615,6.190316418586148,1.5576054362674672
2024-02-16,251.83324386857794,254.92371768661545,251.44444369770338,252.1422882080078,255500,EME,252.58592336522614,246.7338548812001,254.92371768661545,246.7338548812001,222.63088817383272,215.00856598895942,8.144880456147746,6.581229226098468,1.5636512300492775
2024-02-20,249.4306405861706,251.45439718922887,247.5464528794657,250.3876953125,382300,EME,249.7047964918413,249.65988912321313,251.45439718922887,247.5464528794657,223.3910020086188,215.42029929327754,8.223101232378724,6.90960362735452,1.313497605024204
2024-02-21,249.96901075475404,251.9927675369881,247.84555537549684,251.34475708007812,319800,EME,250.28802268682927,249.68234280752722,251.9927675369881,247.84555537549684,224.17239311192262,215.82383196599082,8.267021568635698,7.181087215610756,1.0859343530249426
2024-02-22,253.83705086186518,258.4827252365384,253.30868180335824,258.4029846191406,302200,EME,256.0078606302256,249.98518274717824,258.4827252365384,249.98518274717824,225.03685285583953,216.2638369983679,8.770270506783476,7.498923873845301,1.271346632938175
2024-02-23,259.8385884463286,269.5586087615856,259.8286094591259,268.8906555175781,894200,EME,264.52911554615457,252.99652168870193,269.5586087615856,252.99652168870193,226.02970206305767,216.79592173129512,9.901231079774249,7.979385315031091,1.921845764743158
2024-02-26,268.52176527410444,275.4105209427679,268.23264849421815,274.0347595214844,1131700,EME,271.54992355814375,258.76281861742825,275.4105209427679,258.76281861742825,227.13776526700556,217.43956695046992,11.084832633514225,8.600474778727717,2.4843578547865075
2024-02-27,274.15435447134155,277.53394457167167,271.4526964422878,276.61676025390625,1125800,EME,274.93943893480184,265.156371087786,277.53394457167167,265.156371087786,228.32113983178536,218.15146842242473,12.091804477537721,9.298740718489718,2.793063759048003
2024-02-28,290.02548182051146,307.0429712317055,288.6198136897641,304.51080322265625,1055000,EME,297.5497674911593,270.0479050112939,307.0429712317055,270.0479050112939,229.8984979537783,219.0909907966318,14.968110011216709,10.432614577035116,4.535495434181593
2024-02-29,307.0529232564453,317.22157119612183,304.9494259505182,312.5559387207031,964200,EME,310.4449647809471,283.7988362512266,317.22157119612183,283.7988362512266,231.76518771509961,220.1543395461157,17.692826181194334,11.88465689786696,5.808169283327375
2024-03-01,314.818975452961,320.1724581954015,313.8020924133431,319.00604248046875,695700,EME,316.94989213554356,297.12190051608684,320.1724581954015,297.12190051608684,233.79703885832177,221.27975183519928,20.140485860090394,13.535822690311646,6.604663169778748
2024-03-04,320.72078120677725,328.12795818682895,320.72078120677725,322.7744445800781,535800,EME,323.0859912951154,307.0358963258152,328.12795818682895,307.0358963258152,235.899564990815,222.4511733556283,22.129260011216047,15.254510154492527,6.87474985672352
2024-03-05,322.3457337947722,328.1976788212211,321.46843490534945,323.66168212890625,596400,EME,323.9183824125622,315.0609438104653,328.1976788212211,315.0609438104653,238.06037669838713,223.61840369126895,23.506007882674453,16.904809700128915,6.601198182545538
2024-03-06,324.66858048815317,329.2444626204498,323.2928191103901,324.7283935546875,611000,EME,325.48356394342017,319.4896631115138,329.2444626204498,319.4896631115138,240.29472753281246,224.79673249815514,24.40187555515945,18.404222871135023,5.997652684024427
2024-03-07,325.3465152714438,327.0014146025436,321.33885686373884,324.83807373046875,799600,EME,324.6312151170487,322.48661352746694,327.0014146025436,321.33885686373884,242.49514709027287,225.97350453830038,24.834431545571476,19.690264606022314,5.144166939549162
2024-03-08,326.88176912793193,329.8625652907418,322.8641319711178,324.0106201171875,423900,EME,325.9047716267448,323.5589143222578,329.8625652907418,322.8641319711178,244.7039045794594,227.19627125822382,24.824307528503482,20.717073190518548,4.107234337984934
2024-03-11,322.43547596369206,322.50526802199397,312.52603809196097,315.43707275390625,584300,EME,318.2259637078883,324.7318429745013,324.7318429745013,312.52603809196097,246.74997167402668,228.35111562622788,23.849547810612933,21.343568114537426,2.5059796960755065
2024-03-12,316.0950521688522,322.6946915342533,313.78217861020255,322.2361145019531,499400,EME,318.7020092038153,321.47890334119484,322.6946915342533,313.78217861020255,248.81915658180063,229.50546586943284,23.356431158997395,21.74614072342942,1.6102904355679755
2024-03-13,321.65786493668753,325.4960325073566,321.42859164378615,322.8641357421875,445900,EME,322.86165620750444,320.0904562725051,325.4960325073566,320.0904562725051,250.97118596758264,230.7382188337436,22.754014608844443,21.947715500512427,0.8062991083320163
2024-03-14,323.2928419121181,326.46305635697854,319.9531368176317,325.7153625488281,425200,EME,323.8560994088891,321.47605624000477,326.46305635697854,319.9531368176317,253.20152616891392,232.02414757798996,22.250179112714818,22.008208222952906,0.2419708897619124
2024-03-15,323.9208899887798,329.09490283842865,323.9208899887798,327.4898681640625,1105000,EME,326.1066377450127,322.6660778244469,329.09490283842865,322.6660778244469,255.522847030587,233.34921676078426,21.743428911404408,21.955252360643208,-0.2118234492387998
2024-03-18,329.4438259868614,335.50514700585654,328.47680752283105,329.8226623535156,329400,EME,330.81211071726614,324.3863577847298,335.50514700585654,324.3863577847298,257.9324506732061,234.73508726909913,21.28470588091642,21.82114306469785,-0.5364371837814303
2024-03-19,328.98527708545595,333.79046328276513,327.0113544703972,333.6608581542969,343600,EME,330.8619882482288,327.59923425099794,333.79046328276513,327.0113544703972,260.3287077482956,236.1117194542252,20.988927606027573,21.654699972963797,-0.6657723669362241
2024-03-20,333.7904806127911,335.4254220119376,331.57730559872476,333.0926208496094,362800,EME,333.4714572682657,329.2306112496134,335.4254220119376,329.2306112496134,262.75623621923927,237.5284416350023,20.47267296058652,21.418294570488342,-0.9456216099018206
2024-03-21,335.2060650594212,346.4015441893045,335.08643892265286,344.826416015625,408200,EME,340.3801160467509,331.35103425893953,346.4015441893045,331.35103425893953,265.3145160833777,238.87890351586663,20.770922377423574,21.28882013187539,-0.5178977544518162
2024-03-22,345.88320246392857,348.6646018037442,344.14853196713057,346.9100341796875,302000,EME,346.4015926036227,335.8655751528452,348.6646018037442,335.8655751528452,267.9328112662242,240.29583066651531,20.93410245923053,21.217876597346418,-0.2837741381158878
2024-03-25,346.0426638354677,347.38851883235446,342.96216886519903,346.0526428222656,276000,EME,345.61149858882175,341.13358387823394,347.38851883235446,341.13358387823394,270.46871443789064,241.69591698497044,20.754988939721102,21.125299065821356,-0.3703101261002537
2024-03-26,346.8003087260027,351.96437313044845,346.481285411571,350.1001281738281,359300,EME,348.83652386046253,343.37254123352784,351.96437313044845,343.37254123352784,273.0425749794157,243.13251181910738,20.701010068552307,21.040441266367548,-0.3394311978152409
2024-03-27,352.21364462696414,353.6392707187752,349.0733364776087,350.5089111328125,310200,EME,351.35879073904016,346.1045325469952,353.6392707187752,346.1045325469952,275.70835329117176,244.59176441728053,20.455419450335626,20.923436903161164,-0.4680174528255385
2024-03-28,350.87770569566055,351.9145161883459,347.61777197983184,349.1231384277344,324700,EME,349.88328307289316,348.7316616430177,351.9145161883459,347.61777197983184,278.3399856965704,246.00757380763977,19.919348984372334,20.7226193194034,-0.8032703350310655
2024-04-01,348.94368562943765,354.4168246943434,346.9299080353411,353.7787780761719,304100,EME,351.0172991088235,349.3074723579554,354.4168246943434,346.9299080353411,280.9161889768231,247.42493632827853,19.643739685451692,20.50684339261306,-0.8631037071613683
2024-04-02,350.917625026323,357.88612153769816,350.2297442933666,357.138427734375,324000,EME,354.0429796479407,350.16238573338944,357.88612153769816,350.16238573338944,283.581318646107,248.87255574355618,19.471952433271383,20.299865200744726,-0.8279127674733431
2024-04-03,356.55025063813366,364.7449760554526,355.93216195310606,361.2956237792969,486400,EME,359.6307531064973,352.10268269066506,364.7449760554526,352.10268269066506,286.35446520414706,250.38957550973507,19.447086863969787,20.12930953338974,-0.6822226694199536
2024-04-04,363.1100345373792,368.39372531656875,355.84244215157844,356.0318603515625,387300,EME,360.8445155892722,355.8667178985812,368.39372531656875,355.84244215157844,289.130203436203,251.91537088439006,18.786084713000037,19.8606645693118,-1.0745798563117646
2024-04-05,357.14841114541247,366.65908496015777,357.14841114541247,363.8975830078125,375600,EME,361.2133725646988,358.3556167439267,366.65908496015777,357.14841114541247,291.9391893706435,253.44657289080754,18.68158415461346,19.624848486372134,-0.9432643317586731
2024-04-08,363.8477190807409,364.5355997658002,359.8101849934244,359.99957275390625,443200,EME,362.04826914846797,359.78449465431277,364.5355997658002,359.78449465431277,294.75943984128367,254.97319932634045,18.075862566909336,19.315051302479574,-1.239188735570238
2024-04-09,360.95667365298397,363.5486849646585,343.410786032117,350.81793212890625,397300,EME,354.6835191946665,360.91638190139037,363.5486849646585,343.410786032117,297.41584672734103,256.41905618508605,16.66286306723339,18.784613655430338,-2.1217505881969494
2024-04-10,346.1024839607726,354.19751052156437,344.0886758829605,348.98358154296875,512500,EME,348.34306297706655,357.7999505480284,357.7999505480284,344.0886758829605,299.908059681638,257.7484404058568,15.21959203849815,18.071609332043902,-2.852017293545753
2024-04-11,350.2496586448441,353.7289477000172,346.5610542750131,351.3163757324219,370300,EME,350.4640090880741,353.0715067625475,353.7289477000172,346.5610542750131,302.3574543459569,259.10192290375636,14.101473338351468,17.277582133305415,-3.1761087949539473
2024-04-12,350.91763029291945,353.8984265646406,349.33252305693367,350.7980041503906,373900,EME,351.2366460162211,351.7677579253108,353.8984265646406,349.33252305693367,304.80086776926,260.4952811846311,13.023402283677342,16.4267461633798,-3.403343879702458
2024-04-15,355.9557841450659,357.15295707318074,346.3785225016359,346.4483337402344,352800,EME,351.48389936502923,351.5022019707659,357.15295707318074,346.3785225016359,307.219717509968,261.89340321340626,11.683362623693029,15.478069455442446,-3.7947068317494175
2024-04-16,345.9395424068017,346.7675651514297,342.5575488573567,344.43310546875,409300,EME,344.92444047108455,351.4930506678976,351.4930506678976,342.5575488573567,309.4502540767429,263.21412670213,10.33957131716312,14.45036982778658,-4.110798510623461
2024-04-17,345.4606650226374,345.4606650226374,333.63869724085987,338.3974304199219,483400,EME,340.73936442651416,348.20874556949104,348.20874556949104,333.63869724085987,311.62126485353645,264.4889901420546,8.687435146417897,13.297782891512846,-4.610347745094948
2024-04-18,340.5323370900382,341.9589461986391,333.9579336259471,335.26483154296875,383500,EME,337.9285121143983,344.4740549980026,344.4740549980026,333.9579336259471,313.692044178916,265.7235425669362,7.044130428197718,12.047052398849821,-5.002921970652103
2024-04-19,335.5541515318949,337.06055794252296,326.6053746797049,327.8524169921875,686600,EME,331.7681252865776,341.20128355620045,341.20128355620045,326.6053746797049,315.5623537353438,266.88765062457844,5.085062261117287,10.654654371303316,-5.569592110186029
2024-04-22,329.5184798099202,334.1973854469549,328.00208717406315,331.8030700683594,449800,EME,330.8802556248244,336.484704421389,336.484704421389,328.00208717406315,317.38200792849335,268.0232815641906,3.8073821788985924,9.285199932822373,-5.47781775392378
2024-04-23,334.29711391027666,340.5123835844532,333.3693217622894,337.280029296875,399600,EME,336.3647121384736,333.6824800231067,340.5123835844532,333.3693217622894,319.2573678159037,269.2422457877104,3.1998702332367657,8.068133992905251,-4.868263759668485
2024-04-24,340.8116863314587,345.7998558063536,334.97552195675763,338.0881652832031,525600,EME,339.9188073444433,335.0235960807901,345.7998558063536,334.97552195675763,321.1784874665759,270.5260866015106,2.7519002663628385,7.004887247596769,-4.2529869812339305
2024-04-25,358.5196562477924,360.4251404720615,347.10672306334715,348.52337646484375,826200,EME,353.6437240620112,337.4712017126167,360.4251404720615,337.4712017126167,323.4359149027036,271.9475750067552,3.2020044576167948,6.244310689600774,-3.0423062319839795
2024-04-26,344.7722960541464,354.4293849050441,344.6625709388585,353.1823425292969,609300,EME,349.2616486068365,345.55746288731393,354.4293849050441,344.6625709388585,325.5048619747949,273.3163026688086,3.8898155247651403,5.773411656633648,-1.883596131868508
2024-04-29,353.1723761048539,364.38577106252114,352.055031041575,362.78955078125,714900,EME,358.10068224755,347.4095557470752,364.38577106252114,347.4095557470752,327.6696391112739,274.75544049640985,5.150757440495681,5.648880813406055,-0.49812337291037334
2024-04-30,361.9814879321135,365.7126290509385,355.65649253183614,356.3249206542969,494700,EME,359.9188825422963,352.7551189973126,365.7126290509385,352.7551189973126,329.81629829481534,276.22359323432397,5.564279815165833,5.63196061375801,-0.06768079859217746
2024-05-01,358.8987830552698,361.2033148485705,353.0925466521152,354.3994445800781,393100,EME,356.89852228400844,356.33700076980443,361.2033148485705,353.0925466521152,331.9601728106587,277.67558740963875,5.67125475446926,5.6398194419002605,0.03143531256899923
2024-05-02,355.6365438435391,356.4645665850678,347.8250533524925,355.4469909667969,398500,EME,353.84328868697406,356.6177615269064,356.6177615269064,347.8250533524925,334.0312781306616,279.1018356212921,5.774002298966934,5.666656013313595,0.10734628565333892
2024-05-03,359.1482326154791,364.24612763688094,358.88883803829304,362.9093017578125,331000,EME,361.2981250121164,355.23052510694026,364.24612763688094,355.23052510694026,336.13708341829937,280.58696813706945,6.383985967597823,5.810122004170442,0.5738639634273817
2024-05-06,366.65036118642354,375.80866255821576,366.65036118642354,371.08984375,437500,EME,370.0498071702657,358.26432505952835,375.80866255821576,358.26432505952835,338.2474972507817,282.13859965691967,7.441720271826739,6.136441657701702,1.3052786141250374
2024-05-07,370.6209598903484,376.90604070630417,369.1245091774668,374.50177001953125,474700,EME,372.78831994841266,364.157066114897,376.90604070630417,364.157066114897,340.27226517858696,283.7050152227963,8.457800010067558,6.600713328174873,1.8570866818926852
2024-05-08,374.112685493843,379.1008546337609,371.54875924903683,378.5321960449219,357800,EME,375.8236238553907,368.47269303165484,379.1008546337609,368.47269303165484,342.2899488769988,285.30554435439205,9.479004160172678,7.176371494574434,2.302632665598244
2024-05-09,378.8913895983928,383.0714780992131,377.7441166958275,381.37548828125,286100,EME,380.2706181686708,372.1481584435228,383.0714780992131,372.1481584435228,343.944365890549,286.92143192216366,10.397885377424473,7.820674271144442,2.5772111062800303
2024-05-10,383.6999598995343,384.4581714065159,378.34267072452207,379.3802185058594,287200,EME,381.4702551341079,376.2093883060968,384.4581714065159,376.2093883060968,345.3648716976123,288.5650297063559,10.840145319087242,8.424568480733003,2.415576838354239
2024-05-13,379.8690488317687,381.1061355696081,370.7506908248241,372.6761169433594,297400,EME,376.1004980423901,378.83982172010235,381.1061355696081,370.7506908248241,346.5478838157492,290.17246133703543,10.528310729146824,8.845316930415768,1.6829937987310561
2024-05-14,372.67612527797706,374.31225952300673,365.3734376657459,373.3744812011719,309800,EME,371.4340759169754,377.4701598812462,377.4701598812462,365.3734376657459,347.51484550818634,291.70720524950065,10.219725099712434,9.120198564275102,1.0995265354373327
2024-05-15,376.207764114758,384.98693059114663,376.207764114758,384.6876525878906,389800,EME,380.5225278521383,374.4521178991108,384.98693059114663,374.4521178991108,348.6469284169779,293.3536525576825,10.763966838558076,9.448952219131696,1.31501461942638
2024-05-16,384.33847188907623,384.85723057282377,374.3122630614228,374.7013244628906,325100,EME,379.55232249655336,377.48732287562456,384.85723057282377,374.3122630614228,349.7283035880405,295.0115155604265,10.271070608724244,9.613375897050206,0.6576947116740381
2024-05-17,377.3151063688941,379.25051855808283,374.7412243194022,377.4747314453125,257900,EME,377.1953951729229,378.51982268608896,379.25051855808283,374.7412243194022,350.77958718915795,296.6373671397155,9.989089554218822,9.68851862848393,0.30057092573489186
2024-05-20,378.32273620925696,385.57552384442937,378.32273620925696,382.92181396484375,267000,EME,381.2857025569467,377.8576089295059,385.57552384442937,377.8576089295059,351.8872058077621,298.2955551936107,10.088853549492342,9.768585612685612,0.3202679368067294
2024-05-21,381.6148833474754,387.8002252984672,380.1583464740572,387.32135009765625,466700,EME,384.223701304414,379.5716557432263,387.8002252984672,379.5716557432263,353.20716055969257,299.9785661168596,10.403003681176187,9.895469226383728,0.5075344547924594
2024-05-22,387.9797969613958,391.6810100086062,383.6799975169854,387.58074951171875,444500,EME,387.73038849967656,381.89767852382016,391.6810100086062,381.89767852382016,354.5877281456098,301.7034423637052,10.551272783974127,10.02662993790181,0.524642846072318
2024-05-23,392.319542741702,395.930972694918,387.4810120949742,389.177001953125,541800,EME,391.2271323711798,384.81403351174833,395.930972694918,384.81403351174833,355.9550376688833,303.46311181823296,10.674531987657701,10.156210347852989,0.5183216398047126
2024-05-24,389.37648043062654,399.62219958025946,389.37648043062654,397.74664306640625,376400,EME,394.03045087697967,388.02058294146406,399.62219958025946,388.02058294146406,357.3585246982451,305.28002543357957,11.333073595162602,10.391582997314913,0.9414905978476895
2024-05-28,399.5922889927867,401.0288842378087,391.5812900304479,392.7485046386719,506800,EME,396.2377419749288,391.0255169092219,401.0288842378087,391.0255169092219,358.7611467828435,307.14199690671524,11.321161263842498,10.57749865062043,0.7436626132220674
2024-05-29,390.9726888982262,396.2701220593882,389.17696019610514,392.96795654296875,443100,EME,392.34693192417205,393.63162944207534,396.2701220593882,389.17696019610514,359.99184320698157,308.9621469400938,11.200318292765303,10.702062579049405,0.4982557137158974
2024-05-30,393.4268910392373,398.66446902554,393.1974547267793,394.65399169921875,403200,EME,394.98570162269385,392.9892806831237,398.66446902554,392.9892806831237,361.2743174744708,310.8015126113832,11.112500327402643,10.784150128720054,0.32835019868258897
2024-05-31,394.6539824356408,400.0212575744984,378.6718986586268,387.7403869628906,4335700,EME,390.2718814079142,393.9874911529088,400.0212575744984,378.6718986586268,362.41032595726386,312.58328108825157,10.365546269278639,10.700429356831771,-0.33488308755313234
2024-06-03,390.0748653190019,390.71336564583424,365.4931507526401,372.21722412109375,1102200,EME,379.6246514596425,392.1296862804115,392.1296862804115,365.4931507526401,363.1952166655217,314.25486637444965,8.423884985428117,10.245120482551041,-1.8212354971229239
2024-06-04,370.291754748474,371.62858040077214,359.4474496568884,368.01715087890625,794600,EME,367.3462339212602,385.877168870027,385.877168870027,359.4474496568884,363.6141094918744,315.7734603790493,6.471593122801721,9.490415010601177,-3.018821887799456
2024-06-05,369.55349105222894,379.30039302239965,368.0171568800478,377.2452697753906,530600,EME,373.52907768251674,376.6117013956436,379.30039302239965,368.0171568800478,364.17246107374837,317.3205877558195,5.604415613935885,8.71321513126812,-3.108799517332235
2024-06-06,376.4771149738996,376.7764234230489,370.0922638485451,373.364501953125,469800,EME,374.17757604965465,375.07038953908017,376.7764234230489,370.0922638485451,364.6792821175321,318.8609285484739,4.551558131265551,7.880883731267606,-3.329325600002055
2024-06-07,377.7640306929924,382.49280531683866,374.8010569924558,375.1103210449219,335300,EME,377.5420535118022,374.6239827943674,382.49280531683866,374.6239827943674,365.2029473729874,320.4556503320796,3.814067801667022,7.06752054534749,-3.2534527436804677
2024-06-10,372.7359756183601,379.4500627756186,372.7359756183601,378.1331787109375,379400,EME,375.7637981808191,376.0830181530848,379.4500627756186,372.7359756183601,365.7205576751459,322.03027168585817,3.4339364706191304,6.340803730401818,-2.906867259782688
2024-06-11,378.13317229208036,380.5374736215896,372.9055804484662,374.012939453125,415400,EME,376.3972914538153,375.92340816695196,380.5374736215896,372.9055804484662,366.2281575220457,323.5721732494344,2.768299544295985,5.626302893180652,-2.858003348884667
2024-06-12,379.1008784611547,386.6429882391207,379.1008784611547,381.6947326660156,371700,EME,381.63486945686145,376.16034981038365,386.6429882391207,376.16034981038365,366.77999531822417,325.18065698216554,2.828034179751569,5.066649150494836,-2.238614970743267
2024-06-13,381.5051976489897,389.2368606637264,378.4125263540207,389.2169189453125,345300,EME,384.5928759030123,378.89760963362255,389.2368606637264,378.4125263540207,367.27923777415447,326.81685148915074,3.442666954257504,4.74185271124737,-1.299185756989866
2024-06-14,385.10666487455023,385.6154679559532,374.1127491790108,376.30755615234375,336900,EME,380.28560954046446,381.74524276831744,385.6154679559532,374.1127491790108,367.66805965317826,328.3991315446906,2.855177458442654,4.3645176606864275,-1.5093402022437736
2024-06-17,376.3075259177512,385.7650759720866,375.41961711725986,382.12371826171875,399800,EME,379.9039843172041,381.015426154391,385.7650759720866,375.41961711725986,368.0418718882284,329.99053062943597,2.826323378327686,4.056878804214679,-1.230555425886993
2024-06-18,381.63484073261736,387.0819127324485,376.19772436789356,384.76739501953125,352600,EME,382.42046821312266,380.4597052357975,387.0819127324485,376.19772436789356,368.44931586952146,331.60437785540256,2.9823996850906838,3.84198298038988,-0.8595832952991964
2024-06-20,384.7674204585163,390.693368032412,381.1260629525276,384.99688720703125,488600,EME,385.3959346626218,381.4400867244601,390.693368032412,381.1260629525276,369.0635641788806,333.2397054531108,3.089001300103405,3.691386644332585,-0.6023853442291802
2024-06-21,382.05383192855845,382.21345699017184,363.4180398316788,380.3678283691406,889400,EME,377.01328927988743,383.41801069354096,383.41801069354096,363.4180398316788,369.63696870493703,334.7725141932875,2.768049139041125,3.5067191432742932,-0.7386700042331684
2024-06-24,380.0985089921385,381.4253486590617,371.3492708084794,379.8790283203125,496000,EME,378.188039194998,380.2156499867142,381.4253486590617,371.3492708084794,370.1914493070755,336.27445182651616,2.4460535771737,3.294586030054175,-0.848532452880475
2024-06-25,380.1683675939364,380.81682355694335,370.4813202491023,377.6343688964844,381000,EME,377.2752200741166,379.2018445908561,380.81682355694335,370.4813202491023,370.71222078823337,337.7565442787467,1.9868414470043945,3.033037113444219,-1.0461956664398246
2024-06-26,375.3397890495357,378.8614352725281,364.2460752199656,367.64801025390625,625600,EME,371.5238274489839,378.23853233248633,378.8614352725281,364.2460752199656,371.1130193499125,339.1663684299402,0.8077851974979922,2.5879867302549737,-1.7802015327569816
2024-06-27,368.6257089293124,370.64091835338337,366.13162429514927,369.5036315917969,475600,EME,368.7254707924105,374.8811798907351,374.8811798907351,366.13162429514927,371.589039956339,340.519647016541,0.022844422730656788,2.0749582687501102,-2.0521138460194535
2024-06-28,369.1245279902325,374.47183086301646,361.2232544275602,364.2161560058594,898800,EME,367.2589423216671,371.80332534157276,374.47183086301646,361.2232544275602,372.1194315142421,341.87034818388923,-1.014190925298351,1.4571284299404181,-2.4713193552387693
2024-07-01,367.0594425926853,369.9126914488014,357.07314770970686,358.80902099609375,470000,EME,363.21357568682186,369.53113383161997,369.9126914488014,357.07314770970686,372.62513278569054,343.15858848230323,-2.246463681082446,0.7164100077358454,-2.9628736888182914
2024-07-02,357.5619451884119,360.2854965086409,354.1600101696759,356.0155944824219,652000,EME,357.0057615872876,366.3723547592209,366.3723547592209,354.1600101696759,373.1298855117048,344.3461196235242,-3.4091562608520007,-0.10870324598172385,-3.300453014870277
2024-07-03,357.063108209518,370.40146691545675,354.65880715734215,370.2119140625,381400,EME,363.08382408620423,361.68905817325424,370.40146691545675,354.65880715734215,373.77395688093236,345.5779824047129,-3.1487770191170625,-0.7167180006087916,-2.432059018508271
2024-07-05,369.46372191024994,372.0875038464562,358.96862461079445,361.68218994140625,290200,EME,365.5505100772267,362.38644112972923,372.0875038464562,358.96862461079445,374.35767283970745,346.80752032780555,-3.589326522926285,-1.2912397050722904,-2.298086817853995
2024-07-08,365.4133244827689,368.5059954994167,361.9016642995338,362.9790954589844,301000,EME,364.700019935176,363.96847560347794,368.5059954994167,361.9016642995338,374.8532970915221,348.015892279049,-3.790125534218703,-1.791016870901573,-1.9991086633171298
2024-07-09,362.9790737916682,367.18908959506547,362.5201707738667,362.6997375488281,462400,EME,363.8470179273571,364.33424776932696,367.18908959506547,362.5201707738667,375.057362968829,349.2466389357663,-3.926539344625951,-2.2181213656464487,-1.7084179789795022
2024-07-10,364.98433740569465,372.1972104050631,364.7249428712067,371.87799072265625,337400,EME,368.4461203511552,364.090632848342,372.1972104050631,364.090632848342,375.4410524037154,350.4729571892551,-3.256501030142431,-2.4257972985456453,-0.8307037315967856
2024-07-11,373.1948546634242,377.195376117122,369.6033971842461,374.57159423828125,253400,EME,373.6413055507684,366.2683765997486,377.195376117122,366.2683765997486,375.75186486977975,351.71075199052683,-2.4795567593702685,-2.43654919071057,-0.04300756865969868
2024-07-12,377.0357743484194,381.3455601242072,370.6010539294387,375.5592956542969,294400,EME,376.1354210140905,369.9548410752585,381.3455601242072,369.9548410752585,376.07619563921565,352.94624696701544,-1.7637916848738087,-2.3019976895432177,0.538206004669409
2024-07-15,376.9269828184193,383.5556586556339,375.49942550645346,379.7421875,343400,EME,378.9310636201267,373.0451310446745,383.5556586556339,373.0451310446745,376.516846465938,354.2385096382983,-0.8492289102136397,-2.011443933677302,1.1622150234636623
2024-07-16,382.76697820659234,390.64352423471513,379.49256587206406,390.2142639160156,360600,EME,385.7793330573468,375.98809733240057,390.64352423471513,375.98809733240057,377.1555673533454,355.59342274200344,0.7123660137773413,-1.4666819441863734,2.1790479579637148
2024-07-17,385.3425964035822,385.3425964035822,360.59480817154287,360.624755859375,431800,EME,372.97618920952056,380.8837151948737,385.3425964035822,360.59480817154287,377.38912863729354,356.7631060277965,-0.43269690799911587,-1.259884936948922,0.8271880289498061
2024-07-18,364.2286341178497,373.8422382465005,355.9227965055271,364.2086486816406,460400,EME,364.55057938787945,376.9299522021971,376.9299522021971,355.9227965055271,377.27914408164577,357.7633206662137,-1.0390003747600076,-1.2157080245111391,0.1767076497511315
2024-07-19,364.5580254579973,366.3449852963722,360.1156228878445,362.9906921386719,379400,EME,363.50233144522144,370.7402657950383,370.7402657950383,360.1156228878445,377.093424311582,358.6828447450844,-1.5993429247980089,-1.2924350045685131,-0.30690792022949576
2024-07-22,366.1153950462969,375.31969367510965,363.8792197411878,375.1000671386719,284700,EME,370.1035939003166,367.1212986201299,375.31969367510965,363.8792197411878,376.9790237124805,359.63448629473965,-1.0541415845166853,-1.2447763205581477,0.19063473604146242
2024-07-23,373.6425516865736,382.62722352623047,370.767451823387,378.56414794921875,388800,EME,376.4003437463524,368.61244626022324,382.62722352623047,368.61244626022324,376.9016182240341,360.42299205729154,-0.338639597021654,-1.063548975850849,0.7249093788291949
2024-07-24,373.5926629350657,375.36963021309344,354.90454359434915,356.1224670410156,636700,EME,364.99732594588096,372.5063950032878,375.36963021309344,354.90454359434915,376.5721596402696,360.9685156689409,-1.5644215357124835,-1.163723487823176,-0.40069804788930763
2024-07-25,387.94813578854627,396.1641300759211,345.20108655455203,346.00970458984375,1435600,EME,368.8307642522158,368.7518604745844,396.1641300759211,345.20108655455203,376.42676496446614,361.48732439010763,-3.3136799278205444,-1.5937147758226498,-1.7199651519978947
2024-07-26,358.8078732562046,367.453097312627,351.3106540378345,363.4299621582031,1229600,EME,360.2503966912173,368.7913123634001,368.7913123634001,351.3106540378345,376.20309137995093,361.8589684440686,-3.256768606465471,-1.9263255419512142,-1.3304430645142566
2024-07-29,364.71777815256604,374.20159850396516,361.84267826627695,362.2519836425781,409400,EME,365.75350964134657,364.5208545273087,374.20159850396516,361.84267826627695,375.9077110157351,362.2773197163565,-3.2690355883429447,-2.1948675512295606,-1.0741680371133842
2024-07-30,364.2086197801814,369.5694993586334,354.6150018490329,357.8594665527344,449900,EME,361.5631468851455,365.1371820843276,369.5694993586334,354.6150018490329,375.54792750350697,362.6381155457737,-3.5917927284528446,-2.4742525866742175,-1.117540141778627
2024-07-31,370.21838879235884,380.0715737176239,368.8007938762822,374.8005676269531,474800,EME,373.4728310033045,363.3501644847365,380.0715737176239,363.3501644847365,375.4734762201146,363.1265317046363,-2.4523061544878146,-2.4698633002369372,0.017557145749122594
2024-08-01,374.94034020294686,384.32435553318453,360.23544621075,365.4964599609375,487400,EME,371.24915047695475,368.4114977440205,384.32435553318453,360.23544621075,375.2727451785147,363.57997549313836,-2.273807528248824,-2.4306521458393147,0.15684461759049073
2024-08-02,355.28389127732487,359.13730261096765,340.8784441438244,349.10443115234375,583300,EME,351.1010172961152,369.8303241104876,369.8303241104876,340.8784441438244,374.61029149834883,363.90872602902067,-3.415672070447954,-2.627656130761043,-0.7880159396869111
2024-08-05,328.5794479968676,347.447252837565,318.94585878251524,339.64056396484375,654100,EME,333.6532808954479,360.4656707033014,360.4656707033014,318.94585878251524,373.52874934626414,364.05823874593705,-5.026322617664391,-3.1073894281417127,-1.9189331895226784
2024-08-06,342.924993123388,355.0343399335822,341.00824958525396,349.83319091796875,426700,EME,347.20019339004824,347.05947579937464,355.0343399335822,341.00824958525396,372.6482105666415,364.30162411776246,-5.417861236827832,-3.569483789878937,-1.8483774469488954
2024-08-07,358.7080557973931,360.20550117401694,342.495693136535,347.28753662109375,396500,EME,352.1741966822597,347.12983459471144,360.20550117401694,342.495693136535,371.8110854827472,364.58480509049616,-5.86595239248345,-4.02877751039984,-1.8371748820836107
2024-08-08,353.3870880678748,356.781321690836,345.22102724170014,356.41192626953125,326400,EME,352.95034081748554,349.6520156384856,356.781321690836,345.22102724170014,370.94533745959825,364.8532421212209,-5.422300962509439,-4.3074822008217595,-1.1148187616876797
2024-08-09,356.41193357354337,360.25538257317737,352.9278872852031,355.1640625,259200,EME,356.189816482981,351.3011782279856,360.25538257317737,351.3011782279856,370.2221951507745,365.107019178878,-5.112462895426745,-4.468478339742757,-0.6439845556839883
2024-08-12,356.2022897923312,359.5565829862317,351.49032753191005,355.1940002441406,208100,EME,355.6108001386534,353.7454973554833,359.5565829862317,351.49032753191005,369.4346971210937,365.3545072977823,-4.80906239153677,-4.53659515010156,-0.2724672414352103
2024-08-13,358.80788711750824,362.3418362271312,353.90624565648005,360.8443908691406,297700,EME,358.975089967565,354.67814874706835,362.3418362271312,353.90624565648005,368.80876129228665,365.60954362477526,-4.065807902545657,-4.4424377005903795,0.3766297980447222
2024-08-14,363.81932935655834,366.83417506575,360.8044836473667,364.727783203125,293400,EME,364.0464428182,356.82661935731664,366.83417506575,356.82661935731664,368.49719711945784,365.8462068924897,-3.127365733217175,-4.179423307115739,1.0520575738985638
2024-08-15,370.9271594452238,374.1316836676889,367.50300870643275,371.55609130859375,188200,EME,371.0294857819848,360.43653108775834,374.1316836676889,360.43653108775834,368.5708621566723,366.0924858242734,-1.8117711849227476,-3.7058928826771407,1.894121697754393
2024-08-16,371.5561056390923,371.67589638614476,362.53149361871954,365.96563720703125,220400,EME,367.93228321274694,365.7330084348716,371.67589638614476,362.53149361871954,368.4589262672769,366.31569367051264,-1.206349900942996,-3.205984286330312,1.9996343853873157
2024-08-19,365.96563198939356,368.052068712415,360.6447232796636,367.9123229980469,279300,EME,365.64368674487974,366.83264582380923,368.052068712415,360.6447232796636,368.2882484811814,366.4837652993567,-0.5629782347132277,-2.6773830760068953,2.1144048412936676
2024-08-20,367.37322791571665,371.00704294576275,360.8942913354345,366.6744079589844,299400,EME,366.48724253897456,366.2381662843445,371.00704294576275,360.8942913354345,368.0671522617249,366.6350498173561,-0.1512474653164304,-2.1721559538688022,2.020908488552372
2024-08-21,365.6262196644007,372.6941479256763,359.5166478444366,372.4945068359375,243700,EME,367.5828805676128,366.36270441165954,372.6941479256763,359.5166478444366,367.90353390946075,366.8120457923033,0.6373386315499374,-1.6102570367850544,2.247595668334992
2024-08-22,372.37472680644873,377.6257476483016,371.3464822446134,372.1251525878906,290900,EME,373.3680273218136,366.97279248963616,377.6257476483016,366.97279248963616,367.8429486268207,367.0355530744332,1.218449466782772,-1.0445157360714892,2.2629652028542613
2024-08-23,374.1616385441777,382.49742314209783,374.1017431718105,381.64886474609375,236700,EME,378.10241740104493,370.1704099057249,382.49742314209783,370.1704099057249,367.7722995857044,367.2761474519643,2.4195765957047115,-0.35169726971624904,2.7712738654209605
2024-08-26,382.05817792484015,384.5140101045925,374.411220418149,376.96685791015625,212500,EME,379.4875665894345,374.1364136533849,384.5140101045925,374.1364136533849,367.67019339943283,367.4747155867937,2.9595636688227955,0.3105549179915599,2.6490087508312357
2024-08-27,374.361345933623,382.50745247701116,372.63428129009833,380.2213439941406,282000,EME,377.4311059237183,376.81199012140974,382.50745247701116,372.63428129009833,367.6131033270979,367.64058149013806,3.6085203662123604,0.9701480076357201,2.6383723585766403
2024-08-28,379.35281518731483,382.3676608035548,376.2780741953988,379.1032409667969,231000,EME,379.2754477882663,377.121548022564,382.3676608035548,376.2780741953988,367.6005325965191,367.82120224237383,3.9866460800348023,1.5734476221155367,2.4131984579192656
2024-08-29,381.7587288377107,391.6418622527099,380.8502749846271,384.5140380859375,287100,EME,384.6912260402463,378.19849790541514,391.6418622527099,378.19849790541514,367.64594775306165,368.0476318112916,4.669097095182849,2.192577516728999,2.47651957845385
2024-08-30,386.23108935840344,392.6800785865385,385.9315820190494,392.39056396484375,552500,EME,389.3083284822088,381.4448619728307,392.6800785865385,381.4448619728307,367.7241956294534,368.39387990416697,5.778898705992958,2.909841754581791,2.8690569514111672
2024-09-03,389.2559449504577,389.2559449504577,356.65156418061565,358.01922607421875,524100,EME,373.2956700389375,385.3765952275198,389.2559449504577,356.65156418061565,367.6498432446343,368.6434059747857,3.8406718889311833,3.0960077814516698,0.7446641074795135
2024-09-04,355.70313632647236,360.4849866089055,351.3106364260466,355.8528747558594,350300,EME,355.83790852932094,379.33613263322866,379.33613263322866,351.3106364260466,367.2028406313208,368.6971449691982,2.105535424082859,2.8979133099779077,-0.7923778858950485
2024-09-05,353.49694340504084,355.1541199384558,349.4738080595107,352.8680114746094,383200,EME,352.7482207194042,367.5870205812748,367.5870205812748,349.4738080595107,366.71230064422656,368.71226071623,0.48399456538015784,2.415129561058358,-1.9311349956782
2024-09-06,353.7864603159004,359.945935255281,349.93301836025955,352.2790222167969,384800,EME,353.98610903705946,360.1676206503395,360.1676206503395,349.93301836025955,366.3615462759881,368.7372828129503,-0.8389439349717236,1.7643148618523417,-2.6032587968240652
2024-09-09,355.144074313696,365.6461453187579,355.03427629298284,363.4798583984375,375800,EME,359.8260885809686,357.07686484369947,365.6461453187579,355.03427629298284,366.1835586317593,368.8862992940492,-0.9723596009857829,1.2169799692847167,-2.1893395702704996
2024-09-10,364.6478969294039,371.3065506432823,362.9907204230125,370.6277160644531,362900,EME,367.39322101503797,358.45147671233406,371.3065506432823,358.45147671233406,366.1862442056266,369.1528378599344,-0.49560705141738026,0.8744625651442974,-1.3700696165616777
2024-09-11,372.05526439610156,384.4141845703125,363.87921056106154,384.4141845703125,338500,EME,376.19071102444707,362.922348863686,384.4141845703125,362.922348863686,366.44578691237916,369.5354598490349,0.9833402349103721,0.8962380990975124,0.08710213581285975
2024-09-12,384.6138215050226,393.0993448419485,381.8685051313113,387.8283386230469,408900,EME,386.8525025253323,369.55652994406654,393.0993448419485,369.55652994406654,367.04272173114003,370.08630362142236,2.4032076317111546,1.197632005620241,1.2055756260909136
2024-09-13,392.1110576840256,399.80791830213514,391.7816331097735,395.744873046875,249000,EME,394.8613705357023,378.20451623469944,399.80791830213514,378.20451623469944,367.67827266013,370.7261147705312,4.119770786869424,1.7820597618700775,2.3377110249993462
2024-09-16,396.1840929232165,403.00247780773117,393.8381195818085,402.0041809082031,199200,EME,398.7572178052398,386.53294338520084,403.00247780773117,386.53294338520084,368.34240681469026,371.3500398271988,5.9170255009384505,2.6090529096837525,3.307972591254698
2024-09-17,405.4981990147451,409.97057986017074,403.5315530061024,408.5030822753906,349800,EME,406.8758535391022,392.6450805952203,409.97057986017074,392.6450805952203,369.1859234867688,372.0196102891455,7.776131434404249,3.642468614627852,4.133662819776397
2024-09-18,411.1385665849535,417.06845224682894,405.5480981925212,408.0538330078125,384000,EME,410.45223750802904,399.76046706716124,417.06845224682894,399.76046706716124,370.1180278783822,372.5876954236056,9.108241481336677,4.735623187969617,4.37261829336706
2024-09-19,419.95353681671924,432.1427324626857,411.72755030052,429.3175354003906,460800,EME,423.2853387450789,405.10635228759514,432.1427324626857,405.10635228759514,371.21481224626075,373.327932324988,11.744369583824607,6.137372467140615,5.606997116683992
2024-09-20,429.7169009787448,436.35556908813356,427.27106145473704,434.8581237792969,721900,EME,432.0504138252281,414.19584551633704,436.35556908813356,414.19584551633704,372.3829944117499,374.06742964076483,14.117857402793959,7.733469454271285,6.384387948522674
2024-09-23,436.86469981540483,441.1374398729204,434.2392045112534,434.36895751953125,392500,EME,436.65257542977747,423.12312967078253,441.1374398729204,423.12312967078253,373.5933375000636,374.8347665696396,15.777518557585893,9.342279274934207,6.435239282651686
2024-09-24,434.2491514694971,436.8646844289565,426.2927240918547,432.82159423828125,362700,EME,432.5570385571474,429.88785255028,436.8646844289565,426.2927240918547,374.6658569988041,375.591351732371,16.774585712749513,10.828740562497268,5.945845150252245
2024-09-25,434.7582802065471,441.39694819694796,432.76168649721734,434.72833251953125,524800,EME,435.91131185506094,431.22244555371367,441.39694819694796,431.22244555371367,375.6684965747583,376.41203196405195,17.51670479164983,12.16633340832778,5.350371383322049
2024-09-26,439.6898897631904,443.2038838890871,427.90000579293854,428.56884765625,512600,EME,434.84065677536654,433.5668787043873,443.2038838890871,427.90000579293854,376.9057859260753,377.1474572816844,17.407161633128737,13.214499053287973,4.192662579840764
2024-09-27,427.969914311197,430.03636584219515,422.88855603000184,426.3626403808594,363900,EME,426.81436914106337,434.2037677398769,434.2037677398769,422.88855603000184,378.1510617211389,377.71510290139236,16.946971266072467,13.960993495844873,2.985977770227594
2024-09-30,424.9050741587482,430.2459681607816,421.1614611384819,429.7967224121094,278100,EME,426.52730646753025,430.5090684404702,430.5090684404702,421.1614611384819,379.41156122158515,378.25249276658354,16.66723924575973,14.502242645827845,2.164996599931886
2024-10-01,427.7701941494579,429.0979155362356,419.48434259838115,427.5505676269531,274200,EME,425.97575497775694,428.5181874540002,429.0979155362356,419.48434259838115,380.52900444313394,378.7540140778072,16.078955494895297,14.817585215641337,1.2613702792539598
2024-10-02,424.27618098458714,432.8116072628592,422.9384667992376,429.1578674316406,226400,EME,427.29603061958113,427.2469712158786,432.8116072628592,422.9384667992376,381.54691818059854,379.2242682023163,15.563031110462134,14.966674394605498,0.5963567158566363
2024-10-03,429.1578721684731,430.62533937544936,425.3144229816582,430.216064453125,308800,EME,428.8284247446764,427.2715009177299,430.62533937544936,425.3144229816582,382.8235401565744,379.69784989842196,15.065874946475219,14.986514504979443,0.07936044149577626
2024-10-04,437.1043075562808,439.99936249831626,430.05633381828665,434.2591552734375,291600,EME,435.3547897865803,428.0499628312032,439.99936249831626,428.0499628312032,384.15402066726165,380.29039281586387,14.827200012248568,14.954651606433268,-0.1274515941847003
2024-10-07,432.6119751956312,444.2221732180734,432.4921844400545,439.6100158691406,352400,EME,437.23408718072494,431.70237630889176,444.2221732180734,431.70237630889176,385.69369447705185,380.9483929285014,14.898082319138496,14.943337748974315,-0.04525542983581943
2024-10-08,442.79456700859,444.9009892583263,438.4320145364933,438.9910583496094,351200,EME,441.2796572882547,434.46823174480835,444.9009892583263,434.46823174480835,387.20421742999,381.55596422286254,14.734462645552469,14.901562728289948,-0.16710008273747867
2024-10-09,438.29229334197817,447.3368611042405,438.29229334197817,446.1788330078125,266200,EME,442.52507019900236,437.87394451653154,447.3368611042405,437.87394451653154,388.8234558962672,382.1856916998871,15.011740222792696,14.923598227190498,0.08814199560219826
2024-10-10,442.2455204724706,442.74466891544176,435.4471211164513,441.3370666503906,182200,EME,440.4435942886886,440.19950735776695,442.74466891544176,435.4471211164513,390.16287116197486,382.8181736910447,14.671668755106282,14.873212332773655,-0.20154357766737263
2024-10-11,441.0475386367547,449.78263612362935,441.0475386367547,449.6828308105469,151200,EME,445.39013605192144,440.32155082322777,449.78263612362935,440.32155082322777,391.6456908734742,383.45921802599446,14.90379145553419,14.879328157325762,0.02446329820842763
2024-10-14,451.61952878850667,454.0653378035247,448.5547501323765,451.82916259765625,142000,EME,451.517194830516,442.8558434375746,454.0653378035247,442.8558434375746,393.65401442416214,384.1321529612555,15.087027543382078,14.920868034537026,0.16615950884505182
2024-10-15,452.41848865808186,453.87679908330335,441.0915491585389,444.3977355957031,245800,EME,447.94614312390684,447.1865191340453,453.87679908330335,441.0915491585389,395.93987166873137,384.7343105074978,14.465836255433203,14.829861678716263,-0.36402542328306
2024-10-16,446.69505741564967,451.91904637488784,443.86832939405383,446.7649841308594,246800,EME,447.31185432886264,447.56633112897606,451.91904637488784,443.86832939405383,397.94210488750764,385.29515772707464,14.003135428586234,14.664516428690257,-0.6613810001040239
2024-10-17,451.7292966227886,454.9955206960009,448.3032531095725,453.2275695800781,266400,EME,452.06391000211005,447.4390927289194,454.9955206960009,447.4390927289194,399.9398991539046,385.87549231832594,13.996574526822315,14.53092804831667,-0.5343535214943547
2024-10-18,453.27748829262543,453.3374167707978,443.91828166794267,453.2175598144531,261900,EME,450.93768663645477,449.75150136551474,453.3374167707978,443.91828166794267,401.89964607028406,386.42249176494124,13.831130596537776,14.39096855796089,-0.5598379614231153
2024-10-21,452.47843105987994,455.6347964002215,448.7527146825513,454.5760192871094,217200,EME,452.86049035744054,450.3445940009848,455.6347964002215,448.7527146825513,403.83305954777325,387.0276273492738,13.652256699158784,14.24322618620047,-0.5909694870416864
2024-10-22,449.4818504413855,453.5871033771795,444.51757189610197,447.4242248535156,221500,EME,448.75268764204566,451.60254217921266,453.5871033771795,444.51757189610197,405.6958972978411,387.5652972094674,12.786018543271382,13.951784657614652,-1.1657661143432705
2024-10-23,444.83722493098793,449.1622259063946,441.56100278040304,445.1069030761719,172700,EME,445.16683917348934,450.17761491062913,450.17761491062913,441.56100278040304,407.41973228195957,388.11424678712314,11.776774734702258,13.516782673032175,-1.7400079383299172
2024-10-24,445.44649229005677,446.984727597206,441.09152722928366,445.5963134765625,265300,EME,444.77976514827725,447.67222704205926,447.67222704205926,441.09152722928366,409.0343987285611,388.76579792400946,10.890889677481823,12.991604073922105,-2.1007143964402815
2024-10-25,443.3988833619653,443.3988833619653,421.6739264257314,428.0865173339844,502900,EME,434.1395526209116,446.2259960951683,446.2259960951683,421.6739264257314,410.29660006533965,389.43373111100595,8.675914630650652,12.128466185267815,-3.4525515546171626
2024-10-28,431.6224631432075,433.7300495937321,428.9655221416733,431.0631103515625,359400,EME,431.34528630754386,440.18277435804,440.18277435804,428.9655221416733,411.5648601272356,390.0118931972562,7.079113514100868,11.118595651034425,-4.039482136933557
2024-10-29,429.50488847868695,436.4468982877718,427.32740589474326,436.2870788574219,355000,EME,432.391567879656,435.7640303327919,436.4468982877718,427.32740589474326,412.8998177499311,390.5940331155562,6.164111682352939,10.127698857298128,-3.9635871749451894
2024-10-30,431.4925750485764,438.0550173331235,430.7933993535444,431.2728271484375,369900,EME,432.9034547209204,434.07779910622395,438.0550173331235,430.7933993535444,414.22814199357003,391.1476471276474,4.976986331037665,9.097556352046036,-4.120570021008371
2024-10-31,438.61438661228664,456.2340903171734,436.0074064319896,445.556396484375,548200,EME,444.1030699614562,433.4906269135722,456.2340903171734,433.4906269135722,415.75854578144697,391.83103984545386,5.129614605882125,8.303968002813255,-3.1743533969311297
2024-11-01,457.0331381394956,461.3381729329391,451.00008438828445,452.6881408691406,523300,EME,455.51488408246496,438.7968484375142,461.3381729329391,438.7968484375142,417.40148291665986,392.6222157717403,5.759652098566278,7.79510482196386,-2.035452723397582
2024-11-04,450.18107526537074,468.0504608308878,450.1511110267314,460.9686279296875,394000,EME,457.33781876316937,447.1558662599896,468.0504608308878,447.1558662599896,418.9861909439024,393.37924526480344,6.848185830159423,7.605721023602973,-0.7575351934435499
2024-11-05,461.59790066907044,475.95134993363524,461.59790066907044,475.232177734375,357400,EME,468.5948322515378,452.2468425115795,475.95134993363524,452.2468425115795,420.7683362571445,394.21926482828866,8.760816677449213,7.8367401543722215,0.9240765230769918
2024-11-06,491.88298934601914,503.94906663129643,486.3193955082671,501.3021240234375,616600,EME,495.863393877255,460.4208373815586,503.94906663129643,460.4208373815586,423.1369820162152,395.37504267165656,12.239132097359857,8.717218542969748,3.5219135543901086
2024-11-07,502.4208354307172,508.873388718462,501.0224535160659,503.769287109375,796500,EME,504.02149119365504,478.1421156294068,508.873388718462,478.1421156294068,425.631902884323,396.61621774042106,15.021641437793619,9.978103121934524,5.043538315859095
2024-11-08,507.2852458115101,518.5022963506619,505.41740376175505,513.5580444335938,593200,EME,511.1907475893802,491.0818034115309,518.5022963506619,491.0818034115309,428.16189331530563,397.9039205341836,17.81135285644382,11.544753068836384,6.266599787607435
2024-11-11,521.1792432038889,524.7051470021914,515.7455044706145,519.8407592773438,634900,EME,520.3676634885096,501.13627550045555,524.7051470021914,501.13627550045555,430.7830800154317,399.25363782244244,20.295231045412606,13.29484866415163,7.000382381260977
2024-11-12,521.009396295132,523.8960833401502,510.3017687166986,513.4880981445312,472000,EME,517.173836624128,510.7519694944826,523.8960833401502,510.3017687166986,433.6606433471355,400.65524329588493,21.503239780643355,14.936526887449975,6.56671289319338
2024-11-13,514.407032754006,516.4047299685847,498.03588944896245,499.78387451171875,454900,EME,507.15788167081797,513.9629030593053,516.4047299685847,498.03588944896245,436.6870428099654,401.9449417206431,21.11141978448137,16.171505466856257,4.939914317625114
2024-11-14,499.8038743684829,501.92142855304854,492.2325848039239,497.5364685058594,556600,EME,497.87358905782867,510.5603923650616,510.5603923650616,492.2325848039239,439.58955017673395,403.1509254104803,20.38457207437733,17.014118788360474,3.3704532860168577
2024-11-15,498.7350775460182,504.0589574995993,495.18917731195387,498.28558349609375,436700,EME,499.0671989634163,504.21699071144513,504.21699071144513,495.18917731195387,442.491171975261,404.4263591256246,19.642560140332932,17.539807058754967,2.1027530815779656
2024-11-18,500.7827074754331,505.2275958319962,496.67745445928625,500.2733154296875,402000,EME,500.74026829910076,501.6420948374307,505.2275958319962,496.67745445928625,445.30945556962365,405.7465071006915,18.995930430125213,17.83103173302902,1.164898697096195
2024-11-19,496.67742928827784,513.6478559815756,494.8495498989466,513.4081420898438,448900,EME,504.64574431466093,501.19118156826573,513.6478559815756,494.8495498989466,448.05450603561616,407.1203751206215,19.32062631176842,18.1289506487769,1.1916756629915213
2024-11-20,516.404708209904,520.3501722354312,508.1742057870126,515.22607421875,436800,EME,515.0387901127744,502.9184629414633,520.3501722354312,502.9184629414633,450.8314676173827,408.63862726488094,19.49985982121052,18.403132483263626,1.096727337946895
2024-11-21,519.4013122529333,531.7670637564536,517.903039236819,526.3433227539062,397800,EME,523.8536845000281,508.9786265271189,531.7670637564536,508.9786265271189,453.57149125687664,410.3071064940084,20.30491034769517,18.783488056149935,1.5214222915452353
2024-11-22,522.2180375866452,527.801567176112,497.30675081509554,504.3386535644531,661400,EME,512.9162522855765,516.4161555135735,527.801567176112,497.30675081509554,455.9325888918741,411.8054307760021,18.948894724013712,18.81656938972269,0.13232533429102133
2024-11-25,507.3251712032758,512.5591583386461,502.46078363702907,510.401611328125,651300,EME,508.186681126769,514.6662038995751,514.6662038995751,502.46078363702907,458.1211781583047,413.2317924864975,18.15420225100621,18.684095961979395,-0.5298937109731838
2024-11-26,510.8910981909413,522.1381128153225,508.1642305110316,514.1873168945312,451900,EME,513.8451896029567,511.426442513172,522.1381128153225,508.1642305110316,460.2605648795818,414.72324418317527,17.626688053793316,18.47261438034218,-0.845926326548863
2024-11-27,519.401255885876,521.8883790683336,504.6882054906615,507.3651428222656,391200,EME,513.3357458167842,512.6358160580644,521.8883790683336,504.6882054906615,462.31823504575686,416.21813146206955,16.468300502590637,18.07175160479187,-1.6034511022012339
2024-11-29,513.4781180556139,519.1215761868996,509.38283261189036,509.53265380859375,177400,EME,512.8787951657494,512.9857809374244,519.1215761868996,509.38283261189036,464.11010417417026,417.66245821021556,15.545965827451255,17.56659444932375,-2.0206286218724934
2024-12-02,511.3605399237081,517.1438512228815,504.48845685375005,504.5084228515625,319100,EME,509.3753177129755,512.9322880515869,517.1438512228815,504.48845685375005,465.6566022519253,419.0197983318376,14.245383588790276,16.902352277217055,-2.6569686884267796
2024-12-03,506.6559346469623,510.17190109266187,500.4730596118757,509.00323486328125,340700,EME,506.57603255369526,511.1538028822812,511.1538028822812,500.4730596118757,467.05507139440357,420.3242044472336,13.422628849021578,16.20640759157796,-2.7837787425563825
2024-12-04,510.45158293278615,514.2771595524931,506.7957935002073,514.1173706054688,336600,EME,511.41047664773885,508.8649177179882,514.2771595524931,506.7957935002073,468.6321401562155,421.64899857750976,13.03302124773603,15.571730322809575,-2.5387090750735446
2024-12-05,513.4081387178148,517.5033932593803,507.65476149453474,512.9287109375,323200,EME,512.8737511023076,510.1376971828635,517.5033932593803,507.65476149453474,470.17138894116033,422.91994275795935,12.484426814551966,14.954269621158055,-2.4698428066060885
2024-12-06,513.1584445675468,513.1584445675468,503.7692742573485,508.4438781738281,313300,EME,509.63251039156756,511.50572414258556,513.1584445675468,503.7692742573485,471.6672260134844,424.28650596977974,11.554579253963254,14.274331547719095,-2.7197522937558407
2024-12-09,505.29752683758466,508.4438937824805,468.0104921055588,478.0389404296875,556600,EME,489.94771328882786,510.56911726707654,510.56911726707654,468.0104921055588,472.9298928964397,425.54047730878926,8.268924971872991,13.073250232549874,-4.804325260676883
2024-12-10,482.0343197842992,484.7511890691654,473.10461127725426,473.76385498046875,349300,EME,478.4134937777969,500.25841527795217,500.25841527795217,473.10461127725426,473.967616642645,426.6895889321151,5.259429188282013,11.510486023696302,-6.251056835414289
2024-12-11,481.7846354429959,482.44387918424616,476.1910771240818,480.4062194824219,319200,EME,480.20645280843644,489.3359545278745,489.3359545278745,476.1910771240818,475.0522305992586,427.7906175211963,3.371500837324845,9.88268898642201,-6.5111881490971655
2024-12-12,481.43500822636685,483.9820903467207,476.28094599302517,479.697021484375,250000,EME,480.3487665126219,484.77120366815547,484.77120366815547,476.28094599302517,476.1132853171194,428.83010174885897,1.797358832174325,8.265622955572473,-6.468264123398148
2024-12-13,479.18761122886116,484.07199544939306,476.04124427724554,478.7281494140625,266100,EME,479.50725009239056,482.5599850903887,484.07199544939306,476.04124427724554,477.1268618240737,429.9752009903241,0.46628502957082674,6.705755370372144,-6.239470340801318
2024-12-16,478.18875764026143,486.7089347763891,476.45077087196444,483.9920654296875,343800,EME,481.3351321795756,481.03361759138966,486.7089347763891,476.45077087196444,478.0464686719336,431.10024466959766,-0.1619793219868484,5.332208431900346,-5.494187753887195
2024-12-17,476.98017060829966,481.2252771571391,469.99822865058934,476.35089111328125,440000,EME,476.1386418823273,481.1843748854826,481.2252771571391,469.99822865058934,478.82455976596566,432.2591271215088,-1.2619156759748194,4.013383610325313,-5.2752992863001325
2024-12-18,479.3474098482597,484.3516508047304,463.71543624161075,463.88525390625,555700,EME,472.8249377002127,478.66150838390496,484.3516508047304,463.71543624161075,479.4554653742048,433.3298414020974,-3.103718172953961,2.5899632536694583,-5.693681426623419
2024-12-19,469.6386153535109,476.6605196116159,461.12843647406385,463.765380859375,371400,EME,467.7982380746414,475.74322304205884,476.6605196116159,461.12843647406385,479.96092873171756,434.39219231399244,-4.520918341871209,1.167786934561325,-5.688705276432533
2024-12-20,458.08194055511325,470.40775906977564,454.21640136093043,465.2836608886719,867500,EME,461.9974404686228,471.7707305583501,471.7707305583501,454.21640136093043,480.39200565531627,435.27743840864554,-5.458623561997854,-0.15749516475051076,-5.301128397247343
2024-12-23,463.7753718111465,464.46457975518484,456.92328533063,462.7265930175781,192000,EME,461.97245747863485,466.88408551348647,466.88408551348647,456.92328533063,480.72365208385054,436.1846714786623,-6.335068979882351,-1.3930099277768788,-4.942059052105472
2024-12-24,463.80535675491655,464.9540265521157,460.6789557496904,462.9563293457031,134900,EME,463.09866710060646,464.4282714960607,464.9540265521157,460.6789557496904,480.9552815292524,437.30464797670726,-6.931221677350152,-2.5006522776915334,-4.430569399658618
2024-12-26,462.46689063753666,466.2325387949676,459.73005529397597,466.0427551269531,144900,EME,463.61805996335835,463.7634692983336,466.2325387949676,459.73005529397597,481.26871986604135,438.60429576738636,-7.073093994214105,-3.415140620996048,-3.657953373218057
2024-12-27,462.0673679263575,463.59560506330655,453.9966541774506,458.85107421875,177600,EME,459.62767534646616,463.69076463084593,463.69076463084593,453.9966541774506,481.51503628639347,439.7285705869505,-7.677337802164061,-4.267580057229651,-3.40975774493441
2024-12-30,455.75462640551444,460.05966132350505,449.481858576237,456.7235107421875,291900,EME,455.504914261861,461.65921998865605,461.65921998865605,449.481858576237,481.58385637158847,440.76187776274656,-8.232977327296055,-5.060659511242932,-3.1723178160531234
2024-12-31,456.9732107229049,458.94094358181803,452.2286801197709,453.3773498535156,349800,EME,455.3800460695024,458.5820671252585,458.94094358181803,452.2286801197709,481.67270356024943,441.7861748152667,-8.841414549475303,-5.816810518889406,-3.0246040305858966
2025-01-02,455.46496204805214,463.34589211092936,452.76808912528224,457.10308837890625,308500,EME,457.17050791579254,456.9810565973804,463.34589211092936,452.76808912528224,481.75890391141644,442.79598172959487,-8.92014360699801,-6.437477136511127,-2.4826664704868833
2025-01-03,458.99090883767093,473.5341423680286,458.99090883767093,473.1046447753906,390200,EME,466.1551512046903,457.0757822565865,473.5341423680286,457.0757822565865,482.1069531826694,443.9014252402552,-7.603694425485685,-6.670720594306039,-0.9329738311796456
2025-01-06,476.27097040577706,485.91985100559606,474.4530587386144,478.57830810546875,479400,EME,478.8055470638641,461.6154667306384,485.91985100559606,461.6154667306384,482.7797273404768,445.0997298112182,-6.048991075457195,-6.546374690536271,0.4973836150790758
2025-01-07,479.41734682344344,480.29633843757904,455.8245486021694,469.63861083984375,429800,EME,471.2942111757589,470.2105068972512,480.29633843757904,455.8245486021694,483.3100162610265,446.17220749479384,-5.475122522402501,-6.332124256909517,0.8570017345070164
2025-01-08,468.8395534355801,475.4319601892869,461.5479404797985,475.31207275390625,360300,EME,470.28288171464294,470.752359036505,475.4319601892869,461.5479404797985,484.0328828429011,447.16474145412036,-4.510531993133611,-5.967805804154336,1.457273811020725
2025-01-10,470.9571145180854,471.17686242920485,462.8564670102258,466.50225830078125,351500,EME,467.8731755645743,470.517620375574,471.17686242920485,462.8564670102258,484.76344062804174,448.16415037763863,-4.406173819817411,-5.655479407286951,1.2493055874695402
2025-01-13,459.48035144191584,469.30901794816157,456.5537018950861,467.24139404296875,312400,EME,463.14611633203305,469.19539797007417,469.30901794816157,456.5537018950861,485.3785315970893,449.1391746735102,-4.215236515764786,-5.367430828982519,1.1521943132177324
2025-01-14,473.25445561918576,493.84074116530303,471.4365743294914,492.34246826171875,407500,EME,482.7185598439247,466.17075715105364,493.84074116530303,466.17075715105364,486.37483369954936,450.30148784655967,-2.015239983563845,-4.696992659898784,2.6817526763349395
2025-01-15,501.71166419306303,508.98328067109185,497.74623409211904,501.44195556640625,444500,EME,502.47078363067004,474.4446584974892,508.98328067109185,474.4446584974892,487.5421879729336,451.65036687719027,0.45725474811922595,-3.6661431782951825,4.123397926414409
2025-01-16,506.7385244932207,516.1923622411753,504.55995692666164,510.65594482421875,313600,EME,509.5366971213191,488.4577210640796,516.1923622411753,488.4577210640796,488.6226242337107,453.01205357518535,3.1242027009372464,-2.3080740024486968,5.432276703385943
2025-01-17,514.1536312703588,514.1536312703588,502.37136119627036,506.1388854980469,375200,EME,509.2043773087587,498.99720909269934,514.1536312703588,498.99720909269934,489.65995540462245,454.32307317426245,4.817753171274546,-0.8829085677040482,5.700661738978594
2025-01-21,515.8325625749549,527.1651764544865,510.23624769324636,526.8153686523438,411700,EME,520.0123388437579,504.100793200729,527.1651764544865,504.100793200729,490.68830553646694,455.72832089680566,7.739111846425487,0.841495515121859,6.897616331303628
2025-01-22,534.9000809357228,544.9334953391214,532.0319620745015,535.6395874023438,383100,EME,536.8762814379224,512.0565660222435,544.9334953391214,512.0565660222435,491.5085632876803,457.32277265194773,10.643656898507572,2.8019277917990015,7.841729106708571
2025-01-23,530.0732288176093,533.1911842848771,523.1577697422854,531.4523315429688,365000,EME,529.4686285969351,524.466423730083,533.1911842848771,523.1577697422854,492.01750603574584,458.8247044600344,12.463976265077463,4.734337486454694,7.7296387786227685
2025-01-24,533.7208912264706,534.0406893651767,523.127783740828,531.302490234375,285700,EME,530.5479636417126,526.9675261635091,534.0406893651767,523.127783740828,492.40465035679256,460.28327183604904,13.736159638598224,6.5347019168834,7.2014577217148235
2025-01-27,486.8015575125034,486.8015575125034,428.64959474341555,429.7189025878906,1611000,EME,457.99290308907825,528.7577449026109,528.7577449026109,428.64959474341555,491.1571551488039,460.9701175821177,6.47281301484395,6.522324136475511,-0.049511121631560684
2025-01-28,441.0314837604123,444.33931732853216,429.8588002736019,437.98345947265625,1086900,EME,438.30326520880067,493.37532399584455,493.37532399584455,429.8588002736019,489.57974372049733,461.62019353381635,1.3676734683529048,5.49139400285099,-4.123720534498085
2025-01-29,440.44188607563973,450.2254639566933,434.7156210536493,439.12274169921875,506300,EME,441.12642819630025,465.83929460232264,465.83929460232264,434.7156210536493,488.25911465100694,462.4730787304862,-2.556782847358477,3.881758632809097,-6.438541480167574
2025-01-30,444.66909502101004,454.6825638780266,440.5517933861827,448.39666748046875,589800,EME,447.07502994142203,453.48286139931145,454.6825638780266,440.5517933861827,487.24314346867885,463.4163468227063,-4.862561860339099,2.1328945341794583,-6.995456394518557
2025-01-31,453.3734383091112,458.02039239152225,441.60114040144333,447.76708984375,701500,EME,450.1905152364567,450.27894567036674,458.02039239152225,441.60114040144333,486.26560979413966,464.37839088470037,-6.663892786140934,0.3735370701153798,-7.037429856256314
2025-02-03,436.65434282011336,452.9936597294019,431.8374866870402,448.1068420410156,635200,EME,442.39808281939276,450.2347304534117,452.9936597294019,431.8374866870402,485.0987660845455,465.2041108270846,-7.972147407017019,-1.2955998253111,-6.676547581705918
2025-02-04,449.9856228446797,452.0242977096166,442.260665445486,444.7090759277344,386900,EME,447.24491548187916,446.31640663640223,452.0242977096166,442.260665445486,483.95074950788984,466.00262777175305,-9.17732940782821,-2.8719457418145224,-6.305383666013688
2025-02-05,450.0556016059801,463.3369221565978,447.79706926242784,456.3514709472656,358000,EME,454.38526599306783,446.7806610591407,463.3369221565978,446.7806610591407,482.73767902549565,466.78457332143915,-9.088237305392,-4.115204054530018,-4.973033250861981
2025-02-06,459.6992675899044,467.39424578991657,457.4907209523406,466.8645935058594,422000,EME,462.8622069595052,450.58296352610427,467.39424578991657,450.58296352610427,481.5178494746852,467.544670365781,-8.076212493334594,-4.907405742290933,-3.168806751043661
2025-02-07,470.62211115763967,471.4715615497467,459.8491600551554,461.4481201171875,331800,EME,465.8477382199323,456.7225852428047,471.4715615497467,456.7225852428047,480.57647919337234,468.2545340426233,-7.6233622984448175,-5.450597053521711,-2.1727652449231067
2025-02-10,463.0670553051167,468.98319837487765,460.69860963196527,466.20501708984375,345700,EME,464.73847010045085,461.2851617313685,468.98319837487765,460.69860963196527,479.707514972846,468.91434656557533,-6.802221648807063,-5.720921972578782,-1.081299676228281
2025-02-11,461.34820248700385,463.45683898936966,442.73037647456187,445.9482727050781,373200,EME,453.3709226640034,463.01181591590966,463.45683898936966,442.73037647456187,478.49802963406694,469.3792972568244,-7.697282268544484,-6.116194031771922,-1.5810882367725618
2025-02-12,433.4564405709338,438.4231927433473,430.7282447774744,433.20660400390625,603900,EME,433.95362052391545,458.1913692899565,458.1913692899565,430.7282447774744,476.9103871282096,469.6143110869832,-9.327251684460236,-6.758405562309585,-2.568846122150651
2025-02-13,437.2939189697064,439.0527781302087,421.15448312015536,427.2704772949219,519400,EME,431.19291437874807,446.07249490693596,446.07249490693596,421.15448312015536,475.27666951246954,469.69338684331996,-10.971536956513091,-7.601031841150287,-3.3705051153628043
2025-02-14,428.6396075421192,428.6396075421192,421.963951404996,426.0113220214844,303300,EME,426.3136221276797,438.632704642842,438.632704642842,421.963951404996,473.6154356007636,469.6360189263445,-12.235208323022334,-8.527867137524696,-3.707341185497638
2025-02-18,427.6202619439897,435.68499364554515,427.4703661033271,433.6263427734375,466300,EME,431.10049111657486,432.4731633852608,435.68499364554515,427.4703661033271,472.10592477202124,469.58049808321243,-12.478365620581428,-9.317966834136042,-3.160398786445386
2025-02-19,430.74822476386305,435.80491448812,430.2385484031054,434.56573486328125,340600,EME,432.83935562959243,431.78682725091784,435.80491448812,430.2385484031054,470.5345023516583,469.5833212539369,-12.4517326172504,-9.944719990758914,-2.507012626491486
2025-02-20,435.29521589982335,435.82486817993885,418.58614577360953,424.3623962402344,432000,EME,428.5171565234015,432.3130914402551,435.82486817993885,418.58614577360953,468.8473704600802,469.5093797006203,-13.102907759872267,-10.576357544581585,-2.5265502152906816
2025-02-21,432.6269893411712,432.6269893411712,402.44672035068567,404.0856628417969,702700,EME,417.94659046870623,430.4151239818283,432.6269893411712,402.44672035068567,467.0136520616229,469.34043903755367,-15.081284022942839,-11.477342840253836,-3.6039411826890024
2025-02-24,403.0363381174607,406.1743000412063,388.03617135708527,391.1741027832031,841000,EME,397.1052280747389,424.18085722526723,424.18085722526723,388.03617135708527,465.1568023573411,469.0433476268904,-17.48940943004618,-12.679756158212307,-4.809653271833874
2025-02-25,390.2047171731676,400.2081826113051,385.26794439831735,397.769775390625,827700,EME,393.3626548933538,410.64304265000305,410.64304265000305,385.26794439831735,463.4557855796523,468.71170111114867,-18.650657339520308,-13.873936394473908,-4.776720945046399
2025-02-26,419.70545286479694,433.3465232016235,414.8586174087654,420.6048583984375,881400,EME,422.1288629684058,402.00284877167843,433.3465232016235,402.00284877167843,462.2942337828517,468.67323219105515,-17.526321788319592,-14.604413473243046,-2.9219083150765464
2025-02-27,418.34631866794535,423.8627294385946,401.5772899582528,402.44671630859375,576900,EME,411.5582635933466,412.0658558700421,423.8627294385946,401.5772899582528,460.9184237244662,468.5158545207928,-17.894214707926892,-15.262373720179816,-2.6318409877470756
2025-02-28,399.80845268351766,408.7426104000417,395.7610821622693,408.6426696777344,676800,EME,403.23870373089073,411.8120597316944,411.8120597316944,395.7610821622693,459.3930527972362,468.25995731065495,-17.484263140190023,-15.706751604181859,-1.7775115360081646
2025-03-03,410.8312608860919,410.8312608860919,393.7524366589126,395.4713134765625,560400,EME,402.72156797691474,407.52538173129255,410.8312608860919,393.7524366589126,457.82078151318296,467.93362509255826,-18.014531630060105,-16.16830760935751,-1.8462240207025964
2025-03-04,384.7483207978859,398.1195790080927,376.04402317059953,387.8262939453125,662300,EME,386.68455423047266,405.1234748541036,405.1234748541036,376.04402317059953,456.03169976014584,467.4281297630558,-18.834549450769657,-16.701555977639938,-2.1329934731297193
2025-03-05,388.89559642713704,395.94100595740593,384.54843403571635,392.3433532714844,522700,EME,390.43209742293595,395.9040145422881,395.94100595740593,384.54843403571635,454.3838429546003,466.9196541644026,-18.902039598231795,-17.14165270175831,-1.7603868964734843
2025-03-06,379.9714477174702,387.11676759358386,369.967981592334,374.62493896484375,689200,EME,377.9202839670579,393.16805598261203,393.16805598261203,369.967981592334,452.5862838724487,466.2736063020831,-20.152943395226373,-17.743910840451925,-2.4090325547744484
2025-03-07,375.604287373782,382.3698503848631,363.56214698034154,375.1046142578125,583600,EME,374.1602247491998,385.544169974835,385.544169974835,363.56214698034154,450.8295395580602,465.6107726066883,-20.865068359299016,-18.368142344221344,-2.4969260150776726
2025-03-10,364.6014759780656,369.74810297834995,355.29756498889935,360.92388916015625,640000,EME,362.6427582763678,379.85219736201736,379.85219736201736,355.29756498889935,448.84294557401483,464.7832988289327,-22.316448400373474,-19.15780355545177,-3.158644844921703
2025-03-11,361.9532167859875,379.7415676432385,359.7646460825087,372.3564147949219,620400,EME,368.45396132666417,371.24747781919257,379.7415676432385,359.7646460825087,446.95005145853594,463.9526664938942,-22.287254667953448,-19.783693777952106,-2.503560890001342
2025-03-12,385.24796674518655,389.7450247227568,377.3631104523194,382.1400146484375,530000,EME,383.62402914217506,369.85071957292837,389.7450247227568,369.85071957292837,445.35017084211233,463.30944535407684,-21.229938169418517,-20.072942656245388,-1.156995513173129
2025-03-13,380.0014029230981,382.26990787987745,369.47828836974816,372.67620849609375,335700,EME,376.10645191720437,376.73737435755174,382.26990787987745,369.47828836974816,443.67974637352717,462.5973913299603,-20.914567179363928,-20.241267560869098,-0.6732996184948306
2025-03-14,380.5710370463204,390.0448197488649,379.0520112645526,388.2560119628906,330500,EME,384.4809700056571,376.42191313737806,390.0448197488649,376.42191313737806,442.25926748840305,461.92156192999573,-19.18630567494006,-20.03027518368329,0.843969508743232
2025-03-17,385.5777397730931,398.38936567045175,384.0787204387022,394.8316955566406,391200,EME,390.7193803597219,380.4514415715176,398.38936567045175,380.4514415715176,440.96605417420744,461.31937886722835,-17.089051324394973,-19.442030411825627,2.352979087430654
2025-03-18,388.58580726315193,392.303376677258,382.8695452715186,386.2873229980469,359700,EME,387.51151305249385,385.58541096561976,392.303376677258,382.8695452715186,439.5728742769415,460.6658890941789,-15.932758674660306,-18.740176064392564,2.807417389732258
2025-03-19,388.41593695241636,401.6172929379395,385.8675856077839,398.27947998046875,412300,EME,393.54507386965213,386.54846200905683,401.6172929379395,385.8675856077839,438.12067273024076,460.113812956455,-13.888622182114773,-17.769865287937005,3.8812431058222323
2025-03-20,390.4645844099836,406.28422279257023,390.4645844099836,399.2588195800781,559600,EME,396.6180527981539,390.0467679393545,406.28422279257023,390.0467679393545,436.47692284492655,459.62832509270163,-12.050691888759957,-16.626030608101598,4.575338719341641
2025-03-21,393.5925181755701,395.6311930209488,390.18474387683165,394.8816833496094,1255900,EME,393.57253460574,393.33241036875415,395.6311930209488,390.18474387683165,434.92248931352617,459.1162527872763,-10.822561450655996,-15.465336776612478,4.642775325956482
2025-03-24,404.73523441912636,415.24834607229946,404.17560295455456,412.5801086425781,560900,EME,409.1848230221396,393.45247248724706,415.24834607229946,393.45247248724706,433.7005281396761,458.8667054912886,-8.325176765515437,-14.037304774393071,5.7121280088776345
2025-03-25,411.4608392951177,416.5275015650594,406.8738437029681,412.0104675292969,359400,EME,411.7181630231105,401.3186477546933,416.5275015650594,401.3186477546933,432.5774278888468,458.6704342584443,-6.319103989721043,-12.493664617458666,6.174560627737623
2025-03-26,411.49081560069015,411.5907258261173,390.87429788711535,391.9935607910156,296600,EME,401.4873500262346,406.5184053889019,411.5907258261173,390.87429788711535,431.3442525627308,458.36139207991005,-6.2721722500331225,-11.249366143973559,4.977193893940436
2025-03-27,388.4159215733758,389.67507711377215,377.1332938376437,379.0820007324219,637100,EME,383.57657331430335,404.00287770756825,404.00287770756825,377.1332938376437,429.3614128321384,457.86812326584385,-7.1939066210482,-10.438274239388488,3.244367618340288
2025-03-28,379.47175323024555,380.0413879031098,366.4802521870178,370.6275329589844,400400,EME,374.1552315698394,393.7897255109358,393.7897255109358,366.4802521870178,426.79510179092176,457.16864488192766,-8.508511815353643,-10.05232175458152,1.5438099392278772
2025-03-31,360.94387851776463,369.4583282575569,351.8698278041506,369.38836669921875,775900,EME,362.9151003196727,383.97247854038756,383.97247854038756,351.8698278041506,423.8626698548888,456.2426470442998,-9.54036092203745,-9.949929588072706,0.40956866603525555
2025-04-01,368.2790688024995,376.8434734781894,365.72074484417385,375.2545166015625,408300,EME,371.52445093160634,373.44378943003017,376.8434734781894,365.72074484417385,421.1090713273458,455.3845133659841,-9.772112669571015,-9.914366204372369,0.1422535348013536
2025-04-02,364.4616020050786,384.7982744881184,362.56281966721326,384.6983642578125,400000,EME,374.1302651045557,372.48412018081825,384.7982744881184,362.56281966721326,418.1914298525617,454.4398676945143,-9.088966075606436,-9.749286178619183,0.6603201030127472
2025-04-03,361.91323785249995,367.409642220127,351.94975453346,354.3082275390625,491200,EME,358.89521553628737,373.30719264268697,373.30719264268697,351.94975453346,414.63180853452906,453.07018591110466,-10.874443712308164,-9.97431768535698,-0.9001260269511846
2025-04-04,339.77771831262646,347.5326548192375,320.680226489857,341.79638671875,1172100,EME,337.44674658511775,366.10120408948717,366.10120408948717,320.680226489857,410.7913708942927,451.40443846501927,-13.1474924821444,-10.608952644714464,-2.538539837429937
2025-04-07,325.5869963582874,361.75333961973683,324.5876501073441,350.2508850097656,1144100,EME,340.54471777378353,351.77397533730243,361.75333961973683,324.5876501073441,406.9913059769341,449.6979781668633,-14.104109261711187,-11.30798396811381,-2.7961252935973775
2025-04-08,368.90866165135685,375.30447154426173,347.4526964693457,354.0284118652344,819300,EME,361.4235603825497,346.159346555543,375.30447154426173,346.159346555543,405.05991912280354,448.1085371358037,-14.391523579035663,-11.924691890298181,-2.466831688737482
2025-04-09,350.4907189309026,396.4106914368089,349.5513310136507,390.744384765625,931500,EME,371.7992815367468,353.79145346904636,396.4106914368089,349.5513310136507,403.72983944936243,446.65479158492985,-11.523790250651473,-11.84451156236884,0.3207213117173673
2025-04-10,375.7642104915329,385.97753085583315,365.6208211897498,374.9547424316406,643600,EME,375.57932624218915,362.79536750289657,385.97753085583315,362.79536750289657,402.41889741028024,445.33900603064365,-10.40523799721359,-11.556656849337791,1.151418852124202
2025-04-11,375.0346682843483,385.01812779697764,366.7401064136774,383.4791564941406,455200,EME,377.568014747286,369.1873468725429,385.01812779697764,366.7401064136774,401.02875710639745,444.13595028753815,-8.730290944694275,-10.991383668409089,2.261092723714814
2025-04-14,392.59319360151807,392.7430894445285,378.7422382524176,385.5378112792969,388500,EME,387.4040831444403,373.3776808099144,392.7430894445285,373.3776808099144,399.7730284645572,443.01931912934845,-7.154296821600383,-10.223966299047348,3.069669477446965
2025-04-15,386.2273422275414,395.42130925158295,385.75764827919824,389.844970703125,395700,EME,389.3128176153619,380.39088197717734,395.42130925158295,380.39088197717734,398.7113231604765,441.90504462251107,-5.494422077998024,-9.278057454837484,3.7836353768394595
2025-04-16,382.59971190096974,389.055480035207,374.75483786219576,382.1499938964844,498400,EME,382.1400059237142,384.8518497962696,389.055480035207,374.75483786219576,397.4092249693133,440.67998723860154,-4.745180219830843,-8.371482007836155,3.6263017880053123
2025-04-17,382.0799865722656,383.95001220703125,374.1199951171875,378.80999755859375,359200,EME,379.73999786376953,383.4959278599919,383.95001220703125,374.1199951171875,395.9163196067273,439.32699931611154,-4.370529694433799,-7.571291545155685,3.200761850721886
2025-04-21,374.07000732421875,375.7099914550781,356.9700012207031,362.7099914550781,400600,EME,367.36499786376953,381.61796286188076,381.61796286188076,356.9700012207031,394.00637542481263,437.7621124497489,-5.311524445534985,-7.119338125231545,1.8078136796965598
2025-04-22,370.7300109863281,376.3399963378906,365.8699951171875,373.20001220703125,370600,EME,371.5350036621094,374.49148036282514,376.3399963378906,365.8699951171875,392.12012073365617,436.3482999635142,-5.151430080053501,-6.725756516195937,1.574326436142436
2025-04-23,392.70001220703125,397.510009765625,382.1300048828125,384.1300048828125,404700,EME,389.1175079345703,373.01324201246723,397.510009765625,373.01324201246723,390.6077014903385,435.15760823159223,-4.09538601808913,-6.199682416574576,2.104296398485446
2025-04-24,383.25,402.70001220703125,382.30999755859375,400.6199951171875,331800,EME,392.2200012207031,381.0653749735188,402.70001220703125,381.0653749735188,389.3846830614725,433.9413563477698,-1.9058891871060268,-5.340923770680867,3.43503458357484
2025-04-25,405.239990234375,414.6499938964844,404.42999267578125,410.239990234375,524500,EME,408.6399917602539,386.642688097111,414.6499938964844,386.642688097111,388.8784104861993,432.8943988072044,0.5986551107573064,-4.153007994393232,4.751663105150539
2025-04-28,410.8599853515625,417.32000732421875,404.1000061035156,410.260009765625,689300,EME,410.63500213623047,397.64133992868244,417.32000732421875,397.64133992868244,388.467252241349,431.8719608769092,2.5556796359549594,-2.811270468323594,5.366950104278553
2025-04-29,408.8800048828125,414.8399963378906,406.55999755859375,413.0199890136719,501100,EME,410.8249969482422,404.13817103245646,414.8399963378906,404.13817103245646,388.15747973776024,430.88645766926186,4.2800056896040815,-1.393015236738059,5.67302092634214
2025-04-30,385.0,400.79998779296875,374.6400146484375,400.70001220703125,1128000,EME,390.2850036621094,407.48158399034935,407.48158399034935,374.6400146484375,387.34116998867086,429.7235473803461,4.599408229231358,-0.19453054354417568,4.793938772775533
2025-05-01,411.4700012207031,418.95001220703125,407.4800109863281,412.5199890136719,606900,EME,412.6050033569336,398.88329382622936,418.95001220703125,398.88329382622936,386.9364829432177,428.735492647438,5.740141608338206,0.9924038868323007,4.747737721505906
2025-05-02,416.6600036621094,433.8299865722656,415.7200012207031,430.19000244140625,678600,EME,424.0999984741211,405.7441485915815,433.8299865722656,405.7441485915815,386.8481397822321,427.8477551211561,7.9780375878185055,2.3895306270295418,5.588506960788964
2025-05-05,426.2799987792969,439.6400146484375,426.2799987792969,435.989990234375,551400,EME,432.04750061035156,414.9220735328513,439.6400146484375,414.9220735328513,387.130157985065,427.071905023344,10.103134175308355,3.9322513366853045,6.170882838623051
2025-05-06,431.6300048828125,437.2900085449219,429.7300109863281,433.07000732421875,411800,EME,432.9300079345703,423.48478707160143,437.2900085449219,423.48478707160143,387.84665358226164,426.50172796980144,11.420027347314317,5.429806538811107,5.99022080850321
2025-05-07,434.0799865722656,437.4599914550781,427.8999938964844,434.1499938964844,430400,EME,433.3974914550781,428.2073975030859,437.4599914550781,427.8999938964844,388.64735031349613,426.0515679465742,12.407791270208406,6.825403485090567,5.582387785117839
2025-05-08,440.3299865722656,448.44000244140625,435.0199890136719,440.239990234375,312400,EME,441.0074920654297,430.802444479082,448.44000244140625,430.802444479082,389.0249228954366,425.65957833914416,13.52609272655019,8.165541333382492,5.360551393167697
2025-05-09,441.3800048828125,444.0199890136719,436.6199951171875,439.42999267578125,219900,EME,440.3624954223633,435.9049682722558,444.0199890136719,435.9049682722558,389.601007532017,425.25971562824157,14.18349613950511,9.369132294607017,4.814363844898093
2025-05-12,458.489990234375,465.0,451.7699890136719,457.30999755859375,441800,EME,458.14249420166016,438.13373184730955,465.0,438.13373184730955,390.69908334143236,425.04606806933424,15.963245685725383,10.68795497283069,5.275290712894693
2025-05-13,457.6000061035156,474.29998779296875,457.05999755859375,472.3800048828125,750100,EME,465.33499908447266,448.1381130244848,474.29998779296875,448.1381130244848,391.95135196358353,424.88606673838325,18.377884852522584,12.22594094876907,6.151943903753514
2025-05-14,475.8299865722656,478.75,465.9100036621094,466.57000732421875,599300,EME,471.76499938964844,456.73655605447874,478.75,456.73655605447874,393.65296086676705,424.8423303134564,19.59678599160668,13.700109957336593,5.896676034270087
2025-05-15,463.69000244140625,469.42999267578125,461.0,464.2900085449219,489900,EME,464.60250091552734,464.2507777220636,469.42999267578125,461.0,395.1363689366188,424.7601059456096,20.146560075542254,14.989399980977726,5.157160094564528
2025-05-16,465.9599914550781,472.3299865722656,463.0,470.42999267578125,424000,EME,467.92999267578125,464.4266393187955,472.3299865722656,463.0,396.93656311079326,424.761423491621,20.83750363236328,16.159020711254836,4.6784829211084435
2025-05-19,461.0199890136719,470.8900146484375,460.1199951171875,469.989990234375,298800,EME,465.50499725341797,466.17831599728834,470.8900146484375,460.1199951171875,398.7634585608777,424.79649905946894,21.106276838166536,17.148471936637176,3.957804901529361
2025-05-20,472.6300048828125,478.1600036621094,471.3999938964844,472.5199890136719,564800,EME,473.67749786376953,465.84165662535315,478.1600036621094,465.84165662535315,400.98415335262575,424.9135494633203,21.2781500292308,17.974407555155903,3.303742474074898
2025-05-21,467.44000244140625,475.739990234375,463.260009765625,463.7699890136719,355100,EME,467.55249786376953,469.75957724456134,475.739990234375,463.260009765625,402.96612408336784,424.9580877709519,20.47231677403346,18.473989398931415,1.9983273751020434
2025-05-22,460.0,462.20001220703125,451.989990234375,458.30999755859375,455700,EME,458.125,468.65603755416544,468.65603755416544,451.989990234375,404.4561435005243,424.9031571713183,19.172108303897915,18.613613179924716,0.5584951239731986
2025-05-23,452.9200134277344,465.2799987792969,450.67999267578125,463.32000732421875,397600,EME,458.0500030517578,463.3905187770827,465.2799987792969,450.67999267578125,406.09501452321535,424.88738044837123,18.334599788042112,18.557810501548197,-0.22321071350608435
2025-05-27,469.6000061035156,476.0199890136719,466.95001220703125,475.5899963378906,340500,EME,472.04000091552734,460.72026091442024,476.0199890136719,460.72026091442024,407.84619514141275,425.0527313149079,18.448293381689723,18.535907077576503,-0.08761369588678036
2025-05-28,476.8399963378906,476.8399963378906,468.05999755859375,469.1400146484375,280800,EME,472.7200012207031,466.3801309149738,476.8399963378906,466.3801309149738,409.4862075586324,425.2261308664199,17.81260414357473,18.39124649077615,-0.5786423472014199
2025-05-29,472.32000732421875,477.0,464.79998779296875,468.260009765625,343800,EME,470.5950012207031,469.55006606783843,477.0,464.79998779296875,411.1478773219966,425.360375799469,17.041364560171132,18.12127010465515,-1.079905544484017
2025-05-30,467.45001220703125,472.0299987792969,464.1600036621094,471.8599853515625,807400,EME,468.875,470.0725336442708,472.0299987792969,464.1600036621094,412.6544758446035,425.3875742874221,16.5300909782041,17.80303427936494,-1.27294330116084
2025-06-02,468.3299865722656,470.1300048828125,457.29998779296875,469.54998779296875,330900,EME,466.3274917602539,469.4737668221354,470.1300048828125,457.29998779296875,414.0486646238455,425.262793734386,15.756870093319833,17.39380144215592,-1.636931348836086
2025-06-03,472.19000244140625,486.57000732421875,468.8299865722656,483.7799987792969,435300,EME,477.8424987792969,467.90062929119466,486.57000732421875,467.90062929119466,415.7340639073167,425.32827661042137,16.106662355145318,17.136373624753798,-1.0297112696084803
2025-06-04,482.5799865722656,490.0,480.4700012207031,482.6400146484375,340400,EME,483.92250061035156,472.8715640352458,490.0,472.8715640352458,417.2288174590809,425.46467279937843,16.10622550875604,16.930344001554246,-0.8241184927982061
2025-06-05,483.82000732421875,488.79998779296875,480.0,484.05999755859375,350900,EME,484.1699981689453,478.3970323227987,488.79998779296875,478.3970323227987,418.67785416199763,425.6276410254222,16.03561151072836,16.75139750338907,-0.7157859926607131
2025-06-06,490.0,491.7300109863281,484.05999755859375,488.82000732421875,336300,EME,488.65250396728516,481.28351524587197,491.7300109863281,481.28351524587197,420.4211572408187,425.88270490177473,16.17726102052029,16.636570206815318,-0.4593091862950267
2025-06-09,484.2099914550781,486.75,471.8599853515625,473.7900085449219,488900,EME,479.1524963378906,484.96800960657856,486.75,471.8599853515625,422.3326757012903,425.84704426671436,14.904909468641108,16.290238059180478,-1.3853285905393697
2025-06-10,474.4200134277344,474.42999267578125,455.1400146484375,465.92999267578125,404800,EME,467.4800033569336,482.0602529722346,482.0602529722346,455.1400146484375,424.19917113703224,425.49713646397703,13.111186508591857,15.654427749062755,-2.5432412404708984
2025-06-11,468.4200134277344,472.3800048828125,464.2099914550781,471.8900146484375,329900,EME,469.2250061035156,474.7701281645841,474.7701281645841,464.2099914550781,426.32536925270915,425.09401955379894,12.031876124507676,14.92991742415174,-2.8980412996440634
2025-06-12,467.57000732421875,476.1199951171875,466.489990234375,474.92999267578125,380700,EME,471.2774963378906,471.99756713404986,476.1199951171875,466.489990234375,428.3204301608348,424.7147507440903,11.291652547996193,14.20226444892063,-2.9106119009244367
2025-06-13,474.1099853515625,481.4599914550781,470.0199890136719,477.9200134277344,401000,EME,475.8774948120117,471.63753173597024,481.4599914550781,470.0199890136719,430.3553747549839,424.2734023037728,10.821545674269771,13.526120693990459,-2.7045750197206875
2025-06-16,483.0,489.67999267578125,480.0199890136719,485.80999755859375,376700,EME,484.6274948120117,473.757513273991,489.67999267578125,473.757513273991,432.8700203404984,423.7509144375137,10.959306308720556,13.012757816936478,-2.0534515082159217
2025-06-17,483.19000244140625,486.9200134277344,479.3999938964844,481.3900146484375,571500,EME,482.7250061035156,479.19250404300135,486.9200134277344,479.19250404300135,435.77558553086635,423.2834782125795,10.589754820842188,12.52815721771762,-1.938402396875432
2025-06-18,481.3800048828125,493.3900146484375,481.1400146484375,485.2099914550781,541500,EME,485.2800064086914,480.9587550732585,493.3900146484375,480.9587550732585,438.6702913035645,422.8307986402493,10.484266707269626,12.119379115628021,-1.6351124083583954
2025-06-20,487.7200012207031,489.32000732421875,478.1600036621094,485.0299987792969,1452500,EME,485.05750274658203,483.119380740975,489.32000732421875,478.1600036621094,441.14297015084514,423.1014446368244,10.267782111875306,11.749059714877479,-1.481277603002173
2025-06-23,485.2799987792969,496.2300109863281,483.57000732421875,494.6000061035156,389200,EME,489.92000579833984,484.0884417437785,496.2300109863281,483.57000732421875,443.50538463607705,423.61761204271977,10.74457929961659,11.548163631825302,-0.8035843322087128
