Date,Open,High,Low,Close,Volume,Ticker,HA_Close,HA_Open,HA_High,HA_Low,HA_50_MA,HA_100_MA,MACD_Line,Signal_Line,MACD_Hist
2022-01-03,5.781924388116713,6.237413854258451,5.781924388116713,6.228117942810059,413000,WTTR,6.007345143325484,6.005021165463386,6.237413854258451,5.781924388116713,,,0.0,0.0,0.0
2022-01-04,6.293188999959811,6.488398739070741,6.246710321789198,6.265301704406738,319400,WTTR,6.323399941306622,6.006183154394435,6.488398739070741,6.006183154394435,,,0.002966225996316574,0.0005932451992633148,0.002372980797053259
2022-01-05,6.414033866546801,6.506990789169944,5.94924881017752,5.967840194702148,299700,WTTR,6.209528415149103,6.164791547850529,6.506990789169944,5.94924881017752,,,-0.018472734193787588,-0.003219950679346866,-0.015252783514440722
2022-01-06,6.097978285306757,6.246709322453388,6.005021387090113,6.228117942810059,225900,WTTR,6.144456734415079,6.187159981499816,6.246709322453388,6.005021387090113,,,-0.01429622755128701,-0.005435206053734896,-0.008861021497552114
2022-01-07,6.246711140681078,6.3768512793176715,6.135162830352783,6.135162830352783,213100,WTTR,6.223472020176079,6.165808357957447,6.3768512793176715,6.135162830352783,,,-0.01827633841143239,-0.008003432525274395,-0.010272905886157997
2022-01-10,6.144457817077637,6.246710197818059,6.014317698084071,6.144457817077637,199500,WTTR,6.137485882514351,6.194640189066763,6.246710197818059,6.014317698084071,,,-0.02044490110259556,-0.010491726240738629,-0.00995317486185693
2022-01-11,6.200232478922497,6.265302100571578,6.116571030226761,6.19093656539917,466900,WTTR,6.193260543780002,6.1660630357905575,6.265302100571578,6.116571030226761,,,-0.018203220711303203,-0.012034025134851543,-0.0061691955764516596
2022-01-12,6.163048767217757,6.256005671943182,6.042204569447961,6.181640148162842,281500,WTTR,6.160724789192935,6.17966178978528,6.256005671943182,6.042204569447961,,,-0.016981068837134572,-0.01302343387530815,-0.003957634961826422
2022-01-13,6.144458327543191,6.460511852025926,6.124937441048467,6.19093656539917,216500,WTTR,6.230211046504189,6.170193289489108,6.460511852025926,6.124937441048467,,,-0.01508843144863814,-0.013436433389974148,-0.001651998058663992
2022-01-14,6.144457570392821,6.339667297792464,6.144457570392821,6.321075916290283,363200,WTTR,6.2374145887170975,6.200202167996649,6.339667297792464,6.144457570392821,,,-0.003052161270341358,-0.011359578966047591,0.008307417695706233
2022-01-18,6.42332785161209,6.506989284250709,6.313638575309356,6.3675537109375,448700,WTTR,6.402877355527414,6.218808378356873,6.506989284250709,6.218808378356873,,,0.010120377744573084,-0.007063587623923457,0.01718396536849654
2022-01-19,6.40473728003302,6.4502864554496115,6.16304930659489,6.237414836883545,523000,WTTR,6.3138719697402665,6.310842866942144,6.4502864554496115,6.16304930659489,,,0.009943962487058755,-0.0036620776017270147,0.01360604008878577
2022-01-20,6.1351618984090015,6.506989986275444,6.1351618984090015,6.153753280639648,510300,WTTR,6.232766765933274,6.312357418341206,6.506989986275444,6.1351618984090015,,,0.0030185675565927994,-0.002325948570063052,0.005344516126655851
2022-01-21,6.070091619531361,6.163048520536101,5.846994613866516,6.014317035675049,565800,WTTR,6.023612947402257,6.27256209213724,6.27256209213724,5.846994613866516,,,-0.013564830549142926,-0.004573724965879027,-0.008991105583263898
2022-01-24,5.865586315161821,6.311779907663604,5.819108083741869,6.256005764007568,476900,WTTR,6.063120017643715,6.148087519769748,6.311779907663604,5.819108083741869,,,-0.007122923892648458,-0.005083564751232914,-0.0020393591414155443
2022-01-25,6.200232051532042,6.660369101133608,6.032909165674366,6.6185383796691895,518300,WTTR,6.3780121745023015,6.105603768706732,6.660369101133608,6.032909165674366,,,0.02692530763051959,0.0013182097251175867,0.025607097905402002
2022-01-26,6.627834249349558,6.925296367595775,6.479102746972929,6.581355571746826,615300,WTTR,6.653397233916271,6.241807971604517,6.925296367595775,6.241807971604517,,,0.05032828146676671,0.011120224073447413,0.0392080573933193
2022-01-27,6.702199131202334,6.770987195073657,5.949247552277486,6.088683128356934,663300,WTTR,6.377779251727603,6.447602602760394,6.770987195073657,5.949247552277486,,,0.02878889760404313,0.014653958779566557,0.014134938824476572
2022-01-28,6.032908391968413,6.274596776876429,5.83769912225878,5.995725631713867,647000,WTTR,6.035232480704372,6.4126909272439985,6.4126909272439985,5.83769912225878,,,0.004169820513812539,0.012557131126415754,-0.008387310612603215
2022-01-31,5.930656761897958,6.254147171024531,5.912065379454065,6.200232028961182,473600,WTTR,6.074275335334434,6.223961703974185,6.254147171024531,5.912065379454065,,,0.0011477511151127828,0.01027525512415516,-0.009127504009042378
2022-02-01,6.163049099254011,6.832339292588784,6.163049099254011,6.8230438232421875,606400,WTTR,6.495370328584748,6.1491185196543094,6.832339292588784,6.1491185196543094,,,0.04844994527683699,0.01791019315469153,0.030539752122145464
2022-02-02,6.69290354702214,7.166984440256736,6.69290354702214,7.083323001861572,1014400,WTTR,6.909028634040647,6.322244424119528,7.166984440256736,6.322244424119528,,,0.10572094417914357,0.03547234335958194,0.07024860081956164
2022-02-03,6.999661363704045,7.111209642481343,6.813747122488424,6.962478160858154,869300,WTTR,6.971774072382992,6.615636529080088,7.111209642481343,6.615636529080088,,,0.13974654353333715,0.056327183394332986,0.08341936013900417
2022-02-04,7.036844487980302,7.1205054797722696,6.860226149136288,6.869521617889404,457800,WTTR,6.971774433694566,6.79370530073154,7.1205054797722696,6.79370530073154,,,0.157396886681898,0.07654112405184599,0.08085576263005201
2022-02-07,6.757973597984141,6.836987080120585,6.655720778174596,6.7114949226379395,420100,WTTR,6.740544094729316,6.882739867213053,6.882739867213053,6.655720778174596,,,0.15682568825479137,0.09259803689243506,0.06422765136235631
2022-02-08,6.683608467834634,6.832339528544698,6.572060172302085,6.627834320068359,544200,WTTR,6.678960622187444,6.811641980971185,6.832339528544698,6.572060172302085,,,0.14791720052709412,0.10366186961936688,0.044255330907727236
2022-02-09,6.637129653099419,6.739382476859303,6.479102682721466,6.525581359863281,1199800,WTTR,6.595299043135867,6.745301301579314,6.745301301579314,6.479102682721466,,,0.1310950187237685,0.10914849944024721,0.021946519283521287
2022-02-10,6.451215937065035,6.869522265202182,6.451215937065035,6.6185383796691895,839300,WTTR,6.59762312975036,6.6703001723575905,6.869522265202182,6.451215937065035,,,0.12383666112763159,0.11208613177772409,0.011750529349907501
2022-02-11,6.655720584420938,7.008957265659258,6.646425115574396,6.925295829772949,718300,WTTR,6.809099698856885,6.633961651053975,7.008957265659258,6.633961651053975,,,0.14120934950215336,0.11791077532260995,0.02329857417954341
2022-02-14,6.8137472390779115,6.990365571790798,6.641776862206974,6.683607578277588,501600,WTTR,6.782374312838318,6.72153067495543,6.990365571790798,6.641776862206974,,,0.13393123230305015,0.12111486671869799,0.01281636558435216
2022-02-15,6.525580426791631,6.9271547569261305,6.4976931358433525,6.878817081451416,613700,WTTR,6.707311350253132,6.751952493896874,6.9271547569261305,6.4976931358433525,,,0.14227498993809728,0.12534689136257784,0.01692809857551944
2022-02-16,6.934591888757637,7.204167139819641,6.934591888757637,7.018253326416016,409000,WTTR,7.022901060937733,6.7296319220750025,7.204167139819641,6.7296319220750025,,,0.1583138738380807,0.13194028785767842,0.026373585980402292
2022-02-17,6.962479142096709,7.092619262264634,6.934592290098954,6.971775054931641,313200,WTTR,6.990366437347984,6.876266491506367,7.092619262264634,6.876266491506367,,,0.16536813587677202,0.13862585746149714,0.026742278415274878
2022-02-18,6.84163629519278,7.0740288281778945,6.84163629519278,6.953184604644775,342300,WTTR,6.927621505802057,6.933316464427175,7.0740288281778945,6.84163629519278,,,0.16752744331010838,0.1444061746312194,0.023121268678888973
2022-02-22,7.055435503092695,7.204166541462425,6.943886781061939,6.962478160858154,617900,WTTR,7.041491746618803,6.930468985114617,7.204166541462425,6.930468985114617,,,0.16805143004771939,0.1491352257145194,0.018916204333199987
2022-02-23,7.074028489270556,8.17092103283834,6.925296973873178,7.929232597351074,1051800,WTTR,7.524869773333287,6.98598036586671,8.17092103283834,6.925296973873178,,,0.24366685698348522,0.16804155196831258,0.07562530501517264
2022-02-24,7.901344769037356,7.957119357470115,7.23670209662427,7.538812160491943,667000,WTTR,7.658494595905921,7.2554250695999984,7.957119357470115,7.23670209662427,,,0.2689882323320498,0.18823088804106003,0.0807573442909898
2022-02-25,7.566700041485074,7.659656508626836,7.185576043984178,7.63176965713501,457900,WTTR,7.510925562807774,7.456959832752959,7.659656508626836,7.185576043984178,,,0.29317693659852573,0.20922009775255318,0.08395683884597255
2022-02-28,7.594586481475752,7.761909354374623,7.538811895007136,7.696838855743408,361400,WTTR,7.64803664665023,7.483942697780367,7.761909354374623,7.483942697780367,,,0.31397785821653645,0.23017164984534985,0.0838062083711866
2022-03-01,7.882751941680908,8.217397656709652,7.633627546876444,7.882751941680908,761900,WTTR,7.9041322717369775,7.565989672215299,8.217397656709652,7.565989672215299,,,0.3415274548499747,0.25244281084627485,0.08908464400369986
2022-03-02,8.059372858509416,8.540889845304898,7.998950305411064,8.421905517578125,646700,WTTR,8.255279631700876,7.735060971976138,8.540889845304898,7.735060971976138,,,0.40222924795515347,0.28240009826805057,0.1198291496871029
2022-03-03,8.328946833402625,8.542747497558594,8.16162395779744,8.542747497558594,590300,WTTR,8.394016446579313,7.995170301838507,8.542747497558594,7.995170301838507,,,0.4548436398399298,0.31688880658242646,0.13795483325750335
2022-03-04,8.552043896148387,8.988942048122684,8.500918148534073,8.933167457580566,539600,WTTR,8.743767887596427,8.19459337420891,8.988942048122684,8.19459337420891,,,0.5220269506364232,0.3579164353932258,0.16411051524319742
2022-03-07,9.109786440791746,9.676823838050133,8.654297340378925,9.063307762145996,1274400,WTTR,9.1260538453417,8.469180630902668,9.676823838050133,8.469180630902668,,,0.5790959853780802,0.40215234539019673,0.17694363998788343
2022-03-08,9.295700018003231,9.695415402459622,8.868097781714802,9.277108192443848,812300,WTTR,9.284080348655376,8.797617238122184,9.695415402459622,8.797617238122184,,,0.634264112616779,0.4485746988355132,0.18568941378126574
2022-03-09,8.933166491371768,8.942462403207852,8.291763645300085,8.533452033996582,1102800,WTTR,8.675211143469072,9.04084879338878,9.04084879338878,8.291763645300085,,,0.6109359248778947,0.48104694404398957,0.12988898083390515
2022-03-10,8.691479579200678,9.016828536987305,8.561339464181824,9.016828536987305,626800,WTTR,8.821619029339278,8.858029968428927,9.016828536987305,8.561339464181824,,,0.6242565709064865,0.5096888694164889,0.11456770148999751
2022-03-11,8.775138804796388,9.128375446563503,8.565986124958629,8.737956047058105,623600,WTTR,8.801864105844157,8.839824498884102,9.128375446563503,8.565986124958629,,,0.6053327009811849,0.5288176357294282,0.07651506525175666
2022-03-14,8.440495046899006,8.440495046899006,7.575994712603094,7.715430736541748,924600,WTTR,8.043103885735714,8.82084430236413,8.82084430236413,7.575994712603094,,,0.5020389581668239,0.5234619002169073,-0.021422942050083438
2022-03-15,7.399376958747975,7.761909564332983,7.371489664759321,7.473742485046387,737100,WTTR,7.501629668221667,8.431974094049922,8.431974094049922,7.371489664759321,7.0111373990318295,,0.3961095959204233,0.49799143935761053,-0.10188184343718726
2022-03-16,7.520221171904453,7.5388121102534775,7.148393096600436,7.455151557922363,664600,WTTR,7.4156444841701825,7.966801881135794,7.966801881135794,7.148393096600436,7.039303385848723,,0.3071193994505803,0.4598170313762045,-0.1526976319256242
2022-03-17,7.65965676468656,7.957119774402552,7.5202216160591355,7.8548665046691895,718200,WTTR,7.747966164954359,7.691223182652989,7.957119774402552,7.5202216160591355,7.067794710321679,,0.265783891991612,0.42101040349928603,-0.15522651150767403
2022-03-18,7.845571278008254,8.031486007784373,7.622474666085472,8.02219009399414,1791600,WTTR,7.8804305114680595,7.719594673803674,8.031486007784373,7.622474666085472,7.101212752248057,,0.24371739735319586,0.385551802270068,-0.14183440491687216
2022-03-21,8.28246808055615,8.682183441189094,8.24528531816055,8.449790954589844,619500,WTTR,8.41493194862391,7.800012592635866,8.682183441189094,7.800012592635866,7.1466222565322335,,0.2577620369022062,0.3599938491964957,-0.10223181229428946
2022-03-22,8.37542679591386,8.607819320418637,8.277821474638147,8.384722709655762,429200,WTTR,8.4114475751566,8.107472270629888,8.607819320418637,8.107472270629888,7.190381767631845,,0.2606375835409951,0.3401225960653956,-0.07948501252440049
2022-03-23,8.542747452183553,8.742605133315534,8.361481595578727,8.50556468963623,344700,WTTR,8.538099717678511,8.259459922893244,8.742605133315534,8.259459922893244,7.238394044335127,,0.2695600918912975,0.326010095230576,-0.05645000333927852
2022-03-24,8.486973424680446,8.533452097700893,8.235989122274207,8.245285034179688,288200,WTTR,8.375424919708808,8.398779820285878,8.533452097700893,8.235989122274207,7.2820373318537035,,0.2527157017943873,0.3113512165433383,-0.05863551474895101
2022-03-25,8.22669240663616,8.765842775283911,8.22669240663616,8.682181358337402,365600,WTTR,8.475352236723408,8.387102369997343,8.765842775283911,8.22669240663616,7.328329880804314,,0.271490707471278,0.30337911472892626,-0.031888407257648244
2022-03-28,8.45908694312827,8.463734012776031,8.059371578889333,8.16162395477295,456000,WTTR,8.285954122391646,8.431227303360377,8.463734012776031,8.059371578889333,7.369444742322062,,0.2415806118343955,0.29101941415002014,-0.04943880231562464
2022-03-29,7.919935722905175,8.040779025955107,7.659655520856476,7.947822570800781,470800,WTTR,7.892048210129385,8.358590712876012,8.358590712876012,7.659655520856476,7.402537414750309,,0.19833833975832604,0.27248319927168135,-0.07414485951335531
2022-03-30,8.133737803661239,8.319651633300653,7.854866615948583,7.938528060913086,277300,WTTR,8.061696028455891,8.125319461502698,8.319651633300653,7.854866615948583,7.4357137882088775,,0.1614573583998986,0.2502780310973248,-0.08882067269742622
2022-03-31,7.771206580785911,8.161626137109597,7.771206580785911,7.966416358947754,292700,WTTR,7.917613914407293,8.093507744979295,8.161626137109597,7.771206580785911,7.467788627102218,,0.132946740273983,0.22681177293265647,-0.09386503265867346
2022-04-01,7.947823823370079,8.226695005796705,7.947823823370079,8.20810317993164,454000,WTTR,8.082611458117126,8.005560829693295,8.226695005796705,7.947823823370079,7.504785520945895,,0.12837415919656436,0.20712425018543806,-0.0787500909888737
2022-04-04,8.273170830906809,8.598520614153179,7.9757087798291035,8.152327537536621,422400,WTTR,8.249931940606428,8.044086143905211,8.598520614153179,7.9757087798291035,7.549311900809978,,0.11887936027879498,0.18947527220410945,-0.07059591192531448
2022-04-05,8.263878283844788,8.366130672926893,7.752614565420057,7.799093246459961,267100,WTTR,8.045429192162924,8.14700904225582,8.366130672926893,7.752614565420057,7.588958084300362,,0.08190743066726291,0.16796170389674014,-0.08605427322947723
2022-04-06,7.910641425225675,8.017541769389162,7.585291549546177,7.734022617340088,287000,WTTR,7.811874340375276,8.096219117209372,8.096219117209372,7.585291549546177,7.617635327617822,,0.04681658171798375,0.14373267946098886,-0.09691609774300511
2022-04-07,7.808387713288302,7.808387713288302,7.473742829521218,7.771204948425293,210500,WTTR,7.715430801130779,7.954046728792324,7.954046728792324,7.473742829521218,7.638875998962114,,0.02175634092727652,0.11933741175424639,-0.09758107082696987
2022-04-08,7.789796684461031,8.133737477112367,7.789796684461031,8.059371948242188,285200,WTTR,7.943175698569155,7.834738764961552,8.133737477112367,7.789796684461031,7.670183927898943,,0.02486199452761806,0.10044232830892073,-0.07558033378130267
2022-04-11,7.901344490785697,7.949682170222839,7.641065155781769,7.696838855743408,280300,WTTR,7.797232668133429,7.888957231765353,7.949682170222839,7.641065155781769,7.705423931647525,,-0.0019081474324460501,0.07997223316064739,-0.08188038059309344
2022-04-12,7.957119829829568,8.189512336832093,7.775853071542797,7.873458385467529,406400,WTTR,7.948985905917997,7.843094949949391,8.189512336832093,7.775853071542797,7.742918143059196,,-0.008770852894020464,0.06222361594971382,-0.07099446884373428
2022-04-13,8.087258831480263,8.217398950764109,7.933879816773994,8.115145683288574,330500,WTTR,8.088420820576735,7.896040427933694,8.217398950764109,7.896040427933694,7.774779152899036,,0.005232234708920203,0.050825339701555096,-0.04559310499263489
2022-04-14,8.077963058397334,8.24528594515472,7.929231997505013,8.20810317993164,388500,WTTR,8.115146045247176,7.992230624255214,8.24528594515472,7.929231997505013,7.798901501123166,,0.023559100970969915,0.045372091955438065,-0.02181299098446815
2022-04-18,8.328948546656349,8.625481650284279,8.22669614970166,8.394018173217773,505100,WTTR,8.393786129965015,8.053688334751195,8.625481650284279,8.053688334751195,7.8273417422748075,,0.052480102766386594,0.04679369411762777,0.005686408648758821
2022-04-19,8.338242742625638,8.421904180397227,7.929231466077194,8.16162395477295,279500,WTTR,8.212750585968251,8.223737232358104,8.421904180397227,7.929231466077194,7.85216126532028,,0.05600237332541447,0.048635429959185114,0.007366943366229353
2022-04-20,8.189511736841562,8.263877262713542,8.068667535672844,8.198806762695312,332200,WTTR,8.180215824480815,8.218243909163178,8.263877262713542,8.068667535672844,7.88095469991531,,0.06108993324637524,0.05112633061662314,0.0099636026297521
2022-04-21,8.26387912297375,8.26387912297375,7.575996524049984,7.668953895568848,376000,WTTR,7.943177166391583,8.199229866821996,8.26387912297375,7.575996524049984,7.906239030799393,,0.022112266482094967,0.04532351778971751,-0.02321125130762254
2022-04-22,7.631769287201987,7.79909216105639,7.241349839213035,7.343602657318115,455700,WTTR,7.503953486197382,8.07120351660679,8.07120351660679,7.241349839213035,7.924412119660623,,-0.03463172809661064,0.02933246861245188,-0.06396419670906252
2022-04-25,7.018252868537623,7.0833224773569325,6.599946150790006,7.046139717102051,498200,WTTR,6.9369153034466535,7.787578501402086,7.787578501402086,6.599946150790006,7.931197963134549,,-0.10242384753480849,0.0029812053829998083,-0.1054050529178083
2022-04-26,7.027548988958289,7.390081156704184,6.93459207969697,7.194871425628662,421200,WTTR,7.136773412747027,7.36224690242437,7.390081156704184,6.93459207969697,7.937751437412353,,-0.14250547037418215,-0.026116129768436587,-0.11638934060574557
2022-04-27,7.232055248799814,7.334307636073008,7.120506504928124,7.287829399108887,226700,WTTR,7.243674697227458,7.249510157585698,7.334307636073008,7.120506504928124,7.946977445100135,,-0.1648690063909477,-0.05386670509293882,-0.11100230129800889
2022-04-28,7.427264298214896,7.613178126194501,7.0182538766597675,7.501629829406738,283800,WTTR,7.390081532618976,7.246592427406578,7.613178126194501,7.0182538766597675,7.960632848747452,,-0.16345614123626628,-0.07578459232160431,-0.08767154891466197
2022-04-29,7.4644462483154514,7.529516745879615,7.194871005569522,7.213462829589844,390500,WTTR,7.350574207338608,7.318336980012777,7.529516745879615,7.194871005569522,7.967186311675468,,-0.1834741284510546,-0.09732249954749438,-0.08615162890356022
2022-05-02,7.046140176799812,7.222758521160004,6.813747688418533,7.018253326416016,645700,WTTR,7.0252249281985915,7.334455593675692,7.334455593675692,6.813747688418533,7.967883481492481,,-0.2126391314685181,-0.12038582593169912,-0.09225330553681897
2022-05-03,6.999662439947514,7.552756406366825,6.999662439947514,7.436560153961182,424800,WTTR,7.247160360055759,7.179840260937142,7.552756406366825,6.999662439947514,7.974274258577555,,-0.19969676147610738,-0.1362480130405808,-0.06344874843552659
2022-05-04,8.040779686051309,8.040779686051309,7.273884657163151,7.715430736541748,462000,WTTR,7.767718691451879,7.21350031049645,8.040779686051309,7.21350031049645,7.9887987974742165,,-0.1650348950770386,-0.14200538944787236,-0.023029505629166253
2022-05-05,7.724726966269603,7.761909730213445,7.1576887079922376,7.5945868492126465,560500,WTTR,7.559728063421984,7.4906095009741644,7.761909730213445,7.1576887079922376,7.989495963275991,,-0.14563739081824245,-0.1427317897219464,-0.002905601096296062
2022-05-06,7.715430335794057,7.854865465983318,7.585290230845659,7.761909008026123,322600,WTTR,7.729373760162289,7.525168782198074,7.854865465983318,7.525168782198074,7.990913546561118,,-0.11543259400565198,-0.13727195057868752,0.02183935657303554
2022-05-09,7.529517535315431,7.594587153194888,6.850930958045318,7.055436611175537,783100,WTTR,7.257618064432793,7.627271271180182,7.627271271180182,6.850930958045318,7.985847396593618,,-0.14680916839975922,-0.13917939414290187,-0.007629774256857347
2022-05-10,7.204167351468649,7.334307024674519,6.757973742937869,6.804452419281006,685900,WTTR,7.02522513459051,7.4424446678064875,7.4424446678064875,6.757973742937869,7.973391166352425,,-0.18974044662718725,-0.14929160463975896,-0.04044884198742829
2022-05-11,7.018254372472495,7.3993779683823675,6.934592922344549,7.120506763458252,360400,WTTR,7.118183006664416,7.233834901198499,7.3993779683823675,6.934592922344549,7.957672181050973,,-0.19600146682397135,-0.15863357707660145,-0.0373678897473699
2022-05-12,7.064730971364074,7.194870629937587,6.702198843711126,6.962478160858154,386900,WTTR,6.9810696514677355,7.176008953931458,7.194870629937587,6.702198843711126,7.93218798144631,,-0.2112794598713288,-0.16916275363554692,-0.04211670623578187
2022-05-13,7.074027555105183,7.297124133859747,7.036844791979423,7.101914405822754,285400,WTTR,7.127477721691776,7.078539302699596,7.297124133859747,7.036844791979423,7.906857206948559,,-0.20971853505517224,-0.17727390991947198,-0.03244462513570026
2022-05-16,7.185576266495133,7.557404362843897,7.185576266495133,7.436560153961182,282800,WTTR,7.341279262448836,7.103008512195686,7.557404362843897,7.103008512195686,7.8788074344456085,,-0.17941024613055756,-0.1777011771616891,-0.0017090689688684657
2022-05-17,7.48303844206736,7.668952258921635,7.473742529597895,7.51092529296875,212100,WTTR,7.5341646308889105,7.222143887322261,7.668952258921635,7.222143887322261,7.846969650156552,,-0.1476876127088964,-0.17169846427113056,0.024010851562234148
2022-05-18,7.57599557785404,7.6596570244707705,7.139097847946368,7.250646591186523,268900,WTTR,7.406349260364426,7.378154259105585,7.6596570244707705,7.139097847946368,7.809415028390734,,-0.1419136212790093,-0.16574149567270632,0.02382787439369702
2022-05-19,7.092618695722338,7.436559464578246,7.092618695722338,7.2785325050354,321000,WTTR,7.225082340264581,7.3922517597350055,7.436559464578246,7.092618695722338,7.780412452326643,,-0.13354807223028153,-0.1593028109842214,0.025754738753939854
2022-05-20,7.380785920556002,7.520221510479355,7.139097505588385,7.362194538116455,270000,WTTR,7.350574868685049,7.308667049999793,7.520221510479355,7.139097505588385,7.750991569113559,,-0.11879805740523697,-0.15120186026842453,0.03240380286318756
2022-05-23,7.50163010228533,7.826979977964828,7.390081801439897,7.734022617340088,280400,WTTR,7.613178624757536,7.329620959342421,7.826979977964828,7.329620959342421,7.727217859491827,,-0.07622645477056444,-0.13620677916885252,0.05998032439828807
2022-05-24,7.715429970673432,7.910639675604567,7.520220265742297,7.882751941680908,245100,WTTR,7.7572604634253,7.471399792049978,7.910639675604567,7.471399792049978,7.721500991045617,,-0.030139509969537848,-0.11499332532898959,0.08485381535945175
2022-05-25,7.8362748257221755,8.040779572875921,7.8362748257221755,8.012892723083496,247000,WTTR,7.931555486850942,7.61433012773764,8.040779572875921,7.61433012773764,7.7300995074182035,7.370618453225017,0.016693566211182898,-0.0886559470209551,0.105349513232138
2022-05-26,8.105851286332221,8.198807761745737,7.808388260090502,7.817684173583984,276700,WTTR,7.982682870438111,7.7729428072942905,8.198807761745737,7.7729428072942905,7.741440275143563,7.390371830496143,0.03762371521080343,-0.0634000145746034,0.10102372978540683
2022-05-27,7.724727893400165,8.050076895330783,7.678249211265183,8.0035982131958,317100,WTTR,7.8641630532979825,7.877812838866201,8.050076895330783,7.678249211265183,7.743764212910434,7.405779461616056,0.06842396940790696,-0.03703521777810133,0.10545918718600829
2022-05-31,8.217399189450418,8.742605865213019,7.761910088487165,7.873458385467529,519100,WTTR,8.148843382154533,7.870987946082092,8.742605865213019,7.761910088487165,7.749132470324164,7.4251726112861105,0.08139393764203895,-0.013349386694073276,0.09474332433611223
2022-06-01,7.919937245149444,8.068668311188613,7.780501205857413,8.050076484680176,377900,WTTR,7.9547958117189115,8.009915664118314,8.068668311188613,7.780501205857413,7.739929747586063,7.443276002059149,0.10471722052458166,0.01026393474965771,0.09445328577492394
2022-06-02,7.966414288846221,8.143033078029978,7.771204561410332,7.845570087432861,365200,WTTR,7.931555503929848,7.9823557379186125,8.143033078029978,7.771204561410332,7.7303319061615285,7.460356836896686,0.10548318858063865,0.0293077855158539,0.07617540306478475
2022-06-03,7.882754123125295,8.105851623719271,7.706136191933336,8.096555709838867,283800,WTTR,7.947824412154192,7.95695562092423,8.105851623719271,7.706136191933336,7.718526400051043,7.4784602221930845,0.12490286347653878,0.04842680110799088,0.0764760623685479
2022-06-06,8.198806199169995,8.53345192909983,7.985005548609876,8.477677345275879,543400,WTTR,8.298735255538896,7.952390016539211,8.53345192909983,7.952390016539211,7.716992606767644,7.499514969310674,0.16909717952982373,0.07256087679235745,0.09653630273746627
2022-06-07,8.42190371877517,8.9889410409698,8.375425046282214,8.895983695983887,542500,WTTR,8.670563375502766,8.125562636039053,8.9889410409698,8.125562636039053,7.72089682954323,7.524613355173773,0.23516449011773943,0.10508159945743385,0.1300828906603056
2022-06-08,8.942463830785696,9.003815440286925,8.421905095960096,8.486974716186523,458400,WTTR,8.713789770804809,8.39806300577091,9.003815440286925,8.39806300577091,7.729453542511494,7.549449142416778,0.2516191938695327,0.13438911833985362,0.11723007552967907
2022-06-09,8.366131218071624,8.41260990214012,8.152330512466564,8.26387882232666,246600,WTTR,8.298737613751243,8.555926388287858,8.555926388287858,8.152330512466564,7.737587330583931,7.57006237266712,0.24384677714072556,0.156280650100028,0.08756612704069755
2022-06-10,8.124441847372296,8.124441847372296,7.6038831271486265,7.901345252990723,480700,WTTR,7.9385280187209855,8.42733200101955,8.42733200101955,7.6038831271486265,7.735123970389234,7.585418879299056,0.20605833939032436,0.16623618795808728,0.03982215143223708
2022-06-13,7.668952258921635,7.8269792248745205,7.297124181959583,7.51092529296875,522800,WTTR,7.575995239681122,8.182930009870269,8.182930009870269,7.297124181959583,7.72829159689471,7.598040111998464,0.14295915813808246,0.16158078199408632,-0.018621623856003855
2022-06-14,7.687544281888317,7.687544281888317,7.055436401793957,7.269237518310547,351400,WTTR,7.424940620970284,7.879462624775695,7.879462624775695,7.055436401793957,7.715138180151773,7.609961850548834,0.07261337703452497,0.14378730100217404,-0.07117392396764907
2022-06-15,7.306420837242378,7.50163014315873,7.18557662237462,7.352899074554443,331500,WTTR,7.336631669332543,7.65220162287299,7.65220162287299,7.18557662237462,7.6968721747262965,7.623092037768138,0.023345514536555534,0.11969894370905035,-0.09635342917249481
2022-06-16,7.036845333027453,7.287829225050703,6.9624793578045905,7.148393630981445,461600,WTTR,7.108886886716048,7.494416646102767,7.494416646102767,6.9624793578045905,7.678141328617358,7.633549706458861,-0.03183453294245275,0.08939224837874973,-0.12122678132120249
2022-06-17,7.148392699515675,7.278532363504251,6.432623882698292,6.813747406005859,3882300,WTTR,6.918324087931019,7.301651766409408,7.301651766409408,6.432623882698292,7.660270323568474,7.638952825593147,-0.10139940252727886,0.05123391819754402,-0.15263332072482289
2022-06-21,6.999662213108087,7.371489854153433,6.785861097880256,7.232054710388184,494200,WTTR,7.09726696888249,7.109987927170213,7.371489854153433,6.785861097880256,7.647907046923507,7.64339152294281,-0.12137700082646052,0.01671173439274311,-0.13808873521920365
2022-06-22,6.841634596981019,7.027548399920665,6.3489623543107525,6.386145114898682,462700,WTTR,6.65107261652778,7.1036274480263515,7.1036274480263515,6.3489623543107525,7.622064985282679,7.646124456590813,-0.2031257193526006,-0.027255756356325635,-0.17586996299627497
2022-06-23,6.348962778569383,6.423328304714592,5.791220889226824,5.977134704589844,1001800,WTTR,6.135161669275161,6.877350032277066,6.877350032277066,5.791220889226824,7.588823565305514,7.6471237484765195,-0.2974866487142114,-0.08130193482790278,-0.2161847138863086
2022-06-24,6.125866535471207,6.432624569239252,5.9678395621353,6.246710300445557,1596900,WTTR,6.193260241822829,6.506255850776114,6.506255850776114,5.9678395621353,7.553709052023611,7.648313597541403,-0.34652138459918724,-0.13434582478215967,-0.21217555981702757
2022-06-27,6.302484773391005,6.678960373876349,6.293188860661236,6.525581359863281,541200,WTTR,6.450053841947968,6.349758046299471,6.678960373876349,6.293188860661236,7.520941712451036,7.647860432675035,-0.3587438266683476,-0.17922542515939727,-0.17951840150895032
2022-06-28,6.730086019045866,6.730086019045866,6.432623927841572,6.4976935386657715,486500,WTTR,6.5976223761497685,6.39990594412372,6.730086019045866,6.39990594412372,7.4905912390690865,7.644746370096127,-0.36645623480474576,-0.21667158708846698,-0.14978464771627878
2022-06-29,6.637129401827348,6.702199458711729,6.228118565525883,6.321075916290283,342000,WTTR,6.4721308355888105,6.498764160136744,6.702199458711729,6.228118565525883,7.4521581331815625,7.639749937728185,-0.38241173544521345,-0.2498196167598163,-0.13259211868539716
2022-06-30,6.125866671348366,6.348963266945051,6.116570758238404,6.339667797088623,759600,WTTR,6.232767123405111,6.485447497862777,6.485447497862777,6.116570758238404,7.412558463930299,7.63235986462529,-0.38907140231699255,-0.27766997387125153,-0.11140142844574102
2022-07-01,6.404736495192646,6.432623787260328,6.005021597245673,6.386145114898682,305200,WTTR,6.307131748649332,6.359107310633944,6.432623787260328,6.005021597245673,7.375096782413671,7.628025741164492,-0.38614763559844434,-0.2993655062166901,-0.08678212938175422
2022-07-05,6.200231584053341,6.2374143462730185,5.7540379941637205,5.865586280822754,398100,WTTR,6.014317551328208,6.333119529641638,6.333119529641638,5.7540379941637205,7.336519590112403,7.6213793104558984,-0.42098245316007255,-0.3236888956053666,-0.09729355755470592
2022-07-06,5.809813069210102,6.005022823795846,5.596011930533028,5.837700366973877,349300,WTTR,5.812137047628213,6.1737185404849235,6.1737185404849235,5.596011930533028,7.30268326134102,7.6135476905008215,-0.4457016856517422,-0.3480914536146418,-0.0976102320371004
2022-07-07,6.032908795002303,6.4140327779529285,6.032908795002303,6.28389310836792,351400,WTTR,6.190935869081364,5.992927794056568,6.4140327779529285,5.992927794056568,7.287763672653715,7.609480817894132,-0.4243956612459554,-0.3633522951409045,-0.0610433661050509
2022-07-08,6.414033301304326,6.414033301304326,6.135162114757104,6.330371856689453,270300,WTTR,6.323400143513802,6.0919318315689654,6.414033301304326,6.0919318315689654,7.271496207269049,7.6046238223407014,-0.39915878287108875,-0.3705135926869414,-0.02864519018414735
2022-07-11,6.190935662834411,6.242062293251952,6.056148039171465,6.218822956085205,186200,WTTR,6.1769922378357585,6.207665987541384,6.242062293251952,6.056148039171465,7.2501625580812155,7.598570001590676,-0.3837359695729301,-0.37315806806413915,-0.010577901508790954
2022-07-12,5.995726369939803,6.1630492549404154,5.791221163360024,5.809812545776367,454300,WTTR,5.939952333504152,6.192329112688571,6.192329112688571,5.791221163360024,7.221159974098919,7.590896411423185,-0.3999071204372102,-0.3785078785387534,-0.021399241898456822
2022-07-13,5.7633339793406435,5.9771351028817,5.7633339793406435,5.893474102020264,217500,WTTR,5.849319290895813,6.066140723096362,6.066140723096362,5.7633339793406435,7.1911348757700635,7.579160593722767,-0.40134562308991306,-0.3830754274489854,-0.01827019564092769
2022-07-14,5.62389860990047,5.749390327904656,5.6146026972501915,5.726150989532471,305000,WTTR,5.678510656146948,5.957730006996087,5.957730006996087,5.6146026972501915,7.16420059032903,7.566042035910756,-0.4112466284653893,-0.38870966765226617,-0.02253696081312312
2022-07-15,5.902768518433374,5.930655809246391,5.698263344400561,5.819107532501221,403700,WTTR,5.837698801145387,5.818120331571517,5.930655809246391,5.698263344400561,7.136011359150823,7.55514280886419,-0.40690191838353584,-0.39234811779852014,-0.014553800585015708
2022-07-18,6.0143177192726895,6.218823367981048,6.0143177192726895,6.163049221038818,334900,WTTR,6.1026270068913115,5.827909566358452,6.218823367981048,5.827909566358452,7.102709525459611,7.545754161466915,-0.37142394053425765,-0.38816328234566766,0.016739341811410013
2022-07-19,6.209526488268986,6.58135451990412,6.209526488268986,6.506989002227783,380600,WTTR,6.376849124667468,5.965268286624882,6.58135451990412,5.965268286624882,7.079051946684522,7.5342739549802555,-0.3119582609217799,-0.3729222780608901,0.060964017139110205
2022-07-20,6.395441333989025,6.618537908236937,6.274597134644661,6.6092424392700195,398500,WTTR,6.4744547040351605,6.171058705646175,6.618537908236937,6.171058705646175,7.053953565561979,7.522433556061548,-0.25365629176422644,-0.3490690808015574,0.09541278903733097
2022-07-21,6.414033593212154,6.460511830916265,5.912065789185021,6.172345161437988,360800,WTTR,6.239739093687857,6.322756704840668,6.460511830916265,5.912065789185021,7.0335959861470805,7.509721691370349,-0.23993964530813816,-0.3272431937028736,0.08730354839473542
2022-07-22,6.237414722304314,6.4047371623801315,6.0793877517170625,6.153753280639648,439900,WTTR,6.218823229260289,6.281247899264262,6.4047371623801315,6.0793877517170625,7.017467948040475,7.4954295571964495,-0.22794174304516623,-0.30738290357133213,0.0794411605261659
2022-07-25,6.283893520549573,6.637129789735976,6.1351620165859835,6.627834320068359,257800,WTTR,6.421004911734973,6.250035564262276,6.637129789735976,6.1351620165859835,7.003524386141886,7.48059828359643,-0.1781256199725112,-0.28153144685156795,0.10340582687905675
2022-07-26,6.674312483698769,6.739382543691889,6.525581424575661,6.581355571746826,369800,WTTR,6.630158005928286,6.335520237998624,6.739382543691889,6.335520237998624,6.996506153231097,7.464347067338704,-0.14077367874211966,-0.2533798932296783,0.11260621448755864
2022-07-27,6.627833600307894,6.823043317917496,6.506989404977478,6.813747406005859,440100,WTTR,6.692903432302182,6.482839121963455,6.823043317917496,6.482839121963455,6.987814667443305,7.447335937195933,-0.0913666989342028,-0.22097725437058321,0.12961055543638042
2022-07-28,6.934592325619447,6.95318370813102,6.562764232134471,6.6185383796691895,386700,WTTR,6.767269661388532,6.587871277132818,6.95318370813102,6.562764232134471,6.9763344754220995,7.427570954933853,-0.06718854079891123,-0.19021951165624884,0.12303097085733761
2022-07-29,6.748677954774891,7.008957288889536,6.678959943554067,6.943887233734131,583000,WTTR,6.845120605238156,6.677570469260675,7.008957288889536,6.677570469260675,6.962553594909085,7.404761622532818,-0.021526103294013055,-0.1564808299838017,0.13495472668978864
2022-08-01,6.6836082112482496,6.711495062434037,6.376850188683542,6.441919803619385,635400,WTTR,6.5534683164963035,6.761345537249415,6.761345537249415,6.376850188683542,6.945495976031721,7.3774555022112285,-0.0255483634540985,-0.13029433667786106,0.10474597322376256
2022-08-02,6.516286039482795,6.8230440745277035,6.516286039482795,6.655721187591553,452200,WTTR,6.627834335271212,6.657406926872859,6.8230440745277035,6.516286039482795,6.933551015931855,7.356981734129248,-0.011353176385683561,-0.10650610461942556,0.095152928233742
2022-08-03,6.81374830685715,6.878818369081143,6.190936310546261,6.358259201049805,684900,WTTR,6.56044054688359,6.6426206310720355,6.878818369081143,6.190936310546261,6.917748329495826,7.334369949304692,-0.023831371467768925,-0.08997115798909423,0.06613978652132531
2022-08-04,6.218823632254578,6.3210764609540675,5.9399524424390755,5.986431121826172,617100,WTTR,6.116570914368474,6.601530588977813,6.601530588977813,5.9399524424390755,6.8878161752880445,7.3075170173899355,-0.06299765175256766,-0.08457645674178892,0.021578804989221254
2022-08-05,5.902769077599178,6.460510957413035,5.902769077599178,6.256005764007568,486000,WTTR,6.13051371915474,6.359050751673143,6.460510957413035,5.902769077599178,6.8552812404026335,7.288391115724125,-0.07146103206661358,-0.08195337180675386,0.010492339740140272
2022-08-08,6.200232028961182,6.2792455151611115,6.088683734297818,6.200232028961182,426200,WTTR,6.192098326845323,6.2447822354139415,6.2792455151611115,6.088683734297818,6.8204920972025205,7.275295802310362,-0.08172670169451912,-0.08190803778430691,0.00018133608978779248
2022-08-09,6.274596613545108,6.395440802853472,6.172343803880072,6.228117942810059,265600,WTTR,6.267624790772178,6.218440281129633,6.395440802853472,6.172343803880072,6.786190935609202,7.263815605376382,-0.08661372948120771,-0.08284917612368708,-0.003764553357520628
2022-08-10,6.274597617342271,6.302484912895343,6.079387878231341,6.265301704406738,458600,WTTR,6.230443028218923,6.243032535950905,6.302484912895343,6.079387878231341,6.753516535107622,7.248640374009028,-0.086489320360716,-0.08357720497109287,-0.0029121153896231183
2022-08-11,6.358258855868864,6.497693999380698,6.358258855868864,6.469807147979736,402600,WTTR,6.421004714774541,6.236737782084914,6.497693999380698,6.236737782084914,6.718959761760021,7.234046116042092,-0.06909239098857345,-0.080680242174589,0.011587851186015546
2022-08-12,6.469807597699884,6.534877660914373,6.265301938027798,6.460511684417725,368300,WTTR,6.432624720264944,6.328871248429728,6.534877660914373,6.265301938027798,6.688516339930942,7.214223043758503,-0.05541645890436531,-0.07562748552054427,0.020211026616178962
2022-08-15,6.153754222779461,6.153754222779461,5.977135842921287,6.1258673667907715,472400,WTTR,6.102627913817745,6.380747984347336,6.380747984347336,5.977135842921287,6.651937788128699,7.191134847145114,-0.0707654439037384,-0.0746550771971831,0.0038896332934447025
2022-08-16,6.20952688058921,6.330371076074964,5.949247552277486,6.088683128356934,356400,WTTR,6.144457159324649,6.24168794908254,6.330371076074964,5.949247552277486,6.615870443072108,7.167198421561576,-0.08495082218111705,-0.07671422619396989,-0.008236595987147155
2022-08-17,6.097979308142196,6.3396677272981705,6.032909246849388,6.29318904876709,442500,WTTR,6.1909363327642115,6.193072554203594,6.3396677272981705,6.032909246849388,6.573714464616615,7.145353535692129,-0.07878275940638968,-0.07712793283645385,-0.0016548265699358328
2022-08-18,6.376850407018744,6.674312527203907,6.376850407018744,6.6185383796691895,435200,WTTR,6.511637930227646,6.192004443483903,6.674312527203907,6.192004443483903,6.5305359557111125,7.125716392627172,-0.047098629588911756,-0.07112207218694544,0.024023442598033684
2022-08-19,6.5720599648041444,6.702199638816585,6.439131339702007,6.479102611541748,382100,WTTR,6.548123388716121,6.351821186855775,6.702199638816585,6.351821186855775,6.48722262806934,7.108338085290416,-0.03286122585502671,-0.06346990292056169,0.03060867706553498
2022-08-22,6.43262372042828,6.711494421940408,6.32386394737449,6.6929030418396,392000,WTTR,6.540221282895694,6.449972287785948,6.711494421940408,6.32386394737449,6.452052301452228,7.09481981601808,-0.004276772924604266,-0.051631276921370206,0.04735450399676594
2022-08-23,6.795156071837969,6.971774410083844,6.795156071837969,6.850930213928223,527500,WTTR,6.853254191922002,6.495096785340821,6.971774410083844,6.495096785340821,6.430346824916248,7.082735397652741,0.030773348061281958,-0.03515035192483978,0.06592369998612174
2022-08-24,6.878818789136559,7.213464147325246,6.878818789136559,7.139098167419434,693900,WTTR,7.027549973254449,6.674175488631411,7.213464147325246,6.674175488631411,6.419377919587715,7.0738347582412135,0.08087133261007828,-0.011946015017856167,0.09281734762793445
2022-08-25,7.1762804775194065,7.245998496119366,7.064732179663711,7.157689094543457,308400,WTTR,7.161175061961485,6.85086273094293,7.245998496119366,6.85086273094293,6.414102608407539,7.064620394279656,0.12068331659854348,0.014579851305423762,0.10610346529311972
2022-08-26,7.16698470238246,7.269237526021517,6.860226674718805,6.897409439086914,475500,WTTR,7.048464585552424,7.006018896452208,7.269237526021517,6.860226674718805,6.408339266731937,7.052605720729116,0.12973668405623773,0.037611217855586555,0.09212546620065118
2022-08-29,6.925295524646953,7.2320539616299255,6.878817295955084,7.046139717102051,527100,WTTR,7.020576624833503,7.027241741002316,7.2320539616299255,6.878817295955084,6.406573061494286,7.042357195055822,0.1472158210906107,0.05953213850259139,0.08768368258801931
2022-08-30,6.925296457373656,7.074027961678404,6.609242952639809,6.655721187591553,443400,WTTR,6.8160721398208555,7.02390918291791,7.074027961678404,6.609242952639809,6.404528022532082,7.032399173050278,0.1280881304176651,0.07324333688560614,0.054844793532058955
2022-08-31,6.4883982399256555,6.823043544551014,6.414032715176351,6.6092424392700195,371400,WTTR,6.58367923473076,6.919990661369383,6.919990661369383,6.414032715176351,6.394256267849048,7.021081657386278,0.1079346477688512,0.08018159906225515,0.027753048706596048
2022-09-01,6.423328662605184,6.520933531922425,6.200232071739217,6.237414836883545,450100,WTTR,6.345477275787593,6.751834948050071,6.751834948050071,6.200232071739217,6.388144361034245,7.005104673158462,0.061253396525772885,0.0763959585549587,-0.015142562029185819
2022-09-02,6.414032340327471,6.720790333617545,6.339666819924237,6.6929030418396,389400,WTTR,6.541848133927213,6.548656111918832,6.720790333617545,6.339666819924237,6.396278090327285,6.9925508278164,0.06031696365061556,0.07318015957409008,-0.012863195923474513
2022-09-06,6.66501734408981,6.776565643954471,6.423328917796171,6.460511684417725,484500,WTTR,6.581355897564544,6.5452521229230225,6.776565643954471,6.423328917796171,6.404040003442119,6.978874527732866,0.040357576462343836,0.06661564295174083,-0.02625806648939699
2022-09-07,6.302484175199812,6.823043270813855,6.302484175199812,6.776564598083496,469700,WTTR,6.551144054824244,6.563304010243783,6.823043270813855,6.302484175199812,6.406061807699644,6.96350176007534,0.04947216278718081,0.06318694691882883,-0.01371478413164802
2022-09-08,6.73008630412572,6.888113268398609,6.688256028218337,6.7114949226379395,290000,WTTR,6.754487630845151,6.557224032534013,6.888113268398609,6.557224032534013,6.409199112793553,6.94989517593132,0.050858691777795784,0.06072129589062222,-0.00986260411282644
2022-09-09,6.925296377264022,7.111210644680978,6.832339465182304,6.971775054931641,567500,WTTR,6.960155385514736,6.655855831689582,7.111210644680978,6.655855831689582,6.4189596037920715,6.935558868486818,0.07212850491036438,0.06300273769457065,0.009125767215793723
2022-09-12,6.971774651438362,7.139097083501625,6.8230436007154625,7.018253326416016,374600,WTTR,6.988042165517866,6.8080056086021585,7.139097083501625,6.8080056086021585,6.434065104634327,6.923311784282314,0.09167857953537073,0.06873790606273067,0.02294067347264006
2022-09-13,6.850930838034221,6.990366427588895,6.479102746972929,6.581355571746826,625800,WTTR,6.725438896085718,6.898023887060012,6.990366427588895,6.479102746972929,6.442431247583054,6.908764014998362,0.07109857689433952,0.06921004022905244,0.0018885366652870716
2022-09-14,6.655720963884622,7.0182535778921,6.637129581878098,6.841635227203369,528900,WTTR,6.788184837714548,6.811731391572865,7.0182535778921,6.637129581878098,6.457908593310781,6.897214091711593,0.07492745244682464,0.07035352267260689,0.00457392977421775
2022-09-15,6.674313173602449,6.869522930506533,6.553469397200425,6.757974624633789,590400,WTTR,6.713820031485799,6.799958114643706,6.869522930506533,6.553469397200425,6.475942252987933,6.889312757164475,0.07039962935621968,0.07036274400932946,3.688534689022527e-05
2022-09-16,6.692903046708021,6.730085806936685,6.5348765373629325,6.683607578277588,2003600,WTTR,6.660368242321307,6.756889073064753,6.756889073064753,6.5348765373629325,6.48533090045273,6.886547286553223,0.060117500680108904,0.06831369534348536,-0.008196194663376455
2022-09-19,6.562763826540089,6.80445222750714,6.562763826540089,6.674312114715576,406400,WTTR,6.651072998825724,6.70862865769303,6.80445222750714,6.562763826540089,6.49188435755897,6.88169028241401,0.050635083676156434,0.06477797301001958,-0.014142889333863151
2022-09-20,6.581355641969702,6.627834320068359,6.348963137983464,6.627834320068359,980900,WTTR,6.546496855022471,6.679850828259377,6.679850828259377,6.348963137983464,6.499274449902705,6.87471850399196,0.038921171251901754,0.05960661265839602,-0.020685441406494268
2022-09-21,6.785861265526866,6.788649773439516,6.584144565812218,6.6185383796691895,639100,WTTR,6.694298496111947,6.613173841640924,6.788649773439516,6.584144565812218,6.51436137315486,6.86776067362689,0.028558501927530067,0.05339699051222283,-0.024838488584692765
2022-09-22,6.795156180302054,6.795156180302054,6.544172315262978,6.553468227386475,456900,WTTR,6.67198822581339,6.653736168876435,6.795156180302054,6.544172315262978,6.530814751853211,6.860974813811636,0.014923367067620319,0.045702265823302335,-0.030778898755682016
2022-09-23,6.274597114242156,6.274597114242156,5.819108055006994,5.856290817260742,697900,WTTR,6.056148275188012,6.6628621973449125,6.6628621973449125,5.819108055006994,6.538367504234032,6.851284047281531,-0.05154478973655685,0.0262528547113305,-0.07779764444788735
2022-09-26,5.800516336538077,6.144457558545497,5.651785284807408,5.958543300628662,566500,WTTR,5.888825620129911,6.359505236266463,6.359505236266463,5.651785284807408,6.539390040613723,6.837700699882273,-0.09487668269353922,0.002026947230356557,-0.09690362992389577
2022-09-27,6.042204856872559,6.116570384190429,5.884177889695331,6.042204856872559,483900,WTTR,6.021289496907719,6.124165428198187,6.124165428198187,5.884177889695331,6.537763290414051,6.820236407936831,-0.12107109938176386,-0.022592662092067527,-0.09847843728969632
2022-09-28,6.09797943532688,6.414033392121652,5.995726606377946,6.395442008972168,525700,WTTR,6.225795360699662,6.072727462552953,6.414033392121652,5.995726606377946,6.534742215134695,6.806897080909608,-0.11203560061522655,-0.040481249796699335,-0.07155435081852721
2022-09-29,6.293189220744388,6.469807583434098,6.172345007864027,6.432624816894531,460100,WTTR,6.341991657234261,6.149261411626307,6.469807583434098,6.149261411626307,6.532092954198677,6.793023259880328,-0.10071359723891682,-0.05252771928514283,-0.048185877953773985
2022-09-30,6.376850232158729,6.683608256814808,6.335019511841352,6.479102611541748,791600,WTTR,6.4686451530891595,6.245626534430285,6.683608256814808,6.245626534430285,6.536671075386703,6.785133530766891,-0.08698771812905104,-0.05941971905392448,-0.02756799907512656
2022-10-03,6.795156383650388,6.878817822251518,6.539524554899658,6.730086326599121,568200,WTTR,6.735896271850171,6.357135843759722,6.878817822251518,6.357135843759722,6.547012536238501,6.782240242139489,-0.055221018273393874,-0.05857997889781836,0.0033589606244244855
2022-10-04,6.832339575329255,7.176280377203182,6.795156809897129,7.055436611175537,501000,WTTR,6.964803343401275,6.546516057804947,7.176280377203182,6.546516057804947,6.557888504871828,6.780706445506857,-0.0037494100069013214,-0.04761386511963495,0.04386445511273363
2022-10-05,6.990366631725593,7.603883155031716,6.990366631725593,7.520221710205078,631100,WTTR,7.276209532171995,6.755659700603111,7.603883155031716,6.755659700603111,6.570809535396701,6.7836578443139,0.07369695092227335,-0.023351701911253294,0.09704865283352665
2022-10-06,7.473742366184407,7.659656178973674,7.362194078510847,7.39008092880249,369100,WTTR,7.471418388117854,7.015934616387553,7.659656178973674,7.015934616387553,6.586379834513014,6.787097250978161,0.12315284714039709,0.005949207899076784,0.11720363924132031
2022-10-07,7.492335292753405,7.706135987281945,7.413321356629057,7.483039379119873,581700,WTTR,7.523708003946069,7.243676502252704,7.706135987281945,7.243676502252704,6.601508601364165,6.788921538393132,0.1679123818421333,0.038341842687688095,0.12957053915444522
2022-10-10,7.520222418243594,7.668953495713252,7.311068786484918,7.315716743469238,301000,WTTR,7.45399036097775,7.383692253099387,7.668953495713252,7.311068786484918,6.613685996478957,6.788119795694021,0.18771918730478543,0.06821731161110757,0.11950187569367786
2022-10-11,7.148393795313122,7.427264546608954,7.120506498556765,7.297124862670898,301300,WTTR,7.248322425787435,7.418841307038568,7.427264546608954,7.120506498556765,6.627583078664781,6.786539527348251,0.19961497673685624,0.09449684463625731,0.10511813210059893
2022-10-12,7.204168300075535,7.287829751207876,6.953184389932078,7.185576915740967,244900,WTTR,7.157689839239113,7.3335818664130015,7.3335818664130015,6.953184389932078,6.638180188744137,6.785865602337997,0.1977618134115966,0.11514983839132517,0.08261197502027143
2022-10-13,7.018253467270559,7.5295171292717,6.990366173073577,7.492334365844727,406200,WTTR,7.257617783865141,7.245635852826057,7.5295171292717,6.990366173073577,6.652123733483769,6.784936031489797,0.21852688872445292,0.13582524845795071,0.0827016402665022
2022-10-14,7.352898843897098,7.445856202112292,7.12050633486618,7.148393630981445,255100,WTTR,7.266913752964253,7.251626818345599,7.445856202112292,7.12050633486618,6.6751305902556854,6.781473382771865,0.2048686197215055,0.14963392271066167,0.055234697010843825
2022-10-17,7.3714900718698315,7.585291193412262,7.311067967602023,7.41796875,406400,WTTR,7.421454495721029,7.259270285654926,7.585291193412262,7.259270285654926,6.70094940578701,6.778115323094821,0.21333757948738352,0.16237465406600604,0.05096292542137748
2022-10-18,7.445855733935254,7.696839166923749,7.250646003163307,7.52951717376709,304600,WTTR,7.48071451944735,7.340362390687978,7.696839166923749,7.250646003163307,6.72672172963905,6.773606913420785,0.22644005664734213,0.17518773458227327,0.051252322065068856
2022-10-19,7.520221380400216,7.83627531965915,7.520221380400216,7.659656524658203,544900,WTTR,7.634093651279446,7.410538455067664,7.83627531965915,7.410538455067664,6.754051106849196,6.770121021229199,0.24450650342042035,0.1890514883499027,0.055455015070517644
2022-10-20,7.808388040002825,7.854866719653084,7.538812761839817,7.650361061096191,751700,WTTR,7.71310714564798,7.522316053173555,7.854866719653084,7.522316053173555,6.783704389197777,6.768610462152699,0.25513320960041597,0.20226783260000536,0.05286537700041061
2022-10-21,7.696839759583611,8.105851077698405,7.603883286562671,8.050076484680176,1431900,WTTR,7.864162652131216,7.617711599410768,8.105851077698405,7.603883286562671,6.81256754794491,6.765763654852467,0.2924376062427205,0.2203017873285484,0.07213581891417212
2022-10-24,8.003597303264607,8.096554656966221,7.757261823017269,8.040780067443848,745300,WTTR,7.974548462672987,7.7409371257709925,8.096554656966221,7.7409371257709925,6.843406022793072,6.765961181362006,0.31759048079840557,0.23975952602251985,0.07783095477588572
2022-10-25,7.985005883847385,8.291763891490513,7.901344447852536,7.994301795959473,754600,WTTR,8.043104004787477,7.8577427942219895,8.291763891490513,7.8577427942219895,6.882215544612467,6.767076666370583,0.3299702157786255,0.257801663973741,0.07216855180488452
2022-10-26,8.105850613531926,8.198807081229887,7.92923181784385,8.077962875366211,647500,WTTR,8.077963096992969,7.950423399504733,8.198807081229887,7.92923181784385,6.9208856633658336,6.768378053218971,0.3425829123023707,0.27475791363946694,0.06782499866290376
2022-10-27,8.282469594530578,8.421905643882202,8.087259834644023,8.13373851776123,921300,WTTR,8.231343397704508,8.014193248248851,8.421905643882202,8.014193248248851,6.961693804664638,6.767704134640626,0.35300991481485333,0.29040831387454424,0.06260160094030909
2022-10-28,8.245285852434826,8.505565206069493,7.975710585972159,8.496270179748535,688000,WTTR,8.305707956056253,8.122768322976679,8.505565206069493,7.975710585972159,6.997575205181212,6.764055580446161,0.38607621842544493,0.3095418947847244,0.07653432364072055
2022-10-31,8.44049384740421,9.146967119408897,8.412607001182327,8.970348358154297,917300,WTTR,8.742604081537433,8.214238139516466,9.146967119408897,8.214238139516466,7.041464819037637,6.7643437235534885,0.4454013398344827,0.3367137837946761,0.10868755603980662
2022-11-01,9.091194508100282,9.109786333943342,8.570635795593262,8.570635795593262,777100,WTTR,8.835563108307536,8.478421110526948,9.109786333943342,8.478421110526948,7.087371655545875,6.76971197849905,0.45491943463914986,0.3603549139635709,0.09456452067557897
2022-11-02,8.5613393221845,8.923871923826738,8.366129596147445,8.542747497558594,773500,WTTR,8.59852208492932,8.656992109417242,8.923871923826738,8.366129596147445,7.122277013406021,6.776311919161134,0.4549676568264909,0.3792774625361549,0.07569019429033597
2022-11-03,8.291764390533995,8.46280528305991,7.362194399545941,8.040780067443848,1200200,WTTR,8.039386035145924,8.62775709717328,8.62775709717328,7.362194399545941,7.14251373464385,6.780945827115783,0.40977763526238764,0.38537749708140145,0.024400138180986186
2022-11-04,8.349322670834917,9.01315460949211,8.349322670834917,8.798110008239746,924200,WTTR,8.627477489850422,8.333571566159602,9.01315460949211,8.333571566159602,7.171839783201628,6.792971195804584,0.43011630156183855,0.3943252579774889,0.03579104358434965
2022-11-07,8.882257287832015,9.1160009006697,8.55501587319481,8.713961601257324,692400,WTTR,8.816808915738463,8.480524528005013,9.1160009006697,8.480524528005013,7.207206669805348,6.807772968268642,0.4344368503669491,0.402347576455381,0.03208927391156813
2022-11-08,8.798108816571013,8.83363794305246,8.569040199339414,8.69526195526123,887600,WTTR,8.72401222855603,8.648666721871738,8.83363794305246,8.569040199339414,7.241275381879799,6.823924221687042,0.43137933877733925,0.4081539289197727,0.023225409857566548
2022-11-09,8.545667179665328,8.611115108787445,8.16232688886978,8.218425750732422,746000,WTTR,8.384383732013744,8.686339475213884,8.686339475213884,8.16232688886978,7.272641613723657,6.838584818127871,0.38602963288258607,0.4037290697123354,-0.017699436829749338
2022-11-10,8.508268313920032,8.816809827850252,8.022081145508068,8.274524688720703,3665200,WTTR,8.405420993999764,8.535361603613815,8.816809827850252,8.022081145508068,7.309076448909037,6.851666358379042,0.3505751673870998,0.3930982892472883,-0.04252312186018847
2022-11-11,8.339971563053759,8.601764140483041,8.307247602332732,8.396069526672363,770500,WTTR,8.411263208135473,8.470391298806788,8.601764140483041,8.307247602332732,7.350392167555996,6.869268264295119,0.32849817816157056,0.38017826703014473,-0.05168008886857417
2022-11-14,8.396071897600217,8.555017658838645,8.078181266784668,8.078181266784668,582900,WTTR,8.276863022502049,8.44082725347113,8.555017658838645,8.078181266784668,7.385092465327492,6.890685277827388,0.28209921512304525,0.3605624566487249,-0.07846324152567963
2022-11-15,8.078180509101081,8.087529577026634,7.90988480318401,7.975332736968994,501100,WTTR,8.012731906570181,8.35884513798659,8.35884513798659,7.90988480318401,7.413719985507605,6.908879994474862,0.2343275042087285,0.3353154661607256,-0.10098796195199711
2022-11-16,7.928582993500897,7.9753318948372405,7.713539295679301,7.881834983825684,516100,WTTR,7.874822291960781,8.185788522278386,8.185788522278386,7.713539295679301,7.440193550250335,6.92312767897499,0.18677061644153525,0.30560649621688757,-0.11883587977535232
2022-11-17,7.741589823380323,8.087530335587106,7.716346000121781,8.078181266784668,641500,WTTR,7.905911856468469,8.030305407119585,8.087530335587106,7.716346000121781,7.4632220347628015,6.936210573778177,0.16304545781221158,0.27709428853595236,-0.11404883072374078
2022-11-18,8.106228692768148,8.190376537386545,7.967852692911364,8.115578651428223,450000,WTTR,8.095009143623571,7.968108631794027,8.190376537386545,7.967852692911364,7.4859191099249776,6.952439356858524,0.1455825698227713,0.2507919447933162,-0.10520937497054489
2022-11-21,7.863135204760028,7.956633009075209,7.012308573804232,7.545243740081787,682400,WTTR,7.594330131930314,8.0315588877088,8.0315588877088,7.012308573804232,7.498044869253228,6.966054986943776,0.08474495730400466,0.2175825472954539,-0.13283758999144923
2022-11-22,7.666790985074222,7.909884577424822,7.601343053157213,7.8444366455078125,656700,WTTR,7.755613815291017,7.812944509819557,7.909884577424822,7.601343053157213,7.518648367637334,6.980539807610194,0.05998164699076103,0.18606236723451533,-0.1260807202437543
2022-11-23,7.638742111965479,7.774312957468323,7.545244300703289,7.657441139221191,334900,WTTR,7.653935127339571,7.784279162555287,7.784279162555287,7.545244300703289,7.5359633734298335,6.9969359833703075,0.02497962106446394,0.15384581800050506,-0.12886619693604112
2022-11-25,7.6293912313913115,7.704189114706042,7.5078444480896,7.5078444480896,101900,WTTR,7.587317310569138,7.719107144947429,7.719107144947429,7.5078444480896,7.5534333190115,7.014687785999716,-0.014661925846288781,0.1201442692311463,-0.13480619507743508
2022-11-28,7.302150337619189,7.680815182747903,7.2367019661882654,7.535894393920898,577400,WTTR,7.438890470119064,7.653212227758283,7.680815182747903,7.2367019661882654,7.569003763567456,7.027167332010094,-0.04331542787989395,0.08745232980893825,-0.1307677576888322
2022-11-29,7.657440432649327,7.778987219410253,7.517194620358097,7.554593563079834,475400,WTTR,7.627053958874378,7.546051348938674,7.778987219410253,7.517194620358097,7.58852338276843,7.040203870163699,-0.06377945811143704,0.05720597222486319,-0.12098543033630023
2022-11-30,7.657441139221191,7.7275649434984395,7.442397421643848,7.657441139221191,483800,WTTR,7.621211160896168,7.5865526539065264,7.7275649434984395,7.442397421643848,7.610017668885903,7.054646059394303,-0.07088133375038463,0.03158851102981363,-0.10246984478019827
2022-12-01,7.610692206393181,7.760287973022642,7.498495381421086,7.5078444480896,523900,WTTR,7.594330002231628,7.603881907401347,7.760287973022642,7.498495381421086,7.628018299008297,7.071189836081578,-0.0875713560221616,0.007756537619418586,-0.09532789364158017
2022-12-02,7.489146327274944,7.713540004310747,7.433047462185387,7.657441139221191,367600,WTTR,7.573293733248068,7.599105954816487,7.713540004310747,7.433047462185387,7.64604440915699,7.088429580505101,-0.08771598094798883,-0.011337966094062896,-0.07637801485392592
2022-12-05,7.86313639950496,7.86313639950496,7.330201152251868,7.358250141143799,535600,WTTR,7.603681023101396,7.5861998440322775,7.86313639950496,7.330201152251868,7.676995064115258,7.107681284174645,-0.1106967669222838,-0.03120972625970708,-0.07948704066257672
2022-12-06,7.358249269248538,7.563943910625805,7.292801339035342,7.442397117614746,481000,WTTR,7.4143479091311075,7.594940433566837,7.594940433566837,7.292801339035342,7.707505509895282,7.123447775254502,-0.12072757528141675,-0.04911329606404902,-0.07161427921736774
2022-12-07,7.507844742764942,7.601342546408601,7.376948441826616,7.461096286773682,896500,WTTR,7.486808004443461,7.504644171348972,7.601342546408601,7.376948441826616,7.736815880045997,7.1372895852300235,-0.1257189862819459,-0.06443443410762839,-0.0612845521743175
2022-12-08,7.694839383520857,7.76963816070468,7.517194628319742,7.582642555236816,541000,WTTR,7.641078681945524,7.495726087896216,7.76963816070468,7.495726087896216,7.765121546470914,7.1499318808028045,-0.11850094230203112,-0.07524773574650893,-0.043253206555522186
2022-12-09,7.535894654973902,7.741588397318011,7.302150590574999,7.311500549316406,523800,WTTR,7.47278354804583,7.56840238492087,7.741588397318011,7.302150590574999,7.787737384287145,7.159915169242911,-0.13312490327663706,-0.08682316925253457,-0.046301734024102495
2022-12-12,7.320848776216829,7.6854890781272225,7.292799796580949,7.601341247558594,608100,WTTR,7.475119724620899,7.52059296648335,7.6854890781272225,7.292799796580949,7.807866875717781,7.1722689755522415,-0.11994413434253115,-0.09344736227053389,-0.026496772071997257
2022-12-13,7.704188699214563,7.900533355242021,7.676139717399513,7.7415876388549805,1267400,WTTR,7.755612352677769,7.497856345552124,7.900533355242021,7.497856345552124,7.8282611973343315,7.187636866786416,-0.0970626900389755,-0.09417042782422222,-0.0028922622147532773
2022-12-14,7.807037012176708,7.886509876072918,7.657440351219456,7.79768705368042,400400,WTTR,7.787168573287376,7.626734349114947,7.886509876072918,7.626734349114947,7.844708501932054,7.20129850340194,-0.07355433801975586,-0.09004720986332895,0.016492871843573093
2022-12-15,7.629392022603775,7.778987804747191,7.554594131532068,7.694839954376221,425600,WTTR,7.6644534783148135,7.706951461201161,7.778987804747191,7.554594131532068,7.85247338085491,7.211641458125806,-0.06250221443899573,-0.08453821077846231,0.022035996339466582
2022-12-16,7.489146054696372,7.722889682683191,7.4564216436134165,7.648091793060303,1237700,WTTR,7.5791372935133206,7.685702469757987,7.722889682683191,7.4564216436134165,7.8546277589628195,7.220503796737918,-0.05686006536315702,-0.07900258169540125,0.022142516332244233
2022-12-19,7.591992513842436,7.722889259337714,7.54524361247547,7.582642555236816,327100,WTTR,7.610691985223109,7.632419881635654,7.722889259337714,7.54524361247547,7.856367438588361,7.228938019976263,-0.057012622063298046,-0.07460458976898061,0.017591967705682568
2022-12-20,7.573293276816297,7.8818347688970025,7.50784446006568,7.835085868835449,501000,WTTR,7.699514593653607,7.621555933429382,7.8818347688970025,7.50784446006568,7.861277923241877,7.237481959860418,-0.036344501902397575,-0.06695257219566401,0.03060807029326644
2022-12-21,8.022080652976753,8.152977396049737,7.867809905483397,8.124927520751953,1050500,WTTR,8.04194886881546,7.660535263541494,8.152977396049737,7.660535263541494,7.8771504521024385,7.252366765383608,0.0033839234694523768,-0.052885273062640736,0.05626919653209311
2022-12-22,8.209075715250147,8.209075715250147,8.040780914554134,8.16232681274414,705200,WTTR,8.155314789449642,7.851242066178477,8.209075715250147,7.851242066178477,7.897102951106649,7.267641569925393,0.03745503873772105,-0.03481721070256838,0.07227224944028943
2022-12-23,8.274524523245331,8.470869200152679,8.115578789955519,8.461519241333008,569800,WTTR,8.330622938671635,8.00327842781406,8.470869200152679,8.00327842781406,7.918563054202779,7.285343393843273,0.08758929669872195,-0.010335909222310313,0.09792520592103227
2022-12-27,8.555015262572192,8.704611913106044,8.456843380184818,8.69526195526123,571200,WTTR,8.602933127781071,8.166950683242847,8.704611913106044,8.166950683242847,7.9452834416991145,7.3102070159774,0.14451624753197123,0.020634522128545996,0.12388172540342524
2022-12-28,8.601764700880913,8.601764700880913,8.068829553478611,8.124927520751953,353800,WTTR,8.349321618998097,8.384941905511958,8.601764700880913,8.068829553478611,7.963840784164656,7.332395094975833,0.14197346212671835,0.04490231012818047,0.09707115199853789
2022-12-29,8.106229545082694,8.447495047106916,8.106229545082694,8.41477108001709,372900,WTTR,8.26868130432235,8.367131762255028,8.447495047106916,8.106229545082694,7.979600119862156,7.353160924750604,0.16148474367792165,0.0682187968381287,0.09326594683979295
2022-12-30,8.396069465597824,8.732660811505243,8.349321460142725,8.63916301727295,594600,WTTR,8.529303688629685,8.317906533288689,8.732660811505243,8.317906533288689,7.997504320609161,7.375777713729178,0.1928312898176161,0.09314129543402619,0.09968999438358991
2023-01-03,8.60176475947769,8.685912602622047,7.7415881943638105,7.79768705368042,719200,WTTR,8.20673815253599,8.423605110959187,8.685912602622047,7.7415881943638105,8.007376940746921,7.395540664972349,0.14806675434341443,0.10412638721590384,0.04394036712751059
2023-01-04,7.694840244238583,7.965983724163914,7.610693282359017,7.853785991668701,463200,WTTR,7.781325810607553,8.315171631747589,8.315171631747589,7.610693282359017,8.005720203916448,7.4091438759306785,0.11578258337729697,0.10645762644818246,0.009324956929114503
2023-01-05,7.713539946472297,7.881835648817823,7.638742054687886,7.750938892364502,299500,WTTR,7.746264135585627,8.048248721177572,8.048248721177572,7.638742054687886,8.001154517374701,7.422280270083886,0.08096493058610221,0.10135908727576642,-0.02039415668966421
2023-01-06,7.844436393740259,8.143627949085385,7.797687490302291,7.9472832679748535,457400,WTTR,7.933258775275697,7.897256428381599,8.143627949085385,7.797687490302291,7.998957612784465,7.440586578698466,0.06842626470908542,0.09477252276243023,-0.026346258053344812
2023-01-09,8.143627065527218,8.293222826969107,8.022080286440415,8.0314302444458,641300,WTTR,8.122590105845635,7.915257601828648,8.293222826969107,7.915257601828648,7.999850152961518,7.460367908163676,0.06453531646455701,0.08872508150285559,-0.024189765038298575
2023-01-10,8.04078062443786,8.40542008917377,7.914558859724144,8.358671188354492,511600,WTTR,8.179857690422567,8.01892385383714,8.40542008917377,7.914558859724144,7.99882043881588,7.480257121740259,0.08685609822050999,0.08835128484638648,-0.001495186625876485
2023-01-11,8.405421599965937,8.601766305369049,8.16232798534089,8.44282054901123,816800,WTTR,8.403084109921776,8.099390772129855,8.601766305369049,8.099390772129855,8.00076796189319,7.499171583537201,0.1100668466204926,0.0926943972012077,0.017372449419284897
2023-01-12,8.526967689064403,8.938356985573192,8.480218783780058,8.723312377929688,797600,WTTR,8.667213959086835,8.251237441025815,8.938356985573192,8.251237441025815,7.999260159444178,7.520362489240907,0.14937299942171833,0.10403011764530984,0.045342881776408495
2023-01-13,8.685912995684582,8.685912995684582,8.470869290505325,8.573716163635254,372900,WTTR,8.604102861377436,8.459225700056326,8.685912995684582,8.459225700056326,7.994630954505576,7.541001305025725,0.16653256073911393,0.11653060626407066,0.05000195447504327
2023-01-17,8.667213592018685,8.891607246344192,8.545666806343753,8.713961601257324,662000,WTTR,8.704612311490989,8.531664280716882,8.891607246344192,8.531664280716882,7.996752759036809,7.5595148862214145,0.1892665247640295,0.13107778996406244,0.05818873479996706
2023-01-18,8.78875926489566,8.900956980896492,8.106228360580342,8.13427734375,489500,WTTR,8.482555487530623,8.618138296103936,8.900956980896492,8.106228360580342,8.005616148084505,7.574064941364176,0.15867853273437227,0.1365979385181244,0.022080594216247862
2023-01-19,8.115578453980472,8.23712523862086,7.975331752474894,8.124927520751953,395800,WTTR,8.113240741457044,8.55034689181728,8.55034689181728,7.975331752474894,7.995331413116636,7.583585598159131,0.13215942452058904,0.13571023571861734,-0.003550811198028303
2023-01-20,8.265175462016561,8.32127343770448,7.984682908593222,8.050130844116211,1277100,WTTR,8.155315663107618,8.331793816637163,8.331793816637163,7.984682908593222,7.98210154806402,7.594654108934684,0.1039095686725151,0.1293501023093969,-0.025440533636881785
2023-01-23,8.078181199449942,8.18102808870994,7.928584508260896,8.022082328796387,423400,WTTR,8.052469031304291,8.24355473987239,8.24355473987239,7.928584508260896,7.968670684118985,7.604973032999393,0.07835484769853984,0.11915105138722548,-0.04079620368868564
2023-01-24,7.919234600465078,7.919234600465078,7.722889911473011,7.778987884521484,632100,WTTR,7.835086749231163,8.14801188558834,8.14801188558834,7.722889911473011,7.957684744463332,7.615163179093495,0.038048260523796174,0.10293049321453962,-0.06488223269074345
2023-01-25,7.778988773573994,8.115580216978339,7.526546082682042,8.078181266784668,508700,WTTR,7.874824085004761,7.991549317409752,8.115580216978339,7.526546082682042,7.947072806283432,7.628074627596235,0.0299027055044796,0.08832493567252762,-0.058422230168048025
2023-01-26,8.162326661406324,8.30257336632403,7.844436091914019,8.115578651428223,611600,WTTR,8.106228692768148,7.933186701207257,8.30257336632403,7.844436091914019,7.940972115976085,7.64568214176604,0.026163355982227188,0.07589261973446754,-0.04972926375224035
2023-01-27,8.106229004667245,8.181026893503526,7.863135420118745,7.9472832679748535,383600,WTTR,8.024418646566092,8.019707696987702,8.181026893503526,7.863135420118745,7.935923228457367,7.66050784689243,0.00951023552854302,0.06261614289328264,-0.05310590736473962
2023-01-30,7.8444362596365265,8.031430978530482,7.741588495498986,7.9566330909729,429100,WTTR,7.893522206159723,8.022063171776896,8.031430978530482,7.741588495498986,7.933539034449158,7.6736295099783804,-0.002899604992629534,0.04951299331610021,-0.05241259830872974
2023-01-31,7.947282391989049,8.265173830334382,7.872484511397332,8.209074974060059,577900,WTTR,8.073503926945206,7.9577926889683095,8.265173830334382,7.872484511397332,7.937512667148846,7.688853108699591,0.007548443449216791,0.041120083342723525,-0.033571639893506734
2023-02-01,8.190377349158721,8.190377349158721,7.517195417151659,7.975332736968994,826200,WTTR,7.968320713109524,8.015648307956758,8.190377349158721,7.517195417151659,7.938760844281667,7.700991439522235,-0.002997890142916404,0.03229648864559554,-0.035294378788511944
2023-02-02,7.9940324923038455,8.068830384142613,7.657441087368186,7.778987884521484,1114900,WTTR,7.874822962084032,7.991984510533141,8.068830384142613,7.657441087368186,7.934357120650877,7.710138115287927,-0.02688936035885625,0.02045931884470518,-0.047348679203561436
2023-02-03,7.797687061979804,8.127732750632205,7.746263181856606,7.825736045837402,1168400,WTTR,7.874354760076504,7.933403736308586,8.127732750632205,7.746263181856606,7.9399576132137994,7.719001241233514,-0.04157211919390669,0.008053031236982809,-0.0496251504308895
2023-02-06,7.882171400706816,8.013854776262637,7.689349859690554,7.910388946533203,531300,WTTR,7.873941245798303,7.9038792481925455,8.013854776262637,7.689349859690554,7.942324161823946,7.730486264730639,-0.04584901088444937,-0.002727377187303626,-0.04312163369714574
2023-02-07,7.900983424510222,8.103211129154012,7.84454832838897,8.079696655273438,408100,WTTR,7.982109884331661,7.888910246995424,8.103211129154012,7.84454832838897,7.948887656963787,7.742425515196811,-0.03517132805434997,-0.009216167360712896,-0.025955160693637076
2023-02-08,8.023260276173486,8.16434980372886,7.882171645637748,7.9386067390441895,730800,WTTR,8.002097116146071,7.935510065663543,8.16434980372886,7.882171645637748,7.9571832530753275,7.755308286043414,-0.03765984533048705,-0.014904902954667728,-0.022754942375819324
2023-02-09,7.948013261000208,7.985636957381689,7.696874661569475,7.703458786010742,633700,WTTR,7.833495916490528,7.968803590904807,7.985636957381689,7.696874661569475,7.9650753620027555,7.767039562785105,-0.05793860759416791,-0.023511643882567764,-0.034426963711600145
2023-02-10,7.8163309323773795,8.357171915328555,7.7881124867481475,8.305438995361328,1273300,WTTR,8.066763582453852,7.901149753697668,8.357171915328555,7.7881124867481475,7.973869554474345,7.781196468621387,-0.025145044432685282,-0.02383832399259127,-0.0013067204400940106
2023-02-13,8.24900309733735,8.512368951838338,8.107913573947114,8.408903121948242,467900,WTTR,8.319547186267762,7.98395666807576,8.512368951838338,7.98395666807576,7.987836274981777,7.798926971933841,0.009088019930768354,-0.017253055207919348,0.026341075138687702
2023-02-14,8.333655906137805,8.521775274522465,8.22736894739107,8.390091896057129,601100,WTTR,8.368223006027117,8.15175192717176,8.521775274522465,8.15175192717176,8.003314135057686,7.815666217032993,0.034304619062607955,-0.0069415203538138875,0.04124613941642184
2023-02-15,8.25840727100719,8.267813417410517,7.985635304447188,8.051477432250977,386600,WTTR,8.140833356278968,8.259987466599439,8.267813417410517,7.985635304447188,8.014664927518306,7.830354668337647,0.02665829797552277,-0.0002215566879465554,0.026879854663469326
2023-02-16,8.042071285847651,8.18315989381957,7.995041450850514,8.051477432250977,387100,WTTR,8.067937515692178,8.200410411439204,8.200410411439204,7.995041450850514,8.02395005737012,7.8504725607426895,0.020363792303584205,0.003895513110359597,0.01646827919322461
2023-02-17,7.976230748463958,7.976230748463958,7.524746395314528,7.712864875793457,717000,WTTR,7.797518192008975,8.13417396356569,8.13417396356569,7.524746395314528,8.031613463027679,7.86955948646148,-0.011811694334046052,0.0007540716214784673,-0.01256576595552452
2023-02-21,7.656429803241338,7.778707040176187,7.515340269692047,7.524746417999268,820300,WTTR,7.61880588277721,7.965846077787333,7.965846077787333,7.515340269692047,8.034253420594352,7.885534650320174,-0.05189240335469947,-0.00977522337375712,-0.042117179980942346
2023-02-22,7.035638005315779,7.5717763556568585,6.466579032514141,6.706430435180664,2317100,WTTR,6.94510595716686,7.792325980282271,7.792325980282271,6.466579032514141,8.02033396609878,7.892727756284847,-0.1479820696970977,-0.03741659263842524,-0.11056547705867247
2023-02-23,6.78167763976134,6.856925031010924,6.527717470039077,6.668806552886963,1086000,WTTR,6.708781673424577,7.368715968724565,7.368715968724565,6.527717470039077,8.005053928606355,7.89639565644675,-0.22458092630562998,-0.0748494593718662,-0.14973146693376377
2023-02-24,6.546529064585415,6.950984001159668,6.5371229167881975,6.950984001159668,940200,WTTR,6.746404995923237,7.038748821074571,7.038748821074571,6.5371229167881975,7.990479634032401,7.899173254875091,-0.2595250667913511,-0.11178458085576319,-0.14774048593558792
2023-02-27,7.016826298789439,7.139103539699649,6.936875829618137,6.998014450073242,418200,WTTR,7.022705029545117,6.892576908498905,7.139103539699649,6.892576908498905,7.975821487569748,7.902041342452041,-0.2801936872951343,-0.1454664021436374,-0.13472728515149687
2023-02-28,7.035637813981077,7.195538744743574,6.913360578867422,6.9792022705078125,807600,WTTR,7.030934852024972,6.957640969022011,7.195538744743574,6.913360578867422,7.9606968131445,7.902702657538278,-0.2946946471731735,-0.17531205114954462,-0.11938259602362888
2023-03-01,6.866330746408129,7.1014790534973145,6.819300905586371,7.1014790534973145,756600,WTTR,6.972147439747282,6.994287910523491,7.1014790534973145,6.819300905586371,7.94685069237315,7.899662036614029,-0.2929431812303305,-0.1988382771657018,-0.09410490406462868
2023-03-02,7.054449300957976,7.242567769579599,6.885142679198515,7.21435022354126,668300,WTTR,7.099127493319338,6.9832176751353865,7.242567769579599,6.885142679198515,7.93725049636927,7.895939127666045,-0.27922859826613244,-0.21491634138578794,-0.0643122568803445
2023-03-03,7.101479906662752,7.435390560785515,7.05915313454003,7.421281337738037,744700,WTTR,7.254326234931583,7.041172584227362,7.435390560785515,7.041172584227362,7.930123181363439,7.8932453099759,-0.2487941369962492,-0.2216919005078802,-0.027102236488368986
2023-03-06,7.402469431441873,7.440093128923648,7.18143032086391,7.242568492889404,528000,WTTR,7.316640343529709,7.147749409579473,7.440093128923648,7.147749409579473,7.922465696360962,7.89187180980142,-0.23637050810325455,-0.22462762202695508,-0.011742886076299475
2023-03-07,7.261379449844565,7.2895974437453095,6.950983759485365,7.045042991638184,585900,WTTR,7.136750911178356,7.2321948765545905,7.2895974437453095,6.950983759485365,7.904361737208219,7.890756094655328,-0.2397002347615107,-0.22764214457386622,-0.012058090187644477
2023-03-08,6.9415779220204055,7.087369616820858,6.800488852351414,6.875736236572266,804500,WTTR,6.926293156941236,7.184472893866474,7.184472893866474,6.800488852351414,7.879781304558052,7.8884421278323495,-0.2530833203279492,-0.23273037972468283,-0.020352940603266395
2023-03-09,6.913360548267782,7.063855778706868,6.5183112971936525,6.546529293060303,984300,WTTR,6.760514229307152,7.055383025403855,7.063855778706868,6.5183112971936525,7.848379130370762,7.88347109228677,-0.28694602593419916,-0.2435735089665861,-0.043372516967613045
2023-03-10,6.546528941410709,6.574746487251812,6.273756939561079,6.339598178863525,1150000,WTTR,6.433657636771781,6.907948627355504,6.907948627355504,6.273756939561079,7.804993620550577,7.875138531124845,-0.3267139209071104,-0.26020159135469095,-0.06651232955241942
2023-03-13,6.104449843807413,6.2737569121536225,5.878707684025538,5.906925678253174,818000,WTTR,6.040960029559937,6.670803132063643,6.670803132063643,5.878707684025538,7.758826388761813,7.8613335864632345,-0.38866305324617567,-0.2858938837329879,-0.10276916951318776
2023-03-14,6.019796682616021,6.048014227979819,5.6764799249512965,5.850489616394043,888200,WTTR,5.898695112985295,6.35588158081179,6.35588158081179,5.6764799249512965,7.711426664935073,7.845513392398614,-0.43727151168581635,-0.31616940932355364,-0.12110210236226271
2023-03-15,5.643559971833559,5.81286660952502,5.5400945801005195,5.699995517730713,1164500,WTTR,5.674129169797453,6.127288346898542,6.127288346898542,5.5400945801005195,7.654323174558427,7.825913747583794,-0.4823771378588395,-0.3494109550306108,-0.1329661828282287
2023-03-16,5.549500506774464,5.657668519958107,5.187371874443489,5.605936050415039,2029500,WTTR,5.500119237897775,5.900708758347998,5.900708758347998,5.187371874443489,7.600190796265663,7.803783868506291,-0.5197224476337254,-0.38347325355123374,-0.1362491940824917
2023-03-17,5.502470762156728,5.549500606961165,5.275788058384528,5.342569828033447,2525300,WTTR,5.417582313883967,5.700413998122887,5.700413998122887,5.275788058384528,7.552915926331191,7.779318065123818,-0.5640681018338487,-0.41959222320775674,-0.14447587862609196
2023-03-20,5.342569934664272,5.417817777555191,5.239104991645227,5.267322540283203,1034900,WTTR,5.316703811036973,5.558998156003427,5.558998156003427,5.239104991645227,7.504324719840218,7.752739618607459,-0.5983863541264558,-0.45535104939149657,-0.14303530473495923
2023-03-21,5.831677476865346,6.179697290768199,5.765836241985982,5.953954696655273,1893900,WTTR,5.9327914265687,5.4378509835202,6.179697290768199,5.4378509835202,7.4643153728660785,7.731636492825272,-0.5636805808658956,-0.4770169556863764,-0.08666362517951914
2023-03-22,5.897520610035068,6.033906635325366,5.634154260245244,5.643560409545898,1000600,WTTR,5.802285478787894,5.68532120504445,6.033906635325366,5.634154260245244,7.417909280324924,7.708879716643221,-0.5548265354782735,-0.4925788716447559,-0.06224766383351765
2023-03-23,5.944549371550153,6.254945065505133,5.845787064518132,5.906925678253174,1557400,WTTR,5.988051794956648,5.743803341916172,6.254945065505133,5.743803341916172,7.374073162415605,7.686446800615743,-0.5205576005856445,-0.4981746174329336,-0.022382983152710867
2023-03-24,5.718806945078099,6.038608796779775,5.699995097831519,5.944549560546875,952500,WTTR,5.850490100059067,5.86592756843641,6.038608796779775,5.699995097831519,7.32302128221835,7.6618946220557715,-0.4847751042835391,-0.49549471480305474,0.010719610519515643
2023-03-27,5.991579284957183,6.311381154301972,5.9257380402166735,6.273757457733154,965000,WTTR,6.125613984302246,5.858208834247739,6.311381154301972,5.858208834247739,7.272189282722659,7.635724721083418,-0.4249542837096669,-0.4813866285843772,0.05643234487471027
2023-03-28,6.236133575439453,6.330192814060219,6.226727427322462,6.236133575439453,874700,WTTR,6.257296848065397,5.9919114092749926,6.330192814060219,5.9919114092749926,7.225253162456418,7.609942058480997,-0.37624467092211766,-0.4603582370519253,0.08411356612980764
2023-03-29,6.301974818219075,6.320786665943229,6.178757058647432,6.236133575439453,821500,WTTR,6.259413029562297,6.124604128670194,6.320786665943229,6.124604128670194,7.176349176817844,7.586550967927327,-0.33379418032307306,-0.4350454257061549,0.10125124538308183
2023-03-30,6.273757329662628,6.301974877258296,6.179698090160681,6.226727485656738,717600,WTTR,6.245539445684585,6.192008579116246,6.301974877258296,6.179698090160681,7.1316088559809225,7.568612502032713,-0.29748167000366177,-0.4075326745656563,0.11005100456199451
2023-03-31,6.254945428817452,6.5540539424548,6.198509885593981,6.546529293060303,1082400,WTTR,6.388509637481634,6.218774012400416,6.5540539424548,6.198509885593981,7.097114233901415,7.546222823509026,-0.24013033773826908,-0.37405220720017884,0.13392186946190976
2023-04-03,6.9603904637877285,7.120291395494515,6.861628149998821,7.035637855529785,1415600,WTTR,6.994486966202713,6.303641824941025,7.120291395494515,6.303641824941025,7.0738976599633165,7.527999604013668,-0.15344322243034458,-0.329930410246212,0.17648718781586742
2023-04-04,7.101479270257884,7.204944205608159,6.772271271476669,6.885142803192139,1079600,WTTR,6.990959387633713,6.649064395571869,7.204944205608159,6.649064395571869,7.052667467089906,7.510669075604445,-0.09578262945613858,-0.28310085408819735,0.18731822463205877
2023-04-05,6.856925092833073,7.035637872917029,6.809895248623146,6.969796180725098,1247200,WTTR,6.918063598774586,6.820011891602791,7.035637872917029,6.809895248623146,7.034327004080774,7.496005874272052,-0.04276243527763679,-0.23503317032608526,0.19227073504844847
2023-04-06,6.9415779220204055,6.983904687772081,6.83811254446184,6.875736236572266,827100,WTTR,6.909832847706648,6.869037745188688,6.983904687772081,6.83811254446184,7.015027179334811,7.4810499928091225,-0.008238433272168777,-0.18967422291530198,0.1814357896431332
2023-04-10,6.875737105039718,7.101479734725387,6.875737105039718,7.073261737823486,830600,WTTR,6.981553920657078,6.889435296447668,7.101479734725387,6.875737105039718,6.992533683892591,7.466752899934338,0.03466119157007164,-0.14480714001822725,0.1794683315882989
2023-04-11,7.063855431050336,7.124993596817734,6.988607595279295,7.026231288909912,647100,WTTR,7.050921978014319,6.935494608552373,7.124993596817734,6.935494608552373,6.973063750521554,7.454493489489462,0.06412529269758149,-0.1030206534750655,0.167145946172647
2023-04-12,7.0732615514008135,7.124994021096019,7.021529081705608,7.035637855529785,609900,WTTR,7.063855627433057,6.993208293283346,7.124994021096019,6.993208293283346,6.9564704189470215,7.445004726698089,0.08722931122929456,-0.0649706605341935,0.15219997176348804
2023-04-13,7.110884562256986,7.129696408380294,6.983904713052111,7.063855171203613,585300,WTTR,7.072085213723251,7.028531960358201,7.129696408380294,6.983904713052111,6.936442044682582,7.436977355915714,0.10658763798191817,-0.030659000830971162,0.13724663881288934
2023-04-14,7.101479734725387,7.3366280643717925,6.979202495666893,7.073261737823486,541600,WTTR,7.122643008146889,7.0503085870407265,7.3366280643717925,6.979202495666893,6.919528490583329,7.429144667432499,0.12129012564687613,-0.00026917553540170276,0.12155930118227784
2023-04-17,6.9980138431261265,7.110884925633851,6.941578301872264,6.950984001159668,588700,WTTR,7.000365267947977,7.086475797593808,7.110884925633851,6.941578301872264,6.902039336700608,7.4181982286757435,0.12167259567163136,0.02411917870600491,0.09755341696562644
2023-04-18,6.922766497594024,6.922766497594024,6.791083118677611,6.885142803192139,664500,WTTR,6.88043972926445,7.0434205327708925,7.0434205327708925,6.791083118677611,6.882161036084368,7.411059324649084,0.11533338009052141,0.042362018982908214,0.0729713611076132
2023-04-19,6.809894597153956,6.960389815122684,6.772270904789222,6.932171821594238,775500,WTTR,6.868681784665025,6.961930131017671,6.961930131017671,6.772270904789222,6.8620558468617014,7.402190004342824,0.11280402029021275,0.056450419244369124,0.056353601045843624
2023-04-20,6.809895932870734,6.8945494815505235,6.762866532445201,6.819302082061768,644600,WTTR,6.821653507232057,6.915305957841348,6.915305957841348,6.762866532445201,6.83884671931971,7.393867188141749,0.1005329583723924,0.06526692706997378,0.03526603130241862
2023-04-21,6.856925027440482,6.875736875243083,6.7628657884274785,6.791083335876465,1558400,WTTR,6.821652756746877,6.868479732536702,6.875736875243083,6.7628657884274785,6.815237832131726,7.386210542603526,0.08752213571119949,0.06971796879821893,0.017804166912980562
2023-04-24,6.7628652951797275,7.073260985538928,6.7628652951797275,7.045042991638184,528400,WTTR,6.911008641884141,6.84506624464179,7.073260985538928,6.7628652951797275,6.796788086639598,7.380931724321178,0.09658995789540281,0.07509236661765571,0.0214975912777471
2023-04-25,6.941578032425683,6.969795577702406,6.706429728740611,6.734647274017334,988300,WTTR,6.838112653221509,6.878037443262965,6.969795577702406,6.706429728740611,6.772215068054951,7.373042311264649,0.07783272477771241,0.07564043824966706,0.002192286528045359
2023-04-26,6.67821193307941,6.8381128560906745,6.565340851604333,6.584152698516846,983900,WTTR,6.666454584822816,6.858075048242236,6.858075048242236,6.565340851604333,6.739153216026052,7.363494745503915,0.05024463896435183,0.07056127839260401,-0.02031663942825218
2023-04-27,6.602964293093101,6.786380129863112,6.602964293093101,6.744053363800049,1029800,WTTR,6.684090519962341,6.762264816532526,6.786380129863112,6.602964293093101,6.705470566304757,7.354392350681221,0.040813061965486064,0.06461163510718042,-0.023798573141694354
2023-04-28,6.781678022670409,7.092073753355514,6.687618778297629,6.988608360290527,849200,WTTR,6.88749472865352,6.723177668247434,7.092073753355514,6.687618778297629,6.680403793752248,7.347534360635276,0.05246720435632124,0.062182748957008586,-0.009715544600687347
2023-05-01,6.856924708584441,7.026231330934865,6.720538706230258,6.960390090942383,726400,WTTR,6.891021209172987,6.805336198450477,7.026231330934865,6.720538706230258,6.656865467621865,7.3404077624959925,0.058748995804488224,0.06149599832650452,-0.0027470025220162966
2023-05-02,6.819301292499976,6.828707440601934,6.546529276680763,6.61237096786499,1045100,WTTR,6.7017272444119165,6.848178703811731,6.848178703811731,6.546529276680763,6.634949648669923,7.3332815558488,0.035238913806940886,0.0562445814225918,-0.02100566761565091
2023-05-03,6.452470157921704,7.0497466696725715,6.433658309878602,6.781677722930908,1446200,WTTR,6.679388215100946,6.774952974111824,7.0497466696725715,6.433658309878602,6.616161295316398,7.325207357955375,0.029923702802076235,0.05098040569848869,-0.021056702896412455
2023-05-04,6.866922184415174,7.07056209027151,6.630131764262927,6.9237518310546875,1160800,WTTR,6.872841967501075,6.727170594606385,7.07056209027151,6.630131764262927,6.614716015523081,7.317524990810931,0.03675189992435435,0.048134704543661824,-0.011382804619307477
2023-05-05,7.151071019751072,7.293144913518901,7.0468831062316895,7.0468831062316895,861600,WTTR,7.134495536433338,6.800006281053729,7.293144913518901,6.800006281053729,6.623230292783258,7.314142110694807,0.05150523984995292,0.048808811604920045,0.0026964282450328766
2023-05-08,7.179485713196115,7.250523112665346,7.056354582096301,7.065826416015625,732200,WTTR,7.1380474559933464,6.967250908743534,7.250523112665346,6.967250908743534,6.631063141984658,7.31077138800853,0.0639883173259932,0.05184471274913468,0.012143604576858515
2023-05-09,6.980582083217829,7.24578757551576,6.980582083217829,7.141599655151367,577500,WTTR,7.087137849275696,7.05264918236844,7.24578757551576,6.980582083217829,6.632351798379272,7.30408664297451,0.0790838835151888,0.057292546902345504,0.0217913366128433
2023-05-10,7.255258958289656,7.255258958289656,7.023204434805168,7.141599655151367,741300,WTTR,7.168830501633962,7.069893515822068,7.255258958289656,7.023204434805168,6.635109711371451,7.297903262257976,0.09000965322449961,0.06383596816677632,0.026173685057723287
2023-05-11,6.990053116900126,7.094240573687581,6.942694853529921,6.980581283569336,779000,WTTR,7.001892456921741,7.1193620087280145,7.1193620087280145,6.942694853529921,6.63570461171494,7.2912776520440445,0.08469920779106843,0.06800861609163475,0.016690591699433682
2023-05-12,7.075297514875647,7.141598994729357,6.97111005578795,7.008996486663818,920100,WTTR,7.049250763014193,7.060627232824878,7.141598994729357,6.97111005578795,6.634707077108837,7.285978786739053,0.08184010910527828,0.07077491469436346,0.011065194410914816
2023-05-15,7.0279395439437105,7.188957097363522,7.0279395439437105,7.0752973556518555,694100,WTTR,7.0800333852257,7.054938997919535,7.188957097363522,7.0279395439437105,6.63122122011472,7.28067220073908,0.08395638191625121,0.07341120813874101,0.0105451737775102
2023-05-16,7.06582613297762,7.1084484806234425,6.999524653123911,7.008996486663818,678700,WTTR,7.045698938347198,7.067486191572618,7.1084484806234425,6.999524653123911,6.625802392011069,7.274134044186016,0.07936870431992027,0.07460270737497687,0.004765996944943396
2023-05-17,7.103712805597349,7.274201750340602,7.065826373432181,7.151071071624756,1068900,WTTR,7.148703000248721,7.056592564959908,7.274201750340602,7.056592564959908,6.6260414337924765,7.265201585500348,0.08620346848697302,0.0769228595973761,0.00928060888959692
2023-05-18,7.179486075773638,7.255258944387303,7.094241372762303,7.236315727233887,956200,WTTR,7.191325530039283,7.102647782604315,7.255258944387303,7.094241372762303,6.631342081254437,7.2555616929062445,0.0973761084557685,0.08101350936905459,0.016362599086713905
2023-05-19,7.349975066312834,7.378389664615761,7.0374113234873565,7.151071071624756,1970900,WTTR,7.229211781510177,7.146986656321799,7.378389664615761,7.0374113234873565,6.6407160322984975,7.24454758133463,0.09821975859975751,0.08445475921519519,0.013764999384562326
2023-05-22,7.198428343065607,7.36891772659152,7.132127317598297,7.33103084564209,1169900,WTTR,7.257626058224378,7.188099218915988,7.36891772659152,7.132127317598297,6.65719540072755,7.231094510639062,0.11211719001765807,0.08998724537568777,0.02212994464197031
2023-05-23,7.340503402315776,7.49678505152405,7.278937835712228,7.378389835357666,835900,WTTR,7.37365403122743,7.222862638570183,7.49678505152405,7.222862638570183,6.683849280760899,7.221337834761356,0.1255057273164848,0.09709094176384718,0.028414785552637614
2023-05-24,7.387861669439093,7.449426784400734,7.29314513519246,7.378389835357666,601500,WTTR,7.377205856097488,7.298258334898806,7.449426784400734,7.29314513519246,6.713419495623143,7.212423080279106,0.13456505736751456,0.10458576488458066,0.029979292482933906
2023-05-25,7.255258242154219,7.354710235494223,7.113184353075823,7.188957214355469,605800,WTTR,7.228027511269934,7.337732095498147,7.354710235494223,7.113184353075823,6.7444974624525935,7.19941031850551,0.12501788399572433,0.10867218870680939,0.01634569528891494
2023-05-26,7.217371463728558,7.244839418186043,7.037410701040289,7.122655391693115,443200,WTTR,7.1555692436620015,7.2828798033840405,7.2828798033840405,7.037410701040289,6.777606462567878,7.18889862941677,0.11082416534110617,0.10910258403366875,0.0017215813074374225
2023-05-30,6.9805814428421,6.9805814428421,6.8574503165836385,6.914280414581299,677900,WTTR,6.933223404212284,7.219224523523021,7.219224523523021,6.8574503165836385,6.807919284374444,7.180417605352818,0.08181827174989476,0.10364572157691396,-0.021827449827019202
2023-05-31,6.762734053778411,6.952166654742192,6.743790838846221,6.876393795013428,1714700,WTTR,6.8337713355950624,7.076223963867653,7.076223963867653,6.743790838846221,6.838260634865605,7.171292677352913,0.05513816014737838,0.09394420929100684,-0.038806049143628465
2023-06-01,6.876394170285184,7.027939898013156,6.776942173553228,6.95216703414917,579700,WTTR,6.908360819000184,6.954997649731357,7.027939898013156,6.776942173553228,6.857772022714235,7.161043697790157,0.0396511725819062,0.08308560194918672,-0.04343442936728052
2023-06-02,7.1226554844504735,7.3973323227512635,7.065825840489124,7.33103084564209,831200,WTTR,7.229211123333238,6.93167923436577,7.3973323227512635,6.93167923436577,6.8863105356051415,7.152109907965032,0.05728838184392693,0.07792615792813477,-0.020637776084207846
2023-06-05,7.397332679821144,7.477841458896354,7.160542259398027,7.207900524139404,744900,WTTR,7.310904230563732,7.080445178849504,7.477841458896354,7.080445178849504,6.912767584317285,7.143420373366444,0.06063148730718826,0.07446722380394548,-0.01383573649675722
2023-06-06,7.103712456756364,7.37838930228626,7.084769241604022,7.274201393127441,768000,WTTR,7.210268098443522,7.195674704706619,7.37838930228626,7.084769241604022,6.939963144284974,7.131492213251662,0.06784873056882113,0.07314352515692062,-0.005294794588099491
2023-06-07,7.340503166492978,7.544143076282382,7.293144900891105,7.520463943481445,1048900,WTTR,7.4245637717869775,7.20297140157507,7.544143076282382,7.20297140157507,6.9659421400346675,7.119065711378664,0.09237493679271314,0.07698980748407912,0.015385129308634019
2023-06-08,7.454162948136929,7.529935816728412,7.312088593706937,7.425748348236084,1035700,WTTR,7.43048392670209,7.313767586681024,7.529935816728412,7.312088593706937,6.989405881607402,7.107329522031909,0.10298225957769702,0.0821882979028027,0.02079396167489432
2023-06-09,7.387860894271455,7.615179468671506,7.297880286506706,7.596236705780029,1151100,WTTR,7.474289338807424,7.372125756691557,7.615179468671506,7.297880286506706,7.013703407792304,7.095026292305074,0.12371946396171385,0.09049453111458494,0.03322493284712891
2023-06-12,7.444690888025889,7.690006047158931,7.435219054492791,7.577293395996094,853300,WTTR,7.536802346418426,7.42320754774949,7.690006047158931,7.42320754774949,7.039528665806981,7.085568760893953,0.13704550577313235,0.09980472604629442,0.037240779726837925
2023-06-13,7.709895992980055,7.8188193636362815,7.5583498250714936,7.596236705780029,1830600,WTTR,7.670825471866965,7.480004947083958,7.8188193636362815,7.480004947083958,7.065174982494687,7.081144608198051,0.1474355118956332,0.10933088321616219,0.03810462867947101
2023-06-14,7.681480493717259,7.7572533518506095,7.553613908527694,7.596236705780029,1690500,WTTR,7.647146114968898,7.575415209475461,7.7572533518506095,7.553613908527694,7.078228165470011,7.076062912716663,0.15389565330903832,0.11824383723473743,0.03565181607430089
2023-06-15,7.653066566732422,7.714632583899899,7.548878651870528,7.634123802185059,2046000,WTTR,7.637675401171977,7.61128066222218,7.714632583899899,7.548878651870528,7.091162485740776,7.07191497641534,0.16022555352211842,0.12664018049221362,0.0335853730299048
2023-06-16,7.681481466822988,7.719367900689194,7.529935731358164,7.605708599090576,2058200,WTTR,7.634123424490231,7.624478031697079,7.719367900689194,7.529935731358164,7.105483682255089,7.069905343167932,0.16109220496902132,0.13353058538757517,0.02756161958144615
2023-06-20,7.5772935380343105,7.586765371744961,7.397332762308968,7.416275978088379,1607900,WTTR,7.494416912544155,7.629300728093655,7.629300728093655,7.397332762308968,7.117175363551841,7.066101271443325,0.144823962632727,0.13578926083660556,0.009034701796121453
2023-06-21,7.359446882006886,7.544143588422194,7.312088613190062,7.529935836791992,684300,WTTR,7.436403730102784,7.561858820318905,7.561858820318905,7.312088613190062,7.126272359740754,7.059403021816673,0.1394946565093349,0.13653033997115144,0.0029643165381834646
2023-06-22,7.482577077868213,7.492048459454367,7.217371618827924,7.245786666870117,718000,WTTR,7.359445955755156,7.4991312752108445,7.4991312752108445,7.217371618827924,7.132442839295571,7.0527532949085625,0.11106242127348676,0.13143675623161852,-0.020374334958131762
2023-06-23,7.084769632212374,7.132127898525194,6.990053551228631,7.065826416015625,3644200,WTTR,7.068194374495456,7.429288615483,7.429288615483,6.990053551228631,7.132529614236818,7.04450001659192,0.07316498139064365,0.11978240126342356,-0.04661741987277991
2023-06-26,7.0563549384554705,7.293145378694136,7.046883555699723,7.236315727233887,676200,WTTR,7.1581749000208035,7.248741494989228,7.293145378694136,7.046883555699723,7.13425140796277,7.035346726322676,0.056239752959780454,0.10707387160269494,-0.05083411864291448
2023-06-27,7.22684434236248,7.468370699729274,7.1889579080667385,7.425748348236084,831200,WTTR,7.327480324598644,7.203458197505016,7.468370699729274,7.1889579080667385,7.138348154291805,7.028938322437567,0.05744977164278531,0.09714905161071302,-0.039699279967927714
2023-06-28,7.3878607749938965,7.421011286981555,7.293144252214554,7.3878607749938965,536200,WTTR,7.372469272295976,7.26546926105183,7.421011286981555,7.26546926105183,7.145790234378764,7.023914785539687,0.05472072321108801,0.08866338593078803,-0.03394266271970002
2023-06-29,7.406804648007221,7.558350375306187,7.39733281423009,7.520463943481445,606500,WTTR,7.470737945256236,7.3189692666739035,7.558350375306187,7.3189692666739035,7.1575961986986,7.019878617391485,0.06253701240222753,0.08343811122507594,-0.020901098822848407
2023-06-30,7.577293415903472,7.776197404202288,7.544142901734296,7.6720099449157715,1347200,WTTR,7.642410916688957,7.39485360596507,7.776197404202288,7.39485360596507,7.173070781339079,7.017563314100391,0.08003735290967917,0.0827579595619966,-0.0027206066523174227
2023-07-03,7.690953381082873,7.8188204354423485,7.6435951124367145,7.719367980957031,335300,WTTR,7.718184227479742,7.518632261327014,7.8188204354423485,7.518632261327014,7.191001395744033,7.0149240575318705,0.09661418834291524,0.08552920531818033,0.011084983024734915
2023-07-05,7.700423878433843,7.700423878433843,7.473104860700681,7.548877716064453,652100,WTTR,7.605707583408205,7.618408244403378,7.700423878433843,7.473104860700681,7.20668249227726,7.010960162204492,0.09490035806877284,0.08740343586829884,0.007496922200474002
2023-07-06,7.4731061652848,7.53467173392586,7.283673993806092,7.425748348236084,708400,WTTR,7.429300060313208,7.612057913905792,7.612057913905792,7.283673993806092,7.217048320645842,7.006918203642719,0.08265384223726713,0.0864535171420925,-0.0037996749048253703
2023-07-07,7.43521804655362,7.927742032459748,7.43521804655362,7.8424973487854,960600,WTTR,7.660168868588098,7.5206789871095,7.927742032459748,7.43521804655362,7.233489444953173,7.002852256504062,0.10536200404002471,0.09023521452167894,0.01512678951834577
2023-07-10,7.814083804481409,7.880384832559538,7.681480845041388,7.766725540161133,696600,WTTR,7.785668755560867,7.590423927848799,7.880384832559538,7.590423927848799,7.255873728367934,6.997513472196992,0.11590811753893782,0.09536979512513072,0.020538322413807097
2023-07-11,7.84249840176007,7.851970235280877,7.634123484004873,7.766725540161133,939500,WTTR,7.773829415301738,7.688046341704833,7.851970235280877,7.634123484004873,7.277668506274721,6.991569536289738,0.12284985184675978,0.10086580646945653,0.021984045377303252
2023-07-12,7.908800134758798,7.984572994457252,7.86144187162633,7.918271064758301,911300,WTTR,7.9182715164001705,7.730937878503285,7.984572994457252,7.730937878503285,7.298284042029654,6.9893439178909516,0.13897763593788337,0.10848817236314191,0.030489463574741457
2023-07-13,7.90880035352325,7.956157714681926,7.785669227286412,7.8614420890808105,567900,WTTR,7.8780173461431,7.824604697451727,7.956157714681926,7.785669227286412,7.318023964769057,6.98744471619546,0.1454962079103561,0.11588977947258476,0.02960642843777135
2023-07-14,7.861442258944624,7.880385023160642,7.728839296297366,7.804612159729004,502800,WTTR,7.818819684532909,7.851311021797414,7.880385023160642,7.728839296297366,7.340365813571476,6.9876577311206995,0.1444118330925157,0.12159419019657096,0.022817642895944748
2023-07-17,7.785669039529399,7.8898564961632,7.766725372895758,7.8235554695129395,634300,WTTR,7.816451594525324,7.835065353165161,7.8898564961632,7.766725372895758,7.363107081159964,6.989634188238181,0.14342768000611716,0.1259608881584802,0.01746679184763697
2023-07-18,7.7667251583790735,7.960893219592272,7.757253325323865,7.88038444519043,827900,WTTR,7.8413140371214105,7.825758473845243,7.960893219592272,7.757253325323865,7.382476522552371,6.998596269037726,0.14555548200094748,0.12987980692697365,0.015675675073973827
2023-07-19,7.937215122376262,7.956157886592281,7.757253894263284,7.804612159729004,662500,WTTR,7.863809765740207,7.8335362554833265,7.956157886592281,7.757253894263284,7.397062807138508,7.010146549960882,0.13951929860395218,0.13180770526236937,0.007711593341582806
2023-07-20,7.804612071728446,7.83302757265775,7.591501234461304,7.690952777862549,601800,WTTR,7.730023414177512,7.848673010611767,7.848673010611767,7.591501234461304,7.408902326302192,7.019982734143425,0.12413328629383802,0.13027282146866312,-0.0061395351748251
2023-07-21,7.72883962049649,8.02246015607333,7.670115332724358,7.965630054473877,2214100,WTTR,7.846761290942014,7.789348212394639,8.02246015607333,7.670115332724358,7.424094795135518,7.028223296757394,0.1325756715207902,0.13073339147908855,0.0018422800417016438
2023-07-24,7.965630953380348,8.126648538918209,7.9135367629757685,8.050875663757324,756700,WTTR,8.014172979757912,7.818054751668327,8.126648538918209,7.818054751668327,7.441001644697998,7.038055678034724,0.14447946158137537,0.1334826054995459,0.01099685608182946
2023-07-25,8.069819450378418,8.112440902896646,7.918272794590764,8.069819450378418,525300,WTTR,8.04258814956106,7.91611386571312,8.112440902896646,7.91611386571312,7.461815558550783,7.048760085132862,0.15367048849227505,0.13752018209809175,0.0161503063941833
2023-07-26,7.965628375355382,8.126645908780942,7.965628375355382,8.098231315612793,648300,WTTR,8.039033493776124,7.97935100763709,8.126645908780942,7.965628375355382,7.481611213166022,7.058159145137429,0.16138667844410115,0.14229348136729364,0.01909319707680751
2023-07-27,8.088762097955712,8.164534973084914,7.899329910132705,7.9561591148376465,614100,WTTR,8.027196524002745,8.009192250706608,8.164534973084914,7.899329910132705,7.500554475941563,7.065887848028141,0.15425956705171284,0.14468669850417748,0.009572868547535363
2023-07-28,7.994045552402247,8.02246105803864,7.89459399252664,7.9561591148376465,725600,WTTR,7.966814929451294,8.018194387354676,8.02246105803864,7.89459399252664,7.518976795763645,7.072389593887356,0.14691770408557758,0.1451328996204575,0.0017848044651200823
2023-07-31,8.031931086936723,8.126647621841206,7.9372154553160605,7.965630054473877,767500,WTTR,8.015356054641966,7.992504658402985,8.126647621841206,7.9372154553160605,7.53630985685151,7.081175645321994,0.14024677296815558,0.14415567428999712,-0.003908901321841546
2023-08-01,7.918270495964273,8.003515182822577,7.889855901439397,7.994043350219727,840000,WTTR,7.9514212326114935,8.003930356522476,8.003930356522476,7.889855901439397,7.551511770902954,7.091426926078696,0.13568859385624688,0.14246225820324707,-0.006773664347000191
2023-08-02,8.022458548383165,8.050873141846735,7.814082755321831,7.8424973487854,799200,WTTR,7.932477948584283,7.977675794566984,8.050873141846735,7.814082755321831,7.565577094244436,7.1031465632714665,0.11848192242786748,0.13766619104817115,-0.019184268620303674
2023-08-03,8.04140262913412,8.240306622585102,7.785669439430736,8.00351619720459,2152400,WTTR,8.017723722088636,7.955076871575633,8.240306622585102,7.785669439430736,7.580779047521721,7.118987224124636,0.1164954991322027,0.13343205266497746,-0.016936553532774762
2023-08-04,8.00351508583296,8.175019279089218,7.889179259882246,8.032099723815918,1024700,WTTR,8.024953337155086,7.986400296832135,8.175019279089218,7.889179259882246,7.593805033640274,7.138827157200586,0.1158917679136291,0.12992399571470778,-0.014032227801078684
2023-08-07,7.993988538253783,8.055920109089646,7.7081484919995455,7.774844169616699,1140800,WTTR,7.883225327239918,8.00567681699361,8.055920109089646,7.7081484919995455,7.603925423063123,7.1586724593431335,0.09357624462491021,0.12265444549674827,-0.02907820087183806
2023-08-08,7.612868322843192,7.755788803100586,7.4985324838335625,7.755788803100586,1098200,WTTR,7.655744603219482,7.944451072116764,7.944451072116764,7.4985324838335625,7.612479764902114,7.178488613677352,0.07350609036465716,0.11282477447033006,-0.039318684105672894
2023-08-09,7.793900869249177,8.013044336887974,7.7653162275619945,7.879652976989746,1307700,WTTR,7.862978602672223,7.8000978376681225,8.013044336887974,7.7653162275619945,7.626627952082319,7.202117207325098,0.06682483704804287,0.10362478698587263,-0.03679994993782976
2023-08-10,7.879651959483097,7.984459572820729,7.7891357564831045,7.812955379486084,736300,WTTR,7.866550667068254,7.831538220170173,7.984459572820729,7.7891357564831045,7.645294497339437,7.226606890856941,0.05550809419800462,0.09400144842829904,-0.038493354230294416
2023-08-11,7.803428494795701,8.01304466580348,7.803428494795701,7.898708820343018,859400,WTTR,7.879652618934474,7.8490444436192135,8.01304466580348,7.803428494795701,7.6662121230062255,7.252236378935916,0.05284985967789435,0.08577113067821811,-0.03292127100032376
2023-08-14,8.003515926079544,8.008280032910195,7.832012623478438,7.9749321937561035,1190900,WTTR,7.954685194056069,7.864348531276844,8.008280032910195,7.832012623478438,7.687138610507344,7.272455316610789,0.056245416725827724,0.07986598788774003,-0.02362057116191231
2023-08-15,7.908236095214654,7.974931769978716,7.85106772494516,7.9654035568237305,1185500,WTTR,7.924909786740566,7.909516862666457,7.974931769978716,7.85106772494516,7.70105258377549,7.293681559690316,0.05750466084882433,0.0753937224799569,-0.017889061631132575
2023-08-16,8.003516350360782,8.127380408542573,7.951112989766555,7.984460830688477,1001300,WTTR,8.016617644839597,7.9172133247035115,8.127380408542573,7.9172133247035115,7.715166852061007,7.313967218189146,0.059356162725296535,0.07218621052902484,-0.012830047803728303
2023-08-17,8.051156348738884,8.103560616927508,7.898708559819786,7.9368205070495605,1047900,WTTR,7.997561508133934,7.966915484771555,8.103560616927508,7.898708559819786,7.730912720254816,7.335437932269894,0.056329978404040304,0.06901496410402794,-0.012684985699987633
2023-08-18,7.841539355646478,8.013043554379486,7.793900108140999,7.993988037109375,710000,WTTR,7.910617763819085,7.982238496452744,8.013043554379486,7.793900108140999,7.740633800095457,7.353287970065063,0.0578774719644759,0.06678746567611753,-0.008909993711641626
2023-08-21,7.993988496579213,8.003515801431668,7.78437234259749,7.851068019866943,953100,WTTR,7.908236165118828,7.9464281301359145,8.003515801431668,7.78437234259749,7.750188844863792,7.369797363235598,0.04702929634759201,0.06283583181041243,-0.015806535462820417
2023-08-22,7.822484482024418,7.88918016094825,7.7081486430147885,7.755788803100586,1016600,WTTR,7.79390052227201,7.9273321476273715,7.9273321476273715,7.7081486430147885,7.756581068533085,7.385142238162695,0.03039344577924119,0.05634735460417818,-0.02595390882493699
2023-08-23,7.746260466406371,7.7700800917409785,7.593812229149546,7.631924629211426,1047100,WTTR,7.68551935412708,7.860616334949691,7.860616334949691,7.593812229149546,7.759555408687257,7.3995420372471195,0.007132392906563645,0.04650436226465528,-0.03937196935809163
2023-08-24,7.593812188547814,7.722439891121838,7.584284429330959,7.70814847946167,967300,WTTR,7.65217124711557,7.773067844538385,7.773067844538385,7.584284429330959,7.7591823241922295,7.412178653343459,-0.0050928244854757665,0.03618492491462907,-0.041277749400104834
2023-08-25,7.746260532688112,7.774844265066313,7.670036640572596,7.68909215927124,579100,WTTR,7.720058399399566,7.7126195458269775,7.774844265066313,7.670036640572596,7.760640569880843,7.419434367675427,-0.01613311066838463,0.02572131779802633,-0.041854428466410964
2023-08-28,7.717676599673208,7.946348270074969,7.689091959377654,7.793900489807129,537800,WTTR,7.78675432973324,7.716338972613272,7.946348270074969,7.689091959377654,7.763622148452068,7.427392317096422,-0.01623827591801863,0.017329399054817337,-0.03356767497283597
2023-08-29,7.8034280545259085,7.8034280545259085,7.699573614104649,7.755788803100586,477900,WTTR,7.765554631564263,7.751546651173256,7.8034280545259085,7.699573614104649,7.766250772593549,7.435867227424319,-0.019175867279160208,0.01002834578802183,-0.029204213067182037
2023-08-30,7.774844265066313,7.836776745322962,7.650980213213483,7.68909215927124,540300,WTTR,7.7379233457184995,7.7585506413687595,7.836776745322962,7.650980213213483,7.771120901257035,7.444148132404438,-0.026579400562404487,0.0027067965179365656,-0.029286197080341053
2023-08-31,7.717676473638788,7.746260204807106,7.612867944920901,7.670036315917969,754300,WTTR,7.686710234821191,7.74823699354363,7.74823699354363,7.612867944920901,7.776127031351404,7.451199695546079,-0.03359711470637716,-0.00455398572692618,-0.029043128979450984
2023-09-01,7.774844076249627,7.984460228806876,7.774844076249627,7.860596179962158,888600,WTTR,7.8486861403170725,7.71747361418241,7.984460228806876,7.71747361418241,7.785911835042641,7.4591773371691055,-0.023511094015578493,-0.008345407384656642,-0.01516568663092185
2023-09-05,7.908237034629854,8.032101094377154,7.870125086143033,7.898708820343018,850200,WTTR,7.9272930088732645,7.783079877249741,8.032101094377154,7.783079877249741,7.803093807730198,7.467811710983509,-0.012300683768580178,-0.00913646266144135,-0.003164221107138829
2023-09-06,7.917764987764922,7.998752989210754,7.87012482656258,7.9368205070495605,467100,WTTR,7.930865827646954,7.855186443061503,7.998752989210754,7.855186443061503,7.818547626282721,7.476399517122745,-0.00033717157262103115,-0.007376604443677286,0.007039432871056255
2023-09-07,7.898708178771034,7.965403856040487,7.78437234259749,7.851068019866943,507500,WTTR,7.874888099318988,7.893026135354228,7.965403856040487,7.78437234259749,7.829495781777129,7.483921968034466,0.002199138681128865,-0.005461455818716056,0.007660594499844921
2023-09-08,7.88918060605618,7.965404503029823,7.841540443282522,7.898708820343018,665500,WTTR,7.8987085931778855,7.8839571173366085,7.965404503029823,7.841540443282522,7.840020568194767,7.492905401286765,0.007961620670834613,-0.0027768405208059227,0.010738461191640535
2023-09-11,7.917764236790447,7.965403484813862,7.622395992279053,7.622395992279053,718500,WTTR,7.781989926540604,7.891332855257247,7.965403484813862,7.622395992279053,7.846245607820453,7.501920903259528,-0.009656393919779127,-0.004152751200600564,-0.0055036427191785635
2023-09-12,7.746260437589413,7.92252784519488,7.63192460081981,7.774844169616699,732400,WTTR,7.7688892633052005,7.836661390898925,7.92252784519488,7.63192460081981,7.848775174752778,7.510922978045929,-0.011188529165607086,-0.005559906793601868,-0.005628622372005218
2023-09-13,7.793900571165848,7.822484303099335,7.622396362244012,7.641452789306641,729600,WTTR,7.720058506453959,7.802775327102063,7.822484303099335,7.622396362244012,7.848812660332262,7.519907028038148,-0.02290232325284869,-0.009028390085451234,-0.013873933167397455
2023-09-14,7.746260397206309,7.851068019866943,7.727203970180492,7.851068019866943,1011500,WTTR,7.793900101780173,7.7614169167780105,7.851068019866943,7.727203970180492,7.852576510699702,7.529629501488481,-0.015097359222340678,-0.010242183912829123,-0.004855175309511555
2023-09-15,7.841539753065842,7.908236338542503,7.727203917669282,7.860596179962158,3226000,WTTR,7.834394047309946,7.7776585092790915,7.908236338542503,7.727203917669282,7.860678390439636,7.5388633555427385,-0.008050228088593236,-0.009803792747981946,0.0017535646593887094
2023-09-18,7.908236338542503,8.060684119071249,7.841539753065842,7.860596179962158,794100,WTTR,7.917764097660438,7.806026278294519,8.060684119071249,7.806026278294519,7.865830295021084,7.549659869987128,-0.002437231011286123,-0.008330480400642782,0.0058932493893566595
2023-09-19,7.889180215592214,7.917764857037968,7.746260643005371,7.746260643005371,595300,WTTR,7.824866589660231,7.8618951879774785,7.917764857037968,7.746260643005371,7.866614251703071,7.561243990035503,-0.007132592591016618,-0.008090902838717549,0.0009583102477009314
2023-09-20,7.746260958560077,7.841540374612483,7.689092582000217,7.698620796203613,587700,WTTR,7.743878677844098,7.843380888818855,7.843380888818855,7.689092582000217,7.866015236953919,7.571841871614321,-0.014530341236347333,-0.009378790518243507,-0.005151550718103826
2023-09-21,7.717676420193826,7.812955826315222,7.660508049592649,7.679564476013184,795700,WTTR,7.71767619302872,7.793629783331476,7.812955826315222,7.660508049592649,7.86200333048649,7.580143686258071,-0.021680872512280125,-0.01183920691705083,-0.009841665595229294
2023-09-22,7.717677007612368,7.808192314018056,7.65098041872442,7.660508632659912,471100,WTTR,7.709339593253689,7.755652988180098,7.808192314018056,7.65098041872442,7.858629775428701,7.588326870098879,-0.028556189391836462,-0.015182603412007958,-0.013373585979828503
2023-09-25,7.641452584749651,7.736731991530856,7.593811972698616,7.670036315917969,637300,WTTR,7.660508216224273,7.7324962907168935,7.736731991530856,7.593811972698616,7.855463546062529,7.597914679817002,-0.03285736390205063,-0.018717555510016495,-0.014139808392034135
2023-09-26,7.622396045318987,7.670036202334314,7.571897696961241,7.612867832183838,396500,WTTR,7.619299444199595,7.696502253470584,7.696502253470584,7.571897696961241,7.851520503056013,7.6073137921079885,-0.04041323592272317,-0.02305669159255783,-0.017356544330165338
2023-09-27,7.717676162719727,7.812955565662447,7.6890915240425555,7.717676162719727,688400,WTTR,7.734349853786114,7.657900848835089,7.812955565662447,7.657900848835089,7.849381219389308,7.615928870970839,-0.037511750472550176,-0.0259477033685563,-0.011564047103993877
2023-09-28,7.70814901040701,7.76531647830635,7.62239689989748,7.698620796203613,539600,WTTR,7.698620796203613,7.696125351310601,7.76531647830635,7.62239689989748,7.8460774399985755,7.621570123568541,-0.036331108768171916,-0.028024384448479423,-0.008306724319692493
2023-09-29,7.69862067909284,7.72244030557847,7.546172888799597,7.574756622314453,761200,WTTR,7.63549762394634,7.697373073757108,7.72244030557847,7.546172888799597,7.844186924193952,7.626544625248072,-0.04487297761466724,-0.03139410308171699,-0.013478874532950255
2023-10-02,7.565228206514205,7.612867909684305,7.279388170172753,7.317500114440918,733500,WTTR,7.443746100203045,7.666435348851724,7.666435348851724,7.279388170172753,7.836126620379173,7.630110707757345,-0.07157583870522721,-0.039430450206419033,-0.03214538849880818
2023-10-03,7.231748757331886,7.3603764608183395,7.145996652120763,7.3460845947265625,542300,WTTR,7.2710516162493875,7.555090724527385,7.555090724527385,7.145996652120763,7.821264193109003,7.6311329189035,-0.08940096120404561,-0.04942455240594435,-0.039976408798101264
2023-10-04,7.231748492059459,7.269860436459675,6.988784505760416,7.031660556793213,529100,WTTR,7.13051349776819,7.4130711703883865,7.4130711703883865,6.988784505760416,7.803022700073146,7.632419129311964,-0.12742995808294122,-0.06502563354134373,-0.062404324541597486
2023-10-05,6.964964352070071,7.079300184041869,6.926852408079472,7.0411882400512695,563000,WTTR,7.00307629606067,7.271792334078288,7.271792334078288,6.926852408079472,7.782303556118836,7.63195738464243,-0.1550125198440213,-0.08302301080187925,-0.07198950904214206
2023-10-06,7.041187605428706,7.174579851703364,6.950671860191774,7.136467456817627,462000,WTTR,7.075726693535367,7.137434315069479,7.174579851703364,6.950671860191774,7.763274159509489,7.631914317725525,-0.1672556433068788,-0.09986953730287917,-0.06738610600399964
2023-10-09,7.231747943920285,7.403251680721925,7.19363600240881,7.327027797698975,508500,WTTR,7.288915856187499,7.106580504302423,7.403251680721925,7.106580504302423,7.7497161780442125,7.634346486903928,-0.15974039212277713,-0.11184370826685877,-0.04789668385591836
2023-10-10,7.30797247066979,7.30797247066979,7.1793443159906465,7.231748580932617,613800,WTTR,7.256759459565711,7.197748180244961,7.30797247066979,7.1793443159906465,7.734544246142687,7.635427051497098,-0.15963259276476904,-0.12140148516644084,-0.03823110759832821
2023-10-11,7.212692878675963,7.2603325843811035,7.165052718640585,7.2603325843811035,319600,WTTR,7.224602691519689,7.227253819905336,7.2603325843811035,7.165052718640585,7.720007875320851,7.635759823111902,-0.1554487543286749,-0.12821093899888766,-0.027237815329787224
2023-10-12,7.2793879872680725,7.288916200260811,7.122176107529503,7.203164100646973,375400,WTTR,7.22341109892634,7.225928255712512,7.288916200260811,7.122176107529503,7.705826538327692,7.6357018162860655,-0.1549597713010833,-0.1335607054593268,-0.021399065841756493
2023-10-13,7.279387643644539,7.365139739210449,7.1869664353608105,7.327027797698975,487600,WTTR,7.289630403978693,7.224669677319426,7.365139739210449,7.1869664353608105,7.691264671965493,7.636021859743607,-0.1429298768986662,-0.1354345397471947,-0.007495337151471521
2023-10-16,7.355612174590411,7.355612174590411,7.16981655693861,7.231748580932617,393500,WTTR,7.278197371763012,7.257150040649059,7.355612174590411,7.16981655693861,7.676329552657652,7.635067293148963,-0.13947653673114146,-0.13624293914398405,-0.0032335975871574107
2023-10-17,7.1936364339000205,7.446128175141139,7.1936364339000205,7.403252124786377,524700,WTTR,7.309163291931889,7.267673706206036,7.446128175141139,7.1936364339000205,7.664848311951491,7.634386867507308,-0.12150025775421991,-0.13329440286603123,0.011794145111811316
2023-10-18,7.403251767848625,7.422307738828627,7.222219816373514,7.241275787353516,366700,WTTR,7.32226377760107,7.288418499068962,7.422307738828627,7.222219816373514,7.658178695439123,7.635329230170619,-0.11895284948769547,-0.13042609219036408,0.011473242702668612
2023-10-19,7.184108041006917,7.484239931649392,7.126940126741236,7.288916110992432,626400,WTTR,7.271051052597494,7.305341138335017,7.484239931649392,7.126940126741236,7.6463401444376276,7.636484048259973,-0.11180106107420684,-0.12670108596713264,0.0149000248929258
2023-10-20,7.307972209210801,7.307972209210801,7.107884278644206,7.1269402503967285,886800,WTTR,7.212692236865634,7.2881960954662555,7.307972209210801,7.107884278644206,7.633262975833577,7.639278736586507,-0.11784487315019998,-0.12492984340374612,0.007084970253546138
2023-10-23,7.107885360717773,7.165053284678339,7.007841380204215,7.107885360717773,439500,WTTR,7.097166346579526,7.250444166165945,7.250444166165945,7.007841380204215,7.617613250386478,7.641912686696351,-0.12275714021375528,-0.12449530276574795,0.0017381625519926752
2023-10-24,7.155524526353278,7.155524526353278,7.02213226805597,7.0411882400512695,335700,WTTR,7.093592390203449,7.173805256372735,7.173805256372735,7.02213226805597,7.600391394309424,7.643765002408385,-0.13052740876157554,-0.12570172396491347,-0.004825684796662066
2023-10-25,7.0126046376909095,7.098356286075582,6.945908507320415,7.022132396697998,359400,WTTR,7.019750456946226,7.133698823288093,7.133698823288093,6.945908507320415,7.582288207713539,7.641670395744515,-0.13664785841825822,-0.12789095085558244,-0.008756907562675775
2023-10-26,6.964964075554146,7.041187960509181,6.807752199251837,6.869684219360352,412200,WTTR,6.920897113668879,7.07672464011716,7.07672464011716,6.807752199251837,7.560373797090124,7.637770324575565,-0.15204695012016423,-0.1327221507084988,-0.019324799411665428
2023-10-27,7.003076076507568,7.0126042893716045,6.86968427672243,7.003076076507568,839800,WTTR,6.972110179777293,6.998810876893019,7.0126042893716045,6.86968427672243,7.539864770522991,7.635388745388903,-0.15173809091053858,-0.13652533874890677,-0.015212752161631815
2023-10-30,7.060244506776404,7.117412425148777,6.9506727768119125,7.069772720336914,727200,WTTR,7.049525607268502,6.985460528335157,7.117412425148777,6.9506727768119125,7.5226429273919795,7.631638363743718,-0.14444636819398315,-0.13810954463792205,-0.006336823556061105
2023-10-31,7.107884536133026,7.112648642826292,6.974492729033139,7.0888285636901855,539800,WTTR,7.070963617920661,7.01749306780183,7.112648642826292,6.974492729033139,7.505897476448016,7.6280431606559045,-0.13556724331158954,-0.13760108437265556,0.002033841061066022
2023-11-01,6.621956166027404,7.260331886633739,6.457121991421028,7.222219944000244,1258400,WTTR,6.890407497020604,7.0442283428612456,7.260331886633739,6.457121991421028,7.4878276159429875,7.622204342238036,-0.11642483030707051,-0.13336583355953854,0.01694100325246803
2023-11-02,7.1745806297833825,7.1936366021277784,6.8125167009096455,7.022132396697998,1284400,WTTR,7.050716582379701,6.967317919940925,7.1936366021277784,6.8125167009096455,7.47513156050804,7.617343484597649,-0.11606183437257389,-0.12990503372214562,0.013843199349571733
2023-11-03,7.212691973164548,7.412779893264885,7.203163760621589,7.327027797698975,948900,WTTR,7.288915856187499,7.009017251160313,7.412779893264885,7.009017251160313,7.46786645268948,7.6135243884408546,-0.09013265361045342,-0.12195055769980719,0.03181790408935377
2023-11-06,7.336630985089165,7.336630985089165,7.072550585110931,7.106161117553711,732500,WTTR,7.212993418210743,7.148966553673906,7.336630985089165,7.072550585110931,7.457725153065702,7.609182861473273,-0.08640961007781112,-0.11484236817540798,0.028432758097596864
2023-11-07,7.029338658939126,7.034139771652873,6.866088921194323,6.933309078216553,746800,WTTR,6.9657191075007185,7.180979985942325,7.180979985942325,6.866088921194323,7.441304448621051,7.60246329853656,-0.09629673739875866,-0.11113324202007813,0.014836504621319468
2023-11-08,6.866088930994727,6.942912229360059,6.707640763640485,6.7892656326293945,767900,WTTR,6.826476889156166,7.073349546721522,7.073349546721522,6.707640763640485,7.42252289377289,7.594386833183219,-0.11443630873809152,-0.11179385536368082,-0.0026424533744107
2023-11-09,6.866088700245227,7.010132608790812,6.866088700245227,6.914103031158447,844800,WTTR,6.914103260109928,6.949913217938844,7.010132608790812,6.866088700245227,7.406046492060719,7.588583696658877,-0.11738556721259563,-0.11291219773346378,-0.00447336947913185
2023-11-10,6.9429117896497345,7.106161517288579,6.9141028256357835,7.038940906524658,858400,WTTR,7.000529259774689,6.932008239024386,7.106161517288579,6.9141028256357835,7.392322872559789,7.584224951955596,-0.1083999355926073,-0.1120097453052925,0.003609809712685194
2023-11-13,7.048543202364418,7.120564916912751,6.986124169401179,7.0677490234375,449100,WTTR,7.055745328028962,6.966268749399537,7.120564916912751,6.966268749399537,7.376464056314027,7.581187945678335,-0.09782650051731778,-0.10917309634769756,0.01134659583037978
2023-11-14,7.154176191489693,7.230999946594238,7.101360289139354,7.230999946594238,1242800,WTTR,7.179384093454381,7.01100703871425,7.230999946594238,7.01100703871425,7.36150587800565,7.582299842867924,-0.0754047726080227,-0.10241943159976259,0.027014658991739895
2023-11-15,7.250205132808394,7.351035815987155,7.0677495890609725,7.096558094024658,770900,WTTR,7.191387157970295,7.095195566084316,7.351035815987155,7.0677495890609725,7.346716304612115,7.582631965447418,-0.0677032843073393,-0.09547620214127794,0.02777291783393865
2023-11-16,6.981322539198995,7.058145822826034,6.894896116167133,6.962116718292236,810900,WTTR,6.9741202991210995,7.1432913620273055,7.1432913620273055,6.894896116167133,7.328700948608158,7.579098365192643,-0.07162247547711242,-0.09070545680844484,0.01908298133133242
2023-11-17,7.048543202364418,7.115763347168757,6.986124169401179,7.0677490234375,835200,WTTR,7.054544935592964,7.058705830574203,7.115763347168757,6.986124169401179,7.311817675456459,7.575919121825613,-0.06545034763013735,-0.08565443497278336,0.020204087342646004
2023-11-20,7.154175618807505,7.154175618807505,7.0005290367035595,7.019734859466553,616000,WTTR,7.08215378344628,7.056625383083583,7.154175618807505,7.0005290367035595,7.297820952594573,7.572033280207513,-0.06369895174052953,-0.08126333832633259,0.01756438658580306
2023-11-21,6.971720783013325,7.077352583068956,6.952514501654536,7.0005292892456055,506000,WTTR,7.0005292892456055,7.069389583264932,7.077352583068956,6.952514501654536,7.282453753113381,7.56561446393308,-0.06313292977352791,-0.07763725661577166,0.014504326842243745
2023-11-22,6.875690845541822,7.0293378829956055,6.866088163271357,7.0293378829956055,443800,WTTR,6.950113693701097,7.034959436255269,7.034959436255269,6.866088163271357,7.267054856858324,7.5579337585952935,-0.05967188024355785,-0.0740441813413289,0.014372301097771045
2023-11-24,7.029337720915471,7.110962578895517,7.014933010987522,7.077352046966553,273500,WTTR,7.058146339441266,6.992536564978183,7.110962578895517,6.992536564978183,7.252339781611546,7.552458146155624,-0.05245002060565884,-0.06972534919419489,0.017275328588536046
2023-11-27,7.0773516437327935,7.0773516437327935,6.933307757980652,6.962116718292236,623500,WTTR,7.012531940934618,7.025341452209725,7.0773516437327935,6.933307757980652,7.235902539484039,7.548290464961838,-0.05538670926673017,-0.06685762120870195,0.011470911941971779
2023-11-28,6.952513804105527,7.024535978266112,6.91410216104771,6.981322765350342,911200,WTTR,6.968118677192423,7.018936696572172,7.024535978266112,6.91410216104771,7.216909631074678,7.541369963047881,-0.05552423982827026,-0.06459094493261562,0.00906670510434536
2023-11-29,7.029337971667875,7.0581464767456055,6.966918933462217,7.0581464767456055,995500,WTTR,7.028137464655326,6.993527686882297,7.0581464767456055,6.966918933462217,7.2009750485745805,7.533794650138827,-0.04887084958907728,-0.06144692586390796,0.012576076274830678
2023-11-30,7.15417611772536,7.173381941827729,6.962117876701673,7.163779258728027,1179000,WTTR,7.113363798745697,7.010832575768811,7.173381941827729,6.962117876701673,7.188364750992613,7.527189993973265,-0.034674599988957056,-0.05609246068891778,0.021417860699960725
2023-12-01,7.154175787514559,7.2117937150651965,7.062948241714782,7.115764141082764,533600,WTTR,7.136170471344325,7.062098187257254,7.2117937150651965,7.062098187257254,7.176734636558924,7.519368983522708,-0.026987295869521866,-0.0502714277250386,0.023284131855516733
2023-12-04,7.077352271414558,7.144572879501375,6.986124728492313,7.096558094024658,629500,WTTR,7.076151993358226,7.09913432930079,7.144572879501375,6.986124728492313,7.164070884561015,7.511350329994858,-0.022189038038479936,-0.04465494978772687,0.022465911749246933
2023-12-05,7.1157635424732595,7.1157635424732595,6.9333080083197265,6.942911148071289,691300,WTTR,7.026936560334383,7.087643161329508,7.1157635424732595,6.9333080083197265,7.151399451443217,7.503431498752874,-0.030433589123960658,-0.04181067765497363,0.01137708853101297
2023-12-06,6.942911801102764,7.067749882197572,6.84688268406943,6.856485366821289,728900,WTTR,6.928507433547764,7.057289860831945,7.067749882197572,6.84688268406943,7.137583611230181,7.494552057143097,-0.04344053803282577,-0.04213664973054406,-0.0013038883022817097
2023-12-07,6.894896307243037,6.914102128682042,6.7844629484444905,6.837278842926025,667200,WTTR,6.8576850568238985,6.992898647189854,6.992898647189854,6.7844629484444905,7.1200503152909365,7.484715767340122,-0.05466826300967398,-0.04464297238637004,-0.010025290623303935
2023-12-08,6.8756906852670205,6.928507039183655,6.8276763592280725,6.894896507263184,818500,WTTR,6.881692647735483,6.925291852006876,6.928507039183655,6.8276763592280725,7.103711752321575,7.474894596160075,-0.05824563256851878,-0.04736350442279979,-0.01088212814571899
2023-12-11,6.904500570322162,6.971721185247368,6.880493175141519,6.933309078216553,748400,WTTR,6.9225060022319,6.90349224987118,6.971721185247368,6.880493175141519,7.089451919887285,7.4668194220406185,-0.057320396419555664,-0.04935488282215097,-0.007965513597404696
2023-12-12,6.866088390350342,6.93330854217552,6.813272033455769,6.866088390350342,1068400,WTTR,6.869689339082994,6.91299912605154,6.93330854217552,6.813272033455769,7.077970784664884,7.457048702522029,-0.061304606486821456,-0.05174482755508507,-0.009559778931736387
2023-12-13,6.885293826956396,7.106161008919534,6.8468821829543645,7.077352046966553,1474300,WTTR,6.978922266449212,6.891344232567267,7.106161008919534,6.8468821829543645,7.072128197668881,7.446696195388942,-0.04687456932812406,-0.05077077590969287,0.0038962065815688063
2023-12-14,7.230999990772884,7.303021717863642,7.096558761945773,7.154176235198975,1457400,WTTR,7.196189176445318,6.935133249508239,7.303021717863642,6.935133249508239,7.073441711242424,7.438232205657783,-0.02890637626128001,-0.0463978959800103,0.017491519718730288
2023-12-15,7.182984496592398,7.182984496592398,7.000528953559488,7.134969711303711,1998300,WTTR,7.125366914511998,7.065661212976779,7.182984496592398,7.000528953559488,7.07588752361145,7.429095539865143,-0.01603145908361725,-0.04032460860073169,0.02429314951711444
2023-12-18,7.230999990772884,7.298220147283465,7.1397719813614176,7.154176235198975,643700,WTTR,7.205792088654185,7.095514063744389,7.298220147283465,7.095514063744389,7.078488831513826,7.420881495511658,-0.004229434213932848,-0.033105573723371924,0.028876139509439076
2023-12-19,7.192587529179009,7.346234574843481,7.182984846395389,7.327028751373291,759600,WTTR,7.262208925447792,7.150653076199287,7.346234574843481,7.150653076199287,7.077954692899032,7.413835435471623,0.018854169857005942,-0.022713625007296352,0.041567794864302295
2023-12-20,7.355837032570154,7.507563170713375,7.288616881432611,7.3078227043151855,707400,WTTR,7.364959947257831,7.20643100082354,7.507563170713375,7.20643100082354,7.080118702652873,7.407331474397782,0.035192645989351234,-0.011132370807966835,0.04632501679731807
2023-12-21,7.307822957642587,7.346234604739286,7.230999663449191,7.288617134094238,722300,WTTR,7.293418589981325,7.285695474040685,7.346234604739286,7.230999663449191,7.081495020622107,7.40075144797148,0.04606032230345747,0.00030616781431802597,0.04575415448913944
2023-12-22,7.375042718585529,7.43266018616398,7.298219428480929,7.31742525100708,459100,WTTR,7.35583689605938,7.289557032011006,7.43266018616398,7.289557032011006,7.084143536564768,7.394985037446231,0.056348062960793754,0.011514546843613171,0.04483351611718058
2023-12-26,7.3750427705472115,7.423057556152344,7.32702844284501,7.423057556152344,487600,WTTR,7.387046581424227,7.322696964035193,7.423057556152344,7.322696964035193,7.086091860113678,7.388678266039586,0.07219262413740779,0.023650162302372095,0.048542461835035695
2023-12-27,7.4134545614213225,7.461469347969148,7.355837092305697,7.375042915344238,555600,WTTR,7.401450979260101,7.35487177272971,7.461469347969148,7.35487177272971,7.088556932263621,7.382443242460637,0.07995351839493559,0.034910833520884796,0.04504268487405079
2023-12-28,7.346234213747769,7.379844288692799,7.298219428480929,7.31742525100708,405600,WTTR,7.335430795482145,7.378161375994905,7.379844288692799,7.298219428480929,7.089082282334626,7.376965297143058,0.08052655898126027,0.04403397861295989,0.03649258036830037
2023-12-29,7.327028781190936,7.327028781190936,7.269411310545889,7.288617134094238,432100,WTTR,7.3030215017555005,7.356796085738525,7.356796085738525,7.269411310545889,7.088697436817715,7.373438066128419,0.07775975741930718,0.05077913437422935,0.026980623045077833
2024-01-02,7.307822169406457,7.384645455313541,7.182984100855992,7.202189922332764,464000,WTTR,7.269410411977189,7.329908793747013,7.384645455313541,7.182984100855992,7.088664624005308,7.36750238422147,0.06781140588501877,0.05418558867638724,0.013625817208631534
2024-01-03,7.240602016448975,7.336631129816415,7.163778725755022,7.240602016448975,478300,WTTR,7.245403472117347,7.299659602862101,7.336631129816415,7.163778725755022,7.089318848710342,7.36129091227196,0.06230854645420525,0.05581018023195084,0.006498366222254408
2024-01-04,7.250205330912106,7.288616977181862,6.971720666504901,7.010132312774658,480800,WTTR,7.130168821843382,7.272531537489724,7.288616977181862,6.971720666504901,7.089978898215619,7.353796074301048,0.038902072858274295,0.05242855875721553,-0.013526485898941239
2024-01-05,7.00052952490641,7.18778665333173,7.00052952490641,7.163779258728027,627600,WTTR,7.088156240468145,7.201350179666553,7.201350179666553,7.00052952490641,7.089870175220914,7.3451307847651695,0.032377075583005066,0.04841826212237344,-0.016041186539368375
2024-01-08,7.029337910755963,7.144572845874193,6.827676545347596,6.990926265716553,619500,WTTR,6.998128391923577,7.144753210067349,7.144753210067349,6.827676545347596,7.089437733920461,7.335862970817,0.01310708596091903,0.04135602689008256,-0.02824894092916353
2024-01-09,6.971720390204495,6.971720390204495,6.808470671076407,6.885293960571289,776000,WTTR,6.909301353014172,7.071440800995463,7.071440800995463,6.808470671076407,7.0892058187073665,7.324789807898745,-0.01056636142935119,0.030971549226195813,-0.041537910655547
2024-01-10,6.846882743723659,6.846882743723659,6.712441520802709,6.779662132263184,469400,WTTR,6.796467285128302,6.990371077004817,6.990371077004817,6.712441520802709,7.085692960814387,7.312778865668689,-0.03741999043001787,0.017293241294953077,-0.054713231724970945
2024-01-11,6.808471202850342,6.808471202850342,6.722044766466821,6.808471202850342,455400,WTTR,6.786864593754462,6.89341918106656,6.89341918106656,6.722044766466821,7.080439740544105,7.301541333968043,-0.05573456033606572,0.0026876809687493173,-0.058422241304815034
2024-01-12,6.942911122292525,7.048543369652974,6.861286266318937,6.981322765350342,1038700,WTTR,6.958515880903694,6.84014188741051,7.048543369652974,6.84014188741051,7.078190785803766,7.292044131125891,-0.05565970202500825,-0.008981795630002197,-0.046677906395006054
2024-01-16,7.000529013540093,7.0485437992401705,6.846882431944535,6.875690937042236,829400,WTTR,6.942911545441759,6.899328884157102,7.0485437992401705,6.846882431944535,7.0792408667721896,7.2835342413575885,-0.0633932243867914,-0.01986408138136004,-0.04352914300543136
2024-01-17,6.770059671964808,6.861287222464289,6.712441741445909,6.798868179321289,645100,WTTR,6.785664203799074,6.92112021479943,6.92112021479943,6.712441741445909,7.073939819200578,7.274535689854308,-0.07485813312790235,-0.030862891730668505,-0.04399524139723385
2024-01-18,6.85648524985935,6.904500036508427,6.789265098034172,6.866088390350342,622500,WTTR,6.854084693688073,6.853392209299252,6.904500036508427,6.789265098034172,7.065243195950589,7.266554824320033,-0.07762523131160659,-0.04021535964685612,-0.03740987166475047
2024-01-19,6.894896925180788,6.894896925180788,6.808470949911012,6.827676773071289,805000,WTTR,6.856485393335969,6.853738451493662,6.894896925180788,6.808470949911012,7.058113035453093,7.257919094259398,-0.08197274230615292,-0.04856683617871549,-0.033405906127437435
2024-01-22,6.818073078718413,6.942911148071289,6.750852932069099,6.942911148071289,527000,WTTR,6.863687076732523,6.855111922414816,6.942911148071289,6.750852932069099,7.056072394837729,7.2486884217293905,-0.07525226382830574,-0.05390392170863354,-0.021348342119672202
2024-01-23,6.981322539198995,7.048543141324099,6.904499255571958,6.962116718292236,705000,WTTR,6.974120413596822,6.859399499573669,7.048543141324099,6.859399499573669,7.059025265326543,7.240774079549716,-0.06759728775164575,-0.056642594917235986,-0.010954692834409765
2024-01-24,7.019734937959179,7.096558229870167,6.962117469025938,7.086955547332764,627500,WTTR,7.041341546047012,6.916759956585246,7.096558229870167,6.916759956585246,7.061570031045283,7.233808261553001,-0.0508708068820658,-0.05548823731020195,0.00461743042813615
2024-01-25,7.1541759113528425,7.288617134094238,7.043742540425574,7.288617134094238,1083200,WTTR,7.193788179991723,6.979050751316128,7.288617134094238,6.979050751316128,7.065435209449625,7.2288790410047055,-0.021099325696925852,-0.048610454987546736,0.027511129290620884
2024-01-26,7.298220064264864,7.442263974710829,7.2790142400656,7.413455009460449,753900,WTTR,7.358238322125436,7.086419465653925,7.442263974710829,7.086419465653925,7.071485069331555,7.22397456282279,0.012424933958216755,-0.03640337719839404,0.04882831115661079
2024-01-29,7.35583689605938,7.360638466166649,7.230999278590869,7.31742525100708,598700,WTTR,7.316224972955994,7.222328893889681,7.360638466166649,7.222328893889681,7.074221886921586,7.217863882463617,0.030888291316157,-0.02294504349548383,0.053833334811640834
2024-01-30,7.154175938195736,7.394248962402344,7.134970114575325,7.394248962402344,796000,WTTR,7.269410994393937,7.269276933422837,7.394248962402344,7.134970114575325,7.075782363650059,7.211249334131087,0.051130268601730755,-0.008129981076040913,0.059260249677771666
2024-01-31,7.423057528252833,7.6199173242687035,7.327028415306423,7.4614691734313965,1457400,WTTR,7.4578681103148385,7.269343963908387,7.6199173242687035,7.269343963908387,7.0854573198739335,7.207079134241046,0.07176898252748476,0.007849811644664221,0.06391917088282054
2024-02-01,7.490277992020083,7.639122999744849,7.394248423020068,7.509483814239502,788500,WTTR,7.508283307256125,7.363606037111612,7.639122999744849,7.363606037111612,7.094532087307197,7.203174881381829,0.09095126270440534,0.02447010185661245,0.0664811608477929
2024-02-02,7.509484303291573,7.567101773702143,7.31742561068672,7.327028751373291,770900,WTTR,7.430260109763432,7.435944672183869,7.567101773702143,7.31742561068672,7.10149421383354,7.199657583214056,0.09038881323882553,0.037653844133055066,0.05273496910577046
2024-02-05,7.240602329185052,7.240602329185052,7.116724469953615,7.144573211669922,856800,WTTR,7.1856255849984105,7.43310239097365,7.43310239097365,7.116724469953615,7.105196139748597,7.193824946430989,0.07436321788929856,0.044995718884303766,0.029367499004994795
2024-02-06,7.183297205640873,7.405960073204228,7.163935237227787,7.3962788581848145,1192500,WTTR,7.287367843564425,7.30936398798603,7.405960073204228,7.163935237227787,7.111941222745863,7.189498039802094,0.08103919085152089,0.05220441327774719,0.0288347775737737
2024-02-07,7.405959577714915,7.444683511950295,7.222020659284006,7.309149742126465,523300,WTTR,7.345453372768921,7.298365915775228,7.444683511950295,7.222020659284006,7.117687363412416,7.185013572511981,0.07839565965941553,0.05744266255408086,0.020952997105334666
2024-02-08,7.2704258358260665,7.410800213375103,7.260744621417169,7.405959606170654,777900,WTTR,7.336982569197248,7.321909644272074,7.410800213375103,7.260744621417169,7.124176375977669,7.180039457730853,0.0831538433539194,0.06258489871404857,0.02056894463987083
2024-02-09,7.405959567111144,7.415640319843273,7.2801065502135,7.299468517303467,509300,WTTR,7.350293738617846,7.329446106734661,7.415640319843273,7.2801065502135,7.131819877206177,7.174364754140428,0.07743912726928048,0.06555574442509496,0.011883382844185525
2024-02-12,7.347874180963839,7.546334472955491,7.338192965927299,7.454364776611328,996700,WTTR,7.421691599114489,7.339869922676254,7.546334472955491,7.338192965927299,7.13969095989536,7.170333004234971,0.08443568518457134,0.06933173257699024,0.0151039526075811
2024-02-13,7.405960550400425,7.414673275178702,7.2317023618287495,7.347874641418457,735100,WTTR,7.350052707206583,7.380780760895371,7.414673275178702,7.2317023618287495,7.144424738064577,7.166394744528596,0.0804601492887489,0.07155741591934198,0.008902733369406918
2024-02-14,7.386598095964934,7.425322032744834,7.304309614901211,7.357554912567139,662200,WTTR,7.36844616404453,7.365416734050977,7.425322032744834,7.304309614901211,7.149070251918582,7.162902444238754,0.07720070377210231,0.07268607348989405,0.004514630282208262
2024-02-15,7.367236196710806,7.696389662428809,7.35755498161211,7.638303756713867,939900,WTTR,7.514871149366398,7.366931449047753,7.696389662428809,7.35755498161211,7.157844635038746,7.160957759799881,0.09616314623347577,0.07738148803861039,0.01878165819486538
2024-02-16,7.667346445208473,7.696389165377423,7.57053660860245,7.580217361450195,1024100,WTTR,7.628622395159635,7.440901299207075,7.696389165377423,7.440901299207075,7.169878351735251,7.160638901589234,0.10529021183051501,0.08296323279699132,0.022326979033523695
2024-02-20,7.541493432253476,7.6141006943539935,7.4930882831026535,7.599579334259033,1099100,WTTR,7.562065435992289,7.534761847183355,7.6141006943539935,7.4930882831026535,7.182549511784141,7.16006656150716,0.11278570308553348,0.08892772685469975,0.02385797623083373
2024-02-21,7.744795070301972,8.790342330932617,7.692517799595592,8.790342330932617,5566100,WTTR,8.2544993829407,7.548413641587822,8.790342330932617,7.548413641587822,7.210485798306478,7.165268056798706,0.21236257257171065,0.11361469599810194,0.09874787657360871
2024-02-22,8.528956433765828,8.867790682270881,8.451507629527303,8.683852195739746,2654400,WTTR,8.633026735325938,7.901456512264261,8.867790682270881,7.901456512264261,7.245512480058286,7.17461211618993,0.2794636125518011,0.14678447930884178,0.1326791332429593
2024-02-23,8.616083130952864,8.674169493364968,8.461187395522465,8.51927375793457,1615700,WTTR,8.567678444443716,8.2672416237951,8.674169493364968,8.2672416237951,7.278415928902522,7.183933924394904,0.31572211763947156,0.18057200697496775,0.1351501106645038
2024-02-26,8.519274673619506,8.519274673619506,8.257887399547228,8.325654983520508,1972300,WTTR,8.405522932576687,8.417460034119408,8.519274673619506,8.257887399547228,7.309132600772397,7.19355169271864,0.32508643315217256,0.20947489221040871,0.11561154094176385
2024-02-27,8.345015547018255,8.45150613371491,8.194960419570375,8.364377975463867,2211500,WTTR,8.338965018941852,8.411491483348048,8.45150613371491,8.194960419570375,7.336333455822249,7.204230826745564,0.33180747249062925,0.23394140826645282,0.09786606422417643
2024-02-28,8.315973251644015,8.354697187258422,8.185279622726098,8.25788688659668,1411500,WTTR,8.278459237056303,8.37522825114495,8.37522825114495,8.185279622726098,7.357978857034468,7.215710284138446,0.32479694667818393,0.2521125159487991,0.07268443072938485
2024-02-29,8.33533524876051,8.37405918665568,8.209482219788326,8.267568588256836,1143800,WTTR,8.296611310865337,8.326843744100627,8.37405918665568,8.209482219788326,7.381403744961535,7.228645634286493,0.3163753092461299,0.26496507460826524,0.05141023463786465
2024-03-01,8.364377038107015,8.635444543208484,8.315971895668929,8.403100967407227,1542300,WTTR,8.429723611097915,8.311727527482983,8.635444543208484,8.311727527482983,7.40588237541041,7.2421856034621195,0.3169834433926013,0.2753687483651325,0.04161469502746884
2024-03-04,8.40310376727365,8.451508002588454,8.030385246539376,8.054587364196777,977600,WTTR,8.234896095149564,8.37072556929045,8.451508002588454,8.030385246539376,7.425336118804446,7.25164540585174,0.28604589987925877,0.27750417866795773,0.008541721211301034
2024-03-05,7.996500471307768,8.083629556373698,7.860966236399496,7.919052600860596,1143800,WTTR,7.965037216235389,8.302810832220008,8.302810832220008,7.860966236399496,7.437337664183997,7.2587281834184365,0.24773541144877598,0.2715504252241214,-0.023815013775345395
2024-03-06,8.015862028647854,8.238525350048558,7.938414157704508,8.141715049743652,1415900,WTTR,8.083629146536143,8.1339240242277,8.238525350048558,7.938414157704508,7.453141875315094,7.2673184479686,0.23265912257284338,0.2637721646938658,-0.031113042121022394
2024-03-07,8.13203291944918,8.219161995263143,8.122352629109786,8.199800491333008,1034300,WTTR,8.168337008788779,8.108776585381921,8.219161995263143,8.108776585381921,7.469391877569682,7.276767707067225,0.22282942580170229,0.2555836169154331,-0.03275419111373079
2024-03-08,8.199800491333008,8.272407746760862,8.112671415519046,8.199800491333008,858400,WTTR,8.19617003623648,8.13855679708535,8.272407746760862,8.112671415519046,7.485574346665927,7.285833103389803,0.2125887297468001,0.24698463948170649,-0.03439590973490639
2024-03-11,8.228845128450176,8.412783613326024,8.18043997245604,8.238526344299316,1269100,WTTR,8.26514876463289,8.167363416660915,8.412783613326024,8.167363416660915,7.5028483023733825,7.295702617318501,0.20523197062706,0.2386341057107772,-0.0334021350837172
2024-03-12,8.209482689823075,8.354698157682922,8.199802397233665,8.296611785888672,1474200,WTTR,8.265148757657084,8.216256090646903,8.354698157682922,8.199802397233665,7.521442661616881,7.3052624719757535,0.20176289861585062,0.2312598642917919,-0.02949696567594129
2024-03-13,8.40310238731918,8.577359636989545,8.383739957771663,8.451506614685059,1449400,WTTR,8.453927149191362,8.240702424151994,8.577359636989545,8.240702424151994,7.544460774565598,7.316579105691656,0.20910195505104312,0.22682828244364217,-0.01772632739259905
2024-03-14,8.451506672684078,8.635446061641954,8.42730455883505,8.625764846801758,1768200,WTTR,8.53500553499071,8.347314786671678,8.635446061641954,8.347314786671678,7.569772677025868,7.329218650515588,0.2263699413722442,0.2267366142293626,-0.0003666728571183886
2024-03-15,8.596721197051872,8.833905395511046,8.567678478919477,8.645126342773438,9813800,WTTR,8.660857853563957,8.441160160831194,8.833905395511046,8.441160160831194,7.5980817646548005,7.343700306682572,0.23886378285386378,0.22916204795426284,0.009701734899600939
2024-03-18,8.664488793438906,8.732256374151158,8.52895547851733,8.606403350830078,1180100,WTTR,8.633025999234368,8.551009007197575,8.732256374151158,8.52895547851733,7.6281389082026205,7.35905890320912,0.24284129710348168,0.23189789778410663,0.010943399319375047
2024-03-19,8.625765838441925,8.800024032592773,8.625765838441925,8.800024032592773,1707800,WTTR,8.71289493551735,8.59201750321597,8.800024032592773,8.59201750321597,7.660633682103605,7.375251928662259,0.2586356854783709,0.2372454553229595,0.021390230155411416
2024-03-20,8.712894454089719,8.790342330932617,8.649968400374183,8.790342330932617,1288600,WTTR,8.735886879082285,8.652456219366659,8.790342330932617,8.649968400374183,7.695388851846778,7.39241329288362,0.2672904615886189,0.24325445657609138,0.024036005012527534
2024-03-21,8.790341909234286,8.993642807006836,8.790341909234286,8.993642807006836,1152700,WTTR,8.89199235812056,8.694171549224471,8.993642807006836,8.694171549224471,7.735042671948906,7.412124245328137,0.2872429257311868,0.2520521504071105,0.03519077532407633
2024-03-22,8.99364132623986,9.037205863107786,8.829064392127991,8.848426818847656,704200,WTTR,8.927084600080823,8.793081953672516,9.037205863107786,8.793081953672516,7.777655018247957,7.431673989531171,0.2880175931608857,0.25924523895786555,0.028772354203020156
2024-03-25,8.916193953541512,9.027525143514964,8.829064875040073,8.935555458068848,791500,WTTR,8.927084857541349,8.860083276876669,9.027525143514964,8.829064875040073,7.820459423523695,7.4504495820339,0.2922927073167756,0.2658547326296476,0.026437974687127996
2024-03-26,8.954919794837275,9.032367675959527,8.766140700008235,8.800024032592773,939700,WTTR,8.888363050849453,8.893584067209009,9.032367675959527,8.766140700008235,7.85905636692261,7.468623576363188,0.2814995610212545,0.268983698307969,0.01251586271328553
2024-03-27,8.800023077595466,9.008164581742893,8.751617926334196,8.858108520507812,775200,WTTR,8.854478526545092,8.89097355902923,9.008164581742893,8.751617926334196,7.897287706544676,7.488264286658433,0.2744689404693119,0.2700807467402376,0.004388193729074341
2024-03-28,8.90651273965216,9.013004245932306,8.824224268095398,8.935555458068848,1232500,WTTR,8.919824177937178,8.87272604278716,9.013004245932306,8.824224268095398,7.939970906027438,7.506955362614008,0.27201087163184035,0.27046677171855815,0.001544099913282193
2024-04-01,8.983961094146606,8.983961094146606,8.867789290893798,8.945237159729004,595400,WTTR,8.945237159729004,8.896275110362168,8.983961094146606,8.867789290893798,7.981793955348256,7.5235185756494225,0.2677575247077737,0.26992492231640125,-0.0021673976086275526
2024-04-02,9.042046531771826,9.109813179252557,8.92103413369833,9.00332260131836,769100,WTTR,9.019054111510268,8.920756135045586,9.109813179252557,8.920756135045586,8.025045329711743,7.541579182582418,0.2660073590711711,0.2691414096673552,-0.0031340505961841014
2024-04-03,9.003324057601498,9.24050828539982,9.003324057601498,9.148538589477539,705700,WTTR,9.098923747520088,8.969905123277927,9.24050828539982,8.969905123277927,8.069750063127493,7.562911228982611,0.27318890517403815,0.2699509087686918,0.003237996405346333
2024-04-04,9.158218810433322,9.206623956888583,9.013004294318916,9.032365798950195,636600,WTTR,9.102553215147754,9.034414435399007,9.206623956888583,9.013004294318916,8.112318719158512,7.585671992242527,0.2664348636436298,0.2692476997436794,-0.0028128361000496205
2024-04-05,9.196944255334666,9.429287888625911,9.109815162037567,9.216306686401367,1403200,WTTR,9.238088498099877,9.06848382527338,9.429287888625911,9.06848382527338,8.156253658199569,7.608911844622428,0.2727802880686898,0.26995421740868153,0.002826070660008284
2024-04-08,9.216305680378596,9.255029615033488,9.129176596592231,9.138856887817383,661000,WTTR,9.184842194955424,9.15328616168663,9.255029615033488,9.129176596592231,8.196074738498844,7.630754973974235,0.2684648356591879,0.26965634105878283,-0.0011915053995949498
2024-04-09,9.158219804469669,9.206624956178842,9.017844956838214,9.148538589477539,734000,WTTR,9.132807076741067,9.169064178321026,9.206624956178842,9.017844956838214,8.231566113591157,7.651525591461354,0.26279668435216585,0.2682844097174594,-0.005487725365293572
2024-04-10,9.07108975756021,9.134016725108493,8.98396067834036,9.109813690185547,755000,WTTR,9.074720212798653,9.150935627531046,9.150935627531046,8.98396067834036,8.26673601838801,7.670478952654799,0.2522718253008396,0.26508189283413547,-0.012810067533295888
2024-04-11,9.129177066598494,9.129177066598494,8.945237675079255,9.013005256652832,783500,WTTR,9.054149266232269,9.11282792016485,9.129177066598494,8.945237675079255,8.302430783824777,7.689106573737417,0.23342835043122712,0.2587511843535538,-0.025322833922326704
2024-04-12,9.100132885955862,9.177580754693675,8.867789279742421,8.906513214111328,599400,WTTR,9.013004033625823,9.08348859319856,9.177580754693675,8.867789279742421,8.333533502290997,7.709495411082465,0.20750970033997085,0.24850288755083724,-0.040993187210866394
2024-04-15,8.945237598736721,8.983961535054789,8.770980346931154,8.819384574890137,849800,WTTR,8.879891013903201,9.048246313412191,9.048246313412191,8.770980346931154,8.360965656423938,7.727748871865567,0.17788784998484708,0.23437988003763924,-0.05649203005279216
2024-04-16,8.809704255009027,8.809704255009027,8.62576486564924,8.70321273803711,726700,WTTR,8.7370965284261,8.964068663657695,8.964068663657695,8.62576486564924,8.387102384797192,7.744298299315366,0.14338536656751621,0.21618097734361463,-0.07279561077609842
2024-04-17,8.703212250696199,8.775819511587711,8.538635300274683,8.693531036376953,1086700,WTTR,8.677799524733887,8.850582596041898,8.850582596041898,8.538635300274683,8.4169458635919,7.761071001670248,0.11394715559167423,0.19573421299322658,-0.08178705740155234
2024-04-18,8.70321276718958,8.819384576160514,8.6935315522958,8.761299133300781,1014000,WTTR,8.744357007236669,8.764191060387892,8.819384576160514,8.6935315522958,8.446085646865345,7.779013434805604,0.09499048913339436,0.17558546822126014,-0.08059497908786578
2024-04-19,8.722575729304719,9.061409962002365,8.693532082850888,9.042048454284668,1502100,WTTR,8.87989155711066,8.75427403381228,9.061409962002365,8.693532082850888,8.47677441055218,7.797230886982298,0.10145184456071199,0.16075874348915054,-0.059306898928438545
2024-04-22,8.954917929487772,9.1243354803716,8.86294824359346,8.97428035736084,975900,WTTR,8.979120502703418,8.81708279546147,9.1243354803716,8.81708279546147,8.509617169222304,7.8168967725999865,0.0999520116558763,0.1485973971224957,-0.048645385466619395
2024-04-23,8.877470102944637,9.12917612687633,8.838746170282175,9.090452194213867,815800,WTTR,8.983961148579251,8.898101649082445,9.12917612687633,8.838746170282175,8.542290517421531,7.837055197313854,0.10690514366850046,0.14025894643169667,-0.033353802763196216
2024-04-24,9.042047490927148,9.100132931143223,8.954918407351606,9.061408996582031,975200,WTTR,9.039626956501003,8.941031398830848,9.100132931143223,8.941031398830848,8.574649224569262,7.8571700922323116,0.1088176257058393,0.1339706822865252,-0.025153056580685895
2024-04-25,9.032365363403613,9.163058975555273,8.911352964726447,9.119494438171387,1162100,WTTR,9.05656793546418,8.990329177665926,9.163058975555273,8.911352964726447,8.608779529134415,7.876602133599496,0.11370951864585876,0.1299184495583919,-0.016208930912533143
2024-04-26,9.1001339096592,9.206625433591833,9.03236724770318,9.177581787109375,854900,WTTR,9.129177094515898,9.023448556565054,9.206625433591833,9.023448556565054,8.643994147743841,7.896532199831212,0.12088011196262727,0.12811078203923898,-0.007230670076611712
2024-04-29,9.187261603028235,9.255029177912158,9.143697063192636,9.206624031066895,748100,WTTR,9.198152968799981,9.076312825540477,9.255029177912158,9.076312825540477,8.677659784132514,7.91775220958563,0.12743730724773172,0.12797608708093755,-0.0005387798332058269
2024-04-30,9.187261980651876,9.187261980651876,8.867789290893798,8.945237159729004,1647800,WTTR,9.046887602981638,9.137232897170229,9.187261980651876,8.867789290893798,8.706025088288953,7.9379517200121015,0.11027105960372019,0.12443508158549409,-0.014164021981773897
2024-05-01,8.945238091909326,9.196944153479661,8.557998707379213,8.829066276550293,2209200,WTTR,8.882311807329623,9.092060250075933,9.196944153479661,8.557998707379213,8.7324300157157,7.957489763749922,0.08629787706946779,0.11680764068228883,-0.03050976361282104
2024-05-02,8.907026777061978,9.160398814184703,8.76084963668835,8.819320678710938,1908200,WTTR,8.911898976661492,8.987186028702778,9.160398814184703,8.76084963668835,8.745578007590115,7.978031902948296,0.0657545909022339,0.10659703072627785,-0.04084243982404395
2024-05-03,8.380790247306312,8.955750632520664,8.380790247306312,8.926515579223633,1815400,WTTR,8.660961676589231,8.949542502682135,8.955750632520664,8.380790247306312,8.746136706415381,7.995824593236835,0.05746124376478967,0.09676987333398022,-0.039308629569190554
2024-05-06,8.984987056424583,9.0726931499884,8.86804590812804,8.907026290893555,1121000,WTTR,8.958188101358644,8.805252089635683,9.0726931499884,8.805252089635683,8.75394689955368,8.016181414228102,0.04875407706650314,0.08716671408048482,-0.038412637013981676
2024-05-07,8.926516899135862,9.11654616771347,8.907027170511205,8.975242614746094,904500,WTTR,8.981333213026657,8.881720095497164,9.11654616771347,8.881720095497164,8.765463105162679,8.037297852967537,0.04681837882598039,0.07909704702958394,-0.03227866820360355
2024-05-08,8.984987626867456,9.072693725999596,8.926516584324133,9.033713340759277,723900,WTTR,9.004477819487615,8.93152665426191,9.072693725999596,8.926516584324133,8.778773361173595,8.057553408497922,0.049432594771625205,0.07316415657799219,-0.023731561806366985
2024-05-09,9.511222367265413,9.511222367265413,9.160398004856841,9.248104095458984,904700,WTTR,9.357736708711663,8.968002236874764,9.511222367265413,8.968002236874764,8.800358910606702,8.079168883820586,0.06801983163076564,0.07213529158854688,-0.004115459957781245
2024-05-10,9.296830492476799,9.394281917992998,9.204251731172977,9.238359451293945,653000,WTTR,9.28343089823418,9.162869472793213,9.394281917992998,9.162869472793213,8.82009530235408,8.100749523657807,0.08102997628352604,0.07391422852754272,0.007115747755983323
2024-05-13,9.345555746704063,9.635959270461129,9.34165798727167,9.608673095703125,1087500,WTTR,9.482961525034998,9.223150185513695,9.635959270461129,9.223150185513695,8.84116006063282,8.123521218021615,0.1198403806078332,0.08309945894360081,0.03674092166423239
2024-05-14,9.637910748055804,9.686635537492823,9.511224250914829,9.598930358886719,682800,WTTR,9.608675223837544,9.353055855274347,9.686635537492823,9.353055855274347,8.86863564320658,8.146985881005513,0.148104491821206,0.09610046551912185,0.052004026302084144
2024-05-15,9.579439699619282,9.60867475915465,9.39428308340757,9.598930358886719,838500,WTTR,9.545331975267056,9.480865539555946,9.60867475915465,9.39428308340757,8.900241538387213,8.168789601285605,0.16856093802175565,0.11059256001964862,0.057968378002107024
2024-05-16,9.618419475714292,9.696380249083276,9.569693760017245,9.64765453338623,1016200,WTTR,9.63303700455026,9.513098757411502,9.696380249083276,9.513098757411502,8.931229695547495,8.192185785431294,0.1865539746002458,0.12578484293576805,0.060769131664477755
2024-05-17,9.706125625313474,9.764596670307522,9.613546857975287,9.754851341247559,1026900,WTTR,9.70978012371096,9.573067880980881,9.764596670307522,9.573067880980881,8.962058557845939,8.21572521770781,0.20707642411819727,0.1420431591722539,0.06503326494594336
2024-05-20,9.793830563885795,10.16414465985194,9.774339908082808,10.134908676147461,1661800,WTTR,9.966805951992,9.641424002345921,10.16414465985194,9.641424002345921,8.99747127616105,8.241522811413487,0.25111338508162007,0.16385720435412715,0.08725618072749292
2024-05-21,10.066694400290444,10.505223983399668,10.042332007093272,10.495479583740234,1798000,WTTR,10.277432493630904,9.804114977168961,10.505223983399668,9.804114977168961,9.03771695074101,8.270282626557195,0.3115170777802305,0.19338917903934782,0.1181278987408827
2024-05-22,10.495478743366112,10.495478743366112,10.256722848195526,10.359046936035156,1329600,WTTR,10.401681817740727,10.040773735399933,10.495478743366112,10.040773735399933,9.080447611942683,8.30094513677978,0.3444083400174236,0.223593011234963,0.1208153287824606
2024-05-23,10.349301793390214,10.407772834542262,10.066693774780935,10.154399871826172,1829800,WTTR,10.244542068634896,10.22122777657033,10.407772834542262,10.066693774780935,9.116259910331554,8.330360342448575,0.34992784416929545,0.2488599778218295,0.10106786634746595
2024-05-24,10.281086337209006,10.388282161561246,10.174864488077812,10.329812049865723,1010500,WTTR,10.293511259178448,10.232884922602613,10.388282161561246,10.174864488077812,9.151430024815308,8.360601350920588,0.36425745456871184,0.271939473171206,0.09231798139750585
2024-05-28,10.446752519599396,10.627036436466666,10.222614627779212,10.622163772583008,1612100,WTTR,10.479641839107071,10.26319809089053,10.627036436466666,10.222614627779212,9.187805704526172,8.392943734590485,0.39465478014605715,0.29648253456617624,0.09817224557988091
2024-05-29,10.602674942880693,10.622164670697588,10.271341205702283,10.4077730178833,1435600,WTTR,10.475988459290967,10.3714199649988,10.622164670697588,10.271341205702283,9.224664953727302,8.426401930964962,0.3968704618600025,0.3165601200249415,0.08031034183506103
2024-05-30,10.446753132373004,10.475988188024175,10.354174371884358,10.398027420043945,1161000,WTTR,10.41873577808137,10.423704212144884,10.475988188024175,10.354174371884358,9.258781770578583,8.459707726341094,0.39330622791240266,0.33190934160243374,0.06139688630996892
2024-05-31,10.427262657231475,10.695253615024132,10.417517328722868,10.651400566101074,1655400,WTTR,10.547858541769887,10.421219995113127,10.695253615024132,10.417517328722868,9.295021203832336,8.495205027839557,0.4062437174917761,0.34677621678030224,0.059467500711473886
2024-06-03,10.680635333190017,10.709870388558917,10.271340840562802,10.359046936035156,1159200,WTTR,10.505223374586723,10.484539268441507,10.709870388558917,10.271340840562802,9.327285824161658,8.531164248055283,0.38842871214281693,0.3551067158528052,0.03332199629001176
2024-06-04,10.22261540081934,10.22261540081934,9.901026995104138,9.910772323608398,1813900,WTTR,10.064257530087804,10.494881321514114,10.494881321514114,9.901026995104138,9.350029282761797,8.563842150504877,0.3342847506969928,0.3509423228216427,-0.01665757212464991
2024-06-05,9.949753125037908,10.183635442743043,9.886410345838245,10.173890113830566,941100,WTTR,10.048422256862441,10.27956942580096,10.27956942580096,9.886410345838245,9.37245603074822,8.596457727135958,0.3090442086053411,0.3425626999783824,-0.033518491373041304
2024-06-06,10.134908430281902,10.134908430281902,9.98385956893558,10.125164031982422,918600,WTTR,10.094710115370452,10.163995841331701,10.163995841331701,9.98385956893558,9.39658297203864,8.627819669480624,0.2818600029034233,0.3304221605633906,-0.0485621576599673
2024-06-07,10.086185186632028,10.207999012898764,9.99847908302146,10.07643985748291,628400,WTTR,10.09227578500879,10.129352978351076,10.207999012898764,9.99847908302146,9.421338917207914,8.659313311876296,0.253462927502774,0.3150303139512673,-0.0615673864484933
2024-06-10,10.115419500711065,10.524714001212402,10.05694845948273,10.437007904052734,1022000,WTTR,10.283522466364733,10.110814381679933,10.524714001212402,10.05694845948273,9.448612882976466,8.694291894501951,0.2570893031687742,0.3034421117947687,-0.0463528086259945
2024-06-11,10.368791784596908,10.475987602234195,10.261595037594008,10.446752548217773,639900,WTTR,10.388281743160722,10.197168424022333,10.475987602234195,10.197168424022333,9.4774737746451,8.729633864996678,0.2577780385878494,0.2943092971533849,-0.03653125856553546
2024-06-12,10.651400411643307,10.67089013901222,10.495478875229333,10.505223274230957,881600,WTTR,10.580748175028955,10.292725083591527,10.67089013901222,10.292725083591527,9.508707655915472,8.766876492813608,0.26004433606438404,0.2874563049355847,-0.027411968871200676
2024-06-13,10.446753847148184,10.544204349108279,10.193380869193627,10.212870597839355,978000,WTTR,10.349302415822361,10.436736629310241,10.544204349108279,10.193380869193627,9.533715229281519,8.801732646204506,0.23553487601545164,0.2770720191515581,-0.04153714313610646
2024-06-14,10.183635519617843,10.183635519617843,9.749978602761908,9.823066711425781,1066600,WTTR,9.985079088355844,10.393019522566302,10.393019522566302,9.749978602761908,9.551365746745681,8.831842232952097,0.18255268274736558,0.2581681518707196,-0.07561546912335404
2024-06-17,9.842556615065378,9.9497524375992,9.75485051964423,9.901026725769043,622400,WTTR,9.862046574519463,10.189049305461072,10.189049305461072,9.75485051964423,9.563844908274072,8.86004928323682,0.1451810773966482,0.23557073697590536,-0.09038965957925715
2024-06-18,9.940007379755505,10.042331470318894,9.881537267461292,9.910772323608398,594700,WTTR,9.943662110286022,10.025547939990268,10.042331470318894,9.881537267461292,9.579021306580685,8.887548022539765,0.11502427101051715,0.21146144378282772,-0.09643717277231056
2024-06-20,9.930262222067057,10.02771365005463,9.86691944443112,9.881537437438965,632500,WTTR,9.926608188497942,9.984605025138144,10.02771365005463,9.86691944443112,9.594897328815822,8.91323172120349,0.08775419792512551,0.1867199946112873,-0.09896579668616179
2024-06-21,9.920518434272681,9.964371486633672,9.7743412832808,9.940008163452148,1846800,WTTR,9.899809841909825,9.955606606818044,9.964371486633672,9.7743412832808,9.611399121398046,8.939067569893027,0.07005303962936082,0.163386603614902,-0.09333356398554118
2024-06-24,9.969242333825425,10.417517217409008,9.930261949573186,10.329812049865723,1178200,WTTR,10.161708387668336,9.927708224363935,10.417517217409008,9.927708224363935,9.633550303826766,8.967990543825772,0.08648175224966614,0.14800563334185485,-0.061523881092188704
2024-06-25,10.21286953441883,10.3493013381958,10.21286953441883,10.3493013381958,687900,WTTR,10.281085436307315,10.044708306016135,10.3493013381958,10.044708306016135,9.658911931880397,8.996222717085697,0.09992240477054004,0.1383889876275919,-0.038466582857051845
2024-06-26,10.290831092020369,10.290831092020369,10.10567358011834,10.203125,616100,WTTR,10.22261519103977,10.162896871161724,10.290831092020369,10.10567358011834,9.685766415423128,9.023366035923532,0.09765332315993192,0.1302418547340599,-0.03258853157412797
2024-06-27,10.320066666801681,10.378536778187522,10.134909145559968,10.222615242004395,847800,WTTR,10.264031958138391,10.192756031100746,10.378536778187522,10.134909145559968,9.716305124017374,9.051703754407281,0.09631747142365121,0.12345697807197815,-0.02713950664832694
2024-06-28,10.271340772787225,10.446752962574472,10.271340772787225,10.427262306213379,3067800,WTTR,10.354174203590576,10.22839399461957,10.446752962574472,10.22839399461957,9.749832617594507,9.083389240593203,0.11049835086718396,0.12086525263101933,-0.010366901763835368
2024-07-01,10.524714072383565,10.544203800014358,10.251851379992722,10.368792533874512,754500,WTTR,10.42239044656629,10.291284099105074,10.544203800014358,10.251851379992722,9.783393286381099,9.114739466623224,0.11568523069058578,0.11982924824293262,-0.004144017552346835
2024-07-02,10.456496741887307,10.514967778140784,10.144653693510346,10.193379402160645,701900,WTTR,10.327374403924772,10.356837272835682,10.514967778140784,10.144653693510346,9.812342943317383,9.144558676934782,0.1044376048805713,0.11675091957046037,-0.012313314689889068
2024-07-03,10.193379707542233,10.383408954669296,10.164144653222444,10.310320854187012,409300,WTTR,10.262813542405246,10.342105838380228,10.383408954669296,10.164144653222444,9.838016804111419,9.17381698666686,0.10376385314114778,0.11415350628459786,-0.010389653143450084
2024-07-05,10.339556434439107,10.339556434439107,9.998478305050613,10.04720401763916,517500,WTTR,10.181198797891996,10.302459690392737,10.339556434439107,9.998478305050613,9.861961557097672,9.202126037259603,0.08106411364187238,0.10753562775605277,-0.02647151411418039
2024-07-08,10.027714216383494,10.144655378953576,9.99847915808241,10.008224487304688,735300,WTTR,10.044768310181041,10.241829244142366,10.241829244142366,9.99847915808241,9.882064384171274,9.228356804370268,0.05924613168679116,0.09787772854220045,-0.03863159685540929
2024-07-09,9.998479209722051,10.076439985171422,9.842557658823312,9.940008163452148,625200,WTTR,9.964371254292233,10.143298777161704,10.143298777161704,9.842557658823312,9.900220450547836,9.254499989841124,0.036035343560676836,0.08550925154589573,-0.04947390798521889
2024-07-10,9.949751851473405,10.14465375794698,9.949751851473405,10.125164031982422,588500,WTTR,10.042330373219052,10.053835015726968,10.14465375794698,9.949751851473405,9.9184835161219,9.28123883193287,0.032209862677269996,0.07484937377217059,-0.04263951109490059
2024-07-11,10.212869868742526,10.359047005295674,10.12516470204943,10.290831565856934,810500,WTTR,10.246978285486142,10.04808269447301,10.359047005295674,10.04808269447301,9.939460022455622,9.308559903294068,0.04206127081071642,0.06829175317987976,-0.026230482369163338
2024-07-12,10.427262793019018,10.44675345029005,10.30057630885439,10.339556694030762,680200,WTTR,10.378537311548556,10.147530489979577,10.44675345029005,10.147530489979577,9.966093016626958,9.336059052457957,0.05318718460650729,0.06527083946520527,-0.012083654858697987
2024-07-15,10.456497927726835,10.7293615553669,10.368792757448633,10.553949356079102,1001900,WTTR,10.527150399155367,10.263033900764066,10.7293615553669,10.263033900764066,9.998989788463476,9.365709902089588,0.07840049541211869,0.06789677065458796,0.010503724757530725
2024-07-16,10.58318477540483,11.016842624126705,10.49547960212196,10.885283470153809,1488800,WTTR,10.745197617951826,10.395092149959716,11.016842624126705,10.395092149959716,10.03565576128928,9.390616884439698,0.12369227228957236,0.07905587098158484,0.04463640130798752
2024-07-17,10.856048289800404,11.041204892683208,10.821939638537776,11.02171516418457,1132700,WTTR,10.93522699630149,10.57014488395577,11.041204892683208,10.57014488395577,10.081141067683525,9.413638887049455,0.1686511240986981,0.0969749216050075,0.0716762024936906
2024-07-18,11.011968648255895,11.167890176900869,10.968115602153794,11.11916446685791,1133400,WTTR,11.066784723542117,10.752685940128629,11.167890176900869,10.752685940128629,10.123313000127196,9.438629949840438,0.20972707915843714,0.11952535311569343,0.09020172604274371
2024-07-19,11.070440368552385,11.133784079640083,10.924264146507436,11.002224922180176,838000,WTTR,11.03267837922002,10.909735331835373,11.133784079640083,10.909735331835373,10.164339903451063,9.464901504306873,0.23019053236019715,0.14165838896459418,0.08853214339560297
2024-07-22,10.904771980799453,10.953497691202159,10.670889686105212,10.700124740600586,996400,WTTR,10.807321024676853,10.971206855527697,10.971206855527697,10.670889686105212,10.200396767554848,9.489585064364222,0.2195007386759098,0.1572268589068573,0.06227387976905249
2024-07-23,10.700124899097318,10.880409751448134,10.553948695089574,10.846302032470703,1049900,WTTR,10.745196344526432,10.889263940102275,10.889263940102275,10.553948695089574,10.228145960271144,9.514252435438921,0.22028497786246248,0.16983848269797835,0.05044649516448413
2024-07-24,10.826810970932515,10.924262389532979,10.514967918395996,10.514967918395996,721700,WTTR,10.695252299314372,10.817230142314354,10.924262389532979,10.514967918395996,10.256382388292748,9.538238845323413,0.19195782877631018,0.17426235191364473,0.017695476862665455
2024-07-25,10.544204057947985,11.02171494301999,10.495479272996253,10.943753242492676,1325800,WTTR,10.751287879114226,10.756241220814363,11.02171494301999,10.495479272996253,10.281748915374333,9.561454488003577,0.20178173692705137,0.17976622891632607,0.0220155080107253
2024-07-26,11.041204699386554,11.25559728531256,10.934008871106403,11.226362228393555,1188700,WTTR,11.114293271049767,10.753764549964295,11.25559728531256,10.753764549964295,10.311861276318576,9.590248459762577,0.22972333065631112,0.1897576492643231,0.03996568139198803
2024-07-29,11.255596058311104,11.401772256336786,11.080183877187805,11.216615676879883,822100,WTTR,11.238541967178895,10.934028910507031,11.401772256336786,10.934028910507031,10.345725476156813,9.622983507272012,0.24821946031596376,0.20145001147465125,0.04676944884131251
2024-07-30,11.206871117510168,11.518714190339525,11.099675293566493,11.421263694763184,1460600,WTTR,11.311631074044842,11.086285438842964,11.518714190339525,11.086285438842964,10.379297357546704,9.655263526547099,0.2762072162016427,0.21640145242004954,0.059805763781593135
2024-07-31,10.544204312383956,11.60642100679978,10.368793037720431,11.518714904785156,2747100,WTTR,11.009533315422331,11.198958256443902,11.60642100679978,10.368793037720431,10.405292421380931,9.683675489613435,0.30276117028816785,0.23367339599367323,0.06908777429449461
2024-08-01,11.889028549194336,11.957244919806831,11.489479371550415,11.889028549194336,2588500,WTTR,11.80619534743648,11.104245785933117,11.957244919806831,11.104245785933117,10.44208020928982,9.719775742725435,0.34965597010611127,0.25686991081616084,0.09278605928995043
2024-08-02,11.586931075597118,11.602523044059877,10.82193949327265,10.875537872314453,1412400,WTTR,11.221732871311024,11.455220566684797,11.602523044059877,10.82193949327265,10.460966216843424,9.749341583792217,0.3015639675900825,0.2658087221709452,0.03575524541913733
2024-08-05,10.571806639856833,10.610997730107702,10.130906640937233,10.503222465515137,1684800,WTTR,10.454233369104227,11.33847671899791,11.33847671899791,10.130906640937233,10.462017247870694,9.771232429906687,0.23074804749706423,0.25879658723616905,-0.028048539739104816
2024-08-06,10.63059361238823,10.87455798269745,10.542413426805123,10.708975791931152,1061800,WTTR,10.68913520345549,10.896355044051068,10.896355044051068,10.542413426805123,10.470909110567105,9.79358451044933,0.1890492524089744,0.24484712027073013,-0.05579786786175572
2024-08-07,10.93432448348742,11.042100682717795,10.689379935257362,10.748167037963867,751300,WTTR,10.85349303485661,10.792745123753278,11.042100682717795,10.689379935257362,10.48210874608067,9.816769385447989,0.1573512160273669,0.2273479394220575,-0.0699967233946906
2024-08-08,10.84614425243915,10.84614425243915,10.689379891712802,10.73836898803711,789900,WTTR,10.780009346157053,10.823119079304945,10.84614425243915,10.689379891712802,10.48811609622167,9.83796090037392,0.12994178506724907,0.20786670855109582,-0.07792492348384675
2024-08-09,10.777559281581908,10.777559281581908,10.459131580594834,10.542412757873535,619700,WTTR,10.639165725408047,10.801564212730998,10.801564212730998,10.459131580594834,10.491379641544011,9.858022297635657,0.09135450558325608,0.1845642679575279,-0.09320976237427181
2024-08-12,10.610997600307858,10.757963953353515,10.473828318913101,10.708975791931152,466400,WTTR,10.637941416126406,10.720364969069522,10.757963953353515,10.473828318913101,10.49576375430491,9.877272762441747,0.07336830921055615,0.16232507620813355,-0.0889567669975774
2024-08-13,10.62079576100042,10.645289842068266,10.473828471425445,10.513019561767578,574100,WTTR,10.563233409065427,10.679153192597964,10.679153192597964,10.473828471425445,10.496071251650822,9.895546227741578,0.04280861780339151,0.13842178452718515,-0.09561316672379364
2024-08-14,10.58160447317228,10.708975748004391,10.503222293950872,10.699177742004395,675700,WTTR,10.623245064282985,10.621193300831695,10.708975748004391,10.503222293950872,10.498431685444748,9.912858754803203,0.033228217343125976,0.11738307109037333,-0.08415485374724735
2024-08-15,10.777560034234732,10.944122400424048,10.718772932007617,10.728570938110352,766200,WTTR,10.792256576194188,10.622219182557341,10.944122400424048,10.622219182557341,10.512991666366874,9.931510474564337,0.02768829282751817,0.0994441154378023,-0.07175582261028413
2024-08-16,10.669784388485029,10.797155660095084,10.610997288361443,10.630593299865723,768500,WTTR,10.67713265920182,10.707237879375764,10.797155660095084,10.610997288361443,10.525565874413662,9.949010952580942,0.015216480052725245,0.08259858836078689,-0.06738210830806164
2024-08-19,10.630593766940157,10.757964109757204,10.576705667324969,10.748167037963867,964800,WTTR,10.67835764549655,10.692185269288792,10.757964109757204,10.576705667324969,10.537238825016184,9.966910898527413,0.01465081120221079,0.06900903292907166,-0.054358221726860875
2024-08-20,10.699177799400996,10.708975805453555,10.189692697339384,10.23868179321289,906300,WTTR,10.459132023851707,10.685271457392671,10.708975805453555,10.189692697339384,10.544575949793042,9.982957433500479,-0.026602035042028405,0.04988681933485165,-0.07648885437688005
2024-08-21,10.346457850394911,10.679581642150879,10.312164829677029,10.679581642150879,884100,WTTR,10.504446491093425,10.572201740622189,10.679581642150879,10.312164829677029,10.548994430287616,9.998803656632042,-0.023447986058362957,0.035219858256208735,-0.05866784431457169
2024-08-22,11.208661846338211,11.208661846338211,10.846144035802013,10.92452621459961,907900,WTTR,11.04699848576951,10.538324115857808,11.208661846338211,10.538324115857808,10.562168765139793,10.019821269892446,-0.0011699135703118202,0.027941903890904625,-0.029111817461216445
2024-08-23,11.0127052159662,11.208660641903661,10.963716125884542,11.100885391235352,838100,WTTR,11.071491843747438,10.79266130081366,11.208660641903661,10.79266130081366,10.571983638514162,10.040345647214817,0.030366287382097568,0.028426780589143216,0.001939506792954352
2024-08-26,11.28704443627857,11.385021688038883,11.193965252875426,11.267448425292969,667200,WTTR,11.283369950621463,10.932076572280549,11.385021688038883,10.932076572280549,10.590664989210145,10.062190109245831,0.0680151622139995,0.036344456914114476,0.03167070529988503
2024-08-27,11.247853010280204,11.272348025310087,11.091088651646084,11.179268836975098,431300,WTTR,11.197639631052867,11.107723261451007,11.272348025310087,11.091088651646084,10.614916200064084,10.083140973404882,0.08970277320265119,0.04701612017182182,0.042686653030829365
2024-08-28,11.081292021832304,11.14497719467055,10.92942572576,11.051898002624512,495600,WTTR,11.051898236221842,11.152681446251936,11.152681446251936,10.92942572576,10.63871323329813,10.101279070786102,0.09551160102958,0.05671521634337346,0.038796384686206546
2024-08-29,11.198865048763682,11.326236326023265,11.061695765317369,11.22825813293457,531500,WTTR,11.203763818259722,11.102289841236889,11.326236326023265,11.061695765317369,10.663915267457606,10.121468287019145,0.11304284005228382,0.06798074108515553,0.04506209896712829
2024-08-30,11.120482192694709,11.296841621398926,11.091088175919639,11.296841621398926,552400,WTTR,11.20131340285305,11.153026829748306,11.296841621398926,11.091088175919639,10.68940937174471,10.142153350280264,0.13096095130025098,0.08057678312817462,0.05038416817207636
2024-09-03,11.296840971992014,11.355628067773495,10.816749938268464,10.904930114746094,735500,WTTR,11.093537273195016,11.177170116300678,11.355628067773495,10.816749938268464,10.713283920370413,10.162341520884228,0.11224332908290258,0.08691009231912022,0.025333236763782352
2024-09-04,10.924525254122173,10.973514345160899,10.679580733317737,10.68937873840332,659000,WTTR,10.816749767751032,11.135353694747847,11.135353694747847,10.679580733317737,10.726384747972068,10.179967525899416,0.07910441750540897,0.08534895735637797,-0.006244539850968997
2024-09-05,10.777559990170355,10.797156002295704,10.620795630724707,10.718772888183594,675900,WTTR,10.72857112784359,10.97605173124944,10.97605173124944,10.620795630724707,10.735334461802793,10.197123196841593,0.05458424041143495,0.07919601396738937,-0.024611773555954425
2024-09-06,10.767761723747014,10.816750818486561,10.405243917697186,10.41504192352295,685200,WTTR,10.601199595863427,10.852311429546514,10.852311429546514,10.405243917697186,10.742906149899262,10.214336282661197,0.010521982083838921,0.06546120759067929,-0.05493922550684037
2024-09-09,10.424839249644146,10.669783772982116,10.424839249644146,10.483625411987305,829900,WTTR,10.500771921064429,10.72675551270497,10.72675551270497,10.424839249644146,10.747640949157786,10.23197303658758,-0.018648591395997727,0.04863924779334389,-0.06728783918934161
2024-09-10,10.532615064354147,10.542413070062782,10.130906174192688,10.150501251220703,749200,WTTR,10.33910888995758,10.6137637168847,10.6137637168847,10.130906174192688,10.747339642885125,10.248586130239817,-0.06786451687416317,0.025338494859842478,-0.09320301173400565
2024-09-11,10.150501181935766,10.20928828139705,9.885961570333109,10.130906105041504,589400,WTTR,10.094164284676857,10.476436303421139,10.476436303421139,9.885961570333109,10.740775119647337,10.262084203014219,-0.1072137634041237,-0.0011719567929507557,-0.10604180661117293
2024-09-12,10.209288796773851,10.513019511886965,10.14070462259785,10.258277893066406,676300,WTTR,10.280322706081268,10.285300294048998,10.513019511886965,10.14070462259785,10.739834085690468,10.276088514503924,-0.12666042345376916,-0.026269650125114438,-0.10039077332865472
2024-09-13,10.366052872635706,10.464031062529285,10.28767069447655,10.424839973449707,555000,WTTR,10.385648650772811,10.282811500065133,10.464031062529285,10.282811500065133,10.742290787857817,10.290153795984617,-0.1271659834797081,-0.04644891679603317,-0.08071706668367493
2024-09-16,10.493424987551359,10.66978536975218,10.366053704227358,10.64039134979248,775600,WTTR,10.542413852830844,10.334230075418972,10.66978536975218,10.334230075418972,10.749515088956596,10.305738323027136,-0.10891791093160741,-0.05894271562314802,-0.04997519530845939
2024-09-17,10.718771609865422,11.203762573845752,10.64528844193752,11.100885391235352,971200,WTTR,10.917177004221012,10.438321964124908,11.203762573845752,10.438321964124908,10.766963262837393,10.324513823504335,-0.05664519083230779,-0.058483210664979975,0.0018380198326721844
2024-09-18,11.03230160921186,11.28704413897941,10.865739257778403,10.963716506958008,678900,WTTR,11.037200378231919,10.67774948417296,11.28704413897941,10.67774948417296,10.78841984531619,10.344320147932013,-0.02598749843666326,-0.051984068219316636,0.025996569782653377
2024-09-19,11.238054656586161,11.238054656586161,10.944121050485382,11.100885391235352,716900,WTTR,11.130278938723265,10.85747493120244,11.238054656586161,10.85747493120244,10.810178816626271,10.364331166374086,0.009270462139731706,-0.03973316214750697,0.04900362428723867
2024-09-20,11.00290855260985,11.340932287559,10.944122384855651,11.198864936828613,2290400,WTTR,11.121707040463278,10.993876934962852,11.340932287559,10.944122384855651,10.827673391725813,10.383566707090717,0.04460460626098772,-0.02286560846580803,0.06747021472679575
2024-09-23,11.257650734238686,11.502595272064886,11.174369554002208,11.345830917358398,564300,WTTR,11.320111619416044,11.057791987713065,11.502595272064886,11.057791987713065,10.846504877883165,10.406298947255063,0.08350351983117399,-0.0015917828064116273,0.08509530263758562
2024-09-24,11.512393046919781,11.541786129240377,11.287044525146484,11.287044525146484,466900,WTTR,11.407067056613283,11.188951803564555,11.541786129240377,11.188951803564555,10.864103211032322,10.431546499747899,0.10833875678428839,0.020394325111728378,0.08794443167256001
2024-09-25,11.228257133337749,11.311538309732235,10.924525509313975,10.983312606811523,534100,WTTR,11.11190838979887,11.298009430088918,11.311538309732235,10.924525509313975,10.871437426469264,10.45354659387927,0.10233260698825042,0.03678198148703279,0.06555062550121762
2024-09-26,10.79715553163605,10.855941696670973,10.277872445621847,10.366052627563477,1080900,WTTR,10.574255575373087,11.204958909943894,11.204958909943894,10.277872445621847,10.864217998050696,10.472679532867112,0.04722063821101585,0.038869712831829405,0.008350925379186448
2024-09-27,10.483625885697297,10.679581326344218,10.356254615679488,10.60119915008545,675500,WTTR,10.530165244451613,10.88960724265849,10.88960724265849,10.356254615679488,10.853485608468887,10.48839930429804,0.022261745515949727,0.03554811936865347,-0.013286373852703745
2024-09-30,10.591401428949357,10.909829117260315,10.52281632813943,10.904930114746094,628900,WTTR,10.7322442472738,10.70988624355505,10.909829117260315,10.52281632813943,10.847476925829962,10.505908414640512,0.02668261314356002,0.03377501812363478,-0.007092404980074761
2024-10-01,10.777559648590804,11.042100197563059,10.566907196866065,10.630593299865723,1382000,WTTR,10.754290085721411,10.721065245414426,11.042100197563059,10.566907196866065,10.846416307050854,10.52340653730285,0.007957762227228216,0.02861156694435347,-0.020653804717125253
2024-10-02,10.806952678330324,10.922566529347298,10.650188324623766,10.855941772460938,527100,WTTR,10.808912326190582,10.737677665567919,10.922566529347298,10.650188324623766,10.847690626684136,10.53791829347764,0.011173124568443882,0.02512387846917155,-0.01395075390072767
2024-10-03,10.85594165329828,11.20866144526633,10.806952559705408,11.061695098876953,750200,WTTR,10.983312689286743,10.773294995879251,11.20866144526633,10.773294995879251,10.853451834483582,10.554917111388166,0.02997832481120355,0.02609476773757795,0.003883557073625598
2024-10-04,10.846143618391356,11.424212865568755,10.846143618391356,11.287044525146484,859600,WTTR,11.100886156874488,10.878303842582998,11.424212865568755,10.846143618391356,10.860443800038787,10.57109635770656,0.062346702882603466,0.033345154766583056,0.02900154811602041
2024-10-07,11.267449422534055,11.414415780376599,11.193966243612783,11.277247428894043,744300,WTTR,11.28826971885437,10.989594999728743,11.414415780376599,10.989594999728743,10.863923328994881,10.587892302656728,0.0862145047715952,0.04391902476758549,0.04229548000400971
2024-10-08,11.149875004848973,11.174369083845312,10.944121564356385,10.993110656738281,536400,WTTR,11.065369077447238,11.138932359291555,11.174369083845312,10.944121564356385,10.860459871200248,10.60309267367853,0.08126566682294722,0.051388353178657836,0.02987731364428939
2024-10-09,10.904930590540607,11.120482038625212,10.904930590540607,11.022503852844238,625100,WTTR,10.988211768137667,11.102150718369398,11.120482038625212,10.904930590540607,10.853991485082103,10.616644421314405,0.07880702405313933,0.05687208735355414,0.02193493669958519
2024-10-10,11.05189718170602,11.13027935832605,10.826548657520746,11.081291198730469,412400,WTTR,11.02250409907082,11.045181243253532,11.13027935832605,10.826548657520746,10.854250900755073,10.629771661068002,0.08067224008420482,0.06163211789968428,0.019040122184520537
2024-10-11,11.140077269488849,11.350729717763981,11.091088175919639,11.296841621398926,353900,WTTR,11.219684196142849,11.033842671162176,11.350729717763981,11.033842671162176,10.842520677729201,10.642300443509512,0.0984091554201676,0.06898752540378095,0.029421630016386646
2024-10-14,11.296842375955135,11.345831472796501,11.19886511666171,11.24785327911377,414200,WTTR,11.272348061131778,11.126763433652513,11.345831472796501,11.126763433652513,10.843532981525616,10.65224959918452,0.10727622525414127,0.07664526537385302,0.030630959880288244
2024-10-15,10.944121840403588,11.081291115654919,10.81675057075362,10.82654857635498,788500,WTTR,10.917178025791777,11.199555747392147,11.199555747392147,10.81675057075362,10.852791874659367,10.65740456126503,0.07939248629710427,0.07719470955850327,0.0021977767386009983
2024-10-16,10.983312135672875,11.174368559163252,10.953919055379549,11.100885391235352,567100,WTTR,11.053121285362757,11.058366886591962,11.174368559163252,10.953919055379549,10.860071596297514,10.665490353432308,0.07852591267396214,0.07746095018159505,0.0010649624923670942
2024-10-17,11.061694850861949,11.130279019720696,10.718772137789776,11.002907752990723,841800,WTTR,10.978413440340786,11.05574408597736,11.130279019720696,10.718772137789776,10.862570004407196,10.672339375243933,0.06913621105598722,0.07579600235647349,-0.006659791300486273
2024-10-18,10.973515369279326,10.973515369279326,10.6844807330044,10.699177742004395,1249800,WTTR,10.832672303391861,11.017078763159073,11.017078763159073,10.6844807330044,10.863623263551892,10.675869679886782,0.03676255550959162,0.06798931298709712,-0.0312267574775055
2024-10-21,10.806952565152256,10.889254504058753,10.659986218688807,10.82654857635498,611500,WTTR,10.795685466063698,10.924875533275468,10.924875533275468,10.659986218688807,10.866753658365006,10.679066649954507,0.021140270223323654,0.05861950443434243,-0.03747923421101878
2024-10-22,10.855941456151365,10.855941456151365,10.493423665170317,10.542412757873535,634500,WTTR,10.686929833836645,10.860280499669583,10.860280499669583,10.493423665170317,10.86773342671921,10.681748590512061,-0.014006431919405316,0.04409431716359288,-0.0581007490829982
2024-10-23,10.542412871795628,10.69917722262855,10.49342377856303,10.571805953979492,703000,WTTR,10.576704956741676,10.773605166753114,10.773605166753114,10.49342377856303,10.868002857672733,10.682037054661778,-0.039038648074978255,0.027467724115878656,-0.06650637219085691
2024-10-24,10.62079576100042,10.62079576100042,10.336660122422627,10.513019561767578,471000,WTTR,10.522817801547761,10.675155061747395,10.675155061747395,10.336660122422627,10.865994312418032,10.682212998931389,-0.06289541113029529,0.009395097066643867,-0.07229050819693915
2024-10-25,10.689380588006388,11.002909329881977,10.65018949527194,10.914730072021484,811400,WTTR,10.814302371295447,10.598986431647578,11.002909329881977,10.598986431647578,10.866435228320055,10.689713447343465,-0.048824567565000976,-0.002248835859685102,-0.04657573170531587
2024-10-28,10.513018855222528,10.696237634093395,10.513018855222528,10.571805953979492,628200,WTTR,10.573520324629486,10.706644401471513,10.706644401471513,10.513018855222528,10.86436298162861,10.694964428021137,-0.06459976715035509,-0.0147190221178191,-0.04988074503253599
2024-10-29,10.522817025094138,10.664885304248594,10.30726650652698,10.375850677490234,478800,WTTR,10.467704878339987,10.6400823630505,10.664885304248594,10.30726650652698,10.860149926285478,10.69869437565083,-0.09185483427021346,-0.030146184548297972,-0.06170864972191549
2024-10-30,10.434637113697121,10.664885581147704,10.429739045120503,10.444435119628906,542400,WTTR,10.493424214898559,10.553893620695243,10.664885581147704,10.429739045120503,10.860835770106414,10.70270585994973,-0.10669061700809834,-0.04545507104025805,-0.061235545967840296
2024-10-31,10.581603198185352,10.601198273435037,10.385647773742676,10.385647773742676,541200,WTTR,10.488524254776435,10.5236589177969,10.601198273435037,10.385647773742676,10.860517325380076,10.704755877833845,-0.12178783487049216,-0.06072162380630487,-0.06106621106418729
2024-11-01,10.444435679087569,10.493424776981332,10.091715856153245,10.101513862609863,723300,WTTR,10.282772543708003,10.506091586286669,10.506091586286669,10.091715856153245,10.845232806538846,10.703700785839318,-0.15489419693429696,-0.07955613843190329,-0.07533805850239367
2024-11-04,10.09171496733245,10.444434759201222,10.09171496733245,10.356254577636719,786500,WTTR,10.24602981787571,10.394432064997336,10.444434759201222,10.09171496733245,10.828723566021408,10.700353602267786,-0.1587458572165108,-0.0953940821888248,-0.063351775027686
2024-11-05,10.405569975961576,10.997355371088394,10.341459303602972,10.977629661560059,1161400,WTTR,10.680503578053251,10.320230941436524,10.997355371088394,10.320230941436524,10.816666238570043,10.703665613890095,-0.11038608741277578,-0.098392483233615,-0.011993604179160774
2024-11-06,11.12557686761271,13.903025895191918,11.12557686761271,13.778751373291016,3920300,WTTR,12.483232750927089,10.500367259744888,13.903025895191918,10.500367259744888,10.84237810096753,10.728647150515808,0.1522118868725375,-0.048271609212384506,0.200483496084922
2024-11-07,13.877380816411431,14.276837026887067,13.768887059588808,14.064780235290527,1663800,WTTR,13.996971284544458,11.491800005335989,14.276837026887067,11.491800005335989,10.901279561933984,10.769996397616058,0.3790335493140127,0.03718942249289493,0.34184412682111776
2024-11-08,13.936559759050786,14.015464480099547,13.640666584808693,13.759023666381836,1401500,WTTR,13.837928622585215,12.744385644940223,14.015464480099547,12.744385644940223,10.953962858020493,10.80893906273905,0.528032520951351,0.13535804218458616,0.39267447876676487
2024-11-11,13.808339294380307,13.808339294380307,13.285595284466222,13.453268051147461,1577100,WTTR,13.588885481093573,13.29115713376272,13.808339294380307,13.285595284466222,11.001714299585304,10.845561835665006,0.6143613810365363,0.2311587099549762,0.38320267108156003
2024-11-12,13.492721549486777,13.76888809529318,13.394090169960931,13.689983367919922,1312800,WTTR,13.586420795665203,13.440021307428147,13.76888809529318,13.394090169960931,11.051571970034706,10.88242794520256,0.6938799561616324,0.3237029591963075,0.37017699696532497
2024-11-13,13.670255848235142,13.85765526931793,13.472994042320487,13.512446403503418,1307000,WTTR,13.628337890844243,13.513221051546676,13.85765526931793,13.472994042320487,11.10780373249657,10.917094240234318,0.7341108773328386,0.4057845428236137,0.32832633450922494
2024-11-14,13.620941831172935,13.670256579826914,13.182033231327939,13.364500999450684,843700,WTTR,13.459433160444618,13.57077947119546,13.670256579826914,13.182033231327939,11.162420973148592,10.94887771747569,0.7454629813193723,0.47372023052276546,0.2717427507966068
2024-11-15,13.54203558276325,13.586419607141769,13.104114651176893,13.246143341064453,570200,WTTR,13.369678295536591,13.515106315820038,13.586419607141769,13.104114651176893,11.217790547142055,10.98034834852066,0.7364201386874782,0.5262602121557081,0.21015992653177018
2024-11-18,13.472993401064123,13.837927959791545,13.389157019963333,13.76888656616211,526700,WTTR,13.617241236745278,13.442392305678315,13.837927959791545,13.389157019963333,11.280119933455671,11.013880441306728,0.7626433524316774,0.5735368402109019,0.18910651222077546
2024-11-19,13.502582912740491,13.911901507734031,13.502582912740491,13.867518424987793,676600,WTTR,13.696146439550702,13.529816771211795,13.911901507734031,13.502582912740491,11.347260684447535,11.04730016366633,0.7823655815400734,0.6153025884767362,0.16706299306333716
2024-11-20,13.8872447952083,14.00560188293457,13.729435344906607,14.00560188293457,609700,WTTR,13.906970976496012,13.612981605381249,14.00560188293457,13.612981605381249,11.423516818283918,11.082145968965627,0.7999168279821198,0.652225436377813,0.14769139160430678
2024-11-21,14.212725986417546,14.55300317673285,14.040121559989872,14.380398750305176,910000,WTTR,14.29656236836136,13.759976290938631,14.55300317673285,13.759976290938631,11.50384161152952,11.121837848609994,0.8344502688539457,0.6886704028730396,0.1457798659809061
2024-11-22,14.409987835555816,14.666428644828295,14.32122073137853,14.488892555236816,793100,WTTR,14.471632441749865,14.028269329649996,14.666428644828295,14.028269329649996,11.58556128734906,11.163926037603439,0.8606517551856339,0.7230666733355585,0.13758508185007534
2024-11-25,14.488892884679572,14.54807189609514,14.207794696847198,14.262042045593262,759500,WTTR,14.376700380803793,14.249950885699931,14.54807189609514,14.207794696847198,11.66224701790852,11.205881053432558,0.8532756510558688,0.7491084688796206,0.10416718217624821
2024-11-26,14.242315877576745,14.40998865154827,14.084506429278488,14.360673904418945,696000,WTTR,14.274371215705612,14.313325633251862,14.40998865154827,14.084506429278488,11.729390902138212,11.248177082487803,0.845640781560741,0.7684149314158447,0.07722585014489625
2024-11-27,14.459304383647064,14.57568899321679,14.400126310662955,14.469167709350586,513200,WTTR,14.476071849219348,14.293848424478737,14.57568899321679,14.293848424478737,11.79816833155796,11.293294088437074,0.8386768906794959,0.782467323268575,0.05620956741092087
2024-11-29,14.548071963732225,14.63684001095904,14.50861960281125,14.567798614501953,328500,WTTR,14.565332548001116,14.384960136849042,14.63684001095904,14.384960136849042,11.866869403743516,11.338524110184894,0.8315312718452432,0.7922801129839088,0.039251158861334456
2024-12-02,14.508619278703433,14.843964809349686,14.281767503011602,14.794649124145508,1178000,WTTR,14.607250178802557,14.475146342425079,14.843964809349686,14.281767503011602,11.936580266510303,11.382126829118057,0.8345530496321931,0.8007347003135656,0.03381834931862748
2024-12-03,14.932732803777185,14.932732803777185,14.46916686942498,14.686155319213867,811000,WTTR,14.755196949048305,14.541198260613818,14.932732803777185,14.46916686942498,12.00528197310295,11.425893425493056,0.818755186825344,0.8043387976159213,0.014416389209422675
2024-12-04,14.646704392216332,14.666430103789596,14.104233684982663,14.390263557434082,631400,WTTR,14.451907934605668,14.648197604831061,14.666430103789596,14.104233684982663,12.066178790662796,11.46514100084756,0.7734434992213028,0.7981597379369977,-0.024716238715694838
2024-12-05,14.400126457214355,14.592456607297837,14.37053647980265,14.400126457214355,736800,WTTR,14.4408115003823,14.550052769718365,14.592456607297837,14.37053647980265,12.132756852874465,11.502097139671864,0.7299155023718757,0.7845108908239733,-0.05459538845209755
2024-12-06,14.419851872019418,14.419851872019418,13.71957174484102,13.946423530578613,824100,WTTR,14.126424754864617,14.495432135050333,14.495432135050333,13.71957174484102,12.203800236464295,11.534009117257494,0.6513014194975728,0.7578689965586932,-0.10656757706112041
2024-12-09,14.104232784007532,14.104232784007532,13.823134592560553,13.906970977783203,830200,WTTR,13.984642784589706,14.310928444957476,14.310928444957476,13.823134592560553,12.272889787267056,11.563187697867972,0.5791397387377568,0.722123144994506,-0.1429834062567492
2024-12-10,13.916833974406384,14.429715633754101,13.788613559569455,14.133822441101074,787700,WTTR,14.067246402207754,14.147785614773591,14.429715633754101,13.788613559569455,12.339589830365735,11.59353337809785,0.5340993393331974,0.6845183838622444,-0.15041904452904697
2024-12-11,14.311358406216282,14.676292995393961,14.079574952917193,14.400126457214355,960800,WTTR,14.366838202935448,14.107516008490673,14.676292995393961,14.079574952917193,12.411840792710017,11.629128549880436,0.5139683001810198,0.6504083671259995,-0.13644006694497968
2024-12-12,14.311357212072013,14.380398605701448,13.749159916200304,13.76888656616211,820800,WTTR,14.05245057503397,14.23717710571306,14.380398605701448,13.749159916200304,12.476711557686883,11.66220109218551,0.44198361095869565,0.6087234158925388,-0.1667398049338431
2024-12-13,13.759024194056838,13.818203207422231,13.542035732541741,13.571625709533691,1024700,WTTR,13.672722210888626,14.144813840373516,14.144813840373516,13.542035732541741,12.530499748118922,11.691975791301251,0.3648125911137665,0.5599412509367844,-0.19512865982301786
2024-12-16,13.522309964040206,13.660393700890305,13.394089552811938,13.463130950927734,850100,WTTR,13.509981042167546,13.90876802563107,13.90876802563107,13.394089552811938,12.578681645824783,11.719562722931785,0.29153870489502864,0.5062607417284333,-0.21472203683340463
2024-12-17,13.364500471584726,13.433541869468154,13.137648686138675,13.354637145996094,1049900,WTTR,13.322582043296912,13.709374533899307,13.709374533899307,13.137648686138675,12.619367892313633,11.741645610654256,0.22215323461634107,0.44943924030601484,-0.22728600568967378
2024-12-18,13.374363130421198,13.453267849959623,12.654356388860014,12.733261108398438,992100,WTTR,13.053812119409818,13.51597828859811,13.51597828859811,12.654356388860014,12.659136753152884,11.759798312176565,0.11569127929486456,0.3826896481037848,-0.26699836880892025
2024-12-19,13.039018276021583,13.172169409238325,12.254901762038708,12.279559135437012,1107900,WTTR,12.686412145683907,13.284895204003963,13.284895204003963,12.254901762038708,12.69310076070381,11.773546122892956,-0.005230253678085717,0.3051056677474107,-0.31033592142549643
2024-12-20,12.05270816055795,12.58531550955185,12.05270816055795,12.348601341247559,2640200,WTTR,12.259833292978827,12.985653674843935,12.985653674843935,12.05270816055795,12.71784734458197,11.786049122668521,-0.09440210208308208,0.22520411378131217,-0.31960621586439425
2024-12-23,12.279559236925852,12.575452423243519,12.240106874791397,12.49654769897461,840100,WTTR,12.397916558483844,12.622743483911382,12.622743483911382,12.240106874791397,12.741411991828791,11.791966334778998,-0.15138828979443453,0.14988563306616284,-0.3012739228605974
2024-12-24,12.575451618798798,12.654356338020216,12.328874136077253,12.624767303466797,310500,WTTR,12.545862349090767,12.510330021197614,12.654356338020216,12.328874136077253,12.76688227758797,11.805207629556792,-0.1840820206652669,0.08309210231987689,-0.2671741229851438
2024-12-26,12.58531612429488,12.792441266833004,12.299286255134476,12.772714614868164,587000,WTTR,12.612439565282632,12.52809618514419,12.792441266833004,12.299286255134476,12.800787508377788,11.826789691518577,-0.19579690154156282,0.027314301547588953,-0.22311120308915178
2024-12-27,12.664220282021278,12.88120874079437,12.47682085924772,12.654356956481934,630600,WTTR,12.669151709636324,12.57026787521341,12.88120874079437,12.47682085924772,12.833108116863256,11.846589856580385,-0.21218555985959497,-0.020585670733847834,-0.19159988912574713
2024-12-30,12.605041458967051,13.058744093796525,12.545863386078016,12.891071319580078,595300,WTTR,12.775180064605419,12.619709792424867,13.058744093796525,12.545863386078016,12.86904344934855,11.865806726877873,-0.20372441066094282,-0.057213418719266836,-0.146510991941676
2024-12-31,12.999566356126934,13.231348872053223,12.910798303885812,13.058744430541992,754100,WTTR,13.05011449065199,12.697444928515143,13.231348872053223,12.697444928515143,12.913392293093752,11.888507778322824,-0.18139802667459826,-0.08205034031033312,-0.09934768636426514
2025-01-02,13.256005872615775,13.59135142024315,13.157375437831464,13.571625709533691,736700,WTTR,13.39408961005602,12.873779709583566,13.59135142024315,12.873779709583566,12.965360375973601,11.916057017169303,-0.12092502520818549,-0.0898252772899036,-0.031099747918281892
2025-01-03,13.65053062491945,13.670256335905362,13.403953123575148,13.611078262329102,599700,WTTR,13.583954586682266,13.133934659819793,13.670256335905362,13.133934659819793,13.023300871030512,11.94551714887486,-0.0690206178510131,-0.0856643454021255,0.016643727551112403
2025-01-06,13.719571638619742,13.882312747307338,13.52724149397581,13.532173156738281,762700,WTTR,13.665324759160292,13.35894462325103,13.882312747307338,13.35894462325103,13.085073267078885,11.976538062375809,-0.033862636261032364,-0.07530400357390687,0.04144136731287451
2025-01-07,13.680119515548217,13.749160914189053,13.206691169522191,13.285595893859863,618800,WTTR,13.480391873279832,13.512134691205661,13.749160914189053,13.206691169522191,13.144224748513524,12.005109530465777,-0.02560129118498189,-0.06536346109612189,0.03976216991114
2025-01-08,13.157375857000948,13.47299476335539,13.058744478455917,13.364500999450684,687400,WTTR,13.263404024565734,13.496263282242747,13.496263282242747,13.058744478455917,13.193206781578931,12.029821004949492,-0.012542550395249208,-0.054799278955947356,0.04225672856069815
2025-01-10,13.729434509716015,13.80833923006692,13.246142862412103,13.344773292541504,645300,WTTR,13.532172473684135,13.37983365340424,13.80833923006692,13.246142862412103,13.252379824560023,12.058371403094316,-0.0037421283858449783,-0.04458784884192688,0.0408457204560819
2025-01-13,13.285595849607725,13.611078071571116,13.226416836242333,13.571625709533691,710800,WTTR,13.423679116738716,13.456003063544188,13.611078071571116,13.226416836242333,13.311499309328,12.085824617806738,0.021291923585410544,-0.0314118943564594,0.05270381794186994
2025-01-14,13.561762384094221,13.995738366513093,13.561762384094221,13.96614933013916,722700,WTTR,13.771353116210173,13.439841090141453,13.995738366513093,13.439841090141453,13.377057887354233,12.118946828730323,0.07213482379824931,-0.010702550725517656,0.08283737452376697
2025-01-15,14.114096406298293,14.449441013622833,13.946423632326768,14.360673904418945,629500,WTTR,14.21765873916671,13.605597103175814,14.449441013622833,13.605597103175814,13.451640577042037,12.156078951211057,0.14261900141412376,0.019961759702410625,0.12265724171171313
2025-01-16,14.301494295165687,14.45437207425808,14.015464446887112,14.045053482055664,858300,WTTR,14.204096074591636,13.911627921171263,14.45437207425808,13.911627921171263,13.530067047659708,12.187649927099276,0.1710386624185034,0.050177140245629186,0.12086152217287421
2025-01-17,14.094369696676168,14.242315818689448,13.71957178820822,13.85765552520752,1382700,WTTR,13.978478207195339,14.05786199788145,14.242315818689448,13.71957178820822,13.604716015446105,12.216719790733755,0.17640649528113173,0.0754230112527297,0.10098348402840203
2025-01-21,13.906971838505655,14.079575341748066,13.468063234296043,13.689983367919922,763200,WTTR,13.786148445617421,14.018170102538395,14.079575341748066,13.468063234296043,13.666828912797387,12.241747575683716,0.16522617520148764,0.09338364404248128,0.07184253115900635
2025-01-22,13.591351656569369,13.832997495827652,13.413816494623225,13.522310256958008,811300,WTTR,13.590118975994564,13.902159274077908,13.902159274077908,13.413816494623225,13.688966637298735,12.265672369133133,0.1412081130087781,0.10294853783574065,0.03825957517303746
2025-01-23,13.54203558732477,13.67025599772607,13.4335418280399,13.640666961669922,764200,WTTR,13.571625093690166,13.746139125036237,13.746139125036237,13.4335418280399,13.680459713481648,12.290869637707814,0.1302228941395569,0.10840340909650391,0.02181948504305299
2025-01-24,13.699846165857442,14.222590199707762,13.630803826603563,13.680119514465332,823400,WTTR,13.808339926658524,13.658882109363201,14.222590199707762,13.630803826603563,13.679867939563115,12.316915398791805,0.1232794317825121,0.11137861363370555,0.011900818148806558
2025-01-27,13.532173040616847,13.754092219312799,12.920660972595215,12.920660972595215,789000,WTTR,13.28189680128002,13.733611018010862,13.754092219312799,12.920660972595215,13.673728165966843,12.337721232776072,0.05585091597715319,0.10027307410239508,-0.04442215812524189
2025-01-28,13.048881542831545,13.117923886125864,12.555726516590862,12.851619720458984,687600,WTTR,12.893537916501813,13.50775390964544,13.50775390964544,12.555726516590862,13.659870508383577,12.355721239209142,-0.003121735219986377,0.07959411223791879,-0.08271584745790517
2025-01-29,12.83189292486944,12.979839044000075,12.664220154858196,12.920660972595215,512200,WTTR,12.84915327408073,13.200645913073627,13.200645913073627,12.664220154858196,13.644286816048307,12.376045274272437,-0.043782239717192084,0.05491884184689662,-0.0987010815640887
2025-01-30,13.078471135993409,13.078471135993409,12.683946562263463,12.772714614868164,686200,WTTR,12.90340086227961,13.024899593577178,13.078471135993409,12.683946562263463,13.633166170085005,12.397793571616798,-0.08694180608249269,0.02654671226101876,-0.11348851834351145
2025-01-31,12.772714873064034,12.772714873064034,12.20065512317924,12.328875541687012,1039100,WTTR,12.51874010274858,12.964150227928394,12.964150227928394,12.20065512317924,13.616147406229246,12.41696897668565,-0.15517145729388737,-0.009796921649962468,-0.1453745356439249
2025-02-03,12.220380759892972,12.950249905552127,12.11188606214737,12.900934219360352,1427800,WTTR,12.545862736738204,12.741445165338487,12.950249905552127,12.11188606214737,13.594719836229105,12.437419884842388,-0.1612250905676902,-0.04008255543350801,-0.12114253513418217
2025-02-04,12.791856377843486,13.525653530631617,12.743267366338506,13.248000144958496,1585600,WTTR,13.077194354943027,12.643653951038345,13.525653530631617,12.643653951038345,13.582340794536952,12.464800739492244,-0.136444471967339,-0.05935493874027421,-0.07708953322706479
2025-02-05,13.277749106000073,13.36699382237615,13.029844909481113,13.168670654296875,941300,WTTR,13.210814623038553,12.860424152990685,13.36699382237615,12.860424152990685,13.568417667467802,12.495967242875858,-0.1218028130942912,-0.07184451361107762,-0.04995829948321358
2025-02-06,13.317413333667787,13.317413333667787,12.593532610144806,12.692694664001465,714100,WTTR,12.980263485370461,13.03561938801462,13.317413333667787,12.593532610144806,13.542091689807982,12.52296665066875,-0.14691295635869395,-0.08685820216060089,-0.06005475419809306
2025-02-07,12.75219141664313,13.010012005724613,12.653030306312951,12.662946701049805,951100,WTTR,12.769545107432625,13.00794143669254,13.010012005724613,12.653030306312951,13.508049943121641,12.546805615235348,-0.16728498067471342,-0.1029435578634234,-0.06434142281129003
2025-02-10,12.801772204807401,13.138922054108324,12.762107572282554,13.00009536743164,778300,WTTR,12.92572429965748,12.888743272062584,13.138922054108324,12.762107572282554,13.479030421498713,12.570638719703616,-0.15444453653088175,-0.11324375359691508,-0.04120078293396667
2025-02-11,13.089341594365777,13.089341594365777,12.672862461963637,12.732359886169434,588000,WTTR,12.895976384216157,12.907233785860033,13.089341594365777,12.672862461963637,13.451462524868923,12.590426713503568,-0.16398212396582323,-0.12339142767069672,-0.040590696295126516
2025-02-12,12.603449007123256,12.603449007123256,12.157221656040162,12.276215553283691,925500,WTTR,12.410083805892592,12.901605085038096,12.901605085038096,12.157221656040162,13.410142764002387,12.604155547780174,-0.20597343271096946,-0.13990782867875126,-0.0660656040322182
2025-02-13,12.305964104977361,12.434874400031594,12.048143514868894,12.34562873840332,692000,WTTR,12.283652689570292,12.655844445465345,12.655844445465345,12.048143514868894,13.364509166833773,12.615689285288646,-0.23098809650219998,-0.158123882243441,-0.07286421425875897
2025-02-14,12.42495837775237,13.074468069883851,12.41504292835821,13.029845237731934,1599100,WTTR,12.73607865343159,12.469748567517819,13.074468069883851,12.41504292835821,13.327085736326353,12.631833001418329,-0.19337276366852052,-0.16517365852845692,-0.0281991051400636
2025-02-18,13.06950940373096,13.317413597606407,12.9009344762413,13.287664413452148,1692000,WTTR,13.143880472757704,12.602913610474705,13.317413597606407,12.602913610474705,13.29485940680054,12.650070689951745,-0.14113161123518125,-0.1603652490698018,0.019233637834620537
2025-02-19,12.786898661003418,13.386826350953344,12.494371639161564,12.573700904846191,2083200,WTTR,12.81044938899113,12.873397041616204,13.386826350953344,12.494371639161564,13.26203023588825,12.664104513275525,-0.15554794991568777,-0.159401789238979,0.003853839323291225
2025-02-20,12.45470727967945,12.553868391121936,12.137389264296894,12.335712432861328,1108400,WTTR,12.370419341989901,12.841923215303666,12.841923215303666,12.137389264296894,13.220622392720403,12.676689622797435,-0.18405501132039603,-0.1643324336552624,-0.019722577665133634
2025-02-21,12.454707052831358,12.702611245441478,12.20680286022124,12.256382942199707,1156900,WTTR,12.405126025173445,12.606171278646784,12.702611245441478,12.20680286022124,13.186196418126578,12.694998327295437,-0.2106203890398799,-0.1735900247321859,-0.03703036430769399
2025-02-24,12.26629984820733,12.415042937381662,12.07789307006856,12.097724914550781,969500,WTTR,12.214240192552083,12.505648651910114,12.505648651910114,12.07789307006856,13.150788366285827,12.71183907677644,-0.24168996764634265,-0.18721001331501727,-0.05447995433132538
2025-02-25,12.117557428327231,12.33571244105325,11.790323963558741,12.127472877502441,1176800,WTTR,12.092766677610417,12.359944422231099,12.359944422231099,11.790323963558741,13.111298771793878,12.725444301079806,-0.2609048715880675,-0.20194898496962732,-0.0589558866184402
2025-02-26,12.147305403154533,12.39025139773609,11.85973657837642,11.948982238769531,1035600,WTTR,12.086568904509143,12.226355549920758,12.39025139773609,11.85973657837642,13.065693385825352,12.738767089267686,-0.28722457808990143,-0.21900410359368216,-0.06822047449621926
2025-02-27,12.008479263253191,12.058060293031936,11.661413946160947,11.889485359191895,1089600,WTTR,11.904359715409493,12.15646222721495,12.15646222721495,11.661413946160947,13.022731568632864,12.749721563159873,-0.30931840602100813,-0.23706696407914737,-0.07225144194186076
2025-02-28,11.839904010482936,12.07789275787434,11.681245476008307,12.028311729431152,974200,WTTR,11.906838493449184,12.030410971312222,12.07789275787434,11.681245476008307,12.987413894284074,12.758956821201501,-0.31202892080810507,-0.2520593554249389,-0.05996956538316617
2025-03-03,12.137389354729965,12.19688677858233,11.284599250709213,11.3936767578125,1227900,WTTR,11.753138035458502,11.968624732380704,12.19688677858233,11.284599250709213,12.952277034149894,12.765479339987339,-0.3612228099492487,-0.27389204632980085,-0.08733076361944786
2025-03-04,11.254850855200973,11.344095571219976,10.630132168991208,10.788790702819824,1636800,WTTR,11.004467324557995,11.860881383919603,11.860881383919603,10.630132168991208,12.905914739775117,12.762641316044375,-0.44390155015954136,-0.30789394709574897,-0.1360076030637924
2025-03-05,10.649964479004847,10.798707570238914,10.397102075018482,10.530970573425293,1301000,WTTR,10.594186174421884,11.432674354238799,11.432674354238799,10.397102075018482,12.856722220875358,12.75792948701412,-0.524186481727174,-0.351152454022034,-0.17303402770513998
2025-03-06,10.402059791381303,10.466515411637907,10.0153298525595,10.064909934997559,1346800,WTTR,10.237203747644067,11.013430264330342,11.013430264330342,10.0153298525595,12.80773805291456,12.750419406809185,-0.618292772696309,-0.404580517756889,-0.21371225493941998
2025-03-07,10.164072135242622,10.193820374262836,9.727761162121416,9.945916175842285,3214300,WTTR,10.00789246186729,10.625317005987204,10.625317005987204,9.727761162121416,12.762699236292327,12.740273290437148,-0.6944690809073482,-0.4625582303869809,-0.23191085052036725
2025-03-10,9.916168286467993,9.921126484092767,9.50464734040675,9.598851203918457,1677000,WTTR,9.735198328721491,10.316604733927246,10.316604733927246,9.50464734040675,12.70944487169708,12.725428431762934,-0.7739232907314904,-0.5248312424558829,-0.2490920482756075
2025-03-11,9.678179602548012,9.727760628648982,9.35590435141083,9.588933944702148,1653700,WTTR,9.587694631827492,10.025901531324369,10.025901531324369,9.35590435141083,12.650281517351816,12.708581897469895,-0.8281452217764187,-0.58549403831999,-0.24265118345642867
2025-03-12,9.757509328441428,9.807090356892019,9.499688737041923,9.539353370666504,1188700,WTTR,9.650910448260468,9.80679808157593,9.807090356892019,9.499688737041923,12.591050935011374,12.69591922169458,-0.865144384805614,-0.6414241076171149,-0.22372027718849907
2025-03-13,9.46002448290058,9.6781804494267,9.152622850719252,9.291449546813965,1299900,WTTR,9.395569332465124,9.7288542649182,9.7288542649182,9.152622850719252,12.525579287467949,12.679343702165603,-0.90404894139159,-0.6939490743720099,-0.21009986701958006
2025-03-14,9.410442803693465,9.569101333618164,9.29244092397573,9.569101333618164,1253500,WTTR,9.460271598726381,9.562211798691662,9.569101333618164,9.29244092397573,12.459281118150368,12.66416228374946,-0.90207830681911,-0.73557492086143,-0.1665033859576801
2025-03-17,9.390610960292594,9.588934122698468,8.84026335714679,9.569101333618164,3287700,WTTR,9.347227443439005,9.511241698709021,9.588934122698468,8.84026335714679,12.38522337720611,12.64930783514993,-0.8902542676888867,-0.7665107902269214,-0.12374347746196535
2025-03-18,9.648431100817655,9.658347495873993,9.291449389904841,9.618682861328125,1969800,WTTR,9.554227711981154,9.429234571074012,9.658347495873993,9.291449389904841,12.308426139244611,12.636893257609106,-0.8668898500038562,-0.7865866021823084,-0.08030324782154785
2025-03-19,9.668263694889689,10.054994583129883,9.623640863720455,10.054994583129883,2173000,WTTR,9.850473431217477,9.491731141527584,10.054994583129883,9.491731141527584,12.233756516135315,12.628528693582915,-0.8038998144658276,-0.7900492446390123,-0.013850569826815318
2025-03-20,10.005413919419325,10.416934864125931,9.94591649379739,10.01533031463623,1578900,WTTR,10.095898897994719,9.67110228637253,10.416934864125931,9.67110228637253,12.162367998912005,12.623720632995443,-0.7485514967649749,-0.7817496950642049,0.033198198299229986
2025-03-21,9.945915675787708,10.134323386695183,9.843779461356448,10.104574203491211,15588100,WTTR,10.007148181832637,9.883500592183625,10.134323386695183,9.843779461356448,12.09290312508306,12.618563936798294,-0.6895377581816877,-0.7633073076877015,0.07376954950601378
2025-03-24,10.253317684811998,10.674755006611226,10.183904812637817,10.580551147460938,1585700,WTTR,10.423132162880496,9.945324387008132,10.674755006611226,9.945324387008132,12.036097687849356,12.614652234714143,-0.5974742722150683,-0.7301407005931749,0.1326664283781066
2025-03-25,10.600382714477334,10.94744895764169,10.570634476562498,10.818538665771484,1308500,WTTR,10.734251203613251,10.184228274944314,10.94744895764169,10.184228274944314,11.98013926244794,12.61625954350398,-0.4995511775074455,-0.6840227959760291,0.18447161846858362
2025-03-26,10.927617454001009,11.036694960199618,10.411976270488758,10.471473693847656,992100,WTTR,10.71194059463426,10.459239739278782,11.036694960199618,10.411976270488758,11.92590449200585,12.618701900666924,-0.4448240078756527,-0.6361830383559538,0.19135903048030112
2025-03-27,10.471473457580576,10.600382804870605,10.312813980763154,10.600382804870605,1058700,WTTR,10.496263262021236,10.585590166956521,10.600382804870605,10.312813980763154,11.86040269492207,12.618730291138151,-0.3865940284201326,-0.5862652363687896,0.199671207948657
2025-03-28,10.501221469781838,10.575592536442505,10.14423883672356,10.312813758850098,992500,WTTR,10.383466650449499,10.54092671448888,10.575592536442505,10.14423883672356,11.783718853147725,12.617679715094882,-0.3595066005700627,-0.5409135092090442,0.18140690863898157
2025-03-31,10.213652700005955,10.470481263895635,10.054994171534158,10.411975860595703,842100,WTTR,10.287775999007863,10.46219668246919,10.470481263895635,10.054994171534158,11.705392451636051,12.61772974964788,-0.3262769484050292,-0.49798619704824126,0.17170924864321208
2025-04-01,10.352478575149577,10.560718132915662,10.263233860975058,10.501221656799316,894100,WTTR,10.419413056459904,10.374986340738527,10.560718132915662,10.263233860975058,11.634211148621342,12.619463582033722,-0.2894047420440451,-0.45626990604740203,0.16686516400335694
2025-04-02,10.312814591826152,10.778874763918914,10.312814591826152,10.73921012878418,1073500,WTTR,10.53592851908885,10.397199698599216,10.778874763918914,10.312814591826152,11.569206750090771,12.618017831444078,-0.23823336616648838,-0.4126625980712193,0.17442923190473092
2025-04-03,9.876503089134758,10.074826254442796,9.440192125457074,9.45010757446289,1776400,WTTR,9.71040726087438,10.466564108844032,10.466564108844032,9.440192125457074,11.491612515788368,12.590289576543551,-0.29826131400125,-0.38978234125722544,0.09152102725597544
2025-04-04,8.934466987533332,9.053460881961728,8.428742226953087,8.656813621520996,2186100,WTTR,8.768370929492285,10.088485684859206,10.088485684859206,8.428742226953087,11.395547432504408,12.538003572993027,-0.40517547662497755,-0.3928609683307759,-0.012314508294201665
2025-04-07,8.180838443808586,9.14270698623451,8.071760938335743,8.299832344055176,2223900,WTTR,8.423784678108504,9.428428307175746,9.428428307175746,8.071760938335743,11.28785632753341,12.483862133548262,-0.5127998885453984,-0.4168487523737004,-0.09595113617169798
2025-04-08,8.666730654978235,8.686563445018667,7.714778956505251,7.863521099090576,1676200,WTTR,8.232898538898182,8.926106492642125,8.926106492642125,7.714778956505251,11.186876362285773,12.430302264126308,-0.6260825910609054,-0.4586955201111414,-0.16738707094976396
2025-04-09,7.605700498431278,8.775808558398989,7.516454840206023,8.438658714294434,3465000,WTTR,8.084155652832681,8.579502515770153,8.775808558398989,7.516454840206023,11.090688717012391,12.375279612697984,-0.6618220771059562,-0.49932083151010437,-0.16250124559585183
2025-04-10,8.151090241816235,8.20067127022844,7.774275749834715,7.932934284210205,1839600,WTTR,8.014742886522399,8.331829084301418,8.331829084301418,7.774275749834715,10.994000509261223,12.319143662654765,-0.7226236565826607,-0.5439813965246156,-0.17864226005804507
2025-04-11,7.952766910776562,8.056886217195729,7.63544890285268,8.002346992492676,1768300,WTTR,7.911862255829412,8.173285985411908,8.173285985411908,7.63544890285268,10.89416973713222,12.263667953608612,-0.7564879981719876,-0.58648271685409,-0.1700052813178976
2025-04-14,8.309749029688758,8.309749029688758,7.947809118893407,8.061844825744629,1523400,WTTR,8.157288001003888,8.04257412062066,8.309749029688758,7.947809118893407,10.806940695097326,12.211544050663285,-0.7696526779820232,-0.6231167090796768,-0.14653596890234644
2025-04-15,8.012263566102169,8.309748791441892,7.972598932435503,8.190754890441895,1322300,WTTR,8.121341545105365,8.099931060812274,8.309748791441892,7.972598932435503,10.718450271264667,12.156585053746886,-0.7609124911566916,-0.6506758654950797,-0.11023662566161185
2025-04-16,8.220503308944783,8.418826481612793,8.096551207817342,8.17092227935791,1086700,WTTR,8.226700819433207,8.11063630295882,8.418826481612793,8.096551207817342,10.621440400554473,12.101890597545712,-0.7469754876488803,-0.6699357899258399,-0.07703969772304042
2025-04-17,8.280000675737947,8.656814228334875,8.280000675737947,8.488240242004395,1012700,WTTR,8.426263955453791,8.168668561196014,8.656814228334875,8.168668561196014,10.525749387202774,12.047083527335289,-0.7022305279071563,-0.6763947375221032,-0.025835790385053126
2025-04-21,8.329580446147446,8.41882610628922,8.101509044166862,8.210586547851562,863300,WTTR,8.265125536113773,8.297466258324903,8.41882610628922,8.101509044166862,10.431446628217643,11.986769159012812,-0.6813203210572318,-0.6773798542291289,-0.003940466828102895
2025-04-22,8.299831980868953,8.4287422702484,8.051927796449883,8.339496612548828,765900,WTTR,8.279999665029015,8.281295897219337,8.4287422702484,8.051927796449883,10.341655719369571,11.924852831245605,-0.6468899222552906,-0.6712818678343613,0.02439194557907065
2025-04-23,8.597317423428722,8.815473376397785,8.289915810350523,8.41882610321045,1439000,WTTR,8.53038317834687,8.280647781124177,8.815473376397785,8.280647781124177,10.253748896943359,11.866389659221035,-0.6062142951952314,-0.6582683533065353,0.052054058111303925
2025-04-24,8.49815580138818,8.825389274662857,8.398994687302224,8.785724639892578,1045900,WTTR,8.62706610081146,8.405515479735524,8.825389274662857,8.398994687302224,10.168370691275264,11.809916608072093,-0.5381692420630468,-0.6342485310578376,0.09607928899479079
2025-04-25,8.597318044690585,8.78076662978961,8.52790516878063,8.76589298248291,559100,WTTR,8.667970706435934,8.51629079027349,8.78076662978961,8.51629079027349,10.093528429286131,11.75183559664426,-0.4803066204900208,-0.6034601489442742,0.12315352845425342
2025-04-28,8.716311403714835,8.934467358737075,8.696479559992511,8.82538890838623,811200,WTTR,8.793161807707662,8.592130748354712,8.934467358737075,8.592130748354712,10.02371861164888,11.694113889241326,-0.4247529642511747,-0.5677187120056544,0.14296574775447968
2025-04-29,8.805556749315967,8.865053224031673,8.656813671167871,8.755975723266602,747000,WTTR,8.770849841945527,8.692646278031187,8.865053224031673,8.656813671167871,9.944414035419157,11.635749885872753,-0.38192476442400114,-0.5305599224893238,0.14863515806532268
2025-04-30,8.597317151527871,8.60227534867484,8.275041902410132,8.448575019836426,1271800,WTTR,8.480802355612317,8.731748059988357,8.731748059988357,8.275041902410132,9.85115247307625,11.573005939938396,-0.3685394814777805,-0.4981558342870152,0.12961635280923473
2025-05-01,8.448575110053813,8.74110117941345,8.428742321254152,8.64689826965332,983800,WTTR,8.566329220093685,8.606275207800337,8.74110117941345,8.428742321254152,9.766270069698301,11.514150152793274,-0.3380318981985919,-0.46613104706933056,0.12809914887073864
2025-05-02,8.716311588139181,8.855138279850603,8.607234081159865,8.805557250976562,665200,WTTR,8.746060300031553,8.586302213947011,8.855138279850603,8.586302213947011,9.693782888859133,11.457202640789767,-0.297621173208217,-0.43242907229710786,0.13480789908889085
2025-05-05,8.627066000427138,8.666730634735881,8.245293304155815,8.280000686645508,1999800,WTTR,8.454772656491086,8.666181256989283,8.666730634735881,8.245293304155815,9.614775821485487,11.400486119806033,-0.30449339467853953,-0.4068419367733942,0.10234854209485467
2025-05-06,8.34000015258789,8.390000343322754,8.140000343322754,8.239999771118164,1500300,WTTR,8.27750015258789,8.560476956740185,8.560476956740185,8.140000343322754,9.536041020686204,11.343414693486013,-0.30959855980785456,-0.3873932613802863,0.07779470157243173
2025-05-07,8.210000038146973,8.263999938964844,7.21999979019165,7.300000190734863,3310800,WTTR,7.7484999895095825,8.418988554664038,8.418988554664038,7.21999979019165,9.449155686924186,11.280227229359031,-0.3850558658536176,-0.3869257822749526,0.001869916421334994
2025-05-08,7.320000171661377,7.789999961853027,7.199999809265137,7.71999979019165,1999000,WTTR,7.507499933242798,8.083744272086811,8.083744272086811,7.199999809265137,9.35757430749886,11.211633846662105,-0.40628249523931714,-0.39079712486782553,-0.015485370371491614
2025-05-09,7.829999923706055,8.319999694824219,7.829999923706055,8.300000190734863,1749300,WTTR,8.069999933242798,7.7956221026648045,8.319999694824219,7.7956221026648045,9.280887111855526,11.151809340244194,-0.372015207162109,-0.38704074132668226,0.015025534164573251
2025-05-12,8.779999732971191,9.039999961853027,8.53499984741211,8.609999656677246,1552600,WTTR,8.741249799728394,7.932811017953801,9.039999961853027,7.932811017953801,9.21757533798111,11.102494616132592,-0.3161988251214627,-0.37287235808563834,0.056673532964175655
2025-05-13,8.630000114440918,8.795000076293945,8.5600004196167,8.670000076293945,1048700,WTTR,8.663750171661377,8.337030408841098,8.795000076293945,8.337030408841098,9.155787580705168,11.05403230742753,-0.2640782777968713,-0.351113542027885,0.08703526423101365
2025-05-14,8.649999618530273,8.770000457763672,8.579999923706055,8.649999618530273,931500,WTTR,8.662499904632568,8.500390290251238,8.770000457763672,8.500390290251238,9.108948232306659,11.007431486040886,-0.2218291301955393,-0.32525665966141587,0.10342752946587658
2025-05-15,8.479999542236328,8.579999923706055,8.364999771118164,8.579999923706055,793500,WTTR,8.50124979019165,8.581445097441904,8.581445097441904,8.364999771118164,9.067089504622054,10.961905862748706,-0.19178400012126673,-0.29856212775338603,0.1067781276321193
2025-05-16,8.579999923706055,8.720000267028809,8.399999618530273,8.529999732971191,802900,WTTR,8.557499885559082,8.541347443816777,8.720000267028809,8.399999618530273,9.033495427380354,10.920616740147457,-0.1700474148496589,-0.27285918517264063,0.10281177032298172
2025-05-19,8.40999984741211,8.46500015258789,8.300000190734863,8.430000305175781,725000,WTTR,8.401250123977661,8.549423664687929,8.549423664687929,8.300000190734863,9.001362580622562,10.882030908457445,-0.15905662672766852,-0.2500986734836462,0.09104204675597771
2025-05-20,8.449999809265137,8.482999801635742,8.380000114440918,8.390000343322754,493100,WTTR,8.425750017166138,8.475336894332795,8.482999801635742,8.380000114440918,8.975173614391455,10.842309243044268,-0.15182387940979503,-0.230443714668876,0.07861983525908098
2025-05-21,8.359999656677246,8.359999656677246,8.045000076293945,8.079999923706055,654800,WTTR,8.211249828338623,8.450543455749466,8.450543455749466,8.045000076293945,8.947644718321676,10.798963117836747,-0.1691563885813423,-0.21818624945136927,0.049029860870026976
2025-05-22,8.0,8.074999809265137,7.849999904632568,8.069999694824219,1445400,WTTR,7.998749852180481,8.330896642044046,8.330896642044046,7.849999904632568,8.914601506400079,10.752826220705725,-0.18160602070824083,-0.2108702037027436,0.029264182994502758
2025-05-23,7.869999885559082,8.1850004196167,7.815000057220459,8.140000343322754,642600,WTTR,8.002500176429749,8.164823247112263,8.1850004196167,7.815000057220459,8.88674012327937,10.70615970537366,-0.18370632439515155,-0.20543742784122518,0.021731103446073624
2025-05-27,8.270000457763672,8.369999885559082,8.109999656677246,8.329999923706055,582800,WTTR,8.269999980926514,8.083661711771006,8.369999885559082,8.083661711771006,8.862934690923373,10.66110790453687,-0.1681016804224651,-0.19797027835747316,0.029868597935008068
2025-05-28,8.40999984741211,8.40999984741211,8.170000076293945,8.170000076293945,563900,WTTR,8.289999961853027,8.17683084634876,8.40999984741211,8.170000076293945,8.841790141291654,10.61350675924888,-0.16672365168560077,-0.1917209530230987,0.024997301337497918
2025-05-29,8.229999542236328,8.239999771118164,8.085000038146973,8.220000267028809,588800,WTTR,8.193749904632568,8.233415404100894,8.239999771118164,8.085000038146973,8.81458058514468,10.561503362194646,-0.1597553957028186,-0.1853278415590427,0.02557244585622409
2025-05-30,8.130000114440918,8.140000343322754,7.980000019073486,8.039999961853027,820400,WTTR,8.072500109672546,8.213582654366732,8.213582654366732,7.980000019073486,8.779021118713784,10.506388817424549,-0.16683436028072585,-0.18162914530337934,0.014794785022653495
2025-06-02,8.170000076293945,8.3149995803833,8.029999732971191,8.199999809265137,701100,WTTR,8.178749799728394,8.14304138201964,8.3149995803833,8.029999732971191,8.740678136748457,10.45152306783023,-0.15771579073731523,-0.17684647439016654,0.01913068365285131
2025-06-03,8.210000038146973,8.630000114440918,8.0600004196167,8.539999961853027,1242700,WTTR,8.360000133514404,8.160895590874016,8.630000114440918,8.0600004196167,8.707735175782092,10.400319150432576,-0.12165176207677852,-0.16580753192748895,0.04415576985071043
2025-06-04,8.479999542236328,8.649999618530273,8.279999732971191,8.449999809265137,884600,WTTR,8.464999675750732,8.26044786219421,8.649999618530273,8.26044786219421,8.668572526039496,10.352335106944427,-0.09918962345144067,-0.15248395023227931,0.05329432678083865
2025-06-05,8.489999771118164,8.65999984741211,8.350000381469727,8.609999656677246,777400,WTTR,8.527499914169312,8.362723768972472,8.65999984741211,8.350000381469727,8.624437500250618,10.302288381349278,-0.06769719512291417,-0.1355265992104063,0.06782940408749213
2025-06-06,8.75,8.9399995803833,8.729999542236328,8.850000381469727,805400,WTTR,8.817499876022339,8.445111841570892,8.9399995803833,8.445111841570892,8.586548685878379,10.256226588942113,-0.023106805194066382,-0.11304264040713832,0.08993583521307194
2025-06-09,8.970000267028809,9.020000457763672,8.819999694824219,8.829999923706055,689200,WTTR,8.910000085830688,8.631305858796615,9.020000457763672,8.631305858796615,8.554823422354568,10.20761305863832,0.01049653279404339,-0.08833480576690199,0.09883133856094538
2025-06-10,8.970000267028809,9.220000267028809,8.925000190734863,8.960000038146973,757000,WTTR,9.018750190734863,8.770652972313652,9.220000267028809,8.770652972313652,8.527529093160275,10.155623973154,0.04707469524390184,-0.06125290556474122,0.10832760080864307
2025-06-11,9.039999961853027,9.380000114440918,8.930000305175781,9.279999732971191,926500,WTTR,9.15750002861023,8.894701581524258,9.380000114440918,8.894701581524258,8.504923573752324,10.105158012694186,0.10072337714650459,-0.028857649022492063,0.12958102616899664
2025-06-12,9.130000114440918,9.244999885559082,8.979999542236328,9.199999809265137,946300,WTTR,9.138749837875366,9.026100805067244,9.244999885559082,8.979999542236328,8.479310309380633,10.056760729000986,0.1352262151831436,0.00395912381863507,0.13126709136450854
2025-06-13,9.380000114440918,9.5,9.074999809265137,9.119999885559082,1547100,WTTR,9.268749952316284,9.082425321471305,9.5,9.074999809265137,8.45396673804518,10.011586744067976,0.15433555346112904,0.03403440974713386,0.12030114371399517
2025-06-16,9.079999923706055,9.229999542236328,8.989999771118164,9.170000076293945,573200,WTTR,9.117499828338623,9.175587636893795,9.229999542236328,8.989999771118164,8.442108589394465,9.966860552591415,0.17153706671804692,0.061534941141316475,0.11000212557673045
2025-06-17,9.1899995803833,9.529999732971191,9.170000076293945,9.319999694824219,685300,WTTR,9.302499771118164,9.146543732616209,9.529999732971191,9.146543732616209,8.452791166226984,9.924169299365696,0.19502497896200133,0.08823294870545345,0.10679203025654788
2025-06-18,9.270000457763672,9.470000267028809,9.210000038146973,9.289999961853027,628700,WTTR,9.31000018119812,9.224521751867186,9.470000267028809,9.210000038146973,8.470515476288774,9.879185901911091,0.20881154143506642,0.11234866725137604,0.09646287418369037
2025-06-20,9.319999694824219,9.319999694824219,9.140000343322754,9.220000267028809,1584800,WTTR,9.25,9.267260966532653,9.319999694824219,9.140000343322754,8.490857505510812,9.838866933898291,0.2116493393247385,0.13220880166604854,0.07944053765868997
2025-06-23,9.300000190734863,9.305000305175781,8.8100004196167,8.859999656677246,814400,WTTR,9.068750143051147,9.258630483266327,9.305000305175781,8.8100004196167,8.51054939531518,9.800619056163784,0.18274272955982873,0.1423155872448046,0.040427142315024145
