Date,Open,High,Low,Close,Volume,Ticker,HA_Close,HA_Open,HA_High,HA_Low,HA_50_MA,HA_100_MA,MACD_Line,Signal_Line,MACD_Hist
2022-01-03,157.56342070109972,157.71486374874667,152.38607885420132,154.03298950195312,2704000,WM,155.4243382015002,155.79820510152643,157.71486374874667,152.38607885420132,,,0.0,0.0,0.0
2022-01-04,154.27907200931688,157.15641767250168,154.25067824348048,155.509521484375,2111400,WM,155.29892235241851,155.61127165151333,157.15641767250168,154.25067824348048,,,0.1177860270877602,0.023557205417552043,0.09422882167020816
2022-01-05,155.5568703182473,156.2004816876149,152.8404126651419,153.18115234375,1761300,WM,154.44472925368854,155.45509700196592,156.2004816876149,152.8404126651419,,,0.02298738721111704,0.023443241776265042,-0.0004558545651480034
2022-01-06,152.7268139598551,155.2350261765893,152.38607433395882,154.13710021972656,1171700,WM,153.62125367253245,154.94991312782724,155.2350261765893,152.38607433395882,,,0.024710934255011807,0.023696780272014398,0.0010141539829974094
2022-01-07,153.9478204728154,155.11202285589908,152.09269336566865,153.10543823242188,1560300,WM,153.56449373170125,154.28558340017986,155.11202285589908,152.09269336566865,,,-0.05651813681186013,0.007653796855239493,-0.06417193366709963
2022-01-10,151.43956395912585,152.14943691518425,149.8305214805406,150.88113403320312,2299900,WM,151.07516409701344,153.92503856594055,153.92503856594055,149.8305214805406,,,-0.2969524375932622,-0.053267450034460845,-0.24368498755880133
2022-01-11,151.25027241479688,151.3827814599649,149.38567156624546,150.928466796875,2161900,WM,150.73679805947057,152.500101331477,152.500101331477,149.38567156624546,,,-0.47816698341003416,-0.13824735670957553,-0.3399196267004586
2022-01-12,151.43013616663663,152.31037188569564,150.14289902343242,150.90008544921875,1569300,WM,151.19587313124586,151.61844969547377,152.31037188569564,150.14289902343242,,,-0.616959034408211,-0.23398969224930263,-0.3829693421589083
2022-01-13,151.30706299665954,151.5910150827236,148.74204889049847,149.0260009765625,1392700,WM,150.16653198661103,151.4071614133598,151.5910150827236,148.74204889049847,,,-0.8681679891695637,-0.3608253516333549,-0.5073426375362089
2022-01-14,147.36962926608,148.99760580558168,146.82065908951287,148.268798828125,2086300,WM,147.86417324732489,150.7868466999854,150.7868466999854,146.82065908951287,,,-1.1154940597078564,-0.5117590932482552,-0.6037349664596012
2022-01-18,147.0951633873165,147.83343019884066,145.5334340226277,147.0383758544922,1955900,WM,146.87510086581926,149.32550997365513,149.32550997365513,145.5334340226277,,,-1.3947092631862574,-0.6883491272358557,-0.7063601359504017
2022-01-19,147.1897780114039,148.87454191366072,146.63134811577524,146.7827911376953,1490300,WM,147.3696147946338,148.1003054197372,148.87454191366072,146.63134811577524,,,-1.6179620152493044,-0.8742717048385455,-0.7436903104107588
2022-01-20,147.42640567314317,148.57167369418167,144.6721096665828,145.03176879882812,2424700,WM,146.42548945818396,147.7349601071855,148.57167369418167,144.6721096665828,,,-1.9141195202197423,-1.082241267914785,-0.8318782523049573
2022-01-21,144.73839335265384,145.90258121275275,143.06308876403952,143.29971313476562,2526500,WM,144.25094411605295,147.08022478268472,147.08022478268472,143.06308876403952,,,-2.2625081081961866,-1.3182946359710654,-0.9442134722251212
2022-01-24,141.7095858247653,142.4573123841393,139.07832432065413,141.7758331298828,4117100,WM,141.2552639148604,145.66558444936885,145.66558444936885,139.07832432065413,,,-2.6312416392431146,-1.5808840366254753,-1.0503576026176393
2022-01-25,140.79147767578561,141.12275751786635,137.73429534726998,140.091064453125,3642900,WM,139.93489874851173,143.46042418211462,143.46042418211462,137.73429534726998,,,-3.024547272947217,-1.8696166838898238,-1.154930589057393
2022-01-26,140.17625599262706,142.6939278359397,138.7565100417594,140.0437469482422,2401000,WM,140.41761020464207,141.69766146531316,142.6939278359397,138.7565100417594,,,-3.301999553042833,-2.1560932577204257,-1.1459062953224075
2022-01-27,140.31822655832664,142.0503183730456,137.50712838520604,138.42523193359375,2856800,WM,139.575226312543,141.05763583497762,142.0503183730456,137.50712838520604,,,-3.610859379892645,-2.4470464821548696,-1.1638128977377753
2022-01-28,138.52935415593907,140.01534750075285,136.34294756561854,139.98695373535156,3214500,WM,138.71865073941552,140.31643107376033,140.31643107376033,136.34294756561854,,,-3.6871123839237043,-2.695059662508637,-0.9920527214150674
2022-01-31,139.61783764575776,142.58037937060809,139.49480279457217,142.39108276367188,2040100,WM,141.02102564365248,139.51754090658793,142.58037937060809,139.49480279457217,,,-3.513054018624217,-2.858658533731753,-0.654395484892464
2022-02-01,142.44781908634533,143.1576919389351,139.99639496824474,141.74740600585938,3067400,WM,141.83732799984614,140.2692832751202,143.1576919389351,139.99639496824474,,,-3.3879961345412823,-2.964526053893659,-0.42347008064762326
2022-02-02,135.33016490714877,140.62109520381142,135.33016490714877,140.19515991210938,4096900,WM,137.86914623255458,141.05330563748316,141.05330563748316,135.33016490714877,,,-3.375232567487245,-3.0466673566123763,-0.3285652108748689
2022-02-03,138.91743167429775,140.43181889499436,138.43470874245187,138.59561157226562,2224500,WM,139.0948927210024,139.4612259350189,140.43181889499436,138.43470874245187,,,-3.4543677307516703,-3.1282074314402353,-0.326160299311435
2022-02-04,137.24214455901014,138.8606617219166,136.53227139749802,137.27053833007812,1627700,WM,137.47640400212572,139.27805932801064,139.27805932801064,136.53227139749802,,,-3.5827060491447185,-3.219107154981132,-0.3635988941635864
2022-02-07,137.88571569106077,138.67131016012812,137.0338739229841,137.32728576660156,1670900,WM,137.72954638519363,138.37723166506817,138.67131016012812,137.0338739229841,,,-3.637900593699868,-3.3028658427248794,-0.3350347509749887
2022-02-08,137.43142199759066,138.02771999159964,136.58903987453888,137.38409423828125,1762500,WM,137.3580690255026,138.0533890251309,138.0533890251309,136.58903987453888,,,-3.635154896180893,-3.369323653416082,-0.26583124276481085
2022-02-09,137.98038424973825,139.59890109309643,137.91413694446118,138.79437255859375,1559600,WM,138.5719487114724,137.70572902531677,139.59890109309643,137.70572902531677,,,-3.479076607374054,-3.391274244207677,-0.08780236316637735
2022-02-10,137.49767770462847,138.75652094641663,135.61414272918836,136.12525939941406,1924300,WM,136.99840019491188,138.1388388683946,138.75652094641663,135.61414272918836,,,-3.530066158957112,-3.419032627157564,-0.11103353179954789
2022-02-11,136.2009892856468,136.82568112389743,133.91046698780076,135.00840759277344,2289200,WM,135.4863862475296,137.56861953165324,137.56861953165324,133.91046698780076,,,-3.618880155069519,-3.4590021327399554,-0.1598780223295635
2022-02-14,134.87586022402877,135.49107766914244,133.04912743545282,134.18492126464844,2143300,WM,134.4002466483181,136.5275028895914,136.5275028895914,133.04912743545282,,,-3.7129141878277494,-3.5097845437575144,-0.20312964407023504
2022-02-15,135.3585646934362,135.71823826514267,134.26063887450357,135.0462188720703,2092400,WM,135.0959151762882,135.46387476895475,135.71823826514267,134.26063887450357,,,-3.675567661472712,-3.542941167300554,-0.132626494172158
2022-02-16,134.61087403257253,135.49110976493293,133.74955785145895,134.94215393066406,2023300,WM,134.6984238949071,135.2798949726215,135.49110976493293,133.74955785145895,,,-3.6127222283269873,-3.556897379505841,-0.055824848821146134
2022-02-17,134.31743294893923,135.85075392642673,133.94829958612178,135.40589904785156,1915300,WM,134.88059637733483,134.9891594337643,135.85075392642673,133.94829958612178,,,-3.48531981718844,-3.542581867042361,0.05726204985392114
2022-02-18,135.13142695354045,136.2861548438896,134.46888171540644,134.7149658203125,1746100,WM,135.15035733328725,134.93487790554957,136.2861548438896,134.46888171540644,,,-3.400901549493966,-3.5142458035326825,0.1133442540387164
2022-02-22,134.6392735660587,134.90429171891574,133.24792104235615,133.95779418945312,2407800,WM,134.18732012919594,135.04261761941842,135.04261761941842,133.24792104235615,,,-3.3564063239957136,-3.482677907625289,0.12627158362957536
2022-02-23,134.36478225558318,134.90427828359645,133.0112834131974,133.07754516601562,2201100,WM,133.83947227959817,134.61496887430718,134.90427828359645,133.0112834131974,,,-3.35351504293655,-3.456845334687541,0.10333029175099107
2022-02-24,131.75241467954547,134.80013698845087,131.1655910044749,134.3174285888672,3067700,WM,133.0088928153346,134.22722057695267,134.80013698845087,131.1655910044749,,,-3.2141250192817097,-3.408301271606375,0.1941762523246653
2022-02-25,134.6013904768975,137.7437540749686,134.40261968467834,137.3935546875,1605500,WM,136.0353297310111,133.61805669614364,137.7437540749686,133.61805669614364,,,-2.8228991294129457,-3.2912208431676895,0.46832171375474374
2022-02-28,136.17259756741112,137.58288411276473,135.50059239628487,136.6742401123047,2230100,WM,136.48257854719137,134.82669321357736,137.58288411276473,134.82669321357736,,,-2.5415945478571302,-3.1412955841055776,0.5997010362484474
2022-03-01,136.5890263785076,139.40012458335727,136.35240204774522,138.73757934570312,3224800,WM,137.76978308882832,135.65463588038438,139.40012458335727,135.65463588038438,,,-2.127638318072428,-2.938564130898948,0.81092581282652
2022-03-02,139.447463485008,142.92110720518457,139.19190514348318,142.1260528564453,2150500,WM,140.92163217253025,136.71220948460635,142.92110720518457,136.71220948460635,,,-1.5087614668933327,-2.652603598097825,1.1438421312044924
2022-03-03,143.15774358843268,146.1675986369787,143.06308806364348,144.63427734375,2215700,WM,144.25567690820122,138.8169208285683,146.1675986369787,138.8169208285683,,,-0.8066062942826306,-2.283404137334786,1.4767978430521556
2022-03-04,143.63098945149963,149.54659857223686,143.04416564829214,149.37623596191406,2631200,WM,146.39949740848567,141.53629886838476,149.54659857223686,141.53629886838476,,,0.1309832753859439,-1.8005266547906402,1.9315099301765841
2022-03-07,148.79886425318838,149.96305202418185,147.12355979279968,147.51162719726562,2972700,WM,148.3492758168589,143.9678981384352,149.96305202418185,143.9678981384352,,,0.7153255920445076,-1.2973562054236107,2.0126817974681184
2022-03-08,146.7070815896572,147.90913720526456,139.9490914412233,140.0437469482422,3031000,WM,143.6522642960968,146.15858697764705,147.90913720526456,139.9490914412233,,,0.5692634488544002,-0.9240322745680086,1.493295723422409
2022-03-09,141.84211340015617,142.99684148497207,140.3277116501796,141.9556884765625,1959800,WM,141.7805887529676,144.90542563687194,144.90542563687194,140.3277116501796,,,0.6008595161486312,-0.6190539164246807,1.2199134325733119
2022-03-10,140.961838104641,143.69722920802977,140.961838104641,143.34701538085938,1920500,WM,142.2419801995428,143.34300719491978,143.69722920802977,140.961838104641,,,0.729755908631887,-0.34929195141336716,1.0790478600452542
2022-03-11,144.05692120884055,145.36309242209452,143.29026052015885,143.36598205566406,1415500,WM,144.0190640516895,142.7924936972313,145.36309242209452,142.7924936972313,,,0.8239398151643798,-0.11464559809781778,0.9385854132621976
2022-03-14,144.0758382375601,146.37582003276916,143.0441595172994,146.1865234375,1839000,WM,144.92058530628216,143.4057788744604,146.37582003276916,143.0441595172994,,,1.1133414497147385,0.13095181146469348,0.982389638250045
2022-03-15,147.26553868105307,147.69145965635667,145.6186423175585,146.86801147460938,1965300,WM,146.86091303239442,144.16318209037127,147.69145965635667,144.16318209037127,142.4121723603661,,1.3817566882946721,0.3811127868306892,1.000643901463983
2022-03-16,147.24819844545237,147.96105766401274,144.66289451922077,146.8489990234375,2051600,WM,146.68028741303084,145.51204756138284,147.96105766401274,144.66289451922077,142.2372913445967,,1.5747903499000415,0.6198482994445597,0.9549420504554819
2022-03-17,146.849004026524,148.00858955514147,146.58287106944704,147.9230499267578,1339900,WM,147.34087864446758,146.09616748720686,148.00858955514147,146.09616748720686,142.0781304704377,,1.7937604947287014,0.854630738501388,0.9391297562273133
2022-03-18,147.95156000174617,148.70243200691436,146.4783146971088,147.9610595703125,2834700,WM,147.77334156902046,146.71852306583722,148.70243200691436,146.4783146971088,141.94470271674433,,1.9479086937842567,1.0732863295579618,0.8746223642262949
2022-03-21,148.31273748394716,149.53886352154709,147.78047156192122,148.30323791503906,1509600,WM,148.48382762061362,147.24593231742884,149.53886352154709,147.24593231742884,141.84195419570597,,2.073777963349727,1.273384656316315,0.8003933070334119
2022-03-22,148.51232167158983,149.2822072266303,146.58285074868505,147.1626434326172,1304900,WM,147.8850057698806,147.86487996902122,149.2822072266303,146.58285074868505,141.72836443646955,,2.0577730965955823,1.4302623443721685,0.6275107522234138
2022-03-23,147.03905916134966,147.31470611956087,145.8224475262605,145.94601440429688,1318200,WM,146.53055680286698,147.8749428694509,147.8749428694509,145.8224475262605,141.6374722905866,,1.9247302375165418,1.5291559230010432,0.3955743145154986
2022-03-24,146.33570888852785,147.40973997099894,145.74640222491232,147.36221313476562,1322100,WM,146.71351605480118,147.20274983615894,147.40973997099894,145.74640222491232,141.55700665049324,,1.9115332496428152,1.6056313883293978,0.30590186131341746
2022-03-25,147.65690932447336,148.6073882657235,147.06760251875104,148.5408477783203,1106900,WM,147.96818697181706,146.95813294548006,148.6073882657235,146.95813294548006,141.49245292730467,,1.9734320113399235,1.679191512931503,0.2942404984084206
2022-03-28,148.81648558792327,150.3372430979616,148.55985222877578,150.32774353027344,1439100,WM,149.5103311112335,147.46315995864856,150.3372430979616,147.46315995864856,141.4793289097971,,2.141983328935453,1.771749876132293,0.3702334528031599
2022-03-29,151.16417612281973,151.33526988711543,148.28422586841097,149.9380645751953,1278900,WM,150.18043411338536,148.48674553494104,151.33526988711543,148.28422586841097,141.52565412711832,,2.218543637427871,1.8611086283914087,0.3574350090364622
2022-03-30,150.29922373837292,151.5823614715734,149.9855639805267,151.55384826660156,1166000,WM,150.85524936426864,149.3335898241632,151.5823614715734,149.3335898241632,141.6052570970873,,2.3821386620577414,1.9653146351246753,0.4168240269330661
2022-03-31,151.88653492541215,153.1981859781224,150.65090942382812,150.65090942382812,1625900,WM,151.59663493779772,150.09441959421594,153.1981859781224,150.09441959421594,141.68979749995057,,2.4111352134176514,2.0544787507832707,0.35665646263438067
2022-04-01,150.58436112352535,152.0766199179858,149.9855692947448,151.89602661132812,1605600,WM,151.135644236896,150.84552726600683,152.0766199179858,149.9855692947448,141.78400059552482,,2.5057015724498513,2.144723315116587,0.3609782573332643
2022-04-04,151.74393017270947,152.0766035442245,150.37525292346172,151.49681091308594,962900,WM,151.4231493883704,150.99058575145142,152.0766035442245,150.37525292346172,141.92744470097117,,2.519390754481975,2.2196568029896646,0.2997339514923105
2022-04-05,151.4302924782736,154.24370166211523,151.36375199939644,152.63739013671875,1291400,WM,152.418784069126,151.2068675699109,154.24370166211523,151.2068675699109,142.1507151040565,,2.5923912681646755,2.294203696024667,0.2981875721400087
2022-04-06,152.20021130714082,154.139182141756,151.8675378462685,153.12217712402344,1799900,WM,152.83227710479719,151.81282581951845,154.139182141756,151.81282581951845,142.40866267118219,,2.6587149486051658,2.3671059465407667,0.2916090020643991
2022-04-07,153.41680323435125,156.3632791321481,152.65641721121892,155.66943359375,1968500,WM,154.52648329286706,152.32255146215783,156.3632791321481,152.32255146215783,142.69084013294668,,2.883579146551199,2.470400586542853,0.41317856000834574
2022-04-08,155.98308127477767,157.57987874667342,155.20368167314572,156.97157287597656,1536100,WM,156.43455364264335,153.42451737751244,157.57987874667342,153.42451737751244,143.0280266795487,,3.13076785809335,2.6024740408529525,0.5282938172403973
2022-04-11,156.82903854573036,157.6369515152598,155.55540013769286,156.0306396484375,1381200,WM,156.51300746178015,154.9295355100779,157.6369515152598,154.9295355100779,143.38391381399597,,3.2136957608586556,2.7247183848540932,0.48897737600456237
2022-04-12,155.2036840666757,156.40129669222287,153.5688737977803,153.8350067138672,1666800,WM,154.7522153176365,155.72127148592904,156.40129669222287,153.5688737977803,143.65853760747567,,3.0668942453289105,2.793153556949057,0.27374068837985366
2022-04-13,153.64493277337206,154.35779206153154,150.54637628864296,151.82952880859375,1802000,WM,152.59465748303506,155.23674340178277,155.23674340178277,150.54637628864296,143.87368419713945,,2.756947307723067,2.785912307103859,-0.02896499938079211
2022-04-14,152.16216719602264,153.16967253319368,151.16416142693828,151.27822875976562,1282700,WM,151.94355747898004,153.91570044240893,153.91570044240893,151.16416142693828,144.15517242206795,,2.4387148335359257,2.7164728123902724,-0.2777579788543467
2022-04-18,150.7839870714657,152.10515229337992,149.30124216090397,150.1851806640625,1098500,WM,150.59389054745301,152.9296289606945,152.9296289606945,149.30124216090397,144.38515237859696,,2.074401054574963,2.588058460827211,-0.5136574062522477
2022-04-19,150.5178633943293,151.8295291283158,150.4703365410534,151.20220947265625,1343100,WM,151.0049846340887,151.76175975407375,151.8295291283158,150.4703365410534,144.65572399123621,,1.8464606363642986,2.4397388959346284,-0.5932782595703299
2022-04-20,151.79146456752338,153.2456960010485,151.57285849993065,152.63739013671875,1546000,WM,152.3118523013053,151.38337219408123,153.2456960010485,151.38337219408123,144.94737010955848,,1.7613198985875727,2.3040550964652176,-0.5427351978776449
2022-04-21,153.50235859819867,154.60491771966207,152.77999977887364,153.17919921875,1352000,WM,153.5166188288711,151.84761224769326,154.60491771966207,151.84761224769326,145.27054110562582,,1.7177634080289295,2.18679675877796,-0.46903335074903074
2022-04-22,153.22671404880754,153.51184612409452,149.51983753534472,149.70993041992188,1599900,WM,151.49208203204216,152.68211553828218,153.51184612409452,149.51983753534472,145.52894377203722,,1.3873115137186005,2.0268997097660884,-0.6395881960474878
2022-04-25,149.64339903481718,149.83349191253222,145.56583646751832,148.2366943359375,2538400,WM,148.3198554377013,152.08709878516217,152.08709878516217,145.56583646751832,145.755372876893,,0.9950775326878727,1.8205352743504453,-0.8254577416625726
2022-04-26,157.44683662856443,159.4428482801304,154.01560694387015,156.0211181640625,3388400,WM,156.73160250415685,150.20347711143174,159.4428482801304,150.20347711143174,146.18027720202556,,1.297411470788461,1.7159105136380486,-0.4184990428495876
2022-04-27,156.8290290243223,160.04165256292202,156.4013163912512,159.15769958496094,3318300,WM,158.10742439086414,153.4675398077943,160.04165256292202,153.4675398077943,146.65442075687648,,1.7697090972262401,1.726670230355687,0.04303886687055325
2022-04-28,158.70145712580515,161.75248615831327,157.21871241806403,161.2487335205078,2162900,WM,159.73034730567255,155.78748209932922,161.75248615831327,155.78748209932922,147.14710939946417,,2.2863813510062982,1.8386124544858093,0.4477688965204889
2022-04-29,160.6214191524362,161.22021093995437,155.98307792355288,156.29673767089844,2238000,WM,158.53036142171047,157.75891470250087,161.22021093995437,155.98307792355288,147.62374815000024,,2.2700949139590705,1.9249089463804616,0.34518596757860887
2022-05-02,155.4983342135142,156.73394502502381,149.2726953037129,151.1641387939453,2388500,WM,153.16727833404906,158.14463806210568,158.14463806210568,149.2726953037129,147.98948178913452,,1.8220267703735828,1.9043325111790859,-0.08230574080550301
2022-05-03,151.27822440538108,154.18668750350722,150.6223916473415,151.43980407714844,1706500,WM,151.88177690834456,155.65595819807737,155.65595819807737,150.6223916473415,148.32411018063564,,1.4722027856504383,1.8179065660733564,-0.34570378042291816
2022-05-04,151.14516160860782,154.50035102905872,150.56536888847327,154.29124450683594,1698600,WM,152.62553150824394,153.76886755321095,154.50035102905872,150.56536888847327,148.69287440821662,,1.4088122588406975,1.7360877046268248,-0.32727544578612733
2022-05-05,153.76846911054963,154.0060888260132,149.60536705461735,150.78396606445312,1938400,WM,152.04097276390831,153.19719953072746,154.0060888260132,149.60536705461735,149.0569044179028,,1.0633095799382772,1.6015320796891155,-0.5382224997508382
2022-05-06,150.0521023385888,154.30074426782102,149.02558336543635,153.7684783935547,1933700,WM,151.7867270913502,152.6190861473179,154.30074426782102,149.02558336543635,149.43246110342315,,1.0185798653995732,1.4849416368312072,-0.46636177143163393
2022-05-09,152.78948120502267,153.00808728832013,150.67941691397604,151.35426330566406,2040700,WM,151.95781217824572,152.20290661933404,153.00808728832013,150.67941691397604,149.75091075236784,,0.779340510924726,1.343821411649911,-0.564480900725185
2022-05-10,152.37126771437283,152.91304764026887,147.41928084592348,149.1776580810547,2149500,WM,150.47031357040498,152.08035939878988,152.91304764026887,147.41928084592348,150.0306654528321,,0.40938857128557515,1.156934843577044,-0.7475462722914687
2022-05-11,149.32020368777688,151.47777980949365,149.27267685401873,149.96652221679688,1423700,WM,150.00929564202153,151.27533648459743,151.47777980949365,149.27267685401873,150.27545570389597,,0.1778041214703876,0.9611086991557127,-0.7833045776853251
2022-05-12,150.37527440387143,151.5728726067177,146.41176459505462,147.78045654296875,2337100,WM,149.03509203715313,150.64231606330947,151.5728726067177,146.41176459505462,150.4377249011884,,-0.18004994990351975,0.7328769693438663,-0.912926919247386
2022-05-13,149.69094207603283,150.8410135376943,148.38877599132357,150.08062744140625,2052500,WM,149.75033976161424,149.83870405023129,150.8410135376943,148.38877599132357,150.54761815825668,,-0.2748786811626758,0.5313258392425578,-0.8062045204052336
2022-05-16,150.22318737312864,150.97405929438625,148.8830086939768,149.63388061523438,1810000,WM,149.92853399418152,149.79452190592275,150.97405929438625,148.8830086939768,150.6181988899706,,-0.3816800985541988,0.34872465168320654,-0.7304047502374054
2022-05-17,151.07862684105206,151.07862684105206,147.47631798670082,149.4438018798828,1796600,WM,149.76934338717194,149.86152795005214,151.07862684105206,147.47631798670082,150.64660024137686,,-0.4761697680080488,0.1837457677449555,-0.6599155357530042
2022-05-18,149.2251901616399,149.633889134962,145.0906010660895,145.4803009033203,1954500,WM,147.35749531650293,149.81543566861205,149.81543566861205,145.0906010660895,150.72070486178498,,-0.8609504157901711,-0.025193468962069816,-0.8357569468281012
2022-05-19,144.3302424538186,146.4688202112651,142.8474830260025,145.20468139648438,1850200,WM,144.71280677189264,148.5864654925575,148.5864654925575,142.8474830260025,150.7793492221635,,-1.174592075813905,-0.25507319033243686,-0.9195188854814682
2022-05-20,145.5563470603217,147.25769801389632,143.78845561816564,146.8489990234375,2706000,WM,145.8628749289553,146.64963613222506,147.25769801389632,143.78845561816564,150.85176711675174,,-1.275766419542066,-0.4592118361743627,-0.8165545833677033
2022-05-23,147.37176164224678,148.65489950146917,145.76544992301,148.3507537841797,1781700,WM,147.5357162127264,146.25625553059018,148.65489950146917,145.76544992301,150.92210015997247,,-1.220697318534377,-0.6115089326463656,-0.6091883858880114
2022-05-24,148.54086242133735,150.33726721726168,147.05811744732475,149.79550170898438,1661000,WM,148.93293719872705,146.8959858716583,150.33726721726168,146.8959858716583,151.0023471978214,,-1.0483903842158782,-0.6988852229602681,-0.34950516125561004
2022-05-25,149.94753287522306,150.4512854877335,147.91350878796715,148.28419494628906,1604700,WM,149.1491305243032,147.9144615351927,150.4512854877335,147.91350878796715,151.04811154765954,146.73014195401282,-1.0220046887202159,-0.7635091161122577,-0.2584955726079582
2022-05-26,149.5388334564839,150.74594561041684,148.95904080016862,150.16615295410156,1585000,WM,149.85249320529272,148.53179602974794,150.74594561041684,148.53179602974794,151.1115556635048,146.67442350405074,-0.8395576538628404,-0.7787188236623743,-0.0608388302004661
2022-05-27,150.4323263291634,153.0366296965068,150.4323263291634,153.02713012695312,1518500,WM,151.73210312044668,149.19214461752034,153.0366296965068,149.19214461752034,151.19938015302438,146.63875531173102,-0.4588211124352881,-0.7147392814169571,0.25591816898166897
2022-05-31,151.90555527727798,152.07663452960793,150.03311055437953,150.66041564941406,4298000,WM,151.16892900266987,150.4621238689835,152.07663452960793,150.03311055437953,151.26729190169735,146.60599730922087,-0.34409225781638497,-0.6406098766968427,0.2965176188804577
2022-06-01,151.19266423830996,151.57284994337044,149.98555214485265,150.6793975830078,1302400,WM,150.8576159773852,150.81552643582668,151.57284994337044,149.98555214485265,151.3147676688328,146.57836093226936,-0.2487694709443531,-0.5622417955463448,0.3134723246019917
2022-06-02,151.12798505622936,152.27325258936045,149.26690893166622,152.1110076904297,1064600,WM,151.19478856692143,150.83657120660592,152.27325258936045,149.26690893166622,151.3809633247736,146.55466388062158,-0.05704888039906564,-0.461203212516889,0.40415433211782337
2022-06-03,151.17567539273398,152.1968817446714,150.45034277093617,151.8628387451172,1007800,WM,151.42143466336466,151.01567988676368,152.1968817446714,150.45034277093617,151.47878088198357,146.55812658628508,0.07401273627559135,-0.354160022758393,0.42817275903398433
2022-06-06,152.70270886493702,152.88404566177255,150.5744189377342,150.73666381835938,1230700,WM,151.7244593207008,151.21855727506417,152.88404566177255,150.5744189377342,151.57899974730154,146.56800319889737,0.08601557300266904,-0.2661249036061806,0.3521404766088496
2022-06-07,150.12587589814837,152.5500253543352,149.73457165338388,152.51185607910156,1287500,WM,151.23058224624225,151.47150829788248,152.5500253543352,149.73457165338388,151.64424765279006,146.56835029004736,0.2360500490958941,-0.16568991306576564,0.40173996216165975
2022-06-08,151.4906222769482,152.18733884952144,149.7536365908633,149.89678955078125,1075400,WM,150.83209681702854,151.35104527206238,152.18733884952144,149.7536365908633,151.67068296690596,146.57500593835152,0.14229910304541704,-0.10409210984352911,0.24639121288894617
2022-06-09,149.57234561344745,150.11634159062532,146.2892341403144,146.35604858398438,1046800,WM,148.08349248209288,151.09157104454545,151.09157104454545,146.2892341403144,151.62874413428008,146.5771991306992,-0.21522640591859954,-0.1263189690585432,-0.08890743686005634
2022-06-10,144.92442086460164,146.07922694843396,143.5787247438595,144.50448608398438,1372800,WM,144.77171466021989,149.58753176331916,149.58753176331916,143.5787247438595,151.50707344019912,146.5561652686432,-0.6405892530451922,-0.229173025855873,-0.4114162271893192
2022-06-13,142.20443103426746,143.5405742255494,140.39109176568934,141.11642456054688,1683800,WM,141.81313039651326,147.17962321176952,147.17962321176952,140.39109176568934,151.31140334937345,146.500600424662,-1.2368232946516855,-0.4307030796150355,-0.80612021503665
2022-06-14,140.54376373288105,141.8799212996497,138.55862658217893,138.9785614013672,1394600,WM,139.99021825401923,144.4963768041414,144.4963768041414,138.55862658217893,151.0884948297159,146.43624771262037,-1.8604051656494676,-0.716643496821922,-1.1437616688275456
2022-06-15,139.79935976491257,140.8110131262317,136.69758523946078,138.77816772460938,1291900,WM,139.0215314638036,142.2432975290803,142.2432975290803,136.69758523946078,150.84046247122455,146.38395358609787,-2.3437510824899164,-1.042065013955521,-1.3016860685343954
2022-06-16,137.19385606461304,137.8332969853354,135.1609963546339,135.84815979003906,1834300,WM,136.50907729865534,140.63241449644195,140.63241449644195,135.1609963546339,150.52226833581514,146.33649171993582,-2.929464316020244,-1.4195448743684658,-1.5099194416517783
2022-06-17,134.98923801928885,135.48552605163215,132.55553494404853,134.23526000976562,3307700,WM,134.31638975618378,138.57074589754865,138.57074589754865,132.55553494404853,150.1519505888429,146.28030663001252,-3.4836366117592945,-1.8323632218466317,-1.6512733899126628
2022-06-21,135.51414359901335,137.97647703864476,134.73153506328953,137.4229278564453,1529000,WM,136.41127088934826,136.44356782686623,137.97647703864476,134.73153506328953,149.78964634077252,146.24024323685958,-3.623830729064622,-2.1906567232902296,-1.4331740057743922
2022-06-22,136.6784855989106,139.570292212315,136.08675265238963,138.3009490966797,1400400,WM,137.65911989007373,136.42741935810724,139.570292212315,136.08675265238963,149.4141376657211,146.22108217263494,-3.6223306282559236,-2.4769915042833683,-1.1453391239725552
2022-06-23,138.94040263518494,140.81100298210694,138.47274526702063,140.4769744873047,1357800,WM,139.6752813429043,137.0432696240905,140.81100298210694,137.0432696240905,149.0773831433436,146.2306484786698,-3.4062891434327867,-2.6628510321132524,-0.7434381113195343
2022-06-24,141.37409846710565,143.75052534196567,140.8205493327524,143.4546661376953,4927000,WM,142.34995981987976,138.3592754834974,143.75052534196567,138.3592754834974,148.82933803338847,146.24393782043208,-2.9606711060794453,-2.722415046906491,-0.23825605917295434
2022-06-27,142.9774947672708,143.70284216770196,142.29988445282208,142.71026611328125,1096000,WM,142.92262187526902,140.35461765168859,143.70284216770196,140.35461765168859,148.63589732123316,146.2547907591863,-2.637182661598274,-2.7053685698448477,0.06818590824657367
2022-06-28,143.24471110571108,143.98913580108953,141.78449231378653,142.08990478515625,1153800,WM,142.77706100143587,141.6386197634788,143.98913580108953,141.6386197634788,148.45256739168227,146.30386990687512,-2.4031714488027944,-2.644929145636437,0.24175769683364257
2022-06-29,142.9584028638299,144.7526648804499,141.80359644384146,144.35182189941406,1282000,WM,143.46662152188384,142.20784038245733,144.7526648804499,141.80359644384146,148.3100220111709,146.3475871948839,-2.0120049288221935,-2.5183443022735883,0.5063393734513948
2022-06-30,143.26378353446304,146.44191063827896,143.19696910436562,146.0028839111328,1841300,WM,144.72638679706012,142.8372309521706,146.44191063827896,142.8372309521706,148.1844500544303,146.42008702283326,-1.550897951505732,-2.324855032120017,0.7739570806142853
2022-07-01,145.96472263982636,148.8946986643043,145.84064701305357,148.55111694335938,1519300,WM,147.3127963151359,143.78180887461536,148.8946986643043,143.78180887461536,148.08446893470693,146.5159195221327,-0.9686799017325143,-2.0536200060425167,1.0849401043100024
2022-07-05,147.45358134448543,147.85442428409132,143.4928599037451,144.78128051757812,1434900,WM,145.89553651247502,145.54730259487565,147.85442428409132,143.4928599037451,147.932047288379,146.60129419700243,-0.8022147639185846,-1.8033389576177303,1.0011241936991457
2022-07-06,144.8385031080415,148.3411194788885,144.3803990938648,147.51080322265625,1608100,WM,146.26770622586275,145.72141955367533,148.3411194788885,144.3803990938648,147.8275597722554,146.67825177214633,-0.44491160808755126,-1.5316534877116945,1.0867418796241433
2022-07-07,147.3485894173144,148.1121059771439,146.2128605369623,146.5564422607422,1124000,WM,147.0574995480407,145.99456288976904,148.1121059771439,145.99456288976904,147.8023126544622,146.7788427656776,-0.23603437916366943,-1.2725296660020895,1.03649528683842
2022-07-08,146.35601002800573,146.7568528958202,145.40161808667634,145.79290771484375,881100,WM,146.0768471813365,146.52603121890488,146.7568528958202,145.40161808667634,147.5892175480058,146.88474737501568,-0.13060301681161945,-1.0441443361639955,0.913541319352376
2022-07-11,145.48752522299228,146.65188467934527,145.163035423777,145.6211395263672,1121000,WM,145.73089621312045,146.30143920012068,146.65188467934527,145.163035423777,147.34168698445092,146.9980538706637,-0.06021404975544442,-0.8473582788822853,0.7871442291268409
2022-07-12,145.22028275022683,146.59460948963994,143.7314336368178,144.14181518554688,1667900,WM,144.92203526555787,146.01616770662056,146.59460948963994,143.7314336368178,147.04552074364864,147.0963150715564,-0.1223885779705256,-0.7023643386999334,0.5799757607294078
2022-07-13,142.79611297345727,144.2945152629554,142.2139333256006,143.5691680908203,1170200,WM,143.2184324132084,145.46910148608922,145.46910148608922,142.2139333256006,146.73928216347858,147.18151515673944,-0.21538732326857257,-0.6049689356136613,0.3895816123450887
2022-07-14,142.2235014015826,144.3804221014564,141.92764220855418,144.1800079345703,1286400,WM,143.17789341154088,144.3437669496488,144.3804221014564,141.92764220855418,146.5394944650284,147.26448812708148,-0.23706706696910373,-0.5313885618847498,0.2943214949156461
2022-07-15,145.76428130241734,145.76428130241734,143.96048106408315,145.07711791992188,1075400,WM,145.14154039720992,143.76083018059484,145.76428130241734,143.76083018059484,146.40468973480574,147.3643999577207,-0.17978667283782102,-0.4610681840753641,0.2812815112375431
2022-07-18,145.2489044884813,145.49704113796642,142.01351655455554,142.4620819091797,1252400,WM,143.80538602254572,144.45118528890237,145.49704113796642,142.01351655455554,146.22828682509177,147.4605806166542,-0.34146688145131066,-0.43714792355055343,0.09568104209924277
2022-07-19,143.3783251933058,145.39209316423575,142.88205177242116,145.2012176513672,1438400,WM,144.21342194533247,144.12828565572403,145.39209316423575,142.88205177242116,146.07173580872026,147.56432011331154,-0.24574149416255864,-0.3988666376729545,0.15312514351039586
2022-07-20,145.65931060334665,146.2701209353164,144.9244392071218,145.78338623046875,1057500,WM,145.6593142440634,144.17085380052825,146.2701209353164,144.17085380052825,145.94918755177451,147.69082432759882,-0.12150170015715389,-0.3433936501697944,0.2218919500126405
2022-07-21,146.27966522633724,148.58929210787883,145.46842620502437,148.1693572998047,1371200,WM,147.1266852097613,144.91508402229584,148.58929210787883,144.91508402229584,145.85256501240482,147.80173788238633,0.167555679026691,-0.24120378433049733,0.4087594633571883
2022-07-22,148.6083764945235,149.39097031847615,147.272219030829,147.8639373779297,1145200,WM,148.28387580543958,146.02088461602858,149.39097031847615,146.02088461602858,145.80883625710553,147.9197508549688,0.36775168685272774,-0.11941269009385233,0.4871643769465801
2022-07-25,147.84487979416514,149.42917413333353,147.33905315957855,148.7897186279297,988100,WM,148.35070642875172,147.15238021073407,149.42917413333353,147.15238021073407,145.77566447284013,148.02556008836802,0.594261004245169,0.023322048773951935,0.5709389554712171
2022-07-26,148.69428549795438,149.2764652356493,147.71126284358104,147.9403076171875,1764400,WM,148.40558029859307,147.7515433197429,149.2764652356493,147.71126284358104,145.76307423806892,148.10039956962868,0.697194081069,0.15809645523296156,0.5390976258360385
2022-07-27,150.3167441499595,152.55001799652806,149.84908681441655,152.03465270996094,2064400,WM,151.18762541771625,148.07856180916798,152.55001799652806,148.07856180916798,145.79181995119094,148.16971905472383,1.0965088457411696,0.3457789333346032,0.7507299124065664
2022-07-28,152.78862867789596,157.46515873267347,152.55958389280616,157.06431579589844,1563700,WM,154.9694217748185,149.6330936134421,157.46515873267347,149.6330936134421,145.8926377068037,148.25541829838716,1.7980931514623535,0.6362417769601533,1.1618513745022003
2022-07-29,157.4746986537475,159.28803784340107,156.74936589045967,157.0547637939453,2070000,WM,157.6417165453884,152.3012576941303,159.28803784340107,152.3012576941303,146.050085169968,148.34834270567245,2.3265143919546176,0.9742962999590462,1.3522180919955713
2022-08-01,156.43440339996346,157.15973611064544,155.09824580087536,155.90948486328125,2016300,WM,156.15046754369138,154.97148711975933,157.15973611064544,154.97148711975933,146.2259446145118,148.4733247381484,2.6226453706126165,1.3039661140897603,1.3186792565228562
2022-08-02,156.01448895486874,156.88298932332086,154.75468430223017,155.88087463378906,1585500,WM,155.88325930355222,155.56097733172535,156.88298932332086,154.75468430223017,146.449353665145,148.61435144365424,2.82248682708763,1.6076702566893344,1.2148165703982956
2022-08-03,156.57756921583336,159.04944131689192,156.26261806800792,158.6008758544922,1400200,WM,157.62262611380635,155.72211831763877,159.04944131689192,155.72211831763877,146.684548688842,148.76815790279687,3.163872831081818,1.9189107715678313,1.2449620595139868
2022-08-04,158.12365680799874,161.56901245033598,158.11411813079718,161.41632080078125,2039000,WM,159.80577704747827,156.67237221572256,161.56901245033598,156.67237221572256,146.92994990553706,148.92602503275478,3.6198788660395564,2.2591043904621766,1.3607744755773798
2022-08-05,160.337857766541,161.94122935403053,158.63904115285337,161.1300048828125,1468900,WM,160.51203328905933,158.23907463160043,161.94122935403053,158.23907463160043,147.16153182734368,149.08193951258255,3.913056354489953,2.589894783267732,1.323161571222221
2022-08-08,161.75990102015118,163.36327254732902,161.31133562705278,161.76943969726562,1483000,WM,162.05098722294966,159.37555396032988,163.36327254732902,159.37555396032988,147.41956896131663,149.2338402544881,4.149169627169698,2.9017497520481257,1.2474198751215724
2022-08-09,162.23710569091168,163.14377520275076,161.65492597272168,162.1511993408203,1171800,WM,162.2967515518011,160.71327059163977,163.14377520275076,160.71327059163977,147.66845412824676,149.3900048958758,4.317328434855682,3.184865488609637,1.132462946246045
2022-08-10,163.6400810408751,164.5753812508058,161.3877150312381,162.3134765625,1351900,WM,162.97916347135475,161.50501107172045,164.5753812508058,161.3877150312381,147.89339533526493,149.54638774414468,4.412821655884898,3.4304567220646893,0.9823649338202083
2022-08-11,162.24665660021714,163.0674343867094,161.65493815979283,161.99851989746094,1239000,WM,162.24188726104506,162.2420872715376,163.0674343867094,161.65493815979283,148.11485450043244,149.6910732010649,4.412224967960128,3.6268103712437774,0.7854145967163508
2022-08-12,162.58069843323509,163.9550108106737,162.25619405470286,163.9073028564453,1396800,WM,163.17480153876426,162.24198726629135,163.9550108106737,162.24198726629135,148.36119821166002,149.83798294024643,4.513743297875834,3.804196956570189,0.7095463413056451
2022-08-15,163.0674388332337,165.00485367925984,162.34210606187494,164.82351684570312,1522100,WM,163.8094788550179,162.7083944025278,165.00485367925984,162.34210606187494,148.61349201742198,149.99722767109776,4.614930076321798,3.966343580520511,0.648586495801287
2022-08-16,164.3940237979852,167.50533650938192,164.14588711790313,166.83726501464844,1554600,WM,165.72062810997969,163.25893662877286,167.50533650938192,163.25893662877286,148.89947588635425,150.1891283841689,4.802256550674542,4.133526174551317,0.6687303761232251
2022-08-17,166.3409723963838,167.56260753309923,166.0928357233058,167.2953643798828,942800,WM,166.82294500816792,164.48978236937626,167.56260753309923,164.48978236937626,149.2014456001036,150.39022267370257,4.930839275662777,4.29298879477361,0.637850480889167
2022-08-18,167.80121083962146,167.95390249403562,166.26463911504328,167.00906372070312,795400,WM,167.25720404235085,165.6563636887721,167.95390249403562,165.6563636887721,149.52197803602579,150.5831128444079,4.952550027264181,4.424901041271724,0.5276489859924567
2022-08-19,167.49580453344976,167.52443512987912,166.15966149052343,166.36962890625,1207100,WM,166.8873825150256,166.45678386556148,167.52443512987912,166.15966149052343,149.84308374998574,150.75688335844583,4.862111513807292,4.5123431357788375,0.34976837802845484
2022-08-22,165.28159096684234,167.266727971059,164.74713380471965,166.2932586669922,1391600,WM,165.8971778524033,166.67208319029353,167.266727971059,164.74713380471965,150.19935745739193,150.914050795836,4.729754237581972,4.555825356139464,0.1739288814425075
2022-08-23,165.48203336321146,166.17873546693633,164.81396185533373,165.52020263671875,1549500,WM,165.49873333055007,166.28463052134842,166.28463052134842,164.81396185533373,150.61389783079855,151.06048563549882,4.510486896385544,4.54675766418868,-0.03627076780313665
2022-08-24,165.86376076826292,166.33141803872203,164.89983019843268,165.56790161132812,1689600,WM,165.66572765418644,165.89168192594923,166.33141803872203,164.89983019843268,151.090949775952,151.2011765626627,4.291099730785845,4.495626077508113,-0.20452634672226822
2022-08-25,165.52975274405475,166.77046527112407,164.83305065351723,166.6654815673828,1235000,WM,165.9496875590197,165.77870479006782,166.77046527112407,164.83305065351723,151.610139162052,151.34931699588395,4.157870013710237,4.428074864748538,-0.27020485103830083
2022-08-26,167.0186081432346,167.23811423633438,163.64960538400325,163.68777465820312,1235900,WM,165.39852560544384,165.86419617454376,167.23811423633438,163.64960538400325,152.1376790448848,151.4890707580547,3.7685667495858297,4.296173241715997,-0.5276064921301673
2022-08-29,162.91471299165593,164.99529514355686,162.55205393105646,163.89773559570312,924300,WM,163.5899494154931,165.6313608899938,165.6313608899938,162.55205393105646,152.67929648722156,151.60078241151837,3.4373594607466487,4.1244104855221275,-0.6870510247754789
2022-08-30,163.6591381251453,164.53717702856076,162.5138706234236,162.94334411621094,1672300,WM,163.41338247333516,164.61065515274345,164.61065515274345,162.5138706234236,153.26123634156457,151.70659346520375,3.062560589807788,3.9120405063792596,-0.8494799165714717
2022-08-31,163.45875129968758,164.09819230708462,161.29227699265633,161.32090759277344,2098800,WM,162.54253204805048,164.0120188130393,164.09819230708462,161.29227699265633,153.78386156473863,151.78675395275556,2.604588639597921,3.650550133022992,-1.0459614934250712
2022-09-01,161.4926879568828,162.52341857323128,161.09183047368734,162.28482055664062,1461700,WM,161.84818939011052,163.27727543054488,163.27727543054488,161.09183047368734,154.2676429547394,151.84089031023024,2.292990127125478,3.3790381318434894,-1.0860480047180117
2022-09-02,162.91473150704303,163.38238888714247,160.1565388706199,160.76734924316406,1803800,WM,161.80525212699237,162.5627324103277,163.38238888714247,160.1565388706199,154.71024237042113,151.89381275688237,1.9016774541460961,3.083565996304011,-1.1818885421579148
2022-09-06,161.29224008147162,162.51386061646772,160.4905543359177,161.4449462890625,1565900,WM,161.43540033072986,162.18399226866003,162.51386061646772,160.4905543359177,155.09195118063815,151.9606446070133,1.6274752387593026,2.7923478447950694,-1.1648726060357668
2022-09-07,161.74081386573843,166.2550839609945,161.74081386573843,165.8065185546875,2146100,WM,163.88580756178973,161.80969629969496,166.2550839609945,161.74081386573843,155.51121489436855,152.07355610780084,1.7420294075658376,2.582284157349223,-0.8402547497833854
2022-09-08,165.27008512061946,167.03275810841137,164.87731130622998,166.28553771972656,1503500,WM,165.86642306374685,162.84775193074233,167.03275810841137,162.84775193074233,155.97300213561476,152.21278476364853,1.8501399927870068,2.4358553244367798,-0.585715331649773
2022-09-09,166.86987701257988,167.23391264706143,165.33710924192184,166.11306762695312,2308200,WM,166.38849163212905,164.3570874972446,167.23391264706143,164.3570874972446,156.43143953781967,152.37073077449529,1.8999995038041675,2.3286841603102575,-0.42868465650609
2022-09-12,166.1034900430145,167.39676373909077,165.7873561480279,166.41004943847656,1577500,WM,166.42441484215243,165.37278956468683,167.39676373909077,165.37278956468683,156.86540009872152,152.5249250765759,1.941101664023961,2.2511676610529983,-0.31006599702903737
2022-09-13,165.07847569036934,166.20888065766528,163.58402045008805,164.01512145996094,1815200,WM,164.7216245645209,165.8986022034196,166.20888065766528,163.58402045008805,157.2135766637092,152.64902279920807,1.7601350087701633,2.1529611305964313,-0.3928261218262681
2022-09-14,164.4366047807114,166.42919698110822,163.69897364975424,164.51324462890625,1706200,WM,164.76950501012004,165.31011338397025,166.42919698110822,163.69897364975424,157.5910560336621,152.76155166102058,1.638029819313175,2.0499748683397803,-0.4119450490266052
2022-09-15,164.16839031152463,165.2796463037638,163.26789027014317,163.84268188476562,1764700,WM,164.1396521925493,165.03980919704514,165.2796463037638,163.26789027014317,157.94849495299584,152.88802736262562,1.4702041691312218,1.9340207284980686,-0.46381655936684685
2022-09-16,162.62604211651774,163.14335747473783,161.57227701737312,162.22369384765625,3436900,WM,162.39134261407125,164.58973069479723,164.58973069479723,161.57227701737312,158.25517181431644,153.0287422343893,1.192812330055375,1.78577904880953,-0.592966718754155
2022-09-19,161.3327815755553,164.02469246261884,161.05496028100322,163.72772216796875,2175900,WM,162.53503912178653,163.49053665443424,164.02469246261884,161.05496028100322,158.58433565312546,153.08677660056563,1.0818687058464604,1.6449969802169162,-0.5631282743704558
2022-09-20,162.80805178855476,162.89426613808806,160.86336127766808,162.5685577392578,1782300,WM,162.28355923589217,163.01278788811038,163.01278788811038,160.86336127766808,158.9153889135809,153.1285379490159,0.8901491175708145,1.494027407687696,-0.6038782901168815
2022-09-21,163.66068410672463,165.85445824103743,161.79263305664062,161.79263305664062,1534600,WM,163.27510211526084,162.64817356200126,165.85445824103743,161.79263305664062,159.28245025057495,153.16398549711178,0.6679001877720623,1.3288019637045694,-0.6609017759325071
2022-09-22,161.84050064934186,161.95545311507203,159.5701017458308,159.85748291015625,1324300,WM,160.80588460510023,162.96163783863105,162.96163783863105,159.5701017458308,159.63419929441278,153.1867407289457,0.33179118336377655,1.129399807636411,-0.7976086242726343
2022-09-23,158.73669716966643,159.35939064183577,157.23268172223865,158.7750244140625,1750600,WM,158.52594848695085,161.88376122186565,161.88376122186565,157.23268172223865,159.941160395921,153.2403274304747,-0.021673143805344353,0.8991852173480599,-0.9208583611534042
2022-09-26,158.5450723956668,159.60842663812858,157.51045627184797,158.27684020996094,1880700,WM,158.48519887890106,160.20485485440827,160.20485485440827,157.51045627184797,160.2080335655548,153.30636165018026,-0.33809808714190126,0.6517285564500677,-0.9898266435919689
2022-09-27,158.72711912042988,158.76543174640904,155.2879871995538,156.3609161376953,2513100,WM,157.285363551022,159.34502686665468,159.34502686665468,155.2879871995538,160.47763311612434,153.35295997060805,-0.7349936458097659,0.37438411599810095,-1.1093777618078668
2022-09-28,157.07937374285456,158.82288299287805,155.35501349402603,157.7499542236328,2612100,WM,157.25180611334787,158.31519520883833,158.82288299287805,155.35501349402603,160.73840079948465,153.40506830410243,-0.9267692516336012,0.11415344247176053,-1.0409226941053618
2022-09-29,157.66376768649363,157.8649345574454,154.03302871390702,155.10597229003906,1845100,WM,156.16692581197128,157.78350066109311,157.8649345574454,154.03302871390702,160.9485530308428,153.44887029130865,-1.2773752594274868,-0.1641522979080889,-1.1132229615193978
2022-09-30,155.55617778567262,155.98726414593165,153.3624041335431,153.4773712158203,1993200,WM,154.5958043202419,156.9752132365322,156.9752132365322,153.3624041335431,161.09793541305243,153.4752502127286,-1.667426487871154,-0.464807135900702,-1.202619351970452
2022-10-03,154.82810422886035,158.5642200699007,154.56946118708123,158.15228271484375,1615000,WM,156.5285170501715,155.78550877838705,158.5642200699007,154.56946118708123,161.26282823794705,153.5358322475263,-1.5810927553864644,-0.6880642597978546,-0.8930284955886099
2022-10-04,159.64673949341173,162.14705814195165,159.368932806933,161.11244201660156,1637500,WM,160.56879311472449,156.15701291427928,162.14705814195165,156.15701291427928,161.5071899716665,153.64142722225333,-1.259296151671208,-0.8023106381725253,-0.45698551349868266
2022-10-05,159.98204054407478,161.12203466879694,159.4359870419575,159.62759399414062,1190500,WM,160.04191406224248,158.36290301450188,161.12203466879694,158.36290301450188,161.7399166469395,153.7514954425042,-1.1112747670573242,-0.8641034639494851,-0.24717130310783908
2022-10-06,158.19061491911867,158.78455548676018,152.20326365642032,152.70140075683594,3011000,WM,155.46995870478378,159.2024085383722,159.2024085383722,152.20326365642032,161.82556331268086,153.8086916319359,-1.5351563363093987,-0.9983140384214679,-0.5368422978879308
2022-10-07,151.36027244073483,152.11706737121213,148.22768549413954,148.7162628173828,1963100,WM,150.10532203086734,157.336183621578,157.336183621578,148.22768549413954,161.72828131780182,153.81045951230277,-2.1676653633856517,-1.2321843034143047,-0.935481059971347
2022-10-10,149.37723957090205,149.94245670529958,147.64330478200623,148.96531677246094,1415100,WM,148.9820794576672,153.72075282622268,153.72075282622268,147.64330478200623,161.5550885760474,153.80258687300773,-2.6186505777738205,-1.5094775582862079,-1.1091730194876126
2022-10-11,148.61084963291725,150.76629604012038,148.37135558767247,149.70294189453125,1641100,WM,149.36286078881034,151.35141614194492,151.35141614194492,148.37135558767247,161.41933644094976,153.82264052773078,-2.8833025100464056,-1.7842425486382474,-1.0990599614081582
2022-10-12,150.49806675010177,150.70882268334256,147.82530496834644,147.86363220214844,1353400,WM,149.2239566509848,150.35713846537763,150.70882268334256,147.82530496834644,161.28615038789843,153.8677520265217,-3.2045183012757548,-2.068297699165749,-1.1362206021100056
2022-10-13,145.12386131565344,151.17826503049676,144.86520357474376,150.76634216308594,1826200,WM,147.98341802099497,149.79054755818123,151.17826503049676,144.86520357474376,161.0933662260422,153.8889574574421,-3.1881091573347646,-2.2922599907995522,-0.8958491665352124
2022-10-14,152.21284584272624,152.62478323153186,147.64329503536092,148.2276611328125,1413600,WM,150.17714631060787,148.8869827895881,152.62478323153186,147.64329503536092,160.9007936113048,153.91537175842095,-3.341437127803573,-2.5020954182003563,-0.8393417096032167
2022-10-17,150.05741599085502,151.94463058373938,149.84666002288913,151.18783569335938,1374100,WM,150.7591355727107,149.53206455009797,151.94463058373938,149.53206455009797,160.70573565697782,153.93363374216077,-3.187347542824625,-2.63914584312521,-0.548201699699415
2022-10-18,153.60188564016593,154.83768300524983,152.56726968947547,154.34910583496094,1335800,WM,153.83898604246303,150.14560006140434,154.83768300524983,150.14560006140434,160.5414956333681,153.98053229734234,-2.7781179416697626,-2.666940262834121,-0.11117767883564156
2022-10-19,153.2762008997678,154.8377068740526,152.86427812627733,154.71316528320312,1205900,WM,153.92283779582522,151.9922930519337,154.8377068740526,151.9922930519337,160.37401735824858,154.0212357432477,-2.396795216213775,-2.612911253510052,0.21611603729627715
2022-10-20,155.61366476434742,155.71904273680403,151.96377758184843,152.58645629882812,1302400,WM,153.970735345457,152.95756542387946,155.71904273680403,151.96377758184843,160.19384879573062,154.0436220654978,-2.2403761882857225,-2.5384042404651863,0.2980280521794638
2022-10-21,151.9062975001195,153.9276133084741,150.64176186265104,153.11334228515625,1486200,WM,152.39725373910022,153.46415038466824,153.9276133084741,150.64176186265104,159.99695612529172,154.05590531286208,-2.050263524324066,-2.4407760972369625,0.3905125729128964
2022-10-24,155.34542320040794,157.27095008893428,154.88558410243058,155.8531494140625,2086500,WM,155.8387767014588,152.93070206188423,157.27095008893428,152.93070206188423,159.85023562854562,154.10571692010282,-1.6593899166427946,-2.284498861118129,0.6251089444753344
2022-10-25,156.667414540831,158.28639658762347,156.2459173098073,158.1139678955078,2076300,WM,157.3284240834424,154.38473938167152,158.28639658762347,154.38473938167152,159.7206145331141,154.16705327526805,-1.1538892919721775,-2.058376947288939,0.9044876553167613
2022-10-26,159.7808576848338,160.48976539602003,152.97923485139012,153.24746704101562,2923700,WM,156.62433124331488,155.85658173255695,160.48976539602003,152.97923485139012,159.5386885957808,154.21908224106753,-1.132902952865237,-1.8732821484041986,0.7403791955389616
2022-10-27,153.4582340206239,155.14426713622882,151.0824567628263,151.6476593017578,2399700,WM,152.83315430535922,156.24045648793592,156.24045648793592,151.0824567628263,159.25889278172465,154.23016919091413,-1.2311700800257768,-1.7448597347285144,0.5136896547027376
2022-10-28,150.8812588234953,151.3602469467445,149.73169025120873,151.27403259277344,2376200,WM,150.8118071535555,154.53680539664757,154.53680539664757,149.73169025120873,158.92998484394874,154.22598143998724,-1.323934545839478,-1.6606746969507071,0.3367401511112291
2022-10-31,151.13032507597225,153.77434883114353,150.41184290207696,151.71469116210938,2788600,WM,151.75780199282553,152.67430627510151,153.77434883114353,150.41184290207696,158.62739323350473,154.23523849174524,-1.3463734346543106,-1.597814444491428,0.25144100983711737
2022-11-01,152.36613804938554,153.32411437837564,149.109009760284,149.9424591064453,2240400,WM,151.18543032362263,152.21605413396352,153.32411437837564,149.109009760284,158.33315828292913,154.26625787016053,-1.489985110563282,-1.5762485777057988,0.08626346714251687
2022-11-02,149.61670087577457,152.87382839924337,148.69705200195312,148.69705200195312,1721600,WM,149.97115831973105,151.70074222879308,152.87382839924337,148.69705200195312,158.02260678271273,154.31825230675562,-1.684870208450775,-1.597972903854794,-0.08689730459598088
2022-11-03,148.00734253334153,152.17454540314841,147.40381276966446,150.52682495117188,1693000,WM,149.52813141433157,150.83595027426207,152.17454540314841,147.40381276966446,157.69985485791562,154.39540231693383,-1.6723923694397342,-1.6128567969717822,-0.05953557246795205
2022-11-04,151.41772774471,152.11704633280712,147.47087016784226,149.22396850585938,1663100,WM,150.05740318780468,150.1820408442968,152.11704633280712,147.47087016784226,157.38200917049136,154.49607416627165,-1.747489250530748,-1.6397832876835754,-0.1077059628471726
2022-11-07,149.96160625008753,151.17824026574507,149.32935299013346,150.73757934570312,1195400,WM,150.30169471291728,150.11972201605073,151.17824026574507,149.32935299013346,157.08007255264081,154.6088757987628,-1.6656675462068051,-1.6449601393882214,-0.02070740681858374
2022-11-08,150.35437687180226,153.40074909701093,149.7412726265014,152.93133544921875,1360100,WM,151.60693351113335,150.210708364484,153.40074909701093,149.7412726265014,156.8404122345536,154.75985436088757,-1.4075797690775858,-1.5974840653260942,0.18990429624850846
2022-11-09,153.09420722359013,154.15756161978283,151.42733763108694,151.55186462402344,1386100,WM,152.55774277462083,150.90882093780868,154.15756161978283,150.90882093780868,156.62329944057933,154.94226789107196,-1.2993767073072604,-1.5378625937223276,0.23848588641506718
2022-11-10,154.52154035108086,154.8951504272389,151.12072243768856,154.4449005126953,1785500,WM,153.7455784321759,151.73328185621477,154.8951504272389,151.12072243768856,156.44736036826183,155.11561096650024,-0.9690110272534866,-1.4240922804285594,0.45508125317507275
2022-11-11,154.55031765136061,154.90476420340778,149.51136759464882,151.51353454589844,2358000,WM,152.61999599882893,152.73943014419535,154.90476420340778,149.51136759464882,156.2627965004362,155.26521972758778,-0.932975816274876,-1.325868987597823,0.3928931713229469
2022-11-14,152.02126331087527,153.6593946187865,150.95790901970756,150.9674835205078,1781500,WM,151.90151261746928,152.67971307151214,153.6593946187865,150.95790901970756,156.06472171024575,155.38748204033345,-0.937670524043341,-1.2482292948869265,0.3105587708435855
2022-11-15,152.1745116726374,152.8067647990202,148.0743750709771,150.48846435546875,2021900,WM,150.88602897452586,152.2906128444907,152.8067647990202,148.0743750709771,155.85373428312167,155.4728427318799,-0.9688753649585635,-1.1923585089012538,0.2234831439426903
2022-11-16,150.93876831516474,153.53489094689314,150.60348532555332,151.43692016601562,1960800,WM,151.6285161884067,151.5883209095083,153.53489094689314,150.60348532555332,155.608588455654,155.55990167501128,-0.9066219948632295,-1.135211206093649,0.22858921123041953
2022-11-17,151.1399283197766,153.0941935837014,150.1148866394533,152.40444946289062,1228900,WM,151.68836450145548,151.6084185489575,153.0941935837014,150.1148866394533,155.32502728440818,155.64901471001147,-0.7703342881162882,-1.062235822498177,0.2919015343818887
2022-11-18,153.80310106939552,154.8089791287103,153.12293145060292,154.4066162109375,1497000,WM,154.03540696491154,151.64839152520648,154.8089791287103,151.64839152520648,155.07796559106382,155.75470256444174,-0.4950604264263063,-0.9488007432838028,0.4537403168574965
2022-11-21,155.2592232761107,157.15601222443695,154.7514823977257,155.9585418701172,1452900,WM,155.78131494209762,152.841899245059,157.15601222443695,152.841899245059,154.8651035930627,155.86525184589212,-0.14994797022265516,-0.7890301886715734,0.6390822184489182
2022-11-22,156.40877351611317,157.32842245434773,155.4891099603223,156.38003540039062,1002100,WM,156.40158533279345,154.31160709357832,157.32842245434773,154.31160709357832,154.69870280842818,155.95613973606868,0.15577150608660872,-0.600069849719937,0.7558413558065458
2022-11-23,156.38963429888602,157.52003934048352,156.0255986195302,157.11769104003906,1718200,WM,156.7632408247347,155.35659621318587,157.52003934048352,155.35659621318587,154.53857752472047,156.0648167791913,0.4523644629836383,-0.389582987179222,0.8419474501628603
2022-11-25,157.83616353294659,158.3343152816866,156.90692539017823,157.5487823486328,911100,WM,157.65654663836105,156.05991851896027,158.3343152816866,156.05991851896027,154.40891541363672,156.17870518331628,0.7139717619448049,-0.16887203735441664,0.8828437992992215
2022-11-28,156.63869320994613,158.2193628114956,156.63869320994613,157.67330932617188,2245500,WM,157.29251463938994,156.85823257866065,158.2193628114956,156.63869320994613,154.30693885414308,156.28105533422976,0.9207320911118586,0.04904878833883842,0.8716833027730202
2022-11-29,157.10809938695866,158.21935530547034,156.5907986621657,158.14271545410156,2091700,WM,157.51524220217408,157.0753736090253,158.21935530547034,156.5907986621657,154.20654291575084,156.39543928443814,1.109676631677445,0.2611743570065597,0.8485022746708852
2022-11-30,157.75952735942562,160.67178344726562,157.29970283623544,160.67178344726562,3260500,WM,159.10069927254807,157.29530790559969,160.67178344726562,157.29530790559969,154.14288571648393,156.52913731503241,1.4468132297897682,0.4983021315632014,0.9485110982265668
2022-12-01,162.1912672889086,164.16276212996272,161.27765202337488,161.39306640625,1801200,WM,162.25618696212405,158.1980035890739,164.16276212996272,158.1980035890739,154.1225074134212,156.7024788319981,1.752001931821951,0.7490420916149514,1.0029598402069997
2022-12-02,160.21976456865542,163.3933734996201,159.95048883723328,163.30682373046875,1374000,WM,161.7176126589944,160.22709527559897,163.3933734996201,159.95048883723328,154.1407419744991,156.88747063445592,2.123808457205655,1.0239953647330922,1.0998130924725629
2022-12-05,161.82582494560435,162.46053799671301,160.69100737499917,161.36419677734375,1738200,WM,161.5853917736651,160.97235396729667,162.46053799671301,160.69100737499917,154.2019308402334,157.07154561807718,2.2359395283287142,1.2663841974522165,0.9695553308764977
2022-12-06,161.07569959088616,161.27764907697772,158.47908880285178,159.2196044921875,1917700,WM,160.01301049072578,161.27887287048088,161.27887287048088,158.47908880285178,154.23248707246987,157.22026031901234,2.127232127933155,1.4385537835484044,0.6886783443847506
2022-12-07,159.12343669260886,160.4409655361557,158.51755890934726,158.8830108642578,1259000,WM,159.24124300059242,160.64594168060333,160.64594168060333,158.51755890934726,154.27160466146128,157.37461888879284,1.9909697769287504,1.5490369822244736,0.4419327947042768
2022-12-08,158.8252935866167,160.46020093061463,158.777220161322,159.65235900878906,1162500,WM,159.4287684218356,159.9435923405979,160.46020093061463,158.777220161322,154.31514390763104,157.52677235355785,1.9228949120083882,1.6238085681812566,0.2990863438271316
2022-12-09,160.66216667571632,161.98932205543528,159.93127737897083,160.44097900390625,1609800,WM,160.7559362785072,159.68618038121673,161.98932205543528,159.68618038121673,154.40692411696176,157.67773857390227,1.9105564287096684,1.681158140286939,0.22939828842272925
2022-12-12,161.8835123245715,162.48939007721168,159.20035199810263,160.40248107910156,1435500,WM,160.99393386974685,160.22105832986196,162.48939007721168,159.20035199810263,154.53488670795187,157.81641106050213,1.8760457434774196,1.7201356609250353,0.15591008255238425
2022-12-13,161.62384255581173,162.39320807502992,159.488860210334,160.364013671875,1421300,WM,160.96748112826265,160.6074960998044,162.39320807502992,159.488860210334,154.62366598951368,157.94324711373037,1.8245593935767772,1.741020407455384,0.08353898612139332
2022-12-14,160.39286239621234,162.96060824130313,159.51770894121137,160.16204833984375,1615800,WM,160.75830697964264,160.78748861403352,162.96060824130313,159.51770894121137,154.62745626681203,158.0673231192393,1.7473171910301915,1.7422797641703456,0.005037426859845873
2022-12-15,159.0753318674386,159.2099697301827,156.66144741294733,157.1134490966797,1873000,WM,158.01504952681208,160.7728977968381,160.7728977968381,156.66144741294733,154.58691897610345,158.16341781152147,1.4236942472323904,1.6785626607827546,-0.25486841355036427
2022-12-16,155.63247049616288,156.1806338299225,153.36284977561868,155.593994140625,2909300,WM,155.19248706058227,159.3939736618251,159.3939736618251,153.36284977561868,154.58136954321938,158.2034664279501,1.0327089899593034,1.5493919266180645,-0.5166829366587611
2022-12-19,153.98794859305724,154.32455066349806,148.51585372570244,151.55484008789062,2411800,WM,152.09579826753708,157.29323036120368,157.29323036120368,148.51585372570244,154.6211790679528,158.1747301928773,0.3924010264649951,1.3179937465874507,-0.9255927201224556
2022-12-20,150.84318823015067,152.52616922556453,150.16037234097655,151.74717712402344,1346700,WM,151.3192267301788,154.6945143143704,154.6945143143704,150.16037234097655,154.66792201340303,158.11150529472522,-0.09839343807936984,1.0347163096540866,-1.1331097477334564
2022-12-21,152.75696162415895,153.74751493333486,151.96837248188461,153.17050170898438,1382300,WM,152.9108376870907,153.0068705222746,153.74751493333486,151.96837248188461,154.73888155136862,158.07910899615922,-0.3682561606391346,0.7541218155954423,-1.122377976234577
2022-12-22,152.52616029398368,153.07432358397298,150.1699752988333,151.68946838378906,1483100,WM,151.86498189014475,152.95885410468264,153.07432358397298,150.1699752988333,154.79170205615182,158.03892622202514,-0.6936355257868456,0.4645703473189848,-1.1582058731058305
2022-12-23,151.4009475482248,153.2955042741459,150.97781041136102,153.11279296875,632900,WM,152.19676380062043,152.4119179974137,153.2955042741459,150.97781041136102,154.87596897174436,157.98466759889325,-0.8271161381331922,0.2062330502285494,-1.0333491883617416
2022-12-27,153.5359427562293,153.7763686075071,152.21841378704437,153.39169311523438,1288500,WM,153.23060456650379,152.30434089901706,153.7763686075071,152.21841378704437,154.93703813686227,157.91891587408352,-0.9000206958002934,-0.015017698977219164,-0.8850029968230743
2022-12-28,153.19934149442952,153.8340692061811,151.21823500723028,151.34324645996094,806400,WM,152.39872304195046,152.76747273276044,153.8340692061811,151.21823500723028,154.96982988624706,157.83778277161244,-1.1102918551248138,-0.2340725302067381,-0.8762193249180756
2022-12-29,152.17030759998335,153.18971074036003,151.49711823128436,152.78579711914062,1350200,WM,152.4107334226921,152.58309788735545,153.18971074036003,151.49711823128436,154.94126483385165,157.74138023360985,-1.1473060515257032,-0.41671923447053116,-0.730586817055172
2022-12-30,152.42997924968157,152.50691727774213,149.59295733417883,150.8720245361328,946300,WM,151.35046959943384,152.49691565502377,152.50691727774213,149.59295733417883,154.8898174699238,157.6319174140862,-1.315896684370017,-0.5965547244504283,-0.7193419599195887
2023-01-03,151.38170251802575,151.47786403228005,149.4005962963888,151.01625061035156,1119200,WM,150.81910336426154,151.9236926272288,151.9236926272288,149.4005962963888,154.82678483029989,157.51031681301527,-1.4214821750155693,-0.7615402145634566,-0.6599419604521127
2023-01-04,151.150916498989,151.56445657768947,149.88147568467642,150.90087890625,1274200,WM,150.87443191690122,151.37139799574516,151.56445657768947,149.88147568467642,154.79632839385593,157.3966422595738,-1.4972100637400843,-0.9086741843987821,-0.5885358793413021
2023-01-05,150.0930250502454,150.4873122085847,147.6791406333267,147.9868927001953,1475000,WM,149.06159264808804,151.1229149563232,151.1229149563232,147.6791406333267,154.6607847127885,157.25551017066707,-1.7719335478250287,-1.0813260570840315,-0.6906074907409971
2023-01-06,149.62181627380073,153.74751739039166,149.35254049658138,153.382080078125,1745600,WM,151.52598855972468,150.09225380220562,153.74751739039166,149.35254049658138,154.54473600231415,157.13267526771412,-1.5365944519561765,-1.1723797360584607,-0.3642147158977158
2023-01-09,154.9496270962317,155.5266549314646,151.92987939729127,152.179931640625,1744200,WM,153.64652326640314,150.80912118096515,155.5266549314646,150.80912118096515,154.4851798427759,157.01193421927834,-1.4305988026064256,-1.2240235493680538,-0.20657525323837178
2023-01-10,149.16981577350555,149.83339347102876,145.92887999366954,148.97747802734375,2415700,WM,148.4773918163869,152.22782222368414,152.22782222368414,145.92887999366954,154.39806459299646,156.82847868736056,-1.5867170430345254,-1.2965622481013481,-0.2901547949331773
2023-01-11,150.73738788396525,151.6990912309167,149.3332945406676,150.97781372070312,1652400,WM,150.68689684406317,150.35260702003552,151.6990912309167,149.3332945406676,154.39556638680662,156.66277561537768,-1.5313787197625288,-1.3435255424335844,-0.18785317732894447
2023-01-12,150.96818241777268,151.39133422466773,146.30393014041863,146.83285522460938,2173500,WM,148.8740755018671,150.51975193204936,151.39133422466773,146.30393014041863,154.33789185698745,156.48264254524608,-1.8012228340411127,-1.43506500075509,-0.3661578332860227
2023-01-13,146.36164264049268,148.40044915053824,145.986578901863,148.28504943847656,2657900,WM,147.25843003284263,149.69691371695825,149.69691371695825,145.986578901863,154.25935185117186,156.2962550670505,-1.8762678542751985,-1.5233055714591117,-0.35296228281608677
2023-01-17,148.83322416780558,149.53527826853986,148.2465844624201,148.45816040039062,2036700,WM,148.76831182478904,148.47767187490044,149.53527826853986,148.2465844624201,154.235294921273,156.12895085199287,-1.8998724189865186,-1.5986189409645932,-0.30125347802192537
2023-01-18,148.44854844163586,149.20828772734038,144.79407231519951,145.1210479736328,1577800,WM,146.89298911445215,148.62299184984474,149.20828772734038,144.79407231519951,154.18259207527544,155.94122346659552,-2.162923454795333,-1.7114798437307412,-0.45144361106459185
2023-01-19,145.2172243524546,145.95774013514537,144.495946748055,144.7267608642578,1638800,WM,145.09941802497818,147.75799048214844,147.75799048214844,144.495946748055,154.08343237201888,155.73272077125512,-2.3758219735723856,-1.8443482696990703,-0.5314737038733153
2023-01-20,144.9575507469388,146.52513199961234,143.40920767128782,146.2366180419922,1459400,WM,145.2821271149578,146.4287042535633,146.52513199961234,143.40920767128782,153.9830410200597,155.53155678635028,-2.3951034658596484,-1.954499308931186,-0.44060415692846244
2023-01-23,146.94826831328547,147.30409384122513,145.34222555077488,146.8232421875,1291000,WM,146.60445747319636,145.85541568426055,147.30409384122513,145.34222555077488,153.88299149930094,155.3617018669273,-2.336119193612774,-2.0308232858675037,-0.30529590774527016
2023-01-24,146.97713493948243,147.17908443931475,145.22682767731115,146.43858337402344,1252000,WM,146.45540760753295,146.22993657872846,147.17908443931475,145.22682767731115,153.76094479595923,155.19212211826925,-2.293969037302219,-2.0834524361544466,-0.21051660114777215
2023-01-25,145.81345566685994,147.38103680635967,145.35184217265223,147.24639892578125,1816800,WM,146.44818339291328,146.34267209313072,147.38103680635967,145.35184217265223,153.61499689517396,155.0311786317179,-2.1703621866360265,-2.100834386250763,-0.06952780038526374
2023-01-26,147.55412123316256,147.67914735031786,146.4097067028116,146.6597442626953,953700,WM,147.07567988724685,146.395427743022,147.67914735031786,146.395427743022,153.50411057294232,154.88345353668927,-2.0955844028373463,-2.0997843895680797,0.004199986730733407
2023-01-27,146.1885056279753,147.16944705099803,145.46722819107592,146.76553344726562,1369200,WM,146.39767857932873,146.73555381513444,147.16944705099803,145.46722819107592,153.3940338921795,154.72937780121262,-2.0046774930824824,-2.0807630102709602,0.07608551718847778
2023-01-30,146.8520957515031,149.06401634833173,146.8520957515031,147.23678588867188,1742300,WM,147.50124843500245,146.56661619723158,149.06401634833173,146.56661619723158,153.32633828138904,154.59003628225534,-1.873016015833798,-2.039213611383528,0.1661975955497299
2023-01-31,147.46758476793096,148.80435180664062,146.71745734617608,148.80435180664062,1632300,WM,147.94843643184706,147.03393231611702,148.80435180664062,146.71745734617608,153.25273668625786,154.43066257095592,-1.6234695314752514,-1.9560647954018728,0.3325952639266214
2023-02-01,144.35167360468157,149.6987416938557,142.86103052996177,148.49661254882812,3565200,WM,146.3520145943318,147.49118437398204,149.6987416938557,142.86103052996177,153.14600968811538,154.23551848626178,-1.4340038274702636,-1.851652601815551,0.41764877434528747
2023-02-02,147.4194956169002,147.43873379215975,143.2937948266269,144.5824737548828,3548000,WM,145.68362449764243,146.9215994841569,147.43873379215975,143.2937948266269,152.97897403877,154.0284698149169,-1.5814591047329998,-1.797613902399041,0.21615479766604118
2023-02-03,145.18835256611425,146.26545559739014,143.94774705562205,145.27490234375,1880500,WM,145.1691143907191,146.30261199089966,146.30261199089966,143.94774705562205,152.76673002774243,153.81591681040257,-1.623727949006593,-1.7628367117205515,0.13910876271395844
2023-02-06,144.74595472233594,146.38086203033657,144.36127928188134,146.00579833984375,1406900,WM,145.3734735935994,145.73586319080937,146.38086203033657,144.36127928188134,152.54616779295856,153.62243530069335,-1.5800354489740869,-1.7262764591712587,0.14624101019717184
2023-02-07,145.39995377246757,145.98659349145737,143.77467251783528,145.5345916748047,1929900,WM,145.17395286414123,145.5546683922044,145.98659349145737,143.77467251783528,152.31438203374665,153.42647977923355,-1.5653864669691302,-1.6940984607308331,0.12871199376170295
2023-02-08,145.16911508566727,146.04426863998256,144.78443962249244,145.0825653076172,1414400,WM,145.27009716393985,145.3643106281728,146.04426863998256,144.78443962249244,152.06665304425823,153.23778422894748,-1.572129265721287,-1.669704621728924,0.0975753560076369
2023-02-09,146.15007069723845,146.95789805251923,145.16912909472342,146.4481964111328,1945500,WM,146.18132356390348,145.31720389605633,146.95789805251923,145.16912909472342,151.84442922274852,153.0756840384458,-1.4505568488994243,-1.6258750671630242,0.17531821826359995
2023-02-10,146.68861578975378,148.47738466855876,146.22700227489642,148.16964721679688,1721800,WM,147.39066248750146,145.7492637299799,148.47738466855876,145.7492637299799,151.64193762845505,152.92424027210294,-1.2014535310070755,-1.5409907599318347,0.3395372289247591
2023-02-13,148.6024004238792,149.0832520816421,146.18851571027562,146.9290313720703,2136600,WM,147.7007998969668,146.5699631087407,149.0832520816421,146.18851571027562,151.41393964094345,152.7784126787137,-1.0915618418558495,-1.4511049763166377,0.3595431344607882
2023-02-14,146.6982152217831,146.6982152217831,144.90944649319025,145.54417419433594,1540500,WM,145.9625127827731,147.13538150285376,147.13538150285376,144.90944649319025,151.08806615735642,152.6052867853888,-1.103497850666571,-1.3815835511866243,0.27808570052005344
2023-02-15,145.09220057631748,146.6213202752008,145.09220057631748,146.31356811523438,1606900,WM,145.77982238576755,146.54894714281343,146.6213202752008,145.09220057631748,150.76931035189187,152.4550261631955,-1.0388977972053794,-1.3130464003903755,0.274148603184996
2023-02-16,145.80385559711982,147.85228857056808,144.8229140032169,146.43858337402344,1552300,WM,146.22941038623208,146.1643847642905,147.85228857056808,144.8229140032169,150.46219072414323,152.33206078218828,-0.9664732013742139,-1.2437317605871432,0.2772585592129293
2023-02-17,146.66936729454562,149.22750163442504,146.26545366315855,148.98707580566406,1960300,WM,147.7873495994483,146.1968975752613,149.22750163442504,146.1968975752613,150.21767750631767,152.22508228939378,-0.6954178032402751,-1.1340689691177697,0.43865116587749453
2023-02-21,148.76588252369558,149.5352480815084,146.3039244782365,146.69821166992188,1640500,WM,147.82581668834058,146.9921235873548,149.5352480815084,146.3039244782365,149.98936898007264,152.13048682076698,-0.6577149260351121,-1.0387981605012382,0.38108323446612613
2023-02-22,147.3617919555057,147.70800572908573,145.98656328578056,146.32315063476562,1336200,WM,146.8448779012844,147.4089701378477,147.70800572908573,145.98656328578056,149.73769116966162,152.02641753864634,-0.6505997068009606,-0.9611584697611827,0.3105587629602221
2023-02-23,146.34239686256367,146.5155110960938,144.23626418025637,145.19796752929688,1602400,WM,145.5730349170527,147.12692401956605,147.12692401956605,144.23626418025637,149.4340331424325,151.92047862969713,-0.7273690596115898,-0.9144005877312642,0.18703152811967438
2023-02-24,144.4382017089167,145.83266837302924,144.29393742850283,145.5153045654297,1215200,WM,145.0200280189696,146.34997946830936,146.34997946830936,144.29393742850283,149.11455502541696,151.8247208666844,-0.7539122469983681,-0.8823029195846851,0.12839067258631698
2023-02-27,146.23662291354202,147.10216481523608,144.74597964487168,145.2845458984375,1547600,WM,145.84232831802183,145.68500374363947,147.10216481523608,144.74597964487168,148.81205196921215,151.71785897936292,-0.7845246977651925,-0.8627472752207866,0.07822257745559413
2023-02-28,144.95752678852827,145.26527887230603,143.7746358996649,144.02467346191406,2609900,WM,144.5055287556033,145.76366603083065,145.76366603083065,143.7746358996649,148.48699640473137,151.5572263357717,-0.9000710037266515,-0.8702120209219597,-0.02985898280469179
2023-03-01,143.71696500514236,144.7267565561291,142.6302354177116,143.1303253173828,1654600,WM,143.55107057409145,145.13459739321698,145.13459739321698,142.6302354177116,148.19771682567693,151.3923179008902,-1.051685528431392,-0.9065067224238462,-0.14517880600754574
2023-03-02,143.2553282015398,144.55361883535983,143.12069032823047,144.2554931640625,1420200,WM,143.79628263229816,144.3428339836542,144.55361883535983,143.12069032823047,147.96979273711128,151.27558114016534,-1.0687298374714373,-0.9389513454333644,-0.1297784920380729
2023-03-03,145.08255535233405,145.08255535233405,143.0918225472124,144.33242797851562,1518800,WM,144.39734030759902,144.0695583079762,145.08255535233405,143.0918225472124,147.8158235779125,151.21850132293267,-1.0637671332874845,-0.9639145030041885,-0.09985263028329605
2023-03-06,144.21702491758472,145.22680158417734,143.793873142344,144.99600219726562,1897400,WM,144.5584254603429,144.23344930778762,145.22680158417734,143.793873142344,147.6806075525158,151.1742647829594,-0.9948215768523596,-0.9700959177738228,-0.024725659078536855
2023-03-07,145.5826653527951,145.9384909148921,142.79371668880842,143.67848205566406,1404800,WM,144.49833875303992,144.39593738406526,145.9384909148921,142.79371668880842,147.5123575738348,151.1256195626017,-1.034568726817497,-0.9829904795825577,-0.05157824723493931
2023-03-08,143.5727078172731,144.23628557444638,142.81296851558952,144.1593475341797,1491400,WM,143.69532736037218,144.4471380685526,144.4471380685526,142.81296851558952,147.34896448323934,151.0703332696956,-1.0155600599648267,-0.9895043956590116,-0.026055664305815074
2023-03-09,144.9323079896813,147.8116257136255,144.9323079896813,145.53135681152344,2173100,WM,145.80189962612786,144.07123271446238,147.8116257136255,144.07123271446238,147.22106719974946,151.0485180857469,-0.8796458622726107,-0.9675326889817315,0.08788682670912085
2023-03-10,145.81156467710298,147.38648570101637,143.8018349431061,144.28494262695312,2412000,WM,145.32120698704463,144.93656617029512,147.38648570101637,143.8018349431061,147.0628792481603,150.99995869251126,-0.8625649772398845,-0.9465391466333621,0.08397416939347768
2023-03-13,143.85978984709269,148.51695448921816,143.61823603146232,146.13040161132812,2377700,WM,145.5313454947753,145.1288865786699,148.51695448921816,143.61823603146232,146.9255316972168,150.9476807917319,-0.692136615828332,-0.8956586404723561,0.20352202464402414
2023-03-14,146.09174523545917,149.74403776060004,146.0241178333584,149.14498901367188,2210300,WM,147.75122246077237,145.3301160367226,149.74403776060004,145.3301160367226,146.8323414779784,150.88680315591503,-0.31024261834369327,-0.7785754360466236,0.46833281770293034
2023-03-15,148.43965410322554,149.9469475396618,147.27052715952706,149.8213348388672,2914100,WM,148.8696159103204,146.54066924874746,149.9469475396618,146.54066924874746,146.78272440419613,150.83627093705996,0.04645112207546731,-0.6135701244222055,0.6600212464976728
2023-03-16,149.82137697441308,151.32867083475847,149.55083780682693,150.35279846191406,2005000,WM,150.26342101947813,147.7051425795339,151.32867083475847,147.7051425795339,146.77161075730046,150.79919779380018,0.3677786308284112,-0.41730037337208215,0.7850790042004934
2023-03-17,150.77790923248688,151.00979148219932,147.541081893005,147.9758758544922,2902300,WM,149.32616461554585,148.98428179950602,151.00979148219932,147.541081893005,146.74064541127333,150.76848690256463,0.425727683181492,-0.2486947620613673,0.6744224452428593
2023-03-20,148.4976293890613,150.84552545291797,148.4976293890613,149.63775634765625,1645100,WM,149.36963514467422,149.15522320752592,150.84552545291797,148.4976293890613,146.74680626120508,150.7037954869968,0.5988494281187116,-0.07918592402535155,0.6780353521440631
2023-03-21,150.449371740749,150.6039549642253,148.71018147299674,149.28990173339844,1845400,WM,149.76335247784237,149.26242917610006,150.6039549642253,148.71018147299674,146.71155353956743,150.6281447709408,0.6999125419251016,0.07663376916473909,0.6232787727603625
2023-03-22,149.23194401930147,149.69572321617395,146.90336170336437,146.95167541503906,1428600,WM,148.1956760884697,149.51289082697122,149.69572321617395,146.90336170336437,146.60253659600878,150.54385821939232,0.5845916564977358,0.17822534663133843,0.4063663098663974
2023-03-23,146.9227113706954,147.76331405087893,145.42507455198273,145.60865783691406,1809500,WM,146.42993945261776,148.85428345772044,148.85428345772044,145.42507455198273,146.5615875487334,150.47982607086493,0.38044321687945626,0.21866892068096203,0.16177429619849423
2023-03-24,146.04343787174287,149.59911787083047,145.51203124709122,149.2416229248047,2018600,WM,147.5990524786173,147.6421114551691,149.59911787083047,145.51203124709122,146.49983066142445,150.44769852411554,0.5059715037694446,0.2761294372986585,0.22984206647078603
2023-03-27,150.24647370263284,151.14504682228178,148.2947147392791,148.39134216308594,1531000,WM,149.51939435681993,147.6205819668932,151.14504682228178,147.6205819668932,146.5127370385235,150.42531444775548,0.5307251549134548,0.3270485808216178,0.20367657409183704
2023-03-28,148.36236470099718,150.15952577825252,148.2947225521137,149.58946228027344,1308400,WM,149.10151882790922,148.56998816185657,150.15952577825252,148.2947225521137,146.54959881442485,150.40447533279837,0.6396474247886772,0.38956834961502973,0.25007907517364747
2023-03-29,150.3430984626045,151.81173502417712,150.3430984626045,151.73443603515625,1514500,WM,151.0580919961356,148.8357534948829,151.81173502417712,148.8357534948829,146.5953944178518,150.4153446695624,0.8888049736583241,0.48941567442368866,0.39938929923463545
2023-03-30,152.69100040659055,156.58484682816498,152.69100040659055,156.07275390625,3074700,WM,154.509900386899,149.94692274550926,156.58484682816498,149.94692274550926,146.7477326433007,150.4651623592881,1.4199616871487706,0.675524876968705,0.7444368101800656
2023-03-31,156.9037170645955,157.90857458617796,156.71047693466926,157.65736389160156,3115600,WM,157.29503311926106,152.22841156620413,157.90857458617796,152.22841156620413,146.99164494518638,150.53753865860264,1.9463358439895728,0.9296870703728786,1.0166487736166943
2023-04-03,157.3095389322706,159.3579110189013,156.99068605671957,158.33372497558594,2043700,WM,157.99796524586935,154.76172234273258,159.3579110189013,154.76172234273258,147.2459617078046,150.61450136393216,2.390511513809571,1.221851959060217,1.168659554749354
2023-04-04,158.4496688182937,159.27094306266295,156.8940614339273,158.0052032470703,2514700,WM,158.15496914048856,156.37984379430097,159.27094306266295,156.37984379430097,147.47697194115045,150.67998172022573,2.6850632367350045,1.5144942145951745,1.17056902213983
2023-04-05,158.72988023270568,159.73475260306782,156.855419814738,157.3192138671875,1650700,WM,158.15981662942477,157.26740646739478,159.73475260306782,156.855419814738,147.71106012158828,150.73600245877375,2.8305155678484937,1.7776984852458384,1.0528170826026553
2023-04-06,157.5704221103167,159.193657038529,157.06798593303654,158.13082885742188,3290500,WM,157.99072348482605,157.71361154840977,159.193657038529,157.06798593303654,147.94191092342655,150.77845390930025,2.976961575003429,2.0175511031973565,0.9594104718060725
2023-04-10,157.49310054120372,157.77329650297787,156.5462136353923,156.79742431640625,1363500,WM,157.15250874899505,157.8521675166179,157.8521675166179,156.5462136353923,148.1434475006615,150.8237790368019,2.95140453374745,2.204321789307375,0.7470827444400747
2023-04-11,156.68148527399734,158.1308083043588,156.0727648833971,157.6283721923828,1539800,WM,157.12835766353402,157.50233813280647,158.1308083043588,156.0727648833971,148.3580610823456,150.87604748726255,2.9640334113741176,2.356264113720724,0.6077692976533937
2023-04-12,157.73464597027828,160.3627527365039,157.54140586108306,159.90863037109375,2022400,WM,158.88685873473975,157.31534789817024,160.3627527365039,157.31534789817024,148.58577328834036,150.9560557848647,3.1220506099659815,2.5094214129697754,0.6126291969962061
2023-04-13,160.12119995232072,161.80241987409715,159.29991105382223,161.21302795410156,2178600,WM,160.60913970858542,158.101103316455,161.80241987409715,158.101103316455,148.83898735387513,151.04586202006647,3.3143288421514967,2.67040289880612,0.6439259433453768
2023-04-14,159.8506931629704,160.41109991684917,159.38691385548665,159.71542358398438,1229300,WM,159.84103262982265,159.3551215125202,160.41109991684917,159.3551215125202,149.10876771458493,151.12738870135016,3.3077370362231022,2.7978697262895165,0.5098673099335858
2023-04-17,160.44971738305284,160.73958493439739,159.33857563672078,159.81201171875,1244300,WM,160.08497241823025,159.59807707117142,160.73958493439739,159.33857563672078,149.3967946729967,151.18788435588334,3.272582543340576,2.8928122896997284,0.3797702536408476
2023-04-18,160.4594003429399,161.22270403040432,159.06804779251027,159.79270935058594,1709200,WM,160.1357153791101,159.84152474470085,161.22270403040432,159.06804779251027,149.69612669276452,151.23142836025346,3.206205671475459,2.9554909660548745,0.2507147054205845
2023-04-19,160.05356239487173,160.49802793059646,159.25161665067787,159.52215576171875,895400,WM,159.8313406844662,159.98862006190546,160.49802793059646,159.25161665067787,149.98528403458187,151.2657259137702,3.096080420942428,2.9836088570323853,0.11247156391004287
2023-04-20,159.65741690674525,160.4303773299861,159.29025038541332,160.10186767578125,1255200,WM,159.86997807448148,159.90998037318582,160.4303773299861,159.29025038541332,150.27920453878866,151.29679328626764,3.020761811293994,2.9910394478847073,0.02972236340928669
2023-04-21,160.56563504802074,160.8941594212952,159.40617975531225,159.5704345703125,1721700,WM,160.10910219873517,159.88997922383365,160.8941594212952,159.40617975531225,150.57598463948455,151.3213188418714,2.8849333444802596,2.969818227203818,-0.08488488272355843
2023-04-24,159.4062003017118,160.28545978646207,159.28060233480167,160.07289123535156,1476500,WM,159.76128841458177,159.9995407112844,160.28545978646207,159.28060233480167,150.84758393649813,151.34600657962335,2.7857203099201513,2.932998643747085,-0.14727833382693367
2023-04-25,160.38206593796923,161.25165371839537,159.52213500193932,159.97625732421875,1276900,WM,160.28302799563068,159.88041456293308,161.25165371839537,159.52213500193932,151.10543124666071,151.3736844375579,2.66853451147162,2.880105817291992,-0.2115713058203723
2023-04-26,158.8457926290382,159.48349827829657,157.49309707904382,158.08248901367188,1576500,WM,158.4762192500126,160.08172127928188,160.08172127928188,157.49309707904382,151.32093963372162,151.36743963733252,2.3952417897777707,2.783133011789148,-0.3878912220113775
2023-04-27,156.5848839294447,157.54144259643195,152.56542385051964,156.16941833496094,2750400,WM,155.7152921778393,159.27897026464723,159.27897026464723,152.56542385051964,151.51599522162297,151.30203068948967,2.001217731006193,2.6267499556325573,-0.6255322246263644
2023-04-28,157.34819223795213,160.56567671866864,157.04865306351223,160.44007873535156,2227100,WM,158.85065018887116,157.49713122124325,160.56567671866864,157.04865306351223,151.77741177768502,151.27336106478845,2.010382984922785,2.503476561490603,-0.49309357656781794
2023-05-01,160.2081576829907,161.90870605888227,160.2081576829907,161.15504455566406,1458300,WM,160.87001649513195,158.1738907050572,161.90870605888227,158.1738907050572,152.07022389986304,151.2662073120031,2.0516877024616065,2.4131187896848036,-0.36143108722319717
2023-05-02,161.33862630431955,161.99566037335038,159.425524142724,161.0777587890625,1431000,WM,160.9593924023641,159.52195360009458,161.99566037335038,159.425524142724,152.33366475592135,151.2756711311195,2.054502645619692,2.3413955608717814,-0.28689291525208915
2023-05-03,161.62850316380263,163.4353211571086,160.93282692977843,161.6671600341797,1515100,WM,161.91595282121733,160.24067300122934,163.4353211571086,160.24067300122934,152.6154674785789,151.30241822932575,2.0803127129965446,2.289178991296734,-0.20886627830018956
2023-05-04,161.93771275615543,162.9618987580328,161.22270802688374,162.14060974121094,1189100,WM,162.06573232057073,161.07831291122335,162.9618987580328,161.07831291122335,152.9198845669646,151.3287878683131,2.1145950761689676,2.254262208271181,-0.13966713210221338
2023-05-05,161.97633566641443,163.53194292145443,161.7734239621589,162.73963928222656,1095900,WM,162.50533545806357,161.57202261589703,163.53194292145443,161.57202261589703,153.25853057778482,151.3462818601087,2.1651423602606314,2.2364382386690713,-0.07129587840843987
2023-05-08,162.73966180307826,164.37256827888774,162.42082367741594,163.31939697265625,889400,WM,163.21311268300954,162.03867903698028,164.37256827888774,162.03867903698028,153.62239227106562,151.3684736482413,2.226319422984858,2.234414475532229,-0.008095052547370862
2023-05-09,164.24695624849466,164.9039756241004,163.522294720136,163.73486328125,1511400,WM,164.10202246849525,162.6258958599949,164.9039756241004,162.6258958599949,153.98758615407507,151.39981906164363,2.2820216201297114,2.2439359044517255,0.03808571567798591
2023-05-10,164.4498588722983,165.16486357909957,163.425672902608,164.7880401611328,1240000,WM,164.45710887878468,163.36395916424507,165.16486357909957,163.36395916424507,154.3866177565387,151.43680708063505,2.3836711083662863,2.271882945234638,0.11178816313164841
2023-05-11,165.12622080387462,165.12622080387462,163.58028487089547,164.44021606445312,1532800,WM,164.56823563577444,163.91053402151488,165.12622080387462,163.58028487089547,154.80696105777238,151.50233894172467,2.4084000261000824,2.299186361407727,0.10921366469235538
2023-05-12,164.50780679365732,165.3194388264862,163.0584838866219,163.52227783203125,1174100,WM,164.10200183469917,164.23938482864466,165.3194388264862,163.0584838866219,155.2130754418204,151.59143408946585,2.327102538249875,2.304769596776157,0.022332941473718115
2023-05-15,163.37736233646984,163.73487206840795,162.1695930577214,162.8845977783203,1146600,WM,163.04160631022987,164.1706933316719,164.1706933316719,162.1695930577214,155.58596076187303,151.70089216989277,2.1860191741025687,2.281019512241439,-0.09500033813887043
2023-05-16,162.76864126432704,162.85559710579332,161.7057985021525,162.06329345703125,927300,WM,162.348332582326,163.6061498209509,163.6061498209509,161.7057985021525,155.94175890431268,151.81118322841425,1.9850547215868346,2.2218265541105184,-0.23677183252368383
2023-05-17,162.30485895921356,162.3338442417863,159.86033517373377,161.08743286132812,1877700,WM,161.39661780901545,162.97724120163844,162.97724120163844,159.86033517373377,156.27972448543218,151.89604102963347,1.7271358041855365,2.122888404125522,-0.39575259993998557
2023-05-18,160.34345411496153,160.49805212837194,157.99555760231294,159.42555236816406,1899400,WM,159.56565405345262,162.18692950532693,162.18692950532693,157.99555760231294,156.59713101929378,151.97304775126656,1.3728084557220086,1.9728724144448195,-0.6000639587228109
2023-05-19,159.79268964000346,160.7589049315874,159.48349366992443,159.7733612060547,1454800,WM,159.9521123618925,160.87629177938976,160.87629177938976,159.48349366992443,156.8801352740091,152.0506012368793,1.1073024523333572,1.7997584220225271,-0.6924559696891699
2023-05-22,159.79272103207606,160.29514246724466,157.91826063923207,158.74920654296875,1019900,WM,159.1888326703804,160.41420207064112,160.41420207064112,157.91826063923207,157.1574877876758,152.11018351791805,0.8049671494626409,1.6008001675105499,-0.795833018047909
2023-05-23,158.1984498147673,158.39168995405274,157.09696480323478,157.28054809570312,1236900,WM,157.74191316693947,159.80151737051077,159.80151737051077,157.09696480323478,157.40169914111908,152.16361541916794,0.4417634075517185,1.3689928155187836,-0.9272294079670651
2023-05-24,157.83126325834797,158.8747627296288,156.96166070791483,157.12591552734375,1106500,WM,157.69840055580883,158.77171526872513,158.8747627296288,156.96166070791483,157.60064270301982,152.21649209049912,0.1398323688913763,1.123160726193302,-0.9833283573019258
2023-05-25,156.7394441054846,157.11626747544506,155.28046433836084,156.4109344482422,1132700,WM,156.38677759188317,158.235057912267,158.235057912267,155.28046433836084,157.75098593665106,152.2668551704236,-0.15535234712572787,0.8674581115294961,-1.022810458655224
2023-05-26,156.56551028807166,157.20321588194736,155.44471181967506,155.83119201660156,1041900,WM,156.2611575015739,157.31091775207508,157.31091775207508,155.44471181967506,157.87094066629297,152.32127571179674,-0.4310992861631462,0.6077466319909677,-1.0388459181541139
2023-05-30,155.66694378932286,156.9326834426356,154.80701278295405,156.6814727783203,1061600,WM,156.02202819830822,156.7860376268245,156.9326834426356,154.80701278295405,158.00485793794823,152.37275167461078,-0.5743988581361066,0.37131753396555284,-0.9457163921016594
2023-05-31,157.20321640897382,157.62835347298292,156.02443263813936,156.44956970214844,2957800,WM,156.82639305556114,156.40403291256638,157.62835347298292,156.02443263813936,158.15399309616598,152.45039967868553,-0.698624137317978,0.15732919970884668,-0.8559533370268246
2023-06-01,157.02212212755379,158.00224621853005,156.24579075872074,157.9828338623047,1595700,WM,157.31324824177733,156.61521298406376,158.00224621853005,156.24579075872074,158.30499101144466,152.50827227550607,-0.66567843572642,-0.00727232737820666,-0.6584061083482133
2023-06-02,158.10897157025005,160.21477533122768,157.98282827746758,160.07891845703125,1722400,WM,159.09637340899414,156.96423061292055,160.21477533122768,156.96423061292055,158.52300495785516,152.56277077693196,-0.46507116982064645,-0.09883209586669461,-0.36623907395395183
2023-06-05,160.23420925205093,161.76745992733203,159.79752740067218,159.86546325683594,1457300,WM,160.41616495922275,158.03030201095734,161.76745992733203,158.03030201095734,158.80272946798723,152.68215850836035,-0.31962804390070687,-0.14299128547349707,-0.1766367584272098
2023-06-06,160.11772285730686,160.85522946226828,157.27442737103607,157.86636352539062,1336000,WM,159.02843580400045,159.22323348509005,160.85522946226828,157.27442737103607,159.03131713449494,152.76557389795968,-0.3615067352878327,-0.18669437543636422,-0.1748123598514685
2023-06-07,156.8571698266077,157.8955162829579,155.5179984514392,156.76983642578125,1934700,WM,156.76013024669652,159.12583464454525,159.12583464454525,155.5179984514392,159.17613185229246,152.84443444540798,-0.47767018822051455,-0.2448895379931943,-0.23278065022732025
2023-06-08,156.32343110220924,158.14780766469744,155.95468516415616,157.76934814453125,1231100,WM,157.04881801889854,157.94298244562088,158.14780766469744,155.95468516415616,159.33507783611225,152.94233832526854,-0.483504777048438,-0.29261258580424304,-0.19089219124419493
2023-06-09,157.36176075702724,158.1089661357805,156.38163673438774,157.86636352539062,1096700,WM,157.42968178814652,157.49590023225971,158.1089661357805,156.38163673438774,159.46250963195246,153.0289520249021,-0.47482689145135737,-0.3290554469336659,-0.14577144451769147
2023-06-12,158.3710121774407,158.51658265661214,157.02214199128215,158.089599609375,944000,WM,157.9998341086775,157.46279101020312,158.51658265661214,157.02214199128215,159.53230830638805,153.14002047484436,-0.4448088388685676,-0.35220612532064627,-0.09260271354792132
2023-06-13,157.88578048837644,158.1866053648737,157.02211576247282,157.3035430908203,1402400,WM,157.59951117663581,157.7313125594403,158.1866053648737,157.02211576247282,159.5383978675355,153.26502140636094,-0.47892673830955346,-0.37755024791842773,-0.10137649039112573
2023-06-14,157.29383745891107,158.79797672470372,156.34283929640495,157.61407470703125,1290400,WM,157.51218204676275,157.66541186803806,158.79797672470372,156.34283929640495,159.5286822035534,153.38732195567903,-0.4754276788768834,-0.39712573411011887,-0.07830194476676455
2023-06-15,157.76935499285057,159.89455654729807,157.59467338742002,159.34141540527344,1330900,WM,158.65000008321053,157.5887969574004,159.89455654729807,157.5887969574004,159.53858282240782,153.50777738177914,-0.3294747113262133,-0.38359552955333776,0.054120818227124445
2023-06-16,160.21480169664886,161.35987913798618,159.77810506524247,160.14686584472656,2418900,WM,160.37491293615102,158.11939852030548,161.35987913798618,158.11939852030548,159.58288474854234,153.64697243506532,-0.14711694145037768,-0.3362998119327458,0.1891828704823681
2023-06-20,159.97220430013158,161.07847186768237,159.50639651894792,159.98190307617188,1435700,WM,160.13474394073344,159.24715572822825,161.07847186768237,159.24715572822825,159.6257651576605,153.78383804054351,-0.01572692161525424,-0.2721852338692475,0.25645831225399324
2023-06-21,159.88482986144825,160.72909707180517,158.47773758723903,160.58352661132812,1231600,WM,159.91879778295515,159.69094983448085,160.72909707180517,158.47773758723903,159.6810909383397,153.9122692195006,0.1353859619331672,-0.19067099470876456,0.3260569566419318
2023-06-22,160.87466846369213,162.00034831610276,160.3797643871469,161.9712371826172,1311800,WM,161.30650458738975,159.804873808718,162.00034831610276,159.804873808718,159.76465387681682,154.06135747958123,0.36293694519292785,-0.07994940672842608,0.44288635192135395
2023-06-23,161.94209960544836,162.75724082452024,160.26327887636697,160.6902618408203,1600000,WM,161.41322028678897,160.55568919805387,162.75724082452024,160.26327887636697,159.8151811078578,154.2004771980991,0.4348955293677079,0.023019580490800717,0.4118759488769072
2023-06-26,160.70000688379736,161.8741954586386,159.53550227737833,161.8062744140625,990900,WM,160.97899475846918,160.9844547424214,161.8741954586386,159.53550227737833,159.82257820885548,154.33078278136531,0.5753439070924173,0.13348444581112406,0.4418594612812933
2023-06-27,162.3594142547226,163.94118845750504,161.58308272175546,163.78591918945312,955300,WM,162.91740115585904,160.9817247504453,163.94118845750504,160.9817247504453,159.8841055793762,154.49643664698056,0.8367455650891884,0.27413666966673694,0.5626088954224515
2023-06-28,163.9896765509646,163.9896765509646,161.76742820269837,162.5146484375,890100,WM,163.0653574355319,161.94956295315217,163.9896765509646,161.76742820269837,159.94371327972226,154.67025397635948,0.9305999600580606,0.4054293277450017,0.5251706323130589
2023-06-29,162.20410753118716,164.74659308473684,161.68979115590983,164.59132385253906,1003300,WM,163.30795390609322,162.50746019434203,164.74659308473684,161.68979115590983,160.0071580502619,154.8516423715132,1.1591881948081948,0.5561811011576403,0.6030070936505545
2023-06-30,164.96010348066142,168.5700321028477,164.53312044683219,168.28860473632812,1989000,WM,166.58796519166737,162.90770705021762,168.5700321028477,162.90770705021762,160.14229054040592,155.06378728749388,1.620011204845639,0.7689471218952401,0.8510640829503989
2023-07-03,167.1338117068974,167.21144633094312,165.50352902380902,166.328369140625,693300,WM,166.54428905056864,164.7478361209425,167.21144633094312,164.7478361209425,160.27577675992768,155.27749064935816,1.8062211372138393,0.9764019249589599,0.8298192122548793
2023-07-05,165.93053199925026,166.29927799868193,164.9989312060027,165.98875427246094,1082000,WM,165.80437386909895,165.64606258575557,166.29927799868193,164.9989312060027,160.38968219333495,155.48283341640973,1.9044366088485845,1.162008861736885,0.7424277471116996
2023-07-06,165.06685397766572,166.9494381605066,164.6301573486192,166.28956604003906,1137500,WM,165.73400388170762,165.72521822742726,166.9494381605066,164.6301573486192,160.50913650267748,155.6783602195878,1.9836794514592668,1.3263429796813613,0.6573364717779056
2023-07-07,164.93099876016015,166.36720236019136,164.82425299755226,164.97950744628906,1167500,WM,165.2754903910482,165.72961105456744,166.36720236019136,164.82425299755226,160.60898575058582,155.85720849862327,1.9186521673769619,1.4448048172204815,0.4738473501564804
2023-07-10,164.96979182493436,166.5612645184833,164.9600930501572,166.0663604736328,1079500,WM,165.63937746680193,165.50255072280783,166.5612645184833,164.9600930501572,160.7522489149216,156.0365942743216,1.9325404094666396,1.5423519356697133,0.39018847379692634
2023-07-11,165.8625576908982,166.45450867679696,162.94162747273916,165.1832733154297,1596900,WM,165.110491788966,165.57096409480488,166.45450867679696,162.94162747273916,160.94015290714412,156.22807406438355,1.8509525590595217,1.604072060347675,0.2468804987118467
2023-07-12,165.91108484005449,166.2410208572407,163.32978934898534,164.17404174804688,1547500,WM,164.91398419858183,165.34072794188543,166.2410208572407,163.32978934898534,161.06141958733835,156.41941568251167,1.6854284764814338,1.6203433435744268,0.06508513290700702
2023-07-13,163.88296256138625,164.47491367636897,163.05810754947373,163.3589324951172,2109100,WM,163.69372907058653,165.12735607023365,165.12735607023365,163.05810754947373,161.11789383884744,156.59405886935522,1.4715142437266309,1.5905775236048676,-0.11906327987823673
2023-07-14,162.83489625313084,163.71797342365892,162.15561181706698,163.57240295410156,1554000,WM,163.07022111198958,164.4105425704101,164.4105425704101,162.15561181706698,161.16011041303994,156.74688758448065,1.304177212014622,1.5332974612868184,-0.22912024927219643
2023-07-17,163.417159069294,164.01882378371113,162.73787452781576,162.7960968017578,1147200,WM,163.24248854564468,163.74038184119985,164.01882378371113,162.73787452781576,161.1866411275285,156.90105430305368,1.0962827253067076,1.4458945140907964,-0.34961178878408883
2023-07-18,162.33997154221254,163.44623895748543,161.05903733850747,161.6800994873047,1417300,WM,162.13133683137752,163.49143519342226,163.49143519342226,161.05903733850747,161.18795321774462,157.0539188923546,0.8318837522280944,1.3230923617182562,-0.49120860949016176
2023-07-19,161.90328241326293,163.0095497783101,161.0784423820767,161.76742553710938,1483300,WM,161.93967502768976,162.8113860123999,163.0095497783101,161.0784423820767,161.17664000913715,157.21758529346098,0.6222195835357809,1.1829178060817611,-0.5606982225459802
2023-07-20,161.60245340254284,166.91059982577107,161.41807304519702,166.8135528564453,1589100,WM,164.18616978248906,162.37553052004483,166.91059982577107,161.41807304519702,161.19610115112675,157.4092467110962,0.8534020342961242,1.1170146517246338,-0.2636126174285096
2023-07-21,166.96882209431584,168.07508943116744,166.72621947827568,167.3084716796875,1601600,WM,167.2696506708616,163.28085015126695,168.07508943116744,163.28085015126695,161.2594537151741,157.6235199346246,1.064283210571574,1.1064683634940218,-0.04218515292244773
2023-07-24,167.58991639699758,167.67724980180154,166.22163382590296,166.716552734375,1065500,WM,167.05133818976927,165.2752504110643,167.67724980180154,165.2752504110643,161.31133830139376,157.84897802896623,1.170156316453955,1.1192059540860084,0.05095036236794659
2023-07-25,166.57095229705413,167.3472836393798,165.40646268721002,166.66799926757812,1524400,WM,166.49817447280552,166.1632943004168,167.3472836393798,165.40646268721002,161.3499370781344,158.0784490679534,1.2358970052902123,1.1425441643268492,0.09335284096336305
2023-07-26,161.8645042505087,162.70875680307145,159.0794155322722,160.05953979492188,3338800,WM,160.92805409519354,166.33073438661114,166.33073438661114,159.0794155322722,161.28645812334426,158.24976678258233,0.746148390402567,1.0632650095419929,-0.3171166191394259
2023-07-27,159.96247756981532,161.07845862897784,156.9542136351951,159.11822509765625,2456200,WM,159.2783437329111,163.62939424090234,163.62939424090234,156.9542136351951,161.2111928717979,158.39857681683546,0.2788484639662272,0.9063817004268397,-0.6275332364606125
2023-07-28,160.03040809707412,160.12744026815056,157.62377926065437,158.1186981201172,1826300,WM,158.97508143649907,161.45386898690674,161.45386898690674,157.62377926065437,161.14372784888138,158.54274337659703,-0.17018181807637234,0.6910689967261974,-0.8612508148025697
2023-07-31,158.17692463700635,159.40935022040347,157.7014181218902,158.94354248046875,1854200,WM,158.5578088649422,160.2144752117029,160.2144752117029,157.7014181218902,161.08695166999988,158.68333807771603,-0.45424722605233114,0.4620057521704917,-0.9162529782228228
2023-08-01,159.38022153765374,161.41807464813414,157.15797326070785,157.70140075683594,2072000,WM,158.91441755083292,159.38614203832253,161.41807464813414,157.15797326070785,161.07392693994748,158.83552897962065,-0.7707172162258189,0.2154611584912296,-0.9861783747170485
2023-08-02,157.70141077409312,159.99158022988314,157.5849662481801,158.58448791503906,1419900,WM,158.46561129179887,159.15027979457773,159.99158022988314,157.5849662481801,161.04419691854562,158.96216609627737,-0.9394349883145026,-0.015518070869916824,-0.9239169174445857
2023-08-03,158.1769613715806,158.70097669159009,156.03234697519838,156.17791748046875,1412300,WM,157.27205062970944,158.80794554318828,158.80794554318828,156.03234697519838,161.0058612777322,159.08167453270403,-1.2528925938389932,-0.26299297546373207,-0.9898996183752611
2023-08-04,156.2264258352125,157.06097963971578,155.4695066645342,155.6829833984375,1137100,WM,156.10997388447498,158.03999808644886,158.03999808644886,155.4695066645342,160.97322249208293,159.187460816601,-1.5236829797100881,-0.5151309763130033,-1.0085520033970847
2023-08-07,155.6926533843369,156.77950833895525,155.51797180532282,156.4786834716797,1054600,WM,156.11720425007366,157.07498598546192,157.07498598546192,155.51797180532282,160.9415985659682,159.27112063449403,-1.655002131120142,-0.7431052072744311,-0.9118969238457109
2023-08-08,156.9057002911736,157.12889059452317,154.39234026264882,155.07162475585938,1043900,WM,155.87463897605124,156.5960951177678,157.12889059452317,154.39234026264882,160.9313557936516,159.34117086515133,-1.8512710831322465,-0.9647383824459942,-0.8865327006862523
2023-08-09,155.17836416079072,157.45882020935693,154.94546028382314,156.7213134765625,1140200,WM,156.07598953263334,156.23536704690952,157.45882020935693,154.94546028382314,160.92765243427277,159.39929655028288,-1.8523468474944025,-1.142260075455676,-0.7100867720387265
2023-08-10,156.2457852609002,157.33265506193842,154.5766780591913,155.1007080078125,1427500,WM,155.81395659746062,156.15567828977143,157.33265506193842,154.5766780591913,160.92349100225582,159.46417447010202,-1.96135938576964,-1.3060799375184688,-0.6552794482511712
2023-08-11,154.98431633517944,156.35258431804064,154.98431633517944,156.17791748046875,932200,WM,155.62478361721708,155.984817443616,156.35258431804064,154.98431633517944,160.89945881348893,159.52672595482744,-1.9384851557076672,-1.4325609811563087,-0.5059241745513585
2023-08-14,156.255502654101,157.09005627531403,155.7605838230756,155.9740753173828,1024300,WM,156.27005451746834,155.80480053041654,157.09005627531403,155.7605838230756,160.87859493900277,159.5917929752237,-1.9147336647575912,-1.5289955178765653,-0.3857381468810259
2023-08-15,155.2656960501458,156.14877325018077,154.20795204955394,154.26617431640625,1173700,WM,154.97214891657168,156.03742752394243,156.14877325018077,154.20795204955394,160.7961104491543,159.65955770350473,-2.010547435005577,-1.6253059013023679,-0.38524153370320935
2023-08-16,154.42144562015793,156.33315571278618,153.93624031354753,155.2851104736328,1118800,WM,154.99398803003112,155.50478822025707,156.33315571278618,153.93624031354753,160.68766691057047,159.74519818927885,-1.9814203258199257,-1.6965287862058795,-0.2848915396140461
2023-08-17,154.92603421687315,155.7994125727521,153.74213219313847,153.8003692626953,1229700,WM,154.56698706136476,155.2493881251441,155.7994125727521,153.74213219313847,160.59843793571775,159.81487753510635,-2.0544605468367934,-1.7681151383320624,-0.286345408504731
2023-08-18,154.06238265889172,154.8872375978769,153.8586047234752,154.16912841796875,1208400,WM,154.24433834955315,154.9081875932544,154.9081875932544,153.8586047234752,160.5481220977749,159.86212697503368,-2.058856450667662,-1.8262634007991825,-0.2325930498684794
2023-08-21,153.99446161618314,154.9939833569539,153.47043159624482,154.16912841796875,950600,WM,154.15700124683764,154.57626297140376,154.9939833569539,153.47043159624482,160.49028576233368,159.91268179922295,-2.038837783291058,-1.8687782772975576,-0.17005950599350017
2023-08-22,153.6839083337586,154.48935083709563,153.32486118198148,153.45101928710938,857700,WM,153.73728490998627,154.3666321091207,154.48935083709563,153.32486118198148,160.41643782477047,159.93947372836146,-2.0572040824430076,-1.9064634383266477,-0.1507406441163599
2023-08-23,154.0914911216935,154.2758715030208,152.93671495733682,153.69363403320312,1245000,WM,153.74942790381357,154.0519585095535,154.2758715030208,152.93671495733682,160.33142970067317,159.9318690035306,-2.028795829013916,-1.9309299164641014,-0.09786591254981447
2023-08-24,153.56747437448956,154.41172684124862,152.56795266109035,152.6261749267578,994600,WM,153.29333220089657,153.9006932066835,154.41172684124862,152.56795266109035,160.24530612115842,159.89185199434695,-2.068571903006557,-1.9584583137725926,-0.11011358923396442
2023-08-25,153.32487381117477,154.2952844049164,153.13079465388458,153.64511108398438,1796800,WM,153.59901598849004,153.59701270379003,154.2952844049164,153.13079465388458,160.16704279999297,159.84786250177316,-1.9948793683444705,-1.9657425246869684,-0.02913684365750213
2023-08-28,153.67420270081385,154.4602328127534,153.033728236534,153.26663208007812,975400,WM,153.60869895754485,153.59801434614002,154.4602328127534,153.033728236534,160.06621677747964,159.80239979994371,-1.9446014412901036,-1.9615143080075956,0.016912866717492037
2023-08-29,152.90759176854206,153.51894032328562,151.75280088794187,153.45101928710938,1218300,WM,152.9075880667197,153.60335665184243,153.60335665184243,151.75280088794187,159.91687028009102,159.7498775143167,-1.8683402518257424,-1.942879496771225,0.0745392449454827
2023-08-30,154.32438554329053,155.06189221614477,153.5092442510901,153.926513671875,1219000,WM,154.2055089206001,153.25547235928107,155.06189221614477,153.25547235928107,159.79828557968835,159.71202536867443,-1.7493686538672364,-1.9041773281904275,0.15480867432319112
2023-08-31,154.10119409691697,154.45054247767683,152.03421494348026,152.14096069335938,1839200,WM,153.18172805285838,153.73049063994057,154.45054247767683,152.03421494348026,159.6635441850864,159.67231756171307,-1.7786587374694705,-1.8790736100462362,0.10041487257676573
2023-09-01,152.7620228694573,153.2181170001958,151.86924696449603,152.36415100097656,1217700,WM,152.5533844587814,153.45610934639947,153.45610934639947,151.86924696449603,159.4884817825142,159.62656782966553,-1.7635328384023694,-1.855965455717463,0.09243261731509356
2023-09-05,152.2574173230323,153.13079574801446,150.53980122108638,152.38357543945312,1553700,WM,152.07789743289658,153.00474690259045,153.13079574801446,150.53980122108638,159.30177532543638,159.5584782166471,-1.7300352946006399,-1.8307794234940984,0.10074412889345852
2023-09-06,151.96631339773717,152.29624946430295,150.76299886360795,151.35494995117188,1380100,WM,151.59512791920497,152.54132216774352,152.54132216774352,150.76299886360795,159.1140979886511,159.4683380987533,-1.7661308728000904,-1.8178497133552969,0.05171884055520648
2023-09-07,151.5791387059963,153.14854388820348,151.37442721525375,152.94383239746094,1008100,WM,152.2614855517286,152.06822504347423,153.14854388820348,151.37442721525375,158.90097967656848,159.39254262797238,-1.6475355794027848,-1.7837868865647946,0.13625130716200973
2023-09-08,153.4702002740072,153.90885068494785,152.31020338517874,152.50515747070312,928700,WM,153.04860295370923,152.16485529760143,153.90885068494785,152.16485529760143,158.70064458693204,159.32217893332714,-1.5708377160049167,-1.741197052452819,0.17035933644790235
2023-09-11,152.48568855922903,153.52871618331827,152.2225071836567,153.50921630859375,1310200,WM,152.93653205869944,152.60672912565533,153.52871618331827,152.2225071836567,158.4932161499842,159.25018710012304,-1.4127496511634092,-1.6755075721949373,0.26275792103152806
2023-09-12,153.84065032953532,154.86416317589163,153.6261963357731,154.58148193359375,1118400,WM,154.22812294369845,152.7716305921774,154.86416317589163,152.7716305921774,158.2460193050248,159.19415492271534,-1.1872549106048211,-1.577857039876914,0.3906021292720929
2023-09-13,154.9713971724468,156.59928719931798,154.42551966332195,156.3555908203125,1367300,WM,155.5879487138498,153.4998767679379,156.59928719931798,153.4998767679379,158.0268924982904,159.15133462910904,-0.8555309159490889,-1.4333918150913492,0.5778608991422602
2023-09-14,156.9794437203338,157.2816397067212,155.2638266677234,156.30685424804688,1592700,WM,156.45794108570632,154.54391274089386,157.2816397067212,154.54391274089386,157.83996384262255,159.11482301797875,-0.5897713770012842,-1.2646677274733362,0.674896350472052
2023-09-15,156.45306310595285,157.86649901901686,156.3263362390697,156.43356323242188,3160500,WM,156.7698653991153,155.50092691330008,157.86649901901686,155.50092691330008,157.66068107297073,159.08490878782408,-0.364726333465228,-1.0846794486717146,0.7199531152064866
2023-09-18,156.82348495310296,156.9014695724953,154.56197561286066,155.79995727539062,1317200,WM,156.0217218534624,156.1353961562077,156.9014695724953,154.56197561286066,157.475605702219,159.04229572640241,-0.23479663115926996,-0.9147028851692257,0.6799062540099557
2023-09-19,155.70246667733343,156.28734386281957,155.00062000436793,155.64398193359375,1040100,WM,155.65860311952866,156.07855900483503,156.28734386281957,155.00062000436793,157.27599021527354,159.01411956509756,-0.14276658817217935,-0.7603156257698165,0.6175490375976371
2023-09-20,155.84869256582937,157.05741692734907,154.7764226895994,156.014404296875,1073800,WM,155.9242341199132,155.86858106218185,157.05741692734907,154.7764226895994,157.09226506189248,159.0162089845183,-0.03948694616073567,-0.6161498898480003,0.5766629436872647
2023-09-21,155.9072035610981,156.2581269547673,153.48973955695857,153.51898193359375,1669700,WM,154.79351300160442,155.89640759104753,156.2581269547673,153.48973955695857,156.88985563795293,158.97563761264564,-0.15718488585898172,-0.5243568890501966,0.3671720031912149
2023-09-22,153.04132384695066,154.0940939742229,152.4856889711488,152.52468872070312,1191900,WM,153.03644887825635,155.34496029632598,155.34496029632598,152.4856889711488,156.67671003410632,158.89730193647688,-0.326923928122568,-0.4848702968646709,0.15794636874210294
2023-09-25,152.30048007813684,153.52870435834737,152.24198045846904,153.19728088378906,1298500,WM,152.81711144468557,154.19070458729118,154.19070458729118,152.24198045846904,156.47164784076026,158.8158791269001,-0.4025306527481973,-0.46840236804137625,0.06587171529317892
2023-09-26,152.66115110555495,152.98283209143972,151.54989627888295,151.7545928955078,1393400,WM,152.23711809284634,153.50390801598837,153.50390801598837,151.54989627888295,156.25154043170426,158.7190907796164,-0.5722656679417071,-0.4891750280214424,-0.08309063992026466
2023-09-27,151.76433348766852,152.04701469452644,149.6100513200672,150.52635192871094,1894800,WM,150.98693785774327,152.87051305441736,152.87051305441736,149.6100513200672,156.0286524522316,158.6083028349881,-0.796706732262976,-0.5506813688697492,-0.24602536339322678
2023-09-28,150.99424559513218,151.33542641912467,150.07795985529395,150.5458526611328,1469000,WM,150.73837113267092,151.92872545608031,151.92872545608031,150.07795985529395,155.8046263743312,158.4906331917342,-0.9619159779936979,-0.6329282906945389,-0.32898768729915895
2023-09-29,151.09176213586207,151.13074701376794,148.27463245616175,148.5963134765625,1386900,WM,149.77336377058856,151.33354829437562,151.33354829437562,148.27463245616175,155.5163702540932,158.35623570260998,-1.235910211133131,-0.7535246747822574,-0.48238553635087367
2023-10-02,148.96671345423388,149.09342544314802,146.51999255642687,147.39730834960938,1337500,WM,147.99435995085452,150.55345603248207,150.55345603248207,146.51999255642687,155.13086443969306,158.19515907743357,-1.5321407433938248,-0.909247888504571,-0.6228928548892538
2023-10-03,146.95862507898775,148.85946829518699,145.93511242293354,148.71324157714844,1519200,WM,147.6166118435642,149.2739079916683,149.2739079916683,145.93511242293354,154.74216991276896,158.02675410708136,-1.6417951679722194,-1.0557573443981008,-0.5860378235741186
2023-10-04,149.10318697519375,150.37039614394777,148.2551135307263,150.07797241210938,1277700,WM,149.45166726549428,148.44525991761623,150.37039614394777,148.2551135307263,154.40123976862273,157.87558842337856,-1.6001294207023307,-1.1646317596589468,-0.43549766104338383
2023-10-05,150.0779854966828,151.04301364397637,150.06822812207392,150.81881713867188,1103400,WM,150.50201110035124,148.94846359155525,151.04301364397637,148.94846359155525,154.19271890872588,157.7395885160351,-1.4901514989764735,-1.2297357075224522,-0.2604157914540213
2023-10-06,150.39964815169867,152.05679539984797,149.0446969025499,151.52066040039062,1252800,WM,150.75545021362177,149.72523734595325,152.05679539984797,149.0446969025499,154.0222610383401,157.616726955069,-1.3310171804618278,-1.2499920021103275,-0.08102517835150036
2023-10-09,150.9357831846733,153.58720093344544,150.70184418416457,153.50921630859375,1016600,WM,152.18351115271926,150.2403437797875,153.58720093344544,150.2403437797875,153.88642963266452,157.51507874077294,-1.0325397680884123,-1.2065015553059446,0.1739617872175323
2023-10-10,153.37276176436245,153.88939693917163,151.53041758697458,152.89512634277344,1337200,WM,152.9219256583205,151.21192746625337,153.88939693917163,151.21192746625337,153.77371196853207,157.430331819266,-0.8359103423560157,-1.1323833127159588,0.29647297035994313
2023-10-11,153.138808376144,153.43123212762592,151.0722529967114,152.72938537597656,1189000,WM,152.59291971911446,152.06692656228694,153.43123212762592,151.0722529967114,153.64728201189772,157.3606044759226,-0.6855514068132038,-1.0430169315354079,0.35746552472220405
2023-10-12,152.88534708959472,153.72366317529267,150.29241421126784,151.14048767089844,1149000,WM,152.0104780367634,152.3299231407007,153.72366317529267,150.29241421126784,153.518179346797,157.28118813267133,-0.6866859448207947,-0.9717507341924853,0.28506478937169055
2023-10-13,151.84232304719836,155.01037553720295,151.24770336949726,154.8056640625,2693400,WM,153.22651650409964,152.17020058873206,155.01037553720295,151.24770336949726,153.43726866428483,157.2215649710085,-0.3873706035329576,-0.8548747080605797,0.46750410452762214
2023-10-16,155.06887603103888,156.6480237498378,154.54248354207522,155.80970764160156,1708000,WM,155.51727274113836,152.69835854641585,156.6480237498378,152.69835854641585,153.4254146414181,157.1993185667505,-0.06835515771206246,-0.6975707979908763,0.6292156402788138
2023-10-17,155.52703465505317,156.79425882186703,155.18585376912554,156.024169921875,1177300,WM,155.8828292919802,154.1078156437771,156.79425882186703,154.1078156437771,153.4207271422562,157.18116285411222,0.19947279692971165,-0.5181620790067587,0.7176348759364704
2023-10-18,156.4433512813283,156.94048659850466,154.51326502254122,155.03965759277344,1135000,WM,155.7341901237869,154.99532246787862,156.94048659850466,154.51326502254122,153.4179181652109,157.17463697943126,0.3284997232086937,-0.34882971856366823,0.6773294417723619
2023-10-19,154.31828254671973,155.59524910916164,152.84636186866112,153.10955810546875,1168300,WM,153.9673629075028,155.36475629583276,155.59524910916164,152.84636186866112,153.37574563270832,157.15169903349053,0.2718775585059632,-0.22468826314974197,0.4965658216557052
2023-10-20,153.28501671810912,154.51324106815727,152.3882158614642,152.6319122314453,1425300,WM,153.20459646979398,154.66605960166777,154.66605960166777,152.3882158614642,153.32355843015497,157.1235247162054,0.18631433913296291,-0.142487742693201,0.3288020818261639
2023-10-23,154.22080933041437,155.09811026725887,151.94955749502014,152.0275421142578,1998700,WM,153.3240048017378,153.9353280357309,155.09811026725887,151.94955749502014,153.27754285384538,157.08850083366715,0.06894252726584682,-0.10020168870139144,0.16914421596723828
2023-10-24,151.7838491739033,153.7431625764554,150.0682172601425,150.7310791015625,2533200,WM,151.58157702801594,153.62966641873436,153.7431625764554,150.0682172601425,153.18377330405633,157.03118412152955,-0.1272226656913915,-0.10560588409939146,-0.021616781592000048
2023-10-25,153.09006150728703,160.85910291691047,152.41745715107925,159.9330596923828,4085400,WM,156.5749203169149,152.60562172337515,160.85910291691047,152.41745715107925,153.2158287320632,157.00596959060877,0.4545976167658523,0.006434816073657291,0.448162800692195
2023-10-26,159.98177823750572,160.68362492924498,158.48061523653544,158.71456909179688,2002200,WM,159.46514687377075,154.59027102014502,160.68362492924498,154.59027102014502,153.30525190893798,156.99645940975424,0.8080575893934281,0.16675937073761146,0.6412982186558166
2023-10-27,158.74383378475815,160.25473949770625,156.84299005083497,157.31089782714844,1586500,WM,158.28811529011196,157.0277089469579,160.25473949770625,156.84299005083497,153.37967447351292,156.98905620461537,0.9638025087804749,0.32616799834618415,0.6376345104342908
2023-10-30,157.81775820603775,159.42616312093347,157.52533447064357,158.64633178710938,1855200,WM,158.35389689618103,157.6579121185349,159.42616312093347,157.52533447064357,153.4618656444455,157.0049938711102,1.1813717215303825,0.49720874298302387,0.6841629785473586
2023-10-31,159.00701114099746,160.53743156501815,157.94449848141755,160.18650817871094,1540100,WM,159.41886234153603,158.00590450735797,160.53743156501815,157.94449848141755,153.56710286633947,157.02869431433658,1.461232079322258,0.6900134102508707,0.7712186690713873
2023-11-01,159.93306584318702,160.61541272571026,158.9192805828269,159.90380859375,1383300,WM,159.84289193636855,158.712383424447,160.61541272571026,158.712383424447,153.6892150068671,157.0528264158188,1.6412921411358354,0.8802691564278637,0.7610229847079717
2023-11-02,158.24665281401812,163.31553374456655,158.24665281401812,162.6429443359375,1695100,WM,160.6129459271351,159.2776376804078,163.31553374456655,158.24665281401812,153.82648536733353,157.07895753400337,1.9821672101257093,1.100648767167433,0.8815184429582763
2023-11-03,163.83219303828545,164.85570583229432,163.09134659807165,163.88092041015625,1533300,WM,163.91504146970192,159.94529180377145,164.85570583229432,159.94529180377145,154.03891955270964,157.14211283693402,2.3254016979030325,1.345599353314553,0.9798023445884796
2023-11-06,163.88093130866662,165.06042829247318,163.54950781287,164.9532012939453,1412900,WM,164.36101717698875,161.9301666367367,165.06042829247318,161.9301666367367,154.25415957647962,157.21060118823627,2.6533553790803523,1.607150558467713,1.0462048206126393
2023-11-07,165.30411462856745,165.61603823095496,164.4852984389994,165.08966064453125,1299200,WM,165.12377798576327,163.1455919068627,165.61603823095496,163.1455919068627,154.484461157044,157.2753389672618,2.8909471244474503,1.8639098716636606,1.0270372527837897
2023-11-08,165.40156518870364,166.03518456818256,164.68997607314574,165.97669982910156,1168300,WM,165.5258564147834,164.13468494631297,166.03518456818256,164.13468494631297,154.73682652400527,157.32684840204814,3.1149101975133533,2.114109936833599,1.0008002606797541
2023-11-09,165.84024529154652,166.06444176939507,165.15788361054203,165.77200317382812,1360600,WM,165.70864346132794,164.83027068054818,166.06444176939507,164.83027068054818,154.96688921481982,157.38258739725407,3.238553211631313,2.338998591793142,0.8995546198381708
2023-11-10,166.22042197500915,167.6631003012405,165.51857524894075,167.43890380859375,1623000,WM,166.71025033344603,165.26945707093807,167.6631003012405,165.26945707093807,155.23745966043157,157.450501922759,3.4314900600910505,2.557496885452724,0.8739931746383265
2023-11-13,167.4389160244088,168.21874742960614,166.89303850298472,167.36093139648438,1276300,WM,167.477908338371,165.98985370219205,168.21874742960614,165.98985370219205,155.53595013802337,157.5122159602688,3.5373260872904666,2.7534627258202726,0.783863361470194
2023-11-14,167.0782139859625,168.16022639030876,166.28864018058323,167.799560546875,1821200,WM,167.33166027593236,166.73388102028153,168.16022639030876,166.28864018058323,155.84102539488407,157.57140036016025,3.614925002793626,2.9257551812149436,0.6891698215786826
2023-11-15,167.6630928514752,168.39418191914152,166.38612632646525,166.85401916503906,1655300,WM,167.32435506553026,167.03277064810695,168.39418191914152,166.38612632646525,156.1556099378106,157.63485396323085,3.5590983448471434,3.0524238139413837,0.5066745309057596
2023-11-16,167.48762595142762,167.63383780428808,166.4056136181281,167.11720275878906,1843700,WM,167.1610700331582,167.1785628568186,167.63383780428808,166.4056136181281,156.45360162743918,157.67729065200385,3.495794687611607,3.1410979886754284,0.3546966989361784
2023-11-17,167.4583733961299,167.4583733961299,165.85972597256463,166.24964904785156,1966500,WM,166.756530453169,167.16981644498838,167.4583733961299,165.85972597256463,156.72776017742837,157.71420238218022,3.337153125228525,3.180309015986048,0.15684410924247727
2023-11-20,165.3431065786611,167.59485863338278,164.62177485061272,166.86376953125,1410900,WM,166.10587739847665,166.96317344907868,167.59485863338278,164.62177485061272,156.9911470842239,157.74218161710405,3.223820735994593,3.189011359987757,0.03480937600683598
2023-11-21,166.68832699542725,167.39991627342314,165.76228370915092,167.36093139648438,1050500,WM,166.80286459362142,166.53452542377767,167.39991627342314,165.76228370915092,157.2426419172224,157.7443306111236,3.1379484916733986,3.1787987863248857,-0.04085029465148704
2023-11-22,167.36091918635884,167.77032729755774,166.72729970846734,167.43890380859375,1124900,WM,167.32436250024443,166.66869500869956,167.77032729755774,166.66869500869956,157.47737019295027,157.75213134562034,3.0411295924826334,3.1512649475564354,-0.11013535507380201
2023-11-24,168.46244032611892,168.46244032611892,166.8052930466179,167.6728515625,550600,WM,167.85075631533894,166.996528754472,168.46244032611892,166.8052930466179,157.70522649754292,157.77259517008275,2.9492800809782977,3.110867974240808,-0.1615878932625101
2023-11-27,167.00024985644635,167.41940045895603,166.12293403005071,167.1562042236328,1344400,WM,166.92469714227147,167.42364253490547,167.42364253490547,166.12293403005071,157.90832313240605,157.78450210268838,2.8024941508475933,3.049193209562165,-0.24669905871457187
2023-11-28,167.02948553028543,167.0782129014261,165.2066267038494,165.40158081054688,1783500,WM,166.17897648652695,167.17416983858845,167.17416983858845,165.2066267038494,158.11146822506734,157.79353696364316,2.5155837150762466,2.9424713106649816,-0.426887595588735
2023-11-29,165.38209838910916,165.71352186306444,164.59252457655,165.4600830078125,1305800,WM,165.28705695913402,166.6765731625577,166.6765731625577,164.59252457655,158.30403730185944,157.7900137585665,2.266795557885388,2.807336160109063,-0.5405406022236754
2023-11-30,165.92992004759424,167.56455109802386,165.15664225505057,167.36878967285156,2514300,WM,166.50497576838006,165.98181506084586,167.56455109802386,165.15664225505057,158.5156521348288,157.80395859836062,2.198305133845679,2.6855299548563867,-0.48722482101070774
2023-12-01,167.6134958563732,170.24651466636908,167.17301397843048,170.11927795410156,1654100,WM,168.7880756138186,166.24339541461296,170.24651466636908,166.24339541461296,158.79554338707305,157.84269951251298,2.3390048054374404,2.6162249249725975,-0.27722011953515713
2023-12-04,169.1991656715543,170.775069634532,169.10127750068102,170.69676208496094,1701900,WM,169.94306872293208,167.51573551421578,170.775069634532,167.51573551421578,159.1336757839666,157.90519290903646,2.468651375608516,2.586710215099781,-0.11805883949126494
2023-12-05,170.76528605075706,171.09808193326168,169.16001863061015,169.40472412109375,1469300,WM,170.10702768393065,168.72940211857394,171.09808193326168,168.72940211857394,159.47947410875148,157.97556097475587,2.4390249890168434,2.557173169883194,-0.11814818086635048
2023-12-06,168.94468203397366,170.31502685046922,168.57272489707987,170.26608276367188,1443900,WM,169.52462913629864,169.4182149012523,170.31502685046922,168.57272489707987,159.8252243296205,158.0383823806624,2.4567306463484897,2.5370846651762533,-0.0803540188277636
2023-12-07,170.03116593333272,170.04094877591265,167.83859940878517,169.17958068847656,1369200,WM,169.27257370162678,169.47142201877546,170.04094877591265,167.83859940878517,160.1909370464982,158.1097947493649,2.355933139440623,2.5008543600291273,-0.14492122058850443
2023-12-08,168.7293478925159,169.57113544363258,167.52538603066967,168.8468017578125,1638500,WM,168.66816778115765,169.37199786020113,169.57113544363258,167.52538603066967,160.54953297946793,158.17707967689958,2.2235660254348772,2.4453966931102773,-0.22183066767540005
2023-12-11,169.00340737691394,170.3248080942041,168.6608137081879,169.70816040039062,1118400,WM,169.42429739492414,169.0200828206794,170.3248080942041,168.6608137081879,160.94255165195466,158.22946095302393,2.163232183665258,2.3889637912212733,-0.2257316075560154
2023-12-12,171.1176848641425,173.03616779570115,169.83541538089528,172.85018920898438,1756000,WM,171.70986431243082,169.22219010780177,173.03616779570115,169.22219010780177,161.41686173918617,158.27386308943963,2.341956033862772,2.379562239749573,-0.03760620588680119
2023-12-13,172.86977213655393,175.28746392481233,172.50761273799895,175.26788330078125,2047000,WM,173.98318302503662,170.4660272101163,175.28746392481233,170.4660272101163,161.94419316281562,158.3431815377923,2.6481573707265227,2.433281265944963,0.21487610478155972
2023-12-14,175.33639076277228,175.6985501256883,171.61686415181384,172.92848205566406,2357500,WM,173.89507177398463,172.22460511757646,175.6985501256883,171.61686415181384,162.43306125298542,158.41715051080408,2.6712613687075475,2.48087728649748,0.19038408221006753
2023-12-15,169.43410455486054,171.79305436829955,169.34599921837747,170.8533935546875,3676700,WM,170.35663792405626,173.05983844578054,173.05983844578054,169.34599921837747,162.83015378945953,158.51143634909272,2.4933869411935916,2.483379217436702,0.010007723756889408
2023-12-18,171.75388979444077,174.28903507563646,171.30362512305186,173.86814880371094,1807800,WM,172.80367469921,171.7082381849184,174.28903507563646,171.30362512305186,163.2711182791713,158.6466896587557,2.5661052649587077,2.4999244269411034,0.06618083801760433
2023-12-19,174.17158515029135,174.27925616529396,172.54673708230234,173.03614807128906,1322100,WM,173.50843161729418,172.2559564420642,174.27925616529396,172.2559564420642,163.69761668846277,158.79202316056364,2.527464517003608,2.5054324449536045,0.02203207205000357
2023-12-20,173.02635468165255,173.86814212882473,171.91049829220455,172.03773498535156,1049700,WM,172.71068252200834,172.88219402967917,173.86814212882473,171.91049829220455,164.09339182573655,158.93355189713432,2.3887419239496808,2.4820943407528198,-0.093352416803139
2023-12-21,171.988825965472,173.60387634543503,171.900720631429,173.06552124023438,1061300,WM,172.63973604564262,172.79643827584374,173.60387634543503,171.900720631429,164.49432815226712,159.07080508208242,2.3348226485966848,2.452640002321593,-0.11781735372490809
2023-12-22,173.6821886107439,173.97583821569364,172.94807206618924,173.2025604248047,1291100,WM,173.45216482935786,172.71808716074318,173.97583821569364,172.71808716074318,164.92316188811898,159.220670617458,2.2769024373474167,2.4174924893267575,-0.14059005197934082
2023-12-26,172.58589939437013,174.04433459177565,172.02796369436317,173.76048278808594,631300,WM,173.10467011714871,173.08512599505053,174.04433459177565,172.02796369436317,165.32072496038,159.3789968123324,2.250082375606496,2.3840104665827053,-0.13392809097620928
2023-12-27,173.35918068152534,174.37714908182434,173.08511169161255,173.98562622070312,772400,WM,173.70176691891635,173.09489805609962,174.37714908182434,173.08511169161255,165.6844148439355,159.5549147426768,2.221387702193681,2.3514859137049005,-0.13009821151121947
2023-12-28,174.60227801006286,174.78825658495302,174.01497881942436,174.3673553466797,774300,WM,174.44321719028,173.398332487508,174.78825658495302,173.398332487508,166.05562260190152,159.73817487207887,2.204042487179578,2.321997228399836,-0.11795474122025817
2023-12-29,174.5141637472407,175.99219449165437,174.23031194552706,175.30702209472656,1256000,WM,175.01092306978717,173.92077483889398,175.99219449165437,173.92077483889398,166.44115726082154,159.92953771301623,2.2402948087400034,2.3056567444678695,-0.06536193572786608
2024-01-02,173.95627066263546,176.882954216985,173.9073265688599,175.80624389648438,1299000,WM,175.1381988362412,174.46584895434057,176.882954216985,173.9073265688599,166.8645739793963,160.1201598060523,2.282991161000325,2.3011236277743605,-0.01813246677403546
2024-01-03,176.18795395816565,177.63660628650973,174.3967079673144,174.74908447265625,1826100,WM,175.74258817116151,174.8020238952909,177.63660628650973,174.3967079673144,167.31533381342368,160.31944612178933,2.206093919861871,2.282117686191863,-0.07602376632999164
2024-01-04,175.4538505251391,176.833993184953,174.98402012830596,175.0035858154297,1376400,WM,175.56886241345694,175.2723060332262,176.833993184953,174.98402012830596,167.76023096565805,160.5188869097517,2.141008223580201,2.2538957936695305,-0.1128875700893297
2024-01-05,175.130827293754,175.34616932472693,173.4766157538429,174.00518798828125,1415600,WM,174.48970009015127,175.42058422334156,175.42058422334156,173.4766157538429,168.21839342690072,160.70108336547852,1.9859719314664233,2.2003110212289094,-0.21433908976248617
2024-01-08,174.38694817736163,174.57292676527143,172.9382807218747,174.4652557373047,1536400,WM,174.0908528504531,174.95514215674643,174.95514215674643,172.9382807218747,168.56871207757152,160.89227040481737,1.8785731534478884,2.1359634476727054,-0.25739029422481696
2024-01-09,174.25968291918497,175.08188983092887,173.62345458082953,174.4554443359375,1325000,WM,174.35511791672022,174.52299750359975,175.08188983092887,173.62345458082953,168.86651149843053,161.08588170368427,1.7722378947380264,2.0632183370857695,-0.2909804423477431
2024-01-10,174.1226563097358,175.45385491375947,173.89753141706953,175.3853302001953,1196300,WM,174.71484321019003,174.43905771016,175.45385491375947,173.89753141706953,169.19504605683207,161.2873602651725,1.74290928070684,1.9991565258099837,-0.2562472451031437
2024-01-11,175.71814913144948,175.88454709764756,174.06393737808506,175.42449951171875,1176400,WM,175.27278327972522,174.576950460175,175.88454709764756,174.06393737808506,169.53342378450293,161.4976447144742,1.7031934252688075,1.9399639057017486,-0.23677048043294113
2024-01-12,176.18797415595088,177.73451483248544,175.20915207730673,177.55831909179688,1035700,WM,176.67249003938497,174.9248668699501,177.73451483248544,174.9248668699501,169.8784963384599,161.7227996023997,1.8228866283903358,1.916548450239466,-0.0936618218491303
2024-01-16,177.16680581648785,177.71494382047175,176.35438165499727,176.94168090820312,1456100,WM,177.04445305004,175.79867845466754,177.71494382047175,175.79867845466754,170.22252756073337,161.95587128380024,1.8466992073198014,1.9025786016555333,-0.05587939433573186
2024-01-17,176.7948263733132,180.23050118151863,176.43266700961874,177.6268310546875,1751500,WM,177.77120640478452,176.42156575235379,180.23050118151863,176.42156575235379,170.56569277028632,162.19608906880993,1.8989666331827095,1.9018562079609687,-0.0028895747782591297
2024-01-18,178.1456259425531,179.75089362285158,177.7149418198027,179.62364196777344,1732100,WM,178.8087758382452,177.09638607856914,179.75089362285158,177.09638607856914,170.86356745765724,162.45124350518344,2.077566009666981,1.9369981683021713,0.1405678413648097
2024-01-19,180.1619916714064,181.01356211113222,179.2908406078824,180.54373168945312,1571600,WM,180.25253151996853,177.95258095840717,181.01356211113222,177.95258095840717,171.18139774451683,162.71777866049823,2.2672158008394376,2.0030416948096246,0.26417410602981306
2024-01-22,180.58289979436333,181.19954757884577,179.05592472855253,180.99400329589844,1651600,WM,180.458093849415,179.10255623918783,181.19954757884577,179.05592472855253,171.48808406178986,162.98627260941691,2.425883704969152,2.08761009684153,0.3382736081276221
2024-01-23,180.9743978987687,181.81618541115301,180.20113509508047,181.61062622070312,1355800,WM,181.15058615642633,179.78032504430143,181.81618541115301,179.78032504430143,171.80057865662266,163.26870259031398,2.571740060269235,2.1844360895270714,0.3873039707421637
2024-01-24,182.04131074539217,182.45241419168687,179.79001716608815,179.90748596191406,1436700,WM,181.04780701627033,180.4654556003639,182.45241419168687,179.79001716608815,172.10736192772157,163.5371255712707,2.520844362891353,2.2517177441999277,0.2691266186914252
2024-01-25,179.7998195233021,181.28763317799624,179.12442993874888,181.17996215820312,1427400,WM,180.34796119956258,180.7566313083171,181.28763317799624,179.12442993874888,172.38011614504387,163.80878790273772,2.553749318064007,2.3121240589727434,0.24162525909126353
2024-01-26,181.52253193949454,182.17834086925,181.27782644619901,181.87490844726562,1231000,WM,181.7134019255523,180.55229625393986,182.17834086925,180.55229625393986,172.66482601678752,164.10038807740546,2.6058643080753257,2.37087210879326,0.2349921992820656
2024-01-29,181.67915570673642,182.39369159926756,181.2778350940337,181.42466735839844,1400000,WM,181.693837439609,181.13284908974606,182.39369159926756,181.13284908974606,172.95206956006103,164.39654747747255,2.581082013296225,2.412914089693853,0.16816792360237187
2024-01-30,181.9140894589389,183.25507092852,181.24848267831112,183.14739990234375,1309600,WM,182.39126074202844,181.41334326467754,183.25507092852,181.24848267831112,173.253407673591,164.70450880570078,2.6696776033618335,2.4642667924274493,0.20541081093438418
2024-01-31,183.73469742646947,184.018549255235,180.8080140588246,181.69874572753906,3423600,WM,182.56500161701703,181.902302003353,184.018549255235,180.8080140588246,173.56148630526815,165.00754396635367,2.5931042699147326,2.490034287924906,0.10306998198982642
2024-02-01,181.59107888679867,184.44923760626227,180.93526987672408,184.42965698242188,1434800,WM,182.85131083805172,182.233651810185,184.44923760626227,180.93526987672408,173.8833819129658,165.3055710451971,2.7214103421628977,2.536309498772505,0.1851008433903929
2024-02-02,184.42965010287844,184.92884397488882,182.95163417431806,184.22410583496094,1696500,WM,184.13355852176156,182.54248132411834,184.92884397488882,182.54248132411834,174.24393553543152,165.61754130982771,2.774524576837223,2.5839525143854485,0.19057206245177438
2024-02-05,183.9598060945394,184.8701033707108,183.23547244942415,184.21429443359375,1524700,WM,184.06991908706703,183.33801992293996,184.8701033707108,183.23547244942415,174.58927662530044,165.91595927126139,2.7837371038737047,2.6239094322831,0.15982767159060485
2024-02-06,184.50795640862262,185.64339357107525,183.7248957815643,185.2029266357422,2009300,WM,184.7697930992511,183.7039695050035,185.64339357107525,183.7039695050035,174.93818523728055,166.2077777151154,2.838096642847205,2.666746874395921,0.17134976845128413
2024-02-07,185.8195695179229,186.32856115256342,185.05608953378152,185.95660400390625,1691700,WM,185.79020605204352,184.2368813021273,186.32856115256342,184.2368813021273,175.29697423201466,166.5011003647788,2.9084654546845456,2.715090590453646,0.19337486423089967
2024-02-08,186.15237970757767,186.40688301224873,184.52754637354838,185.4770050048828,1154400,WM,185.6409535245644,185.0135436770854,186.40688301224873,184.52754637354838,175.67129935966057,166.78981124603328,2.8921941995958775,2.7505113122820926,0.14168288731378498
2024-02-09,185.48678182961493,185.76085081372048,183.58786462856986,184.86033630371094,1678100,WM,184.92395839390406,185.3272486008249,185.76085081372048,183.58786462856986,176.04619899780806,167.0788336114377,2.7972936423862507,2.759867778302924,0.03742586408332649
2024-02-12,184.08706187745133,185.08544957012813,183.5095455427008,184.2730255126953,2022500,WM,184.2387706257439,185.12560349736447,185.12560349736447,183.5095455427008,176.42523327114023,167.36463528649983,2.644212360475649,2.7367366947374694,-0.0925243342618205
2024-02-13,192.53429117285367,195.2652130126953,190.0872360869363,195.2652130126953,3263000,WM,193.28798832129513,184.6821870615542,195.2652130126953,184.6821870615542,176.96089352219857,167.73827282851366,3.371013067121453,2.863591969214266,0.5074210979071867
2024-02-14,194.85410930860095,195.68609907539647,191.81975503157534,194.94219970703125,3308700,WM,194.325540780651,188.98508769142467,195.68609907539647,188.98508769142467,177.47164282553524,168.13359310630412,3.8762602736756264,3.0661256301065385,0.8101346435690879
2024-02-15,194.30596554878147,195.2456413164157,192.83773243010526,194.8932647705078,2449000,WM,194.32065101645256,191.65531423603784,195.2456413164157,191.65531423603784,177.95919447140565,168.5464351276861,4.224031676766884,3.2977068394386078,0.9263248373282766
2024-02-16,195.75462732052006,198.3974438706089,194.78558811337717,197.27178955078125,2587800,WM,196.55236221382182,192.98798262624518,198.3974438706089,192.98798262624518,178.48810116200343,168.9837876353775,4.638104904660594,3.565786452483005,1.0723184521775888
2024-02-20,197.72203867833582,200.22782054119085,197.25220831296,197.5164794921875,2548300,WM,198.17963675616855,194.7701724200335,200.22782054119085,194.7701724200335,179.06120131440085,169.44321282201068,4.929184780476845,3.838466118081773,1.090718662395072
2024-02-21,198.12336737544533,200.0418501583191,197.76119307414592,199.90481567382812,1850100,WM,198.95780657043463,196.47490458810103,200.0418501583191,196.47490458810103,179.65490597177697,169.9229215091376,5.291588312709052,4.129090557007229,1.162497755701823
2024-02-22,199.70904906483327,203.77115434175522,199.50350481126125,202.85107421875,2267600,WM,201.45869560914994,197.71635557926783,203.77115434175522,197.71635557926783,180.31071652833685,170.4301247539024,5.750248875019082,4.4533222206096,1.2969266544094822
2024-02-23,203.2034539838104,204.21163945297587,202.50848378936075,203.6439208984375,1687000,WM,203.39187453114613,199.5875255942089,204.21163945297587,199.5875255942089,180.99006807106127,170.96630986150794,6.107315445293835,4.7841208655464476,1.3231945797473879
2024-02-26,204.44654919685016,204.7891428758583,202.95875048986983,203.06642150878906,1664300,WM,203.81521601784183,201.4897000626775,204.7891428758583,201.4897000626775,181.63217510516952,171.52451842217783,6.271401092399913,5.081576910917141,1.1898241814827717
2024-02-27,202.10718221861947,203.53626905059198,201.23603115052526,203.37965393066406,1208100,WM,202.5647840876002,202.65245804025966,203.53626905059198,201.23603115052526,182.2038071264208,172.07400014461822,6.3534764667505215,5.335956822083817,1.017519644666704
2024-02-28,204.309505476093,205.3372715310162,202.47911317285164,202.87063598632812,1705600,WM,203.74913154157224,202.60862106392995,205.3372715310162,202.47911317285164,182.80088832177253,172.61697478737898,6.3047708246935485,5.529719622605763,0.7750512020877851
2024-02-29,202.66511389660224,203.15452493478014,200.16911461476695,201.2947540283203,3029900,WM,201.8208768686174,203.1788763027511,203.1788763027511,200.16911461476695,183.43017310066375,173.1301634450616,6.069050512190245,5.63758580052266,0.4314647116675845
2024-03-01,200.1984675794252,201.53944897427766,199.30773595211733,201.43177795410156,1492400,WM,200.61935761498043,202.49987658568426,202.49987658568426,199.30773595211733,183.9864867589792,173.6288025190752,5.826137070408777,5.675296054499884,0.15084101590889265
2024-03-04,201.62753625909073,203.32089402879103,201.51986524855272,202.42037963867188,1865200,WM,202.22216879377658,201.55961710033233,203.32089402879103,201.51986524855272,184.56076150250883,174.12918909548577,5.6482883592875055,5.6698945154574085,-0.021606156169903024
2024-03-05,202.61615850258366,203.3992191071127,201.56881177020284,202.48890686035156,1208600,WM,202.5182740600627,201.89089294705445,203.3992191071127,201.56881177020284,185.15691333326993,174.62515257950324,5.450046801485598,5.6259249726630465,-0.1758781711774482
2024-03-06,201.921178004114,203.6928583191235,201.8233047683104,203.51666259765625,1362800,WM,202.73850092230106,202.20458350355858,203.6928583191235,201.8233047683104,185.75888863080306,175.1266083915351,5.3146067588732535,5.563661329905088,-0.24905457103183437
2024-03-07,204.1431075335836,204.69124544670584,202.05821195950838,202.87063598632812,1661900,WM,203.44080023153148,202.47154221292982,204.69124544670584,202.05821195950838,186.35866133884653,175.64091161348279,5.0963925598103685,5.470207575886144,-0.37381501607577583
2024-03-08,202.45953392026505,204.41717787215848,201.6666905094503,203.3502655029297,1338200,WM,202.97341695120087,202.95617122223064,204.41717787215848,201.6666905094503,186.9560362755276,176.13838061795377,4.90560951560326,5.357287963829568,-0.45167844822630787
2024-03-11,203.15451197098776,204.9457580486918,202.29314381935598,204.84786987304688,1218600,WM,203.8103209280206,202.96479408671576,204.9457580486918,202.29314381935598,187.55820735570967,176.6213110998226,4.819698253905017,5.2497700218446575,-0.43007176793964064
2024-03-12,204.19207353733444,206.14971768612796,204.00609495349673,205.34707641601562,1036000,WM,204.9237406482437,203.38755750736817,206.14971768612796,203.38755750736817,188.16781782486893,177.11172021338524,4.737286268778178,5.147273271231362,-0.4099870024531844
2024-03-13,206.0126586626615,206.5803771904886,204.81849467923857,206.53143310546875,1121200,WM,205.98574090946437,204.15564907780595,206.5803771904886,204.15564907780595,188.78731418166248,177.614235721242,4.713210902167646,5.060460797418619,-0.3472498952509735
2024-03-14,206.99314528312027,207.2092554975074,205.05798608360112,206.59039306640625,1028200,WM,206.46269498265877,205.07069499363516,207.2092554975074,205.05798608360112,189.41380410459087,178.1391890419936,4.645339989004327,4.977436635735761,-0.3320966467314337
2024-03-15,205.28391405402965,207.18960504162771,205.25444584196723,206.80650329589844,2096000,WM,206.13361705838076,205.76669498814698,207.18960504162771,205.25444584196723,190.02162468233522,178.66847924787945,4.556465987152052,4.8932425060190194,-0.3367765188669676
2024-03-18,206.86543001517666,208.49607428774715,206.64931981091226,207.92633056640625,1273500,WM,207.48428867006058,205.95015602326387,208.49607428774715,205.95015602326387,190.6599332074673,179.21008208656266,4.524240770958983,4.8194421590070124,-0.29520138804802976
2024-03-19,209.02653593008034,209.2328284123715,207.58254850971528,208.3291015625,1267900,WM,208.54275360366677,206.71722234666223,209.2328284123715,206.71722234666223,191.3409942777376,179.77969385231918,4.47956467510059,4.751466662225728,-0.2719019871251378
2024-03-20,208.64343416201322,208.9675994976514,207.7004213573551,208.1129913330078,1040600,WM,208.3561115875069,207.6299879751645,208.9675994976514,207.6299879751645,192.02629945247867,180.29750576502508,4.37627330334206,4.676427990448995,-0.30015468710693494
2024-03-21,208.12280405127385,208.95777671281812,207.0520856887141,208.6728973388672,1918100,WM,208.2013909479183,207.99304978133569,208.95777671281812,207.0520856887141,192.70322491310264,180.78486820576654,4.290139821054595,4.599170356570116,-0.30903053551552073
2024-03-22,208.69255699516688,208.83991305370486,207.22891907388558,208.03440856933594,1453700,WM,208.19894942302332,208.097220364627,208.83991305370486,207.22891907388558,193.37290703735928,181.2839765470957,4.122832264188077,4.503902738093708,-0.3810704739056314
2024-03-25,207.81827418798085,208.48625526676395,207.3369500905528,208.02456665039062,1306800,WM,207.91651154892205,208.14808489382517,208.48625526676395,207.3369500905528,194.02578160274325,181.7796026936231,3.9439818911809255,4.3919185687111515,-0.44793667753022604
2024-03-26,207.83792465795247,208.92829341316565,207.6414649249869,208.02456665039062,1577800,WM,208.1080624116239,208.0322982213736,208.92829341316565,207.6414649249869,194.65449305018802,182.266494694324,3.7589112924866583,4.265317113466253,-0.5064058209795945
2024-03-27,209.0363636856892,210.23478762934795,208.78095252427207,210.1856689453125,1392600,WM,209.55944319615543,208.07018031649875,210.23478762934795,208.07018031649875,195.3047928531103,182.76366020692186,3.7434719889166956,4.160948088556341,-0.4174760996396456
2024-03-28,210.4999944801145,210.74557290313382,208.2308522496428,209.38015747070312,2699100,WM,209.71414427589855,208.8148117563271,210.74557290313382,208.2308522496428,195.9436516105326,183.25467219040948,3.624457693399677,4.0536500095250085,-0.4291923161253317
2024-04-01,208.84971207794132,209.74362112396838,208.1129768180345,209.1444091796875,1205700,WM,208.9626797999079,209.26447801611283,209.74362112396838,208.1129768180345,196.54672968976584,183.7051485737115,3.4711023823192875,3.9371404840838644,-0.46603810176457694
2024-04-02,208.48625518667242,209.58644168199035,206.80649224429106,207.37623596191406,1543800,WM,208.06385626871696,209.11357890801037,209.58644168199035,206.80649224429106,197.10295618474083,184.14217696462882,3.170344632535688,3.7837813137742295,-0.6134366812385417
2024-04-03,207.23871606780344,207.60216732909,206.2171014576595,206.6984405517578,1700900,WM,206.9391063515777,208.58871758836366,208.58871758836366,206.2171014576595,197.63257643478408,184.56033024828696,2.844509785797783,3.5959270081789403,-0.7514172223811575
2024-04-04,207.61200354195893,207.7789950699171,202.9263630626098,203.42733764648438,2112200,WM,205.43617483024255,207.76391196997068,207.7789950699171,202.9263630626098,198.11828820826042,184.95943343244159,2.2958673261289277,3.335915071768938,-1.0400477456400101
2024-04-05,204.03640593150382,204.1837470058917,202.61203893079875,203.2701873779297,2761100,WM,203.525594811531,206.6000434001066,206.6000434001066,202.61203893079875,198.56784396416563,185.3376029459436,1.8273193112201227,3.034195919659175,-1.2068766084390523
2024-04-08,203.10317165223125,203.72203406882596,202.36643639015838,203.0442352294922,2592800,WM,203.05896933517695,205.0628191058188,205.0628191058188,202.36643639015838,199.02206412687792,185.70109013596087,1.4213744636387844,2.711631628455097,-1.2902571648163126
2024-04-09,203.3389323118832,203.66309762583307,201.73775621268393,202.828125,1782200,WM,202.89197778760007,204.06089422049786,204.06089422049786,201.73775621268393,199.44563564411885,186.05523083045318,1.0698889440797927,2.383283091580036,-1.3133941475002433
2024-04-10,202.51378693205976,204.73381039876054,201.88510679173373,204.5177001953125,1804100,WM,203.41260107946664,203.47643600404896,204.73381039876054,201.88510679173373,199.88001091691604,186.41604023848853,0.9170970119251081,2.0900458756490505,-1.1729488637239425
2024-04-11,203.64344867466005,204.38018394215638,201.95386792875507,202.2976837158203,1749200,WM,203.06879606534795,203.44451854175782,204.38018394215638,201.95386792875507,200.2935616233824,186.77348464848671,0.6098416534749163,1.7940050312142237,-1.1841633777393075
2024-04-12,202.1994358017058,203.17193170007224,201.07959885309438,201.7377471923828,1166900,WM,202.0471783868138,203.25665730355288,203.25665730355288,201.07959885309438,200.68320515877838,187.1223457320233,0.31749745733830537,1.49870351643904,-1.1812060591007347
2024-04-15,203.69256313023902,204.3212432792338,201.25642942649878,201.72793579101562,1401500,WM,202.74954290674683,202.65191784518333,204.3212432792338,201.25642942649878,201.08116980015228,187.48227585655903,0.08405197869100789,1.2157732088894337,-1.1317212301984259
2024-04-16,202.86743154103758,203.9970863117196,201.3153740809122,201.3546600341797,1457300,WM,202.38363799196227,202.70073037596507,203.9970863117196,201.3153740809122,201.44617138955627,187.8450534624939,-0.1295817413493694,0.9467022188416732,-1.0762839601910426
2024-04-17,202.52360249617408,202.66112580698885,200.7554349364723,202.5039520263672,1193300,WM,202.1110288165006,202.54218418396368,202.66112580698885,200.7554349364723,201.80699358414492,188.19813510472267,-0.2038004600515535,0.7166016830630279,-0.9204021431145814
2024-04-18,201.95384647172543,202.40571731623683,200.9027787293407,201.44305419921875,983100,WM,201.67634917913043,202.32660650023215,202.40571731623683,200.9027787293407,202.14512470574252,188.54165497151155,-0.3442565425673365,0.504430037936955,-0.8486865805042915
2024-04-19,202.79865491487146,203.66309574408416,202.16015702260484,203.40769958496094,1354000,WM,203.00740181663036,202.00147783968129,203.66309574408416,202.00147783968129,202.4894686210343,188.89322142652446,-0.2936534819428118,0.3448133339610016,-0.6384668159038134
2024-04-22,204.01674716316015,205.30357579022117,203.64346313799675,203.8595733642578,1420600,WM,204.20583986390898,202.50443982815582,205.30357579022117,202.50443982815582,202.86076634782114,189.26603285374082,-0.21461381977806582,0.23292790321318813,-0.44754172299125394
2024-04-23,203.58450939462847,206.42339531932018,203.57469165387656,205.0874481201172,1596500,WM,204.6675111219856,203.3551398460324,206.42339531932018,203.3551398460324,203.25563740238277,189.65091820009545,-0.05229229402740998,0.1758838637650685,-0.2281761577924785
2024-04-24,204.48824361890718,206.98332884106566,203.9184998673034,206.70826721191406,1875900,WM,205.52458488479758,204.01132548400898,206.98332884106566,203.9184998673034,203.68135368756387,190.05329347935208,0.20477472400065722,0.18166203581218626,0.023112688188470953
2024-04-25,205.99116940164225,210.224938834801,204.5275316560886,208.9381103515625,2097400,WM,207.4204375610236,204.76795518440326,210.224938834801,204.5275316560886,203.96400267235845,190.46244809727847,0.5817261170829227,0.26167485206633356,0.3200512650165891
2024-04-26,209.38998694993637,209.47839158351073,205.70631066183242,206.3841094970703,1650800,WM,207.73969967308744,206.09419637271344,209.47839158351073,205.70631066183242,204.23228585020715,190.85196433787118,0.6666910877481769,0.34267809920270226,0.3240129885454746
2024-04-29,207.0324269837812,208.86936376834126,206.70826166885885,208.39784240722656,1989200,WM,207.75197370705197,206.91694802290044,208.86936376834126,206.70826166885885,204.50091230401912,191.23005338771236,0.8863011278232023,0.4514027049268023,0.43489842289639996
2024-04-30,208.60411881768633,208.60411881768633,203.9381291702192,204.34088134765625,2244300,WM,206.37181203831204,207.33446086497622,208.60411881768633,203.9381291702192,204.69730130050894,191.59270123125617,0.7246277570008886,0.5060477153416195,0.21858004165926903
2024-05-01,203.9578183859426,205.28393301801052,202.0128262766393,203.1031951904297,1366400,WM,203.58944321775553,206.85313645164413,206.85313645164413,202.0128262766393,204.80549742974068,191.93334937207078,0.49096992108496806,0.5030321564902892,-0.012062235405321142
2024-05-02,203.47642802332666,204.95971608691238,202.63163777128534,203.49607849121094,1497300,WM,203.64096509318384,205.22128983469983,205.22128983469983,202.63163777128534,204.89916060019567,192.27703328598636,0.33365068422077115,0.4691558620363856,-0.13550517781561444
2024-05-03,203.49611730981508,204.91065148901302,201.28591140204782,204.20338439941406,2237900,WM,203.4740161500725,204.43112746394183,204.91065148901302,201.28591140204782,204.9394670110141,192.6250917696755,0.26301584819555046,0.4279278592682186,-0.16491201107266812
2024-05-06,204.84185731576358,206.84578548786365,204.5471602329352,206.83595275878906,1592800,WM,205.76768894883787,203.95257180700716,206.84578548786365,203.95257180700716,204.98698329936792,192.98852568521463,0.414683286266154,0.4252789446678057,-0.010595658401651664
2024-05-07,207.91651074671697,208.53535815372493,206.3939215915041,206.7770233154297,1300200,WM,207.40570345184392,204.86013037792253,208.53535815372493,204.86013037792253,205.058793048048,193.34548407660878,0.5240843914236564,0.44504003401897585,0.07904435740468052
2024-05-08,207.209250673257,207.80846261939456,206.18763604922708,206.28587341308594,1151500,WM,206.87280568874115,206.13291691488322,207.80846261939456,206.13291691488322,205.1449534800708,193.6743803032458,0.5646449871130983,0.46896102463780037,0.09568396247529792
2024-05-09,206.55109537283684,207.23871193002165,205.88311429663102,206.7770233154297,1325700,WM,206.6124862287298,206.50286130181217,207.23871193002165,205.88311429663102,205.20222057381397,194.00155444779324,0.6291685800810853,0.5010025357264574,0.12816604435462797
2024-05-10,207.66110735416683,208.52554819483876,206.99314124195112,207.74952697753906,1082000,WM,207.73233094212395,206.55767376527098,208.52554819483876,206.55767376527098,205.3204496552841,194.37531137797393,0.7501298800381733,0.5508280045888005,0.19930187544937272
2024-05-13,207.3860670114833,208.5255545198562,206.4823401910586,207.0913848876953,1283800,WM,207.37133665252335,207.14500235369746,208.5255545198562,206.4823401910586,205.45548923603496,194.72098799750702,0.7838502773385301,0.5974324591387465,0.18641781819978354
2024-05-14,206.77702609212204,207.16994556181342,204.99904076005544,206.14834594726562,2091200,WM,206.27358959031415,207.25816950311042,207.25816950311042,204.99904076005544,205.5365176519657,195.04863957723725,0.726108447755081,0.6231676568620135,0.10294079089306751
2024-05-15,206.15818177385515,206.7573937604986,204.782948520371,205.30357360839844,1808300,WM,205.75052441578077,206.76587954671228,206.76587954671228,204.782948520371,205.60116265908007,195.379037996175,0.6052051360321684,0.6195751526960445,-0.01437001666387605
2024-05-16,205.86348565645338,208.91846681996827,204.53735618938103,208.44696044921875,1859900,WM,206.94156727875537,206.25820198124654,208.91846681996827,204.53735618938103,205.68522398620917,195.7220563085061,0.7543379003485029,0.6465277022265362,0.10781019812196668
2024-05-17,208.73183992023098,208.7809436132527,205.42143261568373,206.7180938720703,2054800,WM,207.41307750530945,206.59988463000096,208.7809436132527,205.42143261568373,205.76466953168472,196.06166543526564,0.7246680838967734,0.6621557785605837,0.06251230533618968
2024-05-20,206.4725091492911,206.5216278297309,204.61593694443505,204.78292846679688,1795500,WM,205.5982505975635,207.00648106765522,207.00648106765522,204.61593694443505,205.81716620461196,196.38660124006975,0.5387920063826073,0.6374830241249885,-0.0986910177423812
2024-05-21,205.4312702226952,205.78490375656762,204.11495846449816,204.64541625976562,1472800,WM,204.99413717588163,206.30236583260935,206.30236583260935,204.11495846449816,205.8408425295692,196.69952494263944,0.37605288632903466,0.5851969965657977,-0.20914411023676305
2024-05-22,204.94991514346214,206.67878173608196,204.35070322966448,206.207275390625,1516200,WM,205.5466688749584,205.64825150424548,206.67878173608196,204.35070322966448,205.85330109410347,197.01055945948622,0.3688579749444614,0.5419291922415305,-0.1730712172970691
2024-05-23,206.26622095767775,206.7082591129544,205.41161285821505,205.78489685058594,919200,WM,206.04274744485826,205.59746018960195,206.7082591129544,205.41161285821505,205.85444122481138,197.32087770323696,0.32532341183443236,0.4986080361601109,-0.17328462432567854
2024-05-24,206.16799565214112,206.19746386281273,204.0068936101094,205.11691284179688,1270800,WM,205.37231649171503,205.82010381723012,206.19746386281273,204.0068936101094,205.83263365499246,197.62321887979164,0.23422127294924167,0.4457306835179371,-0.21150941056869543
2024-05-28,204.32125876802021,204.56683720403947,201.79670525106155,202.80850219726562,1659500,WM,203.3733258550967,205.59621015447257,205.59621015447257,201.79670525106155,205.7774278309268,197.899526256631,-0.023970953068129575,0.3517903562007238,-0.37576130926885337
2024-05-29,202.2092763300928,202.27803049322006,200.4116405031877,200.54916381835938,1372200,WM,201.36202778621498,204.48476800478466,204.48476800478466,200.4116405031877,205.6549826132499,198.1574579103586,-0.4062172577743297,0.2001888334057131,-0.6064060911800428
2024-05-30,200.44110110162447,202.69059274055064,199.98923023241264,202.60218811035156,1983100,WM,201.43077804623482,202.92339789549982,202.92339789549982,199.98923023241264,205.51274310210127,198.42686868991942,-0.5372947067410507,0.05269212537636034,-0.5899868321174111
2024-05-31,202.55308037756527,207.4941170512841,202.34680289595252,207.00296020507812,5501300,WM,204.84924013247002,202.17708797086732,207.4941170512841,202.17708797086732,205.44260567300051,198.73445256273962,-0.2828089545659793,-0.014408090612107594,-0.26840086395387175
2024-06-03,203.33893105248424,205.0481622457472,196.0894513228552,197.73974609375,3913400,WM,200.55407267870916,203.51316405166867,205.0481622457472,196.0894513228552,205.28965930761632,198.99644211035948,-0.8191484914627836,-0.1753561707822428,-0.6437923206805407
2024-06-04,198.4863094469633,200.22500894211822,197.44505929369112,200.02854919433594,2274700,WM,199.04623171927713,202.03361836518891,202.03361836518891,197.44505929369112,205.10660495354142,199.23975599545037,-1.0474399212757817,-0.34977292088095063,-0.6976670003948311
2024-06-05,199.87137450064702,200.32323041962002,197.80850968592608,200.29376220703125,2069200,WM,199.5742192033061,200.53992504223302,200.53992504223302,197.80850968592608,204.9397591066291,199.48277035468618,-1.1932074972245061,-0.5184598361496617,-0.6747476610748444
2024-06-06,200.4607577221445,200.95191455687637,197.80849882345876,198.91851806640625,1843200,WM,199.53492229222147,200.05707212276957,200.95191455687637,197.80849882345876,204.76829630424106,199.7113946772145,-1.403521142052142,-0.6954720973301578,-0.7080490447219843
2024-06-07,199.5692476931294,201.50173133078533,197.25222313076748,197.7353515625,3232400,WM,199.01463842929556,199.79599720749553,201.50173133078533,197.25222313076748,204.55740020890386,199.93109653100709,-1.6466858995130167,-0.8857148577667296,-0.760971041746287
2024-06-10,197.92270170475203,199.69742740601282,197.60718555230855,198.87908935546875,1715600,WM,198.52660100463555,199.40531781839553,199.69742740601282,197.60718555230855,204.3336493434786,200.13865047700563,-1.7271956046428443,-1.0540110071419526,-0.6731845975008917
2024-06-11,198.7114665928923,199.60869874693893,197.33112100561948,199.29319763183594,1313200,WM,198.73612099432165,198.96595941151554,199.60869874693893,197.33112100561948,204.12911816736687,200.33792392856637,-1.737555589696541,-1.1907199236528703,-0.5468356660436706
2024-06-12,199.41149455843023,199.58896110224782,197.2719515272389,198.0508575439453,1311400,WM,198.58081618296558,198.8510402029186,199.58896110224782,197.2719515272389,203.93945736565183,200.52120677519633,-1.8249752363971652,-1.3175709862017293,-0.5074042501954359
2024-06-13,198.1198964585804,198.50442237555697,196.0888100743124,198.39596557617188,1184700,WM,197.77727362115542,198.7159281929421,198.7159281929421,196.0888100743124,203.7562207110434,200.69439857291374,-1.8451389885189258,-1.4230845866651687,-0.4220544018537571
2024-06-14,197.71565964608803,201.21584016469674,197.04521033044938,200.78201293945312,1412700,WM,199.18968077017183,198.24660090704876,201.21584016469674,197.04521033044938,203.63129082984196,200.8747895190512,-1.6495696144663157,-1.4683815922253982,-0.18118802224091746
2024-06-17,199.943923684411,203.54270654427165,199.24389665146748,203.48355102539062,1753500,WM,201.5535194763852,198.71814083861028,203.54270654427165,198.71814083861028,203.59184932313903,201.07984664365233,-1.2620399200828558,-1.4271132577968897,0.16507333771403387
2024-06-18,203.54271937293552,205.07096890044986,202.5271761157686,204.9723663330078,1511100,WM,204.02830768054045,200.13583015749774,205.07096890044986,200.13583015749774,203.61123609004633,201.3166501084621,-0.825271674359044,-1.3067449411093206,0.4814732667502766
2024-06-20,204.53852997880185,206.02734743967474,203.98639173290414,205.8400115966797,1343600,WM,205.0980701870151,202.0820689190191,206.02734743967474,202.0820689190191,203.65535793803465,201.55049679107677,-0.4044556582499581,-1.1262870845374482,0.7218314262874901
2024-06-21,206.14563329352677,206.86538377294713,205.26812475037028,206.05690002441406,2248100,WM,206.08401046031454,203.5900695530171,206.86538377294713,203.5900695530171,203.70878612565156,201.79439852128382,-0.05284567808024576,-0.9115988032460077,0.858753125165762
2024-06-24,207.05273806339508,209.7247109694731,206.2639627189878,209.45849609375,1473700,WM,208.1249769614015,204.8370400066658,209.7247109694731,204.8370400066658,203.8099097435727,202.05173568347752,0.4945868495562138,-0.6303616726855634,1.1249485222417772
2024-06-25,209.66553249306668,210.8487029873384,208.83732518278669,209.0838165283203,1714400,WM,209.60884429787802,206.48100848403365,210.8487029873384,206.48100848403365,203.96114306179396,202.32217411028614,0.8879616924900233,-0.3266969996504461,1.2146586921404694
2024-06-26,208.36406695070752,210.16838541350026,208.23588663616837,209.6852569580078,1869000,WM,209.113398989596,208.04492639095582,210.16838541350026,208.04492639095582,204.08842018345092,202.58479499180157,1.2340202881256062,-0.01455354209523562,1.2485738302208418
2024-06-27,210.57263483270998,210.76982490109785,209.32045457925838,209.6852569580078,1762400,WM,210.0870428177685,208.5791626902759,210.76982490109785,208.5791626902759,204.24248827996703,202.84432983476165,1.4910859082033312,0.2865743479644777,1.2045115602388534
2024-06-28,209.59654262623008,211.39099196876228,209.1627154097869,210.3458709716797,2908200,WM,210.12403024411472,209.3331027540222,211.39099196876228,209.1627154097869,204.40274830851934,203.10487094633217,1.7281967180932725,0.5748988219902367,1.1532978961030358
2024-07-01,211.46000634619696,211.48958410543784,204.98220626895358,206.42172241210938,1931400,WM,208.58837978317445,209.72856649906845,211.48958410543784,204.98220626895358,204.5409889206002,203.3430568131714,1.5812352542168924,0.7761661084355679,0.8050691457813245
2024-07-02,206.3428612890041,207.34855032443153,204.7850339736212,206.5301971435547,1445600,WM,206.2516606826529,209.15847314112145,209.15847314112145,204.7850339736212,204.60587409792063,203.54767135947748,1.4567279861188922,0.9122784839722328,0.5444495021466594
2024-07-03,206.07662247497908,207.91051871753464,205.33714842628146,207.2499237060547,720800,WM,206.64355333121247,207.70506691188717,207.91051871753464,205.33714842628146,204.6546283672667,203.75769735754395,1.399992752724529,1.0098213377226921,0.39017141500183694
2024-07-05,207.7922317616556,207.7922317616556,205.65268840486388,207.3781280517578,1647600,WM,207.15381999498322,207.1743101215498,207.7922317616556,205.65268840486388,204.70435454472667,203.97999597355474,1.3498148652183488,1.0778200432218235,0.27199482199652536
2024-07-08,207.39783215111495,208.48238508652156,206.87527168199466,207.66403198242188,1275500,WM,207.60488022551328,207.16406505826652,208.48238508652156,206.87527168199466,204.745960451541,204.21365706955243,1.3179263510688486,1.1258413047912286,0.19208504627762002
2024-07-09,206.54001901207258,207.9302337777724,206.11606112949545,207.07244873046875,1100700,WM,206.9146906624523,207.3844726418899,207.9302337777724,206.11606112949545,204.7358455135696,204.349924092964,1.230731542379175,1.146819352308818,0.083912190070357
2024-07-10,206.69779112953722,208.9655146163415,206.3625664956948,208.21617126464844,1453100,WM,207.5605108765555,207.1495816521711,208.9655146163415,206.3625664956948,204.7322617376389,204.48227379392304,1.2396282158773317,1.1653811250225208,0.07424709085481096
2024-07-11,208.06827752551027,209.76413922007322,207.27950219519107,208.7978973388672,1161300,WM,208.47745406991044,207.3550462643633,209.76413922007322,207.27950219519107,204.7467713448961,204.62384182445763,1.2788772256397465,1.188080345145966,0.09079688049378043
2024-07-12,209.51765004654376,211.3614005526691,208.76832174950587,210.75010681152344,1182000,WM,210.09936979006054,207.91625016713687,211.3614005526691,207.91625016713687,204.82132249993109,204.75931190021998,1.4507855846610482,1.2406213930489824,0.2101641916120658
2024-07-15,210.75996836141846,213.5601216625224,210.5332005212937,212.96853637695312,1508800,WM,211.95545673054693,209.0078099785987,213.5601216625224,209.0078099785987,204.98864277018689,204.89707009996383,1.7459071921375369,1.3416785528666935,0.4042286392708434
2024-07-16,214.00379811894481,217.85892653445032,213.77703028410284,217.78990173339844,1948100,WM,215.8574141677241,210.4816333545728,217.85892653445032,210.4816333545728,205.23297175167772,205.0660661759367,2.341841788342549,1.5417111999618647,0.8001305883806844
2024-07-17,218.32231717541683,221.07316914043693,218.1054186226473,220.18580627441406,1557700,WM,219.4216778032288,213.16952376114847,221.07316914043693,213.16952376114847,205.55192498474082,205.24569599787748,2.9731807454691648,1.828005109063325,1.1451756364058399
2024-07-18,219.52519086223884,221.69432678358243,218.54909474227236,219.96888732910156,1284000,WM,219.9343749292988,216.29560078218861,221.69432678358243,216.29560078218861,205.83525870435005,205.41112100185902,3.4166330524753903,2.145730697745738,1.2709023547296523
2024-07-19,221.34924926142463,221.8422319992006,219.01251589865092,219.67311096191406,1220900,WM,220.46927703029755,218.11498785574372,221.8422319992006,218.11498785574372,206.0965301759191,205.57766161198356,3.7015365109812706,2.4568918603928447,1.2446446505884259
2024-07-22,218.58854053912412,220.39285914508042,218.20401460963436,220.31398010253906,1135000,WM,219.3748485990945,219.29213244302065,220.39285914508042,218.20401460963436,206.34657103412619,205.7457622570985,3.9336921832966425,2.752251924973604,1.1814402583230383
2024-07-23,220.2745277995531,220.3829845924705,215.02918478883996,215.6602020263672,1533600,WM,217.8367248018077,219.33349052105757,220.3829845924705,215.02918478883996,206.57105580558775,205.88663818970088,3.699510573669073,2.9417036547126982,0.757806918956375
2024-07-24,215.37428351027853,216.49828345993768,213.9347674124718,214.32916259765625,1361100,WM,215.03412424508608,218.58510766143263,218.58510766143263,213.9347674124718,206.71709167164698,206.01877066346555,3.3676955054463917,3.026902024859437,0.3407934805869548
2024-07-25,200.03266091901713,207.05272960367677,196.709947361214,197.11419677734375,3348600,WM,200.2273836653129,216.80961595325937,216.80961595325937,196.709947361214,206.57421261190277,206.01485092396888,1.6960745118515774,2.760736522257865,-1.0646620104062876
2024-07-26,197.26210805121596,197.97198930985107,193.83093757051506,194.1957550048828,2500100,WM,195.81519748411623,208.51849980928614,208.51849980928614,193.83093757051506,206.36504476977882,205.95078121087226,0.13426128987185848,2.235441475780664,-2.1011801859088055
2024-07-29,195.49721800034683,198.0903118125446,194.65914139381235,197.72549438476562,1911400,WM,196.49304139786736,202.16684864670117,202.16684864670117,194.65914139381235,206.17989510942053,205.8905288842503,-0.8093369396642913,1.626485792691673,-2.4358227323559642
2024-07-30,197.84382174052138,199.7664512709794,197.8240982199264,198.27764892578125,1883600,WM,198.42800503930212,199.32994502228428,199.7664512709794,197.8240982199264,206.0096238646315,205.84742392542034,-1.4953535727564429,1.0021179196020498,-2.4974714923584926
2024-07-31,198.95794999995255,200.4664908920526,198.55371562281624,199.8157501220703,1698600,WM,199.44847665922293,198.87897503079319,200.4664908920526,198.55371562281624,205.85033184770975,205.80750068969724,-1.8930923941616413,0.42307585684931154,-2.3161682510109527
2024-08-01,200.367909792121,203.27650500352684,199.73689247491893,203.17791748046875,1637900,WM,201.6398061877589,199.16372584500806,203.27650500352684,199.16372584500806,205.77116295951365,205.7941645820628,-1.9149303436620073,-0.04452538325295224,-1.8704049604090551
2024-08-02,203.53282622619878,205.97803120138943,201.5510412279404,204.8441619873047,1793100,WM,203.97651516070835,200.40176601638348,205.97803120138943,200.40176601638348,205.7508105192102,205.7958265243897,-1.777297490518265,-0.39107980470601483,-1.3862176858122501
2024-08-05,204.19343645555918,205.60335972918816,197.43956757677566,198.71145629882812,2033000,WM,201.48695501508777,202.1891405885459,205.60335972918816,197.43956757677566,205.66961624201278,205.76145866805814,-2.138430068013264,-0.7405498573674647,-1.3978802106457993
2024-08-06,199.71715496923247,204.0356883642263,199.38193033395456,200.2890167236328,1988400,WM,200.85594759776154,201.83804780181686,204.0356883642263,199.38193033395456,205.56588024507084,205.7101607349411,-2.2711538476273176,-1.0466706554194354,-1.2244831922078823
2024-08-07,201.06790475059663,204.74556630433418,200.34815426422983,201.97500610351562,1963600,WM,202.03415785566906,201.3469976997892,204.74556630433418,200.34815426422983,205.49911707234995,205.66587536367118,-2.214762740409782,-1.2802890724175047,-0.9344736679922772
2024-08-08,202.12290632585393,203.90750128675964,201.62992362749821,203.01026916503906,1259900,WM,202.6676501012877,201.69057777772912,203.90750128675964,201.62992362749821,205.48500355727379,205.63121569410023,-2.0627571245433387,-1.4367826828426715,-0.6259744417006672
2024-08-09,202.95110365063766,203.71030118120467,200.1903976669153,202.37924194335938,1002000,WM,202.30776111052924,202.1791139395084,203.71030118120467,200.1903976669153,205.50391822376005,205.57945041850496,-1.9704955557273536,-1.543525257419608,-0.42697029830774547
2024-08-12,202.85253916461832,203.13846252838866,199.82561798087002,200.2594451904297,2433900,WM,201.51901621607666,202.2434375250188,203.13846252838866,199.82561798087002,205.50568298715686,205.50921304462906,-2.044855656680994,-1.6437913372718853,-0.4010643194091088
2024-08-13,200.17071205435076,201.6496602454786,200.17071205435076,201.05807495117188,2330000,WM,200.76228982633802,201.88122687054772,201.88122687054772,200.17071205435076,205.42394398103426,205.43327482701739,-2.016103439685935,-1.7182537577546952,-0.29784968193123973
2024-08-14,200.49608310050834,204.42022143430376,200.25944597310396,203.4539794921875,1538300,WM,202.1574325000259,201.32175834844287,204.42022143430376,200.25944597310396,205.45601117746057,205.37283524253846,-1.7794749480027008,-1.7304979958042965,-0.048976952198404256
2024-08-15,204.00611877441406,204.34134342311617,202.76379265507,204.00611877441406,1093500,WM,203.77934340675358,201.73959542423438,204.34134342311617,201.73959542423438,205.55067341121008,205.32863918237572,-1.5297580394350518,-1.6903500045304476,0.16059196509539575
2024-08-16,204.3807622220299,204.94276972441403,202.4877104494232,202.5172882080078,1536900,WM,203.58213265096873,202.75946941549398,204.94276972441403,202.4877104494232,205.6308316801633,205.28529539339624,-1.435444859507811,-1.6393689755259204,0.20392411601810934
2024-08-19,202.8130736974548,203.94694290028178,202.59616011237964,203.69058227539062,1886700,WM,203.2616897463767,203.17080103323136,203.94694290028178,202.59616011237964,205.70536702924645,205.23683166674374,-1.2515983130555242,-1.5618148430318413,0.3102165299763171
2024-08-20,203.84835348798603,205.2582768372382,203.8286299668064,205.17941284179688,1121400,WM,204.52866828345688,203.21624538980404,205.2582768372382,203.21624538980404,205.8156476263297,205.18652391761677,-0.9745286566852371,-1.4443576057625205,0.46982894907728334
2024-08-21,205.14982452261006,206.53017004136117,205.14982452261006,206.44143676757812,916700,WM,205.81781396353986,203.87245683663048,206.53017004136117,203.87245683663048,205.96147188550773,205.1475606144932,-0.6456712776241318,-1.2846203401348428,0.638949062510711
2024-08-22,207.34851735387429,207.87107778892823,205.88929283964657,207.17103576660156,975900,WM,207.06998093726267,204.84513540008516,207.87107778892823,204.84513540008516,206.12814908436658,205.1286336258667,-0.3224597781228624,-1.0921882277324468,0.7697284496095844
2024-08-23,207.45697769424282,207.74290103270417,205.57378022154822,207.0330047607422,810800,WM,206.95166592730934,205.95755816867393,207.74290103270417,205.57378022154822,206.29556607925343,205.11751172245266,-0.076567660426889,-0.8890641142713354,0.8124964538444464
2024-08-26,208.068287966328,208.3443570890971,205.5737965783252,205.88931274414062,813300,WM,206.96893859447272,206.45461204799165,208.3443570890971,205.5737965783252,206.4793993787198,205.1178100448816,0.025720734283254387,-0.7061071445604175,0.7318278788436718
2024-08-27,207.19078701650926,207.67391552162943,205.71183878472357,206.26397705078125,759900,WM,206.71012959341087,206.71177532123218,207.67391552162943,205.71183878472357,206.62980835518462,205.13054959251326,0.13545585164533236,-0.5377945453192675,0.6732503969645999
2024-08-28,206.93442877986365,207.4175422108678,205.42590287905443,206.37242126464844,866100,WM,206.5375737836086,206.71095245732153,207.4175422108678,205.42590287905443,206.72948944132906,205.16066938223403,0.22853782274583523,-0.384528071706247,0.6130658944520821
2024-08-29,206.786529139456,207.98940818925504,205.3470280107711,206.93443298339844,826500,WM,206.76434958072014,206.62426312046506,207.98940818925504,205.3470280107711,206.78421027933265,205.1977231846895,0.3436937170098133,-0.23888371396303493,0.5825774309728482
2024-08-30,206.60905789228366,209.11340345304706,205.74140350368603,209.06410217285156,1786800,WM,207.63199175546708,206.6943063505926,209.11340345304706,205.74140350368603,206.83488871070168,205.24512332436817,0.5998869744435353,-0.07112957628172088,0.6710165507252562
2024-09-03,209.10354624873065,209.53737343687564,205.2977191590565,206.46115112304688,2197700,WM,207.59994749192742,207.16314905302983,209.53737343687564,205.2977191590565,206.86520745133396,205.28699678849276,0.586129049947715,0.060322148964166294,0.5258069009835487
2024-09-04,206.53016723000812,207.76262394234422,205.04136493757562,206.3822784423828,1186700,WM,206.4291086380777,207.38154827247862,207.76262394234422,205.04136493757562,206.83129008486748,205.32059991422003,0.5623786781678461,0.16073345480490228,0.40164522336294384
2024-09-05,206.75694727450943,207.46684358634982,204.2624559448564,205.47518920898438,1507900,WM,205.990359003675,206.90532845527815,207.46684358634982,204.2624559448564,206.7589203789834,205.3600317203887,0.4650015685174367,0.22158707754740917,0.24341449097002751
2024-09-06,205.55407519238372,206.65836673957182,201.75811719255162,201.85670471191406,2349500,WM,203.9568159591053,206.44784372947657,206.65836673957182,201.75811719255162,206.6557887183736,205.37210445091227,0.09475576411315956,0.19622081486055926,-0.1014650507473997
2024-09-09,202.79336502135402,206.1949578341828,202.16234773984814,205.53436279296875,2290000,WM,204.17125834708844,205.20232984429094,206.1949578341828,202.16234773984814,206.53747302896002,205.38998065446356,0.09697173847754925,0.17637099958395727,-0.07939926110640802
2024-09-10,206.01745850815004,207.0428709052827,203.80890573519488,205.32728576660156,2150600,WM,205.54913022880731,204.6867940956897,207.0428709052827,203.80890573519488,206.4459750286539,205.4243616685866,0.08108384462573781,0.15731356859231338,-0.07622972396657557
2024-09-11,204.69629809305812,205.42591797925766,201.2454188424466,204.7258758544922,1372700,WM,204.02337769231366,205.1179621622485,205.42591797925766,201.2454188424466,206.3546749868366,205.4478319537184,0.019736312640532105,0.12979811740195712,-0.11006180476142502
2024-09-12,204.33148577480202,205.36673746412794,202.2510980684183,204.94277954101562,1583000,WM,204.22302521209096,204.57066992728107,205.36673746412794,202.2510980684183,206.3141022774254,205.45998818767302,-0.011250050105473974,0.10158848390047091,-0.11283853400594489
2024-09-13,205.19015789967173,206.50624241412817,204.43811607674763,205.87294006347656,1397100,WM,205.50186411350603,204.39684756968603,206.50624241412817,204.39684756968603,206.2912684930713,205.47294843016897,0.03880193016283329,0.0890311731529434,-0.05022924299011011
2024-09-16,206.3776004073684,208.83164515833386,205.96199715028612,206.14012145996094,946600,WM,206.82784104398732,204.94935584159603,208.83164515833386,204.94935584159603,206.2847489140514,205.49455172938903,0.09888787305371238,0.0910025131330972,0.00788535992061519
2024-09-17,205.6156528190005,206.08073588817183,200.91535741283366,200.99452209472656,1935900,WM,203.40156705368315,205.88859844279168,206.08073588817183,200.91535741283366,206.20068265061477,205.47332155107787,-0.26563833613087695,0.019674343280302365,-0.2853126794111793
2024-09-18,201.86532841617583,202.14239726685668,198.19414349597477,199.76751708984375,1507500,WM,200.49234656721276,204.64508274823743,204.64508274823743,198.19414349597477,206.07223576870993,205.40404064113977,-0.6460893170936686,-0.11347838879449183,-0.5326109282991768
2024-09-19,200.9945127623057,202.63714586229577,199.65864845257664,202.4986114501953,1300400,WM,201.44722963184336,202.56871465772508,202.63714586229577,199.65864845257664,205.94997014381573,205.34111594072732,-0.7189355290781805,-0.23456981685122957,-0.4843657122269509
2024-09-20,201.31119707957455,202.82518588263332,200.32166112468016,201.96429443359375,2240700,WM,201.60558463012046,202.00797214478422,202.82518588263332,200.32166112468016,205.81253275501993,205.27965204995803,-0.8104393542755304,-0.34974372433608975,-0.46069562993944063
2024-09-23,202.27103784694543,205.06152124587678,201.74658502553066,204.93289184570312,1482500,WM,203.50300899101398,201.80677838745234,205.06152124587678,201.74658502553066,205.680605539039,205.25096401948502,-0.6360834197259635,-0.40701166341406453,-0.22907175631189897
2024-09-24,204.34903937017106,205.99167247620113,203.9631209993923,205.34848022460938,1269700,WM,204.91307826759345,202.65489368923318,205.99167247620113,202.65489368923318,205.53975796977994,205.2642003699834,-0.4590786040866419,-0.41742505154858,-0.04165355253806191
2024-09-25,205.87294189312587,206.44687451274194,204.7151867308228,205.51670837402344,1272200,WM,205.63792787767852,203.7839859784133,206.44687451274194,203.7839859784133,205.335368243979,205.28416999782831,-0.30174804311582193,-0.3942896498620284,0.09254160674620648
2024-09-26,204.8636175364981,206.81300448043947,203.0626700380193,203.19129943847656,1628900,WM,204.48264787335836,204.7109569280459,206.81300448043947,203.0626700380193,205.0365876453816,205.2942563150612,-0.3605473415655922,-0.3875411882027412,0.026993846637148988
2024-09-27,202.85485446830236,204.9328858464058,202.85485446830236,203.35951232910156,1489900,WM,203.50052677802802,204.59680240070213,204.9328858464058,202.85485446830236,204.7079106823562,205.2715846933531,-0.3890876742434273,-0.3878504854108784,-0.0012371888325488634
2024-09-30,203.17151744575492,205.63545216373993,203.17151744575492,205.4276580810547,1530400,WM,204.3515362840761,204.04866458936507,205.63545216373993,203.17151744575492,204.38555586743172,205.24104302167544,-0.24203399827405292,-0.35868718798351334,0.11665318970946043
2024-10-01,205.28912817675672,205.88284066804104,203.68606972231342,205.7541961669922,951900,WM,205.15305868352584,204.2001004367206,205.88284066804104,203.68606972231342,204.1011200691204,205.22384555162327,-0.09801415983835682,-0.3065525823544821,0.20853842251612525
2024-10-02,206.3182187520884,206.77341187352283,204.01259847644184,205.15057373046875,909300,WM,205.56370070813045,204.67657956012323,206.77341187352283,204.01259847644184,203.8556595872468,205.2133576964173,-0.03221335076000287,-0.2516847360355862,0.21947138527558335
2024-10-03,205.21984585433077,207.05049327470005,204.0522007617721,206.9020538330078,1019900,WM,205.8061484309527,205.12014013412684,207.05049327470005,204.0522007617721,203.67110007096417,205.1940958713056,0.15942630385734446,-0.1694625280570001,0.3288888319143446
2024-10-04,206.0114657256164,206.96141166166285,204.87349046793113,205.91250610351562,985000,WM,205.9397184896815,205.46314428253976,206.96141166166285,204.87349046793113,203.78534676745156,205.17977968967716,0.22881622801278922,-0.08980677684304224,0.31862300485583145
2024-10-07,203.4089834173351,204.56673853006063,202.389762717266,203.26055908203125,2007400,WM,203.40651093667324,205.70143138611064,205.70143138611064,202.389762717266,203.93717303650268,205.15110890314074,0.06902263151457078,-0.05804089517151964,0.12706352668609042
2024-10-08,204.5370610978031,206.78331174813513,204.00271837216772,206.496337890625,1172900,WM,205.45485727718273,204.55397116139193,206.78331174813513,204.00271837216772,204.11640935408897,205.14815223175475,0.20116644085234725,-0.006199427966746265,0.20736586881909352
2024-10-09,206.83279924785063,210.3357497105969,206.1302221111547,210.0092010498047,1263700,WM,208.32699302985174,205.00441421928733,210.3357497105969,205.00441421928733,204.31438911389995,205.16200648926574,0.5826338205147863,0.11156722172956024,0.47106659878522605
2024-10-10,210.37532562076032,211.33517659347666,208.7030076353243,209.02955627441406,893500,WM,209.86076653099383,206.66570362456952,211.33517659347666,206.66570362456952,204.52263491133542,205.18648337952257,0.7967162718371981,0.24859703175108783,0.5481192400861102
2024-10-11,209.69254177616455,210.1279399580895,208.56447153168557,209.5935821533203,956400,WM,209.494633854815,208.26323507778167,210.1279399580895,208.26323507778167,204.6797314646765,205.2254472120951,1.000358817807836,0.3989493889624375,0.6014094288453985
2024-10-14,210.1279546702019,212.0080668429301,209.5837069046902,211.2659149169922,982100,WM,210.74641083370358,208.87893446629835,212.0080668429301,208.87893446629835,204.81512937813642,205.2829699486733,1.2819131832024198,0.5755421478104339,0.7063710353919859
2024-10-15,212.29502362309117,213.74964259224032,211.1966381790218,211.55287170410156,1180400,WM,212.1985440246137,209.81267265000096,213.74964259224032,209.81267265000096,205.02936115832694,205.34948870016987,1.510786652688921,0.7625910487861314,0.7481956039027897
2024-10-16,210.98884791222372,211.9585888761511,210.2961757951327,210.90968322753906,718600,WM,211.03832395276166,211.00560833730734,211.9585888761511,210.2961757951327,205.23300868542694,205.39944446524888,1.6215780491398846,0.9343884488568821,0.6871896002830025
2024-10-17,211.88934232758578,212.2455758811537,209.9201603093741,210.85032653808594,847100,WM,211.22635126404987,211.0219661450345,212.2455758811537,209.9201603093741,205.41685255359454,205.45798481297226,1.6851658967831042,1.0845439384421265,0.6006219583409778
2024-10-18,211.15706029219487,211.2659098426828,209.78160602645784,210.5237579345703,816100,WM,210.68208352397647,211.1241587045422,211.2659098426828,209.78160602645784,205.57714122204834,205.53107238966106,1.6897302090802953,1.2055811925697604,0.4841490165105349
2024-10-21,210.33574726451457,210.70187071366638,208.16866124026245,209.60350036621094,1033000,WM,209.70244489616357,210.90312111425933,210.90312111425933,208.16866124026245,205.725034897761,205.61447656076052,1.6006391923604895,1.2845927925279064,0.3160463998325831
2024-10-22,208.38635958107898,209.43526520927307,207.2978791608728,208.841552734375,896300,WM,208.49026417139999,210.30278300521144,210.30278300521144,207.2978791608728,205.8644598568675,205.6850714220122,1.4518154884892738,1.31803733172018,0.13377815676909388
2024-10-23,208.08950082242333,210.15764235911735,207.61452781120357,209.58370971679688,1240000,WM,208.86134517738526,209.3965235883057,210.15764235911735,207.61452781120357,206.02644096388846,205.72519247246134,1.3778742206524157,1.3300047095066272,0.047869511145788524
2024-10-24,208.73270996233856,208.73270996233856,206.26876007898906,206.7239532470703,1113000,WM,207.61453331268413,209.1289343828455,209.1289343828455,206.26876007898906,206.13558298014158,205.7957970788011,1.0761120363501675,1.2792261748753353,-0.2031141385251678
2024-10-25,207.03069179134576,207.58482945161097,204.2995782804162,204.63601684570312,1069900,WM,205.887779092269,208.3717338477648,208.3717338477648,204.2995782804162,206.17775169385195,205.864212552531,0.6608662583821001,1.1555541915766883,-0.49468793319458815
2024-10-28,205.8234603631586,206.6843517358441,204.83392449602803,206.0807342529297,2127200,WM,205.8556177119901,207.1297564700169,207.1297564700169,204.83392449602803,206.22322139507236,205.92702653761782,0.44324811999916847,1.0130929772611843,-0.5698448572620158
2024-10-29,211.14717839993855,217.57916184821593,209.93994337556305,216.8172149658203,3231300,WM,213.87087464738445,206.49268709100352,217.57916184821593,206.49268709100352,206.4354050930925,206.07038606116947,1.124169713804406,1.0353083245698287,0.08886138923457731
2024-10-30,215.2339519718258,216.56983150004962,212.25545429594348,212.57211303710938,1720700,WM,214.15783770123207,210.18178086919397,216.56983150004962,210.18178086919397,206.62798848144797,206.22181805388882,1.3062036324292592,1.089487386141715,0.21671624628754427
2024-10-31,212.0773351774307,214.43242028364418,211.95858060547772,213.59132385253906,1785500,WM,213.01491497977293,212.16980928521303,214.43242028364418,211.95858060547772,206.77193050177266,206.3667011936402,1.5152418544353736,1.1746382798004467,0.34060357463492696
2024-11-01,214.64023648378512,215.05583975142238,211.54298427365282,211.75079345703125,1267600,WM,213.2474634914729,212.59236213249298,215.05583975142238,211.54298427365282,206.89548015285683,206.5118146186117,1.5149275882237419,1.2426961414851059,0.272231446738636
2024-11-04,213.42310326760375,214.4720240422319,210.25659129462093,211.99818420410156,1112800,WM,212.53747570213955,212.91991281198295,214.4720240422319,210.25659129462093,207.00719634835346,206.65138121380346,1.5171521106079808,1.297587335309681,0.21956477529829987
2024-11-05,212.20597325073808,214.0168257810989,211.1174928073066,213.6210174560547,950000,WM,212.74032732379956,212.72869425706125,214.0168257810989,211.1174928073066,207.12262412294,206.80101175082993,1.6310622709154643,1.3642823224308376,0.2667799484846267
2024-11-06,217.6088460859377,217.9947644877491,214.155360316514,216.1938018798828,2905700,WM,216.4881931925209,212.73451079043042,217.9947644877491,212.73451079043042,207.31818539492218,206.9739968750534,1.906956883075253,1.4728172345597208,0.4341396485155322
2024-11-07,216.7182565630659,218.57858892575385,215.19437788875678,218.13330078125,1370000,WM,217.15613103970662,214.61135199147566,218.57858892575385,214.61135199147566,207.53055654004416,207.13002299068663,2.256099789200391,1.629473745487855,0.6266260437125362
2024-11-08,219.5681194521793,223.99134611709638,218.1332954221974,221.7747802734375,1854100,WM,220.86688531622764,215.88374151559114,223.99134611709638,215.88374151559114,207.81260725475428,207.29840876704347,2.794422654752708,1.8624635273408257,0.9319591274118824
2024-11-11,223.2590704509811,224.12986681824015,221.04251984213067,221.27999877929688,1084800,WM,222.4278639726622,218.37531341590937,224.12986681824015,218.37531341590937,208.10852469909824,207.47170670489996,3.1448705623650426,2.118944934345669,1.0259256280193734
2024-11-12,222.6455708034834,224.06059985034614,221.46802070204146,222.42787170410156,2002200,WM,222.65051576499314,220.4015886942858,224.06059985034614,220.4015886942858,208.40953606455952,207.6373717579467,3.4751672411071013,2.3901893956979556,1.0849778454091457
2024-11-13,222.72475367536262,224.46633151353618,221.89354710026527,223.31846618652344,1087000,WM,223.1007746189219,221.52605222963948,224.46633151353618,221.52605222963948,208.7429693841764,207.78712973452195,3.765388218877632,2.665229160333891,1.100159058543741
2024-11-14,222.30914032401162,223.18982667661763,219.25147799745898,219.39990234375,1215800,WM,221.03758683545956,222.31341342428067,223.18982667661763,219.25147799745898,209.04391394081213,207.90141715989776,3.6372669323070568,2.8596367147285244,0.7776302175785323
2024-11-15,217.2130111261611,219.21187779050007,214.9766655189312,215.61985778808594,1796500,WM,216.75535305591958,221.6755001298701,221.6755001298701,214.9766655189312,209.29988468274837,207.97783670056097,3.1938946556838914,2.926488302919598,0.2674063527642936
2024-11-18,215.03603785878937,217.17343896540544,214.80844883605647,216.02557373046875,986700,WM,215.76087484768,219.21542659289486,219.21542659289486,214.80844883605647,209.53167701276024,208.0345750208601,2.8424903585118386,2.909688714038046,-0.06719835552620745
2024-11-19,214.72927627644592,217.41092503392525,213.7397404410706,216.75782775878906,1370700,WM,215.6594423775577,217.48815072028742,217.48815072028742,213.7397404410706,209.7338832557352,208.08992914219453,2.5931939757101645,2.8463897663724698,-0.25319579066230524
2024-11-20,217.74737643387718,218.07392509070058,214.70949399256594,216.49066162109375,1059000,WM,216.75536428455936,216.57379654892256,218.07392509070058,214.70949399256594,209.98852298758015,208.17159898720837,2.347011830329052,2.7465141791637864,-0.39950234883473446
2024-11-21,216.60941441152377,219.94416084576187,215.12511047969758,219.21189880371094,1651800,WM,217.72264613517353,216.66458041674096,219.94416084576187,215.12511047969758,210.25851540604177,208.2863088417336,2.344466257144319,2.666104594759893,-0.32163833761557425
2024-11-22,220.43891406647305,222.32891613781356,219.49885799240283,222.06175231933594,1624600,WM,221.08211012900634,217.19361327595726,222.32891613781356,217.19361327595726,210.5701203263518,208.43069440971155,2.543093040002219,2.6415022838083586,-0.09840924380613947
2024-11-25,222.46747106297946,224.585077311452,222.15081232344875,223.2887725830078,2930500,WM,223.12303332022202,219.1378617024818,224.585077311452,219.1378617024818,210.8960241718765,208.59038654296393,2.7676131554116807,2.666724458129023,0.1008886972826577
2024-11-26,224.59495803954343,226.13863158375537,223.51636756302597,225.06993103027344,1211000,WM,224.82997205414955,221.13044751135192,226.13863158375537,221.13044751135192,211.32459227188582,208.76263746125028,3.054066191421356,2.74419280478749,0.3098733866338659
2024-11-27,226.75213350687005,227.97916339395007,225.93083204033672,226.06936645507812,1366000,WM,226.68287384905875,222.98020978275073,227.97916339395007,222.98020978275073,211.84840281752273,208.96031929311638,3.3234180775510254,2.8600378593401974,0.463380218210828
2024-11-29,226.8016042678093,227.860414830385,225.66364412778475,225.8318634033203,1254600,WM,226.53938165732484,224.83154181590476,227.860414830385,224.83154181590476,212.35024585803237,209.15010800092404,3.477628934890703,2.9835560744502985,0.4940728604404043
2024-12-02,225.96052451178417,226.00998922654875,222.38829937668555,222.76431274414062,1397400,WM,224.28078146478975,225.6854617366148,226.00998922654875,222.38829937668555,212.80374979472575,209.30814127487284,3.3141134123033,3.0496675420208987,0.2644458702824011
2024-12-03,222.90285578162252,223.64500772121667,222.15081391851695,222.6554718017578,1944900,WM,222.8385373057785,224.98312160070228,224.98312160070228,222.15081391851695,213.19046036102102,209.43553295003002,3.139552817581176,3.0676445971329542,0.07190822044822198
2024-12-04,222.05185452824398,223.46689874615032,221.8539503639611,222.9325408935547,1848900,WM,222.5763111329775,223.91082945324038,223.91082945324038,221.8539503639611,213.54372501832873,209.5417414940543,2.989112816872904,3.0519382410809444,-0.06282542420804038
2024-12-05,221.9034247893582,222.12112389451704,220.8446141325295,221.7055206298828,1185000,WM,221.64367086157188,223.24357029310895,223.24357029310895,220.8446141325295,213.8638398780066,209.5996040609928,2.739300797371243,2.9894107523390043,-0.25010995496776145
2024-12-06,222.72815790675793,223.56215619258552,220.26587076057675,220.6034393310547,1787800,WM,221.78990604774373,222.44362057734043,223.56215619258552,220.26587076057675,214.2099850414943,209.62328634343794,2.424446709281142,2.876417943727432,-0.4519712344462903
2024-12-09,219.57086026207355,221.24879514855726,215.27179219589664,215.91714477539062,1652600,WM,218.00214809547953,222.11676331254208,222.11676331254208,215.27179219589664,214.50001746784332,209.60396407509975,1.7763016704763004,2.656394689077206,-0.8800930186009057
2024-12-10,216.89013555751797,216.89013555751797,214.33849474616625,214.5370635986328,2098300,WM,215.66395736495875,220.05945570401082,220.05945570401082,214.33849474616625,214.726265889461,209.55591087844633,1.1381610285889678,2.3527479569795586,-1.2145869283905908
2024-12-11,215.053354347619,215.39092291118746,211.97548411551696,212.9882049560547,1676500,WM,213.8519915825945,217.86170653448477,217.86170653448477,211.97548411551696,214.90024454744236,209.50068230828137,0.5016671179748471,1.9825317891786165,-1.4808646712037694
2024-12-12,213.53428431873732,214.52714374611827,212.47191745952009,212.918701171875,1425900,WM,213.36301167406268,215.85684905853964,215.85684905853964,212.47191745952009,215.056230766761,209.4559451770039,-0.008271912930609915,1.5843710487567713,-1.5926429616873812
2024-12-13,212.81942499850962,213.20663957043115,210.6947064231241,211.67762756347656,1344400,WM,212.09959963888537,214.60993036630117,214.60993036630117,210.6947064231241,215.18209979091964,209.42659993094193,-0.5067055507722955,1.1661557288509579,-1.6728612796232534
2024-12-16,212.33293348383168,213.2761469797882,209.95999988250233,210.1287841796875,1480900,WM,211.42446613145242,213.35476500259327,213.35476500259327,209.95999988250233,215.29179474375505,209.53857075560327,-1.0149962714260425,0.7299253287955578,-1.7449216002216004
2024-12-17,209.79119378059954,210.41668489931428,206.58426216772745,207.5076141357422,3161600,WM,208.57493874584588,212.38961556702284,212.38961556702284,206.58426216772745,215.3951632999385,209.66616816822062,-1.6107590187894232,0.26178845927856165,-1.8725474780679847
2024-12-18,207.5076196644745,207.8551265228887,203.67518168094594,203.96310424804688,1945800,WM,205.750258029089,210.48227715643435,210.48227715643435,203.67518168094594,215.40107131497666,209.7587403345328,-2.3419214014254237,-0.25895351286223545,-2.0829678885631884
2024-12-19,203.54611727385307,206.3956342936012,203.0894103953151,204.06240844726562,2454300,WM,204.27339260250875,208.1162675927617,208.1162675927617,203.0894103953151,215.3199993064298,209.8171942101649,-2.880159156528208,-0.78319464159543,-2.096964514932778
2024-12-20,204.91625887125807,205.81976459609965,202.9901091369216,204.36026000976562,3685700,WM,204.52159815351123,206.19483009763522,206.19483009763522,202.9901091369216,215.21321593888013,209.86792542510779,-3.245272838229482,-1.2756102809222405,-1.9696625573072417
2024-12-23,203.73475423736855,204.27090681934683,200.55760705653844,202.34475708007812,1710100,WM,202.72700629833298,205.35821412557323,205.35821412557323,200.55760705653844,215.0778633877505,209.87879742621354,-3.6551282602983974,-1.751513876797472,-1.9036143835009254
2024-12-24,201.81854857966331,203.98297495095787,200.98453511152394,203.91348266601562,711500,WM,202.6748853270402,204.0426102119531,204.0426102119531,200.98453511152394,214.91643287761724,209.86578112787683,-3.809445672325495,-2.1631002359030767,-1.6463454364224184
2024-12-26,202.79153952559918,204.4992589651698,202.64261667033597,203.55604553222656,736700,WM,203.37236517333287,203.35874776949663,204.4992589651698,202.64261667033597,214.73990930059162,209.88463522945926,-3.915450644873175,-2.5135703176970963,-1.401880327176079
2024-12-27,202.53341733092003,204.33049062388045,201.56040410116387,202.56320190429688,878700,WM,202.7468784900653,203.36555647141475,204.33049062388045,201.56040410116387,214.5740803913377,209.90354453838233,-4.03308365471122,-2.817472985099921,-1.2156106696112987
2024-12-30,200.76611445119778,201.62989731787067,199.83282415165874,200.82568359375,1209700,WM,200.7636298786193,203.05621748074003,203.05621748074003,199.83282415165874,214.36482596362907,209.89083925861186,-4.2178906512409355,-3.0975565183281244,-1.1203341329128111
2024-12-31,201.02425815264132,201.08382729688273,199.42575379955235,200.34910583496094,1549000,WM,200.47073627100934,201.90992367967965,201.90992367967965,199.42575379955235,214.1605990185697,209.86887012030903,-4.352632926701915,-3.348571800002883,-1.0040611266990322
2025-01-02,201.42139661868978,201.5703346296722,198.26411076366193,199.1080322265625,1818300,WM,200.0909685596466,201.1903299753445,201.5703346296722,198.26411076366193,213.9683694918394,209.84670219480023,-4.507600604992859,-3.580377561000878,-0.9272230439919813
2025-01-03,199.06833115228113,201.06397330739875,198.91940828616558,200.21011352539062,1123500,WM,199.815456567809,200.64064926749555,201.06397330739875,198.91940828616558,213.79487333976755,209.82966659831752,-4.489730043006659,-3.7622480574020347,-0.7274819856046246
2025-01-06,199.58461436876476,200.57747383611533,198.75060090231705,200.31932067871094,1335600,WM,199.80800244647702,200.2280529176523,200.57747383611533,198.75060090231705,213.61380648514944,209.82012372451894,-4.415852193971915,-3.892968884716011,-0.5228833092559042
2025-01-07,200.75617793496596,202.3745436878227,200.58739364629884,201.93768310546875,2016800,WM,201.41394959363907,200.01802768206466,202.3745436878227,200.01802768206466,213.4897948107685,209.81268889545507,-4.178547449784816,-3.950084597729772,-0.2284628520550438
2025-01-08,202.70218615686866,205.46233417787641,202.28518701159047,205.1049041748047,2005000,WM,203.88865288028506,200.71598863785186,205.46233417787641,200.71598863785186,213.44981228652878,209.81378199019036,-3.6923503432549296,-3.8985377468348035,0.20618740357987386
2025-01-10,205.5218962334609,208.18275215915338,204.77725168189036,205.77011108398438,2564700,WM,206.06300278962226,202.30232075906846,208.18275215915338,202.30232075906846,213.45395998808144,209.8385906915769,-3.2162836790789413,-3.7620869332836313,0.54580325420469
2025-01-13,205.1843281281214,206.07789553205643,203.53617788102747,206.04811096191406,1459200,WM,205.21162812577984,204.18266177434538,206.07789553205643,203.53617788102747,213.28077505764938,209.85809007537094,-2.7844675424785237,-3.56656305512261,0.7820955126440863
2025-01-14,205.33325908126943,206.23676481079235,203.6354779168321,205.69068908691406,1350000,WM,205.22404772395197,204.6971449500626,206.23676481079235,203.6354779168321,213.10209925810378,209.86504386977592,-2.442930519016926,-3.3418365479014733,0.8989060288845474
2025-01-15,207.08069237907722,207.48775321930142,205.09497357860585,206.51475524902344,1655400,WM,206.54454360650197,204.9605963370073,207.48775321930142,204.9605963370073,212.97269183063835,209.87231116620552,-2.0817673963187246,-3.0898227175849238,1.0080553212661991
2025-01-16,206.3261181967538,209.85077224545662,206.22684134246373,209.50326538085938,1589300,WM,207.97674929138338,205.75256997175464,209.85077224545662,205.75256997175464,212.8672775466366,209.88137884974674,-1.5366813221914128,-2.779194438506222,1.242513116314809
2025-01-17,210.29756482233893,211.72728490286622,209.30470533862092,210.1982879638672,1663700,WM,210.38196075692332,206.864659631569,211.72728490286622,206.864659631569,212.82416724773225,209.91568179804287,-1.036664148407965,-2.4306883804865707,1.3940242320786056
2025-01-21,211.33013047786594,212.1541904524119,209.99968736089252,211.4095458984375,1864100,WM,211.22338854740195,208.62331019424616,212.1541904524119,208.62331019424616,212.7938284722043,209.95822629757214,-0.5364744003964006,-2.051845584468537,1.5153711840721362
2025-01-22,210.91312746670772,211.3400649117141,208.23240995911232,209.93020629882812,2149300,WM,210.10395215909057,209.92334937082404,211.3400649117141,208.23240995911232,212.66614365153566,209.99216452322892,-0.256484173855938,-1.6927733023460172,1.4362891284900792
2025-01-23,210.15855868562252,210.68477298394396,208.07356292335825,208.5997772216797,1296200,WM,209.37916795365112,210.0136507649573,210.68477298394396,208.07356292335825,212.51060438981457,210.02058046492937,-0.14032680965681266,-1.3822840038081763,1.2419571941513636
2025-01-24,208.65933807499616,209.01676807001712,207.438110087939,207.93453979492188,1185100,WM,208.26218900696853,209.6964093593042,209.6964093593042,207.438110087939,212.2585104636294,210.03555885919184,-0.1007885348871298,-1.125984910023967,1.0251963751368371
2025-01-27,210.01955758309833,212.4520601979479,209.0366212767634,212.1045684814453,1593200,WM,210.90320188481374,208.97929918313636,212.4520601979479,208.97929918313636,212.0280172218724,210.0682709604853,0.26398919424073597,-0.8479900891710264,1.1119792834117623
2025-01-28,212.43221932824366,212.7002804778456,211.0422069773265,212.12442016601562,2430900,WM,212.07478173735785,209.94125053397505,212.7002804778456,209.94125053397505,211.81650254131972,210.11301930293962,0.5483588976628653,-0.5687202918042481,1.1170791894671135
2025-01-29,211.42941166604936,212.38256338061703,207.93454224574464,208.05369567871094,2159000,WM,209.95005324278048,211.00801613566645,212.38256338061703,207.93454224574464,211.55348811379687,210.14822874898667,0.4401764110699844,-0.3669409512294016,0.807117362299386
2025-01-30,213.95128871176243,221.13958144654657,213.18678269196096,220.8417205810547,3163300,WM,217.27984335783117,210.47903468922345,221.13958144654657,210.47903468922345,211.4783332442443,210.2611235925282,1.3705291398685517,-0.019446933009810957,1.3899760728783628
2025-01-31,220.01766856940085,220.8615900441806,218.10144187992032,218.68722534179688,1947600,WM,219.41698145882467,213.8794390235273,220.8615900441806,213.8794390235273,211.53156581230243,210.41572524752542,1.9119508411817208,0.3668326218284954,1.5451182193532254
2025-02-03,217.34686138465142,224.27701596178315,216.94970852288452,222.1225128173828,2118100,WM,220.17402467167548,216.648210241176,224.27701596178315,216.648210241176,211.61982880878233,210.57575291077126,2.5883930457765985,0.8111447066181161,1.7772483391584823
2025-02-04,220.53392580142733,222.49979832773693,220.10700352995028,220.5537872314453,2213800,WM,220.92362872263996,218.41111745642576,222.49979832773693,218.41111745642576,211.725112535684,210.7294978957096,2.9637312727687117,1.2416620198482353,1.7220692529204764
2025-02-05,222.0033800600623,223.52245381328228,221.4076583274991,223.16502380371094,1394700,WM,222.52462900113866,219.66737308953287,223.52245381328228,219.66737308953287,211.84049783001555,210.91451040879787,3.4323287410171304,1.6797953640820145,1.752533376935116
2025-02-06,223.02602700534754,224.04867104476153,221.92395239056324,223.31394958496094,1151200,WM,223.07815000640832,221.09600104533575,224.04867104476153,221.09600104533575,211.9476079074403,211.10306165674103,3.7722287714423146,2.0982820455540745,1.6739467258882401
2025-02-07,223.27423154262448,224.57487496074498,222.30121840172845,223.30401611328125,1308400,WM,223.3635852545948,222.08707552587202,224.57487496074498,222.08707552587202,211.99323740995203,211.28167886815194,3.994751438320179,2.4775759241072954,1.5171755142128838
2025-02-10,223.15508107147414,224.54509336984316,221.98351421054107,224.4755859375,1077800,WM,223.5398186473396,222.7253303902334,224.54509336984316,221.98351421054107,212.00157311649437,211.44879864418544,4.217026887654242,2.825466116816685,1.3915607708375575
2025-02-11,224.47558377728546,225.26987434730503,223.46287807159726,225.13087463378906,1297800,WM,224.58480270749422,223.1325745187865,225.26987434730503,223.1325745187865,211.9966697295613,211.66063100072355,4.3953907751538,3.139451048484108,1.2559397266696917
2025-02-12,224.11815641699573,226.77902758541504,223.889802988495,225.77622985839844,1503500,WM,225.14080421232606,223.85868861314037,226.77902758541504,223.85868861314037,211.96582833682663,211.9071155771747,4.536525966751611,3.418866032137609,1.1176599346140024
2025-02-13,225.69682355650687,226.82868275415785,223.60188945429465,225.97482299804688,1146500,WM,225.52555469075156,224.4997464127332,226.82868275415785,223.60188945429465,211.94555179749514,212.14789882776375,4.611245857727511,3.6573419972555894,0.9539038604719212
2025-02-14,226.50103471203664,228.73496850940745,225.95495897604604,226.1038818359375,1206900,WM,226.8237110083569,225.01265055174238,228.73496850940745,225.01265055174238,211.99641038836648,212.4000800915461,4.627532564418118,3.8513801106880954,0.7761524537300226
2025-02-18,222.38066095569994,227.96054150676423,222.38066095569994,226.71946716308594,1692900,WM,224.8603326453125,225.91818078004962,227.96054150676423,222.38066095569994,212.03684629515715,212.6136533280891,4.636663912687055,4.008436871087888,0.6282270415991675
2025-02-19,227.3648129205857,227.57332006997646,225.53795517762038,226.88824462890625,1256200,WM,226.8410831992722,225.38925671268106,227.57332006997646,225.38925671268106,212.12214173648306,212.8329333774059,4.604442357604938,4.127637968391298,0.47680438921364043
2025-02-20,226.62016489775172,227.89102375616653,224.7237997504898,227.48394775390625,1189700,WM,226.67973403957856,226.11516995597663,227.89102375616653,224.7237997504898,212.22286300004322,213.04335143902492,4.574245749120593,4.216959524537157,0.3572862245834356
2025-02-21,226.8584553997179,226.8584553997179,224.88265969065938,226.4017333984375,1709100,WM,226.25032597213317,226.39745199777758,226.8584553997179,224.88265969065938,212.312071398531,213.26102822001266,4.412128791049923,4.255993377839711,0.15613541321021263
2025-02-24,225.01173835618982,228.98317609185136,224.83301578017208,228.03994750976562,1670300,WM,226.71696943449473,226.32388898495537,228.98317609185136,224.83301578017208,212.4863678253113,213.4931926465773,4.36551715709993,4.277898133691755,0.08761902340817507
2025-02-25,228.82432599651867,230.78026038777176,228.30803482399753,229.10232543945312,1931600,WM,229.25373666193528,226.52042920972505,230.78026038777176,226.52042920972505,212.75816341125082,213.7422146503559,4.363996684355243,4.295117843824452,0.06887884053079052
2025-02-26,227.3251136555983,229.3008943288063,226.11382387561986,227.05703735351562,1065400,WM,227.449217303385,227.88708293583016,229.3008943288063,226.11382387561986,213.03010792566664,213.9651762365545,4.149916390484975,4.266077553156557,-0.11616116267158194
2025-02-27,226.48116980895767,229.26117929970326,225.89538636925343,227.970458984375,1209800,WM,227.40204861557234,227.6681501196076,229.26117929970326,225.89538636925343,213.31088866449684,214.18355971562892,4.007762713242215,4.214414585173689,-0.2066518719314736
2025-02-28,228.35768022879662,231.37596637980707,228.05981935505324,231.11782836914062,2399500,WM,229.72782358319938,227.53509936758996,231.37596637980707,227.53509936758996,213.66345314338312,214.42277646715138,4.1017884416716015,4.191889356473271,-0.0901009148016696
2025-03-03,231.92204153130905,234.12619078161643,230.60153660929004,232.11068725585938,1920100,WM,232.19011404451874,228.63146147539467,234.12619078161643,228.63146147539467,214.07876610164442,214.68528042269975,4.207913713408146,4.195094227860246,0.012819485547900022
2025-03-04,232.63689210466018,233.68932068320646,227.89102521094551,228.31796264648438,2205300,WM,230.63380016132413,230.4107877599567,233.68932068320646,227.89102521094551,214.519943329954,214.95755331494627,3.940553331104468,4.144186048509091,-0.20363271740462352
2025-03-05,226.48116996941258,229.4101023198418,226.06417081798025,228.74488830566406,1620700,WM,227.6750828532247,230.5222939606404,230.5222939606404,226.06417081798025,214.95843982643675,215.1797555707067,3.7202331031816698,4.059395459443607,-0.33916235626193725
2025-03-06,227.3945977211272,228.30802659353046,222.35086991711827,224.34652709960938,1800600,WM,225.60000533284634,229.09868840693255,229.09868840693255,222.35086991711827,215.3849720810435,215.35248569373664,3.1543553001588123,3.8783874275866483,-0.7240321274278361
2025-03-07,222.56930000884043,228.25838038778957,222.53951543747155,227.910888671875,1906100,WM,225.31952112649412,227.34934686988944,228.25838038778957,222.53951543747155,215.80093054050315,215.50707323969164,2.9593932118155806,3.694588584432435,-0.7351953726168543
2025-03-10,226.3223078923906,230.58168340352626,224.67415757456575,226.1436004638672,2270400,WM,226.93043733358746,226.3344339981918,230.58168340352626,224.67415757456575,216.28499916120822,215.68143127447937,2.631939602226197,3.4820587879911873,-0.8501191857649903
2025-03-11,226.37195469907195,226.58046184958968,222.0331637486196,222.60902404785156,1797900,WM,224.3986510862832,226.63243566588963,226.63243566588963,222.0331637486196,216.7194744763931,215.81795367700514,2.063433503381674,3.198333731069285,-1.134900227687611
2025-03-12,223.39338015315346,223.76073330812534,221.08993891698768,221.26866149902344,1264200,WM,222.37817846932248,225.5155433760864,225.5155433760864,221.08993891698768,217.09959074231287,215.91975002145224,1.4875843222906155,2.856183849313551,-1.3685995270229356
2025-03-13,220.62329531443294,222.47001441593147,219.59071304809382,221.60621643066406,1612600,WM,221.07255980228058,223.94686092270445,223.94686092270445,219.59071304809382,217.46610436855718,216.0200923799474,1.046395365016366,2.494226152454114,-1.447830787437748
2025-03-14,221.62117937265614,224.3417372865912,220.3356456965008,224.0826416015625,1219300,WM,222.59530098932765,222.5097103624925,224.3417372865912,220.3356456965008,217.90273779077134,216.1337818772002,0.8863593538330861,2.1726527927299086,-1.2862934388968226
2025-03-17,224.10258357250277,227.91934489761056,223.47475664776061,227.40113830566406,1915900,WM,225.72445585588451,222.55250567591008,227.91934489761056,222.55250567591008,218.40781218246883,216.28420560051927,1.0155974370926515,1.9412417216024573,-0.9256442845098058
2025-03-18,226.55406113747773,227.56057920678728,224.0627038665737,225.08914184570312,1306100,WM,225.81662151413548,224.1384807658973,227.56057920678728,224.0627038665737,218.9223252415586,216.445347366699,0.9208458196257254,1.737162541207111,-0.8163167215813856
2025-03-19,225.0891506611673,227.23172712168014,224.22216316286992,226.57400512695312,1238700,WM,225.77926151816763,224.97755114001637,227.23172712168014,224.22216316286992,219.4416013405658,216.61823734016667,0.9545668845632918,1.5806434098783473,-0.6260765253150555
2025-03-20,226.2949709621585,227.68016503024703,224.3915703114212,226.11558532714844,1008900,WM,226.1205729077438,225.378406329092,227.68016503024703,224.3915703114212,219.96785274979112,216.79082961747025,0.9335391664010331,1.4512225611828846,-0.5176833947818515
2025-03-21,225.36818032325274,225.61731605883276,223.09606363124624,224.13247680664062,2536500,WM,224.55350920499308,225.7494896184179,225.7494896184179,223.09606363124624,220.4306439420182,216.96021937639335,0.7482291443655811,1.310623877819424,-0.5623947334538428
2025-03-24,225.15890457310155,226.50422836038075,223.88333088147016,225.45787048339844,1519100,WM,225.2510835745877,225.1514994117055,226.50422836038075,223.88333088147016,220.8578925559043,217.15385242121656,0.7002458119211781,1.1885482646397747,-0.4883024527185966
2025-03-25,226.09565807809292,226.78327511224194,224.31183777123704,226.28500366210938,1622500,WM,225.8689436559203,225.20129149314658,226.78327511224194,224.31183777123704,221.25401137323024,217.35398568065585,0.7206541576021266,1.0949694432322452,-0.3743152856301186
2025-03-26,227.8396143500968,228.74645685741262,226.81317635139075,228.13856506347656,1268200,WM,227.8844531555942,225.53511757453344,228.74645685741262,225.53511757453344,221.7074678738265,217.49412146573795,0.8762934672036238,1.0512342480265209,-0.1749407808228971
2025-03-27,229.1749842490591,230.66979867941464,227.00251270313558,228.228271484375,1354100,WM,228.76889177899608,226.70978536506382,230.66979867941464,226.70978536506382,222.1783647549274,217.64023200651562,0.9954029146587686,1.0400679813529705,-0.044665066694201894
2025-03-28,227.8595369070741,229.51380183516997,226.90286420106966,227.13206481933594,1265700,WM,227.8520669406624,227.73933857202996,229.51380183516997,226.90286420106966,222.6045152216106,217.78860352612446,0.9899319738338193,1.0300407798491402,-0.040108806015320964
2025-03-31,227.7698570637106,231.67630365177456,227.61040654026988,230.70965576171875,1914300,WM,229.44155575436844,227.7957027563462,231.67630365177456,227.61040654026988,223.0338113508703,217.95054444875342,1.2597562181771593,1.0759838675147442,0.18377235066241515
2025-04-01,230.39076324342918,233.25083659682312,229.8825166154474,232.9817657470703,1669600,WM,231.6264705506925,228.61862925535732,233.25083659682312,228.61862925535732,223.4587015467457,218.14143439723895,1.6380517221986963,1.1883974384515348,0.44965428374716154
2025-04-02,232.12474509445963,234.06801603732293,229.68321787608843,233.74911499023438,1411300,WM,232.40627349952635,230.1225499030249,234.06801603732293,229.68321787608843,223.88235924578817,218.33809385899622,1.9769828775426106,1.34611452626975,0.6308683512728606
2025-04-03,233.1511876789132,238.49265832518284,232.2941601615851,236.01126098632812,2216100,WM,234.98731678800232,231.2644117012756,238.49265832518284,231.2644117012756,224.3800265383664,218.52308509495106,2.4004536014743394,1.556982341310668,0.8434712601636714
2025-04-04,234.2673119488432,235.65250600230203,224.2819476118447,224.4214630126953,4183200,WM,229.65580714392132,233.12586424463896,235.65250600230203,224.2819476118447,224.7855593221718,218.64808185599318,1.7803347735928696,1.6016528277671085,0.17868194582576113
2025-04-07,218.3824115105136,225.96610362292472,214.26668444849466,219.79750061035156,2931100,WM,219.60317504807114,231.39083569428016,231.39083569428016,214.26668444849466,225.0123790429939,218.63544475331162,0.9053348760789106,1.462389237429469,-0.5570543613505583
2025-04-08,225.00942136591885,225.00942136591885,212.92136597093364,215.72164916992188,2324700,WM,219.6654644681733,225.49700537117565,225.49700537117565,212.92136597093364,225.18762429466108,218.6078207582667,-0.11566270697716163,1.146778848548143,-1.2624415555253046
2025-04-09,213.26018941649784,225.52763058968628,212.76191794589855,223.6441650390625,3277800,WM,218.79847574778628,222.58123491967447,225.52763058968628,212.76191794589855,225.3220981748696,218.5693003580947,-0.28227592685342984,0.8609678934678284,-1.1432438203212583
2025-04-10,221.84042355128835,227.5306904054815,219.9669179660131,225.66714477539062,2377300,WM,223.75129417454337,220.68985533373038,227.5306904054815,219.9669179660131,225.5981229935049,218.57580555365087,-0.248219229250509,0.639130468924161,-0.88734969817467
2025-04-11,223.41496066321272,229.60348370860487,222.8768189686336,228.58702087402344,1920900,WM,226.12057105361868,222.22057475413686,229.60348370860487,222.22057475413686,225.77493754742062,218.6266353958325,0.014216666816508905,0.5141477085026306,-0.4999310416861217
2025-04-14,230.47049494959978,232.34398537699795,229.1650261030814,231.49693298339844,1316800,WM,230.86910985326938,224.17057290387777,232.34398537699795,224.17057290387777,226.00398011530953,218.76777296380598,0.45179656372152976,0.5016774795464104,-0.049880915824880634
2025-04-15,232.57318918766455,233.0814205975601,230.30107256948503,230.67974853515625,1323800,WM,231.6588577224665,227.51984137857357,233.0814205975601,227.51984137857357,226.23367677632532,218.92675279255386,0.7242926344999034,0.546200510537109,0.1780921239627944
2025-04-16,231.81581095184228,232.32405757678163,227.67020392962502,228.7763671875,1795200,WM,230.14660991143722,229.58934955052004,232.32405757678163,227.67020392962502,226.41813640010128,219.07162446789266,0.7776959712283258,0.5924996026753524,0.1851963685529734
2025-04-17,229.06535176655743,231.75601455727997,228.49731501425177,230.11172485351562,1372300,WM,229.8576015479012,229.86797973097862,231.75601455727997,228.49731501425177,226.56479585103654,219.20264684052606,0.9171978184187708,0.6574392458240361,0.25975857259473467
2025-04-21,229.98217367416353,230.43061494659136,223.51460465444728,226.7832794189453,1447500,WM,227.67766817353686,229.8627906394399,230.43061494659136,223.51460465444728,226.6567862143791,219.30219706090966,0.7505247259279599,0.6760563418448209,0.07446838408313905
2025-04-22,227.46092866609217,231.0983043564313,226.80320666869275,229.16502380371094,1868900,WM,228.63186587373178,228.7702294064884,231.0983043564313,226.80320666869275,226.76215182676185,219.37769461835694,0.8013841089329503,0.7011218952624468,0.10026221367050347
2025-04-23,229.65331509295808,230.20141674546448,225.71697356211126,227.83961486816406,1797200,WM,228.35283006717447,228.7010476401101,230.20141674546448,225.71697356211126,226.85841205515854,219.42999258582648,0.7263679941048338,0.7061711150309242,0.020196879073909546
2025-04-24,228.85608058256886,228.85608058256886,224.55102297961648,226.68362426757812,1869900,WM,227.23670210308308,228.52693885364226,228.85608058256886,224.55102297961648,226.91145004307032,219.4540598863158,0.5671012124223296,0.6783571345092053,-0.11125592208687574
2025-04-25,228.67671492200498,228.87602047338493,224.2221666611863,227.52072143554688,2115700,WM,227.32390587303075,227.88182047836267,228.87602047338493,224.2221666611863,226.95511207628442,219.4604702065555,0.5026338360426905,0.6432124748159024,-0.14057863877321186
2025-04-28,228.4275708213858,228.61691641038078,225.68707777359992,228.28805541992188,2357000,WM,227.7549051063221,227.6028631756967,228.61691641038078,225.68707777359992,226.99969908459585,219.4726254410455,0.5076090147148591,0.6160917827956938,-0.10848276808083468
2025-04-29,223.22560899606972,229.13510107818357,219.93701439375934,228.00901794433594,2250100,WM,225.07668560308713,227.6788841410094,229.13510107818357,219.93701439375934,226.96475857649045,219.48058448242847,0.483462828844722,0.5895659920054994,-0.10610316316077739
2025-04-30,228.2083254950263,233.05152462687403,226.0757242842313,232.55325317382812,1955000,WM,229.97220689498994,226.37778487204827,233.05152462687403,226.0757242842313,227.066996061484,219.55192117832058,0.8215384242752464,0.6359604784594488,0.18557794581579756
2025-05-01,231.2079150940861,233.7889727877889,228.86604837901487,232.59310913085938,1546700,WM,231.61401134793732,228.1749958835191,233.7889727877889,228.1749958835191,227.16245462445727,219.64229818047022,1.080229597617631,0.7248143022910853,0.3554152953265457
2025-05-02,235.01472163803436,235.17417215671196,231.69623184749403,233.13125610351562,1227900,WM,233.754095436439,229.8945036157282,235.17417215671196,229.8945036157282,227.3039418523945,219.76340242621885,1.313526661757379,0.8425567741843442,0.47096988757303493
2025-05-05,233.0315892832988,234.82536955371847,231.24778417379466,233.97830200195312,1031500,WM,233.27076125319127,231.82429952608362,234.82536955371847,231.24778417379466,227.44435055801566,219.87821097827336,1.5489109100412861,0.9838276013557327,0.5650833086855535
2025-05-06,231.86564921062,234.92504340374012,231.86564921062,233.2608184814453,1231700,WM,232.97929007660636,232.54753038963744,234.92504340374012,231.86564921062,227.5695969708579,220.02798239808456,1.6584422093680473,1.1187505229581955,0.5396916864098518
2025-05-07,232.8422456130364,235.48309345693724,232.8223257031176,234.69581604003906,1663700,WM,233.96087020328258,232.7634102331219,235.48309345693724,232.7634102331219,227.66373964168486,220.21095152646782,1.8398304433224837,1.2629665070310532,0.5768639362914305
2025-05-08,235.56281532497997,236.55935822395216,232.03504494723717,232.3240509033203,1845600,WM,234.12031734987238,233.36214021820223,236.55935822395216,232.03504494723717,227.79716164261458,220.41363478414058,1.7717763656474403,1.3647284787543308,0.40704788689310956
2025-05-09,231.70619775099973,233.1611571607173,230.44059914235672,231.94537353515625,1484200,WM,231.8133318973075,233.7412287840373,233.7412287840373,230.44059914235672,227.88538730824928,220.59813798637305,1.6680585789470967,1.4253944987928842,0.2426640801542126
2025-05-12,231.20791522179536,231.28764047937057,221.25246127643575,224.79019165039062,2976300,WM,227.13455215699807,232.7772803406724,232.7772803406724,221.25246127643575,227.83352187972525,220.7484875115542,0.9970052500815143,1.3397166490506103,-0.34271139896909597
2025-05-13,224.2221589203052,224.64070512556515,220.89370918844853,221.61122131347656,2787500,WM,222.84194863694884,229.95591624883525,229.95591624883525,220.89370918844853,227.64655857157388,220.86266233660913,0.20629625899331927,1.1130325710391522,-0.9067363120458329
2025-05-14,222.41842461986406,222.41842461986406,219.00027437614492,221.70091247558594,2175900,WM,221.38450902286473,226.39893244289203,226.39893244289203,219.00027437614492,227.46157274880468,220.99075803937936,-0.4084011912806602,0.8087458185751898,-1.2171470098558501
2025-05-15,223.444853848584,227.37123537070573,222.9465823905693,227.23171997070312,1762600,WM,225.24859789514053,223.89172073287838,227.37123537070573,222.9465823905693,227.413043049643,221.18574143803983,-0.4441435964001528,0.5581679355801213,-1.0023115319802742
2025-05-16,227.24168204962936,229.11518761520767,226.57400011437372,229.0753173828125,1639100,WM,228.0015467905058,224.57015931400946,229.11518761520767,224.57015931400946,227.46107387879616,221.4230229799198,-0.32001783994201105,0.3825307804756949,-0.7025486204177059
2025-05-19,228.61691994254036,231.4172031762129,228.61691994254036,231.14813232421875,1203700,WM,229.9497938463781,226.28585305225764,231.4172031762129,226.28585305225764,227.55367933319386,221.6773049368485,-0.053768629841925986,0.29527089841217075,-0.34903952825409673
2025-05-20,231.4072361064759,233.49996709642792,231.4072361064759,233.0814208984375,1901900,WM,232.3489650519543,228.11782344931788,233.49996709642792,228.11782344931788,227.66204988756118,221.97352452438471,0.30966637692449694,0.298149994114636,0.011516382809860948
2025-05-21,233.28072406397533,234.64599817855841,232.55325200387875,233.3006591796875,1864400,WM,233.44515835652498,230.23339425063608,234.64599817855841,230.23339425063608,227.84298003296604,222.28122725467955,0.6083690356939258,0.360193802430494,0.24817523326343177
2025-05-22,232.6927676402766,234.01817152479373,230.90896253617487,232.51339721679688,1755200,WM,232.53332472951053,231.83927630358053,234.01817152479373,230.90896253617487,228.0460829581698,222.57283685024132,0.7726608307306151,0.4426872080905182,0.3299736226400969
2025-05-23,235.18413565315555,236.51949955360132,232.2044667654099,235.9913330078125,1503100,WM,234.97485874499483,232.18630051654554,236.51949955360132,232.18630051654554,228.32412893702406,222.8951166527906,1.1700163932964358,0.5881530451317017,0.5818633481647341
2025-05-27,235.99132397781003,237.3665580589226,235.6823981088153,237.2071075439453,1791400,WM,236.56184692237332,233.5805796307702,237.3665580589226,233.5805796307702,228.603459855685,223.25309882322813,1.5649861971258758,0.7835196755305366,0.7814665215953392
2025-05-28,237.06760167583485,237.52601812331508,235.981373510203,236.3301544189453,1855800,WM,236.72628693207457,235.07121327657177,237.52601812331508,235.07121327657177,228.82349647720883,223.61565432983883,1.7866444984495047,0.9841446401143302,0.8024998583351745
2025-05-29,235.08447879770677,237.16726514615493,234.39687692657728,236.93804931640625,1257400,WM,235.8966675467113,235.89875010432317,237.16726514615493,234.39687692657728,229.02509739786035,223.97371131970942,1.9884408289313171,1.1850038778777277,0.8034369510535895
2025-05-30,237.53597001341026,240.8444845866579,236.73873263957915,240.13694763183594,2440000,WM,238.8140337178708,235.89770882551724,240.8444845866579,235.89770882551724,229.28579284185437,224.3636970912101,2.379065844312521,1.4238162711646865,0.9552495731478345
2025-06-02,238.2534823979105,241.26304626464844,237.67548568138213,241.26304626464844,1774900,WM,239.61376515214738,237.355871271694,241.26304626464844,237.355871271694,229.55565668674245,224.7617547182668,2.7478304527778334,1.688619107487316,1.0592113452905174
2025-06-03,240.30636240393068,241.74138666130392,238.09403587482,239.35964965820312,1764400,WM,239.87535864956442,238.4848182119207,241.74138666130392,238.09403587482,229.86209367563387,225.14636880882605,2.85359638023192,1.921614562036237,0.9319818181956832
2025-06-04,239.17029591728868,239.61873718092602,237.7751419401863,238.0641326904297,1193600,WM,238.65707693220767,239.18008843074256,239.61873718092602,237.7751419401863,230.13021354278627,225.49405304934527,2.80059572334099,2.0974107942971876,0.7031849290438026
2025-06-05,238.06413817205663,238.4926595359152,236.64904904668694,237.81500244140625,1040600,WM,237.75521229901625,238.91858268147513,238.91858268147513,236.64904904668694,230.36793891564818,225.81097514443923,2.707281733281093,2.2193849820939686,0.48789675118712417
2025-06-06,237.99000549316406,239.11000061035156,236.07000732421875,236.3300018310547,1181900,WM,237.37500381469727,238.3368974902457,239.11000061035156,236.07000732421875,230.55774992883028,226.13260890132838,2.4848586811744156,2.272479721910058,0.21237895926435746
2025-06-09,236.02999877929688,236.02999877929688,230.5,233.99000549316406,1306800,WM,234.13750076293945,237.85595065247148,237.85595065247148,230.5,230.66512210850914,226.42174343171826,2.095611753781327,2.237106128284312,-0.14149437450298485
2025-06-10,234.07000732421875,235.02999877929688,232.6999969482422,233.99000549316406,1321500,WM,233.94750213623047,235.99672570770548,235.99672570770548,232.6999969482422,230.78703081242048,226.69577301701554,1.7667645969488035,2.1430378220172104,-0.3762732250684069
2025-06-11,233.9600067138672,234.89999389648438,231.33999633789062,234.2899932861328,1408600,WM,233.62249755859375,234.97211392196797,234.97211392196797,231.33999633789062,230.87064964850498,226.95223049968766,1.512917393776121,2.0170137363689924,-0.5040963425928715
2025-06-12,234.82000732421875,237.14999389648438,234.36000061035156,237.14999389648438,1086100,WM,235.86999893188477,234.29730574028088,237.14999389648438,234.29730574028088,230.95552021612883,227.20711088143725,1.5249412303637087,1.9185992351679357,-0.3936580048042271
2025-06-13,236.9499969482422,239.60000610351562,235.8800048828125,236.5,1414100,WM,237.23250198364258,235.08365233608282,239.60000610351562,235.08365233608282,231.05204478581115,227.46720201579967,1.4651320025533607,1.8279057886450207,-0.36277378609166
2025-06-16,236.77999877929688,237.9199981689453,234.27999877929688,234.66000366210938,1024500,WM,235.9099998474121,236.1580771598627,237.9199981689453,234.27999877929688,231.07049844699938,227.72526249268287,1.2547959252912904,1.7132838159742747,-0.45848789068298434
2025-06-17,234.3000030517578,235.27000427246094,232.8699951171875,234.3000030517578,872500,WM,234.18500137329102,236.03403850363742,236.03403850363742,232.8699951171875,231.16108233158675,227.97332082687927,1.0469850362939042,1.5800240600382007,-0.5330390237442966
2025-06-18,235.0,235.0,232.58999633789062,233.22000122070312,1076400,WM,233.95249938964844,235.10951993846422,235.10951993846422,232.58999633789062,231.44806881841828,228.23022393070607,0.7860847915959255,1.4212362063497457,-0.6351514147538202
2025-06-20,233.5,234.91000366210938,231.13999938964844,231.94000244140625,2583500,WM,232.87250137329102,234.53100966405634,234.91000366210938,231.13999938964844,231.71220955652063,228.44991692559086,0.4706093719986768,1.231110839479532,-0.7605014674808552
2025-06-23,231.89999389648438,234.83999633789062,231.72999572753906,234.7100067138672,1605700,WM,233.2949981689453,233.70175551867368,234.83999633789062,231.72999572753906,232.00214000494384,228.66211908990672,0.43904795248775486,1.0726982620811767,-0.6336503095934218
