Date,Open,High,Low,Close,Volume,Ticker,HA_Close,HA_Open,HA_High,HA_Low,HA_50_MA,HA_100_MA,MACD_Line,Signal_Line,MACD_Hist
2022-01-03,437.1499938964844,445.1400146484375,433.70001220703125,443.1300048828125,217900,FICO,439.7800064086914,440.13999938964844,445.1400146484375,433.70001220703125,,,0.0,0.0,0.0
2022-01-04,445.5199890136719,447.1400146484375,438.6400146484375,445.8299865722656,239600,FICO,444.2825012207031,439.9600028991699,447.1400146484375,438.6400146484375,,,0.2153831547141749,0.04307663094283498,0.17230652377133993
2022-01-05,439.20001220703125,444.4800109863281,425.42999267578125,425.8900146484375,298200,FICO,433.75000762939453,442.1212520599365,444.4800109863281,425.42999267578125,,,-1.208976899244874,-0.20733407509470683,-1.0016428241501671
2022-01-06,426.94000244140625,448.42999267578125,426.94000244140625,443.5299987792969,230600,FICO,436.45999908447266,437.9356298446655,448.42999267578125,426.94000244140625,,,-0.9039727726856199,-0.3466618146128895,-0.5573109580727305
2022-01-07,440.6700134277344,449.8299865722656,439.6499938964844,440.04998779296875,230900,FICO,442.5499954223633,437.1978144645691,449.8299865722656,437.1978144645691,,,-0.9323154556561235,-0.4637925428215363,-0.4685229128345872
2022-01-10,433.9599914550781,440.489990234375,430.1000061035156,440.19000244140625,305800,FICO,436.18499755859375,439.8739049434662,440.489990234375,430.1000061035156,,,-0.9327273241405578,-0.5575794990853407,-0.37514782505521715
2022-01-11,440.19000244140625,450.5400085449219,439.9700012207031,448.5,221600,FICO,444.8000030517578,438.02945125102997,450.5400085449219,438.02945125102997,,,-0.2595148537588443,-0.4979665700200414,0.2384517162611971
2022-01-12,451.0,453.82000732421875,447.44000244140625,451.9800109863281,238200,FICO,451.0600051879883,441.4147271513939,453.82000732421875,441.4147271513939,,,0.5484959621590519,-0.28867406358422276,0.8371700257432747
2022-01-13,449.5299987792969,455.80999755859375,438.07000732421875,438.5799865722656,258800,FICO,445.49749755859375,446.2373661696911,455.80999755859375,438.07000732421875,,,0.10635438647540241,-0.20966837357229773,0.31602276004770014
2022-01-14,433.94000244140625,438.42999267578125,419.5,436.44000244140625,327200,FICO,432.07749938964844,445.8674318641424,445.8674318641424,419.5,,,-0.41197583153871165,-0.25012986516558056,-0.1618459663731311
2022-01-18,433.1499938964844,440.010009765625,431.3900146484375,435.94000244140625,339900,FICO,435.1225051879883,438.9724656268954,440.010009765625,431.3900146484375,,,-0.8532661638114405,-0.37075712489475254,-0.48250903891668795
2022-01-19,435.7699890136719,447.6199951171875,432.29998779296875,438.79998779296875,534000,FICO,438.6224899291992,437.04748540744185,447.6199951171875,432.29998779296875,,,-0.9611356420906532,-0.4888328283339327,-0.47230281375672045
2022-01-20,440.44000244140625,448.6600036621094,430.8399963378906,430.9700012207031,174300,FICO,437.72750091552734,437.83498766832054,448.6600036621094,430.8399963378906,,,-1.659309966825333,-0.7229282560322128,-0.9363817107931203
2022-01-21,430.6499938964844,436.5299987792969,425.54998779296875,427.0299987792969,354300,FICO,429.9399948120117,437.78124429192394,437.78124429192394,425.54998779296875,,,-2.5017053166661185,-1.078683668158994,-1.4230216485071245
2022-01-24,420.0,440.29998779296875,416.0400085449219,439.45001220703125,299700,FICO,428.94750213623047,433.86061955196783,440.29998779296875,416.0400085449219,,,-2.1424219091532564,-1.2914313163578466,-0.8509905927954098
2022-01-25,432.5199890136719,436.95001220703125,416.2300109863281,416.7699890136719,258700,FICO,425.6175003051758,431.40406084409915,436.95001220703125,416.2300109863281,,,-3.645749614883755,-1.7622949760630284,-1.8834546388207265
2022-01-26,425.260009765625,429.1499938964844,413.9200134277344,417.2900085449219,170600,FICO,421.4050064086914,428.51078057463747,429.1499938964844,413.9200134277344,,,-4.740540423263667,-2.357944065503156,-2.382596357760511
2022-01-27,422.45001220703125,430.7699890136719,420.5,422.989990234375,298600,FICO,424.17749786376953,424.95789349166444,430.7699890136719,420.5,,,-5.089559862883959,-2.904267224979317,-2.1852926379046425
2022-01-28,426.4599914550781,497.0,425.7200012207031,493.1199951171875,753500,FICO,460.5749969482422,424.567695677717,497.0,424.567695677717,,,0.28940888433737655,-2.2655320031159785,2.554940887453355
2022-01-31,490.1199951171875,499.0400085449219,478.6600036621094,494.989990234375,402400,FICO,490.70249938964844,442.5713463129796,499.0400085449219,442.5713463129796,,,4.64957593057602,-0.8825104163775788,5.532086346953599
2022-02-01,495.3999938964844,498.8999938964844,484.32000732421875,497.5400085449219,369000,FICO,494.04000091552734,466.636922851314,498.8999938964844,466.636922851314,,,8.216094867010895,0.9372106403001161,7.278884226710779
2022-02-02,498.20001220703125,506.04998779296875,495.42999267578125,504.6600036621094,249000,FICO,501.08499908447266,480.3384618834207,506.04998779296875,480.3384618834207,,,11.48472219274538,3.046712950789169,8.43800924195621
2022-02-03,493.260009765625,502.010009765625,490.510009765625,495.2200012207031,209200,FICO,495.25000762939453,490.71173048394667,502.010009765625,490.510009765625,,,13.16168389487251,5.069707139605837,8.091976755266673
2022-02-04,494.20001220703125,506.44000244140625,492.0,502.05999755859375,206100,FICO,498.6750030517578,492.9808690566706,506.44000244140625,492.0,,,14.871192812155698,7.03000427411581,7.841188538039888
2022-02-07,502.2799987792969,507.8299865722656,499.010009765625,502.739990234375,232900,FICO,502.9649963378906,495.8279360542142,507.8299865722656,495.8279360542142,,,16.095323797700246,8.843068178832699,7.252255618867547
2022-02-08,504.45001220703125,512.97998046875,501.4200134277344,512.47998046875,196300,FICO,507.8324966430664,499.3964661960524,512.97998046875,499.3964661960524,,,17.64795756521147,10.604046056108453,7.043911509103017
2022-02-09,520.0,523.5999755859375,515.1799926757812,523.4299926757812,366800,FICO,520.552490234375,503.6144814195594,523.5999755859375,503.6144814195594,,,19.536797444418426,12.390596333770448,7.1462011106479775
2022-02-10,509.67999267578125,531.030029296875,509.67999267578125,516.8200073242188,285800,FICO,516.8025054931641,512.0834858269673,531.030029296875,509.67999267578125,,,20.266723903565094,13.965821847729378,6.300902055835715
2022-02-11,520.5800170898438,528.5999755859375,514.97998046875,516.6199951171875,322400,FICO,520.1949920654297,514.4429956600657,528.5999755859375,514.4429956600657,,,20.591688401725207,15.290995158528546,5.300693243196662
2022-02-14,515.0399780273438,526.8499755859375,508.5299987792969,512.4000244140625,221200,FICO,515.7049942016602,517.3189938627477,526.8499755859375,508.5299987792969,,,20.274991261268326,16.2877943790765,3.9871968821918244
2022-02-15,513.530029296875,522.6799926757812,510.05999755859375,517.9299926757812,143800,FICO,516.0500030517578,516.5119940322039,522.6799926757812,510.05999755859375,,,20.236949758867752,17.077625455034752,3.1593243038329994
2022-02-16,512.6400146484375,514.739990234375,503.30999755859375,511.55999755859375,188500,FICO,510.5625,516.2809985419808,516.2809985419808,503.30999755859375,,,19.46837689426127,17.555775742880055,1.9126011513812138
2022-02-17,505.5,512.7899780273438,498.19000244140625,508.92999267578125,194500,FICO,506.3524932861328,513.4217492709904,513.4217492709904,498.19000244140625,,,18.434555862743935,17.731531766852832,0.7030240958911023
2022-02-18,507.7900085449219,513.4099731445312,495.510009765625,498.20001220703125,228400,FICO,503.72750091552734,509.8871212785616,513.4099731445312,495.510009765625,,,16.558548853503964,17.49693518418306,-0.9383863306790943
2022-02-22,493.2799987792969,495.2900085449219,483.42999267578125,485.1600036621094,218100,FICO,489.29000091552734,506.8073110970445,506.8073110970445,483.42999267578125,,,13.859812778823539,16.769510703111155,-2.9096979242876166
2022-02-23,488.69000244140625,488.69000244140625,453.7300109863281,454.79998779296875,381100,FICO,471.47750091552734,498.0486560062859,498.0486560062859,453.7300109863281,,,9.165590226150186,15.248726607718963,-6.083136381568776
2022-02-24,435.8999938964844,473.3999938964844,435.4200134277344,472.45001220703125,259700,FICO,454.2925033569336,484.7630784609066,484.7630784609066,435.4200134277344,,,6.791308518754079,13.557242989925987,-6.765934471171908
2022-02-25,468.6099853515625,473.8599853515625,461.489990234375,473.3900146484375,185800,FICO,469.3374938964844,469.5277909089201,473.8599853515625,461.489990234375,,,4.928708418327972,11.831536075606385,-6.902827657278413
2022-02-28,467.29998779296875,479.82000732421875,464.2699890136719,471.19000244140625,398300,FICO,470.6449966430664,469.43264240270224,479.82000732421875,464.2699890136719,,,3.2377391787628085,10.11277669623767,-6.875037517474862
2022-03-01,471.17999267578125,483.3900146484375,465.05999755859375,475.4599914550781,324600,FICO,473.77249908447266,470.0388195228843,483.3900146484375,465.05999755859375,,,2.2166343206071133,8.533548221111559,-6.316913900504446
2022-03-02,477.2300109863281,492.489990234375,474.05999755859375,490.0,178200,FICO,483.4449996948242,471.9056593036785,492.489990234375,471.9056593036785,,,2.5512493234064095,7.33708844157053,-4.78583911816412
2022-03-03,495.2900085449219,495.2900085449219,481.55999755859375,481.9700012207031,172700,FICO,488.52750396728516,477.67532949925135,495.2900085449219,477.67532949925135,,,2.143768305332003,6.298424414322825,-4.154656108990822
2022-03-04,483.5199890136719,502.7200012207031,480.6000061035156,497.2300109863281,326800,FICO,491.0175018310547,483.10141673326825,502.7200012207031,480.6000061035156,,,3.0174091037528115,5.642221352208822,-2.624812248456011
2022-03-07,489.30999755859375,497.7699890136719,476.3900146484375,477.0199890136719,254000,FICO,485.12249755859375,487.05945928216147,497.7699890136719,476.3900146484375,,,2.055303599240972,4.9248378016152525,-2.8695342023742807
2022-03-08,475.1400146484375,487.4100036621094,468.55999755859375,468.9100036621094,293300,FICO,475.0050048828125,486.0909784203776,487.4100036621094,468.55999755859375,,,0.6311445736527617,4.066099156022754,-3.4349545823699925
2022-03-09,476.5400085449219,492.0199890136719,473.7200012207031,485.9200134277344,241300,FICO,482.0500030517578,480.54799165159505,492.0199890136719,473.7200012207031,,,0.8650817904793371,3.4258956829140708,-2.5608138924347337
2022-03-10,478.05999755859375,486.9800109863281,476.82000732421875,481.6099853515625,189700,FICO,480.8675003051758,481.29899735167646,486.9800109863281,476.82000732421875,,,0.6946875492615732,2.8796540561835715,-2.1849665069219983
2022-03-11,484.5899963378906,484.5899963378906,462.3299865722656,463.17999267578125,142500,FICO,473.67249298095703,481.0832488284261,484.5899963378906,462.3299865722656,,,-0.9169277255355723,2.1203376998397427,-3.037265425375315
2022-03-14,462.1499938964844,479.1499938964844,460.1099853515625,466.0299987792969,265700,FICO,466.85999298095703,477.3778709046916,479.1499938964844,460.1099853515625,,,-1.9417890325687495,1.3079123533580443,-3.2497013859267936
2022-03-15,468.5199890136719,479.7200012207031,465.9100036621094,478.67999267578125,225900,FICO,473.2074966430664,472.1189319428243,479.7200012207031,465.9100036621094,470.75329956054685,,-1.713498075880068,0.7036302675104219,-2.4171283433904898
2022-03-16,483.70001220703125,488.3599853515625,467.6499938964844,483.7200012207031,224600,FICO,480.8574981689453,472.6632142929453,488.3599853515625,467.6499938964844,471.5748493957519,,-1.1130586324306933,0.34029248752219887,-1.4533511199528921
2022-03-17,482.8699951171875,487.1700134277344,477.6400146484375,480.20001220703125,277000,FICO,481.97000885009766,476.7603562309453,487.1700134277344,476.7603562309453,472.32859954833987,,-0.9107412845803537,0.09008573310168835,-1.0008270176820422
2022-03-18,474.95001220703125,492.5299987792969,470.6000061035156,491.6499938964844,580300,FICO,482.43250274658203,479.36518254052146,492.5299987792969,470.6000061035156,473.3022494506836,,0.17153712881525962,0.10637601224440262,0.065161116570857
2022-03-21,487.8900146484375,491.3299865722656,473.739990234375,483.7300109863281,209800,FICO,484.17250061035156,480.89884264355175,491.3299865722656,473.739990234375,474.25649948120116,,0.38572770911201815,0.16224635161792572,0.22348135749409243
2022-03-22,484.69000244140625,489.1199951171875,483.1099853515625,484.7900085449219,231600,FICO,485.42749786376953,482.5356716269516,489.1199951171875,482.5356716269516,475.1140495300293,,0.6337032942566907,0.2565377401456787,0.377165554111012
2022-03-23,478.70001220703125,478.70001220703125,464.1099853515625,464.4200134277344,191000,FICO,471.48250579833984,483.9815847453606,483.9815847453606,464.1099853515625,475.8199996948242,,-0.8041924052974423,0.0443917110570545,-0.8485841163544968
2022-03-24,464.54998779296875,465.6300048828125,459.5,465.1700134277344,145700,FICO,463.7125015258789,477.7320452718502,477.7320452718502,459.5,476.1982496643066,,-1.8617552194176028,-0.336837675037877,-1.5249175443797258
2022-03-25,468.489990234375,469.1199951171875,455.6000061035156,457.5,300000,FICO,462.67749786376953,470.72227339886456,470.72227339886456,455.6000061035156,476.43059951782226,,-3.2809664130983265,-0.9256634226499669,-2.35530299044836
2022-03-28,457.44000244140625,464.44000244140625,454.07000732421875,462.3900146484375,216400,FICO,459.5850067138672,466.69988563131704,466.69988563131704,454.07000732421875,476.71234970092775,,-3.965407445729568,-1.5336122272658872,-2.4317952184636806
2022-03-29,469.32000732421875,480.989990234375,468.9100036621094,479.3599853515625,234900,FICO,474.6449966430664,463.14244617259214,480.989990234375,463.14244617259214,477.5636996459961,,-3.1027307349123703,-1.847435928795184,-1.2552948061171862
2022-03-30,476.0299987792969,479.9100036621094,472.0299987792969,476.9599914550781,173100,FICO,476.2324981689453,468.8937214078293,479.9100036621094,468.8937214078293,478.3858995056152,,-2.5829381727675695,-1.9945363775896612,-0.5884017951779084
2022-03-31,473.3500061035156,475.8599853515625,466.29998779296875,466.4599914550781,254500,FICO,470.49249267578125,472.5631097883873,475.8599853515625,466.29998779296875,479.0232995605469,,-2.9838649326511586,-2.192402088601961,-0.7914628440491978
2022-04-01,466.04998779296875,468.6700134277344,447.6000061035156,449.2900085449219,346300,FICO,457.90250396728516,471.52780123208424,471.52780123208424,447.6000061035156,479.426799621582,,-4.633662427584909,-2.6806541563985506,-1.9530082711863583
2022-04-04,450.8800048828125,459.45001220703125,450.8800048828125,452.42999267578125,154100,FICO,453.4100036621094,464.7151525996847,464.7151525996847,450.8800048828125,479.896199798584,,-5.622950478104485,-3.2691134207397377,-2.3538370573647476
2022-04-05,450.4599914550781,453.489990234375,437.3800048828125,439.9100036621094,349900,FICO,445.30999755859375,459.062578130897,459.062578130897,437.3800048828125,480.22344970703125,,-7.3327000631850865,-4.081830749228808,-3.2508693139562785
2022-04-06,437.0899963378906,437.2699890136719,414.54998779296875,419.1000061035156,441000,FICO,427.0024948120117,452.1862878447454,452.1862878447454,414.54998779296875,480.25114959716797,,-10.248740710720824,-5.315212741527212,-4.933527969193612
2022-04-07,417.6300048828125,426.17999267578125,414.4800109863281,421.17999267578125,274500,FICO,419.8675003051758,439.59439132837855,439.59439132837855,414.4800109863281,480.2203994750977,,-12.25066832099435,-6.70230385742064,-5.54836446357371
2022-04-08,419.5899963378906,429.1400146484375,418.1600036621094,418.75,219700,FICO,421.4100036621094,429.7309458167772,429.7309458167772,418.1600036621094,480.1650495910645,,-13.873366937698393,-8.13651647347619,-5.7368504642222025
2022-04-11,414.2300109863281,416.79998779296875,409.5400085449219,411.010009765625,249700,FICO,412.89500427246094,425.5704747394433,425.5704747394433,409.5400085449219,479.21144973754883,,-15.604046078454246,-9.630022394471801,-5.974023683982445
2022-04-12,416.8399963378906,417.45001220703125,405.489990234375,407.3999938964844,221100,FICO,411.7949981689453,419.2327395059521,419.2327395059521,405.489990234375,477.63329971313476,,-17.070145861160768,-11.118047087809595,-5.952098773351173
2022-04-13,405.0,416.3699951171875,402.55999755859375,414.9800109863281,177700,FICO,409.72750091552734,415.51386883744874,416.3699951171875,402.55999755859375,475.9470497131348,,-17.41959423234033,-12.378356516715742,-5.041237715624588
2022-04-14,417.79998779296875,417.9200134277344,411.6199951171875,413.7200012207031,145400,FICO,415.26499938964844,412.62068487648804,417.9200134277344,411.6199951171875,474.2306497192383,,-17.595378273885956,-13.421760868149786,-4.17361740573617
2022-04-18,413.3299865722656,414.7699890136719,403.45001220703125,404.739990234375,197600,FICO,409.07249450683594,413.9428421330682,414.7699890136719,403.45001220703125,472.5070994567871,,-18.248937834987657,-14.38719626151736,-3.8617415734702973
2022-04-19,402.8699951171875,414.5299987792969,402.7799987792969,409.54998779296875,314800,FICO,407.4324951171875,411.5076683199521,414.5299987792969,402.7799987792969,470.6822492980957,,-18.16931731168961,-15.143620471551811,-3.0256968401377993
2022-04-20,413.45001220703125,416.3699951171875,405.20001220703125,408.0899963378906,222400,FICO,410.77750396728516,409.47008171856976,416.3699951171875,405.20001220703125,468.83849945068357,,-18.01634536749725,-15.7181654507409,-2.298179916756352
2022-04-21,412.4200134277344,412.4200134277344,384.44000244140625,386.6700134277344,319000,FICO,398.98751068115234,410.12379284292746,412.4200134277344,384.44000244140625,466.66159973144534,,-19.39989766197442,-16.454511892987604,-2.9453857689868173
2022-04-22,386.9100036621094,389.04998779296875,381.739990234375,382.6000061035156,195000,FICO,385.0749969482422,404.55565176203993,404.55565176203993,381.739990234375,463.95204986572264,,-20.587468873972796,-17.281103289184642,-3.3063655847881535
2022-04-25,380.0,390.239990234375,378.07000732421875,386.5,393100,FICO,383.70249938964844,394.81532435514106,394.81532435514106,378.07000732421875,461.29004974365233,,-20.97217650560276,-18.019317932468265,-2.9528585731344954
2022-04-26,384.0,384.0,367.45001220703125,369.3399963378906,515400,FICO,376.19750213623047,389.2589118723947,389.2589118723947,367.45001220703125,458.41009994506834,,-22.40347563726914,-18.89614947342844,-3.5073261638406983
2022-04-27,372.04998779296875,376.9100036621094,368.8500061035156,375.2799987792969,458700,FICO,373.27249908447266,382.7282070043126,382.7282070043126,368.8500061035156,455.56145004272463,,-22.795707233564826,-19.67606102545572,-3.1196462081091063
2022-04-28,395.9700012207031,400.0,372.8900146484375,385.3800048828125,694600,FICO,388.5600051879883,378.0003530443926,400.0,372.8900146484375,453.0116500854492,,-22.037532558774558,-20.14835533211949,-1.8891772266550682
2022-04-29,381.5299987792969,381.5299987792969,372.9800109863281,373.510009765625,317900,FICO,377.3875045776367,383.2801791161904,383.2801791161904,372.9800109863281,450.34815017700197,,-22.139275286634472,-20.546539323022486,-1.592735963611986
2022-05-02,373.1099853515625,377.2200012207031,367.3299865722656,374.0899963378906,640200,FICO,372.93749237060547,380.3338418469136,380.3338418469136,367.3299865722656,447.6798501586914,,-21.92042208148206,-20.8213158747144,-1.099106206767658
2022-05-03,374.4100036621094,376.95001220703125,369.1000061035156,370.5199890136719,369400,FICO,372.74500274658203,376.63566710875955,376.95001220703125,369.1000061035156,445.0602001953125,,-21.783937424317628,-21.013840184635047,-0.7700972396825811
2022-05-04,370.2200012207031,380.6300048828125,361.7699890136719,378.4200134277344,333600,FICO,372.76000213623047,374.6903349276708,380.6300048828125,361.7699890136719,442.72960021972654,,-20.798553623715804,-20.9707828724512,0.1722292487353947
2022-05-05,374.760009765625,376.1300048828125,360.6300048828125,362.6700134277344,191200,FICO,368.5475082397461,373.72516853195066,376.1300048828125,360.6300048828125,440.67100036621093,,-21.04591898080878,-20.985810094122716,-0.060108886686062846
2022-05-06,355.42999267578125,357.25,345.29998779296875,349.8900146484375,497600,FICO,351.9674987792969,371.1363383858484,371.1363383858484,345.29998779296875,438.6245002746582,,-22.019371297326245,-21.192522334763424,-0.8268489625628206
2022-05-09,345.6499938964844,350.6199951171875,340.4800109863281,341.44000244140625,303100,FICO,344.54750061035156,361.5519185825726,361.5519185825726,340.4800109863281,436.1287004089356,,-23.205189655303116,-21.595055798871364,-1.6101338564317516
2022-05-10,347.7300109863281,362.0400085449219,345.44000244140625,358.4100036621094,357800,FICO,353.4050064086914,353.0497095964621,362.0400085449219,345.44000244140625,433.78390060424806,,-22.51607072551036,-21.779258784199165,-0.7368119413111955
2022-05-11,353.45001220703125,364.30999755859375,349.1700134277344,351.0899963378906,250300,FICO,354.5050048828125,353.22735800257675,364.30999755859375,349.1700134277344,431.39855072021487,,-22.303501541701507,-21.884107335699635,-0.41939420600187205
2022-05-12,347.239990234375,357.7699890136719,346.6600036621094,352.7300109863281,244900,FICO,351.0999984741211,353.8661814426946,357.7699890136719,346.6600036621094,428.7516506958008,,-21.751960396771324,-21.857677947913974,0.10571755114265002
2022-05-13,356.6400146484375,365.70001220703125,352.80999755859375,361.5299987792969,189900,FICO,359.17000579833984,352.48308995840785,365.70001220703125,352.48308995840785,426.16450073242186,,-20.369962349346736,-21.56013482820053,1.1901724788537926
2022-05-16,359.42999267578125,370.07000732421875,357.6000061035156,364.3999938964844,227800,FICO,362.875,355.82654787837384,370.07000732421875,355.82654787837384,423.6016506958008,,-18.82611854387551,-21.013331571335524,2.1872130274600146
2022-05-17,369.1700134277344,380.6199951171875,369.07000732421875,379.6000061035156,252300,FICO,374.61500549316406,359.3507739391869,380.6199951171875,359.3507739391869,421.39150085449216,,-16.189475061035182,-20.048560269275455,3.8590852082402733
2022-05-18,371.5299987792969,378.4800109863281,371.2900085449219,375.6300048828125,332100,FICO,374.23250579833984,366.98288971617546,378.4800109863281,366.98288971617546,419.37605087280275,,-14.25592855435275,-18.890033926290915,4.6341053719381655
2022-05-19,375.7300109863281,385.55999755859375,372.260009765625,378.7200012207031,387800,FICO,378.0675048828125,370.60769775725765,385.55999755859375,370.60769775725765,417.2964009094238,,-12.332085531515077,-17.57844424733575,5.246358715820673
2022-05-20,376.7200012207031,395.42999267578125,376.70001220703125,395.4200134277344,361800,FICO,386.0675048828125,374.3376013200351,395.42999267578125,374.3376013200351,415.40040100097656,,-9.352069818685152,-15.93316936160563,6.581099542920478
2022-05-23,399.260009765625,403.1300048828125,391.3500061035156,398.7200012207031,313400,FICO,398.11500549316406,380.2025531014238,403.1300048828125,380.2025531014238,413.8892512512207,,-6.647476489607982,-14.0760307872061,7.428554297598119
2022-05-24,394.5899963378906,397.3800048828125,389.1400146484375,390.8399963378906,306300,FICO,392.9875030517578,389.1587792972939,397.3800048828125,389.1400146484375,412.4118014526367,,-5.081342772411688,-12.277093184247219,7.195750411835531
2022-05-25,389.1600036621094,399.1099853515625,386.4800109863281,398.1000061035156,284500,FICO,393.2125015258789,391.07314117452586,399.1099853515625,386.4800109863281,410.811901550293,440.78260055541995,-3.21726181299249,-10.465126909996274,7.247865097003784
2022-05-26,399.0,404.1700134277344,398.1300048828125,401.6199951171875,252800,FICO,400.7300033569336,392.1428213502024,404.1700134277344,392.1428213502024,409.20935165405274,440.39210052490233,-1.4393387261689554,-8.65996927323081,7.220630547061855
2022-05-27,406.4100036621094,410.92999267578125,397.9599914550781,410.9200134277344,263300,FICO,406.5550003051758,396.436412353568,410.92999267578125,396.436412353568,407.7010514831543,440.0148255157471,0.711905480316716,-6.785594322521305,7.497499802838021
2022-05-31,406.9599914550781,411.4700012207031,398.260009765625,409.54998779296875,525000,FICO,406.55999755859375,401.4957063293719,411.4700012207031,398.260009765625,406.18360137939453,439.74292541503905,2.279950543247878,-4.972485349367469,7.252435892615347
2022-06-01,412.20001220703125,416.6300048828125,401.8599853515625,406.25,239700,FICO,409.23500061035156,404.0278519439828,416.6300048828125,401.8599853515625,404.68485137939456,439.47067543029783,3.2192466456124293,-3.3341389503714893,6.553385595983919
2022-06-02,403.57000732421875,420.69000244140625,401.8500061035156,419.55999755859375,275300,FICO,411.4175033569336,406.6314262771672,420.69000244140625,401.8500061035156,403.2046514892578,439.15935050964356,4.980242010878612,-1.671262758121469,6.6515047690000815
2022-06-03,415.0799865722656,421.4700012207031,411.5799865722656,420.45001220703125,160100,FICO,417.1449966430664,409.0244648170504,421.4700012207031,409.0244648170504,402.11790130615236,438.9689505004883,6.374182659200358,-0.06217367465710363,6.436356333857462
2022-06-06,424.3999938964844,425.07000732421875,412.75,416.5899963378906,218000,FICO,419.70249938964844,413.08473073005837,425.07000732421875,412.75,401.2377012634277,438.71797546386716,7.08573964870385,1.3674089900150872,5.718330658688763
2022-06-07,411.7799987792969,422.7900085449219,409.6000061035156,421.8800048828125,141500,FICO,416.5125045776367,416.3936150598534,422.7900085449219,409.6000061035156,400.31440139770507,438.3725004577637,7.984473132397511,2.690821818491572,5.293651313905939
2022-06-08,420.5899963378906,422.760009765625,407.4100036621094,408.4800109863281,151000,FICO,414.8100051879883,416.45305981874503,422.760009765625,407.4100036621094,399.4189013671875,438.06562553405763,7.52867252380662,3.6583919595545815,3.870280564252038
2022-06-09,404.19000244140625,415.010009765625,404.0,404.8299865722656,149500,FICO,407.0074996948242,415.63153250336666,415.63153250336666,404.0,398.06615142822267,437.8149255371094,6.794596908275366,4.285632949298739,2.5089639589766275
2022-06-10,398.2699890136719,406.3299865722656,395.6300048828125,401.80999755859375,209400,FICO,400.50999450683594,411.31951609909544,411.31951609909544,395.6300048828125,396.5517013549805,437.46880043029785,5.9011243319591244,4.608731225830816,1.2923931061283085
2022-06-13,386.260009765625,392.6199951171875,378.45001220703125,381.1400146484375,199900,FICO,384.6175079345703,405.91475530296566,405.91475530296566,378.45001220703125,394.8342016601562,436.9287506103516,3.48497339948284,4.383979660561221,-0.8990062610783811
2022-06-14,382.80999755859375,386.7300109863281,377.1300048828125,379.4100036621094,207700,FICO,381.52000427246094,395.266131618768,395.266131618768,377.1300048828125,393.3065516662598,436.36667564392087,1.4142562836819934,3.790034985185376,-2.3757787015033824
2022-06-15,383.7200012207031,399.8699951171875,383.4200134277344,395.79998779296875,253400,FICO,390.70249938964844,388.39306794561446,399.8699951171875,383.4200134277344,392.05240158081057,435.97430068969726,1.083245809847483,3.2486771501177976,-2.1654313402703145
2022-06-16,384.5,389.989990234375,371.5199890136719,374.7900085449219,267700,FICO,380.1999969482422,389.54778366763145,389.989990234375,371.5199890136719,390.75020156860353,435.4868256378174,-0.864447302657311,2.426052259562776,-3.290499562220087
2022-06-17,375.2699890136719,379.7900085449219,373.1499938964844,379.0299987792969,395900,FICO,376.80999755859375,384.8738903079368,384.8738903079368,373.1499938964844,389.74635162353513,434.9987506103516,-2.0423335994256604,1.5323750877650888,-3.574708687190749
2022-06-21,384.44000244140625,387.9100036621094,373.5299987792969,385.010009765625,191400,FICO,382.7225036621094,380.84194393326527,387.9100036621094,373.5299987792969,389.00345169067384,434.61192558288576,-2.464866618218821,0.7329267465683069,-3.1977933647871275
2022-06-22,381.9100036621094,390.8399963378906,377.2300109863281,386.6300048828125,168400,FICO,384.15250396728516,381.7822237976873,390.8399963378906,377.2300109863281,388.2583016967773,434.2116756439209,-2.6385909783726333,0.058623201580118856,-2.697214179952752
2022-06-23,388.4100036621094,402.95001220703125,385.010009765625,402.239990234375,150200,FICO,394.65250396728516,382.9673638824862,402.95001220703125,382.9673638824862,387.8934516906738,433.55245071411133,-1.4993893979881818,-0.2529793183335413,-1.2464100796546405
2022-06-24,406.6700134277344,417.54998779296875,404.7900085449219,416.1499938964844,231100,FICO,411.29000091552734,388.8099339248857,417.54998779296875,388.8099339248857,387.88335174560547,432.75832572937014,0.5198644331705964,-0.09841056803271378,0.6182750012033101
2022-06-27,417.7300109863281,419.92999267578125,411.1000061035156,415.0299987792969,153300,FICO,415.94750213623047,400.0499674202065,419.92999267578125,400.0499674202065,388.0077517700195,431.9774007415771,2.006632189736763,0.3225979835211816,1.6840342062155813
2022-06-28,416.8399963378906,418.4100036621094,401.1199951171875,401.3599853515625,118400,FICO,409.4324951171875,407.9987347782185,418.4100036621094,401.1199951171875,387.8911016845703,431.0608757019043,2.0581257177145176,0.6697035303598488,1.388422187354669
2022-06-29,401.6000061035156,402.67999267578125,393.510009765625,401.05999755859375,95000,FICO,399.7125015258789,408.715614947703,408.715614947703,393.510009765625,387.7039018249512,430.10550064086914,2.0510845756059553,0.9459797394090701,1.1051048361968852
2022-06-30,399.7300109863281,405.67999267578125,390.25,400.8999938964844,179800,FICO,399.13999938964844,404.21405823679095,405.67999267578125,390.25,387.5380519104004,429.110150604248,2.009430003180512,1.1586697921633586,0.8507602110171533
2022-07-01,398.3299865722656,408.69000244140625,397.4100036621094,408.260009765625,119200,FICO,403.17250061035156,401.6770288132197,408.69000244140625,397.4100036621094,387.3859518432617,428.11222564697266,2.541018940235233,1.4351396217777335,1.1058793184574995
2022-07-05,404.8800048828125,412.6600036621094,398.7900085449219,411.3299865722656,125700,FICO,406.91500091552734,402.42476471178566,412.6600036621094,398.7900085449219,387.54450164794923,427.1030506896973,3.173446953098619,1.7828010880419107,1.3906458650567082
2022-07-06,413.8699951171875,423.95001220703125,410.5,419.0,157700,FICO,416.8300018310547,404.6698828136565,423.95001220703125,404.6698828136565,388.17960174560545,426.0658258056641,4.24462727133681,2.2751663247008906,1.9694609466359196
2022-07-07,419.5400085449219,424.5799865722656,417.1400146484375,423.6099853515625,130200,FICO,421.2174987792969,410.7499423223556,424.5799865722656,410.7499423223556,388.9299017333984,425.1099757385254,5.403247408869277,2.9007825415345683,2.5024648673347083
2022-07-08,421.1199951171875,423.6199951171875,413.3599853515625,418.8500061035156,126500,FICO,419.2374954223633,415.9837205508262,423.6199951171875,413.3599853515625,389.7907015991211,424.1004007720947,5.8697093155377615,3.4945678963352074,2.375141419202554
2022-07-11,417.4700012207031,421.6600036621094,412.79998779296875,417.82000732421875,116800,FICO,417.4375,417.61060798659474,421.6600036621094,412.79998779296875,390.67400161743166,423.11772583007814,6.086114504288162,4.012877217925799,2.073237286362363
2022-07-12,421.5899963378906,423.4800109863281,410.7099914550781,412.1300048828125,121200,FICO,416.97750091552734,417.52405399329734,423.4800109863281,410.7099914550781,391.2423515319824,422.1270008087158,5.7324019701850375,4.356782168377647,1.3756198018073906
2022-07-13,406.32000732421875,419.2699890136719,403.32000732421875,416.32000732421875,178700,FICO,411.30750274658203,417.25077745441234,419.2699890136719,403.32000732421875,391.92075149536134,421.13445083618166,5.724195456225743,4.6302648259472665,1.0939306302784768
2022-07-14,409.9800109863281,421.69000244140625,403.0899963378906,419.5,123100,FICO,413.56500244140625,414.2791401004972,421.69000244140625,403.0899963378906,392.73330169677735,420.2065759277344,5.9062074840267655,4.885453357563167,1.0207541264635989
2022-07-15,423.3500061035156,429.05999755859375,421.2900085449219,428.29998779296875,110600,FICO,425.5,413.92207127095173,429.05999755859375,413.92207127095173,393.7884016418457,419.4243009185791,6.683495620529072,5.245061810156348,1.4384338103727243
2022-07-18,431.55999755859375,436.1199951171875,424.55999755859375,425.3999938964844,102800,FICO,429.40999603271484,419.71103563547587,436.1199951171875,419.71103563547587,394.9214015197754,418.82550086975095,6.98497831555602,5.5930451112362825,1.3919332043197379
2022-07-19,431.29998779296875,441.1700134277344,429.4200134277344,440.42999267578125,178500,FICO,435.5800018310547,424.5605158340953,441.1700134277344,424.5605158340953,396.2620513916016,418.4665258789062,8.340556075357995,6.142547304060625,2.1980087712973697
2022-07-20,444.32000732421875,451.0199890136719,441.4800109863281,450.0,193000,FICO,446.7050018310547,430.070258832575,451.0199890136719,430.070258832575,398.1568014526367,418.39065086364747,10.070988738384301,6.928235590925361,3.14275314745894
2022-07-21,446.1300048828125,467.489990234375,445.07000732421875,466.2200012207031,280100,FICO,456.22750091552734,438.3876303318149,467.489990234375,438.3876303318149,400.39040145874026,418.2595509338379,12.605874953650357,8.06376346347036,4.542111490179996
2022-07-22,464.9599914550781,468.3999938964844,459.3999938964844,467.6499938964844,99500,FICO,465.1024932861328,447.3075656236711,468.3999938964844,447.3075656236711,402.62435119628907,418.20412590026854,14.562313712355262,9.363473513247342,5.19884019910792
2022-07-25,465.8800048828125,471.2799987792969,462.4700012207031,469.70001220703125,284900,FICO,467.33250427246094,456.20502945490193,471.2799987792969,456.20502945490193,404.880901184082,418.1397259521484,16.09271803283889,10.709322417165652,5.383395615673237
2022-07-26,471.94000244140625,471.94000244140625,424.0,427.6199951171875,340700,FICO,448.875,461.76876686368144,471.94000244140625,424.0,406.8364012145996,417.7940259552002,13.751549478667982,11.317767829466119,2.4337816492018636
2022-07-27,429.44000244140625,438.8399963378906,429.44000244140625,437.6700134277344,231700,FICO,433.8475036621094,455.3218834318407,455.3218834318407,429.44000244140625,408.329951171875,417.2472259521484,12.562298659248142,11.566673995422525,0.9956246638256179
2022-07-28,436.7300109863281,457.1300048828125,434.75,456.2699890136719,115600,FICO,446.2200012207031,444.584693546975,457.1300048828125,434.75,409.9968511962891,416.79925094604494,12.971148079273235,11.847568812192668,1.1235792670805669
2022-07-29,455.0299987792969,463.3299865722656,448.7300109863281,462.0299987792969,139100,FICO,457.2799987792969,445.40234738383907,463.3299865722656,445.40234738383907,411.65015106201173,416.520825958252,13.60314030613165,12.198683110980465,1.4044571951511848
2022-08-01,458.1300048828125,463.8699951171875,454.2099914550781,460.70001220703125,116300,FICO,459.22750091552734,451.34117308156794,463.8699951171875,451.34117308156794,413.3500509643555,416.3630509185791,13.83717357433136,12.526381203650644,1.3107923706807156
2022-08-02,458.32000732421875,464.2300109863281,450.3699951171875,462.6000061035156,102400,FICO,458.8800048828125,455.28433699854764,464.2300109863281,450.3699951171875,414.96630096435547,416.13135093688965,14.014410849428714,12.82398713280626,1.1904237166224547
2022-08-03,465.0,476.1700134277344,462.8299865722656,470.4599914550781,140400,FICO,468.61499786376953,457.08217094068004,476.1700134277344,457.08217094068004,416.6172508239746,416.0088259124756,14.620570955120456,13.183303897269099,1.4372670578513578
2022-08-04,480.0,480.0,469.95001220703125,475.3999938964844,234000,FICO,476.3375015258789,462.8485844022248,480.0,462.8485844022248,418.1817007446289,416.0354759979248,15.32294079444847,13.611231276704974,1.7117095177434969
2022-08-05,472.54998779296875,489.6400146484375,470.2900085449219,482.4700012207031,140500,FICO,478.7375030517578,469.59304296405185,489.6400146484375,469.59304296405185,419.8967007446289,416.1542510986328,16.26259933494856,14.141504888353692,2.121094446594869
2022-08-08,483.0299987792969,491.5199890136719,482.4700012207031,489.8399963378906,190500,FICO,486.7149963378906,474.16527300790483,491.5199890136719,474.16527300790483,421.76675064086913,416.28932609558103,17.40139011722482,14.793481934127918,2.607908183096903
2022-08-09,489.510009765625,492.67999267578125,485.4200134277344,490.5799865722656,164400,FICO,489.54750061035156,480.4401346728977,492.67999267578125,480.4401346728977,423.5431005859375,416.3762261199951,18.154329237508477,15.46565139480403,2.688677842704447
2022-08-10,495.4700012207031,507.989990234375,495.3900146484375,501.1099853515625,170600,FICO,499.98999786376953,484.9938176416247,507.989990234375,484.9938176416247,425.4118005371094,416.5564260101318,19.37735176442669,16.247991468728564,3.1293602956981275
2022-08-11,503.8800048828125,506.010009765625,485.6099853515625,486.2300109863281,135200,FICO,495.43250274658203,492.4919077526971,506.010009765625,485.6099853515625,427.18925064086915,416.6864260101318,18.927729273310604,16.783939029644973,2.143790243665631
2022-08-12,490.07000732421875,491.42999267578125,484.29998779296875,490.75,83200,FICO,489.1374969482422,493.96220524963957,493.96220524963957,484.29998779296875,428.78730056762697,416.73607597351076,18.720329245483356,17.17121707281265,1.549112172670707
2022-08-15,491.1300048828125,495.8999938964844,489.29998779296875,489.7900085449219,115000,FICO,491.5299987792969,491.54985109894085,495.8999938964844,489.29998779296875,430.3895504760742,416.797100982666,18.267918745834834,17.390557407417088,0.8773613384177459
2022-08-16,489.7900085449219,501.75,489.1600036621094,501.489990234375,130200,FICO,495.54750061035156,491.53992493911886,501.75,489.1600036621094,431.9576005554199,417.03775093078616,18.638616537624102,17.640169233458494,0.9984473041656088
2022-08-17,493.2799987792969,502.3800048828125,493.2799987792969,499.17999267578125,101700,FICO,497.0299987792969,493.54371277473524,502.3800048828125,493.2799987792969,433.5041505432129,417.3709259033203,18.53237008449281,17.81860940366536,0.7137606808274519
2022-08-18,501.6099853515625,502.9599914550781,494.67999267578125,497.3800048828125,110600,FICO,499.1574935913086,495.28685577701606,502.9599914550781,494.67999267578125,435.1570503234863,417.7357258605957,18.094344690896833,17.873756461111654,0.22058822978517867
2022-08-19,495.4800109863281,497.19000244140625,486.8900146484375,489.7900085449219,148800,FICO,492.33750915527344,497.2221746841623,497.2221746841623,486.8900146484375,436.70760040283204,418.0632508850098,16.939489250830093,17.686903019055343,-0.7474137682252504
2022-08-22,479.4800109863281,482.739990234375,475.0799865722656,477.9200134277344,120700,FICO,478.8050003051758,494.7798419197179,494.7798419197179,475.0799865722656,438.14355041503904,418.1048509216309,14.89475117019498,17.12847264928327,-2.2337214790882918
2022-08-23,475.510009765625,482.04998779296875,475.510009765625,476.1300048828125,65300,FICO,477.3000030517578,486.79242111244685,486.79242111244685,475.510009765625,439.6793505859375,418.115525970459,12.980214941952113,16.29882110781704,-3.318606165864928
2022-08-24,476.1300048828125,482.9800109863281,472.3399963378906,478.7200012207031,101900,FICO,477.5425033569336,482.04621208210233,482.9800109863281,472.3399963378906,441.53785049438477,418.1860260772705,11.538908887611171,15.346838663775868,-3.8079297761646966
2022-08-25,478.1600036621094,487.0799865722656,478.0199890136719,485.5799865722656,72900,FICO,482.2099914550781,479.79435771951796,487.0799865722656,478.0199890136719,443.5516502380371,418.4291009521484,10.825418258977436,14.442554582816182,-3.6171363238387464
2022-08-26,483.3900146484375,485.8699951171875,472.9100036621094,476.8500061035156,100900,FICO,479.7550048828125,481.00217458729804,485.8699951171875,472.9100036621094,445.3327003479004,418.69255096435546,9.446640341498266,13.4433717345526,-3.9967313930543327
2022-08-29,471.8500061035156,476.44000244140625,461.80999755859375,462.5400085449219,115400,FICO,468.1600036621094,480.37858973505524,480.37858973505524,461.80999755859375,447.0919004821777,418.9210510253906,7.11720894459404,12.178139176560888,-5.060930231966848
2022-08-30,466.3900146484375,468.239990234375,452.5299987792969,455.8299865722656,149200,FICO,460.74749755859375,474.2692966985823,474.2692966985823,452.5299987792969,448.77065048217776,419.25850105285645,4.675775653535823,10.677666471955876,-6.001890818420053
2022-08-31,456.19000244140625,463.29998779296875,445.0199890136719,449.3999938964844,200900,FICO,453.4774932861328,467.50839712858806,467.50839712858806,445.0199890136719,450.1857502746582,419.594600982666,2.196752711720933,8.981483719908887,-6.784731008187954
2022-09-01,445.0,446.760009765625,435.80999755859375,442.82000732421875,166300,FICO,442.5975036621094,460.49294520736044,460.49294520736044,435.80999755859375,451.3546502685547,419.80647598266603,-0.2954351625509162,7.126099943416927,-7.421535105967843
2022-09-02,444.8399963378906,452.3999938964844,435.6700134277344,439.7799987792969,165400,FICO,443.17250061035156,451.5452244347349,452.3999938964844,435.6700134277344,452.325050201416,420.10925094604494,-2.487145031588966,5.203450948415749,-7.690595980004715
2022-09-06,438.2699890136719,451.17999267578125,437.1400146484375,441.6300048828125,145100,FICO,442.0550003051758,447.35886252254323,451.17999267578125,437.1400146484375,452.94035018920897,420.41185096740725,-4.028374270793165,3.357085904573966,-7.385460175367131
2022-09-07,440.1199951171875,452.20001220703125,439.0299987792969,449.5400085449219,106000,FICO,445.2225036621094,444.7069314138595,452.20001220703125,439.0299987792969,453.5258502197266,420.76680099487305,-4.558985214265874,1.7738716808059982,-6.332856895071872
2022-09-08,447.2799987792969,457.3699951171875,447.2799987792969,451.6099853515625,89400,FICO,450.88499450683594,444.9647175379844,457.3699951171875,444.9647175379844,454.3549002075195,421.1230009460449,-4.757625436522289,0.4675722573403407,-5.22519769386263
2022-09-09,458.3299865722656,460.6199951171875,450.3800048828125,451.7699890136719,119300,FICO,455.2749938964844,447.92485602241015,460.6199951171875,447.92485602241015,455.46615005493163,421.58502593994143,-4.8462734616942384,-0.5951968864665752,-4.251076575227663
2022-09-12,456.9100036621094,465.67999267578125,453.3900146484375,460.6700134277344,220800,FICO,459.1625061035156,451.59992495944726,465.67999267578125,451.59992495944726,456.66660018920896,422.1023260498047,-4.150525397539695,-1.3062625886811994,-2.8442628088584962
2022-09-13,451.2099914550781,461.2799987792969,451.0199890136719,454.3299865722656,295400,FICO,454.4599914550781,455.3812155314814,461.2799987792969,451.0199890136719,457.69235000610354,422.53915092468264,-4.063881331216294,-1.8577863371882184,-2.206094994028075
2022-09-14,454.3399963378906,465.3800048828125,446.6099853515625,463.9800109863281,312500,FICO,457.57749938964844,454.92060349327977,465.3800048828125,446.6099853515625,458.7055999755859,423.12505081176755,-3.179883248146268,-2.1222057193798287,-1.0576775287664395
2022-09-15,459.6499938964844,463.5799865722656,451.29998779296875,458.0,307900,FICO,458.1324920654297,456.2490514414641,463.5799865722656,451.29998779296875,459.5316497802734,423.85562576293944,-2.928092085127389,-2.283382992529341,-0.6447090925980481
2022-09-16,453.57000732421875,466.42999267578125,449.7099914550781,465.95001220703125,496400,FICO,458.91500091552734,457.1907717534469,466.42999267578125,449.7099914550781,460.28559982299805,424.60775077819824,-2.0632622276698385,-2.2393588395574406,0.17609661188760217
2022-09-19,463.2300109863281,466.2699890136719,442.7200012207031,449.8399963378906,234700,FICO,455.51499938964844,458.0528863344871,466.2699890136719,442.7200012207031,461.01114990234373,425.4009257507324,-2.6473054887081275,-2.320948169387578,-0.32635731932054934
2022-09-20,443.6199951171875,452.5799865722656,436.5,450.07000732421875,346500,FICO,445.69249725341797,456.78394286206776,456.78394286206776,436.5,461.5762498474121,426.12512573242185,-3.0563720619659875,-2.4680329479032603,-0.5883391140627272
2022-09-21,452.95001220703125,461.25,448.7699890136719,449.70001220703125,211000,FICO,453.1675033569336,451.23822005774286,461.25,448.7699890136719,462.30004989624024,426.77120071411133,-3.371550645097898,-2.648736487342188,-0.7228141577557099
2022-09-22,446.92999267578125,446.92999267578125,435.2300109863281,439.5899963378906,179100,FICO,442.1699981689453,452.20286170733823,452.20286170733823,435.2300109863281,462.9172998046875,427.4190256500244,-4.3865601952882685,-2.9963012289314044,-1.390258966356864
2022-09-23,432.7099914550781,438.1400146484375,423.6400146484375,427.9100036621094,191600,FICO,430.6000061035156,447.18642993814177,447.18642993814177,423.6400146484375,463.2579998779297,427.9956507873535,-6.063543615354035,-3.609749706215931,-2.4537939091381045
2022-09-26,430.4700012207031,436.510009765625,425.45001220703125,428.17999267578125,161100,FICO,430.15250396728516,438.8932180208287,438.8932180208287,425.45001220703125,463.3510499572754,428.56972579956056,-7.286781716988969,-4.345156108370539,-2.9416256086184305
2022-09-27,435.8699951171875,439.0,420.2099914550781,425.57000732421875,179400,FICO,430.1624984741211,434.52286099405694,439.0,420.2099914550781,463.3661000061035,429.1437507629395,-8.370322859226519,-5.150189458541735,-3.2201334006847837
2022-09-28,427.92999267578125,436.1400146484375,425.3299865722656,433.0299987792969,141300,FICO,430.6074981689453,432.342679734089,436.1400146484375,425.3299865722656,463.26664993286136,429.76435066223144,-8.528763776423773,-5.825904322118143,-2.7028594543056297
2022-09-29,429.8399963378906,431.1000061035156,422.2200012207031,424.8399963378906,158200,FICO,427.0,431.47508895151714,431.47508895151714,422.2200012207031,462.87254989624023,430.5146756744385,-9.209038037058917,-6.502531065106298,-2.706506971952619
2022-09-30,422.2799987792969,427.6499938964844,410.79998779296875,412.010009765625,232500,FICO,418.18499755859375,429.23754447575857,429.23754447575857,410.79998779296875,462.11169982910155,431.2510506439209,-10.660544856289334,-7.334133823342906,-3.326411032946428
2022-10-03,415.1600036621094,430.989990234375,409.32000732421875,423.9100036621094,221200,FICO,419.8450012207031,423.71127101717616,430.989990234375,409.32000732421875,461.206549987793,431.915450592041,-10.72699034563874,-8.012705127802073,-2.7142852178366663
2022-10-04,430.25,441.7799987792969,430.25,441.1400146484375,355600,FICO,435.8550033569336,421.77813611893964,441.7799987792969,421.77813611893964,460.5769999694824,432.7289505767822,-9.282330062366213,-8.266630114714902,-1.0156999476513118
2022-10-05,434.6600036621094,443.9800109863281,428.6400146484375,439.9800109863281,131200,FICO,436.8150100708008,428.8165697379366,443.9800109863281,428.6400146484375,460.33580017089844,433.586100692749,-8.137228080570367,-8.240749707885994,0.10352162731562764
2022-10-06,430.7699890136719,434.95001220703125,410.7200012207031,413.82000732421875,304600,FICO,422.56500244140625,432.81578990436867,434.95001220703125,410.7200012207031,460.1101501464844,434.22005065917966,-9.234174363256727,-8.439434638960142,-0.7947397242965852
2022-10-07,407.29998779296875,411.7300109863281,399.30999755859375,402.20001220703125,327700,FICO,405.13500213623047,427.69039617288746,427.69039617288746,399.30999755859375,459.28845016479494,434.642650680542,-10.91532363267828,-8.93461243770377,-1.9807111949745106
2022-10-10,402.6499938964844,403.6600036621094,391.5199890136719,396.30999755859375,241400,FICO,398.53499603271484,416.41269915455894,416.41269915455894,391.5199890136719,458.1135501098633,434.8818505859375,-12.577930939562805,-9.663276138075577,-2.9146548014872273
2022-10-11,402.239990234375,406.1099853515625,394.3800048828125,405.7300109863281,346700,FICO,402.11499786376953,407.4738475936369,407.4738475936369,394.3800048828125,456.97130004882814,435.1606755065918,-12.98575119499992,-10.327771149460446,-2.6579800455394746
2022-10-12,406.20001220703125,413.44000244140625,404.1600036621094,405.30999755859375,251200,FICO,407.27750396728516,404.79442272870324,413.44000244140625,404.1600036621094,455.9392500305176,435.4527754974365,-13.190788065204401,-10.900374532609238,-2.2904135325951636
2022-10-13,394.260009765625,407.6499938964844,389.8399963378906,404.07000732421875,191900,FICO,398.9550018310547,406.0359633479942,407.6499938964844,389.8399963378906,454.5460501098633,435.581650466919,-13.300023716508974,-11.380304369389187,-1.9197193471197878
2022-10-14,407.3299865722656,413.5400085449219,398.55999755859375,400.4100036621094,154300,FICO,404.95999908447266,402.49548258952444,413.5400085449219,398.55999755859375,453.11850006103515,435.65010040283204,-13.526006086257667,-11.809444712762883,-1.716561373494784
2022-10-17,406.44000244140625,417.5899963378906,406.1099853515625,409.2799987792969,163400,FICO,409.85499572753906,403.7277408369986,417.5899963378906,403.7277408369986,451.7408499145508,435.81877532958987,-12.841337322880463,-12.0158232347864,-0.8255140880940637
2022-10-18,419.29998779296875,425.2300109863281,414.8999938964844,420.010009765625,159600,FICO,419.86000061035156,406.7913682822688,425.2300109863281,406.7913682822688,450.40375,436.08525032043457,-11.302620608243899,-11.8731827094779,0.5705621012340014
2022-10-19,417.20001220703125,418.7699890136719,403.239990234375,408.95001220703125,246400,FICO,412.04000091552734,413.3256844463102,418.7699890136719,403.239990234375,448.85360000610353,436.1983502960205,-10.850547538963497,-11.668655675375021,0.8181081364115244
2022-10-20,410.3399963378906,412.4599914550781,400.2300109863281,408.5899963378906,190000,FICO,407.9049987792969,412.6828426809188,412.6828426809188,400.2300109863281,447.01190002441405,436.2118502807617,-10.401425488046073,-11.415209637909232,1.0137841498631595
2022-10-21,407.6099853515625,413.0,400.510009765625,409.6600036621094,142200,FICO,407.6949996948242,410.29392073010786,413.0,400.510009765625,445.2571499633789,436.22320030212404,-9.845657764306452,-11.101299263188677,1.255641498882225
2022-10-24,412.6700134277344,419.2699890136719,408.8800048828125,415.8800048828125,186300,FICO,414.1750030517578,408.99446021246604,419.2699890136719,408.8800048828125,443.7579000854492,436.2726003265381,-8.8018435498754,-10.641408120526023,1.839564570650623
2022-10-25,418.9700012207031,437.6499938964844,418.9700012207031,432.75,278600,FICO,427.08499908447266,411.5847316321119,437.6499938964844,411.5847316321119,442.46900009155274,436.42927528381347,-6.537979884777712,-9.820722473376362,3.2827425885986496
2022-10-26,429.70001220703125,448.07000732421875,429.70001220703125,447.55999755859375,259700,FICO,438.75750732421875,419.3348653582923,448.07000732421875,419.3348653582923,441.33320022583007,436.645400390625,-3.508366326140674,-8.558251243929226,5.049884917788551
2022-10-27,450.0,475.9100036621094,449.45001220703125,474.57000732421875,351900,FICO,462.48250579833984,429.0461863412555,475.9100036621094,429.0461863412555,440.64225036621093,437.0732004547119,1.059888566643508,-6.6346232818146795,7.694511848458188
2022-10-28,473.239990234375,485.42999267578125,471.6700134277344,485.1099853515625,207400,FICO,478.8624954223633,445.7643460697977,485.42999267578125,445.7643460697977,440.23635040283204,437.69670036315915,5.467723113693978,-4.214154002712948,9.681877116406927
2022-10-31,482.29998779296875,487.8299865722656,477.5,478.8399963378906,271400,FICO,481.61749267578125,462.3134207460805,487.8299865722656,462.3134207460805,440.0219500732422,438.3647752380371,8.35867444019334,-1.6995883141316903,10.05826275432503
2022-11-01,486.1700134277344,487.239990234375,471.4800109863281,476.1199951171875,166600,FICO,480.25250244140625,471.9654567109309,487.239990234375,471.4800109863281,440.0509001159668,439.0972252655029,10.311429092178685,0.7026151671303847,9.6088139250483
2022-11-02,473.5199890136719,475.0400085449219,442.2699890136719,447.5,245600,FICO,459.5824966430664,476.10897957616857,476.10897957616857,442.2699890136719,439.696549987793,439.68795028686526,9.440779376070509,2.4502480089184098,6.9905313671521
2022-11-03,440.8800048828125,451.1400146484375,433.45001220703125,436.67999267578125,199300,FICO,440.5375061035156,467.8457381096175,467.8457381096175,433.45001220703125,438.9564500427246,440.24715026855466,7.787924690850673,3.5177833453048626,4.27014134554581
2022-11-04,442.739990234375,443.54998779296875,427.7200012207031,435.3500061035156,171800,FICO,437.3399963378906,454.19162210656657,454.19162210656657,427.7200012207031,438.05905014038086,440.805350189209,6.2981059979096585,4.073847875825822,2.224258122083836
2022-11-07,435.1700134277344,442.29998779296875,427.0899963378906,436.8500061035156,227100,FICO,435.35250091552734,445.7658092222286,445.7658092222286,427.0899963378906,437.17100006103516,441.25185020446776,5.178753962153451,4.294829093091348,0.8839248690621027
2022-11-08,439.2099914550781,456.3299865722656,435.4800109863281,450.5299987792969,311300,FICO,445.3874969482422,440.559155068878,456.3299865722656,435.4800109863281,436.71554992675783,441.9037252044678,5.334033076798221,4.502669889832723,0.8313631869654978
2022-11-09,446.82000732421875,446.95001220703125,437.30999755859375,443.7699890136719,201300,FICO,443.7125015258789,442.9733260085601,446.95001220703125,437.30999755859375,436.37485000610354,442.57275024414065,4.8556437627885884,4.573264664423896,0.2823790983646921
2022-11-10,525.739990234375,581.8699951171875,518.260009765625,581.780029296875,844600,FICO,551.9125061035156,443.3429137672195,581.8699951171875,443.3429137672195,438.3435502624512,444.2646502685547,15.434850291352348,6.745581789809587,8.68926850154276
2022-11-11,583.8599853515625,623.1500244140625,583.8599853515625,607.5700073242188,475700,FICO,599.6100006103516,497.62770993536753,623.1500244140625,497.62770993536753,441.483800201416,446.41922523498533,25.604826869572435,10.517430805762157,15.087396063810278
2022-11-14,600.010009765625,613.8599853515625,580.010009765625,592.9000244140625,368100,FICO,596.6950073242188,548.6188552728595,613.8599853515625,548.6188552728595,444.5542503356934,448.4396502685547,32.11070929136116,14.836086502881958,17.274622788479203
2022-11-15,610.989990234375,623.6099853515625,604.8400268554688,616.489990234375,273900,FICO,613.9824981689453,572.6569312985391,623.6099853515625,572.6569312985391,447.99280029296875,450.4665752410889,38.72379724519368,19.613628651344303,19.110168593849377
2022-11-16,603.6500244140625,623.3400268554688,603.6500244140625,617.8699951171875,194500,FICO,612.1275177001953,593.3197147337422,623.3400268554688,593.3197147337422,451.33090057373045,452.42837539672854,43.573780535911396,24.405659028257723,19.168121507653673
2022-11-17,600.8400268554688,603.4500122070312,571.25,586.7100219726562,346000,FICO,590.5625152587891,602.7236162169688,603.4500122070312,571.25,454.1244509887695,454.2396755981445,44.391361831514985,28.40279958890918,15.988562242605806
2022-11-18,593.8699951171875,593.8699951171875,568.3800048828125,576.2000122070312,290700,FICO,583.0800018310547,596.6430657378789,596.6430657378789,568.3800048828125,456.68055114746096,456.0733506011963,43.687627174897955,31.459765106106936,12.22786206879102
2022-11-21,577.4199829101562,582.9299926757812,568.9000244140625,581.489990234375,163300,FICO,577.6849975585938,589.8615337844668,589.8615337844668,568.9000244140625,459.0510009765625,457.85880058288575,43.06039596548584,33.77989127798272,9.280504687503118
2022-11-22,581.8900146484375,584.3599853515625,574.1400146484375,577.9000244140625,175000,FICO,579.572509765625,583.7732656715302,584.3599853515625,574.1400146484375,461.5532513427734,459.62280067443845,41.7918796993348,35.382288962253135,6.409590737081665
2022-11-23,578.4199829101562,594.6699829101562,578.2899780273438,579.2899780273438,177400,FICO,582.66748046875,581.6728877185776,594.6699829101562,578.2899780273438,464.0550509643555,461.3803254699707,40.4326466770641,36.39236050521533,4.04028617184877
2022-11-25,576.5900268554688,589.969970703125,570.8099975585938,589.0700073242188,84300,FICO,581.6100006103516,582.1701840936638,589.969970703125,570.8099975585938,466.52460113525393,463.0281254577637,39.68712289495522,37.051312983163314,2.6358099117919096
2022-11-28,579.4299926757812,589.0499877929688,571.8099975585938,587.6799926757812,190000,FICO,581.9924926757812,581.8900923520077,589.0499877929688,571.8099975585938,468.986150970459,464.6358753967285,38.539863801462275,37.34902314682311,1.1908406546391674
2022-11-29,583.780029296875,597.1300048828125,579.47998046875,590.739990234375,214600,FICO,587.7825012207031,581.9412925138945,597.1300048828125,579.47998046875,471.6315010070801,466.32132545471194,37.44591572660261,37.36840166277901,0.0775140638235996
2022-11-30,587.3699951171875,621.2000122070312,582.489990234375,619.719970703125,395800,FICO,602.6949920654297,584.8618968672988,621.2000122070312,582.489990234375,474.7715509033203,468.1739003753662,38.473893132962075,37.58949995681562,0.8843931761464532
2022-12-01,617.52001953125,637.6900024414062,612.1699829101562,621.1400146484375,303300,FICO,622.1300048828125,593.7784444663642,637.6900024414062,593.7784444663642,478.1508009338379,470.22542541503907,38.954119471098124,37.86242385967213,1.0916956114259975
2022-12-02,619.0,626.9600219726562,602.2999877929688,621.3200073242188,190200,FICO,617.3950042724609,607.9542246745884,626.9600219726562,602.2999877929688,481.6553010559082,472.28630043029784,38.9008019782915,38.070099483396,0.8307024948954975
2022-12-05,612.3400268554688,615.530029296875,599.0700073242188,612.0999755859375,170100,FICO,609.760009765625,612.6746144735247,615.530029296875,599.0700073242188,485.2385011291504,474.24825050354,37.68021392385606,37.992122371488016,-0.31190844763195713
2022-12-06,609.6500244140625,612.6799926757812,595.0499877929688,609.6099853515625,174300,FICO,606.7474975585938,611.2173121195749,612.6799926757812,595.0499877929688,488.77040100097656,476.06072547912595,36.095876894717435,37.612873276133904,-1.5169963814164689
2022-12-07,609.0,616.1199951171875,598.47998046875,613.5,136800,FICO,609.2749938964844,608.9824048390843,616.1199951171875,598.47998046875,492.3526509094238,477.8593754577637,34.75355273393177,37.04100916769348,-2.2874564337617116
2022-12-08,620.6900024414062,632.030029296875,610.5999755859375,624.989990234375,179400,FICO,622.0774993896484,609.1286993677843,632.030029296875,609.1286993677843,496.1820509338379,479.7243504333496,34.222402794930986,36.47728789314098,-2.2548850982099964
2022-12-09,620.760009765625,626.4500122070312,614.9000244140625,615.4500122070312,142100,FICO,619.3900146484375,615.6030993787164,626.4500122070312,614.9000244140625,500.0298512268066,481.4512005615234,32.655236899858096,35.712877694484405,-3.057640794626309
2022-12-12,618.1300048828125,623.2000122070312,609.2899780273438,616.3099975585938,120400,FICO,616.7324981689453,617.4965570135769,623.2000122070312,609.2899780273438,504.0008012390137,483.0562505340576,31.12386374059679,34.79507490370688,-3.671211163110094
2022-12-13,628.0,638.8699951171875,615.3400268554688,620.5599975585938,237600,FICO,625.6925048828125,617.1145275912611,638.8699951171875,615.3400268554688,508.11775131225585,484.6621506500244,29.908413388006352,33.81774260056678,-3.9093292125604293
2022-12-14,616.8599853515625,628.6500244140625,602.5,606.6799926757812,193800,FICO,613.6725006103516,621.4035162370368,628.6500244140625,602.5,511.6741012573242,486.12555061340333,27.50806399417968,32.555806879289364,-5.047742885109685
2022-12-15,594.02001953125,598.219970703125,583.6400146484375,598.2100219726562,242600,FICO,593.5225067138672,617.5380084236942,617.5380084236942,583.6400146484375,514.8082511901855,487.57202568054197,24.63829898287895,30.97230530000728,-6.334006317128331
2022-12-16,595.1900024414062,595.1900024414062,583.1799926757812,590.6300048828125,427700,FICO,591.0475006103516,605.5302575687807,605.5302575687807,583.1799926757812,518.1779011535644,489.1440256500244,21.504455528306835,29.078735345667194,-7.57427981736036
2022-12-19,586.6099853515625,593.7000122070312,579.6099853515625,585.6500244140625,170800,FICO,586.3925018310547,598.2888790895661,598.2888790895661,579.6099853515625,521.8030511474609,490.54575065612795,18.40683665296342,26.94435560712644,-8.53751895416302
2022-12-20,582.739990234375,595.52001953125,580.489990234375,591.1500244140625,138300,FICO,587.4750061035156,592.3406904603104,595.52001953125,580.489990234375,525.581851348877,491.8477007293701,16.20890919617898,24.79726632493695,-8.58835712875797
2022-12-21,592.5900268554688,614.2100219726562,592.5900268554688,614.2000122070312,133000,FICO,603.3975219726562,589.907848281913,614.2100219726562,589.907848281913,529.6075018310547,493.2894009399414,16.140914811001494,23.06599602214986,-6.925081211148367
2022-12-22,602.7100219726562,617.47998046875,599.280029296875,614.52001953125,128400,FICO,608.4975128173828,596.6526851272846,617.47998046875,596.6526851272846,533.6319020080566,494.78557601928713,15.929228457469549,21.6386425092138,-5.70941405174425
2022-12-23,613.0999755859375,623.1599731445312,605.0499877929688,616.760009765625,90500,FICO,614.5174865722656,602.5750989723338,623.1599731445312,602.5750989723338,537.9431517028809,496.24460090637206,15.76053633641925,20.463021274654892,-4.702484938235642
2022-12-27,613.8800048828125,617.3699951171875,608.1699829101562,614.2999877929688,92300,FICO,613.4299926757812,608.5462927722997,617.3699951171875,608.1699829101562,542.112551574707,497.6155258178711,15.252521823972302,19.420921384518376,-4.168399560546074
2022-12-28,615.3300170898438,622.219970703125,604.4000244140625,606.8400268554688,92600,FICO,612.197509765625,610.9881427240405,622.219970703125,604.4000244140625,546.1594018554688,498.95012588500975,14.085590244289165,18.353855156472534,-4.268264912183369
2022-12-29,607.489990234375,614.489990234375,598.760009765625,600.9000244140625,120600,FICO,605.4100036621094,611.5928262448327,614.489990234375,598.760009765625,549.8704019165039,500.13707595825196,12.536961715088637,17.190476468195754,-4.6535147531071175
2022-12-30,591.6900024414062,599.0900268554688,587.8099975585938,598.5800170898438,153200,FICO,594.2925109863281,608.5014149534711,608.5014149534711,587.8099975585938,553.51545211792,501.18452606201174,10.99570559694439,15.951522293945482,-4.955816697001092
2023-01-03,608.6500244140625,617.0999755859375,586.1099853515625,591.1900024414062,165300,FICO,600.7624969482422,601.3969629698996,617.0999755859375,586.1099853515625,557.3726020812989,502.1922510528564,9.073344727902509,14.575886780736887,-5.502542052834379
2023-01-04,596.5399780273438,609.7999877929688,596.1599731445312,609.0399780273438,117300,FICO,602.8849792480469,601.0797299590708,609.7999877929688,596.1599731445312,561.2764016723632,503.2667758178711,8.8877512763587,13.43825967986125,-4.550508403502551
2023-01-05,601.0599975585938,606.4099731445312,589.5,596.9000244140625,146500,FICO,598.4674987792969,601.9823546035589,606.4099731445312,589.5,564.962251586914,504.36007583618164,7.6726290386041,12.285133551609821,-4.612504513005721
2023-01-06,603.5999755859375,608.7000122070312,583.6900024414062,601.9400024414062,115700,FICO,599.4824981689453,600.2249266914279,608.7000122070312,583.6900024414062,568.4102015686035,505.4396008300781,7.035222352645974,11.235151311817052,-4.1999289591710784
2023-01-09,609.5499877929688,611.97998046875,591.7999877929688,593.8699951171875,193300,FICO,601.7999877929688,599.8537124301865,611.97998046875,591.7999877929688,571.6710511779785,506.5021257019043,5.811894907839132,10.150500031021469,-4.338605123182337
2023-01-10,588.47998046875,591.6199951171875,575.3900146484375,585.8599853515625,253000,FICO,585.3374938964844,600.8268501115776,600.8268501115776,575.3900146484375,574.1281509399414,507.3852006530762,4.1482399209710366,8.950048009011383,-4.801808088040346
2023-01-11,588.260009765625,600.9199829101562,584.4400024414062,598.969970703125,168400,FICO,593.1474914550781,593.082172004031,600.9199829101562,584.4400024414062,576.4138508605957,508.3251006317139,3.8433439345639044,7.928707194121888,-4.085363259557983
2023-01-12,598.4000244140625,608.3099975585938,586.5999755859375,605.5800170898438,163900,FICO,599.7225036621094,593.1148317295546,608.3099975585938,586.5999755859375,578.7759510803222,509.3989505767822,4.087963669116334,7.160558489120778,-3.0725948200044435
2023-01-13,599.219970703125,620.6500244140625,599.219970703125,617.9199829101562,129000,FICO,609.2524871826172,596.418667695832,620.6500244140625,596.418667695832,581.3559507751465,510.70342544555666,5.217415564541511,6.771929904204924,-1.5545143396634131
2023-01-17,616.010009765625,628.27001953125,610.1900024414062,627.8800048828125,161400,FICO,620.5875091552734,602.8355774392246,628.27001953125,602.8355774392246,584.5760510253906,512.1363005065919,6.8373877133110454,6.785021466026149,0.052366247284896694
2023-01-18,635.2899780273438,640.5,619.1699829101562,629.969970703125,212100,FICO,631.2324829101562,611.711543297249,640.5,611.711543297249,588.3899505615234,513.673200302124,8.195398633616264,7.067096899544172,1.1283017340720924
2023-01-19,625.030029296875,636.989990234375,622.469970703125,623.8599853515625,178600,FICO,627.0874938964844,621.4720131037027,636.989990234375,621.4720131037027,592.1849005126953,515.1219753265381,8.67856620827638,7.389390761290613,1.289175446985766
2023-01-20,623.3900146484375,649.9199829101562,623.3900146484375,649.1799926757812,199700,FICO,636.4700012207031,624.2797535000935,649.9199829101562,623.3900146484375,596.2072505187988,516.689125289917,10.978044907070057,8.107121590446502,2.8709233166235553
2023-01-23,648.3900146484375,658.2100219726562,640.5399780273438,649.9500122070312,217700,FICO,649.2725067138672,630.3748773603984,658.2100219726562,630.3748773603984,600.2849507141113,518.5002503204346,12.71595091679933,9.028887455717069,3.6870634610822606
2023-01-24,653.1199951171875,657.5800170898438,638.0,640.219970703125,243500,FICO,647.2299957275391,639.8236920371328,657.5800170898438,638.0,604.3553005981445,520.3650753021241,13.156461420785035,9.854402248730663,3.3020591720543724
2023-01-25,627.8200073242188,646.3800048828125,610.6699829101562,642.8300170898438,188700,FICO,631.9250030517578,643.5268438823359,646.3800048828125,610.6699829101562,605.9555505371094,522.1495503997803,13.559868377312227,10.595495474446976,2.964372902865252
2023-01-26,646.6500244140625,648.8900146484375,632.0900268554688,646.0499877929688,227500,FICO,643.4200134277344,637.7259234670469,648.8900146484375,632.0900268554688,606.831750793457,524.1577754974365,13.9782633038742,11.272049040332421,2.7062142635417796
2023-01-27,623.7899780273438,676.97998046875,617.3499755859375,660.25,317400,FICO,644.5924835205078,640.5729684473906,676.97998046875,617.3499755859375,607.7897003173828,526.1719753265381,15.279533655400996,12.073545963346136,3.20598769205486
2023-01-30,658.1199951171875,659.97998046875,644.27001953125,644.280029296875,186000,FICO,651.6625061035156,642.5827259839492,659.97998046875,642.5827259839492,608.5433004760743,528.2680503845215,14.85096394702714,12.629029560082337,2.2219343869448025
2023-01-31,643.52001953125,668.4500122070312,640.1199951171875,665.9500122070312,286000,FICO,654.510009765625,647.1226160437325,668.4500122070312,640.1199951171875,609.3909503173828,530.3609254455566,16.07460780997144,13.318145210060159,2.7564625999112806
2023-02-01,662.469970703125,686.22998046875,653.1900024414062,682.6799926757812,204400,FICO,671.1424865722656,650.8163129046787,686.22998046875,650.8163129046787,611.0025497436524,532.563500366211,18.184702066936666,14.291456581435462,3.893245485501204
2023-02-02,693.6199951171875,710.0,685.27001953125,690.3200073242188,214600,FICO,694.8025054931641,660.9793997384722,710.0,660.9793997384722,613.2369998168946,534.9587754821778,20.24013660412743,15.481192585973856,4.7589440181535725
2023-02-03,671.72998046875,692.7899780273438,671.72998046875,681.3200073242188,209900,FICO,679.3924865722656,677.8909526158182,692.7899780273438,671.72998046875,615.271149597168,537.1610752868652,20.901914243189935,16.565336917417074,4.336577325772861
2023-02-06,677.719970703125,677.719970703125,667.7999877929688,673.4500122070312,169800,FICO,674.1724853515625,678.6417195940419,678.6417195940419,667.7999877929688,617.1631491088867,539.35820022583,20.554396666233174,17.363148867180296,3.191247799052878
2023-02-07,666.3499755859375,680.8499755859375,657.2000122070312,677.530029296875,162500,FICO,670.4824981689453,676.4071024728022,680.8499755859375,657.2000122070312,618.9194494628906,541.487250213623,20.37335837047135,17.965190767838507,2.408167602632844
2023-02-08,677.4099731445312,682.469970703125,667.6500244140625,676.8499755859375,217000,FICO,676.0949859619141,673.4448003208738,682.469970703125,667.6500244140625,620.8091491699219,543.6668751525879,19.94509492681709,18.361171599634226,1.583923327182866
2023-02-09,680.4099731445312,698.989990234375,674.9199829101562,677.739990234375,244400,FICO,683.0149841308594,674.7698931413939,698.989990234375,674.7698931413939,622.8295989990235,545.9078749847412,19.453264680218922,18.579590215751164,0.8736744644677579
2023-02-10,670.97998046875,686.239990234375,669.0399780273438,679.72998046875,176100,FICO,676.4974822998047,678.8924386361266,686.239990234375,669.0399780273438,624.6038986206055,548.1176998138428,19.0049836261652,18.664668897833973,0.3403147283312258
2023-02-13,691.7999877929688,698.030029296875,684.010009765625,694.239990234375,189600,FICO,692.0200042724609,677.6949604679656,698.030029296875,677.6949604679656,626.3903988647461,550.5809748840333,19.594678922655362,18.850670902798253,0.7440080198571088
2023-02-14,692.5599975585938,701.6300048828125,690.2899780273438,698.0599975585938,191600,FICO,695.6349945068359,684.8574823702133,701.6300048828125,684.8574823702133,627.8604986572266,553.0056497955322,20.138119651778766,19.108160652594357,1.0299589991844087
2023-02-15,691.3300170898438,703.8599853515625,691.3300170898438,698.9400024414062,181700,FICO,696.3650054931641,690.2462384385246,703.8599853515625,690.2462384385246,629.4398986816407,555.5475998687745,20.404597881466998,19.367448098368886,1.037149783098112
2023-02-16,690.0,696.219970703125,687.239990234375,687.7999877929688,156500,FICO,690.3149871826172,693.3056219658444,696.219970703125,687.239990234375,631.0509982299805,558.1447496795654,19.492183954065695,19.39239526950825,0.0997886845574456
2023-02-17,674.6799926757812,687.239990234375,665.7999877929688,682.1900024414062,207400,FICO,677.4774932861328,691.8103045742307,691.8103045742307,665.7999877929688,632.4655981445312,560.6179995727539,18.107676387981996,19.135451493203,-1.0277751052210036
2023-02-21,667.3300170898438,676.5599975585938,663.02001953125,665.0,213600,FICO,667.9775085449219,684.6438989301818,684.6438989301818,663.02001953125,633.6396484375,562.9961496734619,15.445310705405518,18.397423335643506,-2.9521126302379876
2023-02-22,666.6199951171875,668.3400268554688,654.6900024414062,663.47998046875,169900,FICO,663.2825012207031,676.3107037375519,676.3107037375519,654.6900024414062,634.4637484741211,565.3228997039795,13.062141610234221,17.33036699056165,-4.268225380327429
2023-02-23,666.719970703125,674.5399780273438,662.5599975585938,671.6699829101562,94200,FICO,668.8724822998047,669.7966024791275,674.5399780273438,662.5599975585938,635.4533978271485,567.7416245269775,11.699463549682378,16.204186302385796,-4.504722752703419
2023-02-24,659.8699951171875,668.239990234375,658.719970703125,665.9400024414062,100100,FICO,663.1924896240234,669.3345423894662,669.3345423894662,658.719970703125,636.38259765625,570.1916994476319,10.041418609581342,14.971632763824907,-4.930214154243565
2023-02-27,671.1799926757812,672.719970703125,666.4299926757812,670.4099731445312,119400,FICO,670.1849822998047,666.2635160067448,672.719970703125,666.2635160067448,637.2724472045899,572.6950992584228,8.984527289699258,13.774211668999778,-4.789684379300519
2023-02-28,671.8499755859375,686.739990234375,671.8499755859375,677.3900146484375,292800,FICO,676.9574890136719,668.2242491532747,686.739990234375,668.2242491532747,638.5381469726562,575.1061241149903,8.610903187086706,12.741549972617165,-4.130646785530459
2023-03-01,675.5399780273438,682.7899780273438,670.3200073242188,682.7899780273438,194200,FICO,677.8599853515625,672.5908690834733,682.7899780273438,670.3200073242188,640.2248965454102,577.5165738677979,8.650814109145358,11.923402799922805,-3.2725886907774466
2023-03-02,681.1699829101562,687.77001953125,679.489990234375,687.52001953125,101100,FICO,683.9875030517578,675.2254272175179,687.77001953125,675.2254272175179,642.0836965942383,580.1307988739013,8.96082382207669,11.330887004353583,-2.3700631822768923
2023-03-03,690.8400268554688,708.5399780273438,688.5,705.22998046875,172000,FICO,698.2774963378906,679.6064651346378,708.5399780273438,679.6064651346378,644.321396484375,583.062223815918,10.51435169107333,11.167579941697532,-0.6532282506242026
2023-03-06,706.989990234375,711.4099731445312,696.5800170898438,696.5800170898438,278900,FICO,702.8899993896484,688.9419807362642,711.4099731445312,688.9419807362642,646.6296963500977,586.1057738494873,10.921655915006113,11.118395136359249,-0.19673922135313582
2023-03-07,696.5700073242188,705.75,693.4400024414062,701.72998046875,185000,FICO,699.3724975585938,695.9159900629563,705.75,693.4400024414062,648.5491958618164,589.0783488464356,11.527128885179536,11.200141886123307,0.3269869990562295
2023-03-08,701.3699951171875,705.0,689.47998046875,700.5399780273438,192400,FICO,699.0974884033203,697.644243810775,705.0,689.47998046875,650.3611953735351,591.9965486907959,11.775210033035933,11.315155515505833,0.46005451753010007
2023-03-09,700.9400024414062,711.8499755859375,696.3800048828125,696.4299926757812,265800,FICO,701.3999938964844,698.3708661070477,711.8499755859375,696.3800048828125,652.0988455200195,595.0209986114502,11.507523097664489,11.353629031937565,0.15389406572692366
2023-03-10,694.0499877929688,707.3099975585938,683.3300170898438,695.760009765625,237200,FICO,695.1125030517578,699.885430001766,707.3099975585938,683.3300170898438,653.7324957275391,597.922523651123,11.113211071732394,11.305545439896532,-0.19233436816413807
2023-03-13,689.1199951171875,693.0900268554688,662.1900024414062,682.8900146484375,486400,FICO,681.822509765625,697.4989665267619,697.4989665267619,662.1900024414062,655.124995727539,600.6421987915039,9.650964591107027,10.974629270138632,-1.3236646790316051
2023-03-14,691.0399780273438,708.8599853515625,689.0999755859375,696.8900146484375,330400,FICO,696.4724884033203,689.6607381461935,708.8599853515625,689.0999755859375,656.9462454223633,603.4083236694336,9.512156498410604,10.682134715793026,-1.1699782173824218
2023-03-15,684.1199951171875,691.5,659.3300170898438,668.2999877929688,322000,FICO,675.8125,693.066613274757,693.066613274757,659.3300170898438,658.5766452026368,606.0460486602783,7.014317172375627,9.948571207109547,-2.93425403473392
2023-03-16,669.4000244140625,697.6699829101562,666.5,679.969970703125,314500,FICO,678.3849945068359,684.4395566373785,697.6699829101562,666.5,660.1290951538086,608.7508486175537,5.908324118629935,9.140521789413624,-3.2321976707836892
2023-03-17,677.2100219726562,693.6099853515625,651.0800170898438,654.9400024414062,5150000,FICO,669.2100067138672,681.4122755721072,693.6099853515625,651.0800170898438,661.455595703125,611.3659986877442,2.9777813904740924,7.907973709625718,-4.930192319151626
2023-03-20,654.5,684.489990234375,650.0,682.5499877929688,309500,FICO,667.8849945068359,675.3111411429873,684.489990234375,650.0,662.8439456176758,613.9030986022949,2.8503432538331026,6.896447618467196,-4.046104364634093
2023-03-21,686.1400146484375,700.3699951171875,676.0800170898438,696.8800048828125,246500,FICO,689.8675079345703,671.5980678249116,700.3699951171875,671.5980678249116,664.6516458129882,616.5309236907959,3.8611512821066754,6.289388351195092,-2.428237069088417
2023-03-22,694.0599975585938,696.0700073242188,677.7100219726562,678.7000122070312,217300,FICO,686.635009765625,680.732787879741,696.0700073242188,677.7100219726562,666.3483462524414,619.00969871521,3.158837344000972,5.663278149756269,-2.504440805755297
2023-03-23,682.8499755859375,688.2899780273438,673.1199951171875,680.8499755859375,218700,FICO,681.2774810791016,683.683898822683,688.2899780273438,673.1199951171875,668.2671459960937,621.1976484680176,2.74410028489649,5.079442576784313,-2.335342291887823
2023-03-24,677.5499877929688,691.1500244140625,672.0,690.9400024414062,130600,FICO,682.9100036621094,682.4806899508923,691.1500244140625,672.0,670.0623962402344,623.238123550415,3.192794471676507,4.702112955762752,-1.5093184840862452
2023-03-27,691.9500122070312,699.2999877929688,687.239990234375,688.6300048828125,215400,FICO,691.7799987792969,682.6953468065008,699.2999877929688,682.6953468065008,671.9035461425781,625.3397486114502,3.323677069503219,4.426425778510846,-1.102748709007627
2023-03-28,686.25,690.9600219726562,674.7999877929688,679.52001953125,180100,FICO,682.8825073242188,687.2376727928988,690.9600219726562,674.7999877929688,673.3761465454102,627.3660486602784,2.6616212754307753,4.073464877894832,-1.4118436024640566
2023-03-29,685.8699951171875,698.9600219726562,685.5499877929688,698.1300048828125,159000,FICO,692.1275024414062,685.0600900585588,698.9600219726562,685.0600900585588,674.8069464111328,629.6914987182618,3.5971419631006256,3.978200294935991,-0.3810583318353653
2023-03-30,700.9000244140625,705.0,692.239990234375,696.4000244140625,108500,FICO,698.635009765625,688.5937962499825,705.0,688.5937962499825,676.1549969482422,632.2724737548829,4.151102556068736,4.01278074716254,0.13832180890619572
2023-03-31,696.4000244140625,703.02001953125,694.7100219726562,702.6900024414062,364000,FICO,699.2050170898438,693.6144030078037,703.02001953125,693.6144030078037,677.5973474121093,634.8911239624024,5.03957588258595,4.218139774247223,0.8214361083387276
2023-04-03,700.0,702.4600219726562,686.8300170898438,689.8400268554688,226000,FICO,694.7825164794922,696.4097100488237,702.4600219726562,686.8300170898438,678.7635977172852,637.485424118042,4.653172876476788,4.305146394693136,0.34802648178365203
2023-04-04,689.0800170898438,691.5,682.5900268554688,689.2899780273438,290500,FICO,688.1150054931641,695.596113264158,695.596113264158,682.5900268554688,679.5404476928711,639.9126992034912,4.253529328404284,4.294822981435366,-0.04129365303108212
2023-04-05,687.530029296875,693.4099731445312,676.5999755859375,676.6199951171875,102500,FICO,683.5399932861328,691.855559378661,693.4099731445312,676.5999755859375,680.266647644043,642.3109741210938,2.8812341303474795,4.012105211217789,-1.1308710808703095
2023-04-06,671.2999877929688,677.0,668.97998046875,672.4199829101562,127600,FICO,672.4249877929688,687.6977763323969,687.6977763323969,668.97998046875,681.0766473388671,643.5160989379883,1.4381957890828971,3.497323326790811,-2.059127537707914
2023-04-10,668.1199951171875,680.1900024414062,664.4099731445312,679.5700073242188,129800,FICO,673.0724945068359,680.0613820626828,680.1900024414062,664.4099731445312,681.6696969604492,644.2507238769531,0.8615928164037996,2.970177224713409,-2.1085844083096092
2023-04-11,678.5399780273438,688.3900146484375,675.3699951171875,678.9600219726562,167700,FICO,680.3150024414062,676.5669382847593,688.3900146484375,675.3699951171875,682.3841473388671,645.086923828125,0.3513598289505353,2.446413745560834,-2.095053916610299
2023-04-12,682.3300170898438,690.8900146484375,682.3300170898438,684.4299926757812,103600,FICO,684.9950103759766,678.4409703630828,690.8900146484375,678.4409703630828,683.0507974243164,645.7970489501953,0.383951478016229,2.033921292051913,-1.6499698140356842
2023-04-13,687.0499877929688,699.219970703125,687.0499877929688,698.780029296875,126500,FICO,693.0249938964844,681.7179903695296,699.219970703125,681.7179903695296,683.8210971069336,646.6060237121582,1.54984299645389,1.9371056329323086,-0.38726263647841863
2023-04-14,695.219970703125,702.260009765625,695.219970703125,698.0599975585938,133300,FICO,697.6899871826172,687.371492133007,702.260009765625,687.371492133007,684.3520471191406,647.6772984313965,2.388190309595302,2.0273225682649074,0.3608677413303947
2023-04-17,700.6799926757812,703.4600219726562,686.9099731445312,696.469970703125,115300,FICO,696.8799896240234,692.5307396578121,703.4600219726562,686.9099731445312,684.3935968017578,648.8152983093262,2.8909595344455283,2.2000499615010316,0.6909095729444967
2023-04-18,700.0,702.2899780273438,693.1900024414062,697.3699951171875,136100,FICO,698.2124938964844,694.7053646409178,702.2899780273438,693.1900024414062,684.7699969482422,650.0205732727051,3.3237184583480257,2.4247836608704305,0.8989347974775952
2023-04-19,692.1599731445312,695.3200073242188,686.0800170898438,695.3099975585938,192000,FICO,692.2174987792969,696.458929268701,696.458929268701,686.0800170898438,685.1308972167968,651.1470231628418,3.4605671723057867,2.631940363157502,0.8286268091482847
2023-04-20,693.6500244140625,704.1500244140625,692.8699951171875,703.4400024414062,217000,FICO,698.5275115966797,694.338214023999,704.1500244140625,692.8699951171875,685.6917974853516,652.3056234741211,4.176895560818252,2.9409314026896523,1.2359641581286
2023-04-21,707.6199951171875,728.8499755859375,707.0599975585938,719.22998046875,305400,FICO,715.6899871826172,696.4328628103393,728.8499755859375,696.4328628103393,686.4836975097656,653.6464233398438,5.950120943619709,3.5427693108756637,2.407351632744045
2023-04-24,722.510009765625,726.5599975585938,712.6500244140625,713.5599975585938,232400,FICO,718.8200073242188,706.0614249964783,726.5599975585938,706.0614249964783,687.1997979736328,655.0146984863281,6.819286114592728,4.198072671619077,2.6212134429736516
2023-04-25,711.3499755859375,715.3699951171875,708.25,709.52001953125,219800,FICO,711.1224975585938,712.4407161603485,715.3699951171875,708.25,687.8922982788085,656.2480984497071,7.100265866141399,4.778511310523541,2.321754555617858
2023-04-26,710.9600219726562,723.8900146484375,708.0,714.3599853515625,308000,FICO,714.3025054931641,711.7816068594711,723.8900146484375,708.0,688.3379483032227,657.3641735839843,7.625586125913742,5.347926273601582,2.2776598523121603
2023-04-27,724.1599731445312,736.3699951171875,719.1699829101562,734.6799926757812,251200,FICO,728.5949859619141,713.0420561763176,736.3699951171875,713.0420561763176,688.9971481323242,658.4288233947753,9.57122980685915,6.192586980253096,3.378642826606055
2023-04-28,719.219970703125,758.0,718.219970703125,727.9500122070312,412400,FICO,730.8474884033203,720.8185210691158,758.0,718.219970703125,689.6867977905273,659.563348236084,10.449656131382199,7.0440008104789165,3.405655320903282
2023-05-01,726.719970703125,751.5800170898438,714.6300048828125,745.989990234375,238800,FICO,734.7299957275391,725.8330047362181,751.5800170898438,714.6300048828125,690.5750979614257,660.8130480957032,12.457884050139796,8.126777458411093,4.3311065917287035
2023-05-02,749.4400024414062,749.4400024414062,725.2899780273438,739.7100219726562,251600,FICO,740.9700012207031,730.2815002318786,749.4400024414062,725.2899780273438,691.8449481201172,662.1552731323242,13.38834567444087,9.179091101617049,4.209254572823822
2023-05-03,740.469970703125,756.02001953125,732.0999755859375,752.3900146484375,273100,FICO,745.2449951171875,735.6257507262908,756.02001953125,732.0999755859375,693.3902978515625,663.5149731445313,14.976275471896315,10.338527975672903,4.637747496223412
2023-05-04,748.6699829101562,760.1500244140625,736.0,736.6500244140625,208100,FICO,745.3675079345703,740.4353729217391,760.1500244140625,736.0,695.0319979858399,664.7478732299804,14.794098451526452,11.229642070843614,3.564456380682838
2023-05-05,739.9199829101562,743.3699951171875,730.3300170898438,731.97998046875,148300,FICO,736.3999938964844,742.9014404281547,743.3699951171875,730.3300170898438,696.3825482177734,665.917973022461,14.11023433506898,11.805760523688688,2.3044738113802925
2023-05-08,729.5399780273438,736.780029296875,729.5399780273438,736.4099731445312,195000,FICO,733.0674896240234,739.6507171623196,739.6507171623196,729.5399780273438,697.7800482177735,667.0813229370117,13.767032698475873,12.198014958646127,1.5690177398297465
2023-05-09,735.4199829101562,741.8300170898438,733.75,737.239990234375,158600,FICO,737.0599975585938,736.3591033931715,741.8300170898438,733.75,699.1175485229492,668.1949978637696,13.40746545533807,12.439905057984516,0.9675603973535534
2023-05-10,744.3300170898438,758.4600219726562,741.4299926757812,757.9000244140625,172000,FICO,750.5300140380859,736.7095504758827,758.4600219726562,736.7095504758827,700.5889990234375,669.5635729980469,14.621055493363656,12.876135145060346,1.7449203483033102
2023-05-11,759.0,762.72998046875,743.02001953125,749.2899780273438,197600,FICO,753.5099945068359,743.6197822569843,762.72998046875,743.02001953125,702.1019992065429,671.1634478759765,14.718410876997496,13.244590291447777,1.4738205855497188
2023-05-12,751.4099731445312,758.5900268554688,741.280029296875,743.8300170898438,305500,FICO,748.7775115966797,748.5648883819101,758.5900268554688,741.280029296875,703.3977993774414,672.7407479858398,14.191402844921413,13.433952802142505,0.7574500427789079
2023-05-15,742.5800170898438,757.5700073242188,739.6099853515625,756.1400146484375,211800,FICO,748.9750061035156,748.6711999892949,757.5700073242188,739.6099853515625,704.4117495727539,674.3665730285644,14.598773532784662,13.666916948270938,0.9318565845137243
2023-05-16,753.3099975585938,756.6400146484375,746.0,754.1300048828125,146300,FICO,752.5200042724609,748.8231030464053,756.6400146484375,746.0,705.4043496704102,676.0170230102539,14.59122815270996,13.851779189158743,0.7394489635512169
2023-05-17,759.739990234375,759.739990234375,748.7999877929688,749.2100219726562,181400,FICO,754.3724975585938,750.6715536594331,759.739990234375,748.7999877929688,706.5043496704102,677.5267727661133,14.026557458647858,13.886734843056566,0.13982261559129228
2023-05-18,749.0,766.1500244140625,748.1300048828125,765.9400024414062,198900,FICO,757.3050079345703,752.5220256090134,766.1500244140625,748.1300048828125,707.6685000610352,679.0148477172852,14.758890172104657,14.061165908866185,0.6977242632384719
2023-05-19,768.0599975585938,768.7999877929688,754.22998046875,755.7899780273438,206500,FICO,761.7199859619141,754.9135167717918,768.7999877929688,754.22998046875,708.8748999023437,680.4868727111816,14.354774080704374,14.119887543233824,0.23488653747054933
2023-05-22,766.7000122070312,794.02001953125,760.3699951171875,776.72998046875,233800,FICO,774.4550018310547,758.3167513668529,794.02001953125,758.3167513668529,710.4617498779297,682.0971228027344,15.54499928555174,14.404909891697407,1.140089393854332
2023-05-23,769.5700073242188,777.02001953125,759.0499877929688,760.2100219726562,246000,FICO,766.4625091552734,766.3858765989538,777.02001953125,759.0499877929688,712.1545498657226,683.6397727966308,14.982529474441208,14.520433808246167,0.46209566619504017
2023-05-24,758.5800170898438,770.0,747.7100219726562,765.2100219726562,165200,FICO,760.3750152587891,766.4241928771137,770.0,747.7100219726562,713.432600402832,685.1894229125977,14.769967320728597,14.570340510742655,0.19962680998594173
2023-05-25,773.5,777.780029296875,766.530029296875,772.1300048828125,144500,FICO,772.4850158691406,763.3996040679514,777.780029296875,763.3996040679514,715.3660507202148,686.9713479614257,14.987132733635917,14.653698955321309,0.33343377831460863
2023-05-26,774.7899780273438,792.219970703125,774.27001953125,791.6199951171875,211200,FICO,783.2249908447266,767.9423099685459,792.219970703125,767.9423099685459,717.4628506469727,688.7959729003907,16.541240095964895,15.031207183450027,1.510032912514868
2023-05-30,795.0,796.5,783.9600219726562,790.4099731445312,187000,FICO,791.4674987792969,775.5836504066363,796.5,775.5836504066363,719.9080004882812,690.6817980957031,17.47381544930454,15.51972883662093,1.954086612683609
2023-05-31,789.8900146484375,794.97998046875,775.1099853515625,787.6699829101562,409400,FICO,786.9124908447266,783.5255745929666,794.97998046875,775.1099853515625,722.288550415039,692.5662480163575,17.786759135369266,15.973134896370597,1.8136242389986688
2023-06-01,786.2999877929688,799.9500122070312,786.2999877929688,793.239990234375,208800,FICO,791.4474945068359,785.2190327188466,799.9500122070312,785.2190327188466,724.3201501464844,694.4858979797364,18.273575893786415,16.433223095853762,1.8403527979326526
2023-06-02,793.3300170898438,800.0900268554688,783.0599975585938,790.8400268554688,176900,FICO,791.8300170898438,788.3332636128413,800.0900268554688,783.0599975585938,726.4240502929688,696.3861982727051,18.255289085752793,16.79763629383357,1.457652791919223
2023-06-05,787.2100219726562,796.6699829101562,781.0900268554688,791.5999755859375,101100,FICO,789.1425018310547,790.0816403513425,796.6699829101562,781.0900268554688,728.5813507080078,698.4242483520508,18.093547022792336,17.056818439625324,1.0367285831670117
2023-06-06,789.2100219726562,795.3499755859375,786.030029296875,789.989990234375,155200,FICO,790.1450042724609,789.6120710911986,795.3499755859375,786.030029296875,730.7260507202149,700.3942234802246,17.632199885330692,17.1718947287664,0.46030515656429216
2023-06-07,789.5399780273438,797.1799926757812,745.4500122070312,757.1799926757812,374900,FICO,772.3374938964844,789.8785376818298,797.1799926757812,745.4500122070312,732.3372006225586,702.1203733825683,14.45248708195777,16.628013199404673,-2.1755261174469034
2023-06-08,756.1099853515625,771.010009765625,756.1099853515625,766.6900024414062,216700,FICO,762.4799957275391,781.1080157891571,781.1080157891571,756.1099853515625,733.929150390625,703.6526484680176,12.55519165227713,15.813448889979165,-3.2582572377020345
2023-06-09,769.6699829101562,779.739990234375,765.4000244140625,774.7100219726562,232700,FICO,772.3800048828125,771.794005758348,779.739990234375,765.4000244140625,735.5342004394531,705.170573425293,11.56540115969517,14.963839343922366,-3.398438184227196
2023-06-12,782.4500122070312,800.4600219726562,779.3699951171875,800.1799926757812,154400,FICO,790.6150054931641,772.0870053205803,800.4600219726562,772.0870053205803,737.373800354004,706.7643986511231,12.689917369349473,14.509054949007789,-1.8191375796583156
2023-06-13,804.530029296875,806.4500122070312,797.5999755859375,801.5800170898438,201700,FICO,802.5400085449219,781.3510054068722,806.4500122070312,781.3510054068722,739.4405001831054,708.5189237976074,13.538017004025505,14.314847360011333,-0.7768303559858278
2023-06-14,804.0700073242188,807.0800170898438,785.5399780273438,795.25,196200,FICO,797.9850006103516,791.945506975897,807.0800170898438,785.5399780273438,741.5045498657227,710.1340737915039,13.543244505461871,14.160526789101441,-0.6172822836395699
2023-06-15,791.6799926757812,807.4099731445312,791.6799926757812,802.1099853515625,175300,FICO,798.2199859619141,794.9652537931242,807.4099731445312,791.6799926757812,743.7066494750976,711.6235485839844,13.940236456222351,14.116468722525624,-0.17623226630327338
2023-06-16,809.6900024414062,815.6400146484375,795.5,799.9600219726562,262900,FICO,805.197509765625,796.5926198775192,815.6400146484375,795.5,746.1397998046875,713.2032237243652,13.920899892190619,14.077354956458624,-0.15645506426800537
2023-06-20,797.27001953125,806.6699829101562,788.9299926757812,795.5399780273438,220100,FICO,797.1024932861328,800.8950648215721,806.6699829101562,788.9299926757812,748.6333499145508,714.854998626709,13.394511330520459,13.940786231270993,-0.5462749007505341
2023-06-21,794.1500244140625,796.760009765625,782.4400024414062,790.5,187200,FICO,790.9625091552734,798.9987790538524,798.9987790538524,782.4400024414062,750.9911502075196,716.3304235839844,12.427405106739798,13.638110006364755,-1.2107048996249574
2023-06-22,786.8400268554688,795.239990234375,778.6500244140625,786.8499755859375,130100,FICO,786.8950042724609,794.980644104563,795.239990234375,778.6500244140625,753.1227502441407,717.753448791504,11.236907911411095,13.157869587374023,-1.9209616759629284
2023-06-23,779.7899780273438,783.260009765625,770.5800170898438,776.0499877929688,326100,FICO,777.4199981689453,790.937824188512,790.937824188512,770.5800170898438,754.97125,719.0110237121582,9.31458877020259,12.389213423939736,-3.074624653737146
2023-06-26,772.5900268554688,780.97998046875,768.1599731445312,768.47998046875,125700,FICO,772.552490234375,784.1789111787286,784.1789111787286,768.1599731445312,756.5617999267578,720.1914485168458,7.098473887036562,11.331065516559102,-4.23259162952254
2023-06-27,768.47998046875,778.2999877929688,764.489990234375,775.5399780273438,228800,FICO,771.7024841308594,778.3657007065518,778.3657007065518,764.489990234375,758.0420498657227,721.1970484924317,5.8444979417995455,10.233752001607192,-4.389254059807646
2023-06-28,774.5800170898438,799.6099853515625,773.5,787.8400268554688,153800,FICO,783.8825073242188,775.0340924187055,799.6099853515625,773.5,759.7821002197265,722.0878485107422,5.776634666814175,9.342328534648589,-3.5656938678344137
2023-06-29,789.6900024414062,797.5700073242188,786.52001953125,796.5399780273438,104400,FICO,792.5800018310547,779.4582998714621,797.5700073242188,779.4582998714621,761.669450378418,723.2197236633301,6.3516480386781495,8.7441924354545,-2.3925443967763513
2023-06-30,805.4400024414062,815.1799926757812,805.4400024414062,809.2100219726562,161900,FICO,808.8175048828125,786.0191508512585,815.1799926757812,786.0191508512585,764.0014505004883,724.5661738586426,7.740489393597386,8.543451827083079,-0.8029624334856926
2023-07-03,805.9000244140625,811.0999755859375,790.510009765625,795.0,69600,FICO,800.6275024414062,797.4183278670355,811.0999755859375,790.510009765625,766.0434503173828,725.8676239013672,7.60683925056037,8.356129311778536,-0.7492900612181668
2023-07-05,790.0800170898438,798.6699829101562,788.8900146484375,791.969970703125,109900,FICO,792.4024963378906,799.0229151542209,799.0229151542209,788.8900146484375,767.5777005004883,727.030699005127,7.173728234463738,8.119649096315577,-0.9459208618518389
2023-07-06,787.75,787.75,776.6300048828125,782.4000244140625,175000,FICO,783.6325073242188,795.7127057460557,795.7127057460557,776.6300048828125,768.8739505004883,728.0368742370606,5.98922983429793,7.693565243912047,-1.7043354096141172
2023-07-07,781.6799926757812,798.1300048828125,781.6799926757812,793.7899780273438,145500,FICO,788.8199920654297,789.6726065351372,798.1300048828125,781.6799926757812,770.427900390625,729.1600993347168,5.9015509789962834,7.335162390928895,-1.4336114119326115
2023-07-10,792.469970703125,810.6400146484375,792.469970703125,802.3800048828125,151600,FICO,799.489990234375,789.2462993002835,810.6400146484375,789.2462993002835,772.1316500854492,730.2347991943359,6.450846884492535,7.158299289641623,-0.7074524051490885
2023-07-11,802.72998046875,810.4400024414062,799.1799926757812,808.4099731445312,153100,FICO,805.1899871826172,794.3681447673292,810.4400024414062,794.3681447673292,773.6635501098633,731.3303491210937,7.288716108998528,7.184382653513005,0.10433345548552353
2023-07-12,815.5399780273438,815.5399780273438,804.280029296875,810.969970703125,148200,FICO,811.5824890136719,799.7790659749733,815.5399780273438,799.7790659749733,775.2782501220703,732.4825239562988,8.066320393738692,7.360770201558143,0.7055501921805494
2023-07-13,814.8900146484375,817.3800048828125,808.489990234375,810.7999877929688,104700,FICO,812.8899993896484,805.6807774943226,817.3800048828125,805.6807774943226,776.8414501953125,733.7082740783692,8.570070750559807,7.602630311358476,0.9674404392013312
2023-07-14,811.2999877929688,824.9400024414062,810.47998046875,824.4500122070312,128300,FICO,817.7924957275391,809.2853884419856,824.9400024414062,809.2853884419856,778.3779000854493,735.1114241027832,9.955973168557875,8.073298882798357,1.882674285759519
2023-07-17,825.7899780273438,840.7100219726562,825.6099853515625,837.239990234375,140000,FICO,832.3374938964844,813.5389420847623,840.7100219726562,813.5389420847623,780.1197500610351,736.7550239562988,11.948618915113002,8.848362889261287,3.1002560258517153
2023-07-18,836.3300170898438,847.5599975585938,828.8499755859375,843.6699829101562,134400,FICO,839.1024932861328,822.9382179906233,847.5599975585938,822.9382179906233,781.9944497680664,738.5132238769531,13.886575893928125,9.856005490194654,4.030570403733471
2023-07-19,847.0599975585938,849.3699951171875,825.75,844.8499755859375,150800,FICO,841.7574920654297,831.0203556383781,849.3699951171875,825.75,784.1015997314453,740.2420739746094,15.340797148971774,10.952963821950078,4.387833327021696
2023-07-20,842.3599853515625,856.469970703125,828.9400024414062,852.1599731445312,261400,FICO,844.9824829101562,836.3889238519039,856.469970703125,828.9400024414062,786.3398995971679,742.0599739074707,16.888454095358497,12.140061876631762,4.748392218726735
2023-07-21,858.8499755859375,860.0,838.989990234375,844.5,132500,FICO,850.5849914550781,840.6857033810301,860.0,838.989990234375,788.6103994750977,743.8639739990234,17.297492829911334,13.171548067287677,4.125944762623657
2023-07-24,850.4600219726562,859.510009765625,826.6300048828125,834.780029296875,160200,FICO,842.8450164794922,845.6353474180542,859.510009765625,826.6300048828125,790.4566995239257,745.5228492736817,16.645460069212845,13.86633046767271,2.7791296015401343
2023-07-25,830.1799926757812,858.739990234375,830.0,852.489990234375,302200,FICO,842.8524932861328,844.2401819487732,858.739990234375,830.0,792.2435494995117,747.1727743530273,17.357676755198895,14.564599725177949,2.793077030020946
2023-07-26,850.5599975585938,854.22998046875,829.239990234375,834.75,244100,FICO,842.1949920654297,843.546337617453,854.22998046875,829.239990234375,794.1118991088867,748.754849243164,16.302717083013363,14.912223196745032,1.390493886268331
2023-07-27,843.1199951171875,849.1099853515625,815.6300048828125,820.3200073242188,338400,FICO,832.0449981689453,842.8706648414413,849.1099853515625,815.6300048828125,795.7732989501953,750.0925242614746,14.139285250805528,14.757635607557132,-0.6183503567516038
2023-07-28,829.1900024414062,835.4000244140625,819.530029296875,824.969970703125,146700,FICO,827.2725067138672,837.4578315051933,837.4578315051933,819.530029296875,797.2683489990235,751.3363493347168,12.654094594819753,14.336927405009657,-1.682832810189904
2023-07-31,830.0,838.010009765625,825.1900024414062,837.969970703125,111200,FICO,832.7924957275391,832.3651691095303,838.010009765625,825.1900024414062,798.8367489624023,752.6705493164062,12.383314512838638,13.946204826575455,-1.5628903137368173
2023-08-01,835.4299926757812,837.530029296875,826.7000122070312,829.6900024414062,155100,FICO,832.3375091552734,832.5788324185346,837.530029296875,826.7000122070312,800.3373989868164,754.0029495239257,11.369534193966047,13.430870700053575,-2.061336506087528
2023-08-02,821.2100219726562,826.530029296875,810.260009765625,822.1900024414062,215100,FICO,820.0475158691406,832.458170786904,832.458170786904,810.260009765625,801.503949584961,755.1894247436524,9.847403924832633,12.714177345009388,-2.866773420176754
2023-08-03,850.0,892.030029296875,837.52001953125,855.1799926757812,343300,FICO,858.6825103759766,826.2528433280223,892.030029296875,826.2528433280223,803.1884997558594,756.8251248168946,11.17431072497925,12.406204021003362,-1.2318932960241114
2023-08-04,856.969970703125,859.25,825.469970703125,841.02001953125,173400,FICO,845.677490234375,842.4676768519994,859.25,825.469970703125,804.7727993774414,758.4636746215821,10.956996990202924,12.116362614843275,-1.1593656246403512
2023-08-07,847.6799926757812,862.8200073242188,845.010009765625,861.27001953125,161600,FICO,854.1950073242188,844.0725835431872,862.8200073242188,844.0725835431872,806.64919921875,760.040899810791,12.277255494407314,12.148541190756085,0.12871430365122905
2023-08-08,858.0499877929688,870.2899780273438,841.2899780273438,856.1599731445312,193700,FICO,856.4474792480469,849.133795433703,870.2899780273438,841.2899780273438,808.3284484863282,761.8472496032715,12.764095288853014,12.27165201037547,0.492443278477543
2023-08-09,860.0,862.2100219726562,846.4099731445312,854.77001953125,99600,FICO,855.8475036621094,852.7906373408749,862.2100219726562,846.4099731445312,809.7808987426757,763.6218746948242,12.889183212343823,12.395158250769143,0.4940249615746808
2023-08-10,864.0499877929688,870.27001953125,854.9099731445312,859.0900268554688,122200,FICO,862.0800018310547,854.3190705014922,870.27001953125,854.3190705014922,811.193148803711,765.5505746459961,13.184917261314467,12.553110052878209,0.6318072084362587
2023-08-11,855.97998046875,864.7100219726562,855.97998046875,860.1099853515625,75300,FICO,859.1949920654297,858.1995361662734,864.7100219726562,855.97998046875,812.638798828125,767.4636746215821,13.347726470181442,12.712033336338855,0.6356931338425866
2023-08-14,868.3400268554688,877.5700073242188,864.22998046875,875.6599731445312,133200,FICO,871.4499969482422,858.6972641158516,877.5700073242188,858.6972641158516,814.2388488769532,769.2794995117188,14.563627566366222,13.08235218234433,1.4812753840218917
2023-08-15,874.030029296875,877.5399780273438,867.5700073242188,871.0900268554688,105400,FICO,872.5575103759766,865.0736305320469,877.5399780273438,865.0736305320469,815.8533987426758,771.1387245178223,14.98573524468975,13.463028794813415,1.5227064498763347
2023-08-16,870.4600219726562,875.0900268554688,848.4000244140625,848.7999877929688,91000,FICO,860.6875152587891,868.8155704540118,875.0900268554688,848.4000244140625,817.2842990112305,772.9328248596191,13.367546004832775,13.443932236817288,-0.07638623198451278
2023-08-17,844.3499755859375,851.25,839.72998046875,843.47998046875,166000,FICO,844.7024841308594,864.7515428564004,864.7515428564004,839.72998046875,818.3754486083984,774.5507496643066,11.523009167060422,13.059747622865915,-1.5367384558054926
2023-08-18,830.8599853515625,852.3300170898438,830.8599853515625,846.1300048828125,136700,FICO,840.0449981689453,854.7270134936299,854.7270134936299,830.8599853515625,819.7295986938476,776.0333996582032,10.157940838109084,12.479386265914549,-2.3214454278054646
2023-08-21,848.75,860.219970703125,845.0599975585938,845.4000244140625,135900,FICO,849.8574981689453,847.3860058312875,860.219970703125,845.0599975585938,821.4771487426758,777.7031495666504,8.914450789849752,11.76639917070159,-2.8519483808518373
2023-08-22,849.3400268554688,857.4000244140625,843.4600219726562,843.510009765625,89700,FICO,848.4275207519531,848.6217520001164,857.4000244140625,843.4600219726562,822.9980990600586,779.2661497497559,7.687846867949588,10.950688710151189,-3.262841842201601
2023-08-23,848.780029296875,864.6500244140625,845.5,859.9099731445312,125500,FICO,854.7100067138672,848.5246363760348,864.6500244140625,845.5,824.2799990844727,780.8268997192383,7.947480795627712,10.350047127246494,-2.4025663316187824
2023-08-24,866.7999877929688,866.7999877929688,846.6799926757812,846.9099731445312,97800,FICO,856.7974853515625,851.617321544951,866.7999877929688,846.6799926757812,825.3651486206055,782.4028244018555,7.023291071778658,9.684695916152927,-2.6614048443742693
2023-08-25,850.1300048828125,861.27001953125,846.02001953125,851.8900146484375,73800,FICO,852.3275146484375,854.2074034482567,861.27001953125,846.02001953125,826.4519989013672,783.9782743835449,6.616441566832123,9.071045046288766,-2.454603479456644
2023-08-28,851.3400268554688,869.489990234375,851.3400268554688,865.0,165700,FICO,859.2925109863281,853.2674590483471,869.489990234375,851.3400268554688,827.6734494018555,785.6900494384765,7.26809458596631,8.710454954224275,-1.4423603682579653
2023-08-29,861.1900024414062,890.0,861.1900024414062,888.3400268554688,123300,FICO,875.1800079345703,856.2799850173376,890.0,856.2799850173376,829.0730993652344,787.606449584961,9.557704141154886,8.879904791610398,0.6777993495444878
2023-08-30,890.0,902.97998046875,888.6699829101562,898.6900024414062,160100,FICO,895.0849914550781,865.729996475954,902.97998046875,865.729996475954,831.0327493286132,789.8330496215821,12.068277154028124,9.517579264093945,2.5506978899341792
2023-08-31,898.7999877929688,915.47998046875,898.7999877929688,904.5900268554688,205400,FICO,904.4174957275391,880.4074939655161,915.47998046875,880.4074939655161,833.3018490600585,792.1464996337891,14.368377306500406,10.487738872575237,3.880638433925169
2023-09-01,909.8699951171875,914.719970703125,891.02001953125,896.5599975585938,176700,FICO,903.0424957275391,892.4124948465276,914.719970703125,891.02001953125,835.6247988891602,794.3737745666504,15.366135746361806,11.463418247332552,3.9027174990292544
2023-09-05,889.47998046875,898.27001953125,868.1599731445312,892.7100219726562,147100,FICO,887.1549987792969,897.7274952870333,898.27001953125,868.1599731445312,837.8194989013672,796.3953744506836,15.665622104111662,12.303859018688375,3.361763085423288
2023-09-06,889.7000122070312,916.4099731445312,889.7000122070312,907.8800048828125,155700,FICO,900.9225006103516,892.4412470331652,916.4099731445312,889.7000122070312,840.3868991088867,798.4743495178222,16.931877891716113,13.229462793293923,3.7024150984221897
2023-09-07,905.469970703125,906.9600219726562,894.8300170898438,904.219970703125,192300,FICO,902.8699951171875,896.6818738217584,906.9600219726562,894.8300170898438,843.0102493286133,800.526149597168,17.439034225029673,14.071377079641074,3.3676571453885984
2023-09-08,904.22998046875,911.4099731445312,895.0,899.719970703125,110700,FICO,902.5899810791016,899.775934469473,911.4099731445312,895.0,845.384398803711,802.5832495117188,17.27866913887908,14.712835491488676,2.5658336473904058
2023-09-11,903.3499755859375,910.8099975585938,899.719970703125,904.9299926757812,100100,FICO,904.7024841308594,901.1829577742873,910.8099975585938,899.719970703125,847.626848449707,804.6481494140625,17.371733355367496,15.24461506426444,2.1271182911030557
2023-09-12,897.6300048828125,903.989990234375,887.510009765625,890.3499755859375,139000,FICO,894.8699951171875,902.9427209525734,903.989990234375,887.510009765625,849.3478982543945,806.6746743774414,16.083600157638784,15.41241208293931,0.6711880746994741
2023-09-13,886.1799926757812,906.1900024414062,886.1799926757812,897.4600219726562,231400,FICO,894.0025024414062,898.9063580348804,906.1900024414062,886.1799926757812,851.2153982543946,808.6294242858887,15.45827328818632,15.421584323988712,0.03668896419760692
2023-09-14,900.0,907.9199829101562,889.6099853515625,906.52001953125,224200,FICO,901.0124969482422,896.4544302381433,907.9199829101562,889.6099853515625,853.3875982666016,810.4826493835449,15.514917018637789,15.440250862918528,0.07466615571926027
2023-09-15,903.219970703125,903.219970703125,874.1699829101562,891.4000244140625,426700,FICO,893.0024871826172,898.7334635931927,903.219970703125,874.1699829101562,855.5749978637696,812.2244741821289,14.176334381937863,15.187467566722397,-1.0111331847845335
2023-09-18,889.1199951171875,908.1099853515625,884.9500122070312,903.1199951171875,207300,FICO,896.3249969482422,895.867975387905,908.1099853515625,884.9500122070312,857.7250979614258,814.0764991760254,13.900960071588202,14.93016606769556,-1.0292059961073576
2023-09-19,903.0,911.9099731445312,898.0599975585938,909.969970703125,213700,FICO,905.7349853515625,896.0964861680736,911.9099731445312,896.0964861680736,859.8499978637695,815.9908239746094,14.073232267524872,14.758779307661422,-0.6855470401365498
2023-09-20,913.3900146484375,915.0,903.010009765625,903.8699951171875,145400,FICO,908.8175048828125,900.9157357598181,915.0,900.9157357598181,861.9225482177734,817.7930491638184,13.561216906858817,14.519266827500902,-0.9580499206420843
2023-09-21,900.0,902.0499877929688,889.3300170898438,889.8400268554688,214200,FICO,895.3050079345703,904.8666203213153,904.8666203213153,889.3300170898438,863.5969985961914,819.4376243591308,11.886321741221423,13.992677810245008,-2.106356069023585
2023-09-22,892.5800170898438,899.9199829101562,880.3200073242188,889.510009765625,175700,FICO,890.5825042724609,900.0858141279427,900.0858141279427,880.3200073242188,865.1508486938477,820.99614944458,10.412299131447071,13.276602074485421,-2.86430294303835
2023-09-25,883.5800170898438,898.780029296875,883.5800170898438,889.97998046875,137200,FICO,888.9800109863281,895.3341592002018,898.780029296875,883.5800170898438,866.5745989990235,822.4762495422364,9.176269973252715,12.45653565423888,-3.2802656809861652
2023-09-26,884.7999877929688,886.1099853515625,865.3099975585938,871.219970703125,169200,FICO,876.8599853515625,892.157085093265,892.157085093265,865.3099975585938,867.465048828125,823.79239944458,6.606773187400904,11.286583160871286,-4.679809973470382
2023-09-27,870.4199829101562,892.25,870.4199829101562,885.6099853515625,164300,FICO,879.6749877929688,884.5085352224137,892.25,870.4199829101562,868.2764987182617,825.135474243164,5.666265213889233,10.162519571474876,-4.496254357585643
2023-09-28,880.719970703125,896.1500244140625,870.739990234375,886.8400268554688,117200,FICO,883.6125030517578,882.0917615076912,896.1500244140625,870.739990234375,869.1135989379883,826.6075993347168,4.962950138499195,9.12260568487974,-4.159655546380545
2023-09-29,878.780029296875,891.6599731445312,868.030029296875,868.530029296875,197000,FICO,876.7500152587891,882.8521322797245,891.6599731445312,868.030029296875,869.7489495849609,828.0444245910644,2.894735386570801,7.877031625217953,-4.982296238647152
2023-10-02,865.0,878.3599853515625,858.6300048828125,863.5900268554688,140400,FICO,866.3950042724609,879.8010737692568,879.8010737692568,858.6300048828125,870.0651498413085,829.3377746582031,0.8472765071236381,6.47108060159909,-5.623804094475452
2023-10-03,861.4299926757812,871.6500244140625,829.97998046875,836.5399780273438,220500,FICO,849.8999938964844,873.0980390208589,873.0980390208589,829.97998046875,870.2062493896484,830.3314744567871,-2.9243521682723213,4.591994047624809,-7.51634621589713
2023-10-04,840.3400268554688,862.2999877929688,840.3400268554688,860.8499755859375,131900,FICO,850.9575042724609,861.4990164586716,862.2999877929688,840.3400268554688,870.368349609375,831.3059495544434,-3.9067468845690883,2.8922458611860296,-6.798992745755118
2023-10-05,857.3400268554688,866.530029296875,851.7899780273438,862.530029296875,109500,FICO,859.5475158691406,856.2282603655663,866.530029296875,851.7899780273438,870.7154000854492,832.4136495971679,-4.497886643933953,1.4142193601620332,-5.912106004095985
2023-10-06,861.489990234375,880.6699829101562,858.8800048828125,873.52001953125,100000,FICO,868.6399993896484,857.8878881173534,880.6699829101562,857.8878881173534,871.4473001098632,833.6102995300294,-4.0330779849228975,0.3247598911450471,-4.357837876067944
2023-10-09,865.72998046875,889.4099731445312,862.22998046875,889.3900146484375,128400,FICO,876.6899871826172,863.2639437535009,889.4099731445312,862.22998046875,872.4356497192383,834.8519993591309,-2.3569681374898437,-0.21158571458193107,-2.145382422907913
2023-10-10,895.5399780273438,896.0,882.7999877929688,889.1500244140625,126900,FICO,890.8724975585938,869.976965468059,896.0,869.976965468059,873.5972497558594,836.2169993591309,-1.0360611459470874,-0.3764808008549624,-0.659580345092125
2023-10-11,893.6900024414062,906.739990234375,884.2100219726562,904.6799926757812,162100,FICO,897.3300018310547,880.4247315133264,906.739990234375,880.4247315133264,874.897099609375,837.6172492980957,1.2495023258084075,-0.05128417552228841,1.3007865013306958
2023-10-12,906.6699829101562,906.6699829101562,889.1300048828125,892.3400268554688,149800,FICO,898.7024993896484,888.8773666721905,906.6699829101562,888.8773666721905,876.4701992797851,838.987074432373,2.0415618769787898,0.36728503497792725,1.6742768420008625
2023-10-13,889.1099853515625,895.97998046875,883.5900268554688,895.3400268554688,152300,FICO,891.0050048828125,893.7899330309194,895.97998046875,883.5900268554688,877.1166491699219,840.1525744628906,2.8781719312920586,0.8694624142407537,2.008709517051305
2023-10-16,903.1799926757812,909.6099853515625,885.8499755859375,886.5999755859375,128000,FICO,896.3099822998047,892.397468956866,909.6099853515625,885.8499755859375,878.1292990112305,841.451049194336,2.803623901844958,1.2562947117615946,1.5473291900833632
2023-10-17,881.760009765625,919.719970703125,881.5599975585938,918.2899780273438,249800,FICO,900.3324890136719,894.3537256283353,919.719970703125,881.5599975585938,879.0520486450196,842.8506239318848,5.241244598865023,2.0532846891822802,3.187959909682743
2023-10-18,915.3300170898438,922.22998046875,908.0800170898438,914.7000122070312,256400,FICO,915.0850067138672,897.3431073210036,922.22998046875,897.3431073210036,880.2247991943359,844.276623840332,6.804953061304559,3.003618363606736,3.801334697697823
2023-10-19,907.8499755859375,931.989990234375,901.8400268554688,919.260009765625,294800,FICO,915.2350006103516,906.2140570174354,931.989990234375,901.8400268554688,881.4125491333008,845.5967239379883,8.316291940410906,4.06615307896757,4.250138861443336
2023-10-20,924.7899780273438,927.8499755859375,899.0,912.0,223400,FICO,915.9099884033203,910.7245288138935,927.8499755859375,899.0,882.4891488647461,846.8411488342285,8.826470716921108,5.018216606558278,3.80825411036283
2023-10-23,909.0700073242188,940.0999755859375,903.030029296875,927.1900024414062,204100,FICO,919.8475036621094,913.3172586086068,940.0999755859375,903.030029296875,883.7021990966797,848.1704989624023,10.337334959177497,6.082040277082122,4.255294682095375
2023-10-24,927.1900024414062,929.5800170898438,845.47998046875,862.1199951171875,554000,FICO,891.0924987792969,916.5823811353581,929.5800170898438,845.47998046875,884.0950491333008,849.166949005127,6.212486303068317,6.108129482279361,0.10435682078895603
2023-10-25,845.1199951171875,859.2999877929688,824.6400146484375,825.0999755859375,446000,FICO,838.5399932861328,903.8374399573274,903.8374399573274,824.6400146484375,883.414698791504,849.6340487670899,-0.0431942454140426,4.877864736740681,-4.921058982154723
2023-10-26,832.2899780273438,838.8099975585938,811.989990234375,829.719970703125,313900,FICO,828.2024841308594,871.1887166217301,871.1887166217301,811.989990234375,882.7649981689453,850.0246485900878,-4.575329603162572,2.98722586876003,-7.562555471922602
2023-10-27,830.989990234375,849.0,823.489990234375,848.0999755859375,235800,FICO,837.8949890136719,849.6956003762948,849.6956003762948,823.489990234375,882.6288482666016,850.5021484375,-6.607796179371803,1.0682214591336636,-7.676017638505467
2023-10-30,851.02001953125,859.22998046875,838.719970703125,851.2899780273438,151300,FICO,850.0649871826172,843.7952946949833,859.22998046875,838.719970703125,882.829248046875,851.2794233703613,-7.870408872764074,-0.7195046072458839,-7.150904265518189
2023-10-31,853.02001953125,853.02001953125,831.5499877929688,845.8699951171875,161500,FICO,845.8650054931641,846.9301409388003,853.02001953125,831.5499877929688,882.7493981933594,852.1132734680176,-9.202307381813057,-2.4160651621593185,-6.786242219653738
2023-11-01,849.22998046875,872.6799926757812,838.4299926757812,870.989990234375,193900,FICO,857.8324890136719,846.3975732159822,872.6799926757812,838.4299926757812,882.9374975585938,852.9677983093262,-8.137073755545089,-3.5602668808364726,-4.576806874708616
2023-11-02,879.6900024414062,907.469970703125,879.6900024414062,900.6900024414062,191700,FICO,891.8849945068359,852.115031114827,907.469970703125,852.115031114827,883.6809973144532,853.9804981994629,-4.840527077360662,-3.8163189201413106,-1.024208157219351
2023-11-03,910.8400268554688,932.25,910.8400268554688,930.4099731445312,171400,FICO,921.0850067138672,872.0000128108315,932.25,872.0000128108315,884.9667477416992,855.1659481811523,0.16822398958424856,-3.0194103381961988,3.1876343277804473
2023-11-06,930.4099731445312,930.4099731445312,907.6400146484375,927.760009765625,219600,FICO,924.0549926757812,896.5425097623494,930.4099731445312,896.5425097623494,886.4012973022461,856.4266481018067,3.879148983436494,-1.6396984738696603,5.518847457306154
2023-11-07,934.9400024414062,940.6099853515625,925.1300048828125,938.4000244140625,152000,FICO,934.7700042724609,910.2987512190653,940.6099853515625,910.2987512190653,887.9108471679688,857.7921482849121,7.591138121703921,0.20646884524505588,7.384669276458864
2023-11-08,940.0,954.22998046875,930.0700073242188,940.4299926757812,284200,FICO,941.1824951171875,922.5343777457631,954.22998046875,922.5343777457631,889.2308969116211,859.1519981384278,10.574817813626623,2.2801386389213696,8.294679174705253
2023-11-09,901.260009765625,987.02001953125,900.010009765625,962.7000122070312,343300,FICO,937.7475128173828,931.8584364314753,987.02001953125,900.010009765625,890.0841473388672,860.5584483337402,14.56847362815438,4.7378056367679715,9.830667991386408
2023-11-10,962.469970703125,1002.739990234375,962.469970703125,996.7000122070312,188300,FICO,981.0949859619141,934.802974624429,1002.739990234375,934.802974624429,891.6176971435547,862.4597731018066,20.24363446713585,7.838971402841548,12.4046630642943
2023-11-13,998.0800170898438,1014.0,991.0399780273438,1012.27001953125,165600,FICO,1003.8475036621094,957.9489802931715,1014.0,957.9489802931715,893.6337973022461,864.6292980957031,25.701340729043295,11.411445268081897,14.289895460961398
2023-11-14,1021.4600219726562,1031.68994140625,1006.7100219726562,1027.1500244140625,214400,FICO,1021.7525024414062,980.8982419776405,1031.68994140625,980.8982419776405,896.3257473754883,867.0726231384277,30.871437583251577,15.303443731115834,15.567993852135743
2023-11-15,1027.6400146484375,1036.4100341796875,1014.8599853515625,1020.9600219726562,211000,FICO,1024.967514038086,1001.3253722095234,1036.4100341796875,1001.3253722095234,898.806647644043,869.5967733764649,34.076482643692884,19.058051513631245,15.01843113006164
2023-11-16,1021.0599975585938,1046.449951171875,1021.0599975585938,1034.06005859375,142600,FICO,1030.6575012207031,1013.1464431238046,1046.449951171875,1013.1464431238046,901.3623977661133,872.1863235473633,37.24423901530895,22.695289013966786,14.548950001342163
2023-11-17,1037.68994140625,1043.469970703125,1028.5899658203125,1042.27001953125,101600,FICO,1038.0049743652344,1021.9019721722539,1043.469970703125,1021.9019721722539,904.070697631836,874.7275482177735,39.95658930699881,26.14754907257319,13.809040234425616
2023-11-20,1045.8900146484375,1059.6800537109375,1037.550048828125,1051.449951171875,109000,FICO,1048.6425170898438,1029.9534732687441,1059.6800537109375,1029.9534732687441,906.9494982910156,877.2881733703613,42.35860656889122,29.3897605718368,12.96884599705442
2023-11-21,1053.7099609375,1064.31005859375,1049.300048828125,1054.9000244140625,110700,FICO,1055.5550231933594,1039.297995179294,1064.31005859375,1039.297995179294,910.163198852539,879.7555485534668,44.033029279791776,32.318414313427795,11.714614966363982
2023-11-22,1063.0999755859375,1077.1400146484375,1057.699951171875,1065.1700439453125,100800,FICO,1065.7774963378906,1047.4265091863267,1077.1400146484375,1047.4265091863267,913.5986987304688,882.4070484924316,45.66235883891852,34.98720321852594,10.67515562039258
2023-11-24,1061.9599609375,1070.9599609375,1061.9599609375,1069.5400390625,36000,FICO,1066.10498046875,1056.6020027621087,1070.9599609375,1056.6020027621087,916.900548400879,885.1440733337403,46.76713392919032,37.34318936065882,9.423944568531503
2023-11-27,1073.3599853515625,1083.530029296875,1072.31005859375,1081.9599609375,142600,FICO,1077.7900085449219,1061.3534916154294,1083.530029296875,1061.3534916154294,920.596298828125,888.0856483459472,48.09050266596523,39.492652021720104,8.597850644245128
2023-11-28,1077.760009765625,1089.72998046875,1067.3599853515625,1073.31005859375,161200,FICO,1077.0400085449219,1069.5717500801757,1089.72998046875,1067.3599853515625,924.2105990600586,890.9678485107422,47.889269407629854,41.17197549890206,6.717293908727797
2023-11-29,1084.6700439453125,1105.56005859375,1071.6800537109375,1075.0999755859375,219900,FICO,1084.2525329589844,1073.3058793125488,1105.56005859375,1071.6800537109375,927.7809500122071,893.8154739379883,47.32864676406416,42.40330975193448,4.925337012129681
2023-11-30,1075.0,1092.1500244140625,1070.3699951171875,1087.5999755859375,370500,FICO,1081.2799987792969,1078.7792061357666,1092.1500244140625,1070.3699951171875,931.2301998901368,896.5763740539551,47.34720569843216,43.39208894123402,3.955116757198141
2023-12-01,1084.969970703125,1130.469970703125,1083.719970703125,1127.7099609375,299800,FICO,1106.7174682617188,1080.0296024575318,1130.469970703125,1080.0296024575318,935.4584490966797,899.5277238464355,50.02183382948988,44.718037918885194,5.303795910604684
2023-12-04,1120.0,1151.489990234375,1117.260009765625,1122.4300537109375,191100,FICO,1127.7950134277344,1093.3735353596253,1151.489990234375,1093.3735353596253,940.2026992797852,902.6767739868164,51.126101631140045,45.99965066133617,5.1264509698038765
2023-12-05,1115.1400146484375,1131.68994140625,1110.719970703125,1131.0400390625,156100,FICO,1122.1474914550781,1110.5842743936798,1131.68994140625,1110.5842743936798,944.8660488891602,905.7203239440918,52.09547151368383,47.2188148318057,4.876656681878131
2023-12-06,1133.5799560546875,1140.510009765625,1108.1700439453125,1111.6099853515625,162000,FICO,1123.4674987792969,1116.365882924379,1140.510009765625,1108.1700439453125,949.7981991577149,908.6316239929199,50.71129296023264,47.91731045749109,2.7939825027415495
2023-12-07,1110.2900390625,1120.489990234375,1099.739990234375,1118.06005859375,138400,FICO,1112.14501953125,1119.916690851838,1120.489990234375,1099.739990234375,954.4475997924804,911.3620492553711,49.56345186832732,48.24653873965834,1.316913128668979
2023-12-08,1114.1199951171875,1140.8499755859375,1112.9200439453125,1134.3900146484375,130100,FICO,1125.5700073242188,1116.030855191544,1140.8499755859375,1112.9200439453125,959.2867498779297,914.200174407959,49.40199506429303,48.47763000458528,0.9243650597077533
2023-12-11,1131.81005859375,1147.52001953125,1123.9300537109375,1145.8199462890625,133100,FICO,1137.27001953125,1120.8004312578814,1147.52001953125,1120.8004312578814,964.4971499633789,917.1230497741699,49.62430128814185,48.7069642612966,0.917337026845253
2023-12-12,1140.18994140625,1159.6700439453125,1132.72998046875,1159.219970703125,160600,FICO,1147.9524841308594,1129.0352253945657,1159.6700439453125,1129.0352253945657,970.1282995605469,920.0967247009278,50.3019015445509,49.025951717947464,1.275949826603437
2023-12-13,1163.2900390625,1183.7900390625,1157.760009765625,1166.780029296875,236300,FICO,1167.905029296875,1138.4938547627125,1183.7900390625,1138.4938547627125,976.4884002685546,923.3473248291016,50.8626254903038,49.39328647241874,1.469339017885062
2023-12-14,1181.68994140625,1185.4200439453125,1123.56005859375,1129.5899658203125,423600,FICO,1155.0650024414062,1153.1994420297938,1185.4200439453125,1123.56005859375,982.5705502319336,926.4694499206543,47.755579352916584,49.06574504851831,-1.3101656956017251
2023-12-15,1127.1199951171875,1136.6300048828125,1121.530029296875,1129.780029296875,467100,FICO,1128.7650146484375,1154.1322222356,1154.1322222356,1121.530029296875,987.9549002075196,929.3351501464844,44.79222257841684,48.21104055449802,-3.418817976081179
2023-12-18,1135.0,1152.530029296875,1130.739990234375,1148.77001953125,359600,FICO,1141.760009765625,1141.4486184420189,1152.530029296875,1130.739990234375,993.4173004150391,932.4323002624511,43.474922644688604,47.26381697253614,-3.7888943278475367
2023-12-19,1150.260009765625,1156.3900146484375,1149.1600341796875,1152.510009765625,322300,FICO,1152.0800170898438,1141.604314103822,1156.3900146484375,1141.604314103822,998.9251010131836,935.6803753662109,42.24575613246202,46.260204804521315,-4.014448672059295
2023-12-20,1152.510009765625,1180.56005859375,1149.9200439453125,1155.1500244140625,130000,FICO,1159.5350341796875,1146.8421655968327,1180.56005859375,1146.8421655968327,1004.2983517456055,938.9478007507324,41.011900277089126,45.21054389903488,-4.198643621945756
2023-12-21,1162.22998046875,1172.199951171875,1154.5699462890625,1165.4599609375,135200,FICO,1163.6149597167969,1153.1885998882601,1172.199951171875,1153.1885998882601,1009.6240509033203,942.2605752563477,40.40027708996763,44.248490537221436,-3.848213447253805
2023-12-22,1175.6099853515625,1175.6099853515625,1160.260009765625,1168.8800048828125,67100,FICO,1170.0899963378906,1158.4017798025284,1175.6099853515625,1158.4017798025284,1015.0518008422852,945.7610000610351,39.73350713455579,43.34549385668831,-3.6119867221325137
2023-12-26,1175.1700439453125,1175.1700439453125,1160.5699462890625,1164.6199951171875,111400,FICO,1168.8825073242188,1164.2458880702095,1175.1700439453125,1160.5699462890625,1020.6093508911133,948.8630000305176,38.41847568237927,42.3600902218265,-3.9416145394472366
2023-12-27,1163.989990234375,1175.3499755859375,1162.3399658203125,1170.6099853515625,115200,FICO,1168.0724792480469,1166.5641976972142,1175.3499755859375,1162.3399658203125,1026.044600830078,952.0869499206543,37.42819697720665,41.373711572902536,-3.945514595695883
2023-12-28,1172.280029296875,1173.7099609375,1167.0400390625,1169.3399658203125,62800,FICO,1170.5924987792969,1167.3183384726306,1173.7099609375,1167.0400390625,1031.4498010253906,955.2509248352051,36.12449333416885,40.3238679251558,-4.199374590986956
2023-12-29,1168.0999755859375,1176.219970703125,1155.27001953125,1164.010009765625,97000,FICO,1165.8999938964844,1168.9554186259638,1176.219970703125,1155.27001953125,1036.466100769043,958.3454499816894,34.26621628373209,39.112337596871065,-4.846121313138973
2024-01-02,1152.4000244140625,1158.010009765625,1119.8800048828125,1131.1600341796875,190800,FICO,1140.3625183105469,1167.427706261224,1167.427706261224,1119.8800048828125,1040.9686511230468,961.1906001281739,29.79929215150605,37.24972850779806,-7.450436356292009
2024-01-03,1131.1600341796875,1135.0,1116.1199951171875,1122.3699951171875,158600,FICO,1126.1625061035156,1153.8951122858855,1153.8951122858855,1116.1199951171875,1045.1737014770508,963.8314251708985,25.258772497038308,34.85153730564611,-9.592764808607804
2024-01-04,1124.0899658203125,1132.9300537109375,1115.0999755859375,1117.4599609375,127700,FICO,1122.3949890136719,1140.0288091947004,1140.0288091947004,1115.0999755859375,1049.224651184082,966.4634251403809,21.02185240587596,32.085600325692084,-11.063747919816123
2024-01-05,1115.52001953125,1132.4000244140625,1113.18994140625,1115.4599609375,164600,FICO,1119.1424865722656,1131.2118991041862,1132.4000244140625,1113.18994140625,1053.7856509399414,968.9403500366211,17.303218688801508,29.129123998313972,-11.825905309512464
2024-01-08,1120.9200439453125,1154.52001953125,1115.81005859375,1152.4300537109375,134200,FICO,1135.9200439453125,1125.177192838226,1154.52001953125,1115.81005859375,1059.733251953125,971.5739753723144,17.1417527363958,26.73164974593034,-9.589897009534539
2024-01-09,1144.8399658203125,1163.93994140625,1139.75,1159.6600341796875,110000,FICO,1152.0474853515625,1130.5486183917692,1163.93994140625,1130.5486183917692,1066.210151977539,974.4875750732422,17.396651042002077,24.86465000514469,-7.4679989631426125
2024-01-10,1168.3299560546875,1200.3399658203125,1165.77001953125,1200.22998046875,141300,FICO,1183.66748046875,1141.2980518716658,1200.3399658203125,1141.2980518716658,1073.1256018066406,977.8772250366211,20.63445424988663,24.01861085409308,-3.3841566042064493
2024-01-11,1204.27001953125,1215.68994140625,1190.5699462890625,1214.8399658203125,105100,FICO,1206.3424682617188,1162.482766170208,1215.68994140625,1162.482766170208,1080.2511514282226,981.5401997375488,24.101513096075905,24.035191302489647,0.06632179358625834
2024-01-12,1221.1199951171875,1231.5,1215.77001953125,1230.989990234375,117300,FICO,1224.8450012207031,1184.4126172159633,1231.5,1184.4126172159633,1087.8307513427735,985.2900747680665,27.831529659926446,24.794458973977008,3.0370706859494376
2024-01-16,1230.0,1254.4200439453125,1211.5899658203125,1224.3900146484375,214700,FICO,1230.1000061035156,1204.6288092183331,1254.4200439453125,1204.6288092183331,1095.2761016845702,989.106799621582,29.910245101558758,25.81761619949336,4.092628902065396
2024-01-17,1220.0,1231.22998046875,1204.68994140625,1230.1600341796875,162800,FICO,1221.5199890136719,1217.3644076609244,1231.22998046875,1204.68994140625,1101.868801574707,992.7748994445801,31.658297275113227,26.985752414617338,4.67254486049589
2024-01-18,1237.25,1253.469970703125,1231.989990234375,1250.4200439453125,130900,FICO,1243.2825012207031,1219.4421983372981,1253.469970703125,1219.4421983372981,1108.3127514648438,996.6397496032715,34.28325862002657,28.445253655699187,5.838004964327386
2024-01-19,1260.25,1266.7099609375,1248.02001953125,1260.2099609375,176000,FICO,1258.7974853515625,1231.3623497790006,1266.7099609375,1231.3623497790006,1115.0076013183593,1000.7044493103027,36.730121899662436,30.102227304491837,6.6278945951705985
2024-01-22,1272.0,1297.449951171875,1264.52001953125,1288.3199462890625,248400,FICO,1280.5724792480469,1245.0799175652814,1297.449951171875,1245.0799175652814,1121.923650817871,1004.9172489929199,40.47099513084481,32.175980869762434,8.295014261082379
2024-01-23,1280.0,1291.47998046875,1263.3599853515625,1281.510009765625,260500,FICO,1279.0874938964844,1262.8261984066642,1291.47998046875,1262.8261984066642,1128.681750793457,1008.9563238525391,42.39742799521946,34.22027029485384,8.177157700365619
2024-01-24,1307.1400146484375,1307.1400146484375,1274.550048828125,1275.550048828125,182000,FICO,1291.0950317382812,1270.9568461515742,1307.1400146484375,1270.9568461515742,1135.748701171875,1012.9164242553711,42.948141441009284,35.96584452408493,6.982296916924355
2024-01-25,1286.9200439453125,1292.1700439453125,1273.8900146484375,1284.27001953125,219900,FICO,1284.3125305175781,1281.0259389449277,1292.1700439453125,1273.8900146484375,1141.8130520629884,1016.7153746032715,43.58578477866081,37.48983257500011,6.095952203660701
2024-01-26,1235.5,1275.9200439453125,1195.010009765625,1196.3599853515625,407100,FICO,1225.697509765625,1282.6692347312528,1282.6692347312528,1195.010009765625,1146.2500521850586,1019.9419247436523,36.57589253281549,37.307044566563185,-0.7311520337476978
2024-01-29,1200.0,1228.3599853515625,1199.0400390625,1222.3800048828125,198400,FICO,1212.4450073242188,1254.183372248439,1254.183372248439,1199.0400390625,1150.063902282715,1023.1948248291015,32.742663499015634,36.39416835305368,-3.651504854038045
2024-01-30,1216.6199951171875,1222.719970703125,1196.989990234375,1197.06005859375,195200,FICO,1208.3475036621094,1233.3141897863288,1233.3141897863288,1196.989990234375,1153.7315020751953,1026.2690748596192,27.346460836950655,34.58462684983308,-7.238166012882424
2024-01-31,1197.3399658203125,1219.3399658203125,1187.8900146484375,1198.8299560546875,206100,FICO,1200.8499755859375,1220.830846724219,1220.830846724219,1187.8900146484375,1157.1353515625,1029.2488746643066,22.948214550599005,32.257344389986265,-9.30912983938726
2024-02-01,1198.8299560546875,1243.6500244140625,1198.8299560546875,1243.1700439453125,159700,FICO,1221.1199951171875,1210.8404111550783,1243.6500244140625,1198.8299560546875,1160.797651977539,1032.4341748046875,22.777878009255346,30.361451113840083,-7.583573104584737
2024-02-02,1243.199951171875,1257.5,1239.97998046875,1255.300048828125,121400,FICO,1248.9949951171875,1215.9802031361328,1257.5,1215.9802031361328,1164.804701538086,1035.8770999145509,23.35248221384859,28.959657333841786,-5.607175119993197
2024-02-05,1256.1300048828125,1258.7900390625,1233.8699951171875,1256.1300048828125,100600,FICO,1251.2300109863281,1232.4875991266601,1258.7900390625,1232.4875991266601,1168.7182012939454,1039.4407000732422,23.602752860398596,27.88827643915315,-4.285523578754553
2024-02-06,1259.81005859375,1264.239990234375,1230.3900146484375,1259.81005859375,209000,FICO,1253.5625305175781,1241.858805056494,1264.239990234375,1230.3900146484375,1172.473901977539,1043.036300354004,23.823422148905365,27.075305581103592,-3.251883432198227
2024-02-07,1263.6300048828125,1286.75,1261.9599609375,1280.449951171875,168600,FICO,1273.1974792480469,1247.710667787036,1286.75,1247.710667787036,1176.615751953125,1046.7581501770019,25.371306359535765,26.734505736790027,-1.3631993772542614
2024-02-08,1283.22998046875,1325.0,1283.22998046875,1321.43994140625,196700,FICO,1303.2249755859375,1260.4540735175415,1325.0,1260.4540735175415,1181.1244512939454,1050.8603750610353,29.5647612286175,27.300556835155522,2.264204393461977
2024-02-09,1327.949951171875,1336.3900146484375,1317.4200439453125,1323.81005859375,118900,FICO,1326.3925170898438,1281.8395245517395,1336.3900146484375,1281.8395245517395,1186.1115014648437,1055.1610502624512,32.70238038911043,28.380921545946507,4.321458843163924
2024-02-12,1333.9300537109375,1333.9300537109375,1295.02001953125,1298.3499755859375,159600,FICO,1315.3075256347656,1304.1160208207916,1333.9300537109375,1295.02001953125,1190.7326013183595,1059.2567756652832,32.75694854683229,29.256126946123665,3.500821600708626
2024-02-13,1269.6800537109375,1289.8800048828125,1257.780029296875,1269.47998046875,273000,FICO,1271.7050170898438,1309.7117732277786,1309.7117732277786,1257.780029296875,1194.5411016845703,1062.8856507873536,30.123383264510267,29.429578209800987,0.69380505470928
2024-02-14,1283.56005859375,1297.77001953125,1279.4300537109375,1293.8399658203125,155000,FICO,1288.6500244140625,1290.708395158811,1297.77001953125,1279.4300537109375,1198.1797528076172,1066.8191009521483,29.66000891735098,29.475664351310986,0.18434456603999294
2024-02-15,1299.6400146484375,1307.489990234375,1283.219970703125,1302.699951171875,143500,FICO,1298.2624816894531,1289.6792097864368,1307.489990234375,1283.219970703125,1201.5891021728517,1070.8959007263184,29.6657399962844,29.513679480305672,0.15206051597872872
2024-02-16,1295.8800048828125,1304.22998046875,1280.5999755859375,1282.06005859375,115300,FICO,1290.6925048828125,1293.970845737945,1304.22998046875,1280.5999755859375,1204.9600024414062,1074.9130256652832,27.685671889543528,29.148077962153245,-1.462406072609717
2024-02-20,1278.760009765625,1278.760009765625,1252.68994140625,1259.199951171875,153400,FICO,1267.3524780273438,1292.3316753103786,1292.3316753103786,1252.68994140625,1207.8377020263672,1078.817950592041,23.995231933063906,28.11750875633538,-4.1222768232714735
2024-02-21,1248.9100341796875,1259.3800048828125,1223.8800048828125,1246.56005859375,151200,FICO,1244.6825256347656,1279.8420766688612,1279.8420766688612,1223.8800048828125,1210.4884521484375,1082.468025970459,19.82210114117879,26.458427233304064,-6.636326092125273
2024-02-22,1277.52001953125,1290.9200439453125,1267.3800048828125,1288.260009765625,146200,FICO,1281.02001953125,1262.2623011518135,1290.9200439453125,1262.2623011518135,1213.5974523925781,1086.442101135254,19.653153165336562,25.097372419710567,-5.444219254374005
2024-02-23,1291.8900146484375,1296.3599853515625,1268.2900390625,1282.3299560546875,123500,FICO,1284.7174987792969,1271.6411603415318,1296.3599853515625,1268.2900390625,1216.546401977539,1090.521775970459,18.823766242475585,23.842651184263573,-5.018884941787988
2024-02-26,1292.9200439453125,1306.199951171875,1288.22998046875,1288.25,180400,FICO,1293.8999938964844,1278.1793295604143,1306.199951171875,1278.1793295604143,1219.4653521728515,1094.7968258666992,18.43170003652699,22.760460954716258,-4.328760918189268
2024-02-27,1280.780029296875,1288.75,1271.02001953125,1276.030029296875,102200,FICO,1279.14501953125,1286.0396617284493,1288.75,1271.02001953125,1221.690151977539,1099.0892761230468,16.939665317240724,21.59630182722115,-4.6566365099804266
2024-02-28,1273.8599853515625,1286.800048828125,1273.8599853515625,1274.6300048828125,193400,FICO,1277.2875061035156,1282.5923406298498,1286.800048828125,1273.8599853515625,1224.1346020507813,1103.3525761413575,15.465964768333606,20.370234415443644,-4.904269647110038
2024-02-29,1279.3399658203125,1284.27001953125,1265.199951171875,1269.9100341796875,163300,FICO,1274.6799926757812,1279.9399233666827,1284.27001953125,1265.199951171875,1227.052901611328,1107.503900909424,13.758583885968164,19.04790430954855,-5.289320423580385
2024-03-01,1266.47998046875,1297.6300048828125,1263.6500244140625,1295.199951171875,148500,FICO,1280.739990234375,1277.309958021232,1297.6300048828125,1263.6500244140625,1229.832501220703,1111.624900817871,14.281528608437839,18.094629169326407,-3.813100560888568
2024-03-04,1295.0400390625,1315.8399658203125,1293.1099853515625,1301.25,87300,FICO,1301.3099975585938,1279.0249741278035,1315.8399658203125,1279.0249741278035,1232.817100830078,1115.8711009216308,15.011115649557269,17.47792646537258,-2.466810815815311
2024-03-05,1297.3699951171875,1297.3699951171875,1248.030029296875,1263.6500244140625,181500,FICO,1276.6050109863281,1290.1674858431986,1297.3699951171875,1248.030029296875,1235.158500366211,1119.7284260559081,12.412234331333138,16.46478803856469,-4.052553707231553
2024-03-06,1278.4200439453125,1290.5,1268.56005859375,1288.1099853515625,112700,FICO,1281.3975219726562,1283.3862484147635,1290.5,1268.56005859375,1237.514151611328,1123.5691012573243,12.185845745615325,15.60899957997482,-3.4231538343594945
2024-03-07,1300.0,1335.0400390625,1295.2099609375,1334.989990234375,183100,FICO,1316.3099975585938,1282.3918851937099,1335.0400390625,1282.3918851937099,1240.4385516357422,1127.7451762390137,15.60932122329018,15.609063908637893,0.0002573146522877323
2024-03-08,1336.3699951171875,1349.75,1296.0,1300.449951171875,135900,FICO,1320.6424865722656,1299.3509413761517,1349.75,1296.0,1243.4737512207032,1132.0415510559083,15.358316601402521,15.55891444719082,-0.2005978457882982
2024-03-11,1288.2900390625,1294.9599609375,1262.8599853515625,1282.6800537109375,153100,FICO,1282.197509765625,1309.9967139742087,1309.9967139742087,1262.8599853515625,1245.7562518310547,1135.9004263305665,13.56909532980444,15.160950623713545,-1.591855293909104
2024-03-12,1289.4200439453125,1331.969970703125,1282.8399658203125,1328.5899658203125,150400,FICO,1308.2049865722656,1296.0971118699167,1331.969970703125,1282.8399658203125,1248.508501586914,1139.9791513061523,15.67497939833379,15.263756378637595,0.41122301969619457
2024-03-13,1324.22998046875,1327.5400390625,1221.300048828125,1245.8199462890625,366000,FICO,1279.7225036621094,1302.1510492210912,1327.5400390625,1221.300048828125,1250.7849517822265,1143.6255262756347,10.543519724194766,14.319709047749031,-3.7761893235542647
2024-03-14,1251.52001953125,1258.77001953125,1192.75,1202.0,364500,FICO,1226.260009765625,1290.9367764416002,1290.9367764416002,1192.75,1252.502901611328,1146.7357763671876,2.9073830137137975,12.037243840941985,-9.129860827228187
2024-03-15,1188.0999755859375,1213.6300048828125,1181.0,1211.81005859375,333000,FICO,1198.635009765625,1258.5983931036126,1258.5983931036126,1181.0,1253.9523516845702,1149.5630265808106,-2.325908971505669,9.164613278452455,-11.490522249958124
2024-03-18,1217.969970703125,1254.989990234375,1216.3399658203125,1222.739990234375,176300,FICO,1228.0099792480469,1228.6167014346188,1254.989990234375,1216.3399658203125,1256.0646514892578,1152.64465133667,-5.527657045898422,6.22615921358228,-11.753816259480702
2024-03-19,1216.8199462890625,1239.72998046875,1210.0,1235.6300048828125,155300,FICO,1225.5449829101562,1228.3133403413328,1239.72998046875,1210.0,1258.1927014160156,1155.9891761779786,-6.944892607488782,3.591948849368068,-10.53684145685685
2024-03-20,1243.3800048828125,1247.1300048828125,1228.02001953125,1245.4000244140625,101900,FICO,1240.9825134277344,1226.9291616257447,1247.1300048828125,1226.9291616257447,1260.293950805664,1160.0136013793945,-7.196743496754607,1.4342103801435329,-8.63095387689814
2024-03-21,1258.760009765625,1287.4599609375,1241.4100341796875,1280.02001953125,135100,FICO,1266.9125061035156,1233.9558375267395,1287.4599609375,1233.9558375267395,1262.591251220703,1164.400701599121,-4.550339386440783,0.23730042682666982,-4.787639813267452
2024-03-22,1280.0,1286.0,1264.0999755859375,1276.739990234375,205600,FICO,1276.7099914550781,1250.4341718151277,1286.0,1250.4341718151277,1264.4521014404297,1168.7888516235353,-2.6867448919406343,-0.347508636926791,-2.3392362550138435
2024-03-25,1276.739990234375,1276.739990234375,1260.18994140625,1266.6099853515625,115900,FICO,1270.0699768066406,1263.572081635103,1276.739990234375,1260.18994140625,1265.7266516113282,1172.9889015197755,-2.004137117477512,-0.6788343330369353,-1.325302784440577
2024-03-26,1277.18994140625,1290.1300048828125,1271.300048828125,1282.469970703125,137100,FICO,1280.2724914550781,1266.8210292208719,1290.1300048828125,1266.8210292208719,1266.8352014160157,1177.3329763793945,-0.18130727049469897,-0.5793289205284881,0.3980216500337891
2024-03-27,1292.0,1307.97998046875,1255.02001953125,1258.510009765625,144700,FICO,1278.3775024414062,1273.546760337975,1307.97998046875,1255.02001953125,1267.8007513427735,1181.5384265136718,-0.6624339635081924,-0.595949929124429,-0.06648403438376338
2024-03-28,1259.1099853515625,1276.47998046875,1248.5699462890625,1249.6099853515625,151700,FICO,1258.4424743652344,1275.9621313896905,1276.47998046875,1248.5699462890625,1268.5392010498047,1185.204001312256,-1.7418094288027532,-0.8251218290600939,-0.9166875997426593
2024-04-01,1249.6099853515625,1265.739990234375,1247.9300537109375,1254.3699951171875,121100,FICO,1254.4125061035156,1267.2023028774624,1267.2023028774624,1247.9300537109375,1268.761801147461,1188.5372763061523,-2.187908408299336,-1.0976791449079424,-1.0902292633913935
2024-04-02,1233.5799560546875,1247.4599609375,1224.81005859375,1247.2900390625,141700,FICO,1238.2850036621094,1260.807404490489,1260.807404490489,1224.81005859375,1268.351551513672,1191.6795764160156,-3.077265545791306,-1.4935964250846152,-1.5836691207066909
2024-04-03,1229.6099853515625,1261.739990234375,1229.6099853515625,1248.550048828125,101800,FICO,1242.3775024414062,1249.546204076299,1261.739990234375,1229.6099853515625,1267.587651977539,1194.7556513977052,-3.638473173112061,-1.9225717746901045,-1.7159013984219564
2024-04-04,1260.6099853515625,1266.8599853515625,1214.8900146484375,1219.8499755859375,114100,FICO,1240.552490234375,1245.9618532588527,1266.8599853515625,1214.8900146484375,1266.816951904297,1197.7493513488769,-6.326166209015128,-2.8032906615551094,-3.522875547460018
2024-04-05,1221.8900146484375,1243.4000244140625,1221.8900146484375,1231.6500244140625,80300,FICO,1229.70751953125,1243.257171746614,1243.4000244140625,1221.8900146484375,1265.5892016601563,1200.6689514160157,-7.418501117419282,-3.726332752727944,-3.692168364691338
2024-04-08,1232.31005859375,1244.0400390625,1222.4599609375,1238.8800048828125,96400,FICO,1234.4225158691406,1236.482345638932,1244.0400390625,1222.4599609375,1264.5914013671875,1203.2022267150878,-7.61302716361979,-4.503671634906314,-3.1093555287134764
2024-04-09,1246.449951171875,1246.449951171875,1209.5400390625,1219.0799560546875,115400,FICO,1230.3799743652344,1235.4524307540364,1246.449951171875,1209.5400390625,1264.6850506591798,1205.4675514221192,-9.258166540366801,-5.454570615998412,-3.8035959243683894
2024-04-10,1200.0,1211.260009765625,1177.6099853515625,1181.22998046875,179100,FICO,1192.5249938964844,1232.9162025596354,1232.9162025596354,1177.6099853515625,1264.286650390625,1207.1752763366699,-13.46095850290294,-7.055848193379318,-6.405110309523622
2024-04-11,1187.1300048828125,1199.6700439453125,1180.25,1191.6800537109375,108200,FICO,1189.6825256347656,1212.7205982280598,1212.7205982280598,1180.25,1263.9133508300781,1208.8224264526368,-15.76671891573642,-8.798022337850739,-6.96869657788568
2024-04-12,1168.8900146484375,1183.72998046875,1166.5,1175.6099853515625,118200,FICO,1173.6824951171875,1201.2015619314127,1201.2015619314127,1166.5,1263.3700012207032,1210.2526763916017,-18.675491428354007,-10.773516155951393,-7.901975272402614
2024-04-15,1185.2099609375,1197.8399658203125,1145.6199951171875,1150.52001953125,182600,FICO,1169.7974853515625,1187.4420285243,1197.8399658203125,1145.6199951171875,1262.3435510253905,1211.5706015014648,-22.743096893382926,-13.1674323034377,-9.575664589945227
2024-04-16,1151.27001953125,1153.9200439453125,1130.8599853515625,1152.699951171875,163200,FICO,1147.1875,1178.6197569379312,1178.6197569379312,1130.8599853515625,1260.307401123047,1212.5560513305663,-25.496888999855628,-15.633323642721287,-9.863565357134341
2024-04-17,1157.25,1169.9200439453125,1144.8699951171875,1153.280029296875,175700,FICO,1156.3300170898438,1162.9036284689655,1169.9200439453125,1144.8699951171875,1258.4094012451171,1213.5638012695313,-27.31758155193711,-17.970175224564453,-9.347406327372656
2024-04-18,1163.280029296875,1203.0,1147.06005859375,1162.25,214700,FICO,1168.8975219726562,1159.6168227794046,1203.0,1147.06005859375,1256.7161010742188,1214.5950015258788,-27.717185386487245,-19.91957725694901,-7.797608129538233
2024-04-19,1165.6400146484375,1165.6400146484375,1121.8800048828125,1130.06005859375,156400,FICO,1145.8050231933594,1164.2571723760304,1165.6400146484375,1121.8800048828125,1254.168251953125,1215.392001953125,-30.282258527029626,-21.992113510965137,-8.29014501606449
2024-04-22,1142.47998046875,1157.1600341796875,1136.6400146484375,1150.6600341796875,233500,FICO,1146.7350158691406,1155.0310977846948,1157.1600341796875,1136.6400146484375,1251.0384527587892,1216.0814520263673,-30.303531356473513,-23.654397080066815,-6.6491342764066985
2024-04-23,1155.010009765625,1188.4000244140625,1155.010009765625,1188.18994140625,275300,FICO,1171.6524963378906,1150.8830568269177,1188.4000244140625,1150.8830568269177,1247.94365234375,1217.027576904297,-26.98101996139485,-24.319721656332423,-2.6612983050624273
2024-04-24,1197.6700439453125,1218.1199951171875,1178.0699462890625,1193.030029296875,177900,FICO,1196.7225036621094,1161.2677765824042,1218.1199951171875,1161.2677765824042,1245.5719519042968,1218.152276611328,-23.684332854757486,-24.192643896017437,0.508311041259951
2024-04-25,1175.7900390625,1211.77001953125,1168.8299560546875,1193.6600341796875,218900,FICO,1187.5125122070312,1178.9951401222568,1211.77001953125,1168.8299560546875,1243.8881018066406,1219.2146017456055,-20.78129461412209,-23.510374039638368,2.7290794255162787
2024-04-26,1136.8299560546875,1159.81005859375,1105.6500244140625,1110.8499755859375,440700,FICO,1128.2850036621094,1183.2538261646441,1183.2538261646441,1105.6500244140625,1240.6808013916016,1219.4302770996094,-24.875941183904843,-23.783487468491664,-1.0924537154131784
2024-04-29,1116.4000244140625,1145.47998046875,1112.6500244140625,1143.06005859375,317400,FICO,1129.3975219726562,1155.7694149133767,1155.7694149133767,1112.6500244140625,1237.3035021972655,1219.4463021850586,-25.23104579283904,-24.07299913336114,-1.1580466594779004
2024-04-30,1143.0,1157.97998046875,1131.030029296875,1133.3299560546875,210600,FICO,1141.3349914550781,1142.5834684430165,1157.97998046875,1131.030029296875,1234.316351928711,1219.6381771850586,-25.997918885087984,-24.457983083706512,-1.5399358013814712
2024-05-01,1138.030029296875,1178.5999755859375,1134.06005859375,1140.72998046875,244800,FICO,1147.8550109863281,1141.9592299490473,1178.5999755859375,1134.06005859375,1231.9264025878906,1219.882052307129,-25.71215746410303,-24.70881795978582,-1.0033395043172106
2024-05-02,1155.6400146484375,1166.530029296875,1134.8599853515625,1165.3499755859375,166200,FICO,1155.5950012207031,1144.9071204676877,1166.530029296875,1134.8599853515625,1230.1446520996094,1220.3165521240235,-23.23126605695643,-24.413307579219943,1.182041522263514
2024-05-03,1182.3399658203125,1204.5400390625,1176.4300537109375,1193.010009765625,182900,FICO,1189.0800170898438,1150.2510608441953,1204.5400390625,1150.2510608441953,1228.3058520507811,1220.9516522216798,-18.816305492214497,-23.293907161818854,4.477601669604358
2024-05-06,1205.780029296875,1242.6400146484375,1204.030029296875,1242.6300048828125,207700,FICO,1223.77001953125,1169.6655389670195,1242.6400146484375,1169.6655389670195,1227.0869024658202,1221.8166522216798,-11.184569764139951,-20.872039682283074,9.687469918143123
2024-05-07,1240.0999755859375,1244.1800537109375,1229.2900390625,1240.6199951171875,163600,FICO,1238.5475158691406,1196.7177792491348,1244.1800537109375,1196.7177792491348,1225.9798529052734,1222.7226025390626,-5.2381728101811404,-17.74526630786269,12.507093497681549
2024-05-08,1241.0,1262.969970703125,1238.68994140625,1251.43994140625,132800,FICO,1248.5249633789062,1217.6326475591377,1262.969970703125,1217.6326475591377,1225.3674517822265,1223.5288018798828,0.3435090977195614,-14.12751122674624,14.471020324465801
2024-05-09,1251.43994140625,1288.52001953125,1240.31005859375,1286.780029296875,200900,FICO,1266.7625122070312,1233.078805469022,1288.52001953125,1233.078805469022,1225.1569519042969,1224.645776977539,7.531859380395872,-9.795637105317818,17.327496485713688
2024-05-10,1293.0,1358.219970703125,1293.0,1328.6099853515625,436400,FICO,1318.2074890136719,1249.9206588380266,1358.219970703125,1249.9206588380266,1226.0275018310547,1226.5402017211914,16.41478718593885,-4.553552247066484,20.968339433005333
2024-05-13,1331.02001953125,1342.449951171875,1322.3199462890625,1332.530029296875,244600,FICO,1332.0799865722656,1284.0640739258492,1342.449951171875,1284.0640739258492,1227.0543017578125,1228.443401489258,23.499992964427065,1.0571567952322258,22.44283616919484
2024-05-14,1333.1199951171875,1355.3299560546875,1324.300048828125,1353.9300537109375,208200,FICO,1341.6700134277344,1308.0720302490574,1355.3299560546875,1308.0720302490574,1227.8615020751954,1230.3393014526366,30.490398379869475,6.943805112159676,23.5465932677098
2024-05-15,1365.93994140625,1397.7900390625,1364.5799560546875,1368.1600341796875,260200,FICO,1374.1174926757812,1324.8710218383958,1397.7900390625,1324.8710218383958,1229.8117517089843,1232.4851260375976,36.75489794924897,12.906023679577537,23.848874269671434
2024-05-16,1374.8599853515625,1412.3599853515625,1366.1600341796875,1404.4300537109375,356900,FICO,1389.4525146484375,1349.4942572570885,1412.3599853515625,1349.4942572570885,1231.9728515625,1234.7435015869141,44.137457312945116,19.152310406251054,24.985146906694062
2024-05-17,1415.949951171875,1415.949951171875,1388.0,1411.3499755859375,246600,FICO,1407.8124694824219,1369.473385952763,1415.949951171875,1369.473385952763,1233.8029010009766,1237.1207263183594,49.970539387773215,25.315956202555487,24.654583185217728
2024-05-20,1423.489990234375,1451.780029296875,1422.3499755859375,1446.280029296875,259400,FICO,1435.9750061035156,1388.6429277175926,1451.780029296875,1388.6429277175926,1236.1095513916016,1239.7916513061523,56.757596131171795,31.60428418827875,25.153311942893044
2024-05-21,1443.68994140625,1443.68994140625,1367.02001953125,1374.800048828125,368600,FICO,1407.2999877929688,1412.308966910554,1443.68994140625,1367.02001953125,1238.6116009521484,1242.1839263916015,55.726173814319736,36.42866211348695,19.297511700832786
2024-05-22,1374.7099609375,1393.4200439453125,1366.06005859375,1366.6400146484375,192900,FICO,1375.20751953125,1409.8044773517613,1409.8044773517613,1366.06005859375,1239.951651611328,1244.230076599121,53.63208039716051,39.86934577022166,13.762734626938844
2024-05-23,1381.3499755859375,1381.3499755859375,1353.0899658203125,1353.1800537109375,237100,FICO,1367.2424926757812,1392.5059984415057,1392.5059984415057,1353.0899658203125,1241.7020513916016,1246.2435015869141,50.306488039447004,41.956774224066734,8.34971381538027
2024-05-24,1356.18994140625,1387.8399658203125,1346.25,1384.6400146484375,171500,FICO,1368.72998046875,1379.8742455586435,1387.8399658203125,1346.25,1244.551450805664,1248.527176208496,49.637300164008366,43.49287941205506,6.144420751953305
2024-05-28,1380.1600341796875,1390.0,1364.3399658203125,1385.1300048828125,188500,FICO,1379.9075012207031,1374.3021130136967,1390.0,1364.3399658203125,1248.1769006347656,1251.064626159668,48.58642797073435,44.51158912379092,4.074838846943429
2024-05-29,1374.219970703125,1386.550048828125,1354.3299560546875,1356.300048828125,131500,FICO,1367.8500061035156,1377.1048071172,1386.550048828125,1354.3299560546875,1250.973701171875,1253.5191763305663,44.90957801471018,44.59118690197477,0.3183911127354051
2024-05-30,1341.56005859375,1342.3800048828125,1293.68994140625,1302.6600341796875,196800,FICO,1320.072509765625,1372.4774066103578,1372.4774066103578,1293.68994140625,1252.8642517089843,1255.5284765625,37.23808952433478,43.120567426446776,-5.882477902111994
2024-05-31,1304.31005859375,1305.1500244140625,1266.719970703125,1289.9300537109375,332800,FICO,1291.5275268554688,1346.2749581879914,1346.2749581879914,1266.719970703125,1253.875151977539,1257.0845513916015,29.787801358877232,40.45401421293287,-10.666212854055637
2024-06-03,1288.6700439453125,1294.93994140625,1274.550048828125,1293.8199462890625,143900,FICO,1287.9949951171875,1318.9012425217302,1318.9012425217302,1274.550048828125,1254.2968017578125,1258.4440264892578,23.92152369862424,37.147516110071145,-13.225992411446903
2024-06-04,1290.4599609375,1310.9100341796875,1285.27001953125,1302.739990234375,98900,FICO,1297.3450012207031,1303.4481188194588,1310.9100341796875,1285.27001953125,1254.709501953125,1259.5808016967774,19.764397713167455,33.67089243069041,-13.906494717522953
2024-06-05,1312.3299560546875,1351.949951171875,1309.5699462890625,1351.0699462890625,107300,FICO,1331.2299499511719,1300.3965600200809,1351.949951171875,1300.3965600200809,1255.9327014160156,1260.829676513672,20.137535982905092,30.964221141133347,-10.826685158228255
2024-06-06,1351.969970703125,1364.219970703125,1329.1099853515625,1329.8800048828125,119600,FICO,1343.7949829101562,1315.8132549856264,1364.219970703125,1315.8132549856264,1257.2031512451172,1262.0191763305663,18.510027495358827,28.473382411978445,-9.963354916619618
2024-06-07,1332.9300537109375,1332.9300537109375,1307.1199951171875,1310.3199462890625,100600,FICO,1320.8250122070312,1329.8041189478913,1332.9300537109375,1307.1199951171875,1258.0521014404296,1262.9264263916016,15.463626969200277,25.87143132342281,-10.407804354222534
2024-06-10,1307.6800537109375,1325.719970703125,1298.27001953125,1310.1500244140625,125900,FICO,1310.4550170898438,1325.3145655774613,1325.719970703125,1298.27001953125,1259.092352294922,1263.8157766723632,12.887067239654925,23.274558506669237,-10.387491267014312
2024-06-11,1298.6400146484375,1322.18994140625,1287.989990234375,1315.3299560546875,77100,FICO,1306.0374755859375,1317.8847913336526,1322.18994140625,1287.989990234375,1260.1248516845703,1264.4433264160157,11.134747841802891,20.84659637369597,-9.711848531893079
2024-06-12,1332.1500244140625,1390.5400390625,1331.8599853515625,1378.3599853515625,183700,FICO,1358.2275085449219,1311.961133459795,1390.5400390625,1311.961133459795,1262.5237017822265,1265.4376266479492,14.66299284048091,19.609875667052957,-4.946882826572047
2024-06-13,1378.4000244140625,1389.8699951171875,1358.239990234375,1379.010009765625,94700,FICO,1376.3800048828125,1335.0943210023584,1389.8699951171875,1335.0943210023584,1265.2037518310547,1266.3957019042969,17.312041521017136,19.150308837845795,-1.8382673168286594
2024-06-14,1374.2900390625,1393.25,1365.0,1390.5899658203125,111700,FICO,1380.7825012207031,1355.7371629425854,1393.25,1355.7371629425854,1268.0083520507812,1267.412651977539,20.11397596715574,19.343042263707783,0.7709337034479553
2024-06-17,1386.5799560546875,1410.6099853515625,1370.280029296875,1409.9599609375,119100,FICO,1394.3574829101562,1368.2598320816442,1410.6099853515625,1368.2598320816442,1271.3013513183594,1268.4452764892578,23.625189448924402,20.199471700751108,3.4257177481732946
2024-06-18,1411.6500244140625,1439.93994140625,1411.1500244140625,1421.800048828125,214400,FICO,1421.135009765625,1381.3086574959002,1439.93994140625,1381.3086574959002,1275.035601196289,1269.8135012817384,27.051415690030353,21.569860498606957,5.481555191423396
2024-06-20,1428.25,1428.6099853515625,1401.6700439453125,1412.760009765625,138300,FICO,1417.822509765625,1401.2218336307626,1428.6099853515625,1401.2218336307626,1278.784451904297,1271.7347512817382,28.706360019927843,22.997160402871135,5.709199617056708
2024-06-21,1418.22998046875,1436.43994140625,1406.3800048828125,1436.1099853515625,235300,FICO,1424.2899780273438,1409.5221716981937,1436.43994140625,1406.3800048828125,1283.4197515869141,1273.8532009887695,31.53850693459549,24.705429709216006,6.833077225379483
2024-06-24,1429.22998046875,1444.81005859375,1410.6600341796875,1441.5,253200,FICO,1431.5500183105469,1416.9060748627687,1444.81005859375,1410.6600341796875,1288.2571014404298,1276.0852261352538,33.827984951551116,26.52994075768303,7.298044193868087
2024-06-25,1445.3699951171875,1462.8900146484375,1442.4100341796875,1457.2900390625,183400,FICO,1451.9900207519531,1424.228046586658,1462.8900146484375,1424.228046586658,1293.823251953125,1278.596626586914,36.49583568832213,28.523119743810852,7.972715944511279
2024-06-26,1448.93994140625,1475.56005859375,1443.6800537109375,1470.0,177300,FICO,1459.5450134277344,1438.1090336693055,1475.56005859375,1438.1090336693055,1299.6182025146484,1280.9808767700194,39.18402519290544,30.65530083362977,8.528724359275667
2024-06-27,1477.530029296875,1497.9100341796875,1469.9599609375,1477.510009765625,150400,FICO,1480.7275085449219,1448.82702354852,1497.9100341796875,1448.82702354852,1306.2890026855468,1283.2982019042968,41.44270407161275,32.81278148122637,8.629922590386386
2024-06-28,1480.2900390625,1518.27001953125,1480.2900390625,1488.6600341796875,340300,FICO,1491.8775329589844,1464.7772660467208,1518.27001953125,1464.7772660467208,1312.9999530029297,1285.7046771240234,43.629503384865984,34.976125861954294,8.65337752291169
2024-07-01,1495.199951171875,1504.280029296875,1454.4100341796875,1496.510009765625,143600,FICO,1487.6000061035156,1478.3273995028526,1504.280029296875,1454.4100341796875,1319.3740026855469,1288.0450518798827,45.471814250995294,37.075263539762496,8.396550711232798
2024-07-02,1496.0,1529.6199951171875,1487.699951171875,1529.3800048828125,292400,FICO,1510.6749877929688,1482.963702803184,1529.6199951171875,1482.963702803184,1326.671401977539,1290.419826965332,49.019130759436166,39.464036983697234,9.555093775738932
2024-07-03,1531.0,1541.3699951171875,1518.4599609375,1530.06005859375,71800,FICO,1530.2225036621094,1496.8193452980763,1541.3699951171875,1496.8193452980763,1334.3411517333984,1292.6898022460937,51.29399406624475,41.83002840020674,9.463965666038007
2024-07-05,1541.5799560546875,1555.06005859375,1527.010009765625,1551.550048828125,108500,FICO,1543.8000183105469,1513.5209244800928,1555.06005859375,1513.5209244800928,1341.7841021728516,1294.8638772583008,54.20604865219866,44.30523245060513,9.900816201593528
2024-07-08,1549.22998046875,1549.3900146484375,1522.219970703125,1530.06005859375,161700,FICO,1537.7250061035156,1528.6604713953197,1549.3900146484375,1522.219970703125,1348.6041522216797,1297.0880520629883,54.15553893700235,46.275293747884575,7.8802451891177725
2024-07-09,1549.1800537109375,1575.010009765625,1536.0799560546875,1568.06005859375,317300,FICO,1557.08251953125,1533.1927387494177,1575.010009765625,1533.1927387494177,1355.995552368164,1299.9418270874023,56.5301476907714,48.32626453646194,8.203883154309459
2024-07-10,1569.8399658203125,1569.8399658203125,1496.1800537109375,1534.0899658203125,198200,FICO,1542.4874877929688,1545.137629140334,1569.8399658203125,1496.1800537109375,1364.2796020507812,1302.4802017211914,55.03651298668933,49.66831422650742,5.368198760181912
2024-07-11,1535.760009765625,1567.6199951171875,1535.760009765625,1567.52001953125,146200,FICO,1551.6650085449219,1543.8125584666514,1567.6199951171875,1535.760009765625,1372.7249517822265,1305.014226989746,55.90587454890283,50.9158262909865,4.990048257916328
2024-07-12,1571.3800048828125,1605.68994140625,1571.3800048828125,1588.52001953125,119800,FICO,1584.2424926757812,1547.7387835057866,1605.68994140625,1547.7387835057866,1381.5831018066406,1307.9497268676757,57.62510797173218,52.25768262713564,5.3674253445965405
2024-07-15,1593.4200439453125,1609.449951171875,1579.1400146484375,1590.030029296875,187300,FICO,1593.010009765625,1565.990638090784,1609.449951171875,1565.990638090784,1390.4862017822265,1311.2063021850586,58.435845956998946,53.4933152931083,4.942530663890643
2024-07-16,1596.0,1620.5,1594.510009765625,1614.77001953125,109000,FICO,1606.4450073242188,1579.5003239282046,1620.5,1579.5003239282046,1399.503201904297,1314.823927001953,60.37866444327483,54.87038512314161,5.508279320133219
2024-07-17,1616.8800048828125,1627.1099853515625,1594.8299560546875,1602.800048828125,201100,FICO,1610.4049987792969,1592.9726656262117,1627.1099853515625,1592.9726656262117,1407.929701538086,1318.1177767944337,60.2578702730907,55.94788215313143,4.309988119959272
2024-07-18,1608.010009765625,1635.6800537109375,1575.510009765625,1584.760009765625,152400,FICO,1600.9900207519531,1601.6888322027544,1635.6800537109375,1575.510009765625,1415.4741015625,1321.2805020141602,58.03744015444954,56.36579375339505,1.6716464010544883
2024-07-19,1594.1099853515625,1623.8199462890625,1588.3399658203125,1590.7900390625,191300,FICO,1599.2649841308594,1601.3394264773538,1623.8199462890625,1588.3399658203125,1422.6884509277343,1324.334151916504,56.1174195762967,56.31611891797539,-0.1986993416786902
2024-07-22,1597.8199462890625,1643.550048828125,1597.8199462890625,1632.1700439453125,155700,FICO,1617.8399963378906,1600.3022053041066,1643.550048828125,1597.8199462890625,1430.074751586914,1327.7211016845704,57.27458424701331,56.50781198378298,0.7667722632303295
2024-07-23,1635.47998046875,1658.030029296875,1625.449951171875,1628.1199951171875,159600,FICO,1636.7699890136719,1609.0711008209987,1658.030029296875,1609.0711008209987,1437.474901123047,1331.315926513672,57.205412111034775,56.64733200923334,0.558080101801437
2024-07-24,1621.800048828125,1626.2900390625,1553.7099609375,1559.239990234375,159800,FICO,1590.260009765625,1622.9205449173353,1626.2900390625,1553.7099609375,1442.915951538086,1334.4717266845703,51.00460264506046,55.51878613639877,-4.514183491338308
2024-07-25,1570.6500244140625,1591.47998046875,1551.93994140625,1576.9300537109375,111800,FICO,1572.75,1606.59027734148,1606.59027734148,1551.93994140625,1447.7293518066406,1337.3918267822266,46.97634271235552,53.81029745159012,-6.833954739234599
2024-07-26,1579.4200439453125,1612.5699462890625,1579.4200439453125,1605.93994140625,131700,FICO,1594.3374938964844,1589.67013867074,1612.5699462890625,1579.4200439453125,1452.7827014160157,1340.3221017456056,45.59913474405198,52.16806491008249,-6.568930166030512
2024-07-29,1612.5999755859375,1615.449951171875,1586.989990234375,1588.719970703125,201200,FICO,1600.9399719238281,1592.0038162836122,1615.449951171875,1586.989990234375,1457.3191510009765,1343.5654513549805,42.62680451628239,50.25981283132248,-7.633008315040087
2024-07-30,1599.97998046875,1621.969970703125,1581.9200439453125,1588.5,180700,FICO,1598.0924987792969,1596.4718941037202,1621.969970703125,1581.9200439453125,1461.4919506835938,1346.7324011230469,39.79473269181153,48.16679680342029,-8.372064111608758
2024-07-31,1617.1400146484375,1630.0,1592.27001953125,1600.0,253300,FICO,1609.8525085449219,1597.2821964415084,1630.0,1592.27001953125,1465.5327514648438,1349.66782623291,38.03975069039643,46.14138758081552,-8.101636890419087
2024-08-01,1554.6800537109375,1668.6300048828125,1528.4300537109375,1578.949951171875,261700,FICO,1582.6725158691406,1603.5673524932151,1668.6300048828125,1528.4300537109375,1468.4667016601563,1352.2881265258789,34.55205718515913,43.82352150168424,-9.271464316525112
2024-08-02,1547.0999755859375,1602.489990234375,1537.3900146484375,1600.3800048828125,144700,FICO,1571.8399963378906,1593.119934181178,1602.489990234375,1537.3900146484375,1471.7575018310547,1355.1845513916016,33.135298100331056,41.68587682141361,-8.550578721082552
2024-08-05,1554.5999755859375,1607.0799560546875,1544.989990234375,1581.8199462890625,136400,FICO,1572.1224670410156,1582.4799652595343,1607.0799560546875,1544.989990234375,1475.69580078125,1357.823726196289,30.167116956872178,39.38212484850533,-9.21500789163315
2024-08-06,1599.8900146484375,1677.010009765625,1589.9200439453125,1654.989990234375,286200,FICO,1630.4525146484375,1577.301216150275,1677.010009765625,1577.301216150275,1480.9600012207031,1361.3310263061524,33.33476068390951,38.172652015586166,-4.8378913316766585
2024-08-07,1678.25,1708.5999755859375,1659.0,1668.6300048828125,191600,FICO,1678.6199951171875,1603.8768653993561,1708.5999755859375,1603.8768653993561,1487.157801513672,1365.854626159668,36.52474185871256,37.843069984211446,-1.318328125498887
2024-08-08,1683.9300537109375,1720.5999755859375,1673.030029296875,1717.1199951171875,135300,FICO,1698.6700134277344,1641.2484302582718,1720.5999755859375,1641.2484302582718,1493.5330517578125,1370.854976196289,42.475925853580065,38.76964115808517,3.706284695494894
2024-08-09,1720.0,1759.760009765625,1714.010009765625,1752.25,215900,FICO,1736.5050048828125,1669.959221843003,1759.760009765625,1669.959221843003,1500.9061517333985,1375.9399264526367,49.45687181338917,40.90708728914598,8.549784524243194
2024-08-12,1755.800048828125,1755.800048828125,1710.4100341796875,1720.0,144000,FICO,1735.5025329589844,1703.2321133629077,1755.800048828125,1703.2321133629077,1509.2147521972656,1381.039501953125,51.79001327120659,43.083672485558104,8.706340785648486
2024-08-13,1734.3800048828125,1776.3199462890625,1734.3800048828125,1774.6600341796875,119500,FICO,1754.9349975585938,1719.367323160946,1776.3199462890625,1719.367323160946,1518.482901611328,1386.1790267944336,57.38811812831841,45.944561614110164,11.443556514208247
2024-08-14,1777.0,1812.6700439453125,1777.0,1809.75,149700,FICO,1794.1050109863281,1737.1511603597698,1812.6700439453125,1737.1511603597698,1528.6051019287108,1391.4509518432617,63.91930162165522,49.539509615619174,14.379792006036048
2024-08-15,1818.02001953125,1818.02001953125,1731.6700439453125,1733.7900390625,291800,FICO,1775.3750305175781,1765.628085673049,1818.02001953125,1731.6700439453125,1538.1657025146485,1396.4376022338868,62.24841657302568,52.081291007100475,10.167125565925204
2024-08-16,1726.9300537109375,1762.56005859375,1707.9300537109375,1751.699951171875,153000,FICO,1737.280029296875,1770.5015580953136,1770.5015580953136,1707.9300537109375,1546.2867041015625,1401.1097027587891,61.6586458733027,53.99676198034092,7.661883892961782
2024-08-19,1747.0999755859375,1761.18994140625,1738.8699951171875,1753.699951171875,138000,FICO,1750.2149658203125,1753.8907936960943,1761.18994140625,1738.8699951171875,1554.4151037597655,1405.8091275024415,60.65345634077562,55.328100852427866,5.325355488347753
2024-08-20,1760.1500244140625,1766.5400390625,1744.72998046875,1750.0,148100,FICO,1755.3550109863281,1752.0528797582033,1766.5400390625,1744.72998046875,1563.1057037353517,1410.5789025878905,58.8795544045347,56.038391562849235,2.841162841685467
2024-08-21,1745.030029296875,1759.7099609375,1732.9200439453125,1751.5999755859375,97000,FICO,1747.3150024414062,1753.7039453722657,1759.7099609375,1732.9200439453125,1571.8429034423827,1415.4676278686522,56.946386502317864,56.21999055074296,0.7263959515749008
2024-08-22,1758.0899658203125,1760.8800048828125,1732.8499755859375,1737.1600341796875,80900,FICO,1747.2449951171875,1750.5094739068359,1760.8800048828125,1732.8499755859375,1580.667053833008,1420.395952758789,53.63093043823278,55.70217852824093,-2.0712480900081474
2024-08-23,1747.9300537109375,1756.449951171875,1732.3599853515625,1745.3800048828125,72900,FICO,1745.5299987792969,1748.8772345120117,1756.449951171875,1732.3599853515625,1588.4131036376953,1425.4684027099609,51.077896365045035,54.777322095601754,-3.699425730556719
2024-08-26,1743.199951171875,1749.0899658203125,1706.27001953125,1706.27001953125,189000,FICO,1726.2074890136719,1747.2036166456542,1749.0899658203125,1706.27001953125,1595.4096533203126,1430.3067025756836,45.37568683390373,52.89699504326215,-7.521308209358423
2024-08-27,1701.550048828125,1717.5,1688.3499755859375,1714.9000244140625,201000,FICO,1705.5750122070312,1736.705552829663,1736.705552829663,1688.3499755859375,1601.905503540039,1434.9569277954101,41.07947534763389,50.5334911041365,-9.454015756502613
2024-08-28,1723.3699951171875,1725.1700439453125,1702.030029296875,1722.3499755859375,105300,FICO,1718.2300109863281,1721.1402825183472,1725.1700439453125,1702.030029296875,1608.3829541015625,1439.8421527099608,37.839653617427984,47.9947236067948,-10.155069989366815
2024-08-29,1730.0,1750.3499755859375,1710.050048828125,1713.2900390625,126300,FICO,1725.9225158691406,1719.6851467523377,1750.3499755859375,1710.050048828125,1614.4787042236328,1444.757152709961,34.14738064611038,45.22525501465792,-11.07787436854754
2024-08-30,1722.8399658203125,1730.27001953125,1696.8699951171875,1730.27001953125,119500,FICO,1720.0625,1722.803831310739,1730.27001953125,1696.8699951171875,1620.5235040283203,1449.6539779663085,32.21995860459515,42.62419573264537,-10.40423712805022
2024-09-03,1730.6099853515625,1769.02001953125,1679.5400390625,1688.4100341796875,183100,FICO,1716.89501953125,1721.4331656553695,1769.02001953125,1679.5400390625,1626.3756048583984,1454.8976782226562,27.003433004370663,39.50004318699043,-12.496610182619769
2024-09-04,1677.469970703125,1758.780029296875,1677.469970703125,1751.25,158600,FICO,1716.2424926757812,1719.1640925933098,1758.780029296875,1677.469970703125,1632.0694543457032,1460.1632778930664,27.62155485875678,37.124345521343706,-9.502790662586925
2024-09-05,1742.199951171875,1759.6300048828125,1727.0699462890625,1757.1400146484375,98900,FICO,1746.5099792480469,1717.7032926345455,1759.6300048828125,1717.7032926345455,1637.959853515625,1465.891552734375,28.260921527353275,35.351660722545624,-7.090739195192349
2024-09-06,1771.0999755859375,1779.0,1732.1199951171875,1734.010009765625,156300,FICO,1754.0574951171875,1732.1066359412962,1779.0,1732.1066359412962,1643.850103149414,1471.7341528320312,26.59465945053239,33.60026046814298,-7.005601017610587
2024-09-09,1749.030029296875,1795.199951171875,1749.030029296875,1776.489990234375,144400,FICO,1767.4375,1743.0820655292418,1795.199951171875,1743.0820655292418,1649.5843029785156,1477.9366528320313,28.37482681291749,32.55517373709788,-4.180346924180391
2024-09-10,1783.780029296875,1798.6099853515625,1760.8299560546875,1797.280029296875,100300,FICO,1785.125,1755.259782764621,1798.6099853515625,1755.259782764621,1655.449252319336,1484.2246026611328,31.104649636718705,32.26506891702205,-1.1604192803033442
2024-09-11,1792.0,1836.77001953125,1764.010009765625,1834.22998046875,133800,FICO,1806.7525024414062,1770.1923913823105,1836.77001953125,1764.010009765625,1661.8323022460938,1490.6031524658204,35.83650522307471,32.979356178232585,2.8571490448421244
2024-09-12,1840.75,1863.43994140625,1822.239990234375,1862.0799560546875,110800,FICO,1847.1274719238281,1788.4724469118582,1863.43994140625,1788.4724469118582,1668.561351928711,1497.616376953125,41.35705673806592,34.654896290199254,6.702160447866667
2024-09-13,1868.2900390625,1886.22998046875,1858.5,1868.9599609375,132500,FICO,1870.4949951171875,1817.7999594178432,1886.22998046875,1817.7999594178432,1675.3668017578125,1504.8539767456055,45.75980196994351,36.87587742614811,8.883924543795402
2024-09-16,1865.0,1895.0799560546875,1862.9599609375,1894.97998046875,109700,FICO,1879.5049743652344,1844.1474772675153,1895.0799560546875,1844.1474772675153,1682.0809008789063,1511.932501525879,50.763438088922385,39.65338955870297,11.110048530219416
2024-09-17,1894.47998046875,1907.489990234375,1868.25,1884.449951171875,170700,FICO,1888.66748046875,1861.826225816375,1907.489990234375,1861.826225816375,1689.0997503662109,1518.8519512939454,53.26516276143229,42.375744199248835,10.889418562183458
2024-09-18,1885.3399658203125,1915.0,1876.8599853515625,1900.3299560546875,129000,FICO,1894.3824768066406,1875.2468531425625,1915.0,1875.2468531425625,1695.8457495117189,1525.9206509399414,55.88497407372074,45.07759017414322,10.807383899577523
2024-09-19,1935.97998046875,1946.800048828125,1917.469970703125,1929.2099609375,122300,FICO,1932.364990234375,1884.8146649746016,1946.800048828125,1884.8146649746016,1703.643299560547,1533.961450805664,59.604485046094396,47.982969148533456,11.62151589756094
2024-09-20,1925.1700439453125,1951.4000244140625,1923.949951171875,1934.6300048828125,294800,FICO,1933.7875061035156,1908.5898276044882,1951.4000244140625,1908.5898276044882,1711.2857495117187,1542.0053506469726,62.271746606456645,50.8407246401181,11.431021966338548
2024-09-23,1949.510009765625,1962.8299560546875,1939.8199462890625,1947.3800048828125,111100,FICO,1949.8849792480469,1921.188666854002,1962.8299560546875,1921.188666854002,1718.598599243164,1550.0908505249024,64.66892593031343,53.60636489815717,11.062561032156268
2024-09-24,1950.0400390625,1950.0400390625,1911.219970703125,1916.9000244140625,133800,FICO,1932.0500183105469,1935.5368230510244,1950.0400390625,1911.219970703125,1725.3793994140624,1557.9328005981445,63.37863862893005,55.56081964431175,7.817818984618299
2024-09-25,1916.9000244140625,1934.75,1907.4100341796875,1909.8499755859375,108200,FICO,1917.2275085449219,1933.7934206807856,1934.75,1907.4100341796875,1731.5950494384765,1565.5491256713867,61.08306902897675,56.66526952124475,4.417799507731999
2024-09-26,1926.8699951171875,1928.5999755859375,1910.0,1923.81005859375,116400,FICO,1922.3200073242188,1925.5104646128539,1928.5999755859375,1910.0,1737.833349609375,1572.8815255737304,59.70206734269664,57.27262908553513,2.4294382571615074
2024-09-27,1923.1099853515625,1925.530029296875,1908.8699951171875,1919.6500244140625,107600,FICO,1919.2900085449219,1923.9152359685363,1925.530029296875,1908.8699951171875,1744.1993493652344,1579.8367254638672,57.60786594631736,57.33967645769158,0.2681894886257794
2024-09-30,1921.6099853515625,1946.75,1917.27001953125,1943.52001953125,91600,FICO,1932.2875061035156,1921.602622256729,1946.75,1917.27001953125,1750.8597998046876,1586.774125366211,57.21476912435628,57.314694991024524,-0.09992586666824366
2024-10-01,1953.5699462890625,1962.9599609375,1906.0,1915.68994140625,184500,FICO,1934.5549621582031,1926.9450641801222,1962.9599609375,1906.0,1757.1940991210938,1593.634425354004,54.03470391057658,56.65869677493494,-2.6239928643583568
2024-10-02,1907.56005859375,1944.7900390625,1902.97998046875,1938.1600341796875,106400,FICO,1923.3725280761719,1930.7500131691627,1944.7900390625,1902.97998046875,1762.9261499023437,1600.2005255126953,52.71990575737004,55.87093857142196,-3.1510328140519164
2024-10-03,1938.0,1941.780029296875,1918.5999755859375,1935.949951171875,109500,FICO,1933.5824890136719,1927.0612706226673,1941.780029296875,1918.5999755859375,1769.7925994873046,1606.3542755126953,50.91269367936434,54.87928959301044,-3.9665959136461026
2024-10-04,1941.4300537109375,1948.2900390625,1886.199951171875,1913.3800048828125,121500,FICO,1922.3250122070312,1930.3218798181697,1948.2900390625,1886.199951171875,1776.7840997314454,1612.256725769043,47.11613358744762,53.32665839189788,-6.210524804450259
2024-10-07,1920.75,1975.9000244140625,1918.550048828125,1955.0,138800,FICO,1942.5500183105469,1926.3234460126005,1975.9000244140625,1918.550048828125,1783.7483502197265,1618.265525817871,46.92479827022339,52.046286367562985,-5.1214880973395935
2024-10-08,1973.1099853515625,1996.239990234375,1968.31005859375,1989.5799560546875,132500,FICO,1981.8099975585938,1934.4367321615737,1996.239990234375,1934.4367321615737,1791.365750732422,1624.3424508666992,48.99865115972102,51.43675932599459,-2.4381081662735724
2024-10-09,2000.0,2043.5999755859375,2000.0,2024.989990234375,114900,FICO,2017.1474914550781,1958.1233648600837,2043.5999755859375,1958.1233648600837,1799.7468505859374,1630.6194006347657,52.889807561442694,51.72736897308422,1.1624385883584765
2024-10-10,2008.280029296875,2010.0,1976.739990234375,1984.52001953125,163100,FICO,1994.885009765625,1987.635428157581,2010.0,1976.739990234375,1807.4475006103517,1636.4901260375977,52.10732779090176,51.80336073664773,0.3039670542540307
2024-10-11,1998.3900146484375,2031.0,1991.199951171875,2031.0,203600,FICO,2012.8974914550781,1991.260218961603,2031.0,1991.199951171875,1816.0520001220702,1642.2593508911132,54.60826284806035,52.36434115893026,2.24392168913009
2024-10-14,2051.31005859375,2085.199951171875,2042.3900146484375,2068.909912109375,118300,FICO,2061.9524841308594,2002.0788552083404,2085.199951171875,2002.0788552083404,1825.8542498779298,1648.8058758544921,58.96952104859838,53.685377136863885,5.284143911734496
2024-10-15,2090.0,2103.699951171875,2057.199951171875,2061.050048828125,123000,FICO,2077.9874877929688,2032.0156696696,2103.699951171875,2032.0156696696,1835.9715502929687,1655.8336755371095,61.08744625964869,55.165790961420846,5.92165529822784
2024-10-16,2050.300048828125,2055.9599609375,2036.0,2051.780029296875,118500,FICO,2048.510009765625,2055.001578731284,2055.9599609375,2036.0,1844.3327001953126,1662.6463507080077,61.31114740245562,56.394862249627806,4.916285152827811
2024-10-17,2056.2900390625,2060.010009765625,2012.3499755859375,2038.949951171875,115700,FICO,2041.8999938964844,2051.7557942484545,2060.010009765625,2012.3499755859375,1851.5983001708985,1669.3780508422851,59.76422728041007,57.06873525578426,2.695492024625807
2024-10-18,2041.0899658203125,2041.0899658203125,1969.699951171875,1973.4599609375,206200,FICO,2006.3349609375,2046.8278940724695,2046.8278940724695,1969.699951171875,1857.7515991210937,1675.642325439453,52.646906285405294,56.18436946170847,-3.537463176303177
2024-10-21,1964.6199951171875,1998.2900390625,1961.0,1994.449951171875,185900,FICO,1979.5899963378906,2026.5814275049847,2026.5814275049847,1961.0,1862.6132989501953,1681.7597253417969,48.145108073993924,54.57651718416557,-6.431409110171643
2024-10-22,1978.7900390625,2045.9000244140625,1978.7900390625,2027.8199462890625,220100,FICO,2007.8250122070312,2003.0857119214377,2045.9000244140625,1978.7900390625,1868.0597485351564,1688.637250366211,46.73138990546727,53.00749172842591,-6.276101822958644
2024-10-23,2020.18994140625,2020.18994140625,1991.530029296875,1998.6600341796875,200400,FICO,2007.6424865722656,2005.4553620642346,2020.18994140625,1991.530029296875,1873.1138983154297,1695.7983999633789,42.765077668916774,50.959008916524084,-8.19393124760731
2024-10-24,2020.6199951171875,2024.4300537109375,1993.0999755859375,1994.050048828125,190400,FICO,2008.0500183105469,2006.54892431825,2024.4300537109375,1993.0999755859375,1877.392798461914,1702.9989501953125,38.80246865019649,48.527700863258566,-9.725232213062078
2024-10-25,2015.0799560546875,2025.9200439453125,1989.0899658203125,1999.969970703125,139800,FICO,2007.5149841308594,2007.2994713143985,2025.9200439453125,1989.0899658203125,1882.0355975341797,1710.100650024414,35.72791154977244,45.96774300056134,-10.239831450788898
2024-10-28,2012.43994140625,2018.6700439453125,1996.5,1996.8800048828125,100800,FICO,2006.1224975585938,2007.407227722629,2018.6700439453125,1996.5,1887.4124468994141,1716.8495755004883,32.66542182958892,43.30727876636686,-10.641856936777941
2024-10-29,2000.8499755859375,2023.3900146484375,2000.8499755859375,2021.8599853515625,151000,FICO,2011.7374877929688,2006.7648626406112,2023.3900146484375,2000.8499755859375,1892.6428973388672,1723.5290005493164,31.886484771913956,41.02311996747628,-9.136635195562327
2024-10-30,2007.219970703125,2034.4599609375,2000.199951171875,2006.989990234375,100800,FICO,2012.2174682617188,2009.25117521679,2034.4599609375,2000.199951171875,1897.780146484375,1730.4429251098634,29.726617269835742,38.76381942794818,-9.037202158112436
2024-10-31,2000.0,2026.5899658203125,1993.0899658203125,1993.1099853515625,123200,FICO,2003.1974792480469,2010.7343217392545,2026.5899658203125,1993.0899658203125,1902.8977960205077,1737.3703497314452,26.588411660520478,36.32873787446264,-9.740326213942161
2024-11-01,1995.25,2011.8699951171875,1985.3800048828125,1988.9100341796875,128300,FICO,1995.3525085449219,2006.9659004936507,2011.8699951171875,1985.3800048828125,1907.8599462890625,1744.263500061035,23.49166287984758,33.761322875539626,-10.269659995692045
2024-11-04,1986.300048828125,1999.6199951171875,1978.4000244140625,1990.93994140625,139500,FICO,1988.8150024414062,2001.1592045192863,2001.1592045192863,1978.4000244140625,1912.7256463623046,1750.569375,20.95965386599937,31.200989073631575,-10.241335207632204
2024-11-05,1992.0,2023.1300048828125,1989.1099853515625,2009.75,124400,FICO,2003.4974975585938,1994.9871034803464,2023.1300048828125,1989.1099853515625,1918.271446533203,1756.8405499267578,20.23754716045164,29.00830069099559,-8.77075353054395
2024-11-06,2059.0,2098.340087890625,2042.47998046875,2090.6298828125,233700,FICO,2072.6124877929688,1999.24230051947,2098.340087890625,1999.24230051947,1925.6121960449218,1763.7588497924805,25.893123189176777,28.385265190631827,-2.4921420014550506
2024-11-07,2123.840087890625,2188.929931640625,2036.6500244140625,2176.10009765625,344200,FICO,2131.3800354003906,2035.9273941562194,2188.929931640625,2035.9273941562194,1933.875196533203,1771.1290753173828,36.847188518999474,30.07764985630536,6.769538662694114
2024-11-08,2203.5,2351.97998046875,2203.5,2332.2900390625,275900,FICO,2272.8175048828125,2083.653714778305,2351.97998046875,2083.653714778305,1944.8130963134765,1779.6459002685547,57.469118920709434,35.55594366918618,21.913175251523256
2024-11-11,2355.610107421875,2359.77001953125,2316.360107421875,2350.0,152600,FICO,2345.43505859375,2178.235609830559,2359.77001953125,2178.235609830559,1957.3205474853517,1788.9220257568359,74.38374368150016,43.321503671648976,31.062240009851187
2024-11-12,2350.0,2369.050048828125,2324.2900390625,2348.10009765625,148100,FICO,2347.8600463867188,2261.8353342121545,2369.050048828125,2261.8353342121545,1969.9398480224609,1798.1577264404298,86.63670541616193,51.98454402055157,34.652161395610364
2024-11-13,2348.22998046875,2402.52001953125,2342.6201171875,2348.449951171875,135100,FICO,2360.4550170898438,2304.8476902994366,2402.52001953125,2304.8476902994366,1982.8240985107423,1807.4467764282226,95.27719987144656,60.64307519073056,34.63412468071599
2024-11-14,2344.52001953125,2364.3798828125,2305.300048828125,2323.169921875,82900,FICO,2334.3424682617188,2332.6513536946404,2364.3798828125,2305.300048828125,1994.5807482910157,1816.2703009033203,98.9443974651931,68.30333964562307,30.641057819570037
2024-11-15,2295.050048828125,2295.050048828125,2246.320068359375,2261.0,185700,FICO,2274.3550415039062,2333.4969109781796,2333.4969109781796,2246.320068359375,2004.98669921875,1824.418401184082,95.73056252479273,73.78878422145701,21.941778303335724
2024-11-18,2261.0,2305.300048828125,2250.260009765625,2272.31005859375,98000,FICO,2272.217529296875,2303.925976241043,2305.300048828125,2250.260009765625,2015.0822998046874,1832.3333013916015,93.0238809917887,77.63580357552335,15.388077416265347
2024-11-19,2252.27001953125,2304.52001953125,2252.27001953125,2284.429931640625,130300,FICO,2273.3724975585938,2288.071752768959,2304.52001953125,2252.27001953125,2024.8472497558594,1840.1482510375977,90.80998782873849,80.27064042616638,10.539347402572105
2024-11-20,2292.5,2310.070068359375,2232.3798828125,2309.60009765625,102200,FICO,2286.1375122070312,2280.7221251637766,2310.070068359375,2232.3798828125,2034.4349499511718,1848.1336260986327,90.04846098339294,82.2262045376117,7.82225644578125
2024-11-21,2317.199951171875,2353.010009765625,2297.530029296875,2337.830078125,95200,FICO,2326.3925170898438,2283.429818685404,2353.010009765625,2283.429818685404,2044.0202508544921,1856.2908013916015,90.67759410795543,83.91648245168045,6.761111656274977
2024-11-22,2348.3798828125,2377.739990234375,2324.320068359375,2355.35009765625,90200,FICO,2351.447509765625,2304.911167887624,2377.739990234375,2304.911167887624,2053.639301147461,1864.5030514526368,91.53475017547089,85.44013599643854,6.094614179032348
2024-11-25,2362.2099609375,2383.429931640625,2329.93994140625,2360.219970703125,283500,FICO,2358.949951171875,2328.179338826624,2383.429931640625,2328.179338826624,2063.228200683594,1872.65455078125,91.55166004207285,86.66244080556541,4.889219236507444
2024-11-26,2354.639892578125,2390.449951171875,2352.409912109375,2382.39990234375,202600,FICO,2369.9749145507812,2343.5646449992496,2390.449951171875,2343.5646449992496,2072.854349365234,1880.9770498657226,92.29092402806964,87.78813745006626,4.502786578003381
2024-11-27,2382.39990234375,2382.39990234375,2329.280029296875,2354.0,94100,FICO,2362.0199584960938,2356.769779775015,2382.39990234375,2329.280029296875,2082.2070989990234,1889.026424255371,89.55285176143616,88.14108031234025,1.4117714490959088
2024-11-29,2376.679931640625,2387.199951171875,2361.360107421875,2375.030029296875,80800,FICO,2375.0675048828125,2359.3948691355545,2387.199951171875,2359.3948691355545,2091.061149291992,1897.3522244262695,88.06470230258356,88.12580471038892,-0.06110240780536458
2024-12-02,2376.669921875,2376.669921875,2315.010009765625,2332.110107421875,119400,FICO,2350.114990234375,2367.2311870091835,2376.669921875,2315.010009765625,2099.3876989746095,1905.336724243164,82.47137545672922,86.99491885965699,-4.523543402927771
2024-12-03,2313.300048828125,2345.669921875,2302.570068359375,2345.320068359375,270600,FICO,2326.7150268554688,2358.6730886217792,2358.6730886217792,2302.570068359375,2106.9242999267576,1912.761449584961,78.20308064708024,85.23655121714165,-7.033470570061411
2024-12-04,2356.909912109375,2400.0,2356.909912109375,2375.830078125,128300,FICO,2372.4124755859375,2342.694057738624,2400.0,2342.694057738624,2115.731549072266,1920.555474243164,76.40161876159755,83.46956472603284,-7.067945964435296
2024-12-05,2391.64990234375,2398.27001953125,2351.14990234375,2367.159912109375,153000,FICO,2377.0574340820312,2357.5532666622807,2398.27001953125,2351.14990234375,2124.928147583008,1928.2615985107423,73.42790610635075,81.46123300209642,-8.033326895745674
2024-12-06,2368.0,2400.0,2360.64990234375,2371.830078125,110000,FICO,2375.1199951171875,2367.3053503721558,2400.0,2360.64990234375,2133.9841473388674,1935.908748474121,70.6338378551236,79.29575397270186,-8.661916117578258
2024-12-09,2353.820068359375,2361.830078125,2206.699951171875,2227.110107421875,189000,FICO,2287.3650512695312,2371.2126727446716,2371.2126727446716,2206.699951171875,2141.3456481933595,1942.772498779297,56.09519597422468,74.65564237300643,-18.56044639878175
2024-12-10,2232.97998046875,2250.449951171875,2162.22998046875,2172.68994140625,270800,FICO,2204.5874633789062,2329.2888620071017,2329.2888620071017,2162.22998046875,2146.7916473388673,1948.8257235717774,39.724050818721935,67.66932406214953,-27.945273243427593
2024-12-11,2183.260009765625,2216.050048828125,2175.1201171875,2196.050048828125,156900,FICO,2192.6200561523438,2266.938162693004,2266.938162693004,2175.1201171875,2151.95294921875,1954.573524169922,28.308443658534543,59.797147981426534,-31.48870432289199
2024-12-12,2176.570068359375,2211.14990234375,2169.800048828125,2190.919921875,157500,FICO,2187.1099853515625,2229.779109422674,2229.779109422674,2169.800048828125,2157.227698364258,1960.0769241333007,18.63274765177357,51.56426791549595,-32.931520263722376
2024-12-13,2189.360107421875,2202.820068359375,2156.14990234375,2168.889892578125,120300,FICO,2179.3049926757812,2208.4445473871183,2208.4445473871183,2156.14990234375,2162.1421484375,1965.9673739624022,9.0823538831728,43.06788510903132,-33.98553122585852
2024-12-16,2163.530029296875,2178.77001953125,2161.639892578125,2170.489990234375,147800,FICO,2168.6074829101562,2193.8747700314498,2193.8747700314498,2161.639892578125,2167.0677978515623,1971.925948791504,1.62399215233836,34.77910651769273,-33.15511436535437
2024-12-17,2154.780029296875,2166.610107421875,2132.72998046875,2138.179931640625,233900,FICO,2148.0750122070312,2181.241126470803,2181.241126470803,2132.72998046875,2171.178297729492,1977.4633239746095,-6.815401252829361,26.460204963588314,-33.27560621641767
2024-12-18,2146.06005859375,2146.06005859375,2044.4599609375,2051.10009765625,192700,FICO,2096.9200439453125,2164.658069338917,2164.658069338917,2044.4599609375,2173.4804986572267,1982.4231246948243,-20.296332685798916,17.10889743371087,-37.40523011950978
2024-12-19,2055.139892578125,2091.9599609375,2036.6500244140625,2044.8900146484375,223000,FICO,2057.1599731445312,2130.7890566421147,2130.7890566421147,2036.6500244140625,2174.2807482910157,1987.0137994384766,-31.122410000733908,7.462635946821914,-38.58504594755582
2024-12-20,2030.0,2090.97998046875,2030.0,2090.97998046875,298700,FICO,2060.489990234375,2093.974514893323,2093.974514893323,2030.0,2175.5928479003906,1991.520174255371,-35.57301563787178,-1.144494370116824,-34.42852126775495
2024-12-23,2080.1201171875,2091.320068359375,2059.60009765625,2080.429931640625,71800,FICO,2077.8675537109375,2077.232252563849,2091.320068359375,2059.60009765625,2176.892249145508,1996.472124633789,-39.496166221486874,-8.814828740390833,-30.68133748109604
2024-12-24,2086.719970703125,2105.199951171875,2083.070068359375,2104.989990234375,39400,FICO,2094.9949951171875,2077.5499031373934,2105.199951171875,2077.5499031373934,2177.553099365234,2001.703674621582,-40.16055398497201,-15.08397378930707,-25.076580195664942
2024-12-26,2093.449951171875,2093.449951171875,2058.18994140625,2062.7099609375,129100,FICO,2076.949951171875,2086.27244912729,2093.449951171875,2058.18994140625,2177.5323486328125,2006.7519494628907,-43.596181447453546,-20.786415320936367,-22.80976612651718
2024-12-27,2054.2900390625,2054.2900390625,2017.0,2037.3299560546875,103700,FICO,2040.7275085449219,2081.6112001495826,2081.6112001495826,2017.0,2177.3766986083983,2010.8546994018554,-47.8157055588822,-26.192273368525534,-21.623432190356667
2024-12-30,2007.27001953125,2031.5,1981.0,2013.6500244140625,105200,FICO,2008.3550109863281,2061.169354347252,2061.169354347252,1981.0,2176.7057989501955,2014.1520495605469,-52.46568958835451,-31.44695661249133,-21.018732975863177
2024-12-31,2012.6700439453125,2012.6700439453125,1974.4100341796875,1990.9300537109375,168400,FICO,1997.6700439453125,2034.76218266679,2034.76218266679,1974.4100341796875,2176.5325006103517,2017.1420498657226,-57.323359187895676,-36.6222371275722,-20.701122060323478
2025-01-02,2005.0,2029.0,1985.18994140625,1995.9200439453125,160100,FICO,2003.7774963378906,2016.2161133060513,2029.0,1985.18994140625,2177.0162506103516,2019.8147747802734,-60.07790612966119,-41.31337092799,-18.764535201671187
2025-01-03,2003.1099853515625,2020.0,1958.949951171875,1966.260009765625,197200,FICO,1987.0799865722656,2009.996804821971,2020.0,1958.949951171875,2176.6013500976565,2022.3305493164062,-63.91742106270431,-45.83418095493286,-18.083240107771445
2025-01-06,1976.0899658203125,1980.050048828125,1944.4200439453125,1968.010009765625,186400,FICO,1967.1425170898438,1998.5383956971182,1998.5383956971182,1944.4200439453125,2175.791350708008,2024.4526245117188,-66.05758323460213,-49.87886141086672,-16.178721823735415
2025-01-07,1968.010009765625,1970.1400146484375,1923.4200439453125,1935.1600341796875,139900,FICO,1949.1825256347656,1982.840456393481,1982.840456393481,1923.4200439453125,2174.614000854492,2026.003399658203,-69.60206637061265,-53.82350240281591,-15.778563967796735
2025-01-08,1925.25,1969.219970703125,1924.47998046875,1964.4200439453125,165500,FICO,1945.8424987792969,1966.0114910141233,1969.219970703125,1924.47998046875,2173.380551147461,2027.7080743408203,-69.25176529791429,-56.90915498183559,-12.342610316078698
2025-01-10,1944.6800537109375,1944.6800537109375,1908.0,1917.6300048828125,111500,FICO,1928.7475280761719,1955.92699489671,1955.92699489671,1908.0,2171.8330517578124,2029.6227493286133,-71.92065771263333,-59.911455527995145,-12.009202184638184
2025-01-13,1889.6400146484375,1915.3499755859375,1881.280029296875,1911.97998046875,120500,FICO,1899.5625,1942.337261486441,1942.337261486441,1881.280029296875,2169.589552001953,2031.1162246704102,-73.64277585163882,-62.657719592723886,-10.98505625891493
2025-01-14,1928.6500244140625,1961.56005859375,1925.3699951171875,1949.530029296875,99500,FICO,1941.2775268554688,1920.9498807432205,1961.56005859375,1920.9498807432205,2168.170753173828,2032.9754498291015,-71.15733430643195,-64.3576425354655,-6.799691770966447
2025-01-15,2016.969970703125,2030.469970703125,1983.3499755859375,2030.469970703125,238100,FICO,2015.3149719238281,1931.1137037993446,2030.469970703125,1931.1137037993446,2168.413103027344,2035.6554495239259,-61.942393789245216,-63.87459278622145,1.9321989969762328
2025-01-16,2034.68994140625,2066.679931640625,1963.5400390625,1969.6800537109375,197800,FICO,2008.6474914550781,1973.2143378615865,2066.679931640625,1963.5400390625,2168.679002685547,2038.2694744873047,-58.86615292997999,-62.87290481497316,4.006751884993172
2025-01-17,2007.949951171875,2007.949951171875,1876.1700439453125,1900.5400390625,362500,FICO,1948.1524963378906,1990.9309146583323,2007.949951171875,1876.1700439453125,2167.8657525634767,2040.2956994628905,-61.30059612695527,-62.55844307736959,1.2578469504143186
2025-01-21,1910.0400390625,1916.5899658203125,1876.8900146484375,1894.18994140625,381300,FICO,1899.427490234375,1969.5417054981115,1969.5417054981115,1876.8900146484375,2165.784352416992,2042.0278994750977,-63.01590162278285,-62.64993478645224,-0.3659668363306068
2025-01-22,1918.0899658203125,1918.0899658203125,1842.18994140625,1880.3199462890625,283200,FICO,1889.6724548339844,1934.4845978662433,1934.4845978662433,1842.18994140625,2162.1255517578124,2043.8688739013671,-64.74811036392998,-63.069569901947794,-1.6785404619821875
2025-01-23,1880.3199462890625,1880.3199462890625,1831.22998046875,1854.5999755859375,405600,FICO,1861.6174621582031,1912.0785263501139,1912.0785263501139,1831.22998046875,2156.730300292969,2045.302748413086,-67.4191193156314,-63.93947978468452,-3.4796395309468835
2025-01-24,1855.3299560546875,1865.1199951171875,1800.6700439453125,1814.8499755859375,400700,FICO,1833.9924926757812,1886.8479942541585,1886.8479942541585,1800.6700439453125,2147.9538000488283,2046.3834481811523,-71.91442126564675,-65.53446808087698,-6.379953184769775
2025-01-27,1802.02001953125,1842.6500244140625,1787.5699462890625,1842.6400146484375,275600,FICO,1818.7200012207031,1860.4202434649699,1860.4202434649699,1787.5699462890625,2137.419498901367,2047.3700231933594,-72.3999747056514,-66.90756940583186,-5.492405299819538
2025-01-28,1830.510009765625,1883.6199951171875,1820.0,1851.0999755859375,214100,FICO,1846.3074951171875,1839.5701223428364,1883.6199951171875,1820.0,2127.3884478759765,2048.6641479492187,-71.28045445188695,-67.78214641504289,-3.4983080368440653
2025-01-29,1850.0,1867.1300048828125,1837.1099853515625,1860.2099609375,179100,FICO,1853.6124877929688,1842.938808730012,1867.1300048828125,1837.1099853515625,2117.251597290039,2050.0378479003907,-68.86430209451805,-67.99857755093792,-0.8657245435801286
2025-01-30,1872.68994140625,1884.8499755859375,1859.52001953125,1866.4200439453125,120700,FICO,1870.8699951171875,1848.2756482614905,1884.8499755859375,1848.2756482614905,2107.9821478271483,2051.281448059082,-65.69113562479356,-67.53708916570905,1.8459535409154881
2025-01-31,1876.1099853515625,1903.7900390625,1866.050048828125,1873.56005859375,199100,FICO,1879.8775329589844,1859.572821689339,1903.7900390625,1859.572821689339,2100.09259765625,2052.5396484375,-61.886845790520965,-66.40704049067143,4.520194700150469
2025-02-03,1832.4200439453125,1846.050048828125,1794.199951171875,1827.9599609375,266800,FICO,1825.1575012207031,1869.7251773241617,1869.7251773241617,1794.199951171875,2091.1513970947267,2053.116848449707,-61.838628260002224,-65.4933580445376,3.654729784535377
2025-02-04,1816.6300048828125,1829.6700439453125,1791.989990234375,1809.699951171875,242400,FICO,1811.9974975585938,1847.4413392724323,1847.4413392724323,1791.989990234375,2081.9238970947267,2053.385573425293,-62.55277623579968,-64.90524168279002,2.3524654469903368
2025-02-05,1649.3399658203125,1890.3399658203125,1610.4000244140625,1847.800048828125,660200,FICO,1749.4700012207031,1829.719418415513,1890.3399658203125,1610.4000244140625,2071.190546875,2052.812748413086,-59.3601177002613,-63.79621688628428,4.436099186022979
2025-02-06,1847.800048828125,1892.199951171875,1841.199951171875,1887.300048828125,325300,FICO,1867.125,1789.5947098181082,1892.199951171875,1789.5947098181082,2062.005196533203,2053.012723693848,-53.03128132398183,-61.64322977382379,8.611948449841961
2025-02-07,1888.6800537109375,1889.0799560546875,1813.1300048828125,1858.8599853515625,179000,FICO,1862.4375,1828.359854909054,1889.0799560546875,1813.1300048828125,2052.224996337891,2052.932148742676,-49.737169211648734,-59.26201766138878,9.524848449740048
2025-02-10,1870.0,1875.0,1851.8599853515625,1857.3499755859375,213700,FICO,1863.552490234375,1845.398677454527,1875.0,1845.398677454527,2042.3170471191406,2052.7726239013673,-46.7099634159199,-56.75160681229501,10.041643396375107
2025-02-11,1861.27001953125,1861.27001953125,1790.1600341796875,1797.1700439453125,194600,FICO,1827.467529296875,1854.475583844451,1861.27001953125,1790.1600341796875,2031.4668994140625,2052.1606243896485,-48.606592015488104,-55.12260385293363,6.516011837445525
2025-02-12,1772.31005859375,1792.5999755859375,1755.6199951171875,1767.4100341796875,212300,FICO,1771.9850158691406,1840.9715565706629,1840.9715565706629,1755.6199951171875,2019.6662005615235,2050.9366497802735,-51.912651190009,-54.48061332034871,2.5679621303397084
2025-02-13,1785.0799560546875,1812.5999755859375,1761.4599609375,1802.7900390625,149600,FICO,1790.4824829101562,1806.4782862199017,1812.5999755859375,1761.4599609375,2007.9745001220704,2049.517824707031,-51.08893475557716,-53.8022776073944,2.713342851817245
2025-02-14,1800.0,1816.4300537109375,1789.43994140625,1799.18994140625,99600,FICO,1801.2649841308594,1798.480384565029,1816.4300537109375,1789.43994140625,1996.9975,2048.1925994873045,-50.148550071485715,-53.07153210021267,2.922982028726956
2025-02-18,1789.0,1800.2900390625,1770.5699462890625,1794.239990234375,124400,FICO,1788.5249938964844,1799.8726843479442,1800.2900390625,1770.5699462890625,1986.2336993408203,2046.578999633789,-49.235155895991284,-52.304256859368394,3.0691009633771102
2025-02-19,1794.239990234375,1794.239990234375,1745.2900390625,1755.260009765625,200400,FICO,1772.2575073242188,1794.1988391222144,1794.239990234375,1745.2900390625,1974.2305999755858,2044.9810745239258,-51.067963392515594,-52.05699816599784,0.9890347734822456
2025-02-20,1740.050048828125,1744.52001953125,1706.969970703125,1725.5400390625,149400,FICO,1729.27001953125,1783.2281732232166,1783.2281732232166,1706.969970703125,1961.2748516845704,2043.101499633789,-54.29277646277683,-52.50415382535364,-1.7886226374231882
2025-02-21,1724.4000244140625,1724.4000244140625,1687.199951171875,1698.1099853515625,157600,FICO,1708.5274963378906,1756.2490963772334,1756.2490963772334,1687.199951171875,1947.9430017089844,2040.9635745239257,-58.38877074305287,-53.68107720889349,-4.707693534159382
2025-02-24,1703.77001953125,1740.0,1679.68994140625,1732.199951171875,183900,FICO,1713.9149780273438,1732.388296357562,1740.0,1679.68994140625,1936.4740002441406,2038.90982421875,-58.213056501272376,-54.587473067369274,-3.6255834339031026
2025-02-25,1729.6700439453125,1822.949951171875,1715.27001953125,1816.760009765625,251700,FICO,1771.1625061035156,1723.1516371924529,1822.949951171875,1715.27001953125,1927.8055010986327,2037.29857421875,-50.666460253067726,-53.803270504508966,3.13681025144124
2025-02-26,1875.0,1924.3199462890625,1862.6600341796875,1869.969970703125,223000,FICO,1882.9874877929688,1747.1570716479841,1924.3199462890625,1747.1570716479841,1921.6128497314453,2036.7828994750976,-39.93182003791526,-51.028980411190226,11.097160373274967
2025-02-27,1870.0,1895.31005859375,1827.5799560546875,1836.1800537109375,149600,FICO,1857.2675170898438,1815.0722797204764,1895.31005859375,1815.0722797204764,1915.0160003662108,2036.1218493652343,-33.76191786259528,-47.57556790147124,13.813650038875956
2025-02-28,1832.9000244140625,1886.3499755859375,1832.9000244140625,1886.3499755859375,248500,FICO,1859.625,1836.16989840516,1886.3499755859375,1832.9000244140625,1908.6224005126953,2035.3822744750976,-24.541038711132614,-42.968662063403514,18.4276233522709
2025-03-03,1890.06005859375,1914.5,1851.8199462890625,1864.8800048828125,215200,FICO,1880.3150024414062,1847.89744920258,1914.5,1847.89744920258,1902.8565509033203,2034.9621743774414,-18.749737452416866,-38.124877141206184,19.375139688789318
2025-03-04,1848.5899658203125,1919.5999755859375,1846.050048828125,1871.030029296875,247500,FICO,1871.3175048828125,1864.1062258219931,1919.5999755859375,1846.050048828125,1897.3214007568358,2034.2498492431641,-13.50812070156121,-33.20152585327719,19.69340515171598
2025-03-05,1870.800048828125,1887.3599853515625,1856.52001953125,1873.010009765625,196900,FICO,1871.9225158691406,1867.7118653524028,1887.3599853515625,1856.52001953125,1892.8214501953125,2033.1509744262696,-9.089555053650884,-28.37913169335193,19.289576639701046
2025-03-06,1833.72998046875,1874.6500244140625,1809.8499755859375,1816.510009765625,183300,FICO,1833.6849975585938,1869.8171906107718,1874.6500244140625,1809.8499755859375,1888.3519506835937,2031.3163494873047,-10.031253704961728,-24.70955609567389,14.678302390712162
2025-03-07,1819.6099853515625,1859.760009765625,1767.199951171875,1834.1300048828125,213600,FICO,1820.1749877929688,1851.7510940846828,1859.760009765625,1767.199951171875,1883.5456506347657,2029.569249267578,-9.249151855985701,-21.61747524773625,12.36832339175055
2025-03-10,1790.6099853515625,1790.6099853515625,1688.800048828125,1695.3499755859375,279000,FICO,1741.3424987792969,1835.9630409388258,1835.9630409388258,1688.800048828125,1876.8151495361328,2026.8536993408204,-19.60176212498891,-21.214332623186785,1.6125704981978757
2025-03-11,1695.3499755859375,1751.3699951171875,1676.8599853515625,1722.8499755859375,280400,FICO,1711.6074829101562,1788.6527698590612,1788.6527698590612,1676.8599853515625,1869.147399291992,2023.3502493286132,-25.295667468225247,-22.030599592194477,-3.26506787603077
2025-03-12,1756.02001953125,1792.1600341796875,1731.4100341796875,1779.0,266000,FICO,1764.6475219726562,1750.1301263846087,1792.1600341796875,1731.4100341796875,1862.9013507080078,2020.21684967041,-24.989230476553757,-22.622325769066336,-2.3669047074874214
2025-03-13,1770.0,1770.0,1720.5799560546875,1743.5400390625,159300,FICO,1751.0299987792969,1757.3888241786326,1770.0,1720.5799560546875,1857.1074005126952,2017.2420495605468,-27.293081791750637,-23.556476973603196,-3.736604818147441
2025-03-14,1759.0,1814.6800537109375,1757.530029296875,1799.9000244140625,145900,FICO,1782.7775268554688,1754.2094114789647,1814.6800537109375,1754.2094114789647,1852.5958508300782,2014.6508248901366,-24.29110798738725,-23.70340317636001,-0.5877048110272405
2025-03-17,1797.8900146484375,1872.31005859375,1797.8900146484375,1845.8499755859375,200600,FICO,1828.4850158691406,1768.4934691672167,1872.31005859375,1768.4934691672167,1849.2121502685548,2012.872325439453,-17.996789295187682,-22.562080400125545,4.565291104937863
2025-03-18,1836.77001953125,1851.43994140625,1794.0699462890625,1813.6099853515625,131300,FICO,1823.9724731445312,1798.4892425181788,1851.43994140625,1794.0699462890625,1845.6160498046875,2011.3161502075195,-15.432102483298422,-21.13608481676012,5.703982333461699
2025-03-19,1827.4300537109375,1885.469970703125,1824.9300537109375,1872.989990234375,154200,FICO,1852.7050170898438,1811.230857831355,1885.469970703125,1811.230857831355,1842.9285504150391,2009.7649502563477,-8.510001571841258,-18.61086816777635,10.100866595935091
2025-03-20,1849.9599609375,1880.0899658203125,1849.0899658203125,1853.4599609375,141500,FICO,1858.1499633789062,1831.9679374605994,1880.0899658203125,1831.9679374605994,1840.7486993408204,2008.270025024414,-4.547674117067572,-15.798229357634595,11.250555240567023
2025-03-21,1841.8399658203125,1859.699951171875,1818.3499755859375,1853.2900390625,216000,FICO,1843.2949829101562,1845.0589504197528,1859.699951171875,1818.3499755859375,1838.6309484863282,2006.6224746704102,-1.40501618535518,-12.919586723178712,11.514570537823532
2025-03-24,1886.5400390625,1906.9200439453125,1879.1500244140625,1897.6600341796875,166000,FICO,1892.5675354003906,1844.1769666649545,1906.9200439453125,1844.1769666649545,1837.56544921875,2005.4730001831056,4.612678570324533,-9.413133664478064,14.025812234802597
2025-03-25,1897.0,1925.0,1893.280029296875,1919.6400146484375,142900,FICO,1908.7300109863281,1868.3722510326725,1925.0,1868.3722510326725,1837.1650988769532,2004.499075317383,11.028219301537092,-5.324863071275033,16.353082372812125
2025-03-26,1919.6400146484375,1919.6400146484375,1865.550048828125,1887.0,129000,FICO,1897.95751953125,1888.5511310095003,1919.6400146484375,1865.550048828125,1837.132999267578,2003.3612756347657,13.325200537209867,-1.594850349578053,14.92005088678792
2025-03-27,1886.719970703125,1890.4599609375,1849.989990234375,1872.280029296875,88800,FICO,1874.8624877929688,1893.2543252703751,1893.2543252703751,1849.989990234375,1835.804698486328,2001.987725830078,13.798732896108959,1.4838662995593497,12.31486659654961
2025-03-28,1874.0899658203125,1874.0899658203125,1811.9599609375,1835.239990234375,140100,FICO,1848.844970703125,1884.058406531672,1884.058406531672,1811.9599609375,1832.475298461914,2000.444200744629,11.05772256380942,3.398637552409364,7.659085011400057
2025-03-31,1814.7099609375,1850.9300537109375,1784.6099853515625,1844.1600341796875,198400,FICO,1823.6025085449219,1866.4516886173985,1866.4516886173985,1784.6099853515625,1828.774398803711,1998.726700744629,9.495763871020472,4.6180628161315855,4.877701054888886
2025-04-01,1835.0999755859375,1872.6300048828125,1825.3499755859375,1868.469970703125,129300,FICO,1850.3874816894531,1845.0270985811603,1872.6300048828125,1825.3499755859375,1826.8190985107422,1997.3424255371094,10.103047422745021,5.715059737454273,4.3879876852907485
2025-04-02,1843.8299560546875,1892.6300048828125,1824.510009765625,1889.8900146484375,105300,FICO,1862.7149963378906,1847.7072901353067,1892.6300048828125,1824.510009765625,1826.0848486328125,1995.9346005249024,12.172426389987095,7.006533067960838,5.165893322026257
2025-04-03,1820.0,1853.530029296875,1797.8800048828125,1801.050048828125,152500,FICO,1818.1150207519531,1855.2111432365987,1855.2111432365987,1797.8800048828125,1824.6536999511718,1993.3896258544921,6.568068747431198,6.91884020385491,-0.3507714564237121
2025-04-04,1757.199951171875,1765.0,1673.5899658203125,1673.97998046875,300700,FICO,1717.4424743652344,1836.663081994276,1836.663081994276,1673.5899658203125,1821.7702001953126,1989.2502502441407,-8.034303163552067,3.928211530373515,-11.962514693925582
2025-04-07,1612.9000244140625,1769.4100341796875,1585.1800537109375,1713.199951171875,334800,FICO,1670.1725158691406,1777.052778179755,1777.052778179755,1585.1800537109375,1818.4938006591797,1983.223800354004,-16.254690295115097,-0.10836883472420729,-16.14632146039089
2025-04-08,1770.0,1792.280029296875,1642.6400146484375,1677.1099853515625,210300,FICO,1720.5075073242188,1723.6126470244478,1792.280029296875,1642.6400146484375,1816.52955078125,1976.9745248413085,-25.388897540038442,-5.164474575787055,-20.22442296425139
2025-04-09,1665.4300537109375,1870.8499755859375,1662.1199951171875,1848.0,306600,FICO,1761.6000061035156,1722.0600771743334,1870.8499755859375,1662.1199951171875,1814.8354010009766,1971.1119244384765,-18.62374367119969,-7.856328394869582,-10.767415276330109
2025-04-10,1810.8800048828125,1880.0,1799.0899658203125,1850.06005859375,194400,FICO,1835.0075073242188,1741.8300416389245,1880.0,1741.8300416389245,1814.4633013916016,1965.8574493408203,-12.946837889887775,-8.874430293873221,-4.072407596014553
2025-04-11,1831.8800048828125,1902.8599853515625,1824.3399658203125,1888.449951171875,230900,FICO,1861.8824768066406,1788.4187744815717,1902.8599853515625,1788.4187744815717,1814.2835510253906,1961.1328494262696,-5.28913579983714,-8.157371395066006,2.8682355952288656
2025-04-14,1904.0,1943.4300537109375,1892.02001953125,1932.739990234375,209500,FICO,1918.0475158691406,1825.1506256441062,1943.4300537109375,1825.1506256441062,1815.0469506835936,1957.5697741699219,4.303871925841804,-5.665122730884445,9.968994656726249
2025-04-15,1935.0,1957.1700439453125,1911.780029296875,1923.9300537109375,221400,FICO,1931.9700317382812,1871.5990707566234,1957.1700439453125,1871.5990707566234,1817.1832012939453,1954.167299194336,11.067927236958894,-2.318512737315777,13.386439974274671
2025-04-16,1900.800048828125,1936.8299560546875,1882.2900390625,1899.780029296875,177200,FICO,1904.9250183105469,1901.7845512474523,1936.8299560546875,1882.2900390625,1819.0417517089843,1950.4828244018554,14.314772872331105,1.0081443846135993,13.306628487717505
2025-04-17,1913.9300537109375,1931.0699462890625,1888.27001953125,1908.68994140625,151100,FICO,1910.489990234375,1903.3547847789996,1931.0699462890625,1888.27001953125,1822.2621514892578,1946.7263491821288,17.406228705096282,4.287761248710136,13.118467456386146
2025-04-21,1891.6700439453125,1896.8199462890625,1791.22998046875,1816.0799560546875,127100,FICO,1848.9499816894531,1906.9223875066873,1906.9223875066873,1791.22998046875,1821.8986511230469,1941.951923828125,12.242256765911634,5.878660352150436,6.363596413761198
2025-04-22,1848.9200439453125,1886.47998046875,1838.3299560546875,1872.9000244140625,116400,FICO,1861.6575012207031,1877.9361845980702,1886.47998046875,1838.3299560546875,1821.883051147461,1937.0540237426758,12.589551933213897,7.220838668363129,5.3687132648507685
2025-04-23,1943.1199951171875,1971.1199951171875,1919.0,1926.06005859375,168400,FICO,1939.8250122070312,1869.7968429093867,1971.1199951171875,1869.7968429093867,1823.408501586914,1932.8627743530274,16.958865096480395,9.168443953986582,7.790421142493813
2025-04-24,1940.030029296875,1951.9300537109375,1922.010009765625,1936.81005859375,181700,FICO,1937.6950378417969,1904.810927558209,1951.9300537109375,1904.810927558209,1825.6130517578124,1928.5399755859376,21.046402587968487,11.544035680782963,9.502366907185523
2025-04-25,1933.1400146484375,1956.75,1885.6199951171875,1952.31005859375,182400,FICO,1931.9550170898438,1921.252982700003,1956.75,1885.6199951171875,1828.8124517822266,1924.239326171875,25.245511419328523,14.284330828492076,10.961180590836447
2025-04-28,1952.0,1955.739990234375,1920.0899658203125,1943.27001953125,201300,FICO,1942.7749938964844,1926.6039998949234,1955.739990234375,1920.0899658203125,1831.8583020019532,1919.9164010620118,27.526570647809194,16.9327787923555,10.593791855453695
2025-04-29,1948.0,1978.81005859375,1946.5799560546875,1961.5,198500,FICO,1958.7225036621094,1934.689496895704,1978.81005859375,1934.689496895704,1835.0074523925782,1916.002476196289,30.45427565739874,19.637078165364148,10.817197492034591
2025-04-30,1910.0,2016.780029296875,1910.0,1989.6800537109375,270100,FICO,1956.6150207519531,1946.7060002789067,2016.780029296875,1910.0,1838.3692529296875,1912.301476135254,34.6489858537343,22.63945970303818,12.009526150696122
2025-05-01,1999.6300048828125,2046.449951171875,1946.1600341796875,2001.6800537109375,197900,FICO,1998.4800109863281,1951.66051051543,2046.449951171875,1946.1600341796875,1842.8937030029297,1908.5621514892578,38.49784443087765,25.811136648606077,12.686707782271572
2025-05-02,2025.5,2072.52001953125,2023.5,2048.169921875,204400,FICO,2042.4224853515625,1975.070260750879,2072.52001953125,1975.070260750879,1849.156752319336,1905.215802001953,44.78320351801358,29.605550022487577,15.177653495526002
2025-05-05,2037.9200439453125,2112.050048828125,2037.9200439453125,2080.409912109375,170000,FICO,2067.0750122070312,2008.7463730512209,2112.050048828125,2008.7463730512209,1856.3277026367186,1902.1353521728515,51.7691313284206,34.03826628367418,17.730865044746416
2025-05-06,2053.56005859375,2090.0,2035.93994140625,2060.860107421875,116500,FICO,2060.0900268554688,2037.910692629126,2090.0,2035.93994140625,1863.2512036132812,1899.862601928711,55.092946403344285,38.24920230760821,16.843744095736078
2025-05-07,2057.89990234375,2101.219970703125,2056.81005859375,2095.030029296875,160000,FICO,2077.739990234375,2049.0003597422974,2101.219970703125,2049.0003597422974,1869.3827532958985,1898.5941271972656,59.79504091186459,42.558370028459485,17.236670883405104
2025-05-08,2105.0,2129.64990234375,2089.530029296875,2105.760009765625,184800,FICO,2107.4849853515625,2063.370174988336,2129.64990234375,2063.370174988336,1873.8727032470704,1897.7427764892577,63.65354598115414,46.77740521899842,16.87614076215572
2025-05-09,2105.85009765625,2131.169921875,2083.639892578125,2088.219970703125,139200,FICO,2102.219970703125,2085.4275801699496,2131.169921875,2083.639892578125,1878.771752319336,1896.8938763427734,64.5519893326641,50.33232204173156,14.219667290932549
2025-05-12,2150.860107421875,2150.860107421875,2116.989990234375,2130.0,182000,FICO,2137.1775512695312,2093.8237754365373,2150.860107421875,2093.8237754365373,1884.3228033447265,1896.472601928711,67.85314256527681,53.83648614644061,14.016656418836199
2025-05-13,2135.0,2173.31005859375,2131.6298828125,2136.030029296875,150900,FICO,2143.9924926757812,2115.5006633530343,2173.31005859375,2115.5006633530343,1889.596353149414,1896.2264520263673,70.14728897274108,57.09864671170071,13.04864226104037
2025-05-14,2141.340087890625,2170.0,2113.06005859375,2125.89990234375,108200,FICO,2137.5750122070312,2129.7465780144075,2170.0,2113.06005859375,1894.9215032958984,1896.1214520263673,70.3371965267986,59.74635667472029,10.590839852078318
2025-05-15,2139.590087890625,2188.510009765625,2139.590087890625,2180.43994140625,161800,FICO,2162.0325317382812,2133.6607951107194,2188.510009765625,2133.6607951107194,1900.7237036132813,1896.7725769042968,74.03519335018495,62.604124009813226,11.431069340371728
2025-05-16,2193.43994140625,2210.929931640625,2180.340087890625,2201.889892578125,163800,FICO,2196.6499633789062,2147.8466634245005,2210.929931640625,2147.8466634245005,1907.9830029296875,1898.1674768066407,77.79988561754385,65.64327633135936,12.15660928618449
2025-05-19,2190.0,2217.60009765625,2178.7900390625,2206.010009765625,201900,FICO,2198.1000366210938,2172.2483134017034,2217.60009765625,2172.2483134017034,1915.54150390625,1899.5435772705077,80.19149277510382,68.55291962010826,11.63857315499557
2025-05-20,2191.760009765625,2199.919921875,1900.0,2027.0,579400,FICO,2079.6699829101562,2185.174175011399,2199.919921875,1900.0,1922.308053588867,1899.5616015625,66.87139512208682,68.21661472050397,-1.3452195984171453
2025-05-21,1964.5999755859375,1964.5999755859375,1658.0400390625,1707.93994140625,941700,FICO,1823.7949829101562,2132.4220789607775,2132.4220789607775,1658.0400390625,1924.5518035888672,1896.8496014404298,30.221269550311945,60.61754568646557,-30.396276136153624
2025-05-22,1720.2099609375,1800.0,1694.1099853515625,1700.3199462890625,609300,FICO,1728.6599731445312,1978.108530935467,1978.108530935467,1694.1099853515625,1923.8320526123048,1893.3667016601562,0.5545189129313712,48.60494033175873,-48.05042141882736
2025-05-23,1690.7099609375,1724.0699462890625,1672.5,1694.3599853515625,290100,FICO,1695.4099731445312,1853.384252039999,1853.384252039999,1672.5,1922.7196520996094,1889.9135263061523,-23.17041956906678,34.24986835159363,-57.420287920660414
2025-05-27,1721.8900146484375,1739.2099609375,1484.2900390625,1503.6199951171875,1000400,FICO,1612.2525024414062,1774.397112592265,1774.397112592265,1484.2900390625,1919.3091516113282,1885.9525012207032,-56.71000968540807,16.057892744193296,-72.76790242960136
2025-05-28,1543.5799560546875,1648.949951171875,1525.0,1619.93994140625,735800,FICO,1584.3674621582031,1693.3248075168358,1693.3248075168358,1525.0,1914.4268005371093,1881.819475402832,-73.06211437816728,-1.7661086802788184,-71.29600569788846
2025-05-29,1645.0,1688.7900390625,1624.68994140625,1685.0,558500,FICO,1660.8699951171875,1638.8461348375195,1688.7900390625,1624.68994140625,1911.1647509765626,1878.390400390625,-79.85099954161774,-17.383086852546604,-62.467912689071134
2025-05-30,1683.0799560546875,1750.0,1675.6400146484375,1726.280029296875,446500,FICO,1708.75,1649.8580649773535,1750.0,1649.8580649773535,1908.2856506347657,1875.6071005249023,-80.9669499731558,-30.099859476668446,-50.867090496487364
2025-06-02,1708.7099609375,1751.2900390625,1700.3299560546875,1748.260009765625,318900,FICO,1727.1474914550781,1679.3040324886767,1751.2900390625,1679.3040324886767,1905.6656011962891,1873.2071502685546,-79.16518107188904,-39.912923795712565,-39.25225727617647
2025-06-03,1743.3599853515625,1768.739990234375,1721.4200439453125,1741.550048828125,270800,FICO,1743.7675170898438,1703.2257619718775,1768.739990234375,1703.2257619718775,1903.6750518798829,1871.1530001831054,-77.3866390038379,-47.407666837337636,-29.978972166500263
2025-06-04,1735.030029296875,1764.5999755859375,1728.27001953125,1755.030029296875,193400,FICO,1745.7325134277344,1723.4966395308606,1764.5999755859375,1723.4966395308606,1900.7383514404296,1869.1519003295898,-74.03596926636101,-52.73332732314231,-21.302641943218696
2025-06-05,1757.800048828125,1785.8199462890625,1742.93994140625,1771.9000244140625,161900,FICO,1764.614990234375,1734.6145764792975,1785.8199462890625,1734.6145764792975,1897.8560510253906,1867.510574951172,-69.2213313229056,-56.030928123094974,-13.190403199810625
2025-06-06,1781.030029296875,1783.0,1760.22998046875,1775.0999755859375,176300,FICO,1774.8399963378906,1749.6147833568361,1783.0,1749.6147833568361,1895.3937005615235,1866.2633499145509,-64.4050652472522,-57.70575554792642,-6.699309699325774
2025-06-09,1780.5,1784.1099853515625,1720.72998046875,1749.4100341796875,234800,FICO,1758.6875,1762.2273898473634,1784.1099853515625,1720.72998046875,1893.0702008056642,1864.4374496459961,-61.94701660788269,-58.55400775991768,-3.3930088479650067
2025-06-10,1752.9100341796875,1788.7099609375,1733.9300537109375,1785.0,198000,FICO,1765.1375122070312,1760.4574449236816,1788.7099609375,1733.9300537109375,1891.3960516357422,1861.9356750488282,-56.476160524615125,-58.138438312857176,1.6622777882420507
2025-06-11,1780.6600341796875,1816.780029296875,1779.8299560546875,1805.0,220300,FICO,1795.5675048828125,1762.7974785653564,1816.780029296875,1762.7974785653564,1890.8353515625,1859.8048751831054,-49.95083270411078,-56.5009171911079,6.550084486997122
2025-06-12,1819.5400390625,1840.6199951171875,1772.1300048828125,1784.3699951171875,217900,FICO,1804.1650085449219,1779.1824917240845,1840.6199951171875,1772.1300048828125,1889.9109020996093,1858.3650003051757,-45.914854513978526,-54.38370465568203,8.468850141703506
2025-06-13,1755.449951171875,1799.949951171875,1746.5999755859375,1784.5699462890625,268900,FICO,1771.6424560546875,1791.6737501345033,1799.949951171875,1746.5999755859375,1888.0894512939453,1857.0871499633788,-42.213566613252624,-51.949677047196154,9.73611043394353
2025-06-16,1783.9300537109375,1833.780029296875,1783.9300537109375,1814.3900146484375,185900,FICO,1804.0075378417969,1781.6581030945954,1833.780029296875,1781.6581030945954,1887.807301635742,1856.230500793457,-36.45382201719826,-48.85050604119658,12.396684023998318
2025-06-17,1799.949951171875,1819.800048828125,1776.3299560546875,1776.93994140625,208400,FICO,1793.2549743652344,1792.8328204681961,1819.800048828125,1776.3299560546875,1889.3235516357422,1855.5468759155274,-34.51324366619383,-45.983053566196034,11.469809900002204
2025-06-18,1777.56005859375,1811.81005859375,1760.8699951171875,1763.6400146484375,219800,FICO,1778.4700317382812,1793.0438974167153,1811.81005859375,1760.8699951171875,1891.489501953125,1854.9916513061523,-33.660497022398204,-43.51854225743647,9.858045235038269
2025-06-20,1802.75,1827.760009765625,1782.4200439453125,1804.8199462890625,261300,FICO,1804.4375,1785.7569645774984,1827.760009765625,1782.4200439453125,1893.1681018066406,1854.8488262939454,-29.32378647803671,-40.679591101556525,11.355804623519816
2025-06-23,1806.9599609375,1893.030029296875,1794.239990234375,1881.25,259700,FICO,1843.8699951171875,1795.0972322887492,1893.030029296875,1794.239990234375,1894.813501586914,1854.8244512939452,-19.494920240094416,-36.4426569292641,16.947736689169687
