Date,Open,High,Low,Close,Volume,Ticker,HA_Close,HA_Open,HA_High,HA_Low,HA_50_MA,HA_100_MA,MACD_Line,Signal_Line,MACD_Hist
2022-01-03,5.239999771118164,5.440000057220459,5.21999979019165,5.440000057220459,93900,VMD,5.334999918937683,5.3399999141693115,5.440000057220459,5.21999979019165,,,0.0,0.0,0.0
2022-01-04,5.460000038146973,5.550000190734863,5.304999828338623,5.510000228881836,62700,VMD,5.456250071525574,5.337499916553497,5.550000190734863,5.304999828338623,,,0.005584059277831344,0.0011168118555662688,0.004467247422265075
2022-01-05,5.53000020980835,5.599999904632568,5.489999771118164,5.510000228881836,92700,VMD,5.5325000286102295,5.3968749940395355,5.599999904632568,5.3968749940395355,,,0.009895398492338892,0.0028725291829207935,0.007022869309418098
2022-01-06,5.510000228881836,5.53000020980835,5.300000190734863,5.429999828338623,80600,VMD,5.442500114440918,5.4646875113248825,5.53000020980835,5.300000190734863,,,0.006778661953336318,0.0036537557370038987,0.003124906216332419
2022-01-07,5.409999847412109,5.510000228881836,5.34499979019165,5.489999771118164,134200,VMD,5.43874990940094,5.4535938128829,5.510000228881836,5.34499979019165,,,0.00904584486441351,0.004732173562485821,0.004313671301927689
2022-01-10,5.489999771118164,5.550000190734863,5.329999923706055,5.550000190734863,44100,VMD,5.480000019073486,5.44617186114192,5.550000190734863,5.329999923706055,,,0.015505399480812976,0.006886818746151252,0.008618580734661725
2022-01-11,5.550000190734863,5.659999847412109,5.400000095367432,5.440000057220459,53400,VMD,5.512500047683716,5.463085940107703,5.659999847412109,5.400000095367432,,,0.01161466495996688,0.007832387988914379,0.0037822769710525016
2022-01-12,5.440000057220459,5.440000057220459,5.21999979019165,5.260000228881836,128900,VMD,5.340000033378601,5.4877929938957095,5.4877929938957095,5.21999979019165,,,-0.005924952836482866,0.0050809198238349305,-0.011005872660317797
2022-01-13,5.260000228881836,5.400000095367432,5.210000038146973,5.260000228881836,73100,VMD,5.282500147819519,5.413896513637155,5.413896513637155,5.210000038146973,,,-0.019599297801376814,0.00014487629879258174,-0.019744174100169397
2022-01-14,5.210000038146973,5.25,5.070000171661377,5.210000038146973,62700,VMD,5.185000061988831,5.348198330728337,5.348198330728337,5.070000171661377,,,-0.034078081319087516,-0.006699715224783438,-0.02737836609430408
2022-01-18,5.260000228881836,5.295000076293945,5.070000171661377,5.079999923706055,112900,VMD,5.176250100135803,5.266599196358584,5.295000076293945,5.070000171661377,,,-0.05540388287589604,-0.01644054875500596,-0.03896333412089008
2022-01-19,5.119999885559082,5.130000114440918,4.769999980926514,4.78000020980835,90500,VMD,4.950000047683716,5.2214246482471935,5.2214246482471935,4.769999980926514,,,-0.09541234978687729,-0.03223490896138023,-0.06317744082549706
2022-01-20,4.760000228881836,4.920000076293945,4.6570000648498535,4.670000076293945,102400,VMD,4.751750111579895,5.085712347965455,5.085712347965455,4.6570000648498535,,,-0.13444563394578246,-0.05267705395826068,-0.08176857998752178
2022-01-21,4.610000133514404,4.71999979019165,4.550000190734863,4.639999866485596,111200,VMD,4.629999995231628,4.918731229772675,4.918731229772675,4.550000190734863,,,-0.16588830198723414,-0.07531930356405538,-0.09056899842317877
2022-01-24,4.599999904632568,4.760000228881836,4.409999847412109,4.699999809265137,106100,VMD,4.617499947547913,4.774365612502152,4.774365612502152,4.409999847412109,,,-0.18384608576393902,-0.0970246600040321,-0.08682142575990691
2022-01-25,4.639999866485596,4.789999961853027,4.570000171661377,4.690000057220459,79000,VMD,4.672500014305115,4.695932780025032,4.789999961853027,4.570000171661377,,,-0.19661816340721217,-0.11694336068466812,-0.07967480272254404
2022-01-26,4.78000020980835,4.880000114440918,4.570000171661377,4.619999885559082,72400,VMD,4.712500095367432,4.684216397165073,4.880000114440918,4.570000171661377,,,-0.20996817339236884,-0.13554832322620827,-0.07441985016616057
2022-01-27,4.619999885559082,4.675000190734863,4.389999866485596,4.389999866485596,73700,VMD,4.518749952316284,4.6983582462662525,4.6983582462662525,4.389999866485596,,,-0.2363823630972286,-0.15571513120041236,-0.08066723189681624
2022-01-28,4.360000133514404,4.460000038146973,4.28000020980835,4.460000038146973,84800,VMD,4.390000104904175,4.608554099291268,4.608554099291268,4.28000020980835,,,-0.24879936568961902,-0.1743319780982537,-0.07446738759136531
2022-01-31,4.400000095367432,4.699999809265137,4.400000095367432,4.630000114440918,121800,VMD,4.5325000286102295,4.499277102097722,4.699999809265137,4.400000095367432,,,-0.24213120647001318,-0.1878918237726056,-0.05423938269740758
2022-02-01,4.670000076293945,4.71999979019165,4.550000190734863,4.710000038146973,61000,VMD,4.662500023841858,4.5158885653539755,4.71999979019165,4.5158885653539755,,,-0.22776577491718974,-0.19586661400152244,-0.0318991609156673
2022-02-02,4.710000038146973,4.800000190734863,4.659999847412109,4.670000076293945,107600,VMD,4.710000038146973,4.589194294597917,4.800000190734863,4.589194294597917,,,-0.2171060659576156,-0.2001145043927411,-0.016991561564874524
2022-02-03,4.670000076293945,4.682000160217285,4.5,4.519999980926514,88800,VMD,4.593000054359436,4.649597166372445,4.682000160217285,4.5,,,-0.21824611850056375,-0.20374082721430564,-0.014505291286258104
2022-02-04,4.550000190734863,4.610000133514404,4.429999828338623,4.539999961853027,62000,VMD,4.5325000286102295,4.62129861036594,4.62129861036594,4.429999828338623,,,-0.21505674673237607,-0.20600401111791974,-0.009052735614456325
2022-02-07,4.550000190734863,4.672999858856201,4.510000228881836,4.570000171661377,53900,VMD,4.575750112533569,4.576899319488085,4.672999858856201,4.510000228881836,,,-0.20771398292093757,-0.20634600547852333,-0.0013679774424142366
2022-02-08,4.599999904632568,4.679999828338623,4.519999980926514,4.659999847412109,50200,VMD,4.614999890327454,4.576324716010827,4.679999828338623,4.519999980926514,,,-0.19241453306096634,-0.20355971099501194,0.011145177934045597
2022-02-09,4.670000076293945,4.670000076293945,4.570000171661377,4.630000114440918,73700,VMD,4.635000109672546,4.59566230316914,4.670000076293945,4.570000171661377,,,-0.18062816747537447,-0.19897340229108446,0.018345234815709988
2022-02-10,4.539999961853027,4.699999809265137,4.5,4.510000228881836,95100,VMD,4.5625,4.615331206420843,4.699999809265137,4.5,,,-0.17890803525234134,-0.19496032888333584,0.016052293630994502
2022-02-11,4.5,4.590000152587891,4.380000114440918,4.420000076293945,83100,VMD,4.4725000858306885,4.588915603210422,4.590000152587891,4.380000114440918,,,-0.18270101465438504,-0.19250846603754568,0.009807451383160637
2022-02-14,4.400000095367432,4.539999961853027,4.199999809265137,4.210000038146973,133000,VMD,4.337499976158142,4.530707844520555,4.539999961853027,4.199999809265137,,,-0.20034279911324493,-0.19407533265268553,-0.0062674664605593955
2022-02-15,4.269999980926514,4.300000190734863,4.099999904632568,4.150000095367432,322400,VMD,4.205000042915344,4.434103910339349,4.434103910339349,4.099999904632568,,,-0.21666792141398705,-0.19859385040494584,-0.01807407100904121
2022-02-16,4.150000095367432,4.21999979019165,4.079999923706055,4.099999904632568,282900,VMD,4.137499928474426,4.319551976627347,4.319551976627347,4.079999923706055,,,-0.23097772850123643,-0.20507062602420398,-0.025907102477032457
2022-02-17,4.099999904632568,4.260000228881836,4.019999980926514,4.110000133514404,175600,VMD,4.122500061988831,4.2285259525508865,4.260000228881836,4.019999980926514,,,-0.23875915193798036,-0.21180833120695927,-0.02695082073102109
2022-02-18,4.079999923706055,4.130000114440918,3.990000009536743,4.03000020980835,127400,VMD,4.057500064373016,4.175513007269858,4.175513007269858,3.990000009536743,,,-0.24851656704089287,-0.219149978373746,-0.029366588667146865
2022-02-22,4.010000228881836,4.039999961853027,3.8399999141693115,3.859999895095825,122000,VMD,3.9375,4.116506535821437,4.116506535821437,3.8399999141693115,,,-0.2668904465197759,-0.228698072002952,-0.03819237451682389
2022-02-23,3.9000000953674316,3.950000047683716,3.799999952316284,3.799999952316284,106700,VMD,3.862500011920929,4.027003267910718,4.027003267910718,3.799999952316284,,,-0.2830307697916874,-0.2395646115606991,-0.04346615823098829
2022-02-24,3.75,3.8499999046325684,3.7100000381469727,3.8299999237060547,90100,VMD,3.784999966621399,3.9447516399158236,3.9447516399158236,3.7100000381469727,,,-0.2900577402238671,-0.24966323729333273,-0.04039450293053437
2022-02-25,3.8499999046325684,4.050000190734863,3.799999952316284,4.0,96400,VMD,3.925000011920929,3.8648758032686112,4.050000190734863,3.799999952316284,,,-0.27869644042820774,-0.25546987792030773,-0.023226562507900006
2022-02-28,4.0,4.050000190734863,3.8399999141693115,3.8399999141693115,148100,VMD,3.9325000047683716,3.89493790759477,4.050000190734863,3.8399999141693115,,,-0.2793826489687783,-0.2602524321300019,-0.019130216838776415
2022-03-01,3.8399999141693115,3.9600000381469727,3.809999942779541,3.890000104904175,272700,VMD,3.875,3.9137189561815706,3.9600000381469727,3.809999942779541,,,-0.2727478096873135,-0.2627515076414642,-0.009996302045849281
2022-03-02,3.930000066757202,4.039999961853027,3.8499999046325684,3.950000047683716,93500,VMD,3.9424999952316284,3.8943594780907853,4.039999961853027,3.8499999046325684,,,-0.259655016413868,-0.262132209395945,0.0024771929820769922
2022-03-03,3.9700000286102295,3.9700000286102295,3.799999952316284,3.8399999141693115,105400,VMD,3.8949999809265137,3.918429736661207,3.9700000286102295,3.799999952316284,,,-0.2552130378456354,-0.2607483750858831,0.005535337240247684
2022-03-04,3.799999952316284,3.809999942779541,3.680000066757202,3.7200000286102295,90000,VMD,3.752499997615814,3.90671485879386,3.90671485879386,3.680000066757202,,,-0.2583970849624664,-0.2602781170611998,0.001881032098733415
2022-03-07,3.7300000190734863,3.7300000190734863,3.559999942779541,3.5799999237060547,107300,VMD,3.649999976158142,3.829607428204837,3.829607428204837,3.559999942779541,,,-0.269115112183536,-0.26204551608566706,-0.0070695960978689465
2022-03-08,3.809999942779541,4.360000133514404,3.740000009536743,4.230000019073486,334500,VMD,4.035000026226044,3.7398037021814896,4.360000133514404,3.7398037021814896,,,-0.22259372861308613,-0.2541551585911509,0.03156142997806477
2022-03-09,4.360000133514404,4.53000020980835,4.300000190734863,4.400000095367432,109700,VMD,4.397500157356262,3.887401864203767,4.53000020980835,3.887401864203767,,,-0.17004741085651442,-0.23733360904422363,0.0672861981877092
2022-03-10,4.340000152587891,4.53000020980835,4.320000171661377,4.489999771118164,202900,VMD,4.420000076293945,4.1424510107800145,4.53000020980835,4.1424510107800145,,,-0.11976131983798588,-0.2138191512029761,0.09405783136499021
2022-03-11,4.539999961853027,4.570000171661377,4.360000133514404,4.429999828338623,168400,VMD,4.475000023841858,4.28122554353698,4.570000171661377,4.28122554353698,,,-0.08378490413536444,-0.18781230178945377,0.10402739765408933
2022-03-14,4.489999771118164,4.739999771118164,4.394999980926514,4.670000076293945,143600,VMD,4.573749899864197,4.378112783689419,4.739999771118164,4.378112783689419,,,-0.03549812100855121,-0.15734946563327326,0.12185134462472205
2022-03-15,4.679999828338623,4.679999828338623,4.465000152587891,4.579999923706055,107700,VMD,4.601249933242798,4.475931341776808,4.679999828338623,4.465000152587891,4.564710024595261,,-0.004441558126935696,-0.12676788413200576,0.12232632600507007
2022-03-16,4.650000095367432,4.96999979019165,4.630000114440918,4.96999979019165,130200,VMD,4.804999947547913,4.538590637509802,4.96999979019165,4.538590637509802,4.554110025167465,,0.05105222331622361,-0.0912038626423599,0.14225608595858352
2022-03-17,4.940000057220459,5.050000190734863,4.880000114440918,4.920000076293945,213100,VMD,4.947500109672546,4.6717952925288575,5.050000190734863,4.6717952925288575,4.543935025930405,,0.08995988432610336,-0.05497111324866725,0.1449309975747706
2022-03-18,4.909999847412109,5.170000076293945,4.820000171661377,5.159999847412109,243100,VMD,5.014999985694885,4.809647701100702,5.170000076293945,4.809647701100702,4.533585025072098,,0.13856319153898422,-0.016264252291136958,0.15482744383012118
2022-03-21,5.110000133514404,5.139999866485596,4.953000068664551,5.0,297100,VMD,5.050750017166138,4.912323843397793,5.139999866485596,4.912323843397793,4.525750023126602,,0.1623001174359855,0.019448621654287533,0.14285149578169795
2022-03-22,5.010000228881836,5.079999923706055,4.980000019073486,5.03000020980835,115300,VMD,5.025000095367432,4.981536930281965,5.079999923706055,4.980000019073486,4.517475026845932,,0.1814410291925812,0.05184710316194627,0.12959392603063494
2022-03-23,4.989999771118164,5.065000057220459,4.949999809265137,4.980000019073486,124700,VMD,4.9962499141693115,5.0032685128246985,5.065000057220459,4.949999809265137,4.507800024747849,,0.1903811467872174,0.07955391188700049,0.11082723490021691
2022-03-24,4.96999979019165,5.070000171661377,4.949999809265137,5.050000190734863,107600,VMD,5.009999990463257,4.999759213497005,5.070000171661377,4.949999809265137,4.497750023603439,,0.20079998598349835,0.10380312670630007,0.09699685927719828
2022-03-25,5.039999961853027,5.079999923706055,4.96999979019165,5.039999961853027,131900,VMD,5.03249990940094,5.0048796019801305,5.079999923706055,4.96999979019165,4.491600021123886,,0.2058768362010257,0.12421786860524521,0.0816589675957805
2022-03-28,5.010000228881836,5.079999923706055,4.949999809265137,5.079999923706055,112000,VMD,5.0299999713897705,5.018689755690535,5.079999923706055,4.949999809265137,4.486550017595291,,0.21069913077908975,0.14151412104001412,0.06918500973907563
2022-03-29,5.079999923706055,5.170000076293945,4.989999771118164,4.989999771118164,80000,VMD,5.057499885559082,5.024344863540152,5.170000076293945,4.989999771118164,4.484000014066696,,0.20489665275456037,0.15419062738292338,0.05070602537163699
2022-03-30,5.0,5.059999942779541,4.914999961853027,4.989999771118164,165500,VMD,4.991249918937683,5.040922374549617,5.059999942779541,4.914999961853027,4.4803000104427335,,0.19801554714839575,0.16295561133601785,0.0350599358123779
2022-03-31,4.980000019073486,5.079999923706055,4.949999809265137,4.980000019073486,105900,VMD,4.997499942779541,5.01608614674365,5.079999923706055,4.949999809265137,4.4812500083446505,,0.18957007909272683,0.16827850488735965,0.021291574205367175
2022-04-01,4.960000038146973,5.019999980926514,4.925000190734863,4.940000057220459,1012600,VMD,4.961250066757202,5.006793044761595,5.019999980926514,4.925000190734863,4.485440007448196,,0.1776020364614883,0.1701432112021854,0.007458825259302915
2022-04-04,5.0,5.039999961853027,4.960000038146973,5.010000228881836,166300,VMD,5.002500057220459,4.984021555759399,5.039999961853027,4.960000038146973,4.492890008687973,,0.17178546933066752,0.17047166282788181,0.0013138065027857027
2022-04-05,5.0,5.099999904632568,4.994999885559082,5.03000020980835,149000,VMD,5.03125,4.993260806489928,5.099999904632568,4.993260806489928,4.501165009737015,,0.1668661007484573,0.1697505504119969,-0.0028844496635395955
2022-04-06,4.989999771118164,5.28000020980835,4.940000057220459,5.199999809265137,151700,VMD,5.102499961853027,5.012255403244964,5.28000020980835,4.940000057220459,4.509765008687973,,0.17467150821765465,0.17073474197312846,0.003936766244526185
2022-04-07,5.210000038146973,5.300000190734863,5.210000038146973,5.25,119800,VMD,5.242500066757202,5.057377682548996,5.300000190734863,5.057377682548996,4.5203650081157685,,0.18278491665564545,0.17314477690963187,0.009640139746013576
2022-04-08,5.289999961853027,5.289999961853027,5.170000076293945,5.210000038146973,121200,VMD,5.240000009536743,5.149938874653099,5.289999961853027,5.149938874653099,4.534790009260178,,0.18386767654721314,0.17528935683714814,0.008578319710065008
2022-04-11,5.130000114440918,5.239999771118164,5.074999809265137,5.179999828338623,108000,VMD,5.1562498807907104,5.194969442094921,5.239999771118164,5.074999809265137,4.550115004777909,,0.18022745543427465,0.17627697655657346,0.003950478877701197
2022-04-12,5.199999809265137,5.360000133514404,5.199999809265137,5.309999942779541,115800,VMD,5.267499923706055,5.175609661442816,5.360000133514404,5.175609661442816,4.564815002679825,,0.1856919357093476,0.1781599683871283,0.007531967322219307
2022-04-13,5.309999942779541,5.579999923706055,5.275000095367432,5.539999961853027,151300,VMD,5.426249980926514,5.221554792574436,5.579999923706055,5.221554792574436,4.580090001821518,,0.20620465612776684,0.18376890593525602,0.022435750192510817
2022-04-14,5.53000020980835,5.579999923706055,5.329999923706055,5.389999866485596,136000,VMD,5.457499980926514,5.323902386750475,5.579999923706055,5.323902386750475,4.595040000677109,,0.2079601456441944,0.18860715387704372,0.01935299176715069
2022-04-18,5.320000171661377,5.429999828338623,5.320000171661377,5.380000114440918,133100,VMD,5.362500071525574,5.390701183838495,5.429999828338623,5.320000171661377,4.610430001020432,,0.20616791196097406,0.1921193054938298,0.014048606467144259
2022-04-19,5.369999885559082,5.514999866485596,5.36299991607666,5.489999771118164,110700,VMD,5.4344998598098755,5.376600627682034,5.514999866485596,5.36299991607666,4.628469997644425,,0.21118914978500136,0.19593327435206412,0.015255875432937244
2022-04-20,5.550000190734863,5.550000190734863,5.289999961853027,5.349999904632568,151300,VMD,5.435000061988831,5.405550243745955,5.550000190734863,5.289999961853027,4.64565499663353,,0.20154837354816646,0.1970562941912846,0.004492079356881867
2022-04-21,5.440000057220459,5.465000152587891,5.21999979019165,5.239999771118164,127300,VMD,5.341249942779541,5.420275152867393,5.465000152587891,5.21999979019165,4.6601799976825715,,0.18292327184524382,0.19422968972207644,-0.01130641787683262
2022-04-22,5.210000038146973,5.260000228881836,5.099999904632568,5.150000095367432,129700,VMD,5.180000066757202,5.380762547823467,5.380762547823467,5.099999904632568,4.671079996824265,,0.1590668986922381,0.18719713151610878,-0.02813023282387067
2022-04-25,5.099999904632568,5.23799991607666,5.090000152587891,5.139999866485596,124800,VMD,5.141999959945679,5.280381307290335,5.280381307290335,5.090000152587891,4.682669996023178,,0.13776554079897085,0.1773108133726812,-0.03954527257371035
2022-04-26,5.070000171661377,5.090000152587891,5.010000228881836,5.03000020980835,110200,VMD,5.050000190734863,5.211190633618006,5.211190633618006,5.010000228881836,4.694219998121262,,0.11073156367416281,0.16399496343297754,-0.05326339975881472
2022-04-27,5.039999961853027,5.059999942779541,4.96999979019165,5.019999980926514,121600,VMD,5.022499918937683,5.130595412176435,5.130595412176435,4.96999979019165,4.707919996976853,,0.0874914600482084,0.1486942627560237,-0.06120280270781531
2022-04-28,5.039999961853027,5.130000114440918,5.0,5.090000152587891,104100,VMD,5.065000057220459,5.076547665557059,5.130000114440918,5.0,4.725119997262954,,0.07387040725387273,0.13372949165559353,-0.0598590844017208
2022-04-29,5.079999923706055,5.110000133514404,4.96999979019165,4.980000019073486,126000,VMD,5.034999966621399,5.0707738613887585,5.110000133514404,4.96999979019165,4.743069998025894,,0.05358187481552168,0.11769996828757917,-0.06411809347205749
2022-05-02,4.960000038146973,5.059999942779541,4.929999828338623,5.039999961853027,166500,VMD,4.997499942779541,5.052886914005079,5.059999942779541,4.929999828338623,4.760569995641708,,0.041862001533523596,0.10253237493676806,-0.060670373403244465
2022-05-03,5.039999961853027,5.130000114440918,5.019999980926514,5.119999885559082,116800,VMD,5.077499985694885,5.02519342839231,5.130000114440918,5.019999980926514,4.780969994068146,,0.03858446508077673,0.0897427929655698,-0.051158327884793076
2022-05-04,5.150000095367432,5.71999979019165,5.114999771118164,5.639999866485596,314900,VMD,5.4062498807907104,5.051346707043598,5.71999979019165,5.051346707043598,4.81034499168396,,0.0770583655967707,0.08720590749181,-0.010147541895039289
2022-05-05,5.559999942779541,5.78000020980835,5.400000095367432,5.449999809265137,137300,VMD,5.547500014305115,5.228798293917154,5.78000020980835,5.228798293917154,4.844044991731644,,0.09116687721311934,0.08799810143607187,0.0031687757770474667
2022-05-06,5.440000057220459,5.489999771118164,5.190000057220459,5.21999979019165,59600,VMD,5.334999918937683,5.388149154111135,5.489999771118164,5.190000057220459,4.875044990777969,,0.08283403576464554,0.08696528830178661,-0.00413125253714107
2022-05-09,5.110000133514404,5.289999961853027,5.013000011444092,5.260000228881836,150100,VMD,5.16825008392334,5.361574536524409,5.361574536524409,5.013000011444092,4.899909992218017,,0.0785523968527837,0.08528271001198603,-0.0067303131592023335
2022-05-10,5.340000152587891,5.650000095367432,5.271999835968018,5.590000152587891,177900,VMD,5.463000059127808,5.264912310223874,5.650000095367432,5.264912310223874,4.930519993305206,,0.10062743268069418,0.08835165454572767,0.012275778134966511
2022-05-11,5.559999942779541,5.599999904632568,4.980000019073486,5.019999980926514,95400,VMD,5.289999961853027,5.363956184675841,5.599999904632568,4.980000019073486,4.958819992542267,,0.07130583813777136,0.08494249126413642,-0.013636653126365056
2022-05-12,4.980000019073486,5.210000038146973,4.800000190734863,5.050000190734863,140700,VMD,5.010000109672546,5.326978073264434,5.326978073264434,4.800000190734863,4.980169994831085,,0.04991365586648566,0.07793672418460627,-0.02802306831812061
2022-05-13,5.059999942779541,5.25,4.960000038146973,5.150000095367432,168900,VMD,5.105000019073486,5.168489091468491,5.25,4.960000038146973,5.004369995594025,,0.04056178287971157,0.07046173592362734,-0.029899953043915767
2022-05-16,5.329999923706055,5.539999961853027,5.329999923706055,5.409999847412109,121600,VMD,5.4024999141693115,5.1367445552709885,5.539999961853027,5.1367445552709885,5.037369993925094,,0.053513295285322116,0.0670720477959663,-0.013558752510644187
2022-05-17,5.400000095367432,5.760000228881836,5.400000095367432,5.679999828338623,182200,VMD,5.560000061988831,5.26962223472015,5.760000228881836,5.26962223472015,5.075569995641708,,0.08458911350852372,0.07057546093847779,0.014013652570045929
2022-05-18,5.559999942779541,5.78000020980835,5.480000019073486,5.510000228881836,131800,VMD,5.582500100135803,5.41481114835449,5.78000020980835,5.41481114835449,5.106519997119904,,0.09441106442748914,0.07534258163628006,0.019068482791209082
2022-05-19,5.449999809265137,5.619999885559082,5.420000076293945,5.440000057220459,123600,VMD,5.482499957084656,5.4986556242451465,5.619999885559082,5.420000076293945,5.128219993114471,,0.09544635627502984,0.07936333656403002,0.01608301971099982
2022-05-20,5.5,5.550000190734863,5.429999828338623,5.53000020980835,96700,VMD,5.502500057220459,5.490577790664901,5.550000190734863,5.429999828338623,5.149869992733001,,0.10234927395433058,0.08396052404209015,0.018388749912240432
2022-05-23,5.610000133514404,5.610000133514404,5.494999885559082,5.53000020980835,66400,VMD,5.56125009059906,5.49653892394268,5.610000133514404,5.494999885559082,5.171594994068146,,0.10659116929903156,0.08848665309347843,0.01810451620555313
2022-05-24,5.46999979019165,5.539999961853027,5.420000076293945,5.5,82900,VMD,5.482499957084656,5.52889450727087,5.539999961853027,5.420000076293945,5.189769995212555,,0.10630669826758776,0.0920506621283003,0.014256036139287456
2022-05-25,5.510000228881836,5.610000133514404,5.510000228881836,5.570000171661377,48500,VMD,5.550000190734863,5.505697232177763,5.610000133514404,5.505697232177763,5.208745000362396,4.886727512478829,0.1104564090362512,0.09573181150989049,0.014724597526360711
2022-05-26,5.630000114440918,5.829999923706055,5.599999904632568,5.730000019073486,66900,VMD,5.697499990463257,5.527848711456313,5.829999923706055,5.527848711456313,5.226595001220703,4.890352513194085,0.12521236502706845,0.10162792221332609,0.023584442813742362
2022-05-27,5.769999980926514,5.860000133514404,5.769999980926514,5.809999942779541,53100,VMD,5.802500009536743,5.612674350959785,5.860000133514404,5.612674350959785,5.243694999217987,4.893815012574196,0.1417281379647779,0.10964796536361646,0.032080172601161444
2022-05-31,5.800000190734863,5.869999885559082,5.699999809265137,5.739999771118164,87300,VMD,5.7774999141693115,5.7075871802482645,5.869999885559082,5.699999809265137,5.258944997787475,4.8962650114297865,0.14746865135364473,0.11721210256162212,0.03025654879202261
2022-06-01,5.690000057220459,5.764999866485596,5.429999828338623,5.449999809265137,158700,VMD,5.583749890327454,5.742543547208788,5.764999866485596,5.429999828338623,5.269604995250702,4.897677509188652,0.12715175005632062,0.11920003206056183,0.007951717995758792
2022-06-02,5.449999809265137,5.710000038146973,5.440000057220459,5.699999809265137,177100,VMD,5.574999928474426,5.663146718768121,5.710000038146973,5.440000057220459,5.280604991912842,4.899040009379387,0.12972794704495438,0.12130561505744035,0.008422331987514034
2022-06-03,5.670000076293945,5.880000114440918,5.614999771118164,5.760000228881836,150500,VMD,5.731250047683716,5.619073323621274,5.880000114440918,5.614999771118164,5.29530499458313,4.901552509665489,0.13505431209612784,0.12405535446517785,0.01099895763094999
2022-06-06,5.760000228881836,5.760000228881836,5.480000019073486,5.5,293200,VMD,5.6250001192092896,5.675161685652495,5.760000228881836,5.480000019073486,5.307604997158051,4.9026775103807445,0.1169475506488249,0.12263379370190726,-0.0056862430530823654
2022-06-07,5.409999847412109,5.730000019073486,5.409999847412109,5.650000095367432,190800,VMD,5.549999952316284,5.650080902430892,5.730000019073486,5.409999847412109,5.317954998016358,4.904777509570121,0.11339442549123113,0.12078592005977204,-0.007391494568540907
2022-06-08,5.610000133514404,5.960000038146973,5.550000190734863,5.71999979019165,150200,VMD,5.710000038146973,5.600040427373588,5.960000038146973,5.550000190734863,5.331554999351502,4.909052508473397,0.11490241504899501,0.11960921905761664,-0.004706804008621626
2022-06-09,5.699999809265137,5.840000152587891,5.53000020980835,5.639999866485596,156500,VMD,5.677500009536743,5.655020232760281,5.840000152587891,5.53000020980835,5.343955001831055,4.913977507948875,0.10839269882226965,0.11736591501054724,-0.008973216188277594
2022-06-10,5.53000020980835,5.590000152587891,5.389999866485596,5.409999847412109,149600,VMD,5.480000019073486,5.666260121148512,5.666260121148512,5.389999866485596,5.353730003833771,4.917015007138252,0.08370966950119829,0.11063466590867746,-0.026924996407479168
2022-06-13,5.320000171661377,5.769999980926514,5.25,5.710000038146973,280800,VMD,5.512500047683716,5.573130070110999,5.769999980926514,5.25,5.364030005931855,4.922640007138252,0.08734879656466443,0.10597749203987486,-0.018628695475210427
2022-06-14,5.699999809265137,5.699999809265137,5.329999923706055,5.460000038146973,201000,VMD,5.547499895095825,5.542815058897357,5.699999809265137,5.329999923706055,5.375755002498627,4.930597504973411,0.06926151666778324,0.09863429696545654,-0.029372780297673304
2022-06-15,5.519999980926514,5.519999980926514,5.25,5.309999942779541,249800,VMD,5.399999976158142,5.545157476996591,5.545157476996591,5.25,5.383705000877381,4.9382975047826765,0.042335446272906196,0.08737452682694648,-0.04503908055404028
2022-06-16,5.28000020980835,5.369999885559082,5.199999809265137,5.239999771118164,259600,VMD,5.272499918937683,5.472578726577367,5.472578726577367,5.199999809265137,5.388529999256134,4.9448475044965745,0.015173007668344063,0.07293422299522599,-0.05776121532688193
2022-06-17,5.210000038146973,5.53000020980835,5.210000038146973,5.429999828338623,259200,VMD,5.3450000286102295,5.372539322757525,5.53000020980835,5.210000038146973,5.393380000591278,4.951572504639626,0.008875682754512226,0.06012251494708324,-0.051246832192571014
2022-06-21,5.510000228881836,5.590000152587891,5.329999923706055,5.369999885559082,353700,VMD,5.450000047683716,5.358769675683877,5.590000152587891,5.329999923706055,5.397530000209809,4.958947504162788,-0.0009455864197018826,0.04790889467372622,-0.048854481093428104
2022-06-22,5.340000152587891,5.679999828338623,5.340000152587891,5.460000038146973,252200,VMD,5.455000042915344,5.404384861683797,5.679999828338623,5.340000152587891,5.40183000087738,4.968310005068779,-0.0014500377153394695,0.038037108195913084,-0.039487145911252554
2022-06-23,5.53000020980835,5.570000171661377,5.400000095367432,5.539999961853027,285500,VMD,5.510000109672546,5.42969245229957,5.570000171661377,5.400000095367432,5.408905005455017,4.979510005116463,0.00455302185255313,0.031340290927241096,-0.026787269074687967
2022-06-24,5.599999904632568,5.989999771118164,5.599999904632568,5.730000019073486,4294300,VMD,5.729999899864197,5.469846280986058,5.989999771118164,5.469846280986058,5.41815500497818,4.991485003829002,0.02436108708313167,0.029944450158419213,-0.005583363075287541
2022-06-27,5.699999809265137,5.809999942779541,5.619999885559082,5.789999961853027,134900,VMD,5.729999899864197,5.599923090425127,5.809999942779541,5.599923090425127,5.424230003356934,5.002160002589226,0.04438892750451018,0.03283334562763741,0.011555581876872771
2022-06-28,5.840000152587891,5.880000114440918,5.53000020980835,5.539999961853027,99400,VMD,5.697500109672546,5.664961495144662,5.880000114440918,5.53000020980835,5.429030005931854,5.012035003304481,0.03963137880325984,0.034192952262761894,0.005438426540497948
2022-06-29,5.499000072479248,5.610000133514404,5.480000019073486,5.5,157600,VMD,5.522250056266785,5.681230802408605,5.681230802408605,5.480000019073486,5.4322250056266785,5.021327503323555,0.03226143481482158,0.03380664877317383,-0.0015452139583522553
2022-06-30,5.420000076293945,5.539999961853027,5.380000114440918,5.380000114440918,198400,VMD,5.430000066757202,5.601740429337695,5.601740429337695,5.380000114440918,5.432135009765625,5.030302503705025,0.01654697005204664,0.030354713028948394,-0.013807742976901755
2022-07-01,5.409999847412109,5.579999923706055,5.400000095367432,5.429999828338623,238900,VMD,5.454999923706055,5.515870248047449,5.579999923706055,5.400000095367432,5.432535006999969,5.03909500181675,0.008035079166475612,0.02589078625645384,-0.017855707089978228
2022-07-05,5.429999828338623,5.585000038146973,5.360000133514404,5.53000020980835,147700,VMD,5.476250052452087,5.485435085876752,5.585000038146973,5.360000133514404,5.435235009193421,5.047707503437996,0.009251889340134767,0.022563006873190027,-0.01331111753305526
2022-07-06,5.480000019073486,5.940000057220459,5.449999809265137,5.920000076293945,226600,VMD,5.697499990463257,5.48084256916442,5.940000057220459,5.449999809265137,5.445585007667542,5.058332502245903,0.04121089646831777,0.026292584792215575,0.014918311676102195
2022-07-07,5.900000095367432,6.429999828338623,5.900000095367432,6.349999904632568,507800,VMD,6.144999980926514,5.589171279813838,6.429999828338623,5.589171279813838,5.465645008087158,5.074157502055169,0.1000823453795956,0.041050536909691585,0.05903180846990401
2022-07-08,6.349999904632568,6.590000152587891,6.329999923706055,6.53000020980835,83700,VMD,6.450000047683716,5.867085630370176,6.590000152587891,5.867085630370176,5.493645005226135,5.093932501673699,0.15942515909470956,0.06472546134669518,0.09469969774801437
2022-07-11,6.460000038146973,6.809999942779541,6.440000057220459,6.670000076293945,133000,VMD,6.5950000286102295,6.158542839026946,6.809999942779541,6.158542839026946,5.525095007419586,5.116507502198219,0.2152700861513317,0.09483438630762249,0.1204356998437092
2022-07-12,6.699999809265137,6.929999828338623,6.449999809265137,6.840000152587891,177100,VMD,6.729999899864197,6.376771433818588,6.929999828338623,6.376771433818588,5.558395004272461,5.141757500767707,0.27013127342254517,0.12989376373060704,0.14023750969193813
2022-07-13,6.820000171661377,7.110000133514404,6.71999979019165,7.019999980926514,228700,VMD,6.917500019073486,6.553385666841392,7.110000133514404,6.553385666841392,5.5960450053215025,5.169557501673698,0.3243942266971178,0.1687938563239092,0.15560037037320862
2022-07-14,6.96999979019165,7.170000076293945,6.945000171661377,7.059999942779541,117800,VMD,7.036249995231628,6.73544284295744,7.170000076293945,6.73544284295744,5.636820006370544,5.198695001006127,0.36640201637120295,0.20831548833336797,0.158086528037835
2022-07-15,7.159999847412109,7.230000019073486,7.070000171661377,7.210000038146973,74600,VMD,7.167500019073486,6.885846419094534,7.230000019073486,6.885846419094534,5.678620007038116,5.229795000553131,0.407104400317575,0.24807327073020938,0.15903112958736562
2022-07-18,7.179999828338623,7.480000019073486,7.175000190734863,7.369999885559082,211500,VMD,7.301249980926514,7.02667321908401,7.480000019073486,7.02667321908401,5.716520009040832,5.263432500362396,0.44711788667518526,0.28788219391920455,0.1592356927559807
2022-07-19,7.449999809265137,7.619999885559082,7.269999980926514,7.590000152587891,325500,VMD,7.482499957084656,7.163961600005262,7.619999885559082,7.163961600005262,5.7552200078964235,5.299632499814034,0.49092200256820107,0.32849015564900386,0.1624318469191972
2022-07-20,7.409999847412109,7.760000228881836,7.400000095367432,7.730000019073486,272000,VMD,7.575000047683716,7.323230778544959,7.760000228881836,7.323230778544959,5.800020010471344,5.337532500624657,0.5308149943684954,0.3689551233929022,0.16185987097559323
2022-07-21,7.730000019073486,7.8480000495910645,7.679999828338623,7.809999942779541,127600,VMD,7.766999959945679,7.449115413114337,7.8480000495910645,7.449115413114337,5.851995007991791,5.375952500104904,0.5624027739450668,0.4076446535033351,0.15475812044173165
2022-07-22,7.800000190734863,7.869999885559082,7.78000020980835,7.840000152587891,114300,VMD,7.822500109672546,7.6080576865300085,7.869999885559082,7.6080576865300085,5.899185009002686,5.414852501153946,0.5831350650060649,0.4427427358038811,0.1403923292021838
2022-07-25,7.840000152587891,7.840000152587891,7.75,7.789999961853027,128000,VMD,7.805000066757202,7.715278898101277,7.840000152587891,7.715278898101277,5.949485011100769,5.454152501821518,0.5887442799381848,0.4719430446307419,0.11680123530744291
2022-07-26,7.75,7.804999828338623,7.659999847412109,7.690000057220459,80000,VMD,7.726249933242798,7.76013948242924,7.804999828338623,7.659999847412109,6.003810007572174,5.491990001201629,0.5784524271087497,0.49324492112634344,0.08520750598240623
2022-07-27,7.650000095367432,7.784999847412109,7.559999942779541,7.760000228881836,61500,VMD,7.6887500286102295,7.743194707836019,7.784999847412109,7.559999942779541,6.0554850077629085,5.529927501678467,0.56938101847624,0.5084721405963227,0.06090887787991728
2022-07-28,7.730000019073486,7.929999828338623,7.670000076293945,7.920000076293945,88800,VMD,7.8125,7.715972368223124,7.929999828338623,7.670000076293945,6.1036850094795225,5.570527501702308,0.5685486375067068,0.5204874399783995,0.04806119752830729
2022-07-29,7.880000114440918,7.96999979019165,7.840000152587891,7.849999904632568,114600,VMD,7.884999990463257,7.764236184111562,7.96999979019165,7.764236184111562,6.150185008049011,5.61287750184536,0.5558332411444082,0.5275566002116013,0.028276640932806907
2022-08-01,7.75,7.949999809265137,7.699999809265137,7.920000076293945,134100,VMD,7.829999923706055,7.824618087287409,7.949999809265137,7.699999809265137,6.1951350045204165,5.65082750082016,0.5451208133447185,0.5310694428382248,0.014051370506493743
2022-08-02,7.860000133514404,8.0600004196167,7.809999942779541,7.960000038146973,256400,VMD,7.922500133514404,7.827309005496732,8.0600004196167,7.809999942779541,6.243935008049011,5.686077500581741,0.5337065627281685,0.5315968668162135,0.0021096959119549785
2022-08-03,7.900000095367432,7.900000095367432,6.46999979019165,6.829999923706055,429600,VMD,7.274999976158142,7.874904569505568,7.900000095367432,6.46999979019165,6.2793850064277645,5.714627499580383,0.42853918844096217,0.5109853311411633,-0.08244614270020112
2022-08-04,6.78000020980835,7.0,6.489999771118164,6.53000020980835,203000,VMD,6.700000047683716,7.574952272831855,7.574952272831855,6.489999771118164,6.302160005569458,5.736877499818802,0.317327858891443,0.47225383669121923,-0.15492597779977624
2022-08-05,6.389999866485596,6.599999904632568,6.320000171661377,6.539999961853027,105600,VMD,6.462499976158142,7.137476160257785,7.137476160257785,6.320000171661377,6.321760005950928,5.755765000581741,0.22737790446285988,0.4232786502455474,-0.1959007457826875
2022-08-08,6.5,6.599999904632568,6.28000020980835,6.550000190734863,208200,VMD,6.482500076293945,6.799988068207964,6.799988068207964,6.28000020980835,6.340410003662109,5.774577502012253,0.15511083130895464,0.36964508645822886,-0.2145342551492742
2022-08-09,6.539999961853027,6.539999961853027,6.179999828338623,6.199999809265137,108200,VMD,6.364999890327454,6.641244072250954,6.641244072250954,6.179999828338623,6.353760001659393,5.7901775014400485,0.06880342639809456,0.30947675444620204,-0.24067332804810748
2022-08-10,6.239999771118164,6.320000171661377,6.179999828338623,6.309999942779541,45300,VMD,6.262499928474426,6.503121981289204,6.503121981289204,6.179999828338623,6.3629600000381465,5.803327499628067,0.00917451951012982,0.2494163074589876,-0.24024178794885778
2022-08-11,6.300000190734863,6.380000114440918,6.119999885559082,6.239999771118164,71000,VMD,6.259999990463257,6.3828109548818155,6.3828109548818155,6.119999885559082,6.372610001564026,5.81577749967575,-0.043231897238444006,0.19088666651950129,-0.2341185637579453
2022-08-12,6.269999980926514,6.480000019073486,6.25,6.429999828338623,66200,VMD,6.357499957084656,6.321405472672536,6.480000019073486,6.25,6.38808500289917,5.828844999074936,-0.06864168474480081,0.13898099626664087,-0.20762268101144168
2022-08-15,6.349999904632568,6.539999961853027,6.260000228881836,6.5,47400,VMD,6.412500023841858,6.339452714878596,6.539999961853027,6.260000228881836,6.404835004806518,5.84271999835968,-0.08218333721987303,0.09474812956933809,-0.17693146678921112
2022-08-16,6.5,6.579999923706055,6.420000076293945,6.489999771118164,76400,VMD,6.497499942779541,6.375976369360227,6.579999923706055,6.375976369360227,6.420160002708435,5.857732498645783,-0.09265407081091759,0.057267689493286957,-0.14992176030420454
2022-08-17,6.460000038146973,6.460000038146973,6.119999885559082,6.139999866485596,130900,VMD,6.294999957084656,6.436738156069884,6.460000038146973,6.119999885559082,6.433559999465943,5.870582498311997,-0.1277219704804491,0.02026975749853975,-0.14799172797898885
2022-08-18,6.110000133514404,6.369999885559082,6.070000171661377,6.25,118600,VMD,6.200000047683716,6.36586905657727,6.369999885559082,6.070000171661377,6.446560001373291,5.882257499694824,-0.14496636019211806,-0.01277746603959181,-0.13218889415252624
2022-08-19,6.199999809265137,6.360000133514404,6.139999866485596,6.340000152587891,93300,VMD,6.259999990463257,6.282934552130493,6.360000133514404,6.139999866485596,6.457560000419616,5.894557499885559,-0.14964538428750185,-0.04015104968917382,-0.10949433459832802
2022-08-22,6.309999942779541,6.329999923706055,5.989999771118164,5.989999771118164,86100,VMD,6.154999852180481,6.271467271296875,6.329999923706055,5.989999771118164,6.467109997272491,5.905532499551773,-0.17952618420269495,-0.06802607659187805,-0.1115001076108169
2022-08-23,6.0,6.130000114440918,5.96999979019165,6.039999961853027,74100,VMD,6.034999966621399,6.213233561738678,6.213233561738678,5.96999979019165,6.47820999622345,5.915970000028611,-0.1969025656821568,-0.09380137440993382,-0.10310119127222299
2022-08-24,6.090000152587891,6.230000019073486,6.014999866485596,6.199999809265137,157600,VMD,6.133749961853027,6.124116764180038,6.230000019073486,6.014999866485596,6.490634994506836,5.927332500219345,-0.19550911530205628,-0.11414292258835831,-0.08136619271369797
2022-08-25,6.190000057220459,6.25,6.138000011444092,6.179999828338623,66400,VMD,6.1894999742507935,6.128933363016532,6.25,6.128933363016532,6.503474996089936,5.939614999294281,-0.19378479664167525,-0.1300712973990217,-0.06371349924265354
2022-08-26,6.199999809265137,6.199999809265137,6.039999961853027,6.090000152587891,30500,VMD,6.132499933242798,6.159216668633663,6.199999809265137,6.039999961853027,6.518124995231628,5.950914998054504,-0.19740492229081852,-0.14353802237738109,-0.05386689991343743
2022-08-29,5.989999771118164,6.119999885559082,5.909999847412109,5.940000057220459,155300,VMD,5.989999890327454,6.14585830093823,6.14585830093823,5.909999847412109,6.532474994659424,5.960502496957779,-0.20995739389947676,-0.15682189668180024,-0.05313549721767652
2022-08-30,5.920000076293945,6.0,5.849999904632568,5.860000133514404,96800,VMD,5.9075000286102295,6.0679290956328416,6.0679290956328416,5.849999904632568,6.543724994659424,5.968552497625351,-0.22378103486971224,-0.17021372431938264,-0.053567310550329594
2022-08-31,5.869999885559082,6.0,5.860000133514404,5.929999828338623,69000,VMD,5.914999961853027,5.9877145621215355,6.0,5.860000133514404,6.55302499294281,5.975277496576309,-0.22647729034622976,-0.18146643752475208,-0.04501085282147768
2022-09-01,5.860000133514404,5.889999866485596,5.699999809265137,5.869999885559082,72300,VMD,5.829999923706055,5.951357261987281,5.951357261987281,5.699999809265137,6.5605249905586245,5.981177495718002,-0.2307951236581518,-0.19133217475143202,-0.03946294890671978
2022-09-02,5.880000114440918,5.880000114440918,5.71999979019165,5.809999942779541,67800,VMD,5.822499990463257,5.890678592846668,5.890678592846668,5.71999979019165,6.566774988174439,5.987839996814728,-0.23633421785750564,-0.20033258337264676,-0.03600163448485888
2022-09-06,5.809999942779541,5.829999923706055,5.650000095367432,5.690000057220459,89200,VMD,5.745000004768372,5.856589291654963,5.856589291654963,5.650000095367432,6.567074990272522,5.992614997625351,-0.2475533370285783,-0.20977673410383307,-0.03777660292474522
2022-09-07,5.650000095367432,5.78000020980835,5.619999885559082,5.679999828338623,94700,VMD,5.682500004768372,5.800794648211667,5.800794648211667,5.619999885559082,6.5661249923706055,5.99517749786377,-0.254319863617245,-0.21868536000651548,-0.035634503610729534
2022-09-08,5.619999885559082,5.900000095367432,5.619999885559082,5.739999771118164,114400,VMD,5.71999990940094,5.741647326490019,5.900000095367432,5.619999885559082,6.566574988365173,5.9978024971485135,-0.2519367210519672,-0.22533563221560582,-0.026601088836361364
2022-09-09,5.809999942779541,5.894999980926514,5.679999828338623,5.71999979019165,158900,VMD,5.776249885559082,5.73082361794548,5.894999980926514,5.679999828338623,6.571654984951019,6.001939995288849,-0.24879395289322925,-0.2300272963511305,-0.018766656542098747
2022-09-12,5.789999961853027,5.949999809265137,5.78000020980835,5.829999923706055,34600,VMD,5.837499976158142,5.75353675175228,5.949999809265137,5.75353675175228,6.579804983139038,6.005969996452332,-0.2347214719996984,-0.2309661314808441,-0.0037553405188542888
2022-09-13,5.769999980926514,5.960000038146973,5.769999980926514,5.940000057220459,80100,VMD,5.860000014305115,5.795518363955211,5.960000038146973,5.769999980926514,6.587904984951019,6.010219995975494,-0.21224619601074401,-0.2272221443868241,0.014975948376080073
2022-09-14,5.980000019073486,5.980000019073486,5.789999961853027,5.800000190734863,32700,VMD,5.887500047683716,5.8277591891301626,5.980000019073486,5.789999961853027,6.596129984855652,6.015682497024536,-0.20338668199533405,-0.2224550519085261,0.01906836991319205
2022-09-15,5.78000020980835,5.849999904632568,5.71999979019165,5.829999923706055,76800,VMD,5.794999957084656,5.857629618406939,5.857629618406939,5.71999979019165,6.59807998418808,6.021832495927811,-0.19173452927336232,-0.21631094738149337,0.02457641810813105
2022-09-16,5.71999979019165,5.804999828338623,5.690000057220459,5.789999961853027,63700,VMD,5.75124990940094,5.8263147877457975,5.8263147877457975,5.690000057220459,6.590204982757569,6.027924995422364,-0.18361122105754735,-0.20977100211670419,0.02615978105915684
2022-09-19,5.78000020980835,5.78000020980835,5.659999847412109,5.75,70300,VMD,5.742500066757202,5.788782348573369,5.788782348573369,5.659999847412109,6.576054983139038,6.034849994182586,-0.17834525036895865,-0.20348585176715508,0.025140601398196433
2022-09-20,5.699999809265137,5.860000133514404,5.699999809265137,5.860000133514404,42400,VMD,5.7799999713897705,5.765641207665285,5.860000133514404,5.699999809265137,6.559754981994629,6.042424994707107,-0.1634121259266763,-0.19547110659905934,0.032058980672383025
2022-09-21,5.840000152587891,5.900000095367432,5.807000160217285,5.849999904632568,57200,VMD,5.849250078201294,5.772820589527528,5.900000095367432,5.772820589527528,6.542139985561371,6.050267494916916,-0.15064787716131178,-0.18650646071150984,0.03585858355019805
2022-09-22,5.809999942779541,5.809999942779541,5.590000152587891,5.630000114440918,89300,VMD,5.710000038146973,5.811035333864411,5.811035333864411,5.590000152587891,6.51798998594284,6.057017495632172,-0.1564804532474815,-0.1805012592187042,0.024020805971222692
2022-09-23,5.570000171661377,5.639999866485596,5.460000038146973,5.619999885559082,72700,VMD,5.572499990463257,5.7605176860056915,5.7605176860056915,5.460000038146973,6.488714985847473,6.062767496109009,-0.1600646213939152,-0.17641393165374641,0.016349310259831218
2022-09-26,5.610000133514404,5.730000019073486,5.53000020980835,5.630000114440918,45300,VMD,5.6250001192092896,5.666508838234474,5.730000019073486,5.53000020980835,6.457864987850189,6.068242497444153,-0.16025089303494777,-0.1731813239299867,0.012930430895038925
2022-09-27,5.630000114440918,5.699999809265137,5.570000171661377,5.679999828338623,37500,VMD,5.644999980926514,5.645754478721882,5.699999809265137,5.570000171661377,6.424739987850189,6.0706299984455105,-0.15458203018596883,-0.16946146518118313,0.014879434995214297
2022-09-28,5.650000095367432,5.849999904632568,5.650000095367432,5.809999942779541,40500,VMD,5.740000009536743,5.645377229824198,5.849999904632568,5.645377229824198,6.389889988899231,6.072554998397827,-0.1380086153467701,-0.16317089521430053,0.025162279867530418
2022-09-29,5.78000020980835,5.960000038146973,5.730000019073486,5.900000095367432,48000,VMD,5.84250009059906,5.692688619680471,5.960000038146973,5.692688619680471,6.355239989757538,6.077630000114441,-0.11627149906577916,-0.15379101598459627,0.03751951691881711
2022-09-30,5.849999904632568,6.035999774932861,5.849999904632568,6.0,148100,VMD,5.9339998960494995,5.7675943551397655,6.035999774932861,5.7675943551397655,6.318579988479614,6.085287498235703,-0.08993876315909155,-0.14102056541949534,0.05108180226040379
2022-10-03,6.010000228881836,6.197000026702881,5.934999942779541,5.960000038146973,102700,VMD,6.025500059127808,5.8507971255946325,6.197000026702881,5.8507971255946325,6.28263998746872,6.090912498235703,-0.07147363924145367,-0.127111180183887,0.05563754094243334
2022-10-04,6.019999980926514,6.150000095367432,5.920000076293945,5.920000076293945,50500,VMD,6.002500057220459,5.93814859236122,6.150000095367432,5.920000076293945,6.246589987277985,6.098037499189377,-0.05938302755361491,-0.1135655496578326,0.05418252210421769
2022-10-05,5.889999866485596,5.96999979019165,5.869999885559082,5.960000038146973,17600,VMD,5.922499895095825,5.970324324790839,5.970324324790839,5.869999885559082,6.2105149865150455,6.10716249704361,-0.04604271628223344,-0.10006098298271277,0.05401826670047932
2022-10-06,5.960000038146973,6.070000171661377,5.889999866485596,6.050000190734863,34300,VMD,5.992500066757202,5.946412109943332,6.070000171661377,5.889999866485596,6.176589987277985,6.116037497520447,-0.02788670278588068,-0.08562612694334636,0.05773942415746568
2022-10-07,5.960000038146973,5.985000133514404,5.885000228881836,5.929999828338623,26200,VMD,5.940000057220459,5.969456088350267,5.985000133514404,5.885000228881836,6.139139988422394,6.121412498950958,-0.02291678718603496,-0.07308425899188407,0.050167471805849115
2022-10-10,5.909999847412109,5.909999847412109,5.78000020980835,5.809999942779541,24600,VMD,5.852499961853027,5.954728072785363,5.954728072785363,5.78000020980835,6.098489987850189,6.1243374979496,-0.028334459143165347,-0.06413429902214034,0.03579983987897499
2022-10-11,5.789999961853027,5.849999904632568,5.684999942779541,5.71999979019165,27300,VMD,5.761249899864197,5.903614017319195,5.903614017319195,5.684999942779541,6.057114987373352,6.126124995946884,-0.03943567345683796,-0.05919457390907987,0.019758900452241906
2022-10-12,5.690000057220459,5.710000038146973,5.599999904632568,5.659999847412109,45500,VMD,5.664999961853027,5.832431958591696,5.832431958591696,5.599999904632568,6.011964983940125,6.127949995994568,-0.052470116876381034,-0.057849682502540106,0.005379565626159072
2022-10-13,5.599999904632568,5.840000152587891,5.550000190734863,5.800000190734863,50400,VMD,5.697500109672546,5.748715960222362,5.840000152587891,5.550000190734863,5.980414986610413,6.129899996519089,-0.050916219041144295,-0.05646298981026095,0.005546770769116652
2022-10-14,5.760000228881836,5.925000190734863,5.760000228881836,5.880000114440918,56100,VMD,5.831250190734863,5.723108034947455,5.925000190734863,5.723108034947455,5.963039989471436,6.132599997520447,-0.04273677560916589,-0.05371774697004194,0.01098097136087605
2022-10-17,5.940000057220459,6.059999942779541,5.900000095367432,5.909999847412109,27500,VMD,5.952499985694885,5.777179112841159,6.059999942779541,5.777179112841159,5.95283998966217,6.137299997806549,-0.03344820988431074,-0.0496638395528957,0.01621562966858496
2022-10-18,5.960000038146973,5.96999979019165,5.889999866485596,5.920000076293945,29100,VMD,5.934999942779541,5.864839549268022,5.96999979019165,5.864839549268022,5.941889986991883,6.1411499953269955,-0.02499192833854469,-0.044729457310025506,0.019737528971480817
2022-10-19,5.869999885559082,5.989999771118164,5.869999885559082,5.880000114440918,35600,VMD,5.9024999141693115,5.899919746023782,5.989999771118164,5.869999885559082,5.932639987468719,6.143199994564056,-0.021272708376850247,-0.04003810752339046,0.018765399146540213
2022-10-20,5.869999885559082,5.949999809265137,5.75,5.75,45300,VMD,5.829999923706055,5.901209830096547,5.949999809265137,5.75,5.923989987373352,6.143474993705749,-0.02848674507591653,-0.03772783503389568,0.009241089957979148
2022-10-21,5.699999809265137,5.889999866485596,5.699999809265137,5.849999904632568,83100,VMD,5.784999847412109,5.865604876901301,5.889999866485596,5.699999809265137,5.914489984512329,6.143549993038177,-0.02583693248967034,-0.035349654525050615,0.009512722035380276
2022-10-24,5.840000152587891,5.96999979019165,5.800000190734863,5.929999828338623,55100,VMD,5.884999990463257,5.825302362156705,5.96999979019165,5.800000190734863,5.905039985179901,6.146562494039536,-0.017084670224866372,-0.03169665766501377,0.014611987440147398
2022-10-25,5.929999828338623,6.289999961853027,5.909999847412109,6.230000019073486,44200,VMD,6.0899999141693115,5.855151176309981,6.289999961853027,5.855151176309981,5.89858998298645,6.1517124938964844,0.013898851553756586,-0.0225775558212597,0.036476407375016284
2022-10-26,6.252999782562256,6.690000057220459,6.252999782562256,6.670000076293945,43400,VMD,6.466499924659729,5.972575545239646,6.690000057220459,5.972575545239646,5.897969982624054,6.159064992666244,0.07311501874771409,-0.0034390409074649404,0.07655405965517903
2022-10-27,6.71999979019165,6.71999979019165,6.449999809265137,6.710000038146973,59000,VMD,6.6499998569488525,6.219537734949688,6.71999979019165,6.219537734949688,5.905069980621338,6.16931499004364,0.1218671122953836,0.02162218973310477,0.10024492256227883
2022-10-28,6.679999828338623,6.710000038146973,6.440000057220459,6.489999771118164,24400,VMD,6.579999923706055,6.43476879594927,6.710000038146973,6.43476879594927,5.912669978141785,6.179614989757538,0.14112451913191038,0.04552265561286589,0.09560186351904448
2022-10-31,6.420000076293945,6.599999904632568,6.389999866485596,6.550000190734863,37700,VMD,6.490000009536743,6.507384359827663,6.599999904632568,6.389999866485596,5.9172699785232545,6.187414989471436,0.15939033267260871,0.06829619102481446,0.09109414164779425
2022-11-01,6.599999904632568,6.715000152587891,6.5,6.670000076293945,39800,VMD,6.621250033378601,6.498692184682203,6.715000152587891,6.498692184682203,5.926594982147217,6.196852489709854,0.1814573816431384,0.09092842914847926,0.09052895249465914
2022-11-02,6.5,6.625,6.400000095367432,6.570000171661377,37500,VMD,6.523750066757202,6.559971109030402,6.625,6.400000095367432,5.936369984149933,6.207289990186691,0.1887012893656772,0.11048300119191885,0.07821828817375835
2022-11-03,6.519999980926514,6.809999942779541,6.519999980926514,6.78000020980835,28400,VMD,6.6575000286102295,6.541860587893802,6.809999942779541,6.519999980926514,5.946844985485077,6.218739989995957,0.2089784133951662,0.13018208363256834,0.07879632976259787
2022-11-04,6.920000076293945,6.920000076293945,6.78000020980835,6.829999923706055,36700,VMD,6.862500071525574,6.599680308252015,6.920000076293945,6.599680308252015,5.960304987430573,6.231889991760254,0.2264721098158633,0.14944008886922733,0.07703202094663597
2022-11-07,6.900000095367432,6.960000038146973,6.880000114440918,6.929999828338623,17300,VMD,6.917500019073486,6.7310901898887945,6.960000038146973,6.7310901898887945,5.976004989147186,6.247064992189407,0.24557431895016535,0.16866693488541495,0.0769073840647504
2022-11-08,6.925000190734863,7.0,6.849999904632568,6.929999828338623,30600,VMD,6.926249980926514,6.82429510448114,7.0,6.82429510448114,5.994729990959168,6.263602492809295,0.25774186948045674,0.18648192180442333,0.07125994767603341
2022-11-09,6.849999904632568,6.960000038146973,6.763000011444092,6.940000057220459,49500,VMD,6.878250002861023,6.8752725427038275,6.960000038146973,6.763000011444092,6.0141449904441835,6.278934992551804,0.2651353604394311,0.2022126095314249,0.0629227509080062
2022-11-10,7.050000190734863,7.150000095367432,6.809999942779541,6.820000171661377,28800,VMD,6.957500100135803,6.876761272782425,7.150000095367432,6.809999942779541,6.034994993209839,6.294009993076324,0.25833385552862076,0.21343685873086407,0.04489699679775669
2022-11-11,6.960000038146973,6.960000038146973,6.800000190734863,6.829999923706055,42100,VMD,6.887500047683716,6.917130686459114,6.960000038146973,6.800000190734863,6.056144995689392,6.308334993124008,0.25085876659604,0.22092124030389929,0.02993752629214072
2022-11-14,6.809999942779541,7.110000133514404,6.789999961853027,7.070000171661377,118600,VMD,6.945000052452087,6.902315367071415,7.110000133514404,6.789999961853027,6.078594996929168,6.322684992551803,0.2612887450003276,0.22899474124318497,0.03229400375714264
2022-11-15,7.150000095367432,7.25,6.822999954223633,6.989999771118164,119700,VMD,7.053249955177307,6.923657709761751,7.25,6.822999954223633,6.104759995937347,6.335917493104935,0.26010093265265777,0.23521597952507955,0.024884953127578213
2022-11-16,6.900000095367432,6.920000076293945,6.78000020980835,6.920000076293945,13600,VMD,6.880000114440918,6.98845383246953,6.98845383246953,6.78000020980835,6.128709998130798,6.347417495250702,0.25062217601078274,0.2382972188222202,0.012324957188562524
2022-11-17,6.840000152587891,7.010000228881836,6.829999923706055,6.949999809265137,55200,VMD,6.9075000286102295,6.934226973455224,7.010000228881836,6.829999923706055,6.152460000514984,6.3595174944400785,0.2427328476422197,0.23918434458622012,0.0035485030559995745
2022-11-18,6.940000057220459,7.0,6.860000133514404,6.860000133514404,21800,VMD,6.915000081062317,6.920863501032727,7.0,6.860000133514404,6.175235004425049,6.373444994688034,0.2266061023061967,0.23666869613021546,-0.01006259382401875
2022-11-21,6.869999885559082,6.960000038146973,6.78000020980835,6.920000076293945,39200,VMD,6.882500052452087,6.917931791047522,6.960000038146973,6.78000020980835,6.196135005950928,6.387969994544983,0.21617510236658521,0.2325699773774894,-0.016394875010904197
2022-11-22,6.929999828338623,6.929999828338623,6.809999942779541,6.920000076293945,22000,VMD,6.897499918937683,6.900215921749805,6.929999828338623,6.809999942779541,6.216885004043579,6.402394994497299,0.2055391325863587,0.22716380841926329,-0.02162467583290459
2022-11-23,6.949999809265137,7.210000038146973,6.829999923706055,7.199999809265137,41700,VMD,7.047499895095825,6.898857920343744,7.210000038146973,6.829999923706055,6.240085000991821,6.4181074929237365,0.21719994256722952,0.22517103524885654,-0.007971092681627018
2022-11-25,7.190000057220459,7.190000057220459,7.110000133514404,7.119999885559082,14200,VMD,7.152500033378601,6.9731789077197845,7.190000057220459,6.9731789077197845,6.2672350025177,6.43265749335289,0.21747893148660502,0.22363261449640626,-0.006153683009801236
2022-11-28,7.119999885559082,7.199999809265137,7.014999866485596,7.190000057220459,49900,VMD,7.131249904632568,7.062839470549193,7.199999809265137,7.014999866485596,6.2948350024223325,6.442519992589951,0.22080317944501093,0.22306672748612721,-0.002263548041116281
2022-11-29,7.159999847412109,7.440000057220459,6.679999828338623,7.320000171661377,91600,VMD,7.149999976158142,7.097044687590881,7.440000057220459,6.679999828338623,6.322985000610352,6.449519991874695,0.23126175116902026,0.22470573222270585,0.0065560189463144125
2022-11-30,7.28000020980835,7.369999885559082,7.21999979019165,7.340000152587891,71300,VMD,7.302500009536743,7.123522331874511,7.369999885559082,7.123522331874511,6.353435001373291,6.45659499168396,0.2384157673666527,0.22744773925149522,0.010968028115157485
2022-12-01,7.329999923706055,7.420000076293945,7.329999923706055,7.380000114440918,39000,VMD,7.365000009536743,7.213011170705627,7.420000076293945,7.213011170705627,6.38375,6.4629449927806855,0.2444946571580111,0.2308571228327984,0.013637534325212697
2022-12-02,7.340000152587891,7.429999828338623,7.289999961853027,7.400000095367432,35600,VMD,7.365000009536743,7.289005590121185,7.429999828338623,7.289005590121185,6.416849999427796,6.467419992685318,0.24806649627463173,0.2342989975211651,0.01376749875346664
2022-12-05,7.409999847412109,7.409999847412109,7.010000228881836,7.150000095367432,61100,VMD,7.245000004768372,7.327002799828964,7.409999847412109,7.010000228881836,6.450299999713898,6.469507492780686,0.22809495716344141,0.23305818944962037,-0.0049632322861789535
2022-12-06,7.190000057220459,7.190000057220459,7.005000114440918,7.090000152587891,21400,VMD,7.118750095367432,7.286001402298668,7.286001402298668,7.005000114440918,6.480174999237061,6.469019993543625,0.20506204695814745,0.22745896095132578,-0.022396913993178336
2022-12-07,7.090000152587891,7.099999904632568,6.96999979019165,7.050000190734863,34900,VMD,7.052500009536743,7.20237574883305,7.20237574883305,6.96999979019165,6.508324999809265,6.466532493829727,0.18148855001748387,0.2182648787645574,-0.03677632874707354
2022-12-08,7.110000133514404,7.199999809265137,7.074999809265137,7.139999866485596,22500,VMD,7.131249904632568,7.127437879184896,7.199999809265137,7.074999809265137,6.536149997711181,6.463019993305206,0.16813050176183708,0.20823800336401335,-0.04010750160217627
2022-12-09,7.099999904632568,7.239999771118164,7.03000020980835,7.139999866485596,37100,VMD,7.127499938011169,7.129343891908732,7.239999771118164,7.03000020980835,6.561849994659424,6.4585449922084806,0.1557487773249422,0.19774015815619914,-0.04199138083125695
2022-12-12,7.179999828338623,7.28000020980835,7.074999809265137,7.260000228881836,91600,VMD,7.198750019073486,7.128421914959951,7.28000020980835,7.074999809265137,6.587144997119903,6.452862492799759,0.15384575971140535,0.1889612784672404,-0.035115518755835046
2022-12-13,7.360000133514404,7.360000133514404,7.179999828338623,7.190000057220459,76000,VMD,7.272500038146973,7.163585967016719,7.360000133514404,7.163585967016719,6.612084996700287,6.447362492084503,0.14501750418694215,0.18017252361118075,-0.0351550194242386
2022-12-14,7.21999979019165,7.380000114440918,7.159999847412109,7.25,40000,VMD,7.252499938011169,7.218043002581846,7.380000114440918,7.159999847412109,6.637084994316101,6.441837490797043,0.1412344788645834,0.1723849146618613,-0.031150435797277887
2022-12-15,7.210000038146973,7.289999961853027,7.130000114440918,7.170000076293945,78700,VMD,7.200000047683716,7.2352714702965075,7.289999961853027,7.130000114440918,6.662634997367859,6.436574991941452,0.13027930010994915,0.16396379175147888,-0.03368449164152973
2022-12-16,7.21999979019165,7.289999961853027,7.050000190734863,7.21999979019165,84500,VMD,7.194999933242798,7.217635758990111,7.289999961853027,7.050000190734863,6.686684994697571,6.431637490987778,0.12420009962895584,0.1560110533269743,-0.03181095369801845
2022-12-19,7.25,7.340000152587891,7.119999885559082,7.340000152587891,78900,VMD,7.262500047683716,7.2063178461164545,7.340000152587891,7.119999885559082,6.713134994506836,6.4261374914646145,0.12759448600019763,0.15032773986161896,-0.022733253861421332
2022-12-20,7.340000152587891,7.710000038146973,7.199999809265137,7.630000114440918,178100,VMD,7.4700000286102295,7.234408946900086,7.710000038146973,7.199999809265137,6.74548499584198,6.421987491846084,0.15193373739613936,0.15064893936852305,0.0012847980276163018
2022-12-21,7.699999809265137,7.710000038146973,7.550000190734863,7.559999942779541,89800,VMD,7.629999995231628,7.352204487755158,7.710000038146973,7.352204487755158,6.782859997749329,6.41998749256134,0.16368745357215353,0.15325664220924917,0.010430811362904358
2022-12-22,7.570000171661377,7.570000171661377,7.210000038146973,7.300000190734863,63800,VMD,7.4125001430511475,7.491102241493393,7.570000171661377,7.210000038146973,6.817810001373291,6.414887492656708,0.15029010051478586,0.15266333387035652,-0.0023732333555706586
2022-12-23,7.349999904632568,7.480000019073486,7.230000019073486,7.449999809265137,38000,VMD,7.377499938011169,7.451801192272271,7.480000019073486,7.230000019073486,6.851409997940063,6.415912492275238,0.150046672668668,0.1521400016300188,-0.00209332896135081
2022-12-27,7.400000095367432,7.605000019073486,7.360000133514404,7.590000152587891,41800,VMD,7.488750100135803,7.41465056514172,7.605000019073486,7.360000133514404,6.884559996128083,6.423799992799759,0.15931413781020698,0.15357482886605645,0.005739308944150534
2022-12-28,7.53000020980835,7.559999942779541,7.409999847412109,7.449999809265137,54900,VMD,7.487499952316284,7.451700332638762,7.559999942779541,7.409999847412109,6.91525999546051,6.434049992561341,0.1535913080371163,0.15357812470026844,1.318333684785511e-05
2022-12-29,7.5,7.670000076293945,7.480000019073486,7.619999885559082,40900,VMD,7.567499995231628,7.469600142477523,7.670000076293945,7.469600142477523,6.947909996509552,6.4448999917507175,0.16091854084760637,0.15504620792973603,0.005872332917870343
2022-12-30,7.619999885559082,7.730000019073486,7.526000022888184,7.559999942779541,51500,VMD,7.608999967575073,7.518550068854576,7.730000019073486,7.518550068854576,6.982039997577667,6.457339992523194,0.16003910056745596,0.15604478645728004,0.003994314110175923
2023-01-03,7.539999961853027,7.619999885559082,7.414999961853027,7.550000190734863,24100,VMD,7.53125,7.563775018214825,7.619999885559082,7.414999961853027,7.016064999103546,6.470027493238449,0.15672857197326184,0.1561815435604764,0.0005470284127854497
2023-01-04,7.610000133514404,7.710000038146973,7.550000190734863,7.659999847412109,32900,VMD,7.632500052452087,7.5475125091074124,7.710000038146973,7.5475125091074124,7.0530150032043455,6.483752493858337,0.16112367378427717,0.15716996960523655,0.003953704179040618
2023-01-05,7.619999885559082,7.710000038146973,7.559000015258789,7.690000057220459,60200,VMD,7.644749999046326,7.59000628077975,7.710000038146973,7.559000015258789,7.088210003376007,6.496624994277954,0.16512414152651633,0.15876080398949252,0.006363337537023811
2023-01-06,7.710000038146973,7.820000171661377,7.699999809265137,7.820000171661377,34900,VMD,7.762500047683716,7.617378139913038,7.820000171661377,7.617378139913038,7.121660006046295,6.510124994516373,0.17674703402610437,0.1623580499968149,0.014388984029289453
2023-01-09,7.789999961853027,7.961999893188477,7.599999904632568,7.849999904632568,44400,VMD,7.80049991607666,7.689939093798377,7.961999893188477,7.599999904632568,7.148340005874633,6.523154994249344,0.1862322187112202,0.16713288373969598,0.019099334971524218
2023-01-10,7.889999866485596,7.949999809265137,7.599999904632568,7.599999904632568,77100,VMD,7.759999871253967,7.745219504937518,7.949999809265137,7.599999904632568,7.170540006160736,6.537804993391037,0.17159830678404653,0.1680259683485661,0.0035723384354804377
2023-01-11,7.599999904632568,7.900000095367432,7.599999904632568,7.679999828338623,95800,VMD,7.694999933242798,7.752609688095743,7.900000095367432,7.599999904632568,7.192840006351471,6.552754992246628,0.16455921520758032,0.16733261772036895,-0.0027734025127886253
2023-01-12,7.789999961853027,8.25,7.789999961853027,8.180000305175781,112300,VMD,8.002500057220459,7.72380481066927,8.25,7.72380481066927,7.223090007305145,6.5701799929142,0.19705501665225889,0.17327709750674694,0.023777919145511944
2023-01-13,8.199999809265137,8.199999809265137,7.599999904632568,7.869999885559082,122200,VMD,7.967499852180481,7.863152433944864,8.199999809265137,7.599999904632568,7.250015003681183,6.5883049929142,0.1955396707303496,0.1777296121514675,0.017810058578882126
2023-01-17,7.940000057220459,8.0600004196167,7.849999904632568,7.980000019073486,28000,VMD,7.957500100135803,7.915326143062673,8.0600004196167,7.849999904632568,7.278690004348755,6.607529994249344,0.2008990010065803,0.18236348992249005,0.018535511084090267
2023-01-18,7.949999809265137,8.100000381469727,7.75,7.769999980926514,80000,VMD,7.892500042915344,7.936413121599238,8.100000381469727,7.75,7.303390004634857,6.625117495059967,0.18605631939353717,0.18310205581669947,0.0029542635768377012
2023-01-19,7.739999771118164,8.079999923706055,7.730000019073486,7.860000133514404,78000,VMD,7.852499961853027,7.914456582257291,8.079999923706055,7.730000019073486,7.3231900024414065,6.64174749493599,0.17948663720350844,0.1823789720940613,-0.00289233489055285
2023-01-20,7.820000171661377,7.914999961853027,7.769999980926514,7.880000114440918,84900,VMD,7.846250057220459,7.883478272055159,7.914999961853027,7.769999980926514,7.341765003204346,6.658884996175766,0.17388945861339522,0.18068106939792808,-0.006791610784532859
2023-01-23,8.020000457763672,8.100000381469727,7.795000076293945,8.100000381469727,153400,VMD,8.003750324249268,7.864864164637809,8.100000381469727,7.795000076293945,7.363315010070801,6.679022500514984,0.18507243733154954,0.18155934298465237,0.003513094346897172
2023-01-24,8.109999656677246,8.40999984741211,8.050000190734863,8.369999885559082,118200,VMD,8.234999895095825,7.934307244443538,8.40999984741211,7.934307244443538,7.390450007915497,6.70229749917984,0.21326336471806862,0.18790014733133564,0.025363217386732972
2023-01-25,8.380000114440918,8.430000305175781,8.210000038146973,8.380000114440918,45300,VMD,8.350000143051147,8.084653569769682,8.430000305175781,8.084653569769682,7.418300008773803,6.726647500991821,0.23371766096055158,0.19706365005717885,0.036654010903372725
2023-01-26,8.380000114440918,8.399999618530273,8.109999656677246,8.199999809265137,62700,VMD,8.272499799728394,8.217326856410414,8.399999618530273,8.109999656677246,7.446000003814698,6.751072499752045,0.23272065890334037,0.20419505182641118,0.028525607076929194
2023-01-27,8.220000267028809,8.40999984741211,8.15999984741211,8.270000457763672,312000,VMD,8.265000104904175,8.244913328069405,8.40999984741211,8.15999984741211,7.472400004863739,6.775497500896454,0.23487154197061244,0.21033034985525145,0.024541192115360988
2023-01-30,8.34000015258789,8.472999572753906,8.107000350952148,8.34000015258789,112100,VMD,8.315000057220459,8.25495671648679,8.472999572753906,8.107000350952148,7.497635006904602,6.801197501420975,0.23946412923755211,0.2161571057317116,0.02330702350584052
2023-01-31,8.430000305175781,8.65999984741211,8.239999771118164,8.489999771118164,92500,VMD,8.454999923706055,8.284978386853624,8.65999984741211,8.239999771118164,7.5291350030899045,6.828922500610352,0.25229915573414896,0.22338551573219909,0.028913640001949875
2023-02-01,8.550000190734863,8.720000267028809,8.5,8.710000038146973,96900,VMD,8.620000123977661,8.369989155279839,8.720000267028809,8.369989155279839,7.5633850049972535,6.857922502756119,0.27702976297185433,0.23411436518013015,0.04291539779172418
2023-02-02,8.65999984741211,8.770000457763672,8.479999542236328,8.59000015258789,74600,VMD,8.625,8.49499463962875,8.770000457763672,8.479999542236328,7.5975850033760075,6.886410003900528,0.28367592007392517,0.24402667615888918,0.03964924391503599
2023-02-03,8.579999923706055,8.579999923706055,8.265000343322754,8.279999732971191,177800,VMD,8.426249980926514,8.559997319814375,8.579999923706055,8.265000343322754,7.628460001945496,6.912297503948212,0.26092087099559436,0.2474055151262302,0.013515355869364143
2023-02-06,8.34000015258789,8.420000076293945,8.180000305175781,8.1899995803833,162600,VMD,8.28250002861023,8.493123650370444,8.493123650370444,8.180000305175781,7.656160004138947,6.936522504091263,0.23293988451985825,0.24451238900495584,-0.011572504485097584
2023-02-07,8.15999984741211,8.425000190734863,8.0600004196167,8.40999984741211,101700,VMD,8.263750076293945,8.387811839490336,8.425000190734863,8.0600004196167,7.6804850077629085,6.960285004377365,0.225912752491082,0.24079246170218108,-0.014879709211099074
2023-02-08,8.460000038146973,8.520000457763672,8.359999656677246,8.420000076293945,56200,VMD,8.440000057220459,8.32578095789214,8.520000457763672,8.32578095789214,7.706235008239746,6.986735005378723,0.2186303994734562,0.2363600492564361,-0.017729649782979917
2023-02-09,8.420000076293945,8.760000228881836,8.420000076293945,8.5600004196167,78500,VMD,8.540000200271606,8.3828905075563,8.760000228881836,8.3828905075563,7.734410014152527,7.01462250828743,0.2216014562691715,0.2334083306589832,-0.011806874389811706
2023-02-10,8.600000381469727,8.774999618530273,8.390000343322754,8.420000076293945,162700,VMD,8.546250104904175,8.461445353913954,8.774999618530273,8.390000343322754,7.762335016727447,7.0426600086689,0.21023571604326818,0.22877380773584022,-0.018538091692572034
2023-02-13,8.300000190734863,8.529999732971191,8.210000038146973,8.279999732971191,93700,VMD,8.329999923706055,8.503847729409063,8.529999732971191,8.210000038146973,7.782885015010834,7.068160008192063,0.1877669666434567,0.22057243951736352,-0.03280547287390681
2023-02-14,8.199999809265137,8.5600004196167,8.199999809265137,8.510000228881836,69700,VMD,8.367500066757202,8.416923826557559,8.5600004196167,8.199999809265137,7.802935016155243,7.093342508077622,0.186371069019458,0.21373216541778242,-0.02736109639832443
2023-02-15,8.463000297546387,8.78499984741211,8.430000305175781,8.760000228881836,68700,VMD,8.609500169754028,8.39221194665738,8.78499984741211,8.39221194665738,7.827825019359588,7.122337509393692,0.20309655015143235,0.2116050423645124,-0.00850849221308006
2023-02-16,8.649999618530273,8.899999618530273,8.640000343322754,8.850000381469727,74300,VMD,8.759999990463257,8.500856058205704,8.899999618530273,8.500856058205704,7.858125019073486,7.154212509393692,0.22106556833703728,0.21349714755901741,0.007568420778019863
2023-02-17,8.859999656677246,9.140000343322754,8.789999961853027,9.100000381469727,72300,VMD,8.972500085830688,8.630428024334481,9.140000343322754,8.630428024334481,7.895200018882751,7.187687509059906,0.2525676131452812,0.22131124067627017,0.03125637246901103
2023-02-21,9.09000015258789,9.109999656677246,8.890000343322754,9.0600004196167,135800,VMD,9.037500143051147,8.801464055082585,9.109999656677246,8.801464055082585,7.934900021553039,7.221612510681152,0.27117955883702294,0.23128490430842075,0.03989465452860219
2023-02-22,9.0,9.050000190734863,8.73799991607666,8.829999923706055,136500,VMD,8.904500007629395,8.919482099066865,9.050000190734863,8.73799991607666,7.970365023612976,7.2532575106620785,0.2643235843195946,0.23789264031065552,0.026430944008939056
2023-02-23,8.829999923706055,9.020000457763672,8.789999961853027,9.0,120900,VMD,8.910000085830688,8.91199105334813,9.020000457763672,8.789999961853027,8.006015026569367,7.283932510614395,0.2695011193813013,0.2442143361247847,0.025286783256516593
2023-02-24,8.880000114440918,9.079999923706055,8.880000114440918,9.0,96100,VMD,8.960000038146973,8.91099556958941,9.079999923706055,8.880000114440918,8.041240026950836,7.31419251203537,0.27048635489253847,0.24946873987833545,0.021017615014203017
2023-02-27,8.979999542236328,9.210000038146973,8.970000267028809,9.210000038146973,75800,VMD,9.09249997138977,8.935497803868191,9.210000038146973,8.935497803868191,8.077640025615691,7.34486251115799,0.2849279372689928,0.2565605793564669,0.02836735791252587
2023-02-28,9.15999984741211,9.3100004196167,9.0600004196167,9.220000267028809,85900,VMD,9.187500238418579,9.013998887628981,9.3100004196167,9.013998887628981,8.11634003162384,7.376712512969971,0.2937932643719563,0.2640071163595648,0.02978614801239149
2023-03-01,9.229999542236328,9.40999984741211,8.920000076293945,9.0600004196167,97400,VMD,9.15499997138977,9.10074956302378,9.40999984741211,8.920000076293945,8.155440030097962,7.40903751373291,0.28462744148958663,0.2681311813855692,0.016496260104017446
2023-03-02,8.90999984741211,9.135000228881836,8.859999656677246,9.0,75100,VMD,8.976249933242798,9.127874767206775,9.135000228881836,8.859999656677246,8.191065030097961,7.438875012397766,0.2694162653987675,0.26838819818820886,0.0010280672105586475
2023-03-03,9.229999542236328,9.229999542236328,7.559999942779541,7.900000095367432,362500,VMD,8.479999780654907,9.052062350224787,9.229999542236328,7.559999942779541,8.215415024757386,7.464275009632111,0.1666791263210392,0.24804638381477495,-0.08136725749373575
2023-03-06,7.849999904632568,8.369999885559082,7.508999824523926,8.350000381469727,186300,VMD,8.019749999046326,8.766031065439847,8.766031065439847,7.508999824523926,8.226410024166107,7.485947510004044,0.12018504728743551,0.22247411650930707,-0.10228906922187156
2023-03-07,8.34000015258789,8.819999694824219,8.1899995803833,8.789999961853027,92900,VMD,8.53499984741211,8.392890532243086,8.819999694824219,8.1899995803833,8.244510021209717,7.513685009479523,0.11748811374709867,0.2014769159568654,-0.08398880220976673
2023-03-08,8.75,9.123000144958496,8.670000076293945,9.069999694824219,109700,VMD,8.903249979019165,8.463945189827598,9.123000144958496,8.463945189827598,8.274325017929078,7.546067509651184,0.13637239678018176,0.18845601212152868,-0.05208361534134692
2023-03-09,9.09000015258789,9.229999542236328,9.0,9.199999809265137,108500,VMD,9.129999876022339,8.683597584423381,9.229999542236328,8.683597584423381,8.3093750166893,7.580392507314682,0.15998405333665744,0.18276162036455446,-0.022777567027897017
2023-03-10,9.199999809265137,9.25,8.970000267028809,9.199999809265137,97400,VMD,9.15499997138977,8.90679873022286,9.25,8.90679873022286,8.34270001411438,7.613630005121231,0.17666003436139732,0.18154130316392303,-0.004881268802525707
2023-03-13,9.109999656677246,9.3100004196167,9.109999656677246,9.220000267028809,92600,VMD,9.1875,9.030899350806315,9.3100004196167,9.030899350806315,8.376700015068055,7.645980005264282,0.18930752000738238,0.1830945465326149,0.006212973474767486
2023-03-14,9.239999771118164,9.390000343322754,9.199999809265137,9.34000015258789,160500,VMD,9.292500019073486,9.109199675403158,9.390000343322754,9.109199675403158,8.41120001554489,7.679555006027222,0.2066318085209744,0.18780199893028682,0.018829809590687585
2023-03-15,9.220000267028809,9.350000381469727,8.970000267028809,9.210000038146973,206500,VMD,9.187500238418579,9.200849847238322,9.350000381469727,8.970000267028809,8.442770020961762,7.712405009269714,0.20747981109307823,0.19173756136284512,0.01574224973023311
2023-03-16,9.220000267028809,9.760000228881836,9.029999732971191,9.739999771118164,129300,VMD,9.4375,9.194175042828451,9.760000228881836,9.029999732971191,8.48089502096176,7.748480010032654,0.24805893925874756,0.20300183694202562,0.04505710231672194
2023-03-17,9.630000114440918,10.0,9.579999923706055,9.84000015258789,172800,VMD,9.762500047683716,9.315837521414226,10.0,9.315837521414226,8.523495020866394,7.7882550120353695,0.28500205940027357,0.21940188143367523,0.06560017796659834
2023-03-20,9.720000267028809,10.0,9.6899995803833,9.989999771118164,135900,VMD,9.849999904632568,9.53916878454897,10.0,9.53916878454897,8.56760001897812,7.827905011177063,0.3226639942155636,0.24005430399005293,0.08260969022551065
2023-03-21,9.90999984741211,10.140000343322754,9.739999771118164,9.84000015258789,128100,VMD,9.90750002861023,9.69458434459077,10.140000343322754,9.69458434459077,8.61050001859665,7.866080012321472,0.3365283440118443,0.25934911199441124,0.07717923201743304
2023-03-22,9.8100004196167,10.109999656677246,9.579999923706055,9.949999809265137,122700,VMD,9.862499952316284,9.8010421866005,10.109999656677246,9.579999923706055,8.651740019321442,7.900040012598038,0.3523305468747857,0.27794539897048615,0.07438514790429956
2023-03-23,10.029999732971191,10.239999771118164,9.960000038146973,10.140000343322754,154100,VMD,10.09249997138977,9.83177106945839,10.239999771118164,9.83177106945839,8.698390021324158,7.934465013742447,0.37585276497570597,0.2975268721715301,0.07832589280417585
2023-03-24,10.180000305175781,10.289999961853027,9.970000267028809,10.199999809265137,106900,VMD,10.160000085830688,9.96213552042408,10.289999961853027,9.96213552042408,8.747690024375915,7.970265015363693,0.39478491302196694,0.3169784803416175,0.07780643268034942
2023-03-27,10.199999809265137,10.319999694824219,9.520000457763672,9.710000038146973,103300,VMD,9.9375,10.061067803127385,10.319999694824219,9.520000457763672,8.786390023231506,8.004740015268325,0.36603051834767975,0.32678888794282995,0.03924163040484979
2023-03-28,9.720000267028809,9.789999961853027,9.350000381469727,9.380000114440918,62400,VMD,9.56000018119812,9.999283901563693,9.999283901563693,9.350000381469727,8.818240029811859,8.034127516746521,0.3130060782548316,0.3240323260052303,-0.011026247750398677
2023-03-29,9.319999694824219,9.520000457763672,9.220000267028809,9.359999656677246,95100,VMD,9.355000019073486,9.779642041380907,9.779642041380907,9.220000267028809,8.846190028190613,8.062440016269683,0.26630021456270825,0.3124859037167259,-0.04618568915401766
2023-03-30,9.329999923706055,9.524999618530273,9.279999732971191,9.430000305175781,75900,VMD,9.391249895095825,9.567321030227196,9.567321030227196,9.279999732971191,8.876165025234222,8.08977751493454,0.23225663844981348,0.29644005066334345,-0.06418341221352997
2023-03-31,9.489999771118164,9.760000228881836,9.34000015258789,9.65999984741211,117500,VMD,9.5625,9.479285462661512,9.760000228881836,9.34000015258789,8.910365025997162,8.116777514219285,0.22128506351469035,0.28140905323361287,-0.06012398971892252
2023-04-03,9.699999809265137,9.869999885559082,9.65999984741211,9.84000015258789,95400,VMD,9.767499923706055,9.520892731330756,9.869999885559082,9.520892731330756,8.948790023326874,8.14527751326561,0.22452633184433246,0.2700325089557568,-0.04550617711142435
2023-04-04,9.850000381469727,10.024999618530273,9.8149995803833,10.020000457763672,83300,VMD,9.927500009536743,9.644196327518404,10.024999618530273,9.644196327518404,8.987265017032623,8.175290013551711,0.2388660811554324,0.26379922339569195,-0.024933142240259554
2023-04-05,10.0600004196167,10.0600004196167,9.609999656677246,9.850000381469727,59400,VMD,9.895000219345093,9.785848168527574,10.0600004196167,9.609999656677246,9.020465023517609,8.205457515716553,0.2338175472514461,0.25780288816684277,-0.02398534091539667
2023-04-06,9.819999694824219,10.1899995803833,9.800999641418457,10.069999694824219,61000,VMD,9.970249652862549,9.840424193936332,10.1899995803833,9.800999641418457,9.052870013713836,8.23558501124382,0.2447473585372677,0.25519178224092776,-0.010444423703660055
2023-04-10,10.050000190734863,10.539999961853027,9.970000267028809,10.369999885559082,160300,VMD,10.232500076293945,9.90533692339944,10.539999961853027,9.90533692339944,9.092070019245147,8.269035011529922,0.27445309645757554,0.2590440450842573,0.015409051373318217
2023-04-11,10.460000038146973,10.5,10.069999694824219,10.170000076293945,98600,VMD,10.299999952316284,10.068918499846692,10.5,10.068918499846692,9.13277001619339,8.302585010528565,0.278644751394415,0.2629641863462889,0.01568056504812615
2023-04-12,10.199999809265137,10.210000038146973,9.994999885559082,10.09000015258789,67600,VMD,10.12374997138977,10.184459226081488,10.210000038146973,9.994999885559082,9.168945014476776,8.333290010690689,0.2723716124721456,0.2648456715714602,0.007525940900685368
2023-04-13,10.109999656677246,10.319999694824219,9.9399995803833,10.25,134700,VMD,10.154999732971191,10.154104598735628,10.319999694824219,9.9399995803833,9.202945010662079,8.366040006875991,0.27711633063176677,0.26729980338352155,0.009816527248245221
2023-04-14,10.25,10.449999809265137,10.1899995803833,10.329999923706055,107700,VMD,10.304999828338623,10.15455216585341,10.449999809265137,10.15455216585341,9.236645004749299,8.400015004873275,0.284057441842986,0.27065133107541445,0.013406110767571533
2023-04-17,10.449999809265137,10.449999809265137,10.210000038146973,10.350000381469727,39800,VMD,10.365000009536743,10.229775997096016,10.449999809265137,10.210000038146973,9.271445004940032,8.43451500415802,0.28785399065522554,0.27409186299137667,0.013762127663848878
2023-04-18,10.3100004196167,10.579999923706055,10.210000038146973,10.4399995803833,87500,VMD,10.384999990463257,10.29738800331638,10.579999923706055,10.210000038146973,9.310620005130767,8.469540003538132,0.29472753062766266,0.2782189965186339,0.01650853410902875
2023-04-19,10.479999542236328,11.149999618530273,10.380000114440918,11.0649995803833,198700,VMD,10.768749713897705,10.341193996889817,11.149999618530273,10.341193996889817,9.360344998836517,8.508252501487732,0.346611614302617,0.29189752007543057,0.05471409422718643
2023-04-20,11.079999923706055,11.5,10.859999656677246,11.489999771118164,141500,VMD,11.232499837875366,10.554971855393761,11.5,10.554971855393761,9.419719994068146,8.550102500915527,0.41721469662164345,0.31696095538467317,0.10025374123697028
2023-04-21,11.5,11.880000114440918,11.430000305175781,11.770000457763672,215200,VMD,11.645000219345093,10.893735846634563,11.880000114440918,10.893735846634563,9.483819997310638,8.595027502775192,0.49011215553138854,0.3515911954140163,0.13852096011737225
2023-04-24,11.859999656677246,12.010000228881836,11.149999618530273,11.59000015258789,368100,VMD,11.652499914169312,11.269368032989828,12.010000228881836,11.149999618530273,9.546069991588592,8.64024000287056,0.5272812268508531,0.38672920170138364,0.14055202514946946
2023-04-25,11.59000015258789,11.59000015258789,10.350000381469727,10.5,190200,VMD,11.007500171661377,11.46093397357957,11.59000015258789,10.350000381469727,9.595294992923737,8.678815004825593,0.46344181213002145,0.4020717237871112,0.061370088342910245
2023-04-26,10.5,10.800000190734863,10.359999656677246,10.720000267028809,127400,VMD,10.59500002861023,11.234217072620474,11.234217072620474,10.359999656677246,9.64059499502182,8.711740005016328,0.4256936673438627,0.40679611249846154,0.018897554845401177
2023-04-27,10.84000015258789,11.0600004196167,10.699999809265137,10.899999618530273,172300,VMD,10.875,10.914608550615352,11.0600004196167,10.699999809265137,9.690744993686677,8.74684000492096,0.4056266227754062,0.4065622145538505,-0.0009355917784443224
2023-04-28,10.819999694824219,10.899999618530273,10.484999656677246,10.850000381469727,128500,VMD,10.763749837875366,10.894804275307676,10.899999618530273,10.484999656677246,9.733829987049102,8.780827503204346,0.3812935105670796,0.40150847375649634,-0.020214963189416735
2023-05-01,11.020000457763672,11.270000457763672,10.760000228881836,10.770000457763672,109400,VMD,10.955000400543213,10.829277056591522,11.270000457763672,10.760000228881836,9.777729995250702,8.817927507162095,0.35150212092796984,0.3915072031907911,-0.040005082262821234
2023-05-02,10.770000457763672,11.0,10.699999809265137,10.850000381469727,108300,VMD,10.830000162124634,10.892138728567367,11.0,10.699999809265137,9.81487999677658,8.855040007829666,0.33053732670945735,0.3793132278945244,-0.04877590118506703
2023-05-03,10.899999618530273,10.949999809265137,10.406000137329102,10.699999809265137,125300,VMD,10.738999843597412,10.861069445346,10.949999809265137,10.406000137329102,9.848909990787506,8.891905006170273,0.2983792533799505,0.3631264329916096,-0.0647471796116591
2023-05-04,10.729999542236328,10.789999961853027,10.430000305175781,10.520000457763672,74900,VMD,10.617500066757202,10.800034644471706,10.800034644471706,10.430000305175781,9.883169991970062,8.926767507791519,0.2554249256842933,0.3415861315301464,-0.08616120584585307
2023-05-05,10.470000267028809,10.739999771118164,10.4399995803833,10.699999809265137,66800,VMD,10.587499856948853,10.708767355614455,10.739999771118164,10.4399995803833,9.916719987392426,8.961367506980896,0.23321934740223682,0.3199127747045645,-0.08669342730232765
2023-05-08,10.710000038146973,10.9399995803833,10.40999984741211,10.789999961853027,131800,VMD,10.712499856948853,10.648133606281654,10.9399995803833,10.40999984741211,9.951769983768463,8.99650500535965,0.22034354357114516,0.2999989284778806,-0.07965538490673546
2023-05-09,11.0,11.0,9.699999809265137,10.494999885559082,278700,VMD,10.548749923706055,10.680316731615253,11.0,9.699999809265137,9.980894982814789,9.029267504215241,0.18421185592423583,0.2768415139671517,-0.09262965804291584
2023-05-10,10.390000343322754,10.760000228881836,10.390000343322754,10.649999618530273,82000,VMD,10.547500133514404,10.614533327660654,10.760000228881836,10.390000343322754,10.008094980716706,9.062217506170272,0.1661689242906057,0.2547069960318425,-0.08853807174123679
2023-05-11,10.550000190734863,10.699999809265137,10.3100004196167,10.380000114440918,104100,VMD,10.485000133514404,10.581016730587528,10.699999809265137,10.3100004196167,10.034694983959199,9.09506750702858,0.12860063935923272,0.22948572469732054,-0.10088508533808782
2023-05-12,10.34000015258789,10.520000457763672,10.279999732971191,10.380000114440918,125400,VMD,10.380000114440918,10.533008432050966,10.533008432050966,10.279999732971191,10.06276998758316,9.126917508840561,0.09770126353710928,0.2031288324652783,-0.10542756892816901
2023-05-15,10.380000114440918,11.079999923706055,10.380000114440918,10.795000076293945,132100,VMD,10.658750057220459,10.456504273245942,11.079999923706055,10.380000114440918,10.10634499311447,9.160880008935928,0.10548435620563623,0.18359993721334988,-0.07811558100771365
2023-05-16,10.789999961853027,10.789999961853027,10.0,10.329999923706055,210300,VMD,10.477499961853027,10.5576271652332,10.789999961853027,10.0,10.155499992370606,9.190955008268356,0.07328609064028413,0.16153716789873673,-0.0882510772584526
2023-05-17,10.329999923706055,10.710000038146973,10.329999923706055,10.460000038146973,211200,VMD,10.457499980926514,10.517563563543114,10.710000038146973,10.329999923706055,10.193949995040894,9.219230008125304,0.05759473967536266,0.14074868225406192,-0.08315394257869926
2023-05-18,10.470000267028809,10.59000015258789,10.199999809265137,10.279999732971191,176700,VMD,10.384999990463257,10.487531772234814,10.59000015258789,10.199999809265137,10.223584995269775,9.248955006599425,0.030285597171156198,0.11865606523748079,-0.08837046806632459
2023-05-19,10.180000305175781,10.630000114440918,10.180000305175781,10.59000015258789,286100,VMD,10.395000219345093,10.436265881349035,10.630000114440918,10.180000305175781,10.24888500213623,9.279130009412766,0.03327378854416452,0.10157960989881754,-0.06830582135465302
2023-05-22,10.59000015258789,10.680000305175781,9.829999923706055,9.880000114440918,209300,VMD,10.245000123977661,10.415633050347065,10.680000305175781,9.829999923706055,10.270685005187989,9.306692509651183,-0.021402404033368683,0.0769832071123803,-0.09838561114574898
2023-05-23,9.880000114440918,10.024999618530273,9.65999984741211,9.75,117600,VMD,9.828749895095825,10.330316587162363,10.330316587162363,9.65999984741211,10.283510003089905,9.330105009078979,-0.07436635430982008,0.046713294827940226,-0.12107964913776031
2023-05-24,9.75,9.795000076293945,9.520000457763672,9.649999618530273,196900,VMD,9.678750038146973,10.079533241129095,10.079533241129095,9.520000457763672,10.291235003471375,9.351217509508134,-0.12299208533528194,0.012772218795295793,-0.13576430413057775
2023-05-25,9.6899995803833,9.789999961853027,9.550000190734863,9.630000114440918,104300,VMD,9.664999961853027,9.879141639638034,9.879141639638034,9.550000190734863,10.300784997940063,9.371777509450913,-0.16128295087705524,-0.022038815139174415,-0.13924413573788083
2023-05-26,9.585000038146973,9.670000076293945,9.329999923706055,9.359999656677246,105300,VMD,9.486249923706055,9.772070800745531,9.772070800745531,9.329999923706055,10.301759996414184,9.391327508687972,-0.21098343246640816,-0.05982773860462117,-0.15115569386178698
2023-05-30,9.34000015258789,9.545000076293945,9.289999961853027,9.470000267028809,206800,VMD,9.411250114440918,9.629160362225793,9.629160362225793,9.289999961853027,10.294734997749329,9.409115009307861,-0.23874320915405,-0.09561083271450695,-0.14313237643954307
2023-05-31,9.489999771118164,9.75,9.34000015258789,9.529999732971191,152700,VMD,9.527499914169312,9.520205238333356,9.75,9.34000015258789,10.288284997940064,9.427942508459092,-0.252985319427836,-0.12708573005717277,-0.1258995893706632
2023-06-01,9.5,9.890000343322754,9.460000038146973,9.859999656677246,84400,VMD,9.677500009536743,9.523852576251333,9.890000343322754,9.460000038146973,10.283684997558593,9.447092508077622,-0.2349358641110566,-0.14865575686794955,-0.08628010724310706
2023-06-02,9.930000305175781,9.960000038146973,9.779999732971191,9.800000190734863,66200,VMD,9.867500066757202,9.600676292894038,9.960000038146973,9.600676292894038,10.283784999847413,9.467762509584427,-0.2229035033641278,-0.1635053061671852,-0.05939819719694259
2023-06-05,9.739999771118164,9.979999542236328,9.739999771118164,9.8100004196167,88500,VMD,9.817499876022339,9.73408817982562,9.979999542236328,9.73408817982562,10.278284997940064,9.48833750963211,-0.21013849018021524,-0.1728319429697912,-0.037306547210424035
2023-06-06,9.869999885559082,9.979999542236328,9.760000228881836,9.970000267028809,114900,VMD,9.894999980926514,9.775794027923979,9.979999542236328,9.760000228881836,10.27298499584198,9.510337510108947,-0.18497915025475642,-0.17526138442678427,-0.009717765827972152
2023-06-07,9.949999809265137,10.020000457763672,9.819999694824219,9.84000015258789,96500,VMD,9.90750002861023,9.835397004425246,10.020000457763672,9.819999694824219,10.272384996414184,9.529387509822845,-0.17352977169015738,-0.1749150618794589,0.0013852901893015301
2023-06-08,9.869999885559082,9.869999885559082,9.359999656677246,9.59000015258789,197300,VMD,9.672499895095825,9.871448516517738,9.871448516517738,9.359999656677246,10.274634990692139,9.546437510251998,-0.18252493353623933,-0.176437036210815,-0.006087897325424335
2023-06-09,9.510000228881836,9.869999885559082,9.510000228881836,9.720000267028809,121300,VMD,9.65250015258789,9.771974205806782,9.869999885559082,9.510000228881836,10.280584993362426,9.56338751077652,-0.177121989288894,-0.1765740268264308,-0.0005479624624631918
2023-06-12,9.649999618530273,9.890000343322754,9.649999618530273,9.850000381469727,86400,VMD,9.759999990463257,9.712237179197336,9.890000343322754,9.649999618530273,10.287959995269775,9.582062510252,-0.1605000496036464,-0.17335923138187392,0.012859181778227535
2023-06-13,9.994999885559082,10.170000076293945,9.90999984741211,9.90999984741211,120400,VMD,9.996249914169312,9.736118584830297,10.170000076293945,9.736118584830297,10.296634993553162,9.603500009775162,-0.1408618198080802,-0.16685974906711518,0.025997929259034963
2023-06-14,9.890000343322754,10.354999542236328,9.859999656677246,10.1899995803833,139500,VMD,10.073749780654907,9.866184249499804,10.354999542236328,9.859999656677246,10.302759990692138,9.625775007009507,-0.10153431839438731,-0.1537946629325696,0.05226034453818229
2023-06-15,10.1899995803833,10.34000015258789,9.770000457763672,9.819999694824219,104900,VMD,10.02999997138977,9.969967015077355,10.34000015258789,9.770000457763672,10.304809989929199,9.646037503480912,-0.09908074754911844,-0.14285187985587938,0.04377113230676094
2023-06-16,9.829999923706055,9.850000381469727,9.069999694824219,9.239999771118164,198200,VMD,9.497499942779541,9.999983493233563,9.999983493233563,9.069999694824219,10.296859984397889,9.658662503957748,-0.14229710906229265,-0.14274092569716204,0.0004438166348693928
2023-06-20,9.140000343322754,9.265000343322754,9.0,9.229999542236328,271700,VMD,9.158750057220459,9.748741718006553,9.748741718006553,9.0,10.280629992485046,9.666750003099441,-0.17533220133740812,-0.14925918082521125,-0.02607302051219687
2023-06-21,8.869999885559082,9.869999885559082,8.869999885559082,9.710000038146973,255000,VMD,9.329999923706055,9.453745887613506,9.869999885559082,8.869999885559082,10.262579989433288,9.677325004339218,-0.1609256705248967,-0.15159247876514834,-0.009333191759748366
2023-06-22,9.6899995803833,9.829999923706055,9.15999984741211,9.600000381469727,276200,VMD,9.569999933242798,9.391872905659781,9.829999923706055,9.15999984741211,10.247979989051819,9.690375002622604,-0.1565794931215425,-0.15258988163642717,-0.003989611485115341
2023-06-23,9.319999694824219,9.600000381469727,9.0600004196167,9.199999809265137,4946900,VMD,9.295000076293945,9.48093641945129,9.600000381469727,9.0600004196167,10.231404991149903,9.700175002813339,-0.1832988642421114,-0.15873167815756403,-0.02456718608454736
2023-06-26,9.210000038146973,9.649999618530273,9.210000038146973,9.479999542236328,187400,VMD,9.387499809265137,9.387968247872617,9.649999618530273,9.210000038146973,10.216054992675781,9.70950000166893,-0.17980780748426284,-0.1629469040229038,-0.016860903461359045
2023-06-27,9.470000267028809,9.630000114440918,9.34000015258789,9.470000267028809,156800,VMD,9.477500200271606,9.387734028568877,9.630000114440918,9.34000015258789,10.19950500011444,9.718075002431869,-0.17582122021208413,-0.16552176726073986,-0.010299452951344268
2023-06-28,9.430000305175781,9.529999732971191,9.359999656677246,9.430000305175781,141300,VMD,9.4375,9.432617114420243,9.529999732971191,9.359999656677246,10.180954999923706,9.72620000243187,-0.17388504514424064,-0.16719442283744002,-0.00669062230680062
2023-06-29,9.329999923706055,9.5,9.319999694824219,9.489999771118164,90700,VMD,9.40999984741211,9.435058557210121,9.5,9.319999694824219,10.161454997062684,9.736037501096725,-0.16560022072651748,-0.16687558241525552,0.0012753616887380415
2023-06-30,9.539999961853027,9.994999885559082,9.449999809265137,9.779999732971191,271100,VMD,9.69124984741211,9.422529202311114,9.994999885559082,9.422529202311114,10.139904999732972,9.750124999284743,-0.1340881793314619,-0.1603181017984968,0.0262299224670349
2023-07-03,9.65999984741211,9.880000114440918,9.529999732971191,9.850000381469727,89100,VMD,9.730000019073486,9.556889524861612,9.880000114440918,9.529999732971191,10.109855003356934,9.76478749871254,-0.10228709027469485,-0.14871189949373642,0.046424809219041574
2023-07-05,9.770000457763672,9.770000457763672,9.40999984741211,9.4399995803833,153800,VMD,9.597500085830688,9.643444771967548,9.770000457763672,9.40999984741211,10.068905000686646,9.776362498998642,-0.10891265887500978,-0.1407520513699911,0.03183939249498133
2023-07-06,9.319999694824219,9.430000305175781,9.265000343322754,9.3100004196167,143300,VMD,9.331250190734863,9.620472428899118,9.620472428899118,9.265000343322754,10.022480006217956,9.784274998903275,-0.1232327649463798,-0.13724819408526887,0.014015429138889063
2023-07-07,9.34000015258789,9.5,9.300000190734863,9.380000114440918,160700,VMD,9.380000114440918,9.475861309816992,9.5,9.300000190734863,9.989930005073548,9.792612498998642,-0.12746383803687422,-0.13529132287558995,0.007827484838715731
2023-07-10,9.399999618530273,9.449999809265137,9.289999961853027,9.399999618530273,93300,VMD,9.384999752044678,9.427930712128955,9.449999809265137,9.289999961853027,9.965729999542237,9.803162497282027,-0.12773079995492687,-0.13377921829145734,0.00604841833653047
2023-07-11,9.399999618530273,9.5,9.128000259399414,9.199999809265137,129500,VMD,9.306999921798706,9.406465232086816,9.5,9.128000259399414,9.93436999797821,9.812557495832444,-0.1424387372400222,-0.1355111220811703,-0.006927615158851902
2023-07-12,9.329999923706055,9.369999885559082,9.119999885559082,9.140000343322754,88600,VMD,9.240000009536743,9.356732576942761,9.369999885559082,9.119999885559082,9.903895001411438,9.81886249423027,-0.1571250986383923,-0.13983391739261472,-0.01729118124577758
2023-07-13,9.140000343322754,9.380000114440918,9.140000343322754,9.220000267028809,127200,VMD,9.220000267028809,9.298366293239752,9.380000114440918,9.140000343322754,9.86919499874115,9.823462496995926,-0.1604591474310677,-0.14395896340030534,-0.016500184030762366
2023-07-14,9.1899995803833,9.390000343322754,9.140000343322754,9.350000381469727,64700,VMD,9.267500162124634,9.25918328013428,9.390000343322754,9.140000343322754,9.83794499874115,9.826412497758865,-0.1508723201487765,-0.1453416347499996,-0.005530685398776908
2023-07-17,9.260000228881836,9.300000190734863,9.0600004196167,9.119999885559082,100500,VMD,9.18500018119812,9.263341721129457,9.300000190734863,9.0600004196167,9.806865005493163,9.827887498140335,-0.15998954836037882,-0.14827121747207544,-0.011718330888303374
2023-07-18,9.050000190734863,9.170000076293945,9.050000190734863,9.09000015258789,109300,VMD,9.09000015258789,9.224170951163789,9.224170951163789,9.050000190734863,9.776315007209778,9.82974249958992,-0.1677025742519529,-0.15215748882805094,-0.015545085423901955
2023-07-19,9.100000381469727,9.199999809265137,9.029999732971191,9.0600004196167,87900,VMD,9.097500085830688,9.15708555187584,9.199999809265137,9.029999732971191,9.746515011787414,9.83161749958992,-0.1742275438997254,-0.15657149984238583,-0.01765604405733956
2023-07-20,9.050000190734863,9.069999694824219,8.960000038146973,9.010000228881836,137700,VMD,9.022500038146973,9.127292818853263,9.127292818853263,8.960000038146973,9.712715015411376,9.83224249958992,-0.18134281973481237,-0.16152576382087114,-0.01981705591394123
2023-07-21,9.09000015258789,9.09000015258789,8.869999885559082,8.899999618530273,110400,VMD,8.987499952316284,9.074896428500118,9.09000015258789,8.869999885559082,9.68149001598358,9.831192499399185,-0.1936258586680104,-0.167945782790299,-0.0256800758777114
2023-07-24,8.899999618530273,8.979999542236328,8.850000381469727,8.949999809265137,115000,VMD,8.919999837875366,9.031198190408201,9.031198190408201,8.850000381469727,9.6489400100708,9.828517495393752,-0.19705414052379844,-0.17376745433699892,-0.02328668618679952
2023-07-25,8.949999809265137,9.079999923706055,8.8100004196167,8.930000305175781,72500,VMD,8.942500114440918,8.975599014141784,9.079999923706055,8.8100004196167,9.61809000968933,9.826392496824264,-0.1990898871413158,-0.1788319408978623,-0.020257946243453506
2023-07-26,8.890000343322754,9.050000190734863,8.84000015258789,9.0,69400,VMD,8.945000171661377,8.959049564291352,9.050000190734863,8.84000015258789,9.58939001083374,9.826079999208451,-0.19283199345520252,-0.18163195140933036,-0.01120004204587216
2023-07-27,9.010000228881836,9.09000015258789,8.960000038146973,9.0,70300,VMD,9.015000104904175,8.952024867976364,9.09000015258789,8.952024867976364,9.556515011787415,9.831430002450944,-0.18573156970163396,-0.1824518750677911,-0.0032796946338428667
2023-07-28,9.069999694824219,9.119999885559082,8.970000267028809,9.010000228881836,46200,VMD,9.042500019073486,8.983512486440269,9.119999885559082,8.970000267028809,9.527815012931823,9.841657502651215,-0.177254221497277,-0.18141234435368828,0.004158122856411289
2023-07-31,8.989999771118164,9.072999954223633,8.420000076293945,8.449999809265137,115300,VMD,8.73324990272522,9.013006252756878,9.072999954223633,8.420000076293945,9.493330011367798,9.843640003204346,-0.21326483148896003,-0.18778284178074264,-0.025481989708217384
2023-08-01,8.4399995803833,8.8100004196167,8.430000305175781,8.779999732971191,281400,VMD,8.615000009536743,8.873128077741049,8.873128077741049,8.430000305175781,9.457930011749268,9.840757503509522,-0.21272312367695712,-0.19277089815998555,-0.019952225516971567
2023-08-02,8.770000457763672,8.899999618530273,8.59000015258789,8.649999618530273,78900,VMD,8.727499961853027,8.744064043638897,8.899999618530273,8.59000015258789,9.424580006599426,9.836732504367829,-0.22024489308247652,-0.19826569714448375,-0.021979195937992774
2023-08-03,8.579999923706055,8.699999809265137,8.5,8.670000076293945,74800,VMD,8.612499952316284,8.735782002745962,8.735782002745962,8.5,9.391930003166198,9.831307504177094,-0.2220326258369063,-0.20301908288296827,-0.019013542953938034
2023-08-04,8.640000343322754,8.699999809265137,8.40999984741211,8.420000076293945,71000,VMD,8.542500019073486,8.674140977531124,8.699999809265137,8.40999984741211,9.366205005645751,9.824857504367829,-0.24084600476602525,-0.2105844672595797,-0.030261537506445557
2023-08-07,8.479999542236328,8.600000381469727,8.399999618530273,8.539999961853027,32500,VMD,8.504999876022339,8.608320498302305,8.608320498302305,8.399999618530273,9.34273000240326,9.816982502937316,-0.2432685073038865,-0.21712127526844105,-0.026147232035445445
2023-08-08,8.40999984741211,8.800000190734863,8.40999984741211,8.619999885559082,60200,VMD,8.559999942779541,8.556660187162322,8.800000190734863,8.40999984741211,9.32063000202179,9.810707499980927,-0.23601242840054404,-0.22089950589486165,-0.015112922505682386
2023-08-09,8.600000381469727,8.680000305175781,8.319999694824219,8.34000015258789,74000,VMD,8.485000133514404,8.558330064970932,8.680000305175781,8.319999694824219,9.300605006217957,9.80118250131607,-0.2499740270078714,-0.22671441011746363,-0.023259616890407786
2023-08-10,8.609999656677246,8.609999656677246,7.989999771118164,8.029999732971191,100300,VMD,8.309999704360962,8.521665099242668,8.609999656677246,7.989999771118164,9.278579998016358,9.786657497882842,-0.2827932727578748,-0.23793018264554588,-0.04486309011232892
2023-08-11,8.029999732971191,8.5,8.029999732971191,8.260000228881836,84800,VMD,8.204999923706055,8.415832401801815,8.5,8.029999732971191,9.252129998207092,9.770207498073578,-0.2869360237684777,-0.24773135087013226,-0.03920467289834545
2023-08-14,8.279999732971191,8.479999542236328,8.220000267028809,8.25,179200,VMD,8.307499885559082,8.310416162753935,8.479999542236328,8.220000267028809,9.22472999572754,9.754207496643067,-0.2877095817215629,-0.2557269970404184,-0.03198258468114451
2023-08-15,8.199999809265137,8.319999694824219,8.109999656677246,8.210000038146973,208800,VMD,8.209999799728394,8.308958024156508,8.319999694824219,8.109999656677246,9.191579990386963,9.737682495117188,-0.28822778412069994,-0.2622271544564747,-0.026000629664225228
2023-08-16,8.260000228881836,8.3100004196167,8.0,8.020000457763672,87400,VMD,8.147500276565552,8.259478911942452,8.3100004196167,8.0,9.158179998397827,9.718232498168945,-0.30050579772187547,-0.2698828831095549,-0.030622914612320584
2023-08-17,8.050000190734863,8.069999694824219,7.739999771118164,7.789999961853027,144100,VMD,7.912499904632568,8.203489594254002,8.203489594254002,7.739999771118164,9.118529996871949,9.695757496356965,-0.3250483744595769,-0.2809159813795593,-0.044132393080017596
2023-08-18,7.71999979019165,8.104999542236328,7.71999979019165,8.029999732971191,124300,VMD,7.893749713897705,8.057994749443285,8.104999542236328,7.71999979019165,9.078254990577697,9.675319993495942,-0.32142735313114734,-0.28901825572987694,-0.032409097401270404
2023-08-21,8.069999694824219,8.1899995803833,8.010000228881836,8.050000190734863,86900,VMD,8.079999923706055,7.975872231670495,8.1899995803833,7.975872231670495,9.046404991149902,9.66051999092102,-0.3133319027173993,-0.2938809851273814,-0.01945091759001788
2023-08-22,8.039999961853027,8.140000343322754,7.960000038146973,8.100000381469727,84000,VMD,8.06000018119812,8.027936077688274,8.140000343322754,7.960000038146973,9.014554991722108,9.647569992542266,-0.29942996022387547,-0.29499078014668023,-0.004439180077195237
2023-08-23,8.0600004196167,8.145000457763672,7.980000019073486,8.039999961853027,110600,VMD,8.056250214576721,8.043968129443197,8.145000457763672,7.980000019073486,8.980479996204377,9.634219995737077,-0.2899121759579302,-0.29397505930893025,0.0040628833510000795
2023-08-24,7.989999771118164,8.069999694824219,7.909999847412109,7.929999828338623,71100,VMD,7.974999785423279,8.05010917200996,8.069999694824219,7.909999847412109,8.940054993629456,9.61834499359131,-0.28792631943780833,-0.2927653113347059,0.004838991896897571
2023-08-25,7.909999847412109,7.989999771118164,7.730000019073486,7.78000020980835,62300,VMD,7.852499961853027,8.01255447871662,8.01255447871662,7.730000019073486,8.895629997253417,9.599194993972779,-0.2950550188624881,-0.29322325284026235,-0.0018317660222257337
2023-08-28,7.769999980926514,7.934999942779541,7.71999979019165,7.920000076293945,138000,VMD,7.836249947547913,7.932527220284824,7.934999942779541,7.71999979019165,8.851754996776581,9.57828249335289,-0.28610965135462507,-0.2918005325431349,0.005690881188509855
2023-08-29,7.900000095367432,8.109999656677246,7.900000095367432,8.09000015258789,67900,VMD,8.0,7.884388583916368,8.109999656677246,7.884388583916368,8.82180499792099,9.55933249115944,-0.2622794040431984,-0.28589630684314765,0.02361690279994927
2023-08-30,8.039999961853027,8.149999618530273,8.0,8.039999961853027,63000,VMD,8.057499885559082,7.9421942919581845,8.149999618530273,7.9421942919581845,8.799779994487762,9.540204993486405,-0.24460866248696256,-0.27763877797191067,0.03303011548494811
2023-08-31,8.039999961853027,8.109999656677246,7.909999847412109,7.909999847412109,86100,VMD,7.992499828338623,7.999847088758633,8.109999656677246,7.909999847412109,8.773029992580414,9.517804991006852,-0.23834688079588773,-0.2697803985367061,0.03143351774081837
2023-09-01,7.980000019073486,8.225000381469727,7.980000019073486,8.109999656677246,82300,VMD,8.073750019073486,7.996173458548628,8.225000381469727,7.980000019073486,8.743104994297028,9.495542491674422,-0.21477032197066492,-0.2587783832234979,0.044008061252832964
2023-09-05,8.140000343322754,8.149999618530273,7.800000190734863,7.880000114440918,112300,VMD,7.992500066757202,8.034961738811058,8.149999618530273,7.800000190734863,8.717054994106293,9.474229992628098,-0.21219867586752628,-0.2494624417523036,0.03726376588477731
2023-09-06,7.920000076293945,7.934999942779541,7.570000171661377,7.599999904632568,90000,VMD,7.756250023841858,8.013730902784129,8.013730902784129,7.570000171661377,8.684429998397826,9.450242495536804,-0.23010183396667383,-0.24559032019517765,0.015488486228503823
2023-09-07,7.619999885559082,7.619999885559082,7.269999980926514,7.349999904632568,101000,VMD,7.4649999141693115,7.8849904633129935,7.8849904633129935,7.269999980926514,8.644179992675781,9.421842496395112,-0.26144930160598623,-0.2487621164773394,-0.012687185128646833
2023-09-08,7.300000190734863,7.420000076293945,7.139999866485596,7.400000095367432,124900,VMD,7.315000057220459,7.6749951887411525,7.6749951887411525,7.139999866485596,8.601729993820191,9.391342496871948,-0.2790411849501764,-0.2548179301719068,-0.024223254778269587
2023-09-11,7.46999979019165,7.71999979019165,7.429999828338623,7.539999961853027,38000,VMD,7.539999842643738,7.494997622980806,7.71999979019165,7.429999828338623,8.564329993724822,9.362892495393753,-0.2784759624950617,-0.2595495366365378,-0.018926425858523888
2023-09-12,7.480000019073486,7.480000019073486,7.070000171661377,7.110000133514404,67700,VMD,7.2850000858306885,7.517498732812272,7.517498732812272,7.070000171661377,8.516204998493194,9.328054999113084,-0.3091615897553037,-0.269471947260291,-0.03968964249501272
2023-09-13,7.119999885559082,7.199999809265137,7.050000190734863,7.190000057220459,50600,VMD,7.139999985694885,7.40124940932148,7.40124940932148,7.050000190734863,8.464404997825623,9.287130000591278,-0.3232980663187668,-0.28023717107198615,-0.04306089524678064
2023-09-14,7.199999809265137,7.28000020980835,7.130000114440918,7.230000019073486,138000,VMD,7.210000038146973,7.2706246975081825,7.28000020980835,7.130000114440918,8.416654996871948,9.242779998779296,-0.3274984647740169,-0.2896894298123923,-0.03780903496162458
2023-09-15,7.21999979019165,7.309999942779541,7.139999866485596,7.289999961853027,248800,VMD,7.239999890327454,7.240312367827578,7.309999942779541,7.139999866485596,8.3748299908638,9.198654998540878,-0.322270878786183,-0.2962057196071505,-0.026065159179032515
2023-09-18,7.309999942779541,7.408999919891357,7.260000228881836,7.389999866485596,71100,VMD,7.3422499895095825,7.240156129077516,7.408999919891357,7.240156129077516,8.334074988365174,9.16200249671936,-0.3065253887818793,-0.29826965344209627,-0.008255735339783021
2023-09-19,7.409999847412109,7.409999847412109,7.110000133514404,7.195000171661377,82600,VMD,7.28125,7.291203059293549,7.409999847412109,7.110000133514404,8.29199999332428,9.128864996433258,-0.30625154305187063,-0.29986603136405116,-0.006385511687819478
2023-09-20,7.050000190734863,7.300000190734863,7.050000190734863,7.150000095367432,53300,VMD,7.137500166893005,7.2862265296467745,7.300000190734863,7.050000190734863,8.248609998226165,9.091489998102189,-0.3061366951552049,-0.30112016412228193,-0.005016531032922988
2023-09-21,7.150000095367432,7.170000076293945,7.090000152587891,7.099999904632568,133600,VMD,7.127500057220459,7.21186334826989,7.21186334826989,7.090000152587891,8.20635999917984,9.055127500295638,-0.30654659654657923,-0.30220545060714143,-0.004341145939437796
2023-09-22,7.119999885559082,7.215000152587891,7.050000190734863,7.150000095367432,135000,VMD,7.133750081062317,7.169681702745175,7.215000152587891,7.050000190734863,8.16463499546051,9.01691499710083,-0.2993857166487608,-0.30164150381546534,0.002255787166704548
2023-09-25,7.139999866485596,7.170000076293945,6.900000095367432,7.0,66800,VMD,7.052500009536743,7.151715891903746,7.170000076293945,6.900000095367432,8.120334992408752,8.97913999557495,-0.3023293571951786,-0.301779074491408,-0.0005502827037706104
2023-09-26,6.929999828338623,6.989999771118164,6.78000020980835,6.800000190734863,178000,VMD,6.875,7.102107950720244,7.102107950720244,6.78000020980835,8.07413498878479,8.940499997138977,-0.3171446802177087,-0.30485219563666816,-0.012292484581040541
2023-09-27,6.840000152587891,6.925000190734863,6.706999778747559,6.75,64800,VMD,6.805500030517578,6.988553975360122,6.988553975360122,6.706999778747559,8.028444986343384,8.902379996776581,-0.3291265618442072,-0.30970706887817595,-0.019419492966031238
2023-09-28,6.760000228881836,6.869999885559082,6.670000076293945,6.869999885559082,117100,VMD,6.792500019073486,6.8970270029388505,6.8970270029388505,6.670000076293945,7.98234498500824,8.864429998397828,-0.32519070544607676,-0.31280379619175613,-0.012386909254320622
2023-09-29,6.889999866485596,6.889999866485596,6.695000171661377,6.730000019073486,106200,VMD,6.801249980926514,6.844763511006168,6.889999866485596,6.695000171661377,7.93791998386383,8.825317499637604,-0.3295692608031322,-0.31615688911403134,-0.013412371689100866
2023-10-02,6.699999809265137,6.820000171661377,6.550000190734863,6.739999771118164,127700,VMD,6.702499985694885,6.823006745966341,6.823006745966341,6.550000190734863,7.892219984531403,8.786855000257493,-0.3284462768222971,-0.3186147666556845,-0.0098315101666126
2023-10-03,6.75,6.769999980926514,6.570000171661377,6.71999979019165,103400,VMD,6.702499985694885,6.762753365830613,6.769999980926514,6.570000171661377,7.847869987487793,8.748404998779296,-0.32541890862834677,-0.31997559505021694,-0.005443313578129827
2023-10-04,6.730000019073486,6.820000171661377,6.609000205993652,6.789999961853027,59700,VMD,6.737250089645386,6.732626675762749,6.820000171661377,6.609000205993652,7.803764986991882,8.710927498340606,-0.313754502091685,-0.3187313764585106,0.00497687436682559
2023-10-05,6.820000171661377,7.019999980926514,6.710000038146973,6.920000076293945,89800,VMD,6.867500066757202,6.734938382704067,7.019999980926514,6.710000038146973,7.762214984893799,8.675802497863769,-0.29066979266064674,-0.31311905969893783,0.022449267038291087
2023-10-06,6.880000114440918,7.03000020980835,6.769999980926514,7.019999980926514,240600,VMD,6.925000071525574,6.801219224730635,7.03000020980835,6.769999980926514,7.720414984226227,8.638464998006821,-0.26129380521366663,-0.30275400880188363,0.041460203588217004
2023-10-09,6.980000019073486,6.989999771118164,6.75,6.980000019073486,49200,VMD,6.924999952316284,6.863109648128104,6.989999771118164,6.75,7.678064982891083,8.602939997911454,-0.23849160339916686,-0.2899015277213403,0.05140992432217345
2023-10-10,6.980000019073486,6.980000019073486,6.670000076293945,6.769999980926514,164200,VMD,6.850000023841858,6.894054800222194,6.980000019073486,6.670000076293945,7.640399985313415,8.566864998340607,-0.23466091723258842,-0.27885340562358996,0.04419248839100154
2023-10-11,6.730000019073486,6.769999980926514,6.670000076293945,6.75,68000,VMD,6.730000019073486,6.8720274120320255,6.8720274120320255,6.670000076293945,7.602699985504151,8.530314998626709,-0.23058090897390837,-0.2691989062936537,0.0386179973197453
2023-10-12,6.760000228881836,6.769999980926514,6.409999847412109,6.489999771118164,78200,VMD,6.607499957084656,6.801013715552756,6.801013715552756,6.409999847412109,7.560299985408783,8.492439996004105,-0.24549737763960167,-0.26445860056284326,0.018961222923241594
2023-10-13,6.519999980926514,6.519999980926514,6.239999771118164,6.369999885559082,75700,VMD,6.412499904632568,6.704256836318706,6.704256836318706,6.239999771118164,7.516299984455109,8.454114993810654,-0.2639590191443357,-0.2643586842791418,0.0003996651348060487
2023-10-16,6.460000038146973,6.53000020980835,6.21999979019165,6.53000020980835,78100,VMD,6.435000061988831,6.558378370475637,6.558378370475637,6.21999979019165,7.4741499853134155,8.420177495479583,-0.26265162956668586,-0.2640172733366506,0.0013656437699647306
2023-10-17,6.519999980926514,6.800000190734863,6.519999980926514,6.679999828338623,47500,VMD,6.629999995231628,6.496689216232234,6.800000190734863,6.496689216232234,7.436649987697601,8.38968999505043,-0.2466683589941283,-0.2605474904681462,0.01387913147401787
2023-10-18,6.670000076293945,6.670000076293945,6.539999961853027,6.579999923706055,55900,VMD,6.615000009536743,6.563344605731931,6.670000076293945,6.539999961853027,7.397749989032746,8.359189995527267,-0.2393120184992048,-0.2563003960743579,0.01698837757515309
2023-10-19,6.599999904632568,6.599999904632568,6.380000114440918,6.440000057220459,68700,VMD,6.504999995231628,6.589172307634337,6.599999904632568,6.380000114440918,7.35814998626709,8.329377496242524,-0.24198938189377994,-0.2534381932382423,0.01144881134446235
2023-10-20,6.460000038146973,6.46999979019165,6.309999942779541,6.340000152587891,106800,VMD,6.394999980926514,6.547086151432983,6.547086151432983,6.309999942779541,7.319849991798401,8.299214994907379,-0.24930651789276848,-0.25261185816914755,0.0033053402763790762
2023-10-23,6.320000171661377,6.420000076293945,6.202000141143799,6.239999771118164,45000,VMD,6.295500040054321,6.471043066179748,6.471043066179748,6.202000141143799,7.281659994125366,8.26689499616623,-0.26017545524121033,-0.2541245775835601,-0.006050877657650222
2023-10-24,6.190000057220459,6.46999979019165,6.070000171661377,6.380000114440918,87000,VMD,6.277500033378601,6.3832715531170345,6.46999979019165,6.070000171661377,7.241059997081757,8.232894996404648,-0.2545579234372779,-0.2542112467543037,-0.00034667668297422294
2023-10-25,6.369999885559082,6.539999961853027,6.244999885559082,6.329999923706055,72600,VMD,6.3712499141693115,6.330385793247817,6.539999961853027,6.244999885559082,7.204284999370575,8.197932494878769,-0.25124439751347527,-0.253617876906138,0.0023734793926627473
2023-10-26,6.340000152587891,6.355000019073486,6.050000190734863,6.159999847412109,62400,VMD,6.226250052452087,6.350817853708564,6.355000019073486,6.050000190734863,7.165859994888305,8.162019996643066,-0.25934640582438995,-0.25476358268978844,-0.00458282313460151
2023-10-27,6.210000038146973,6.210000038146973,5.909999847412109,6.039999961853027,56600,VMD,6.0924999713897705,6.288533953080326,6.288533953080326,5.909999847412109,7.129459996223449,8.1239949965477,-0.27231125898068154,-0.2582731179479671,-0.014038141032714446
2023-10-30,6.150000095367432,6.300000190734863,6.050000190734863,6.230000019073486,73900,VMD,6.182500123977661,6.190516962235048,6.300000190734863,6.050000190734863,7.0952350044250485,8.086744997501373,-0.26420894553305896,-0.25946028346498545,-0.004748662068073506
2023-10-31,6.269999980926514,6.400000095367432,6.199999809265137,6.309999942779541,37800,VMD,6.294999957084656,6.1865085431063545,6.400000095367432,6.1865085431063545,7.059535005092621,8.052969998121261,-0.24846829070685494,-0.2572618849133594,0.00879359420650444
2023-11-01,6.309999942779541,6.309999942779541,5.900000095367432,6.070000171661377,68200,VMD,6.147500038146973,6.240754250095505,6.309999942779541,5.900000095367432,7.021285002231598,8.017919996976852,-0.25244960224894886,-0.2562994283804773,0.0038498261315284554
2023-11-02,6.03000020980835,6.820000171661377,6.03000020980835,6.800000190734863,191900,VMD,6.420000195503235,6.194127144121239,6.820000171661377,6.03000020980835,6.988560001850129,7.984519999027253,-0.19445832512935457,-0.24393120773025279,0.049472882600898216
2023-11-03,6.889999866485596,7.710000038146973,6.889999866485596,7.480000019073486,183900,VMD,7.242499947547913,6.307063669812237,7.710000038146973,6.307063669812237,6.973910005092621,7.956982499361038,-0.09256251401286697,-0.21365746898677562,0.12109495497390865
2023-11-06,7.389999866485596,7.5970001220703125,7.0,7.03000020980835,53600,VMD,7.2542500495910645,6.774781808680075,7.5970001220703125,6.774781808680075,6.961945006847381,7.9287875020504,-0.047572190783061075,-0.18044041334603272,0.13286822256297165
2023-11-07,7.0,7.179999828338623,6.989999771118164,7.099999904632568,121300,VMD,7.067499876022339,7.01451592913557,7.179999828338623,6.989999771118164,6.94657000541687,7.8991625010967255,-0.006197207573923613,-0.1455917721916109,0.1393945646176873
2023-11-08,6.960000038146973,7.03000020980835,6.900000095367432,6.940000057220459,56100,VMD,6.957500100135803,7.041007902578954,7.041007902578954,6.900000095367432,6.925720007419586,7.873762502670288,0.013526192669008452,-0.11376817921948704,0.1272943718884955
2023-11-09,7.039999961853027,7.199999809265137,6.965000152587891,7.019999980926514,107400,VMD,7.056249976158142,6.999254001357379,7.199999809265137,6.965000152587891,6.905695009231567,7.852737501859665,0.03520661477698539,-0.08397322042019256,0.11917983519717795
2023-11-10,7.0,7.159999847412109,6.940000057220459,7.139999866485596,155200,VMD,7.059999942779541,7.02775198875776,7.159999847412109,6.940000057220459,6.887045011520386,7.830037502050399,0.061364125934364466,-0.05490575114928116,0.11626987708364563
2023-11-13,7.1479997634887695,7.1479997634887695,7.0,7.059999942779541,43500,VMD,7.08899986743927,7.043875965768651,7.1479997634887695,7.0,6.867350008487701,7.805227501392364,0.07477683590807427,-0.028969233737810077,0.10374606964588434
2023-11-14,7.239999771118164,7.380000114440918,7.026000022888184,7.380000114440918,109800,VMD,7.256500005722046,7.06643791660396,7.380000114440918,7.026000022888184,6.852630007266998,7.784842500686645,0.10996029090994508,-0.0011833288082590473,0.11114361971820413
2023-11-15,7.429999828338623,7.619999885559082,7.199999809265137,7.239999771118164,141300,VMD,7.3724998235702515,7.161468961163003,7.619999885559082,7.161468961163003,6.844955003261566,7.764692500829697,0.12510444859894054,0.02407422667318087,0.10103022192575967
2023-11-16,7.230000019073486,7.389999866485596,7.130000114440918,7.380000114440918,51600,VMD,7.2825000286102295,7.266984392366627,7.389999866485596,7.130000114440918,6.841305005550384,7.742742499113083,0.14671195624314404,0.048601772587173506,0.09811018365597053
2023-11-17,7.5,7.869999885559082,7.489999771118164,7.670000076293945,154300,VMD,7.632499933242798,7.274742210488428,7.869999885559082,7.274742210488428,6.847655003070831,7.724692498445511,0.18510288418920684,0.07590199490758018,0.10920088928162666
2023-11-20,7.730000019073486,7.730000019073486,7.449999809265137,7.699999809265137,98300,VMD,7.6524999141693115,7.453621071865613,7.730000019073486,7.449999809265137,6.849905004501343,7.707117499113083,0.21546495305417412,0.10381458653689897,0.11165036651727515
2023-11-21,7.690000057220459,7.929999828338623,7.690000057220459,7.820000171661377,68900,VMD,7.7825000286102295,7.553060493017462,7.929999828338623,7.553060493017462,6.859855003356934,7.688030000925064,0.2463701361674051,0.13232569646300021,0.11404443970440489
2023-11-22,7.929999828338623,7.929999828338623,7.681000232696533,7.820000171661377,36500,VMD,7.840250015258789,7.667780260813846,7.929999828338623,7.667780260813846,6.873860003948212,7.669132500886917,0.26777596184110575,0.15941574953862134,0.10836021230248441
2023-11-24,7.880000114440918,8.020000457763672,7.880000114440918,7.980000019073486,15500,VMD,7.9400001764297485,7.754015138036317,8.020000457763672,7.754015138036317,6.888460006713867,7.6525575017929075,0.29425885056031476,0.18638436974296002,0.10787448081735473
2023-11-27,7.940000057220459,8.069999694824219,7.869999885559082,8.020000457763672,88000,VMD,7.975000023841858,7.847007657233033,8.069999694824219,7.847007657233033,6.903160009384155,7.638995000123978,0.31484509352004864,0.21207651449837775,0.10276857902167089
2023-11-28,7.980000019073486,8.305000305175781,7.960000038146973,8.220000267028809,101400,VMD,8.116250157356262,7.911003840537445,8.305000305175781,7.911003840537445,6.918640012741089,7.626357500553131,0.34334033881711523,0.23832927936212525,0.10501105945498998
2023-11-29,8.300000190734863,8.460000038146973,8.010000228881836,8.079999923706055,47000,VMD,8.212500095367432,8.013626998946854,8.460000038146973,8.010000228881836,6.937265014648437,7.614632503986359,0.35058484448203764,0.26078039238610773,0.08980445209592991
2023-11-30,8.140000343322754,8.140000343322754,7.739999771118164,7.769999980926514,66900,VMD,7.947500109672546,8.113063547157143,8.140000343322754,7.739999771118164,6.953465013504029,7.601037505865097,0.32753613018602135,0.27413153994609046,0.05340459023993088
2023-12-01,7.699999809265137,7.730000019073486,7.539999961853027,7.659999847412109,108000,VMD,7.65749990940094,8.030281828414845,8.030281828414845,7.539999961853027,6.964065010547638,7.585212504863739,0.2969704757969849,0.2786993271162694,0.0182711486807155
2023-12-04,7.690000057220459,7.900000095367432,7.630000114440918,7.78000020980835,53800,VMD,7.7500001192092896,7.843890868907892,7.900000095367432,7.630000114440918,6.976390011310578,7.570512503385544,0.27921142533237475,0.2788017467594905,0.00040967857288426446
2023-12-05,7.75,8.020000457763672,7.695000171661377,7.949999809265137,46100,VMD,7.853750109672546,7.7969454940585905,8.020000457763672,7.695000171661377,6.992415013313294,7.556375002861023,0.27567696437993217,0.27817679028357883,-0.0024998259036466686
2023-12-06,8.0600004196167,8.4399995803833,7.929999828338623,8.399999618530273,74400,VMD,8.207499861717224,7.825347801865568,8.4399995803833,7.825347801865568,7.019065010547638,7.546599999666214,0.30566360267047976,0.28367415276095903,0.02198944990952073
2023-12-07,8.489999771118164,8.604999542236328,7.889999866485596,8.050000190734863,80400,VMD,8.258749842643738,8.016423831791396,8.604999542236328,7.889999866485596,7.048130006790161,7.538287496566772,0.29775387942531495,0.28649009809383025,0.011263781331484701
2023-12-08,8.020000457763672,8.210000038146973,7.920000076293945,8.029999732971191,66200,VMD,8.045000076293945,8.137586837217567,8.210000038146973,7.920000076293945,7.07318000793457,7.527762496471405,0.28656811809339366,0.28650570209374293,6.241599965073341e-05
2023-12-11,8.079999923706055,8.079999923706055,7.670000076293945,7.849999904632568,264500,VMD,7.919999957084656,8.091293456755757,8.091293456755757,7.670000076293945,7.095555007457733,7.516737495660782,0.2601796507653784,0.28124049182807004,-0.021060841062691626
2023-12-12,7.929999828338623,7.949999809265137,7.550000190734863,7.579999923706055,80400,VMD,7.752499938011169,8.005646706920206,8.005646706920206,7.550000190734863,7.116555006504059,7.50438749551773,0.2150014553687738,0.2679926845362108,-0.05299122916743698
2023-12-13,7.599999904632568,7.650000095367432,7.0,7.429999828338623,270300,VMD,7.419999957084656,7.879073322465688,7.879073322465688,7.0,7.130905005931854,7.489387496709823,0.16518945472538515,0.24743203857404567,-0.08224258384866051
2023-12-14,7.46999979019165,7.659999847412109,7.28000020980835,7.599999904632568,169800,VMD,7.502499938011169,7.649536639775172,7.659999847412109,7.28000020980835,7.14621000289917,7.474987494945526,0.13784171723363858,0.22551397430596426,-0.08767225707232568
2023-12-15,7.75,7.75,7.46999979019165,7.46999979019165,220400,VMD,7.609999895095825,7.57601828889317,7.75,7.46999979019165,7.161059999465943,7.461637492179871,0.10447420189600187,0.20130601982397178,-0.09683181792796991
2023-12-18,7.480000019073486,7.849999904632568,7.480000019073486,7.789999961853027,165300,VMD,7.649999976158142,7.593009091994498,7.849999904632568,7.480000019073486,7.175559997558594,7.447987490892411,0.10266805169966187,0.1815784261991098,-0.07891037449944793
2023-12-19,7.909999847412109,7.909999847412109,7.650000095367432,7.849999904632568,123400,VMD,7.829999923706055,7.62150453407632,7.909999847412109,7.62150453407632,7.193659996986389,7.435862489938736,0.10486929069406337,0.1662365990981005,-0.061367308404037146
2023-12-20,7.880000114440918,7.954999923706055,7.63100004196167,7.699999809265137,159100,VMD,7.791499972343445,7.725752228891187,7.954999923706055,7.63100004196167,7.212489995956421,7.426444990634918,0.09343299693450824,0.15167587866538207,-0.05824288173087383
2023-12-21,7.800000190734863,7.989999771118164,7.650000095367432,7.880000114440918,129600,VMD,7.830000042915344,7.758626100617316,7.989999771118164,7.650000095367432,7.234489996433258,7.418594990968704,0.09776717292683301,0.14089413751767227,-0.043126964590839256
2023-12-22,7.920000076293945,8.34000015258789,7.849999904632568,8.100000381469727,93600,VMD,8.052500128746033,7.7943130717663305,8.34000015258789,7.7943130717663305,7.263389999866486,7.411844992637635,0.11759861789261272,0.13623503359266037,-0.018636415700047648
2023-12-26,8.09000015258789,8.609999656677246,8.086999893188477,8.449999809265137,86600,VMD,8.309249877929688,7.923406600256182,8.609999656677246,7.923406600256182,7.301324999332428,7.408812491893769,0.1597161018592521,0.14093124724597872,0.018784854613273394
2023-12-27,8.520000457763672,8.520000457763672,8.109999656677246,8.15999984741211,72200,VMD,8.327500104904175,8.116328239092935,8.520000457763672,8.109999656677246,7.3391750001907345,7.406662492752075,0.16776010400028962,0.1462970185968409,0.021463085403448712
2023-12-28,8.149999618530273,8.170000076293945,7.869999885559082,8.0,100100,VMD,8.047499895095825,8.221914171998556,8.221914171998556,7.869999885559082,7.367524998188019,7.40208749294281,0.15938706823175686,0.1489150285238241,0.010472039707932757
2023-12-29,8.0,8.050000190734863,7.820000171661377,7.849999904632568,107000,VMD,7.930000066757202,8.13470703354719,8.13470703354719,7.820000171661377,7.393824999332428,7.395787494182587,0.1390448010535188,0.14694098302976305,-0.007896181976244254
2024-01-02,7.849999904632568,8.039999961853027,7.769999980926514,7.989999771118164,222100,VMD,7.912499904632568,8.032353550152196,8.039999961853027,7.769999980926514,7.421974997520447,7.390062491893769,0.13269065171838257,0.14409091676748695,-0.01140026504910438
2024-01-03,7.96999979019165,8.0600004196167,7.690000057220459,7.699999809265137,82200,VMD,7.855000019073486,7.972426727392382,8.0600004196167,7.690000057220459,7.451174998283387,7.385512495040894,0.10306628531974749,0.13588599047793906,-0.032819705158191576
2024-01-04,7.760000228881836,7.760000228881836,7.46999979019165,7.489999771118164,146900,VMD,7.620000004768372,7.913713373232934,7.913713373232934,7.46999979019165,7.4776649975776674,7.379662495851517,0.061929627288354716,0.1210947178400222,-0.05916509055166748
2024-01-05,7.519999980926514,7.53000020980835,7.300000190734863,7.340000152587891,101700,VMD,7.422500133514404,7.766856689000653,7.766856689000653,7.300000190734863,7.500564999580384,7.37081249833107,0.01702851963412666,0.10028147819884309,-0.08325295856471643
2024-01-08,7.349999904632568,7.369999885559082,7.260000228881836,7.289999961853027,190500,VMD,7.317499995231628,7.5946784112575285,7.5946784112575285,7.260000228881836,7.519490001201629,7.361887500286103,-0.022333087271928953,0.07575856510468869,-0.09809165237661764
2024-01-09,7.420000076293945,7.760000228881836,7.116000175476074,7.630000114440918,346200,VMD,7.481500148773193,7.456089203244579,7.760000228881836,7.116000175476074,7.544595003128052,7.355227499008179,-0.025794925669696767,0.0554478669498116,-0.08124279261950837
2024-01-10,7.610000133514404,7.929999828338623,7.349999904632568,7.929999828338623,88900,VMD,7.704999923706055,7.468794676008886,7.929999828338623,7.349999904632568,7.576845002174378,7.353152499198914,-0.004281631845114653,0.04350196719082636,-0.04778359903594101
2024-01-11,7.889999866485596,7.889999866485596,7.610000133514404,7.650000095367432,64000,VMD,7.759999990463257,7.586897299857471,7.889999866485596,7.586897299857471,7.608394999504089,7.351815001964569,-0.009713854620193807,0.03285880282862232,-0.04257265744881613
2024-01-12,7.760000228881836,7.849999904632568,7.599999904632568,7.760000228881836,52400,VMD,7.742500066757202,7.673448645160364,7.849999904632568,7.599999904632568,7.637345001697541,7.348440003395081,-0.005084230991312388,0.025270196064635382,-0.03035442705594777
2024-01-16,7.650000095367432,7.679999828338623,7.260000228881836,7.309999942779541,133800,VMD,7.475000023841858,7.7079743559587826,7.7079743559587826,7.260000228881836,7.663895001411438,7.3425900018215176,-0.03729655175757074,0.01275684650019416,-0.0500533982577649
2024-01-17,7.260000228881836,7.449999809265137,7.260000228881836,7.389999866485596,76800,VMD,7.340000033378601,7.59148718990032,7.59148718990032,7.260000228881836,7.6822949981689455,7.335427500009537,-0.05572733278298703,-0.0009399893564420789,-0.05478734342654495
2024-01-18,7.389999866485596,7.630000114440918,7.364999771118164,7.619999885559082,114500,VMD,7.50124990940094,7.465743611639461,7.630000114440918,7.364999771118164,7.687469997406006,7.330690001249313,-0.05118475419837143,-0.010988942324827949,-0.04019581187354348
2024-01-19,7.679999828338623,7.769999980926514,7.5,7.739999771118164,103600,VMD,7.672499895095825,7.4834967605202,7.769999980926514,7.4834967605202,7.695834994316101,7.328890000581741,-0.03746981139718386,-0.016285116139299134,-0.021184695257884727
2024-01-22,7.739999771118164,8.260000228881836,7.739999771118164,8.25,146500,VMD,7.997499942779541,7.577998327808013,8.260000228881836,7.577998327808013,7.714434995651245,7.330502500534058,0.014386299499132171,-0.010150833011612874,0.024537132510745047
2024-01-23,8.34000015258789,8.399999618530273,8.220000267028809,8.359999656677246,107600,VMD,8.329999923706055,7.787749135293777,8.399999618530273,7.787749135293777,7.7418849921226505,7.333802499771118,0.06362526156595028,0.004604385903899757,0.05902087566205052
2024-01-24,8.380000114440918,8.5600004196167,8.300000190734863,8.350000381469727,116200,VMD,8.397500276565552,8.058874529499915,8.5600004196167,8.058874529499915,7.768709998130799,7.3372025036811825,0.10068005876338848,0.023819520475797502,0.07686053828759098
2024-01-25,8.4399995803833,8.569999694824219,8.319999694824219,8.529999732971191,94900,VMD,8.464999675750732,8.228187403032734,8.569999694824219,8.228187403032734,7.796809992790222,7.341927502155304,0.14292316655906578,0.04764024969245116,0.09528291686661462
2024-01-26,8.619999885559082,8.649999618530273,8.359999656677246,8.390000343322754,136100,VMD,8.504999876022339,8.346593539391733,8.649999618530273,8.346593539391733,7.825129992961884,7.3462400007247926,0.1632228220217975,0.07075676415832043,0.09246605786347707
2024-01-29,8.399999618530273,8.6899995803833,8.100000381469727,8.15999984741211,140600,VMD,8.337499856948853,8.425796707707036,8.6899995803833,8.100000381469727,7.84674998998642,7.349689998626709,0.158919403442499,0.08838929201515615,0.07053011142734285
2024-01-30,8.149999618530273,8.1899995803833,7.934999942779541,7.960000038146973,88000,VMD,8.058749794960022,8.381648282327944,8.381648282327944,7.934999942779541,7.860474989414215,7.352714996337891,0.13778233112768135,0.0982678998376612,0.03951443129002015
2024-01-31,7.989999771118164,8.564000129699707,7.985000133514404,8.119999885559082,239400,VMD,8.16474997997284,8.220199038643983,8.564000129699707,7.985000133514404,7.878119988441467,7.359712496995926,0.13241529841102384,0.10509737955233373,0.027317918858690116
2024-02-01,8.170000076293945,8.260000228881836,8.0,8.260000228881836,101800,VMD,8.172500133514404,8.192474509308411,8.260000228881836,8.0,7.888919992446899,7.368287497758866,0.1378694705543646,0.11165179775273991,0.026217672801624695
2024-02-02,8.149999618530273,8.300000190734863,8.149999618530273,8.149999618530273,47300,VMD,8.187499761581421,8.182487321411408,8.300000190734863,8.149999618530273,7.899619989395141,7.374762496948242,0.13179654282603792,0.11568074676739952,0.0161157960586384
2024-02-05,8.149999618530273,8.404999732971191,8.069999694824219,8.229999542236328,134400,VMD,8.213749647140503,8.184993541496414,8.404999732971191,8.069999694824219,7.908244981765747,7.384049992561341,0.1319183564077342,0.11892826869546647,0.012990087712267728
2024-02-06,8.210000038146973,8.569999694824219,8.210000038146973,8.510000228881836,99500,VMD,8.375,8.199371594318459,8.569999694824219,8.199371594318459,7.918939981460571,7.396399992704391,0.15284668841744953,0.1257119526398631,0.027134735777586433
2024-02-07,8.520000457763672,8.520000457763672,8.25100040435791,8.40999984741211,69400,VMD,8.42525029182434,8.287185797159228,8.520000457763672,8.25100040435791,7.928644983768463,7.408552495241165,0.1595244487247136,0.1324744518568332,0.0270499968678804
2024-02-08,8.399999618530273,8.59000015258789,8.375,8.550000190734863,59100,VMD,8.478749990463257,8.356218044491785,8.59000015258789,8.356218044491785,7.938719983100891,7.420939996242523,0.1741064883333614,0.14080085915213886,0.03330562918122254
2024-02-09,8.529999732971191,8.954999923706055,8.529999732971191,8.930000305175781,151800,VMD,8.736249923706055,8.41748401747752,8.954999923706055,8.41748401747752,7.9511199784278865,7.434879995584488,0.21386044315783614,0.15541277595327832,0.058447667204557824
2024-02-12,8.930000305175781,9.020000457763672,8.835000038146973,8.979999542236328,122400,VMD,8.941250085830688,8.576866970591787,9.020000457763672,8.576866970591787,7.965694978237152,7.451479996442795,0.24655809114015703,0.17364183899065408,0.07291625214950295
2024-02-13,8.819999694824219,8.960000038146973,8.329999923706055,8.380000114440918,110700,VMD,8.622499942779541,8.759058528211238,8.960000038146973,8.329999923706055,7.979194974899292,7.4663299942016605,0.2215029254772105,0.18321405628796536,0.03828886918924515
2024-02-14,8.520000457763672,8.621999740600586,8.399999618530273,8.529999732971191,80700,VMD,8.51799988746643,8.69077923549539,8.69077923549539,8.399999618530273,7.996404974460602,7.48023499250412,0.21131434160150953,0.1888341133506742,0.022480228250835316
2024-02-15,8.569999694824219,8.880000114440918,8.460000038146973,8.869999885559082,107400,VMD,8.694999933242798,8.604389561480911,8.880000114440918,8.460000038146973,8.015304970741273,7.495847491025924,0.22804621151671434,0.19667653298388224,0.031369678532832096
2024-02-16,8.850000381469727,8.869999885559082,8.583000183105469,8.65999984741211,96500,VMD,8.740750074386597,8.649694747361854,8.869999885559082,8.583000183105469,8.033044970035553,7.512729991674423,0.2218042693870821,0.20170208026452222,0.02010218912255987
2024-02-20,8.65999984741211,8.65999984741211,8.430000305175781,8.460000038146973,76800,VMD,8.552500009536743,8.695222410874226,8.695222410874226,8.430000305175781,8.039944972991943,7.529504991769791,0.1984317741659396,0.2010480190448057,-0.0026162448788661086
2024-02-21,8.40999984741211,8.470000267028809,8.260000228881836,8.359999656677246,88900,VMD,8.375,8.623861210205485,8.623861210205485,8.260000228881836,8.04226997613907,7.545199991464615,0.16988142099320314,0.1948146994344852,-0.02493327844128207
2024-02-22,8.359999656677246,8.430000305175781,7.960000038146973,8.199999809265137,161900,VMD,8.237499952316284,8.499430605102742,8.499430605102742,7.960000038146973,8.046119973659515,7.559649990797043,0.13281341947179648,0.18241444344194746,-0.04960102397015098
2024-02-23,8.210000038146973,8.65999984741211,8.210000038146973,8.59000015258789,99800,VMD,8.417500019073486,8.368465278709513,8.65999984741211,8.210000038146973,8.056069974899293,7.575812491178513,0.1333691331947673,0.17260538139251144,-0.039236248197744156
2024-02-26,8.579999923706055,8.899999618530273,8.539999961853027,8.760000228881836,135100,VMD,8.694999933242798,8.3929826488915,8.899999618530273,8.3929826488915,8.074919974803924,7.595737490653992,0.14584590492487592,0.16725348609898436,-0.02140758117410843
2024-02-27,8.859999656677246,8.881999969482422,8.579999923706055,8.609999656677246,44700,VMD,8.732999801635742,8.54399129106715,8.881999969482422,8.54399129106715,8.101179971694947,7.616042488813401,0.14199323422502452,0.1622014357241924,-0.020208201499167883
2024-02-28,8.550000190734863,8.649999618530273,8.399999618530273,8.5,90000,VMD,8.524999856948853,8.638495546351447,8.649999618530273,8.399999618530273,8.1216299700737,7.633919986486435,0.1285817021272404,0.15547748900480202,-0.02689578687756161
2024-02-29,8.65999984741211,8.670000076293945,8.399999618530273,8.460000038146973,77200,VMD,8.547499895095825,8.58174770165015,8.670000076293945,8.399999618530273,8.1403799700737,7.650719984769821,0.11341789281873638,0.1470655697675889,-0.03364767694885251
2024-03-01,8.510000228881836,8.835000038146973,8.470000267028809,8.569999694824219,90500,VMD,8.596250057220459,8.564623798372988,8.835000038146973,8.470000267028809,8.159304971694946,7.66743248462677,0.10901980522856469,0.13945641685978405,-0.030436611631219357
2024-03-04,8.640000343322754,9.40999984741211,8.640000343322754,9.180000305175781,380000,VMD,8.96750020980835,8.580436927796724,9.40999984741211,8.580436927796724,8.182054977416993,7.687857487201691,0.1529926365152665,0.14216366079088055,0.010828975724385959
2024-03-05,9.109999656677246,9.369999885559082,8.920000076293945,9.130000114440918,281700,VMD,9.132499933242798,8.773968568802538,9.369999885559082,8.773968568802538,8.208874976634979,7.7106824862957,0.1817121599261089,0.15007336061792623,0.03163879930818267
2024-03-06,9.170000076293945,9.550000190734863,9.170000076293945,9.380000114440918,212400,VMD,9.317500114440918,8.953234251022668,9.550000190734863,8.953234251022668,8.238624978065491,7.7365574872493745,0.22208543712917717,0.16447577592017643,0.05760966120900074
2024-03-07,9.5600004196167,10.020000457763672,9.300000190734863,9.989999771118164,221900,VMD,9.71750020980835,9.135367182731793,10.020000457763672,9.135367182731793,8.271924979686737,7.767657489776611,0.2998469752183226,0.19155001577980568,0.10829695943851692
2024-03-08,9.960000038146973,10.4399995803833,9.640999794006348,9.90999984741211,187400,VMD,9.987749814987183,9.42643369627007,10.4399995803833,9.42643369627007,8.305494978427888,7.803409988880158,0.3509724373547112,0.2234345000947868,0.12753793725992438
2024-03-11,9.770000457763672,10.0,9.039999961853027,9.34000015258789,278600,VMD,9.537500143051147,9.707091755628626,10.0,9.039999961853027,8.329694979190826,7.834434989690781,0.34155825183622035,0.24705925044307353,0.09449900139314682
2024-03-12,9.239999771118164,9.520000457763672,9.1899995803833,9.479999542236328,172100,VMD,9.357499837875366,9.622295949339886,9.622295949339886,9.1899995803833,8.355894978046416,7.861709988117218,0.34145810621008543,0.2659390215964759,0.07551908461360951
2024-03-13,9.470000267028809,9.569999694824219,9.3100004196167,9.479999542236328,135700,VMD,9.457499980926514,9.489897893607626,9.569999694824219,9.3100004196167,8.386444976329804,7.890134987831115,0.3374883840675569,0.28024889409069215,0.05723948997686473
2024-03-14,9.460000038146973,9.470000267028809,9.229999542236328,9.319999694824219,164800,VMD,9.369999885559082,9.47369893726707,9.47369893726707,9.229999542236328,8.415594975948334,7.918784986734391,0.31776866083962396,0.2877528474404785,0.03001581339914544
2024-03-15,9.229999542236328,9.65999984741211,9.149999618530273,9.600000381469727,2403400,VMD,9.40999984741211,9.421849411413076,9.65999984741211,9.149999618530273,8.446694972515106,7.948934985399246,0.3210336770647917,0.29440901336534114,0.026624663699450546
2024-03-18,9.65999984741211,9.850000381469727,9.430000305175781,9.5600004196167,242400,VMD,9.625000238418579,9.415924629412594,9.850000381469727,9.415924629412594,8.48679497718811,7.982229987382889,0.3167423546197128,0.29887568161621547,0.017866673003497313
2024-03-19,9.539999961853027,9.670000076293945,9.350000381469727,9.420000076293945,115000,VMD,9.495000123977661,9.520462433915586,9.670000076293945,9.350000381469727,8.528244976997376,8.014404988288879,0.29860248936639877,0.29882104316625213,-0.00021855379985336043
2024-03-20,9.369999885559082,9.5600004196167,9.289999961853027,9.4399995803833,148000,VMD,9.414999961853027,9.507731278946624,9.5600004196167,9.289999961853027,8.570194976329804,8.044842488765717,0.2825828688888361,0.29557340831076895,-0.012990539421932845
2024-03-21,9.470000267028809,9.699999809265137,9.4399995803833,9.489999771118164,101000,VMD,9.524999856948853,9.461365620399825,9.699999809265137,9.4399995803833,8.611064970493317,8.077829986810684,0.27080018579393794,0.29061876380740276,-0.019818578013464816
2024-03-22,9.539999961853027,9.539999961853027,9.112000465393066,9.149999618530273,124600,VMD,9.335500001907349,9.493182738674339,9.539999961853027,9.112000465393066,8.643674972057342,8.11025998711586,0.2313601776266072,0.2787670465712437,-0.04740686894463647
2024-03-25,9.09000015258789,9.25,8.800000190734863,9.069999694824219,157500,VMD,9.052500009536743,9.414341370290844,9.414341370290844,8.800000190734863,8.669524972438813,8.13895998597145,0.19144154281095993,0.2613019458191869,-0.06986040300822699
2024-03-26,9.140000343322754,9.239999771118164,9.076000213623047,9.09000015258789,94500,VMD,9.136500120162964,9.233420689913793,9.239999771118164,9.076000213623047,8.697404973506927,8.167374987602233,0.15958006723214524,0.2409575701017786,-0.08137750286963336
2024-03-27,9.149999618530273,9.470000267028809,9.149999618530273,9.380000114440918,174500,VMD,9.287499904632568,9.184960405038378,9.470000267028809,9.149999618530273,8.733654971122741,8.19877498626709,0.15593269651642494,0.22395259538470788,-0.06801989886828294
2024-03-28,9.4399995803833,9.699999809265137,9.399999618530273,9.430000305175781,181300,VMD,9.492499828338623,9.236230154835473,9.699999809265137,9.236230154835473,8.776704967021942,8.229499982595444,0.15528667830470866,0.21021941196870805,-0.054932733663999395
2024-04-01,9.430000305175781,9.430000305175781,9.260000228881836,9.380000114440918,187200,VMD,9.375000238418579,9.364364991587049,9.430000305175781,9.260000228881836,8.814179973602295,8.25082498550415,0.14902227072061436,0.19797998371908931,-0.048957712998474956
2024-04-02,9.34000015258789,9.34000015258789,8.829999923706055,8.84000015258789,88400,VMD,9.087500095367432,9.369682615002814,9.369682615002814,8.829999923706055,8.842479977607727,8.269157485961914,0.09933907955140242,0.17825180288555195,-0.07891272333414953
2024-04-03,8.8100004196167,9.0600004196167,8.8100004196167,8.949999809265137,81500,VMD,8.907500267028809,9.228591355185124,9.228591355185124,8.8100004196167,8.860679984092712,8.287557489871979,0.06805633452924909,0.1562127092142914,-0.08815637468504231
2024-04-04,9.020000457763672,9.135000228881836,8.859999656677246,8.890000343322754,102000,VMD,8.976250171661377,9.068045811106966,9.135000228881836,8.859999656677246,8.873604989051818,8.307744990587235,0.037985208416440486,0.13256720905472122,-0.09458200063828073
2024-04-05,8.850000381469727,8.869999885559082,8.449999809265137,8.5,84500,VMD,8.667500019073486,9.022147991384172,9.022147991384172,8.449999809265137,8.879004983901977,8.323857491016389,-0.017118809041466676,0.10263000543548365,-0.11974881447695032
2024-04-08,8.520000457763672,8.529999732971191,8.359999656677246,8.5,83200,VMD,8.477499961853027,8.84482400522883,8.84482400522883,8.359999656677246,8.879254989624023,8.338032491207123,-0.060096386149041336,0.07008472711857865,-0.13018111326762
2024-04-09,8.529999732971191,8.640000343322754,8.359999656677246,8.380000114440918,75400,VMD,8.477499961853027,8.661161983540929,8.661161983540929,8.359999656677246,8.878704991340637,8.35191749215126,-0.10265605838733549,0.03553657001739582,-0.13819262840473132
2024-04-10,8.15999984741211,8.229999542236328,7.980000019073486,8.020000457763672,118300,VMD,8.097499966621399,8.569330972696978,8.569330972696978,7.980000019073486,8.873904993534088,8.360327491760254,-0.1635485826578318,-0.004280460517649705,-0.15926812214018207
2024-04-11,8.039999961853027,8.350000381469727,8.039999961853027,8.25,123100,VMD,8.170000076293945,8.333415469659188,8.350000381469727,8.039999961853027,8.876129999160767,8.36830249428749,-0.19104505747588973,-0.04163337990929771,-0.14941167756659202
2024-04-12,8.1899995803833,8.239999771118164,8.024999618530273,8.180000305175781,108000,VMD,8.15874981880188,8.251707772976566,8.251707772976566,8.024999618530273,8.876009995937347,8.377064992189407,-0.21599474921418071,-0.07650565377027432,-0.1394890954439064
2024-04-15,8.180000305175781,8.229999542236328,8.039999961853027,8.140000343322754,100600,VMD,8.147500038146973,8.205228795889223,8.229999542236328,8.039999961853027,8.875509994029999,8.382214993238449,-0.2362716300206138,-0.10845884902034222,-0.12781278100027157
2024-04-16,8.130000114440918,8.350000381469727,8.029999732971191,8.260000228881836,93200,VMD,8.192500114440918,8.176364417018098,8.350000381469727,8.029999732971191,8.875610001087189,8.387614995241165,-0.23989288046515078,-0.13474565530930394,-0.10514722515584685
2024-04-17,8.180000305175781,8.329999923706055,7.809999942779541,7.820000171661377,81800,VMD,8.035000085830688,8.184432265729509,8.329999923706055,7.809999942779541,8.872035009860992,8.390139995813369,-0.27509594015905314,-0.1628157122792538,-0.11228022787979935
2024-04-18,7.829999923706055,7.960000038146973,7.679999828338623,7.800000190734863,129700,VMD,7.817499995231628,8.109716175780099,8.109716175780099,7.679999828338623,8.860885009765624,8.389912495613098,-0.30113712853833974,-0.19047999553107098,-0.11065713300726876
2024-04-19,7.75,7.989999771118164,7.739999771118164,7.880000114440918,115800,VMD,7.8399999141693115,7.9636080855058635,7.989999771118164,7.739999771118164,8.849180002212524,8.388912492990494,-0.31172624656221615,-0.2147292457373,-0.09699700082491614
2024-04-22,7.900000095367432,7.96999979019165,7.809999942779541,7.840000152587891,89100,VMD,7.879999995231628,7.901803999837588,7.96999979019165,7.809999942779541,8.837205002307892,8.387962492704391,-0.31966100839185074,-0.23571559826821017,-0.08394541012364057
2024-04-23,7.829999923706055,8.234999656677246,7.829999923706055,8.0600004196167,136400,VMD,7.988749980926514,7.890901997534608,8.234999656677246,7.829999923706055,8.822255003452302,8.386687490940094,-0.3046849627872241,-0.24950947117201297,-0.05517549161521115
2024-04-24,8.0,8.164999961853027,7.965000152587891,8.09000015258789,139300,VMD,8.055000066757202,7.939825989230561,8.164999961853027,7.939825989230561,8.80453000307083,8.385112490653992,-0.28708625932393517,-0.2570248288023974,-0.030061430521537758
2024-04-25,8.0,8.069999694824219,7.940000057220459,8.010000228881836,75100,VMD,8.004999995231628,7.997413027993882,8.069999694824219,7.940000057220459,8.792180004119873,8.385687489509582,-0.2764082233526217,-0.2609015077124423,-0.015506715640179414
2024-04-26,7.889999866485596,8.3100004196167,7.840000152587891,8.3100004196167,56400,VMD,8.087500214576721,8.001206511612756,8.3100004196167,7.840000152587891,8.783570010662078,8.38998749256134,-0.240960650343796,-0.25691333623871304,0.01595268589491705
2024-04-29,8.390000343322754,8.399999618530273,8.210000038146973,8.220000267028809,136500,VMD,8.305000066757202,8.04435336309474,8.399999618530273,8.04435336309474,8.775770013332368,8.39553749203682,-0.2176218443428226,-0.24905503785953498,0.031433193516712366
2024-04-30,8.25,8.34000015258789,8.119999885559082,8.1899995803833,100900,VMD,8.224999904632568,8.17467671492597,8.34000015258789,8.119999885559082,8.765455009937286,8.39924998998642,-0.19924965117597182,-0.23909396052282236,0.03984430934685054
2024-05-01,8.220000267028809,8.5,8.170000076293945,8.350000381469727,87300,VMD,8.31000018119812,8.19983830977927,8.5,8.170000076293945,8.760605013370514,8.40027499318123,-0.1698212347770891,-0.22523941537367573,0.055418180596586625
2024-05-02,8.390000343322754,8.430000305175781,8.119999885559082,8.1899995803833,92500,VMD,8.28250002861023,8.254919245488695,8.430000305175781,8.119999885559082,8.758755013942718,8.400512495040893,-0.15759309512358222,-0.21171015132365703,0.054117056200074815
2024-05-03,8.3100004196167,8.310999870300293,8.029999732971191,8.180000305175781,101700,VMD,8.207750082015991,8.268709637049461,8.310999870300293,8.029999732971191,8.758160016536713,8.402139995098114,-0.14701437409965656,-0.19877099587885694,0.051756621779200374
2024-05-06,8.180000305175781,8.244999885559082,8.079999923706055,8.220000267028809,108900,VMD,8.181250095367432,8.238229859532726,8.244999885559082,8.079999923706055,8.753435018062591,8.404752496480942,-0.1338599447268276,-0.18578878564845108,0.051928840921623476
2024-05-07,8.199999809265137,8.199999809265137,7.599999904632568,7.659999847412109,179400,VMD,7.914999842643738,8.209739977450079,8.209739977450079,7.599999904632568,8.73783501625061,8.406377495527268,-0.1667006965582587,-0.18197116783041262,0.015270471272153918
2024-05-08,7.590000152587891,7.730000019073486,7.25,7.269999980926514,146800,VMD,7.460000038146973,8.062369910046908,8.062369910046908,7.25,8.712375020980835,8.40677749633789,-0.2216420077520107,-0.18990533581473223,-0.03173667193727847
2024-05-09,7.269999980926514,7.329999923706055,7.050000190734863,7.130000114440918,111500,VMD,7.195000052452087,7.76118497409694,7.76118497409694,7.050000190734863,8.6857750248909,8.4037024974823,-0.27332944025591477,-0.20659015670296876,-0.066739283552946
2024-05-10,7.130000114440918,7.255000114440918,6.920000076293945,7.144999980926514,300700,VMD,7.112500071525574,7.478092513274514,7.478092513274514,6.920000076293945,8.657075028419495,8.398727499246597,-0.30951385597088166,-0.22717489655655135,-0.08233895941433031
2024-05-13,7.139999866485596,7.329999923706055,6.900000095367432,7.050000190734863,266300,VMD,7.105000019073486,7.295296292400044,7.329999923706055,6.900000095367432,8.627250027656554,8.39327749967575,-0.3419145768344105,-0.2501228326121232,-0.09179174422228731
2024-05-14,7.079999923706055,7.099999904632568,6.690000057220459,6.699999809265137,205400,VMD,6.892499923706055,7.200148155736765,7.200148155736765,6.690000057220459,8.585750021934508,8.38390249967575,-0.3913235529349377,-0.27836297667668614,-0.11296057625825157
2024-05-15,6.769999980926514,7.0,6.679999828338623,6.920000076293945,264700,VMD,6.8424999713897705,7.04632403972141,7.04632403972141,6.679999828338623,8.539950022697449,8.374412499666214,-0.40802488267595916,-0.3042953578765408,-0.10372952479941838
2024-05-16,6.96999979019165,7.144999980926514,6.965000152587891,7.070000171661377,217400,VMD,7.037500023841858,6.9444120055555905,7.144999980926514,6.9444120055555905,8.494350020885468,8.366487499475479,-0.40449429429359185,-0.324335145159951,-0.08015914913364086
2024-05-17,7.099999904632568,7.183000087738037,7.059999942779541,7.110000133514404,181500,VMD,7.113250017166138,6.990956014698725,7.183000087738037,6.990956014698725,8.442265017032623,8.35709499835968,-0.39392766205937413,-0.33825364853983564,-0.05567401351953849
2024-05-20,7.099999904632568,7.130000114440918,7.070000171661377,7.099999904632568,177300,VMD,7.100000023841858,7.052103015932431,7.130000114440918,7.052103015932431,8.384510021209717,8.345002499818802,-0.3819574965210384,-0.34699441813607623,-0.034963078384962154
2024-05-21,7.090000152587891,7.170000076293945,6.929999828338623,7.03000020980835,311500,VMD,7.055000066757202,7.0760515198871445,7.170000076293945,6.929999828338623,8.334860019683838,8.332277499437332,-0.37381039095394897,-0.3523576126996508,-0.021452778254298144
2024-05-22,7.03000020980835,7.099999904632568,6.949999809265137,7.03000020980835,123200,VMD,7.027500033378601,7.065525793322173,7.099999904632568,6.949999809265137,8.288260023593903,8.32207750082016,-0.3631673835614553,-0.35451956687201175,-0.008647816689443533
2024-05-23,7.070000171661377,7.070000171661377,6.800000190734863,6.900000095367432,119900,VMD,6.960000157356262,7.046512913350387,7.070000171661377,6.800000190734863,8.238310027122498,8.31237750172615,-0.3610605648639176,-0.35582776647039294,-0.00523279839352464
2024-05-24,6.889999866485596,7.139999866485596,6.880000114440918,7.059999942779541,223700,VMD,6.992499947547913,7.003256535353325,7.139999866485596,6.880000114440918,8.190760028362273,8.303177502155304,-0.34253175253110335,-0.353168563682535,0.010636811151431669
2024-05-28,7.119999885559082,7.230000019073486,6.949999809265137,7.099999904632568,289600,VMD,7.099999904632568,6.997878241450619,7.230000019073486,6.949999809265137,8.144560029506684,8.295627501010895,-0.320920500868616,-0.34671895111975126,0.025798450251135252
2024-05-29,7.070000171661377,7.150000095367432,6.989999771118164,7.019999980926514,120700,VMD,7.057500004768372,7.048939073041593,7.150000095367432,6.989999771118164,8.09321002483368,8.290002501010894,-0.30671315515098385,-0.33871779192599777,0.03200463677501392
2024-05-30,7.059999942779541,7.21999979019165,7.059999942779541,7.199999809265137,85400,VMD,7.134999871253967,7.053219538904982,7.21999979019165,7.053219538904982,8.046010019779205,8.28712749838829,-0.2777277765571542,-0.3265197888522291,0.048792012295074905
2024-05-31,7.230000019073486,7.449999809265137,7.22599983215332,7.409999847412109,283400,VMD,7.328999876976013,7.094109705079475,7.449999809265137,7.094109705079475,8.004290018081665,8.287242497205733,-0.23510130565217668,-0.30823609221221865,0.07313478656004196
2024-06-03,7.440000057220459,7.630000114440918,7.349999904632568,7.480000019073486,189300,VMD,7.475000023841858,7.211554791027744,7.630000114440918,7.211554791027744,7.9632900214195255,8.28717749595642,-0.1934412215268324,-0.28527711807514144,0.09183589654830904
2024-06-04,7.440000057220459,7.440000057220459,7.269999980926514,7.380000114440918,100100,VMD,7.382500052452087,7.343277407434801,7.440000057220459,7.269999980926514,7.92423002243042,8.283952497243881,-0.1665742964816319,-0.2615365537564395,0.09496225727480762
2024-06-05,7.409999847412109,7.579999923706055,7.364999771118164,7.550000190734863,99100,VMD,7.476249933242798,7.362888729943444,7.579999923706055,7.362888729943444,7.892705020904541,8.281114996671677,-0.130065169103891,-0.23524227682592982,0.10517710772203884
2024-06-06,7.5,7.550000190734863,7.349999904632568,7.369999885559082,126800,VMD,7.442499995231628,7.419569331593121,7.550000190734863,7.349999904632568,7.8588250184059145,8.278114995956422,-0.11433792648174723,-0.2110614067570933,0.09672348027534608
2024-06-07,7.320000171661377,7.409999847412109,7.199999809265137,7.199999809265137,149000,VMD,7.28249990940094,7.431034663412374,7.431034663412374,7.199999809265137,7.818725018501282,8.276189994812011,-0.11427427608064722,-0.1917039806218041,0.07742970454115689
2024-06-10,7.150000095367432,7.21999979019165,7.099999904632568,7.119999885559082,129600,VMD,7.147499918937683,7.356767286406657,7.356767286406657,7.099999904632568,7.771825020313263,8.274264993667602,-0.11930389687593124,-0.17722396387262954,0.0579200669966983
2024-06-11,7.099999904632568,7.150000095367432,7.0,7.099999904632568,132300,VMD,7.087499976158142,7.2521336026721706,7.2521336026721706,7.0,7.726075015068054,8.270127494335174,-0.1234803344746247,-0.16647523799302857,0.042994903518403876
2024-06-12,7.25,7.449999809265137,7.199999809265137,7.329999923706055,172200,VMD,7.307499885559082,7.169816789415156,7.449999809265137,7.169816789415156,7.690475010871888,8.266477494239806,-0.1069977090264338,-0.15457973219970964,0.04758202317327584
2024-06-13,7.300000190734863,7.300000190734863,7.079999923706055,7.139999866485596,63500,VMD,7.205000042915344,7.238658337487119,7.300000190734863,7.079999923706055,7.656425006389618,8.258552495241165,-0.10802132374955153,-0.14526805050967803,0.0372467267601265
2024-06-14,7.03000020980835,7.099999904632568,6.965000152587891,7.0,128400,VMD,7.023750066757202,7.221829190201232,7.221829190201232,6.965000152587891,7.617375004291534,8.245489996671676,-0.11876036937763068,-0.13996651428326856,0.02120614490563788
2024-06-17,6.980000019073486,7.0,6.835000038146973,6.860000133514404,102800,VMD,6.918750047683716,7.122789628479217,7.122789628479217,6.835000038146973,7.582400004863739,8.230702494382859,-0.1369888375594197,-0.13937097893849879,0.002382141379079078
2024-06-18,6.860000133514404,6.86899995803833,6.599999904632568,6.610000133514404,84300,VMD,6.734750032424927,7.020769838081467,7.020769838081467,6.599999904632568,7.547545006275177,8.213399997949601,-0.1696522945387775,-0.14542724205855453,-0.02422505248022297
2024-06-20,6.599999904632568,6.659999847412109,6.460000038146973,6.510000228881836,112900,VMD,6.557500004768372,6.877759935253197,6.877759935253197,6.460000038146973,7.509145007133484,8.19392499923706,-0.20128716297433336,-0.1565992262417103,-0.04468793673262306
2024-06-21,6.570000171661377,6.650000095367432,6.519999980926514,6.599999904632568,215800,VMD,6.585000038146973,6.717629970010784,6.717629970010784,6.519999980926514,7.478895008563995,8.176400001049041,-0.2165989841904583,-0.16859917783145992,-0.04799980635899839
2024-06-24,6.5,6.659999847412109,6.380000114440918,6.400000095367432,188600,VMD,6.485000014305115,6.651315004078878,6.659999847412109,6.380000114440918,7.445195007324219,8.160662503242493,-0.24208146156110377,-0.1832956345773887,-0.05878582698371507
2024-06-25,6.360000133514404,6.829999923706055,6.309999942779541,6.320000171661377,102400,VMD,6.455000042915344,6.568157509191996,6.829999923706055,6.309999942779541,7.411120011806488,8.143565003871919,-0.2656693626849007,-0.19977038019889112,-0.06589898248600959
2024-06-26,6.309999942779541,6.389999866485596,6.214000225067139,6.380000114440918,240500,VMD,6.323500037193298,6.51157877605367,6.51157877605367,6.214000225067139,7.374640011787415,8.125075002908707,-0.27633602069195806,-0.21508350829750453,-0.061252512394453534
2024-06-27,6.409999847412109,6.510000228881836,6.340000152587891,6.46999979019165,157100,VMD,6.432500004768372,6.417539406623485,6.510000228881836,6.340000152587891,7.339440009593964,8.107525005340577,-0.27436449917672245,-0.22693970647334813,-0.047424792703374324
2024-06-28,6.550000190734863,6.739999771118164,6.400000095367432,6.550000190734863,492900,VMD,6.560000061988831,6.425019705695928,6.739999771118164,6.400000095367432,7.309940009117127,8.090987509489059,-0.2633114005197239,-0.2342140452826233,-0.02909735523710061
2024-07-01,6.559999942779541,6.559999942779541,6.360000133514404,6.400000095367432,81500,VMD,6.4700000286102295,6.492509883842379,6.559999942779541,6.360000133514404,7.282990009784698,8.071937509775161,-0.2636166852420443,-0.2400945732745075,-0.023522111967536785
2024-07-02,6.400000095367432,6.579999923706055,6.380000114440918,6.550000190734863,66800,VMD,6.477500081062317,6.481254956226304,6.579999923706055,6.380000114440918,7.2557400131225585,8.052460007667541,-0.2488858701063803,-0.2418528326408821,-0.007033037465498215
2024-07-03,6.570000171661377,6.630000114440918,6.510000228881836,6.599999904632568,25500,VMD,6.577500104904175,6.479377518644311,6.630000114440918,6.479377518644311,7.2296900153160095,8.033447508811951,-0.23051974579906176,-0.23958621527251803,0.009066469473456268
2024-07-05,6.559999942779541,6.559999942779541,6.320000171661377,6.400000095367432,214200,VMD,6.460000038146973,6.528438811774243,6.559999942779541,6.320000171661377,7.199115016460419,8.01068500995636,-0.22945772725693914,-0.23756051766940225,0.008102790412463118
2024-07-08,6.46999979019165,6.570000171661377,6.360000133514404,6.360000133514404,135200,VMD,6.440000057220459,6.494219424960608,6.570000171661377,6.360000133514404,7.166815016269684,7.985672509670257,-0.22920163872068056,-0.23588874187965791,0.006687103158977359
2024-07-09,6.360000133514404,6.369999885559082,6.269999980926514,6.300000190734863,62200,VMD,6.325000047683716,6.467109741090534,6.467109741090534,6.269999980926514,7.133215017318726,7.962697510719299,-0.23117533528898093,-0.23494606056152254,0.003770725272541603
2024-07-10,6.329999923706055,6.400000095367432,6.275000095367432,6.360000133514404,104200,VMD,6.341250061988831,6.396054894387125,6.400000095367432,6.275000095367432,7.098290014266968,7.9409300124645235,-0.2253008817770139,-0.23301702480462083,0.007716143027606925
2024-07-11,6.539999961853027,6.610000133514404,6.429999828338623,6.579999923706055,149400,VMD,6.539999961853027,6.368652478187977,6.610000133514404,6.368652478187977,7.062990012168885,7.919380012750626,-0.20058101747996204,-0.22652982333968907,0.02594880585972703
2024-07-12,6.690000057220459,6.78000020980835,6.570000171661377,6.690000057220459,159100,VMD,6.682500123977661,6.454326220020502,6.78000020980835,6.454326220020502,7.032140016555786,7.898797513246536,-0.17015283944573856,-0.215254426560899,0.045101587115160435
2024-07-15,6.760000228881836,6.920000076293945,6.730000019073486,6.829999923706055,172400,VMD,6.810000061988831,6.568413171999081,6.920000076293945,6.568413171999081,7.002140014171601,7.8813725137710575,-0.13320595460587725,-0.19884473216989465,0.0656387775640174
2024-07-16,6.909999847412109,7.230000019073486,6.889999866485596,7.210000038146973,166400,VMD,7.059999942779541,6.689206616993956,7.230000019073486,6.689206616993956,6.977690012454986,7.868222513198853,-0.07242754903969217,-0.17356129554385416,0.10113374650416199
2024-07-17,7.179999828338623,7.28000020980835,7.070000171661377,7.190000057220459,126400,VMD,7.180000066757202,6.874603279886749,7.28000020980835,6.874603279886749,6.957135012149811,7.857647514343261,-0.025579195019984624,-0.14396487543908026,0.11838568041909564
2024-07-18,7.159999847412109,7.300000190734863,7.039999961853027,7.090000152587891,145800,VMD,7.147500038146973,7.0273016733219755,7.300000190734863,7.0273016733219755,6.936460011005401,7.844947514533996,0.0034396562785552476,-0.11448396909555317,0.11792362537410842
2024-07-19,7.110000133514404,7.239999771118164,6.804999828338623,6.809999942779541,62600,VMD,6.991249918937683,7.087400855734474,7.239999771118164,6.804999828338623,6.917985012531281,7.8279100143909455,0.0037998261000664613,-0.09082721005642924,0.0946270361564957
2024-07-22,6.78000020980835,7.119999885559082,6.78000020980835,7.079999923706055,91700,VMD,6.940000057220459,7.039325387336079,7.119999885559082,6.78000020980835,6.90758501291275,7.809980016946793,0.02557716758855033,-0.06754633452743333,0.09312350211598366
2024-07-23,6.989999771118164,7.510000228881836,6.949999809265137,7.489999771118164,249000,VMD,7.234999895095825,6.989662722278268,7.510000228881836,6.949999809265137,6.908385009765625,7.797080017328263,0.07505425011424194,-0.03902621759909828,0.11408046771334021
2024-07-24,7.489999771118164,7.545000076293945,7.300000190734863,7.360000133514404,101100,VMD,7.423750042915344,7.112331308687047,7.545000076293945,7.112331308687047,6.914610009193421,7.785842518806458,0.10259268555926493,-0.010702436967425637,0.11329512252669056
2024-07-25,7.369999885559082,7.71999979019165,7.369999885559082,7.570000171661377,115200,VMD,7.507499933242798,7.2680406758011955,7.71999979019165,7.2680406758011955,6.922660007476806,7.774955017566681,0.13975137522667058,0.01938832547139361,0.12036304975527698
2024-07-26,7.690000057220459,7.690000057220459,7.309999942779541,7.420000076293945,101700,VMD,7.527500033378601,7.387770304521997,7.690000057220459,7.309999942779541,6.935360009670258,7.7605550158023835,0.15530588088861297,0.04657183655483749,0.10873404433377548
2024-07-29,7.429999828338623,7.429999828338623,7.159999847412109,7.190000057220459,77100,VMD,7.302499890327454,7.457635168950299,7.457635168950299,7.159999847412109,6.944560008049011,7.74225501537323,0.14737501194109814,0.06673247163208962,0.08064254030900853
2024-07-30,7.230000019073486,7.26200008392334,7.130000114440918,7.150000095367432,92100,VMD,7.193000078201294,7.380067529638876,7.380067529638876,7.130000114440918,6.9476700091362,7.721010015010834,0.13629100071541167,0.08064417744875403,0.05564682326665764
2024-07-31,7.21999979019165,7.349999904632568,7.03000020980835,7.210000038146973,135200,VMD,7.202499985694885,7.286533803920085,7.349999904632568,7.03000020980835,6.949455008506775,7.695860012769699,0.13084009276071562,0.09068336051114635,0.04015673224956927
2024-08-01,7.210000038146973,7.329999923706055,6.849999904632568,6.860000133514404,111200,VMD,7.0625,7.244516894807485,7.329999923706055,6.849999904632568,6.948705008029938,7.666607514619828,0.09715816287952972,0.09197832098482303,0.005179841894706688
2024-08-02,6.650000095367432,6.940000057220459,6.535999774932861,6.900000095367432,128400,VMD,6.756500005722046,7.153508447403743,7.153508447403743,6.535999774932861,6.942735006809235,7.638797513246536,0.07285285109332129,0.08815322700652269,-0.015300375913201394
2024-08-05,6.639999866485596,6.769999980926514,6.53000020980835,6.630000114440918,141000,VMD,6.642500042915344,6.955004226562894,6.955004226562894,6.53000020980835,6.9350350069999696,7.611647515296936,0.031441535960777145,0.07681088879737358,-0.04536935283659643
2024-08-06,6.639999866485596,6.840000152587891,6.559999942779541,6.760000228881836,70500,VMD,6.700000047683716,6.79875213473912,6.840000152587891,6.559999942779541,6.9298350048065185,7.584072515964508,0.009008844789987869,0.06325047999589643,-0.054241635205908564
2024-08-07,6.809999942779541,6.809999942779541,6.46999979019165,6.53000020980835,100500,VMD,6.6549999713897705,6.749376091211418,6.809999942779541,6.46999979019165,6.9230850052833555,7.556922516822815,-0.02701687026751909,0.04519700994321333,-0.07221388021073241
2024-08-08,6.400000095367432,7.199999809265137,6.400000095367432,7.179999828338623,152500,VMD,6.794999957084656,6.702188031300594,7.199999809265137,6.400000095367432,6.916985006332397,7.530772517919541,-0.003082439614802368,0.03554112003161019,-0.03862355964641256
2024-08-09,7.179999828338623,7.400000095367432,7.139999866485596,7.260000228881836,67400,VMD,7.245000004768372,6.748593994192625,7.400000095367432,6.748593994192625,6.920735006332397,7.506972515583039,0.02208653304379027,0.032850202634046206,-0.010763669590255938
2024-08-12,7.260000228881836,7.260000228881836,7.03000020980835,7.059999942779541,117800,VMD,7.152500152587891,6.996796999480498,7.260000228881836,6.996796999480498,6.921085011959076,7.483547515869141,0.025599676457105147,0.031400097398658,-0.00580042094155285
2024-08-13,7.070000171661377,7.199999809265137,7.019999980926514,7.090000152587891,83200,VMD,7.0950000286102295,7.074648576034194,7.199999809265137,7.019999980926514,6.91640501499176,7.460347516536713,0.030453584170687442,0.03121079475306389,-0.0007572105823764469
2024-08-14,7.090000152587891,7.130000114440918,7.0,7.090000152587891,53500,VMD,7.077500104904175,7.084824302322212,7.130000114440918,7.0,6.908455016613007,7.435872519016266,0.033909453927246425,0.031750526587900396,0.0021589273393460284
2024-08-15,7.090000152587891,7.329999923706055,7.090000152587891,7.199999809265137,209600,VMD,7.177500009536743,7.081162203613193,7.329999923706055,7.081162203613193,6.9043550157547,7.41429251909256,0.04500551305632783,0.034401523881585884,0.010603989174741944
2024-08-16,7.199999809265137,7.550000190734863,7.130000114440918,7.440000057220459,205300,VMD,7.330000042915344,7.129331106574968,7.550000190734863,7.129331106574968,6.901430017948151,7.397067519426346,0.07233144226151556,0.04198750755757182,0.030343934703943733
2024-08-19,7.440000057220459,7.480000019073486,7.190000057220459,7.309999942779541,42500,VMD,7.355000019073486,7.229665574745156,7.480000019073486,7.190000057220459,6.899680018424988,7.379252518415451,0.08254597661489171,0.050099201369035805,0.03244677524585591
2024-08-20,7.289999961853027,7.449999809265137,7.25,7.380000114440918,60600,VMD,7.3424999713897705,7.292332796909321,7.449999809265137,7.25,6.900880019664765,7.359802519083023,0.09519218130787532,0.05911779735680371,0.03607438395107161
2024-08-21,7.429999828338623,7.429999828338623,7.099999904632568,7.150000095367432,66900,VMD,7.2774999141693115,7.317416384149546,7.429999828338623,7.099999904632568,6.903480019569397,7.33765251994133,0.08566778538560005,0.06442779496256298,0.021239990423037064
2024-08-22,7.170000076293945,7.239999771118164,7.067999839782715,7.21999979019165,77700,VMD,7.174499869346619,7.297458149159429,7.297458149159429,7.067999839782715,6.905220017433167,7.3156475162506105,0.08281340200927545,0.06810491637190548,0.01470848563736997
2024-08-23,7.28000020980835,7.519999980926514,7.190000057220459,7.389999866485596,71500,VMD,7.3450000286102295,7.235979009253024,7.519999980926514,7.190000057220459,6.905970020294189,7.2982225155830385,0.0931945789315094,0.07312284888382627,0.02007173004768313
2024-08-26,7.5,7.5,7.25,7.340000152587891,66400,VMD,7.397500038146973,7.2904895189316266,7.5,7.25,6.909820020198822,7.28312251329422,0.09627735200487919,0.07775374950803686,0.01852360249684233
2024-08-27,7.289999961853027,7.440000057220459,7.25,7.389999866485596,81300,VMD,7.3424999713897705,7.343994778539299,7.440000057220459,7.25,6.916195018291473,7.266785011291504,0.10158403341881872,0.08251980629019323,0.01906422712862549
2024-08-28,7.360000133514404,7.429999828338623,7.260000228881836,7.420000076293945,41700,VMD,7.367500066757202,7.343247374964535,7.429999828338623,7.260000228881836,6.925170018672943,7.253785011768341,0.10697721612477906,0.0874112882571104,0.019565927867668656
2024-08-29,7.480000019073486,7.554999828338623,7.409999847412109,7.429999828338623,53500,VMD,7.4687498807907104,7.355373720860868,7.554999828338623,7.355373720860868,6.939850015640259,7.243697510957718,0.11078123161449582,0.09208527692858749,0.01869595468590833
2024-08-30,7.5,7.619999885559082,7.400000095367432,7.599999904632568,64100,VMD,7.5299999713897705,7.412061800825789,7.619999885559082,7.400000095367432,6.959300014972687,7.234222511053085,0.12606038110009354,0.0988802977628887,0.02718008333720484
2024-09-03,7.519999980926514,7.590000152587891,7.284999847412109,7.389999866485596,66000,VMD,7.446249961853027,7.47103088610778,7.590000152587891,7.284999847412109,6.976525013446808,7.227710011005402,0.11984249937936298,0.10307273808618356,0.01676976129317942
2024-09-04,7.179999828338623,7.769999980926514,7.179999828338623,7.53000020980835,262300,VMD,7.414999961853027,7.458640423980404,7.769999980926514,7.179999828338623,6.995125012397766,7.220160009860993,0.12477333169366212,0.10741285680767927,0.017360474885982843
2024-09-05,7.53000020980835,7.60699987411499,7.449999809265137,7.590000152587891,138200,VMD,7.544250011444092,7.4368201929167155,7.60699987411499,7.4368201929167155,7.016910011768341,7.2140150117874144,0.13200092131612529,0.11233046970936848,0.019670451606756803
2024-09-06,7.590000152587891,7.590000152587891,7.28000020980835,7.329999923706055,292200,VMD,7.447500109672546,7.490535102180404,7.590000152587891,7.28000020980835,7.039390013217926,7.20701501250267,0.11541851975550266,0.11294807971859533,0.0024704400369073287
2024-09-09,7.329999923706055,7.46999979019165,7.269999980926514,7.400000095367432,57400,VMD,7.367499947547913,7.469017605926475,7.46999979019165,7.269999980926514,7.058090012073517,7.19876501083374,0.10669535821226983,0.11169753541733024,-0.00500217720506041
2024-09-10,7.360000133514404,7.360000133514404,7.179999828338623,7.329999923706055,66000,VMD,7.307500004768372,7.4182587767371935,7.4182587767371935,7.179999828338623,7.073040010929108,7.191490010023117,0.09306101159188085,0.10797023065224037,-0.014909219060359524
2024-09-11,7.28000020980835,7.360000133514404,7.184999942779541,7.349999904632568,32900,VMD,7.293750047683716,7.3628793907527825,7.3628793907527825,7.184999942779541,7.089515011310578,7.186252510547638,0.08291374691657616,0.10295893390510753,-0.020045186988531374
2024-09-12,7.349999904632568,7.5,7.284999847412109,7.46999979019165,54600,VMD,7.401249885559082,7.328314719218249,7.5,7.284999847412109,7.107990007400513,7.181865010261536,0.0835913652136675,0.09908542016681952,-0.015494054953152023
2024-09-13,7.5,7.619999885559082,7.460000038146973,7.590000152587891,141300,VMD,7.542500019073486,7.364782302388665,7.619999885559082,7.364782302388665,7.127290005683899,7.178490010499954,0.09274233307104662,0.09781680274766495,-0.005074469676618329
2024-09-16,7.599999904632568,7.630000114440918,7.409999847412109,7.429999828338623,64000,VMD,7.517499923706055,7.453641160731076,7.630000114440918,7.409999847412109,7.148440003395081,7.173777509927749,0.08609144346852737,0.09547173089183744,-0.009380287423310069
2024-09-17,7.5,7.659999847412109,7.456999778747559,7.599999904632568,174000,VMD,7.554249882698059,7.485570542218565,7.659999847412109,7.456999778747559,7.170724999904633,7.168770008087158,0.09346079310289568,0.0950695433340491,-0.0016087502311534219
2024-09-18,7.5,7.545000076293945,7.369999885559082,7.389999866485596,83700,VMD,7.451249957084656,7.519910212458312,7.545000076293945,7.369999885559082,7.193249998092651,7.163232507705689,0.08141728002290893,0.09233909067182107,-0.010921810648912136
2024-09-19,7.5,7.510000228881836,7.389999866485596,7.460000038146973,56500,VMD,7.465000033378601,7.485580084771484,7.510000228881836,7.389999866485596,7.2157249975204465,7.1570075058937075,0.07663770620362254,0.08919881377818137,-0.012561107574558833
2024-09-20,7.460000038146973,7.46999979019165,7.320000171661377,7.329999923706055,219600,VMD,7.394999980926514,7.475290059075043,7.475290059075043,7.320000171661377,7.232824997901917,7.1479075050354,0.0616492821880561,0.08368890746015632,-0.022039625272100224
2024-09-23,7.380000114440918,7.454999923706055,7.304999828338623,7.309999942779541,51800,VMD,7.362499952316284,7.435145020000778,7.454999923706055,7.304999828338623,7.246424994468689,7.139282505512238,0.04760821894311196,0.07647276975674745,-0.028864550813635495
2024-09-24,7.289999961853027,7.320000171661377,7.144999980926514,7.25,68300,VMD,7.2512500286102295,7.398822486158531,7.398822486158531,7.144999980926514,7.255249993801117,7.128695003986358,0.031278521889096744,0.06743392018321731,-0.036155398294120566
2024-09-25,7.260000228881836,7.340000152587891,7.099999904632568,7.110000133514404,128000,VMD,7.202500104904175,7.32503625738438,7.340000152587891,7.099999904632568,7.25809999704361,7.117895004749298,0.006960068786511897,0.05533914990387623,-0.04837908111736433
2024-09-26,7.179999828338623,7.329999923706055,7.179999828338623,7.239999771118164,321300,VMD,7.232499837875366,7.263768181144277,7.329999923706055,7.179999828338623,7.259149992465973,7.108142502307892,-0.0018018258728949021,0.043910954748522,-0.045712780621416906
2024-09-27,7.300000190734863,7.364999771118164,7.239999771118164,7.289999961853027,78800,VMD,7.298749923706055,7.248134009509822,7.364999771118164,7.239999771118164,7.262174990177154,7.099317500591278,-0.004657405323802877,0.034197282734057026,-0.0388546880578599
2024-09-30,7.230000019073486,7.385000228881836,7.210000038146973,7.329999923706055,133300,VMD,7.288750052452087,7.273441966607939,7.385000228881836,7.210000038146973,7.268124992847443,7.093055002689361,-0.0036507266794147952,0.02662768085136266,-0.030278407530777457
2024-10-01,7.349999904632568,7.440000057220459,7.199999809265137,7.429999828338623,543000,VMD,7.354999899864197,7.281096009530013,7.440000057220459,7.199999809265137,7.276424989700318,7.092005001306534,0.005156785752597592,0.022333501831609648,-0.017176716079012055
2024-10-02,7.400000095367432,8.020000457763672,7.400000095367432,7.96999979019165,330100,VMD,7.697500109672546,7.318047954697105,8.020000457763672,7.318047954697105,7.285674993991852,7.097030001878738,0.05507541170039687,0.028881883805367093,0.026193527895029777
2024-10-03,7.96999979019165,8.319999694824219,7.909999847412109,8.15999984741211,156200,VMD,8.089999794960022,7.507774032184826,8.319999694824219,7.507774032184826,7.298999989032746,7.106804999113083,0.10871450597679644,0.044848408239652963,0.06386609773714347
2024-10-04,8.239999771118164,8.449999809265137,8.239999771118164,8.354999542236328,144400,VMD,8.321249723434448,7.798886913572424,8.449999809265137,7.798886913572424,7.315274984836578,7.118967496156692,0.165056056851955,0.06888993796211337,0.09616611888984164
2024-10-07,8.350000381469727,8.550000190734863,8.225000381469727,8.479999542236328,182300,VMD,8.401250123977661,8.060068318503436,8.550000190734863,8.060068318503436,7.33274998664856,7.134054998159408,0.21728882683275508,0.09856971573624172,0.11871911109651336
2024-10-08,8.470000267028809,8.680000305175781,8.390000343322754,8.4399995803833,93200,VMD,8.495000123977661,8.230659221240549,8.680000305175781,8.230659221240549,7.356599991321564,7.150579999685288,0.25254483112194137,0.12936473881338165,0.12318009230855972
2024-10-09,8.420000076293945,8.609999656677246,8.364999771118164,8.5,121200,VMD,8.473749876022339,8.362829672609106,8.609999656677246,8.362829672609106,7.382214987277985,7.164942498207092,0.2820754111911894,0.1599068732889432,0.12216853790224619
2024-10-10,8.399999618530273,8.569999694824219,8.15999984741211,8.550000190734863,129300,VMD,8.419999837875366,8.418289774315722,8.569999694824219,8.15999984741211,7.406564984321594,7.178009996414184,0.3059859901508899,0.18912269666133255,0.11686329348955735
2024-10-11,8.539999961853027,8.800000190734863,8.529999732971191,8.770000457763672,215100,VMD,8.660000085830688,8.419144806095545,8.800000190734863,8.419144806095545,7.438514986038208,7.193609997034073,0.33878220875522125,0.2190545990801103,0.11972760967511095
2024-10-14,8.760000228881836,8.963000297546387,8.677000045776367,8.720000267028809,145000,VMD,8.78000020980835,8.539572445963117,8.963000297546387,8.539572445963117,7.478984990119934,7.210859998464584,0.3566278667056313,0.2465692526052145,0.11005861410041679
2024-10-15,8.710000038146973,8.890000343322754,8.550000190734863,8.789999961853027,92800,VMD,8.735000133514404,8.659786327885733,8.890000343322754,8.550000190734863,7.520834991931915,7.227934999465942,0.3721293935563965,0.2716812807954509,0.10044811276094562
2024-10-16,8.850000381469727,9.180000305175781,8.835000038146973,9.079999923706055,128500,VMD,8.986250162124634,8.697393230700069,9.180000305175781,8.697393230700069,7.566559994220734,7.248197499513626,0.40316757373195067,0.2979785393827509,0.1051890343491998
2024-10-17,9.09000015258789,9.350000381469727,8.960000038146973,9.210000038146973,115200,VMD,9.15250015258789,8.841821696412351,9.350000381469727,8.841821696412351,7.616509997844696,7.2697975015640255,0.43326111349746377,0.32503505420569345,0.10822605929177032
2024-10-18,9.260000228881836,9.305000305175781,9.109999656677246,9.1899995803833,108400,VMD,9.216249942779541,8.997160924500122,9.305000305175781,8.997160924500122,7.664934997558594,7.290960001945495,0.45030574644374255,0.3500891926533033,0.10021655379043926
2024-10-21,9.1899995803833,9.239999771118164,9.005000114440918,9.220000267028809,121200,VMD,9.163749933242798,9.106705433639831,9.239999771118164,9.005000114440918,7.703309996128082,7.31202250123024,0.46092133134552604,0.37225562039174787,0.08866571095377818
2024-10-22,9.1899995803833,9.3100004196167,9.1850004196167,9.289999961853027,69200,VMD,9.243750095367432,9.135227683441315,9.3100004196167,9.135227683441315,7.745134994983673,7.333110003471375,0.46956974153836484,0.39171844462107125,0.07785129691729359
2024-10-23,9.25,9.3100004196167,9.199999809265137,9.279999732971191,100600,VMD,9.259999990463257,9.189488889404373,9.3100004196167,9.189488889404373,7.788434994220734,7.352420004606247,0.4701966003081246,0.40741407575848193,0.06278252454964267
2024-10-24,9.289999961853027,9.479999542236328,9.25,9.260000228881836,109700,VMD,9.319999933242798,9.224744439933815,9.479999542236328,9.224744439933815,7.833284990787506,7.370870003700256,0.4637339611227951,0.41867805283134457,0.04505590829145051
2024-10-25,9.329999923706055,9.364999771118164,9.1899995803833,9.239999771118164,89100,VMD,9.281249761581421,9.272372186588306,9.364999771118164,9.1899995803833,7.8753599858284,7.38985750079155,0.4517904442058729,0.42530053110625027,0.02648991309962262
2024-10-28,9.300000190734863,9.369999885559082,9.0,9.09000015258789,178900,VMD,9.190000057220459,9.276810974084864,9.369999885559082,9.0,7.912559986114502,7.406995002031326,0.42531859734597255,0.4253041443541947,1.4452991777824664e-05
2024-10-29,9.020000457763672,9.175000190734863,8.902999877929688,9.050000190734863,129100,VMD,9.037000179290771,9.233405515652661,9.233405515652661,8.902999877929688,7.946199989318847,7.4229400038719175,0.3965407306572519,0.41955146161480616,-0.023010730957554237
2024-10-30,9.020000457763672,9.170000076293945,8.819999694824219,8.880000114440918,214800,VMD,8.972500085830688,9.135202847471717,9.170000076293945,8.819999694824219,7.978799991607666,7.439840005636215,0.355913726673613,0.40682391462656753,-0.050910187952954544
2024-10-31,8.880000114440918,8.880000114440918,8.550000190734863,8.550000190734863,170300,VMD,8.71500015258789,9.053851466651203,9.053851466651203,8.550000190734863,8.007549996376037,7.455515007972718,0.293702675773428,0.38419966685593965,-0.09049699108251164
2024-11-01,8.609999656677246,8.739999771118164,8.5600004196167,8.609999656677246,66600,VMD,8.629999876022339,8.884425809619547,8.884425809619547,8.5600004196167,8.036659996509552,7.470940006971359,0.2464010670718384,0.35663994689911943,-0.11023887982728103
2024-11-04,8.579999923706055,8.699999809265137,8.489999771118164,8.529999732971191,101700,VMD,8.574999809265137,8.757212842820943,8.757212842820943,8.489999771118164,8.06125999212265,7.48361500620842,0.20015165247071565,0.3253422880134387,-0.12519063554272303
2024-11-05,8.5,8.84000015258789,8.4399995803833,8.800000190734863,159200,VMD,8.644999980926514,8.666106326043039,8.84000015258789,8.4399995803833,8.08620999097824,7.498015005588531,0.18317392367354124,0.2969086151454592,-0.11373469147191795
2024-11-06,9.170000076293945,9.40999984741211,8.979999542236328,9.140000343322754,343100,VMD,9.174999952316284,8.655553153484776,9.40999984741211,8.655553153484776,8.12285999059677,7.519527504444122,0.19490735147565985,0.27650836241149934,-0.08160101093583949
2024-11-07,9.640000343322754,9.8100004196167,8.949999809265137,9.0,483800,VMD,9.350000143051147,8.91527655290053,9.8100004196167,8.91527655290053,8.16250999212265,7.543840005397796,0.1907109230615358,0.2593488745415066,-0.06863795147997082
2024-11-08,9.0,9.119999885559082,8.920000076293945,9.069999694824219,1054600,VMD,9.027499914169312,9.132638347975838,9.132638347975838,8.920000076293945,8.193684992790223,7.566767504215241,0.19083380040896536,0.2456458597149984,-0.05481205930603303
2024-11-11,9.199999809265137,9.770000457763672,9.1899995803833,9.510000228881836,427200,VMD,9.417500019073486,9.080069131072575,9.770000457763672,9.080069131072575,8.231434993743896,7.5953675043582916,0.2238550853734118,0.24128770484668108,-0.017432619473269267
2024-11-12,9.510000228881836,9.65999984741211,9.34000015258789,9.399999618530273,217900,VMD,9.477499961853027,9.248784575073032,9.65999984741211,9.248784575073032,8.272059993743897,7.624292503595353,0.23840042991439603,0.24071024986022407,-0.0023098199458280455
2024-11-13,9.510000228881836,9.675000190734863,9.100000381469727,9.149999618530273,254500,VMD,9.358750104904175,9.36314226846303,9.675000190734863,9.100000381469727,8.310934996604919,7.653030004501343,0.2271365211654306,0.23799550412126538,-0.01085898295583479
2024-11-14,9.15999984741211,9.244999885559082,9.039999961853027,9.0600004196167,166500,VMD,9.12625002861023,9.360946186683602,9.360946186683602,9.039999961853027,8.342574996948242,7.679742504358291,0.20854364777452616,0.23210513285191756,-0.023561485077391392
2024-11-15,9.130000114440918,9.130000114440918,8.829999923706055,8.850000381469727,202600,VMD,8.985000133514404,9.243598107646916,9.243598107646916,8.829999923706055,8.37332499742508,7.7063575053215025,0.1748478761457175,0.22065368151067757,-0.04580580536496007
2024-11-18,8.829999923706055,8.895000457763672,8.529999732971191,8.539999961853027,133200,VMD,8.698750019073486,9.114299120580661,9.114299120580661,8.529999732971191,8.399949998855591,7.7290200054645535,0.12172610847684773,0.20086816690391163,-0.0791420584270639
2024-11-19,8.460000038146973,8.65999984741211,8.449999809265137,8.609999656677246,166800,VMD,8.544999837875366,8.906524569827074,8.906524569827074,8.449999809265137,8.42469999551773,7.748870003223419,0.08430331905300648,0.1775551973337306,-0.09325187828072412
2024-11-20,8.579999923706055,8.625,8.449999809265137,8.539999961853027,136100,VMD,8.548749923706055,8.72576220385122,8.72576220385122,8.449999809265137,8.449799993038177,7.769657502174377,0.04843872696512541,0.15173190326000957,-0.10329317629488416
2024-11-21,8.6899995803833,8.800000190734863,8.4399995803833,8.710000038146973,119100,VMD,8.65999984741211,8.637256063778636,8.800000190734863,8.4399995803833,8.474974992275238,7.791482499837875,0.03334893894291113,0.12805531039658988,-0.09470637145367874
2024-11-22,8.75,8.899999618530273,8.550000190734863,8.75,140700,VMD,8.737499952316284,8.648627955595373,8.899999618530273,8.550000190734863,8.498874990940093,7.813082498311997,0.024337290709302906,0.10731170645913249,-0.08297441574982958
2024-11-25,8.789999961853027,8.982000350952148,8.649999618530273,8.649999618530273,132500,VMD,8.76799988746643,8.693063953955829,8.982000350952148,8.649999618530273,8.5238849902153,7.836162496805191,0.009022296098956772,0.08765382438709735,-0.07863152828814057
2024-11-26,8.699999809265137,8.8149995803833,8.520000457763672,8.65999984741211,112700,VMD,8.673749923706055,8.73053192071113,8.8149995803833,8.520000457763672,8.546274991035462,7.858499995470047,-0.0022817104353727302,0.06966671742260333,-0.07194842785797606
2024-11-27,8.649999618530273,8.6899995803833,8.529999732971191,8.5600004196167,58800,VMD,8.607499837875366,8.702140922208592,8.702140922208592,8.529999732971191,8.569399988651275,7.881324993371964,-0.01908928574440516,0.051915516789201636,-0.0710048025336068
2024-11-29,8.579999923706055,8.670000076293945,8.505000114440918,8.670000076293945,64500,VMD,8.606250047683716,8.65482038004198,8.670000076293945,8.505000114440918,8.592224988937378,7.903974993228912,-0.02326517087273494,0.036879379256814324,-0.060144550129549265
2024-12-02,8.609999656677246,9.050000190734863,8.600000381469727,8.989999771118164,124600,VMD,8.8125,8.630535213862847,9.050000190734863,8.600000381469727,8.620574989318847,7.926699993610382,-0.0007447044104029743,0.029354562523370865,-0.03009926693377384
2024-12-03,8.979999542236328,9.0,8.6850004196167,8.699999809265137,73000,VMD,8.841249942779541,8.721517606931425,9.0,8.6850004196167,8.650149989128114,7.948287491798401,-0.0062258777354777806,0.022238474471601138,-0.02846435220707892
2024-12-04,8.720000267028809,8.800000190734863,8.520000457763672,8.720000267028809,102100,VMD,8.690000295639038,8.781383774855483,8.800000190734863,8.520000457763672,8.678924994468689,7.967087494134903,-0.008853816014882554,0.0160200163743044,-0.024873832389186955
2024-12-05,8.699999809265137,8.850000381469727,8.529999732971191,8.5600004196167,118300,VMD,8.660000085830688,8.735692035247261,8.850000381469727,8.529999732971191,8.70807499408722,7.983087495565415,-0.023575364420342027,0.008100940215375116,-0.03167630463571714
2024-12-06,8.619999885559082,8.680000305175781,8.510000228881836,8.619999885559082,80800,VMD,8.607500076293945,8.697846060538975,8.697846060538975,8.510000228881836,8.73557499885559,7.997362495660782,-0.030054393786247857,0.0004698734150505214,-0.030524267201298378
2024-12-09,8.680000305175781,8.75,8.550000190734863,8.609999656677246,95400,VMD,8.647500038146973,8.65267306841646,8.75,8.550000190734863,8.76255000114441,8.012362495660781,-0.03558579523687655,-0.0067412603153348925,-0.028844534921541657
2024-12-10,8.65999984741211,8.869999885559082,8.640000343322754,8.800000190734863,101900,VMD,8.742500066757202,8.650086553281717,8.869999885559082,8.640000343322754,8.79162500143051,8.029874997138977,-0.02435724043449028,-0.01026445633916597,-0.01409278409532431
2024-12-11,8.899999618530273,8.960000038146973,8.75,8.899999618530273,107200,VMD,8.87749981880188,8.69629331001946,8.960000038146973,8.69629331001946,8.822074999809265,8.049249994754792,-0.007305201942564565,-0.009672605459845688,0.002367403517281123
2024-12-12,8.890000343322754,8.899999618530273,8.670000076293945,8.680000305175781,135300,VMD,8.785000085830688,8.78689656441067,8.899999618530273,8.670000076293945,8.843824999332428,8.06474999666214,-0.011411895335374567,-0.010020463434951464,-0.0013914319004231027
2024-12-13,8.65999984741211,8.930000305175781,8.640000343322754,8.739999771118164,102300,VMD,8.742500066757202,8.785948325120678,8.930000305175781,8.640000343322754,8.856875004768371,8.077937496900558,-0.009713057886070686,-0.009958982325175308,0.00024592443910462225
2024-12-16,8.710000038146973,8.890000343322754,8.630999565124512,8.6899995803833,264900,VMD,8.730249881744385,8.76422419593894,8.890000343322754,8.630999565124512,8.86505500793457,8.090164996385575,-0.012259988970038549,-0.010419183654147957,-0.0018408053158905924
2024-12-17,8.649999618530273,8.789999961853027,8.550000190734863,8.59000015258789,193000,VMD,8.644999980926514,8.747237038841662,8.789999961853027,8.550000190734863,8.869930005073547,8.101339995861053,-0.022092895153750902,-0.012753925954068546,-0.009338969199682357
2024-12-18,8.630000114440918,8.630000114440918,8.069999694824219,8.130000114440918,156500,VMD,8.365000009536743,8.696118509884087,8.696118509884087,8.069999694824219,8.86733000278473,8.111964997053146,-0.06624012788315525,-0.02345116633988589,-0.04278896154326936
2024-12-19,8.210000038146973,8.260000228881836,8.0,8.020000457763672,134500,VMD,8.12250018119812,8.530559259710415,8.530559259710415,8.0,8.860305008888245,8.121259998083115,-0.10884844376924363,-0.040530621825757444,-0.06831782194348618
2024-12-20,8.0,8.109999656677246,7.941999912261963,7.980000019073486,374000,VMD,8.007999897003174,8.326529720454268,8.326529720454268,7.941999912261963,8.8520650100708,8.129314997196197,-0.14418150752115722,-0.0612607989648374,-0.0829207085563198
2024-12-23,7.980000019073486,8.220000267028809,7.804999828338623,7.829999923706055,95000,VMD,7.958750009536743,8.16726480872872,8.220000267028809,7.804999828338623,8.838040008544922,8.138277497291565,-0.18218683279745385,-0.0854460057313607,-0.09674082706609315
2024-12-24,7.860000133514404,8.029999732971191,7.75,8.0,59700,VMD,7.909999966621399,8.063007409132732,8.063007409132732,7.75,8.820640003681183,8.149812496900559,-0.19632562192440872,-0.10762192896997032,-0.0887036929544384
2024-12-26,7.949999809265137,8.180000305175781,7.849999904632568,8.170000076293945,98600,VMD,8.037500023841858,7.986503687877065,8.180000305175781,7.849999904632568,8.806690001487732,8.163762496709824,-0.1916044321408883,-0.12441842960415392,-0.06718600253673437
2024-12-27,8.079999923706055,8.180000305175781,7.949999809265137,8.15999984741211,123700,VMD,8.09249997138977,8.012001855859461,8.180000305175781,7.949999809265137,8.788814997673034,8.177687495946884,-0.18651970704020293,-0.13683868509136374,-0.049681021948839194
2024-12-30,8.100000381469727,8.15999984741211,7.945000171661377,8.0,117400,VMD,8.051250100135803,8.052250913624615,8.15999984741211,7.945000171661377,8.766789996623993,8.191649997234345,-0.19317388794245538,-0.14810572566158206,-0.04506816228087332
2024-12-31,8.050000190734863,8.09000015258789,7.989999771118164,8.020000457763672,107400,VMD,8.037500143051147,8.051750506880209,8.09000015258789,7.989999771118164,8.743215000629425,8.20407499909401,-0.19459038759763025,-0.15740265804879172,-0.03718772954883853
2025-01-02,8.010000228881836,8.350000381469727,8.010000228881836,8.130000114440918,159400,VMD,8.125000238418579,8.04462532496568,8.350000381469727,8.010000228881836,8.72244000673294,8.212875001430511,-0.1847077251127871,-0.1628636714615908,-0.021844053651196293
2025-01-03,8.170000076293945,8.210000038146973,8.074999809265137,8.119999885559082,97500,VMD,8.143749952316284,8.08481278169213,8.210000038146973,8.074999809265137,8.700440003871918,8.222787499427795,-0.1756577060954303,-0.16542247838835872,-0.010235227707071581
2025-01-06,8.130000114440918,8.149999618530273,7.909999847412109,7.960000038146973,92700,VMD,8.037499904632568,8.114281367004207,8.149999618530273,7.909999847412109,8.675990002155304,8.23221249818802,-0.17932895872615617,-0.16820377445591822,-0.011125184270237953
2025-01-07,7.989999771118164,8.039999961853027,7.840000152587891,8.0,167900,VMD,7.9674999713897705,8.075890635818388,8.075890635818388,7.840000152587891,8.648940002918243,8.241112496852875,-0.17697078125225296,-0.16995717581518519,-0.007013605437067777
2025-01-08,7.909999847412109,8.170000076293945,7.900000095367432,8.140000343322754,194900,VMD,8.03000009059906,8.02169530360408,8.170000076293945,7.900000095367432,8.623915009498596,8.249637497663498,-0.16193832671273967,-0.1683534059946961,0.006415079281956421
2025-01-10,8.0,8.210000038146973,7.770999908447266,7.949999809265137,144400,VMD,7.982749938964844,8.02584769710157,8.210000038146973,7.770999908447266,8.599770007133484,8.256164996623992,-0.1634720493577433,-0.16737713466730553,0.0039050853095622395
2025-01-13,7.869999885559082,7.994999885559082,7.840000152587891,7.920000076293945,59600,VMD,7.90625,8.004298818033206,8.004298818033206,7.840000152587891,8.577155003547668,8.261677496433258,-0.16520389566298022,-0.16694248686644048,0.0017385912034602602
2025-01-14,7.929999828338623,8.069999694824219,7.804999828338623,8.0,235300,VMD,7.951249837875366,7.955274409016603,8.069999694824219,7.804999828338623,8.556729998588562,8.267764995098114,-0.15829632953055572,-0.16521325539926354,0.006916925868707818
2025-01-15,8.140000343322754,8.359999656677246,8.020000457763672,8.270000457763672,167900,VMD,8.197500228881836,7.953262123445985,8.359999656677246,7.953262123445985,8.546380000114441,8.276964998245239,-0.12954197391254318,-0.15807899910191947,0.028537025189376286
2025-01-16,8.270000457763672,8.319999694824219,8.109999656677246,8.170000076293945,241700,VMD,8.21749997138977,8.07538117616391,8.319999694824219,8.07538117616391,8.53813000202179,8.28739499926567,-0.11351460921325085,-0.14916612112418576,0.03565151191093491
2025-01-17,8.199999809265137,8.229999542236328,8.0,8.149999618530273,150600,VMD,8.144999742507935,8.14644057377684,8.229999542236328,8.0,8.529530000686645,8.295394996404648,-0.10125942143041655,-0.1395847811854319,0.03832535975501536
2025-01-21,8.149999618530273,8.4350004196167,8.149999618530273,8.3100004196167,121300,VMD,8.261250019073486,8.145720158142387,8.4350004196167,8.145720158142387,8.521855001449586,8.304032496213914,-0.0777402283921802,-0.12721587062678158,0.04947564223460138
2025-01-22,8.279999732971191,8.3100004196167,8.050000190734863,8.130000114440918,121000,VMD,8.192500114440918,8.203485088607938,8.3100004196167,8.050000190734863,8.502205004692078,8.312532497644424,-0.07278658037462549,-0.11633001257635037,0.04354343220172488
2025-01-23,8.140000343322754,8.369999885559082,8.119999885559082,8.350000381469727,95600,VMD,8.245000123977661,8.197992601524428,8.369999885559082,8.119999885559082,8.480105004310609,8.32130749821663,-0.0505261615622814,-0.10316924237353658,0.05264308081125518
2025-01-24,8.3100004196167,8.53499984741211,8.21399974822998,8.479999542236328,185800,VMD,8.38474988937378,8.221496362751044,8.53499984741211,8.21399974822998,8.467250003814698,8.33046749830246,-0.022139562356843,-0.08696330637019788,0.06482374401335488
2025-01-27,8.420000076293945,8.614999771118164,8.329999923706055,8.430000305175781,88600,VMD,8.448750019073486,8.303123126062411,8.614999771118164,8.303123126062411,8.447875003814698,8.339654998779297,-0.003635589726563637,-0.07029776304147103,0.0666621733149074
2025-01-28,8.4399995803833,8.470000267028809,8.274999618530273,8.3100004196167,85200,VMD,8.37374997138977,8.375936572567948,8.470000267028809,8.274999618530273,8.425800004005431,8.348929998874665,0.0013306155058536717,-0.05597208733200609,0.057302702837859765
2025-01-29,8.3100004196167,8.369999885559082,8.100000381469727,8.279999732971191,57100,VMD,8.265000104904175,8.37484327197886,8.37484327197886,8.100000381469727,8.403925004005432,8.357430000305175,0.0028131361634518015,-0.044215042632914515,0.04702817879636632
2025-01-30,8.350000381469727,8.399999618530273,8.300000190734863,8.3100004196167,53100,VMD,8.34000015258789,8.319921688441518,8.399999618530273,8.300000190734863,8.388200006484986,8.365387501716613,0.0063358138337079595,-0.034104871339590025,0.040440685173297984
2025-01-31,8.3100004196167,8.390000343322754,8.119999885559082,8.1899995803833,92500,VMD,8.252500057220459,8.329960920514704,8.390000343322754,8.119999885559082,8.373550004959107,8.373437501192093,-0.0005491730453499599,-0.027393731680742012,0.026844558635392052
2025-02-03,8.069999694824219,8.204999923706055,8.020000457763672,8.050000190734863,88200,VMD,8.086250066757202,8.291230488867582,8.291230488867582,8.020000457763672,8.361300005912781,8.380625002384186,-0.01710517763143571,-0.025336020870880754,0.008230843239445045
2025-02-04,8.020000457763672,8.15999984741211,8.020000457763672,8.149999618530273,56300,VMD,8.087500095367432,8.188740277812393,8.188740277812393,8.020000457763672,8.352150011062623,8.388425003290177,-0.02190431316527075,-0.024649679329758756,0.0027453661644880056
2025-02-05,8.1899995803833,8.350000381469727,8.182000160217285,8.329999923706055,108700,VMD,8.263000011444092,8.138120186589912,8.350000381469727,8.138120186589912,8.346435012817382,8.39811750292778,-0.011055699131715002,-0.021930883290150006,0.010875184158435004
2025-02-06,8.350000381469727,8.420000076293945,8.119999885559082,8.130000114440918,53400,VMD,8.255000114440918,8.200560099017002,8.420000076293945,8.119999885559082,8.33833501815796,8.4066550052166,-0.018384482617950226,-0.02122160315571005,0.002837120537759825
2025-02-07,8.119999885559082,8.130000114440918,7.949999809265137,7.96999979019165,76800,VMD,8.042499899864197,8.22778010672896,8.22778010672896,7.949999809265137,8.324435017108918,8.411655004024505,-0.03668045585790125,-0.02431337369614829,-0.01236708216175296
2025-02-10,8.010000228881836,8.010000228881836,7.775000095367432,7.909999847412109,86000,VMD,7.926250100135803,8.135140003296579,8.135140003296579,7.775000095367432,8.307600021362305,8.415742505788803,-0.055383217155284825,-0.0305273423879756,-0.024855874767309227
2025-02-11,7.820000171661377,7.960000038146973,7.800000190734863,7.889999866485596,82500,VMD,7.867500066757202,8.03069505171619,8.03069505171619,7.800000190734863,8.291475024223327,8.418875007629394,-0.07100067001597488,-0.03862200791357546,-0.03237866210239942
2025-02-12,7.849999904632568,7.980000019073486,7.809999942779541,7.869999885559082,65400,VMD,7.877499938011169,7.949097559236696,7.980000019073486,7.809999942779541,8.276875026226044,8.42313750743866,-0.08402288176118411,-0.04770218268309719,-0.03632069907808692
2025-02-13,7.940000057220459,7.994999885559082,7.840000152587891,7.989999771118164,50300,VMD,7.941249966621399,7.913298748623933,7.994999885559082,7.840000152587891,8.263575024604798,8.427900006771088,-0.0836953031493124,-0.05490080677634023,-0.028794496372972163
2025-02-14,8.0,8.029999732971191,7.789999961853027,7.829999923706055,51800,VMD,7.912499904632568,7.927274357622666,8.029999732971191,7.789999961853027,8.245575022697448,8.433075006008147,-0.09524838120252532,-0.06297032166157725,-0.032278059540948076
2025-02-18,7.75,7.920000076293945,7.619999885559082,7.909999847412109,100700,VMD,7.799999952316284,7.919887131127617,7.920000076293945,7.619999885559082,8.224750022888184,8.437450006008149,-0.09683272614854666,-0.06974280255897114,-0.027089923589575515
2025-02-19,7.909999847412109,8.180000305175781,7.78000020980835,8.100000381469727,86100,VMD,7.992500185966492,7.85994354172195,8.180000305175781,7.78000020980835,8.210800020694732,8.44486250758171,-0.08181377743614959,-0.07215699753440684,-0.009656779901742754
2025-02-20,8.0,8.050000190734863,7.920000076293945,7.96999979019165,96700,VMD,7.985000014305115,7.926221863844221,8.050000190734863,7.920000076293945,8.19730001926422,8.452687506675721,-0.07948486162455914,-0.0736225703524373,-0.0058622912721218445
2025-02-21,8.069999694824219,8.069999694824219,7.71999979019165,7.78000020980835,145400,VMD,7.909999847412109,7.955610939074668,8.069999694824219,7.71999979019165,8.183350014686585,8.459462506771088,-0.09191106377853941,-0.07728026903765772,-0.014630794740881692
2025-02-24,7.820000171661377,7.860000133514404,7.699999809265137,7.699999809265137,103900,VMD,7.769999980926514,7.932805393243388,7.932805393243388,7.699999809265137,8.165800013542174,8.464175007343293,-0.10698107105045018,-0.08322042944021622,-0.02376064161023396
2025-02-25,7.699999809265137,7.84499979019165,7.699999809265137,7.800000190734863,66700,VMD,7.761249899864197,7.851402687084951,7.851402687084951,7.699999809265137,8.146175010204315,8.468900005817414,-0.10959166089210548,-0.08849467573059408,-0.0210969851615114
2025-02-26,7.809999942779541,7.909999847412109,7.769999980926514,7.900000095367432,73800,VMD,7.847499966621399,7.806326293474574,7.909999847412109,7.769999980926514,8.125575013160706,8.473825006484985,-0.10241088662764586,-0.09127791791000445,-0.011132968717641412
2025-02-27,7.860000133514404,7.909999847412109,7.811999797821045,7.869999885559082,82800,VMD,7.86299991607666,7.826913130047986,7.909999847412109,7.811999797821045,8.107135009765624,8.475480004549027,-0.09801102738376333,-0.09262453980475623,-0.0053864875790071015
2025-02-28,7.849999904632568,7.909999847412109,7.75,7.840000152587891,131800,VMD,7.837499976158142,7.844956523062323,7.909999847412109,7.75,8.089035007953644,8.472955006361008,-0.09584005052219702,-0.09326764194824438,-0.0025724085739526337
2025-03-03,7.78000020980835,7.864999771118164,7.519999980926514,7.550000190734863,143400,VMD,7.678750038146973,7.841228249610232,7.864999771118164,7.519999980926514,8.068005011081695,8.466530009508134,-0.11618084850756816,-0.09785028326010914,-0.01833056524745902
2025-03-04,7.460000038146973,7.659999847412109,7.389999866485596,7.610000133514404,109500,VMD,7.5299999713897705,7.759989143878602,7.759989143878602,7.389999866485596,8.045705010890961,8.457817507982254,-0.12600705265036005,-0.10348163713815933,-0.02252541551220072
2025-03-05,7.610000133514404,7.699999809265137,7.5,7.519999980926514,75500,VMD,7.582499980926514,7.6449945576341864,7.699999809265137,7.5,8.030055010318756,8.448692506551742,-0.13944916718348566,-0.1106751431472246,-0.02877402403626106
2025-03-06,7.449999809265137,7.53000020980835,7.389999866485596,7.460000038146973,66000,VMD,7.457499980926514,7.61374726928035,7.61374726928035,7.389999866485596,8.016755006313325,8.438530007600784,-0.15317789432223972,-0.11917569338222762,-0.03400220094001209
2025-03-07,7.449999809265137,7.539999961853027,7.349999904632568,7.5,101300,VMD,7.459999918937683,7.535623625103431,7.539999961853027,7.349999904632568,8.005795006752015,8.428930008411408,-0.15899752239626785,-0.12714005918503568,-0.03185746321123217
2025-03-10,7.400000095367432,7.53000020980835,7.340000152587891,7.400000095367432,105700,VMD,7.417500138282776,7.497811772020557,7.53000020980835,7.340000152587891,7.994970009326935,8.416505008935928,-0.16972232285348898,-0.13565651191872635,-0.03406581093476263
2025-03-11,7.400000095367432,7.960000038146973,7.324999809265137,7.800000190734863,224600,VMD,7.621250033378601,7.457655955151667,7.960000038146973,7.324999809265137,7.989195010662079,8.40491750717163,-0.1442819472524448,-0.13738159898547006,-0.0069003482669747485
2025-03-12,7.840000152587891,7.96999979019165,7.650000095367432,7.809999942779541,165500,VMD,7.817499995231628,7.539452994265134,7.96999979019165,7.539452994265134,7.984795010089874,8.395742505788803,-0.12190808931356223,-0.1342868970510885,0.012378807737526282
2025-03-13,7.849999904632568,7.855000019073486,7.619999885559082,7.710000038146973,134100,VMD,7.758749961853027,7.678476494748381,7.855000019073486,7.619999885559082,7.97812000989914,8.383467503786086,-0.11096664782998644,-0.1296228472068681,0.01865619937688165
2025-03-14,7.769999980926514,7.866000175476074,7.539999961853027,7.570000171661377,121800,VMD,7.686500072479248,7.718613228300704,7.866000175476074,7.539999961853027,7.970825009346008,8.368807502985,-0.11229779672540907,-0.1261578371105763,0.013860040385167222
2025-03-17,7.53000020980835,7.679999828338623,7.409999847412109,7.409999847412109,108700,VMD,7.507499933242798,7.702556650389976,7.702556650389976,7.409999847412109,7.960225005149841,8.351720002889634,-0.1248245313075147,-0.125891175949964,0.0010666446424492937
2025-03-18,7.380000114440918,7.505000114440918,7.320000171661377,7.489999771118164,196000,VMD,7.423750042915344,7.605028291816387,7.605028291816387,7.320000171661377,7.946200001239776,8.334320003986358,-0.12683466242170205,-0.1260798732443116,-0.0007547891773904414
2025-03-19,7.53000020980835,7.599999904632568,7.440000057220459,7.579999923706055,102100,VMD,7.537500023841858,7.514389167365866,7.599999904632568,7.440000057220459,7.934075002670288,8.317257503271103,-0.11978464286117063,-0.12482082716768342,0.0050361843065127865
2025-03-20,7.5,7.59499979019165,7.28000020980835,7.360000133514404,70700,VMD,7.433750033378601,7.525944595603862,7.59499979019165,7.28000020980835,7.922000005245208,8.298995003700256,-0.13044589692036013,-0.12594584111821877,-0.004500055802141356
2025-03-21,7.309999942779541,7.5,7.179999828338623,7.239999771118164,198600,VMD,7.307499885559082,7.479847314491232,7.5,7.179999828338623,7.908800003528595,8.27887000322342,-0.14688484685110215,-0.13013364226479546,-0.01675120458630669
2025-03-24,7.329999923706055,7.369999885559082,7.119999885559082,7.300000190734863,88200,VMD,7.2799999713897705,7.393673600025156,7.393673600025156,7.119999885559082,7.89380000114441,8.258857505321503,-0.15330410637897085,-0.13476773508763054,-0.01853637129134031
2025-03-25,7.300000190734863,7.329999923706055,7.175000190734863,7.199999809265137,67600,VMD,7.2512500286102295,7.3368367857074634,7.3368367857074634,7.175000190734863,7.879170002937317,8.2394700050354,-0.1645636238313939,-0.14072691283638322,-0.023836710995010668
2025-03-26,7.210000038146973,7.239999771118164,7.119999885559082,7.199999809265137,71200,VMD,7.192499876022339,7.2940434071588465,7.2940434071588465,7.119999885559082,7.864895000457763,8.221025002002715,-0.17150981415643862,-0.1468834931003943,-0.024626321056044315
2025-03-27,7.21999979019165,7.300000190734863,7.179999828338623,7.25,124200,VMD,7.237499952316284,7.243271641590592,7.300000190734863,7.179999828338623,7.850620002746582,8.203675000667571,-0.1710088390629494,-0.15170856229290533,-0.01930027677004406
2025-03-28,7.25,7.289999961853027,7.195000171661377,7.269999980926514,63400,VMD,7.2512500286102295,7.240385796953438,7.289999961853027,7.195000171661377,7.83169499874115,8.189037499427796,-0.16707207845638639,-0.15478126552560156,-0.012290812930784822
2025-03-31,7.210000038146973,7.46999979019165,7.199999809265137,7.28000020980835,150100,VMD,7.289999961853027,7.245817912781834,7.46999979019165,7.199999809265137,7.813144998550415,8.175637500286102,-0.16128602748965726,-0.1560822179184127,-0.005203809571244555
2025-04-01,7.239999771118164,7.295000076293945,7.105000019073486,7.139999866485596,49500,VMD,7.194999933242798,7.267908937317431,7.295000076293945,7.105000019073486,7.794145002365112,8.161837501525879,-0.1660828978236406,-0.1580823538994583,-0.008000543924182313
2025-04-02,7.059999942779541,7.179999828338623,7.0,7.070000171661377,89400,VMD,7.077499985694885,7.2314544352801144,7.2314544352801144,7.0,7.77047000169754,8.146162501573563,-0.17353246821004742,-0.16117237676157614,-0.012360091448471278
2025-04-03,6.920000076293945,7.159999847412109,6.820000171661377,7.070000171661377,151400,VMD,6.992500066757202,7.154477210487499,7.159999847412109,6.820000171661377,7.746470000743866,8.124337502717971,-0.17739144821979647,-0.16441619105322022,-0.012975257166576243
2025-04-04,6.889999866485596,7.090000152587891,6.78000020980835,6.880000114440918,165300,VMD,6.9100000858306885,7.073488638622351,7.090000152587891,6.78000020980835,7.719769999980927,8.099937502145767,-0.19355001036217434,-0.17024295491501107,-0.023307055447163272
2025-04-07,6.659999847412109,6.869999885559082,6.460000038146973,6.610000133514404,200100,VMD,6.649999976158142,6.99174436222652,6.99174436222652,6.460000038146973,7.685075001716614,8.076162502765655,-0.22554261438965995,-0.18130288680994086,-0.044239727579719085
2025-04-08,6.710000038146973,6.849999904632568,6.570000171661377,6.659999847412109,150400,VMD,6.697499990463257,6.820872169192331,6.849999904632568,6.570000171661377,7.650050001144409,8.048962502479553,-0.2440491775260254,-0.19385214495315778,-0.05019703257286762
2025-04-09,6.590000152587891,6.880000114440918,6.468999862670898,6.650000095367432,162200,VMD,6.647250056266785,6.759186079827794,6.880000114440918,6.468999862670898,7.61552000284195,8.020660003423691,-0.25656513538826786,-0.2063947430401798,-0.050170392348088066
2025-04-10,6.579999923706055,6.670000076293945,6.480000019073486,6.53000020980835,117600,VMD,6.565000057220459,6.703218068047289,6.703218068047289,6.480000019073486,7.581520001888276,7.992722502946854,-0.27301990651709396,-0.21971977573556264,-0.05330013078153131
2025-04-11,6.519999980926514,6.699999809265137,6.409999847412109,6.610000133514404,122800,VMD,6.559999942779541,6.634109062633874,6.699999809265137,6.409999847412109,7.545919997692108,7.967060002088547,-0.27641872295751924,-0.23105956517995396,-0.04535915777756527
2025-04-14,6.690000057220459,6.695000171661377,6.5,6.590000152587891,67900,VMD,6.618750095367432,6.597054502706707,6.695000171661377,6.5,7.513244998455048,7.943397501707077,-0.27752698248808727,-0.24035304864158064,-0.037173933846506635
2025-04-15,6.559999942779541,6.65500020980835,6.550000190734863,6.610000133514404,106400,VMD,6.5937501192092896,6.60790229903707,6.65500020980835,6.550000190734863,7.483394999504089,7.922347502708435,-0.27363713626304875,-0.24700986616587428,-0.02662727009717447
2025-04-16,6.610000133514404,6.679999828338623,6.559999942779541,6.570000171661377,125300,VMD,6.605000019073486,6.60082620912318,6.679999828338623,6.559999942779541,7.453744997978211,7.902947504520416,-0.27066204416888073,-0.2517403017664756,-0.01892174240240513
2025-04-17,6.53000020980835,6.639999866485596,6.46999979019165,6.630000114440918,183400,VMD,6.567499995231628,6.6029131140983335,6.639999866485596,6.46999979019165,7.419834997653961,7.883135005235672,-0.260460343597944,-0.2534843101327693,-0.006976033465174725
2025-04-21,6.579999923706055,6.658999919891357,6.5,6.610000133514404,125400,VMD,6.587249994277954,6.585206554664981,6.658999919891357,6.5,7.386479995250702,7.86240750670433,-0.2510947892804021,-0.25300640596229584,0.0019116166818937685
2025-04-22,6.659999847412109,6.860000133514404,6.650000095367432,6.820000171661377,189100,VMD,6.747500061988831,6.586228274471468,6.860000133514404,6.586228274471468,7.360579998493194,7.842507507801056,-0.2241434853984634,-0.24723382184952938,0.02309033645106598
2025-04-23,6.929999828338623,6.980000019073486,6.760000228881836,6.829999923706055,149900,VMD,6.875,6.666864168230149,6.980000019073486,6.666864168230149,7.339554996490478,7.823577508926392,-0.19967574874211458,-0.23772220722804643,0.038046458485931856
2025-04-24,6.849999904632568,7.050000190734863,6.539999961853027,6.980000019073486,211800,VMD,6.855000019073486,6.770932084115074,7.050000190734863,6.539999961853027,7.319304995536804,7.805390009880066,-0.16626454291376014,-0.22343067436518918,0.05716613145142904
2025-04-25,7.0,7.070000171661377,6.829999923706055,7.070000171661377,197000,VMD,6.992500066757202,6.81296605159428,7.070000171661377,6.81296605159428,7.301604998111725,7.789240012168884,-0.13101342027298113,-0.20494722354674758,0.07393380327376645
2025-04-28,7.039999961853027,7.119999885559082,6.929999828338623,7.070000171661377,119400,VMD,7.039999961853027,6.902733059175741,7.119999885559082,6.902733059175741,7.283579998016357,7.773577511310577,-0.10190198891313518,-0.1843381766200251,0.08243618770688993
2025-04-29,7.039999961853027,7.090000152587891,6.894999980926514,6.949999809265137,79200,VMD,6.993749976158142,6.971366510514384,7.090000152587891,6.894999980926514,7.265204999446869,7.7553900110721585,-0.08750528967519955,-0.16497159923106,0.07746630955586045
2025-04-30,6.909999847412109,7.144999980926514,6.800000190734863,7.070000171661377,142400,VMD,6.981250047683716,6.982558243336263,7.144999980926514,6.800000190734863,7.248830001354218,7.736790012121201,-0.06565593470019149,-0.1451084663248863,0.07945253162469482
2025-05-01,7.070000171661377,7.110000133514404,6.997000217437744,7.059999942779541,131500,VMD,7.059250116348267,6.98190414550999,7.110000133514404,6.98190414550999,7.230164999961853,7.720482510328293,-0.04858701746874772,-0.12580417655365858,0.07721715908491086
2025-05-02,7.130000114440918,7.5,7.085000038146973,7.369999885559082,194300,VMD,7.271250009536743,7.020577130929128,7.5,7.020577130929128,7.215889999866485,7.706595009565353,-0.009930895798237138,-0.1026295204025743,0.09269862460433716
2025-05-05,7.340000152587891,7.380000114440918,7.28000020980835,7.329999923706055,76200,VMD,7.332500100135803,7.145913570232936,7.380000114440918,7.145913570232936,7.20434000492096,7.693845009803772,0.017277531867570417,-0.07864810994854536,0.09592564181611578
2025-05-06,7.269999980926514,7.565000057220459,7.25,7.400000095367432,206500,VMD,7.371250033378601,7.239206835184369,7.565000057220459,7.239206835184369,7.1963650059700015,7.681082509756088,0.04398184037795616,-0.054122119883245064,0.09810396026120122
2025-05-07,7.460000038146973,7.579999923706055,7.179999828338623,7.269999980926514,156000,VMD,7.372499942779541,7.305228434281485,7.579999923706055,7.179999828338623,7.188590006828308,7.667382508516312,0.054032422356584675,-0.03249121143527912,0.08652363379186379
2025-05-08,7.269999980926514,7.309999942779541,6.400000095367432,6.420000076293945,381200,VMD,6.850000023841858,7.338864188530513,7.338864188530513,6.400000095367432,7.1686400079727175,7.647107510566712,-0.006515204352861126,-0.02729601001879552,0.020780805665934394
2025-05-09,6.460000038146973,6.460000038146973,6.135000228881836,6.320000171661377,294600,VMD,6.3437501192092896,7.0944321061861855,7.0944321061861855,6.135000228881836,7.13825501203537,7.622695010900498,-0.06185575665314058,-0.034207959345664535,-0.027647797307476046
2025-05-12,6.360000133514404,6.570000171661377,6.269999980926514,6.510000228881836,329300,VMD,6.427500128746033,6.719091112697738,6.719091112697738,6.269999980926514,7.110055015087128,7.5995450115203855,-0.08935213059556624,-0.04523679359564488,-0.04411533699992136
2025-05-13,6.570000171661377,6.949999809265137,6.559999942779541,6.889999866485596,374800,VMD,6.742499947547913,6.573295620721885,6.949999809265137,6.559999942779541,7.0913300132751464,7.579667512178421,-0.0795632544100382,-0.05210208575852354,-0.027461168651514656
2025-05-14,6.889999866485596,6.989999771118164,6.630000114440918,6.869999885559082,271500,VMD,6.84499990940094,6.657897784134899,6.989999771118164,6.630000114440918,7.07763001203537,7.561667511463165,-0.07258264329118269,-0.05619819726505537,-0.01638444602612732
2025-05-15,6.889999866485596,6.926000118255615,6.670000076293945,6.739999771118164,171300,VMD,6.80649995803833,6.75144884676792,6.926000118255615,6.670000076293945,7.062110011577606,7.546082510948181,-0.0766567303951593,-0.06028990389107616,-0.016366826504083137
2025-05-16,6.739999771118164,6.829999923706055,6.690000057220459,6.760000228881836,173000,VMD,6.754999995231628,6.778974402403125,6.829999923706055,6.690000057220459,7.048060011863709,7.532407509088516,-0.077379619895531,-0.06370784709196713,-0.013671772803563867
2025-05-19,6.710000038146973,6.835000038146973,6.565000057220459,6.75,139100,VMD,6.715000033378601,6.766987198817377,6.835000038146973,6.565000057220459,7.033160014152527,7.519477510452271,-0.07786190633915258,-0.06653865894140422,-0.011323247397748357
2025-05-20,6.78000020980835,6.829999923706055,6.710000038146973,6.800000190734863,160900,VMD,6.78000009059906,6.740993616097989,6.829999923706055,6.710000038146973,7.020410013198853,7.507690011262894,-0.07336383171255179,-0.06790369349563373,-0.005460138216918056
2025-05-21,6.820000171661377,6.829999923706055,6.619999885559082,6.670000076293945,187100,VMD,6.735000014305115,6.760496853348524,6.829999923706055,6.619999885559082,7.002685012817383,7.495940011739731,-0.07937402360765233,-0.07019775951803746,-0.009176264089614874
2025-05-22,6.619999885559082,6.650000095367432,6.510000228881836,6.519999980926514,110400,VMD,6.575000047683716,6.747748433826819,6.747748433826819,6.510000228881836,6.977835013866424,7.4813150119781495,-0.09514413570739588,-0.07518703475590914,-0.019957100951486742
2025-05-23,6.5,6.5,6.360000133514404,6.420000076293945,139800,VMD,6.445000052452087,6.661374240755268,6.661374240755268,6.360000133514404,6.951560015678406,7.464840012788772,-0.11439257335500841,-0.083028142475729,-0.03136443087927941
2025-05-27,6.46999979019165,6.639999866485596,6.460000038146973,6.599999904632568,127700,VMD,6.542499899864197,6.553187146603678,6.639999866485596,6.460000038146973,6.9286800122261045,7.449752510786056,-0.11381067838689418,-0.08918464965796204,-0.024626028728932145
2025-05-28,6.579999923706055,6.639999866485596,6.5,6.570000171661377,116700,VMD,6.572499990463257,6.547843523233937,6.639999866485596,6.5,6.909980013370514,7.435102509260178,-0.11445093107468463,-0.09423790594130656,-0.020213025133378068
2025-05-29,6.590000152587891,6.625,6.519999980926514,6.570000171661377,78000,VMD,6.576250076293945,6.560171756848597,6.625,6.519999980926514,6.893030014038086,7.419615007638932,-0.11364826943606232,-0.09811997864025772,-0.015528290795804603
2025-05-30,6.570000171661377,6.65500020980835,6.480000019073486,6.650000095367432,129300,VMD,6.588750123977661,6.568210916571271,6.65500020980835,6.480000019073486,6.874055016040802,7.404065009355545,-0.10534250621060615,-0.0995644841543274,-0.005778022056278739
2025-06-02,6.650000095367432,6.6579999923706055,6.519999980926514,6.559999942779541,94900,VMD,6.597000002861023,6.578480520274466,6.6579999923706055,6.519999980926514,6.85732001543045,7.389660010337829,-0.10481415681065798,-0.10061441868559352,-0.004199738125064453
2025-06-03,6.559999942779541,6.849999904632568,6.510000228881836,6.789999961853027,197400,VMD,6.677500009536743,6.5877402615677445,6.849999904632568,6.510000228881836,6.844720017910004,7.376760010719299,-0.08485816465599694,-0.09746316787967421,0.012605003223677275
2025-06-04,6.789999961853027,6.968999862670898,6.784999847412109,6.869999885559082,175000,VMD,6.853499889373779,6.632620135552244,6.968999862670898,6.632620135552244,6.836190016269684,7.364995008707046,-0.06187432316048369,-0.09034539893583611,0.02847107577535242
2025-06-05,6.860000133514404,6.920000076293945,6.559999942779541,6.590000152587891,186200,VMD,6.732500076293945,6.743060012463012,6.920000076293945,6.559999942779541,6.825815017223358,7.352492510080338,-0.06549808048038486,-0.08537593524474586,0.019877854764361005
2025-06-06,6.670000076293945,6.739999771118164,6.619999885559082,6.71999979019165,195700,VMD,6.6874998807907104,6.7377800443784786,6.739999771118164,6.619999885559082,6.815715017318726,7.340305008888245,-0.057220448252881084,-0.07974483784637292,0.02252438959349183
2025-06-09,7.0,7.239999771118164,6.755000114440918,6.869999885559082,329300,VMD,6.966249942779541,6.7126399625845945,7.239999771118164,6.7126399625845945,6.810290017127991,7.330455009937286,-0.03811721940426693,-0.07141931415795172,0.033302094753684786
2025-06-10,6.880000114440918,7.0,6.84499979019165,6.900000095367432,144300,VMD,6.90625,6.839444952682068,7.0,6.839444952682068,6.803390016555786,7.317542507648468,-0.020322738818456365,-0.06119999909005265,0.040877260271596286
2025-06-11,6.909999847412109,6.980000019073486,6.75,6.75,95900,VMD,6.847499966621399,6.872847476341034,6.980000019073486,6.75,6.794540016651154,7.303842507600784,-0.018115415610240326,-0.05258308239409019,0.03446766678384986
2025-06-12,6.75,6.820000171661377,6.659999847412109,6.78000020980835,105700,VMD,6.752500057220459,6.860173721481217,6.860173721481217,6.659999847412109,6.785690019130707,7.28991751074791,-0.013786408717550103,-0.04482374765878217,0.03103733894123207
2025-06-13,6.710000038146973,6.800000190734863,6.644999980926514,6.650000095367432,102800,VMD,6.701250076293945,6.806336889350838,6.806336889350838,6.644999980926514,6.778165020942688,7.274317511320114,-0.020608006079333663,-0.03998059934289247,0.019372593263558807
2025-06-16,6.650000095367432,6.820000171661377,6.650000095367432,6.75,106300,VMD,6.71750009059906,6.753793482822392,6.820000171661377,6.650000095367432,6.772665021419525,7.259567511081696,-0.0177405129752346,-0.0355325820693609,0.017792069094126298
2025-06-17,6.690000057220459,6.840000152587891,6.599999904632568,6.599999904632568,136700,VMD,6.682500004768372,6.735646786710726,6.840000152587891,6.599999904632568,6.7681150197982785,7.243942509889603,-0.027257550054321733,-0.03387757566635307,0.006620025612031337
2025-06-18,6.599999904632568,6.75,6.554999828338623,6.579999923706055,121700,VMD,6.6212499141693115,6.709073395739549,6.75,6.554999828338623,6.767540018558503,7.226307510137558,-0.035998730859091665,-0.034301806704900795,-0.0016969241541908708
2025-06-20,6.599999904632568,6.690000057220459,6.559999942779541,6.619999885559082,179300,VMD,6.617499947547913,6.66516165495443,6.690000057220459,6.559999942779541,6.765940017700196,7.207995009422302,-0.039246112243680464,-0.03529066781265673,-0.003955444431023733
2025-06-23,6.599999904632568,6.739999771118164,6.550000190734863,6.670000076293945,146600,VMD,6.639999985694885,6.641330801251171,6.739999771118164,6.550000190734863,6.765795016288758,7.190657509565353,-0.03735448857191681,-0.03570343196450875,-0.0016510566074080593
