Date,Open,High,Low,Close,Volume,Ticker,HA_Close,HA_Open,HA_High,HA_Low,HA_50_MA,HA_100_MA,MACD_Line,Signal_Line,MACD_Hist
2022-01-03,380.42999267578125,380.6300048828125,349.55999755859375,350.4200134277344,1681700,TEAM,365.26000213623047,365.4250030517578,380.6300048828125,349.55999755859375,,,0.0,0.0,0.0
2022-01-04,347.2799987792969,347.2799987792969,316.57000732421875,334.989990234375,4131600,TEAM,336.5299987792969,365.34250259399414,365.34250259399414,316.57000732421875,,,-1.2308850410657328,-0.2461770082131466,-0.9847080328525862
2022-01-05,327.25,331.68798828125,309.5899963378906,311.6400146484375,3509600,TEAM,320.04199981689453,350.9362506866455,350.9362506866455,309.5899963378906,,,-4.043902598145621,-1.0057221261996414,-3.0381804719459797
2022-01-06,309.1099853515625,320.9700012207031,299.19500732421875,313.75,2293700,TEAM,310.7562484741211,335.48912525177,335.48912525177,299.19500732421875,,,-6.033431452734362,-2.0112639915065857,-4.0221674612277765
2022-01-07,310.3599853515625,317.1099853515625,294.25,303.7099914550781,2220700,TEAM,306.3574905395508,323.12268686294556,323.12268686294556,294.25,,,-8.32433443979636,-3.2738780811645407,-5.050456358631819
2022-01-10,295.5,314.44000244140625,284.57501220703125,312.9800109863281,3044500,TEAM,301.8737564086914,314.74008870124817,314.74008870124817,284.57501220703125,,,-9.28484850477605,-4.476072165886843,-4.808776338889207
2022-01-11,309.989990234375,316.55999755859375,303.69000244140625,314.95001220703125,1796500,TEAM,311.29750061035156,308.3069225549698,316.55999755859375,303.69000244140625,,,-9.77442668047587,-5.535743068804648,-4.238683611671221
2022-01-12,318.4800109863281,324.1300048828125,315.010009765625,320.5899963378906,2785200,TEAM,319.55250549316406,309.8022115826607,324.1300048828125,309.8022115826607,,,-9.596696583414541,-6.347933771726627,-3.2487628116879144
2022-01-13,319.8500061035156,321.70599365234375,297.6199951171875,298.6499938964844,2425900,TEAM,309.4564971923828,314.67735853791237,321.70599365234375,297.6199951171875,,,-11.098284917699004,-7.298004000921103,-3.8002809167779015
2022-01-14,296.4200134277344,302.9800109863281,284.364990234375,297.3900146484375,4026000,TEAM,295.28875732421875,312.0669278651476,312.0669278651476,284.364990234375,,,-12.248777998048752,-8.288158800346633,-3.960619197702119
2022-01-18,284.6400146484375,305.9800109863281,281.17999267578125,293.6300048828125,2254000,TEAM,291.35750579833984,303.67784259468317,305.9800109863281,281.17999267578125,,,-13.310518050873497,-9.292630650452006,-4.0178874004214915
2022-01-19,298.010009765625,305.43499755859375,292.55999755859375,293.4599914550781,1790000,TEAM,297.36624908447266,297.5176741965115,305.43499755859375,292.55999755859375,,,-14.00424117993299,-10.234952756348203,-3.7692884235847863
2022-01-20,300.4700012207031,309.7799987792969,289.69000244140625,291.32000732421875,1801900,TEAM,297.81500244140625,297.4419616404921,309.7799987792969,289.69000244140625,,,-14.558874944707043,-11.099737194019973,-3.45913775068707
2022-01-21,289.3500061035156,295.6700134277344,282.6400146484375,283.0,2098700,TEAM,287.6650085449219,297.62848204094917,297.62848204094917,282.6400146484375,,,-15.491208251294381,-11.978031405474855,-3.513176845819526
2022-01-24,277.4849853515625,303.0,273.4219970703125,300.2699890136719,3459900,TEAM,288.5442428588867,292.6467452929355,303.0,273.4219970703125,,,-14.667467892102138,-12.515918702800313,-2.151549189301825
2022-01-25,294.5799865722656,294.6700134277344,275.1499938964844,286.69000244140625,3822200,TEAM,287.77249908447266,290.5954940759111,294.6700134277344,275.1499938964844,,,-14.938240409700882,-13.000383044180428,-1.937857365520454
2022-01-26,294.739990234375,308.80999755859375,287.0799865722656,293.05999755859375,3609600,TEAM,295.92249298095703,289.1839965801919,308.80999755859375,287.0799865722656,,,-14.472000003488915,-13.294706436042127,-1.1772935674467888
2022-01-27,300.0199890136719,310.1400146484375,290.3800048828125,290.8900146484375,3018000,TEAM,297.85750579833984,292.55324478057446,310.1400146484375,290.3800048828125,,,-14.114892908794104,-13.458743730592523,-0.6561491782015807
2022-01-28,312.04998779296875,329.1199951171875,286.8900146484375,319.1700134277344,5822100,TEAM,311.80750274658203,295.20537528945715,329.1199951171875,286.8900146484375,,,-11.41830034897481,-13.050655054268981,1.632354705294171
2022-01-31,319.0799865722656,329.260009765625,316.8299865722656,324.3399963378906,3100500,TEAM,322.3774948120117,303.5064390180196,329.260009765625,303.5064390180196,,,-8.763042010426204,-12.193132445500426,3.430090435074222
2022-02-01,324.8299865722656,328.6499938964844,313.56500244140625,325.8699951171875,1875300,TEAM,323.22874450683594,312.94196691501566,328.6499938964844,312.94196691501566,,,-6.460796492013401,-11.046665254803022,4.585868762789621
2022-02-02,328.8900146484375,328.8900146484375,309.6549987792969,314.2900085449219,2123200,TEAM,320.43125915527344,318.0853557109258,328.8900146484375,309.6549987792969,,,-5.507175182873425,-9.938767240417103,4.4315920575436785
2022-02-03,306.25,316.07000732421875,302.6700134277344,304.4100036621094,1863100,TEAM,307.3500061035156,319.2583074330996,319.2583074330996,302.6700134277344,,,-5.485424687072168,-9.048098729748117,3.5626740426759493
2022-02-04,304.7799987792969,324.20098876953125,301.010009765625,320.9100036621094,2023300,TEAM,312.7252502441406,313.3041567683076,324.20098876953125,301.010009765625,,,-4.089632421848137,-8.056405468168121,3.966773046319984
2022-02-07,319.8500061035156,328.7049865722656,311.67999267578125,314.19000244140625,1698200,TEAM,318.6062469482422,313.0147035062241,328.7049865722656,311.67999267578125,,,-3.485525959043855,-7.142229566343268,3.656703607299413
2022-02-08,311.79998779296875,318.94500732421875,307.760009765625,318.04998779296875,862000,TEAM,314.1387481689453,315.81047522723316,318.94500732421875,307.760009765625,,,-2.664583021861233,-6.246700257446861,3.5821172355856277
2022-02-09,323.4700012207031,336.6390075683594,321.0,335.6000061035156,1528500,TEAM,329.17725372314453,314.97461169808923,336.6390075683594,314.97461169808923,,,-0.591027031809972,-5.115565612319483,4.524538580509511
2022-02-10,326.6300048828125,352.7099914550781,324.510009765625,346.1600036621094,2236700,TEAM,337.50250244140625,322.0759327106169,352.7099914550781,322.0759327106169,,,1.8826821905032602,-3.7159160517549346,5.598598242258195
2022-02-11,346.8999938964844,352.9200134277344,319.5299987792969,321.760009765625,1843100,TEAM,335.27750396728516,329.78921757601154,352.9200134277344,319.5299987792969,,,1.8528801342997667,-2.6021568145439944,4.455036948843761
2022-02-14,320.7699890136719,325.3900146484375,313.9599914550781,320.25,1728000,TEAM,320.0924987792969,332.53336077164835,332.53336077164835,313.9599914550781,,,1.6879588823605332,-1.744133675163089,3.432092557523622
2022-02-15,328.05999755859375,335.8399963378906,323.6300048828125,330.3299865722656,1359600,TEAM,329.4649963378906,326.31292977547264,335.8399963378906,323.6300048828125,,,2.3436125695705528,-0.9265844262163606,3.2701969957869133
2022-02-16,324.8800048828125,325.864990234375,312.010009765625,318.7099914550781,1046900,TEAM,320.36624908447266,327.88896305668163,327.88896305668163,312.010009765625,,,1.9036423428560738,-0.3605390724018738,2.264181415257948
2022-02-17,314.30999755859375,316.1000061035156,303.1000061035156,304.0,1925900,TEAM,309.37750244140625,324.12760607057714,324.12760607057714,303.1000061035156,,,0.3637957831407448,-0.21567210129335007,0.5794678844340948
2022-02-18,304.20001220703125,310.9700012207031,297.0400085449219,298.07000732421875,1609900,TEAM,302.57000732421875,316.7525542559917,316.7525542559917,297.0400085449219,,,-1.319830376335517,-0.4365037563017835,-0.8833266200337335
2022-02-22,292.17999267578125,303.0,290.8800048828125,295.70001220703125,1668500,TEAM,295.44000244140625,309.66128079010525,309.66128079010525,290.8800048828125,,,-2.8129293382497167,-0.9117888726913702,-1.9011404655583464
2022-02-23,298.70001220703125,300.95001220703125,280.7980041503906,281.0199890136719,1545700,TEAM,290.36700439453125,302.55064161575575,302.55064161575575,280.7980041503906,,,-5.121736023684036,-1.7537783028899037,-3.3679577207941325
2022-02-24,270.19000244140625,302.0199890136719,268.20001220703125,301.6000061035156,2318800,TEAM,285.50250244140625,296.4588230051435,302.0199890136719,268.20001220703125,,,-5.230552023353766,-2.449133046982676,-2.78141897637109
2022-02-25,297.739990234375,305.3599853515625,293.6099853515625,305.0299987792969,1150000,TEAM,300.4349899291992,290.98066272327486,305.3599853515625,290.98066272327486,,,-4.982581644134086,-2.9558227664129584,-2.026758877721128
2022-02-28,300.0,312.05999755859375,300.0,305.7200012207031,1190400,TEAM,304.4449996948242,295.70782632623707,312.05999755859375,295.70782632623707,,,-4.676478369999302,-3.299953887130227,-1.3765244828690748
2022-03-01,308.0,321.760009765625,304.8800048828125,307.2699890136719,1539000,TEAM,310.47750091552734,300.07641301053064,321.760009765625,300.07641301053064,,,-4.259714916807866,-3.491906093065755,-0.767808823742111
2022-03-02,310.2300109863281,312.239990234375,296.489990234375,309.2799987792969,1428100,TEAM,307.05999755859375,305.27695696302897,312.239990234375,296.489990234375,,,-3.724304424692832,-3.5383857593911707,-0.18591866530166135
2022-03-03,309.8999938964844,310.5299987792969,282.3900146484375,286.8800048828125,2887400,TEAM,297.4250030517578,306.16847726081136,310.5299987792969,282.3900146484375,,,-5.049275154240263,-3.8405636383609894,-1.2087115158792736
2022-03-04,287.3299865722656,292.6400146484375,266.5899963378906,267.6099853515625,1856500,TEAM,278.54249572753906,301.7967401562846,301.7967401562846,266.5899963378906,,,-7.567025572711998,-4.585856025231191,-2.981169547480807
2022-03-07,270.8399963378906,273.97900390625,243.61000061035156,244.24000549316406,3147200,TEAM,258.16725158691406,290.16961794191184,290.16961794191184,243.61000061035156,,,-11.317660042296211,-5.932216828644195,-5.385443213652016
2022-03-08,242.75999450683594,245.82000732421875,232.69000244140625,240.9499969482422,2573000,TEAM,240.55500030517578,274.16843476441295,274.16843476441295,232.69000244140625,,,-14.389665963163111,-7.623706655547979,-6.765959307615132
2022-03-09,256.25,264.8599853515625,251.8000030517578,261.5899963378906,2614800,TEAM,258.62499618530273,257.36171753479437,264.8599853515625,251.8000030517578,,,-14.986027733748813,-9.096170871188146,-5.889856862560666
2022-03-10,253.97999572753906,262.1400146484375,252.0800018310547,255.1999969482422,1684900,TEAM,255.85000228881836,257.99335686004855,262.1400146484375,252.0800018310547,,,-15.7922253374133,-10.435381764433178,-5.356843572980122
2022-03-11,258.29998779296875,258.6499938964844,244.69000244140625,246.38999938964844,1466400,TEAM,252.00749588012695,256.9216795744335,258.6499938964844,244.69000244140625,,,-16.946685084703006,-11.737642428487144,-5.209042656215862
2022-03-14,244.58999633789062,254.08999633789062,237.7899932861328,238.66000366210938,2026100,TEAM,243.78249740600586,254.46458772728022,254.46458772728022,237.7899932861328,,,-18.274689559167257,-13.045051854623168,-5.229637704544089
2022-03-15,238.35000610351562,246.36000061035156,236.52999877929688,245.1699981689453,1743700,TEAM,241.60250091552734,249.12354256664304,249.12354256664304,236.52999877929688,301.1098654174805,,-18.587574533667578,-14.153556390432051,-4.434018143235527
2022-03-16,255.61000061035156,281.4100036621094,254.07000732421875,280.9599914550781,3738400,TEAM,268.01250076293945,245.3630217410852,281.4100036621094,245.3630217410852,299.16491539001464,,-15.765845923528502,-14.476014297051343,-1.2898316264771594
2022-03-17,277.0799865722656,284.6199951171875,272.17498779296875,280.1300048828125,2330900,TEAM,278.5012435913086,256.6877612520123,284.6199951171875,256.6877612520123,298.0043402862549,,-13.441631885183995,-14.269137814677874,0.8275059294938796
2022-03-18,283.6000061035156,295.3999938964844,279.05999755859375,294.7300109863281,2103500,TEAM,288.19750213623047,267.5945024216604,295.3999938964844,267.5945024216604,297.3674503326416,,-10.302812628819538,-13.475872777506208,3.1730601486866696
2022-03-21,291.2900085449219,296.0,280.80999755859375,288.30999755859375,1595500,TEAM,289.10250091552734,277.89600227894545,296.0,277.89600227894545,296.93437538146975,,-8.238350605916594,-12.428368343188286,4.190017737271692
2022-03-22,286.1700134277344,306.56500244140625,285.7850036621094,298.510009765625,1399000,TEAM,294.25750732421875,283.49925159723637,306.56500244140625,283.49925159723637,296.6923757171631,,-5.713334080221898,-11.085361490595009,5.372027410373111
2022-03-23,290.1700134277344,299.0899963378906,284.25,289.4100036621094,1096800,TEAM,290.7300033569336,288.87837946072756,299.0899963378906,284.25,296.46950065612793,,-4.395861971992531,-9.747461586874515,5.351599614881984
2022-03-24,292.489990234375,294.5299987792969,278.20001220703125,294.1300048828125,1762400,TEAM,289.8375015258789,289.80419140883055,294.5299987792969,278.20001220703125,296.04030067443847,,-2.937034872759682,-8.385376244051548,5.448341371291866
2022-03-25,294.1300048828125,294.7300109863281,274.79998779296875,284.2099914550781,1531600,TEAM,286.9674987792969,289.8208464673547,294.7300109863281,274.79998779296875,295.3886005401611,,-2.551948787849369,-7.218690752811113,4.666741964961743
2022-03-28,286.80999755859375,303.4100036621094,286.739990234375,302.30999755859375,1748300,TEAM,294.81749725341797,288.3941726233258,303.4100036621094,286.739990234375,295.09582054138184,,-0.7772859975355573,-5.930409801756002,5.153123804220445
2022-03-29,304.7699890136719,315.0,298.30999755859375,311.6400146484375,1587100,TEAM,307.4300003051758,291.6058349383719,315.0,291.6058349383719,295.338645401001,,1.3662521501626657,-4.471077411372269,5.8373295615349345
2022-03-30,306.8500061035156,310.8399963378906,297.0,302.6400146484375,1325800,TEAM,304.33250427246094,299.51791762177385,310.8399963378906,297.0,295.5981453704834,,2.3121438368189615,-3.114433161734023,5.426576998552985
2022-03-31,303.20001220703125,304.25,292.04998779296875,293.8299865722656,1636900,TEAM,298.3324966430664,301.9252109471174,304.25,292.04998779296875,295.6174703216553,,2.324083587104951,-2.0267298119662285,4.35081339907118
2022-04-01,297.0299987792969,312.6300048828125,295.04998779296875,305.75,1678600,TEAM,302.61499786376953,300.1288537950919,312.6300048828125,295.04998779296875,295.71347023010253,,3.2578370713123945,-0.9698164353105039,4.227653506622898
2022-04-04,305.8299865722656,317.69000244140625,304.7900085449219,317.17999267578125,1694500,TEAM,311.37249755859375,301.3719258294307,317.69000244140625,301.3719258294307,296.18762001037595,,4.864078253060711,0.1969625023637391,4.667115750696972
2022-04-05,317.0,318.6400146484375,296.5,299.8599853515625,2035300,TEAM,308.0,306.3722116940122,318.6400146484375,296.5,296.57673515319823,,4.685445224258501,1.0946590467426915,3.5907861775158096
2022-04-06,294.0199890136719,294.0199890136719,278.5,286.9599914550781,2324500,TEAM,288.37499237060547,307.1861058470061,307.1861058470061,278.5,296.5887850189209,,3.46303584272232,1.5683344059386173,1.8947014367837027
2022-04-07,286.8999938964844,298.4800109863281,283.8699951171875,292.9700012207031,1767000,TEAM,290.5550003051758,297.78054910880576,298.4800109863281,283.8699951171875,296.4814351654053,,2.9452738773210285,1.8437223002150995,1.101551577105929
2022-04-08,271.1499938964844,282.55999755859375,265.1099853515625,272.0199890136719,4433700,TEAM,272.7099914550781,294.16777470699077,294.16777470699077,265.1099853515625,295.97848487854003,,0.8348294961486431,1.6419437394018084,-0.8071142432531653
2022-04-11,267.5899963378906,275.8179931640625,263.05999755859375,271.6300048828125,1819100,TEAM,269.52449798583984,283.4388830810344,283.4388830810344,263.05999755859375,295.1328247833252,,-0.8592761405211036,1.1416997634172261,-2.00097590393833
2022-04-12,281.3299865722656,283.80999755859375,267.5,268.32000732421875,1624500,TEAM,275.23999786376953,276.48169053343713,283.80999755859375,267.5,294.19007484436037,,-2.4408199501014565,0.42519582071348966,-2.866015770814946
2022-04-13,270.0400085449219,282.3699951171875,266.3299865722656,280.3299865722656,1121000,TEAM,274.76749420166016,275.86084419860333,282.3699951171875,266.3299865722656,293.2208498382568,,-2.694044590810506,-0.19865226159130955,-2.4953923292191966
2022-04-14,280.07000732421875,280.07000732421875,263.94000244140625,265.3500061035156,1553200,TEAM,272.35750579833984,275.31416920013174,280.07000732421875,263.94000244140625,292.2593747711182,,-4.056722798664509,-0.9702663690059495,-3.08645642965856
2022-04-18,265.3500061035156,265.3500061035156,254.14999389648438,259.1199951171875,1157600,TEAM,260.9925003051758,273.8358374992358,273.8358374992358,254.14999389648438,291.3322246551514,,-5.575098649326549,-1.8912328250700694,-3.683865824256479
2022-04-19,258.0,277.7049865722656,257.0799865722656,273.8999938964844,1443500,TEAM,266.6712417602539,267.4141689022058,277.7049865722656,257.0799865722656,290.41114448547364,,-5.522144229139769,-2.6174151058840094,-2.90472912325576
2022-04-20,277.82000732421875,277.989990234375,264.739990234375,265.80999755859375,965900,TEAM,271.5899963378906,267.04270533122985,277.989990234375,264.739990234375,289.4708194732666,,-6.0630811379517695,-3.306548312297562,-2.7565328256542077
2022-04-21,267.5899963378906,273.8800048828125,251.69000244140625,253.82000732421875,1247700,TEAM,261.74500274658203,269.31635083456024,273.8800048828125,251.69000244140625,288.4229445648193,,-7.37426362209419,-4.120091374256888,-3.2541722478373023
2022-04-22,255.36000061035156,256.70001220703125,243.85000610351562,245.2899932861328,1379400,TEAM,250.3000030517578,265.53067679057114,265.53067679057114,243.85000610351562,286.8453995513916,,-8.997963114165998,-5.09566572223871,-3.902297391927288
2022-04-25,245.83999633789062,254.10000610351562,244.0500030517578,253.6300048828125,1229100,TEAM,249.40500259399414,257.91533992116445,257.91533992116445,244.0500030517578,285.08344955444335,,-9.502251385265822,-5.976982854844133,-3.5252685304216893
2022-04-26,250.27999877929688,250.92300415039062,242.55499267578125,242.97999572753906,1462400,TEAM,246.68449783325195,253.6601712575793,253.6601712575793,242.55499267578125,283.3115894317627,,-10.638634648397044,-6.909313213554715,-3.729321434842329
2022-04-27,245.74000549316406,252.75999450683594,241.85499572753906,243.66000366210938,1261900,TEAM,246.0037498474121,250.17233454541562,252.75999450683594,241.85499572753906,281.829814453125,,-11.353479766914234,-7.7981465242266195,-3.555333242687614
2022-04-28,251.4499969482422,263.44000244140625,246.6699981689453,259.9800109863281,3214600,TEAM,255.38500213623047,248.08804219641388,263.44000244140625,246.6699981689453,280.3482145690918,,-10.48227829525166,-8.334972878431628,-2.147305416820032
2022-04-29,242.3300018310547,250.92999267578125,224.02999877929688,224.8300018310547,4478600,TEAM,235.52999877929688,251.73652216632217,251.73652216632217,224.02999877929688,278.6514895629883,,-12.484246211090522,-9.164827544963407,-3.319418666127115
2022-05-02,224.38999938964844,235.47000122070312,219.5500030517578,235.27999877929688,2976000,TEAM,228.67250061035156,243.63326047280952,243.63326047280952,219.5500030517578,277.0373895263672,,-13.07685099018039,-9.947232234006805,-3.129618756173585
2022-05-03,232.4199981689453,235.14999389648438,221.3699951171875,223.5399932861328,1771000,TEAM,228.1199951171875,236.15288054158054,236.15288054158054,221.3699951171875,275.54838928222654,,-14.328643195586636,-10.823514426322772,-3.505128769263864
2022-05-04,226.6999969482422,234.91000366210938,211.4499969482422,234.6999969482422,2793300,TEAM,226.93999862670898,232.13643782938402,234.91000366210938,211.4499969482422,274.1783892059326,,-14.255845990929373,-11.509980739244092,-2.745865251685281
2022-05-05,229.25,229.25,210.1999969482422,212.7100067138672,2243600,TEAM,220.35250091552734,229.5382182280465,229.5382182280465,210.1999969482422,272.7780991363525,,-15.790538615767076,-12.36609231454869,-3.424446301218387
2022-05-06,210.89999389648438,210.92999267578125,193.61000061035156,202.25999450683594,3370100,TEAM,204.42499542236328,224.94535957178692,224.94535957178692,193.61000061035156,271.15654899597166,,-17.64660317179039,-13.42219448599703,-4.2244086857933585
2022-05-09,198.27000427246094,200.60000610351562,180.10000610351562,183.35000610351562,4834300,TEAM,190.58000564575195,214.6851774970751,214.6851774970751,180.10000610351562,268.9594493103027,,-20.408173016554542,-14.819390192108534,-5.5887828244460085
2022-05-10,191.7899932861328,194.47999572753906,174.63999938964844,180.97999572753906,2551200,TEAM,185.47249603271484,202.6325915714135,202.6325915714135,174.63999938964844,266.5799992370605,,-22.528284998808857,-16.3611691534486,-6.167115845360257
2022-05-11,178.1199951171875,186.0399932861328,166.47999572753906,169.27999877929688,2680600,TEAM,174.97999572753906,194.05254380206418,194.05254380206418,166.47999572753906,263.87004913330077,,-24.8659418924712,-18.06212370125312,-6.8038181912180775
2022-05-12,164.57200622558594,175.27000427246094,161.0399932861328,168.24000549316406,4023000,TEAM,167.28050231933594,184.51626976480162,184.51626976480162,161.0399932861328,261.07445922851565,,-26.497029328935525,-19.7491048267896,-6.747924502145924
2022-05-13,175.55999755859375,189.32000732421875,173.88999938964844,188.89999389648438,3758000,TEAM,181.91749954223633,175.89838604206878,189.32000732421875,173.88999938964844,258.7643091583252,,-25.824896144944006,-20.964263090420484,-4.860633054523522
2022-05-16,184.38999938964844,186.33999633789062,170.80999755859375,177.0,3007800,TEAM,179.6349983215332,178.90794279215254,186.33999633789062,170.80999755859375,256.7861592102051,,-25.953282523645214,-21.962066977065433,-3.991215546579781
2022-05-17,184.92999267578125,186.0,166.83999633789062,174.42999267578125,2885100,TEAM,178.04999542236328,179.27147055684287,186.0,166.83999633789062,255.18381408691405,,-25.96312106816478,-22.762277795285303,-3.200843272879478
2022-05-18,171.8000030517578,172.10499572753906,159.5399932861328,162.49000549316406,2770100,TEAM,166.48374938964844,178.66073298960308,178.66073298960308,159.5399932861328,253.7023890686035,,-26.62743091598105,-23.535308419424453,-3.0921224965565983
2022-05-19,163.92999267578125,178.4199981689453,162.86500549316406,174.75,3062800,TEAM,169.99124908447266,172.57224118962574,178.4199981689453,162.86500549316406,251.9297141265869,,-25.86644982849998,-24.00153670123956,-1.8649131272604222
2022-05-20,178.60000610351562,182.01499938964844,169.1750030517578,177.39999389648438,2037000,TEAM,176.79750061035156,171.2817451370492,182.01499938964844,169.1750030517578,250.3486640930176,,-24.764069693249667,-24.154043299641582,-0.6100263936080843
2022-05-23,174.02999877929688,180.0,171.24000549316406,177.6999969482422,1828500,TEAM,175.74250030517578,174.03962287370038,180.0,171.24000549316406,248.82336418151854,,-23.59423806528369,-24.042082252770005,0.4478441874863144
2022-05-24,174.0800018310547,174.49000549316406,161.99000549316406,164.1699981689453,2394400,TEAM,168.68250274658203,174.8910615894381,174.8910615894381,161.99000549316406,247.32136428833007,,-23.48813925009435,-23.931293652234874,0.44315440214052515
2022-05-25,162.0,173.08999633789062,161.2100067138672,170.75,1732700,TEAM,166.76250076293945,171.78678216801006,173.08999633789062,161.2100067138672,245.8245642852783,273.46721485137937,-22.612441864205493,-23.667523294629,1.055081430423506
2022-05-26,168.4499969482422,176.58999633789062,166.0399932861328,175.17999267578125,1465400,TEAM,171.56499481201172,169.27464146547476,176.58999633789062,166.0399932861328,243.89561416625978,271.5302647781372,-21.315272794410276,-23.197073194585258,1.8818004001749813
2022-05-27,178.0,184.9199981689453,176.47999572753906,184.77999877929688,1565700,TEAM,181.0449981689453,170.41981813874324,184.9199981689453,170.41981813874324,241.9464892578125,269.9754147720337,-19.290250696775615,-22.41570869502333,3.1254579982477146
2022-05-31,184.77999877929688,186.25999450683594,176.1199951171875,177.32000732421875,1542600,TEAM,181.11999893188477,175.7324081538443,186.25999450683594,175.7324081538443,239.80493919372557,268.5861947631836,-18.07896203895669,-21.548359363810004,3.4693973248533148
2022-06-01,181.10000610351562,187.38999938964844,176.49000549316406,179.25,1392300,TEAM,181.05750274658203,178.42620354286453,187.38999938964844,176.49000549316406,237.6440392303467,267.2892073059082,-16.76995912164071,-20.592679315376145,3.822720193735435
2022-06-02,178.22000122070312,197.49000549316406,177.5,196.6199951171875,2072500,TEAM,187.45750045776367,179.74185314472328,197.49000549316406,177.5,235.50803909301757,266.1002074050903,-14.167635754034706,-19.30767060310786,5.140034849073153
2022-06-03,191.80999755859375,196.1199951171875,187.52000427246094,190.57000732421875,1232300,TEAM,191.50500106811523,183.59967680124348,196.1199951171875,183.59967680124348,233.5235390472412,264.9965198516846,-12.44994398507555,-17.936125279501397,5.4861812944258475
2022-06-06,194.4499969482422,196.80999755859375,187.9499969482422,190.27000427246094,1006900,TEAM,192.36999893188477,187.55233893467937,196.80999755859375,187.55233893467937,231.57418899536134,263.8072448348999,-10.986226244463438,-16.546145472493805,5.559919228030367
2022-06-07,186.33999633789062,202.98300170898438,185.77000427246094,200.85000610351562,1744200,TEAM,193.9857521057129,189.96116893328207,202.98300170898438,185.77000427246094,229.71455406188966,262.5515773010254,-8.870250931313251,-15.010966564257695,6.140715632944444
2022-06-08,198.77000427246094,203.27000427246094,198.47999572753906,200.8000030517578,1699400,TEAM,200.3300018310547,191.97346051949748,203.27000427246094,191.97346051949748,227.8248041534424,261.4603123474121,-7.115338881762426,-13.431841027758642,6.316502145996216
2022-06-09,197.44000244140625,203.39999389648438,192.58999633789062,196.05999755859375,1610100,TEAM,197.37249755859375,196.1517311752761,203.39999389648438,192.58999633789062,225.62365409851074,260.48114974975584,-6.037441402147238,-11.952961102636362,5.915519700489124
2022-06-10,190.63999938964844,191.61000061035156,181.32000732421875,183.80999755859375,1563800,TEAM,186.84500122070312,196.76211436693492,196.76211436693492,181.32000732421875,223.27390403747557,259.4360247039795,-6.101340055985531,-10.782636893306195,4.681296837320664
2022-06-13,173.97000122070312,177.32000732421875,165.49600219726562,166.2899932861328,2195300,TEAM,170.76900100708008,191.80355779381904,191.80355779381904,165.49600219726562,220.72263412475587,258.1700522232056,-7.479479341485501,-10.122005382942056,2.6425260414565557
2022-06-14,167.1199951171875,171.0,164.44000244140625,167.67999267578125,1137700,TEAM,167.55999755859375,181.28627940044956,181.28627940044956,164.44000244140625,218.02153411865234,256.8675021743774,-8.363098723925361,-9.770224051138719,1.4071253272133575
2022-06-15,170.0,182.97000122070312,168.3000030517578,179.66000366210938,1933200,TEAM,175.23250198364258,174.42313847952164,182.97000122070312,168.3000030517578,215.29873420715333,255.74317710876466,-8.004416751441255,-9.417062591199226,1.412645839757971
2022-06-16,172.13999938964844,174.89999389648438,162.86500549316406,165.74000549316406,2163000,TEAM,168.91125106811523,174.8278202315821,174.89999389648438,162.86500549316406,212.51695922851562,254.54684719085694,-8.742606891873095,-9.282171451334,0.5395645594609046
2022-06-17,167.77999877929688,179.4550018310547,167.63999938964844,178.5500030517578,3390900,TEAM,173.35625076293945,171.86953564984867,179.4550018310547,167.63999938964844,210.2165843963623,253.4026847076416,-8.199449995607097,-9.065627160188619,0.8661771645815222
2022-06-21,181.5500030517578,187.49000549316406,181.05999755859375,183.0,1556400,TEAM,183.2750015258789,172.61289320639406,187.49000549316406,172.61289320639406,208.07098442077637,252.27620979309083,-7.32547318362316,-8.717596364875527,1.3921231812523676
2022-06-22,179.75999450683594,190.41000366210938,179.0,185.39999389648438,1600000,TEAM,183.64249801635742,177.94394736613648,190.41000366210938,177.94394736613648,206.28963455200196,251.134059715271,-6.365799835669776,-8.247237059034378,1.8814372233646015
2022-06-23,188.57000732421875,194.1999969482422,183.0800018310547,193.25999450683594,1866700,TEAM,189.7775001525879,180.79322269124697,194.1999969482422,180.79322269124697,204.69469459533693,249.91375968933104,-4.914365684331585,-7.580662784093819,2.666297099762234
2022-06-24,198.7100067138672,205.55999755859375,196.76499938964844,205.32000732421875,2432200,TEAM,201.58875274658203,185.28536142191743,205.55999755859375,185.28536142191743,203.22166969299317,248.70587226867676,-2.759145703585034,-6.616359367992063,3.8572136644070287
2022-06-27,210.0,211.8300018310547,200.0,202.2100067138672,2129300,TEAM,206.01000213623047,193.43705708424972,211.8300018310547,193.43705708424972,201.84651985168458,247.5336848449707,-1.2872310015058304,-5.550533694694817,4.263302693188987
2022-06-28,200.41000366210938,205.25,190.6699981689453,192.60000610351562,1330000,TEAM,197.23250198364258,199.7235296102401,205.25,190.6699981689453,200.34401977539062,246.3016972732544,-0.8859619132210241,-4.617619338400059,3.7316574251790344
2022-06-29,191.77000427246094,196.14999389648438,188.0,192.36000061035156,818200,TEAM,192.06999969482422,198.47801579694135,198.47801579694135,188.0,198.9655697631836,245.14889720916747,-0.5806266051794182,-3.8102207917559308,3.2295941865765125
2022-06-30,189.0,190.64999389648438,179.83999633789062,187.39999389648438,1613400,TEAM,186.72249603271484,195.27400774588278,195.27400774588278,179.83999633789062,197.36659484863281,243.88886966705323,-0.7304570093278926,-3.194268035270323,2.4638110259424306
2022-07-01,188.38999938964844,199.27000427246094,186.52000427246094,197.50999450683594,1710900,TEAM,192.92250061035156,190.9982518892988,199.27000427246094,186.52000427246094,195.79324493408203,242.63203220367433,-0.033025431019297,-2.5620195144201183,2.5289940834008213
2022-07-05,194.39999389648438,208.55999755859375,191.94000244140625,208.38999938964844,1558100,TEAM,200.8224983215332,191.96037624982517,208.55999755859375,191.94000244140625,194.57479484558107,241.4988697052002,1.3816922968374001,-1.7732771521686148,3.154969449006015
2022-07-06,209.42999267578125,212.01499938964844,203.77000427246094,207.85000610351562,2097600,TEAM,208.26625061035156,196.3914372856792,212.01499938964844,196.3914372856792,193.73411979675294,240.28975967407226,2.431267208408684,-0.9323682800531551,3.3636354884618394
2022-07-07,207.5399932861328,214.83999633789062,206.78399658203125,213.77000427246094,1452300,TEAM,210.7334976196289,202.3288439480154,214.83999633789062,202.3288439480154,192.96068969726562,239.0220696258545,3.698127551938427,-0.006269113654838684,3.7043966655932654
2022-07-08,206.50999450683594,215.35499572753906,205.58999633789062,214.0800018310547,1138000,TEAM,210.38374710083008,206.53117078382215,215.35499572753906,205.58999633789062,192.2346746826172,237.77313205718994,4.673267198387265,0.9296381487535821,3.743629049633683
2022-07-11,213.4600067138672,215.16000366210938,206.3300018310547,211.02999877929688,1553900,TEAM,211.49500274658203,208.45745894232613,215.16000366210938,206.3300018310547,191.5444997406006,236.6871570968628,5.14070380388776,1.7718512797804178,3.3688525241073424
2022-07-12,207.0,207.27999877929688,189.32000732421875,192.6699981689453,3017400,TEAM,199.06750106811523,209.97623084445408,209.97623084445408,189.32000732421875,190.41814971923827,235.38318214416503,3.983730112170491,2.214227046258433,1.7695030659120583
2022-07-13,187.82000732421875,200.3260040283203,184.8699951171875,194.47000122070312,1206500,TEAM,191.87150192260742,204.52186595628467,204.52186595628467,184.8699951171875,189.5449797821045,234.0982346725464,3.1754605958693105,2.4064737561806084,0.7689868396887021
2022-07-14,192.4199981689453,193.0,183.0399932861328,184.97999572753906,1725600,TEAM,188.3599967956543,198.19668393944605,198.19668393944605,183.0399932861328,188.73872970581056,232.88805961608887,1.7489759429493859,2.274974193534364,-0.5259982505849781
2022-07-15,185.9499969482422,191.52000427246094,183.6699981689453,188.88999938964844,1809000,TEAM,187.50749969482422,193.2783403675502,193.2783403675502,183.6699981689453,187.92647979736327,231.73743453979492,0.9233375361524736,2.004646862057986,-1.0813093259055124
2022-07-18,194.4199981689453,196.88999938964844,186.52999877929688,187.97000122070312,1901700,TEAM,191.45249938964844,190.3929200311872,196.88999938964844,186.52999877929688,187.21672981262208,230.69755950927734,0.19255730611192234,1.6422289508687733,-1.449671644756851
2022-07-19,191.14999389648438,192.1300048828125,178.67999267578125,191.58999633789062,1508600,TEAM,188.3874969482422,190.92270971041782,192.1300048828125,178.67999267578125,186.57742973327638,229.67776443481446,-0.09341115315973525,1.2951009300630716,-1.3885120832228068
2022-07-20,198.14999389648438,215.13999938964844,195.14999389648438,213.0399932861328,2790600,TEAM,205.3699951171875,189.65510332933002,215.13999938964844,189.65510332933002,186.59632972717284,228.87643936157227,1.3947148663950202,1.3150237173294614,0.07969114906555874
2022-07-21,211.63999938964844,216.05999755859375,210.08999633789062,214.17999267578125,1210200,TEAM,212.99249649047852,197.51254922325876,216.05999755859375,197.51254922325876,187.04457954406737,228.00201442718506,2.63567150121591,1.579153274106751,1.0565182271091589
2022-07-22,215.6699981689453,220.1300048828125,200.63499450683594,202.27000427246094,1987400,TEAM,209.67625045776367,205.25252285686864,220.1300048828125,200.63499450683594,187.52865463256836,227.05432693481444,2.627810285483463,1.7888846763820936,0.8389256091013693
2022-07-25,201.08999633789062,201.61199951171875,193.88999938964844,196.0500030517578,1204400,TEAM,198.1604995727539,207.46438665731614,207.46438665731614,193.88999938964844,187.99226470947266,225.93115692138673,2.095522223808132,1.8502121858673013,0.24531003794083062
2022-07-26,194.7899932861328,194.8000030517578,184.36000061035156,187.61000061035156,1650000,TEAM,190.38999938964844,202.81244311503502,202.81244311503502,184.36000061035156,188.45445465087892,224.76445693969725,0.9813302744767327,1.6764358035891878,-0.695105529112455
2022-07-27,194.66000366210938,199.92999267578125,189.74000549316406,197.27999877929688,1734100,TEAM,195.4025001525879,196.60122125234173,199.92999267578125,189.74000549316406,188.72415466308593,223.74423191070557,0.8686004783697001,1.5148687385452904,-0.6462682601755902
2022-07-28,195.05999755859375,205.9600067138672,190.9199981689453,204.85000610351562,1667000,TEAM,199.19750213623047,196.0018607024648,205.9600067138672,190.9199981689453,189.11540473937987,222.95078197479248,1.3742560602364051,1.4867462028835134,-0.11249014264710833
2022-07-29,205.5399932861328,210.3000030517578,203.1300048828125,209.32000732421875,1464600,TEAM,207.07250213623047,197.59968141934763,210.3000030517578,197.59968141934763,189.69585487365723,222.43983448028564,2.111345219644022,1.6116660062356152,0.49967921340840693
2022-08-01,207.8300018310547,217.60000610351562,205.0,210.58999633789062,1485600,TEAM,210.25500106811523,202.33609177778905,217.60000610351562,202.33609177778905,190.57127990722657,222.13683448791505,2.766085477026735,1.8425499003938393,0.9235355766328956
2022-08-02,205.0,216.25999450683594,204.67799377441406,214.2100067138672,1247300,TEAM,210.0369987487793,206.29554642295216,216.25999450683594,204.67799377441406,191.37219490051268,221.6509545135498,3.5363120280224223,2.181302325919556,1.3550097021028664
2022-08-03,216.60000610351562,226.8800048828125,216.60000610351562,225.13999938964844,1535900,TEAM,221.30500411987305,208.16627258586573,226.8800048828125,208.16627258586573,192.2623449707031,221.30550453186035,4.971374273987095,2.739316715533064,2.232057558454031
2022-08-04,222.30999755859375,230.8800048828125,220.0399932861328,230.41000366210938,2159000,TEAM,225.9099998474121,214.7356383528694,230.8800048828125,214.7356383528694,193.26569496154787,221.0445295715332,6.459456154822561,3.4833446033909636,2.9761115514315977
2022-08-05,245.67999267578125,269.489990234375,245.30999755859375,268.5899963378906,6815200,TEAM,257.26749420166016,220.32281910014075,269.489990234375,220.32281910014075,195.03739479064942,221.17937953948976,10.597417657763685,4.906159214265508,5.691258443498177
2022-08-08,265.4100036621094,289.1199951171875,264.9700012207031,279.3500061035156,5405400,TEAM,274.7125015258789,238.79515665090045,289.1199951171875,238.79515665090045,197.1963948059082,221.51047954559326,14.576990353248732,6.840325442062153,7.736664911186579
2022-08-09,274.0,286.8800048828125,273.0199890136719,278.8599853515625,2756900,TEAM,278.1899948120117,256.7538290883897,286.8800048828125,256.7538290883897,199.3288948059082,221.612254486084,17.489679666042747,8.970196286858272,8.519483379184475
2022-08-10,287.3699951171875,300.2900085449219,285.0,286.19000244140625,2351200,TEAM,289.7125015258789,267.4719119502007,300.2900085449219,267.4719119502007,201.50224487304686,221.72436706542967,20.157119326640498,11.207580894814718,8.94953843182578
2022-08-11,291.5299987792969,292.239990234375,273.9599914550781,275.79998779296875,2440900,TEAM,283.3824920654297,278.5922067380398,292.239990234375,273.9599914550781,203.54749473571778,221.67621696472168,21.18844986567632,13.203754688987038,7.98469517668928
2022-08-12,278.5799865722656,283.8699951171875,270.7200012207031,283.25,2373200,TEAM,279.10499572753906,280.9873494017347,283.8699951171875,270.7200012207031,205.50844459533693,221.5762419128418,22.349311519719123,15.032866055133455,7.316445464585668
2022-08-15,282.2300109863281,290.6300048828125,281.0,288.4700012207031,1239700,TEAM,285.58250427246094,280.0461725646369,290.6300048828125,280.0461725646369,207.47094467163086,221.48949188232422,23.42053585864386,16.710400015835535,6.710135842808324
2022-08-16,286.5,290.5,282.8800048828125,289.3599853515625,1187900,TEAM,287.30999755859375,282.8143384185489,290.5,282.8143384185489,209.38704460144044,221.45529182434083,24.063909378398222,18.181101888348074,5.882807490050148
2022-08-17,283.0,287.1300048828125,280.6499938964844,284.260009765625,1431000,TEAM,283.76000213623047,285.06216798857133,287.1300048828125,280.6499938964844,211.21484466552735,221.39451683044433,23.886908706069477,19.322263251892355,4.564645454177121
2022-08-18,283.0,286.2799987792969,279.3550109863281,283.3699951171875,1122600,TEAM,283.0012512207031,284.4110850624009,286.2799987792969,279.3550109863281,212.99515464782715,221.3548543548584,23.405019162277654,20.138814433969415,3.2662047283082387
2022-08-19,278.0199890136719,278.25,267.44000244140625,269.3399963378906,1643900,TEAM,273.2624969482422,283.706168141552,283.706168141552,267.44000244140625,214.4538045501709,221.13930435180663,21.64154432748515,20.439360412672563,1.2021839148125864
2022-08-22,260.8999938964844,264.6099853515625,254.77999877929688,258.4700012207031,2592200,TEAM,259.6899948120117,278.4843325448971,278.4843325448971,254.77999877929688,215.70015449523925,220.661904296875,19.146155096262504,20.180719349390554,-1.0345642531280497
2022-08-23,258.4100036621094,261.3999938964844,254.57000732421875,258.2799987792969,987900,TEAM,258.16500091552734,269.08716367845443,269.08716367845443,254.57000732421875,217.12655448913574,220.20022926330566,16.95773137167376,19.536121753847198,-2.5783903821734384
2022-08-24,260.8500061035156,262.7900085449219,258.3900146484375,258.6600036621094,813800,TEAM,260.1725082397461,263.6260822969909,263.6260822969909,258.3900146484375,218.91462463378906,219.81862937927247,15.080217659338018,18.644940934945364,-3.5647232756073457
2022-08-25,260.0,266.5,258.6000061035156,266.3299865722656,1072700,TEAM,262.8574981689453,261.8992952683685,266.5,258.6000061035156,220.8205746459961,219.42105438232423,14.049227288838608,17.725798205724015,-3.6765709168854066
2022-08-26,265.67999267578125,267.5799865722656,256.510009765625,257.04998779296875,1720700,TEAM,261.70499420166016,262.3783967186569,267.5799865722656,256.510009765625,222.55002449035644,218.92437934875488,12.341081343359917,16.648854833251196,-4.307773489891279
2022-08-29,250.02000427246094,259.4800109863281,249.3300018310547,250.9600067138672,1141200,TEAM,252.44750595092773,262.0416954601585,262.0416954601585,249.3300018310547,224.2207495880127,218.36885440826416,10.376340800354484,15.394352026671854,-5.01801122631737
2022-08-30,251.72999572753906,256.0,246.13999938964844,251.39999389648438,1028600,TEAM,251.31749725341797,257.2446007055431,257.2446007055431,246.13999938964844,225.77997451782227,217.99827945709228,8.753863958717318,14.066254413080948,-5.31239045436363
2022-08-31,252.0,257.0400085449219,246.85000610351562,247.66000366210938,1120800,TEAM,250.88750457763672,254.28104897948054,257.0400085449219,246.85000610351562,227.13222457885743,217.6016044998169,7.084586711288267,12.669920872722413,-5.585334161434146
2022-09-01,243.02000427246094,244.92999267578125,230.83999633789062,235.42999267578125,2412700,TEAM,238.55499649047852,252.58427677855863,252.58427677855863,230.83999633789062,228.23047454833986,217.2600545501709,4.72039896910789,11.080016491999508,-6.359617522891618
2022-09-02,239.16000366210938,240.94000244140625,229.49000549316406,232.4199981689453,1907100,TEAM,235.50250244140625,245.5696366345186,245.5696366345186,229.49000549316406,229.1449745941162,216.91983459472655,2.574207883160767,9.378854770231762,-6.804646887070994
2022-09-06,232.4199981689453,233.91000366210938,227.8800048828125,229.6699981689453,933000,TEAM,230.97000122070312,240.53606953796242,240.53606953796242,227.8800048828125,229.73259956359863,216.4771346282959,0.6440102188641674,7.631885859958243,-6.987875641094075
2022-09-07,231.11000061035156,236.92999267578125,227.5449981689453,235.4199981689453,1060900,TEAM,232.75124740600586,235.75303537933277,236.92999267578125,227.5449981689453,230.26742446899414,216.05697216033934,-0.4169025975376144,6.022128168459072,-6.439030765996686
2022-09-08,231.86000061035156,241.7899932861328,229.8699951171875,240.32000732421875,781500,TEAM,235.95999908447266,234.25214139266933,241.7899932861328,229.8699951171875,231.04197441101076,215.6929970932007,-0.8524671495965208,4.647209104847954,-5.499676254444474
2022-09-09,245.3800048828125,261.29998779296875,245.3800048828125,258.92999267578125,2172700,TEAM,252.74749755859375,235.106070238571,261.29998779296875,235.106070238571,232.25552436828613,215.61054706573486,0.300550533098459,3.777877390498055,-3.477326857399596
2022-09-12,261.0,264.9700012207031,259.5400085449219,264.7900085449219,1544800,TEAM,262.5750045776367,243.92678389858236,264.9700012207031,243.92678389858236,233.77257453918457,215.5695846939087,1.6679525414878071,3.3558924206960055,-1.6879398792081983
2022-09-13,247.10000610351562,253.6699981689453,245.25,248.89999389648438,1772000,TEAM,248.72999954223633,253.25089423810954,253.6699981689453,245.25,234.88872451782225,215.34098472595215,1.4526913790515437,2.9752522123671135,-1.5225608333155698
2022-09-14,250.5399932861328,255.88999938964844,244.27000427246094,255.57000732421875,840900,TEAM,251.56750106811523,250.99044689017293,255.88999938964844,244.27000427246094,235.9036245727539,215.23920970916748,1.7995654268873977,2.7401148552711705,-0.9405494283837728
2022-09-15,250.05999755859375,259.67999267578125,248.89999389648438,252.88999938964844,1065200,TEAM,252.88249588012695,251.2789739791441,259.67999267578125,248.89999389648438,236.79594947814942,215.26503463745118,1.8370351684239665,2.55949891790173,-0.7224637494777633
2022-09-16,248.1999969482422,248.1999969482422,239.5399932861328,242.89999389648438,1689900,TEAM,244.7099952697754,252.08073492963553,252.08073492963553,239.5399932861328,237.47547943115234,215.218084564209,1.048533414692514,2.2573058172598865,-1.2087724025673725
2022-09-19,241.42999267578125,243.656005859375,236.91000366210938,241.6199951171875,1710200,TEAM,240.90399932861328,248.39536509970546,248.39536509970546,236.91000366210938,238.085884475708,215.1602795791626,0.31670412194259256,1.8691854781964279,-1.5524813562538353
2022-09-20,238.6199951171875,239.67999267578125,233.83999633789062,235.19000244140625,1003800,TEAM,236.8324966430664,244.64968221415938,244.64968221415938,233.83999633789062,238.5926343536377,215.06856704711913,-0.773209459014339,1.3407064907542745,-2.1139159497686135
2022-09-21,237.41000366210938,245.63999938964844,232.2899932861328,232.3000030517578,1401600,TEAM,236.9099998474121,240.7410894286129,245.63999938964844,232.2899932861328,239.34948432922363,214.88381702423095,-1.8488601138213028,0.7027931698391591,-2.5516532836604617
2022-09-22,230.0,232.6999969482422,220.63999938964844,220.69000244140625,1424500,TEAM,226.00749969482422,238.8255446380125,238.8255446380125,220.63999938964844,240.03220428466796,214.78859203338624,-3.5966906172585595,-0.1571035875803847,-3.439587029678175
2022-09-23,216.5,221.82000732421875,214.82000732421875,217.55999755859375,1326700,TEAM,217.6750030517578,232.41652216641836,232.41652216641836,214.82000732421875,240.61850440979003,214.6786170578003,-5.174772562258454,-1.1606373825159986,-4.014135179742455
2022-09-26,216.85000610351562,222.60000610351562,212.9600067138672,213.61000061035156,1583200,TEAM,216.5050048828125,225.0457626090881,225.0457626090881,212.9600067138672,241.1984545135498,214.56246715545655,-6.667289255069619,-2.261967757026723,-4.4053214980428965
2022-09-27,218.6999969482422,222.05999755859375,211.32000732421875,214.58999633789062,1335100,TEAM,216.66749954223633,220.7753837459503,222.05999755859375,211.32000732421875,241.70275451660157,214.4597421646118,-7.6824831386357175,-3.3460708333485223,-4.336412305287196
2022-09-28,214.0800018310547,219.5850067138672,211.39999389648438,218.13999938964844,1331500,TEAM,215.80125045776367,218.72144164409332,219.5850067138672,211.39999389648438,242.251029586792,214.41422966003418,-8.10712216990899,-4.298281100660616,-3.8088410692483743
2022-09-29,212.61000061035156,214.2100067138672,204.72999572753906,212.3300018310547,1334700,TEAM,210.97000122070312,217.2613460509285,217.2613460509285,204.72999572753906,242.3630297088623,214.47967971801756,-8.810903299712777,-5.200805540471048,-3.6100977592417287
2022-09-30,212.39999389648438,221.36500549316406,210.33999633789062,210.58999633789062,1403300,TEAM,213.67374801635742,214.11567363581582,221.36500549316406,210.33999633789062,242.3766547393799,214.71061714172365,-9.400693474373156,-6.04078312725147,-3.3599103471216862
2022-10-03,214.5500030517578,219.80999755859375,210.00999450683594,217.3300018310547,1452800,TEAM,215.42499923706055,213.89471082608662,219.80999755859375,210.00999450683594,242.49162971496582,215.0101421737671,-9.217985127722216,-6.67622352734562,-2.5417616003765957
2022-10-04,226.66000366210938,236.55999755859375,223.7100067138672,236.2100067138672,2317400,TEAM,230.78500366210938,214.65985503157358,236.55999755859375,214.65985503157358,243.14411979675293,215.56819225311278,-7.463692043509525,-6.833717230578401,-0.629974812931124
2022-10-05,230.47999572753906,244.66000366210938,229.5749969482422,242.4600067138672,1793200,TEAM,236.79375076293945,222.72242934684147,244.66000366210938,222.72242934684147,244.07219482421874,216.26332473754883,-5.5056140767501915,-6.568096599812759,1.0624825230625676
2022-10-06,244.57000732421875,246.14999389648438,237.16000366210938,238.99000549316406,1102900,TEAM,241.71750259399414,229.75809005489046,246.14999389648438,229.75809005489046,244.99849487304687,216.8613247680664,-4.185574581063207,-6.091592196062849,1.9060176149996417
2022-10-07,231.94000244140625,233.61000061035156,225.3000030517578,228.24000549316406,1327000,TEAM,229.77250289916992,235.7377963244423,235.7377963244423,225.3000030517578,245.60999488830566,217.36269981384277,-3.9612066048860584,-5.665515077827491,1.7043084729414328
2022-10-10,228.22999572753906,228.47999572753906,218.9499969482422,220.27000427246094,1138100,TEAM,223.9824981689453,232.7551496118061,232.7551496118061,218.9499969482422,245.94819480895995,217.8220248413086,-4.376061346514064,-5.407624331564806,1.0315629850507424
2022-10-11,216.85000610351562,218.55999755859375,205.55999755859375,207.63999938964844,1778100,TEAM,212.1525001525879,228.36882389037572,228.36882389037572,205.55999755859375,245.9861447906494,218.278712348938,-5.658742102298703,-5.457847885711586,-0.20089421658711704
2022-10-12,207.82000732421875,208.4499969482422,197.42999267578125,203.3699951171875,1921800,TEAM,204.26749801635742,220.2606620214818,220.2606620214818,197.42999267578125,245.87075477600098,218.62147483825683,-6.93983144435137,-5.754244597439543,-1.1855868469118267
2022-10-13,191.7899932861328,203.44000244140625,184.47000122070312,202.1999969482422,2301600,TEAM,195.4749984741211,212.26408001891963,212.26408001891963,184.47000122070312,245.35415466308595,218.80824981689454,-7.957780709358616,-6.194951819823358,-1.7628288895352577
2022-10-14,207.02000427246094,207.5,188.59500122070312,189.0,1807600,TEAM,198.02875137329102,203.86953924652036,207.5,188.59500122070312,244.7965296936035,219.03111232757567,-9.717623557194315,-6.89948616729755,-2.8181373898967657
2022-10-17,196.92999267578125,207.17999267578125,193.84500122070312,204.6699981689453,1730500,TEAM,200.65624618530273,200.9491453099057,207.17999267578125,193.84500122070312,243.66430473327637,219.35084976196288,-9.73564731843527,-7.466718397525094,-2.2689289209101755
2022-10-18,211.77000427246094,214.0,199.75,201.44000244140625,2315300,TEAM,206.7400016784668,200.80269574760422,214.0,199.75,242.30485473632814,219.75062477111817,-9.896484427947001,-7.952671603609476,-1.9438128243375257
2022-10-19,197.00999450683594,198.24000549316406,186.55999755859375,187.72999572753906,2545100,TEAM,192.3849983215332,203.7713487130355,203.7713487130355,186.55999755859375,240.58875480651855,219.95882480621339,-11.003391708266719,-8.562815624540924,-2.4405760837257944
2022-10-20,189.47000122070312,200.6999969482422,187.67999267578125,192.6199951171875,1676800,TEAM,192.61749649047852,198.07817351728437,200.6999969482422,187.67999267578125,238.64685470581054,220.07454978942872,-11.35514655825159,-9.121281811283058,-2.233864746968532
2022-10-21,190.1300048828125,194.8000030517578,186.27999877929688,194.10000610351562,1607600,TEAM,191.3275032043457,195.34783500388144,195.34783500388144,186.27999877929688,236.80575492858887,220.17662483215332,-11.383271030888778,-9.573679655204202,-1.809591375684576
2022-10-24,193.47000122070312,195.02499389648438,188.0399932861328,194.85000610351562,1670900,TEAM,192.84624862670898,193.33766910411356,195.02499389648438,188.0399932861328,235.08057998657227,220.2945122909546,-11.215752927902088,-9.902094309743779,-1.3136586181583088
2022-10-25,197.3699951171875,206.13999938964844,197.3699951171875,206.0399932861328,2081300,TEAM,201.72999572753906,193.09195886541127,206.13999938964844,193.09195886541127,233.40352981567383,220.43723724365233,-10.064043152556707,-9.934484078306365,-0.1295590742503414
2022-10-26,196.2100067138672,209.19000244140625,194.6199951171875,195.22000122070312,1566500,TEAM,198.81000137329102,197.41097729647515,209.19000244140625,194.6199951171875,231.63352989196778,220.5102872467041,-9.91014975370149,-9.92961721338539,0.0194674596839004
2022-10-27,202.11000061035156,205.75999450683594,197.30999755859375,198.0,1855500,TEAM,200.7949981689453,198.11048933488308,205.75999450683594,197.30999755859375,229.97422981262207,220.5945372390747,-9.454875538543916,-9.834668878417096,0.37979333987317965
2022-10-28,194.5,201.17999267578125,189.6699981689453,200.82000732421875,1657900,TEAM,196.54249954223633,199.4527437519142,201.17999267578125,189.6699981689453,228.24505477905274,220.62010471343993,-8.765473497516496,-9.620829802236976,0.8553563047204804
2022-10-31,197.83999633789062,206.24000549316406,197.1999969482422,202.72999572753906,1846700,TEAM,201.00249862670898,197.99762164707528,206.24000549316406,197.1999969482422,226.79985481262207,220.6268296813965,-7.973088510150205,-9.291281543819622,1.3181930336694165
2022-11-01,209.8699951171875,211.99000549316406,191.25999450683594,191.74000549316406,1472700,TEAM,201.2150001525879,199.50006013689213,211.99000549316406,191.25999450683594,225.6303549194336,220.66525470733643,-8.138107031506763,-9.060646641357051,0.922539609850288
2022-11-02,191.80999755859375,192.0,171.13999938964844,172.39999389648438,3572700,TEAM,181.83749771118164,200.35753014474,200.35753014474,171.13999938964844,224.10380485534668,220.6151796722412,-9.717446034224906,-9.192006519930622,-0.525439514294284
2022-11-03,170.0,178.77000427246094,168.49000549316406,174.1699981689453,3460200,TEAM,172.85750198364258,191.09751392796082,191.09751392796082,168.49000549316406,222.3575047302246,220.63606468200683,-10.702882848987542,-9.494181785742006,-1.2087010632455364
2022-11-04,131.0,133.0,115.05999755859375,123.7300033569336,15573100,TEAM,125.69750022888184,181.97750795580168,181.97750795580168,115.05999755859375,219.61430477142335,220.21743970870972,-15.376681844429413,-10.670681797479489,-4.706000046949924
2022-11-07,122.88999938964844,123.2249984741211,114.11000061035156,119.2300033569336,7110600,TEAM,119.86375045776367,153.83750409234176,153.83750409234176,114.11000061035156,216.7774798965454,219.66375219345093,-19.222231691633965,-12.380991776310385,-6.84123991532358
2022-11-08,120.18000030517578,128.89999389648438,117.20999908447266,122.72000122070312,3911000,TEAM,122.25249862670898,136.85062727505272,136.85062727505272,117.20999908447266,214.17357975006104,219.19716466903685,-21.7376657116601,-14.252326563380329,-7.48533914827977
2022-11-09,121.61000061035156,126.4800033569336,119.37999725341797,122.29000091552734,3438900,TEAM,122.44000053405762,129.55156295088085,129.55156295088085,119.37999725341797,211.59602981567383,218.68800216674805,-23.49502668375544,-16.100866587455354,-7.394160096300087
2022-11-10,131.2899932861328,144.9199981689453,131.1999969482422,140.85000610351562,5069400,TEAM,137.06499862670898,125.99578174246923,144.9199981689453,125.99578174246923,209.31957969665527,218.22590213775635,-23.123556641953513,-17.505404598354986,-5.618152043598528
2022-11-11,138.8300018310547,148.14999389648438,137.80999755859375,142.3699951171875,2730900,TEAM,141.78999710083008,131.53039018458912,148.14999389648438,131.53039018458912,207.3842797088623,217.80737712860108,-22.447749860055666,-18.49387365069512,-3.953876209360544
2022-11-14,139.75999450683594,139.75999450683594,129.22000122070312,134.9600067138672,2394400,TEAM,135.92499923706055,136.6601936427096,139.75999450683594,129.22000122070312,205.3927296447754,217.2688521194458,-22.25356698492982,-19.24581231754206,-3.0077546673877578
2022-11-15,140.47999572753906,146.7100067138672,139.8800048828125,141.17999267578125,2724500,TEAM,142.0625,136.29259643988507,146.7100067138672,136.29259643988507,203.61457962036133,216.67358959197998,-21.35164628540582,-19.666979111114813,-1.6846671742910075
2022-11-16,138.44000244140625,139.71499633789062,128.9600067138672,129.27000427246094,2831900,TEAM,134.09625244140625,139.17754821994254,139.71499633789062,128.9600067138672,201.64147972106935,215.95445209503174,-21.351774199315344,-20.00393812875492,-1.3478360705604224
2022-11-17,124.69999694824219,128.5,121.45999908447266,121.69000244140625,3097800,TEAM,124.08749961853027,136.6369003306744,136.6369003306744,121.45999908447266,199.40402973175048,215.22300207138062,-21.71322186540479,-20.345794876084895,-1.3674269893198954
2022-11-18,124.8499984741211,125.0,117.80000305175781,118.76000213623047,3534800,TEAM,121.60250091552734,130.36219997460233,130.36219997460233,117.80000305175781,196.78112979888917,214.51832708358765,-21.982695453034125,-20.673174991474742,-1.3095204615593836
2022-11-21,116.4000015258789,117.77999877929688,113.8550033569336,117.55999755859375,2681100,TEAM,116.39875030517578,125.98235044506484,125.98235044506484,113.8550033569336,193.85760471343994,213.81508962631224,-22.039033296224346,-20.946346652424662,-1.0926866437996843
2022-11-22,117.55000305175781,118.76000213623047,114.6050033569336,116.33999633789062,2336000,TEAM,116.81375122070312,121.19055037512031,121.19055037512031,114.6050033569336,191.21927974700927,213.05400213241577,-21.92933759215626,-21.142944840370983,-0.7863927517852751
2022-11-23,117.06999969482422,125.0,115.23999786376953,124.5,2835900,TEAM,120.45249938964844,119.00215079791172,125.0,115.23999786376953,188.59697971343994,212.25030214309692,-20.94254622028612,-21.10286511635401,0.16031889606789207
2022-11-25,122.48999786376953,124.76000213623047,121.41999816894531,124.12999725341797,1041000,TEAM,123.19999885559082,119.72732509378008,124.76000213623047,119.72732509378008,186.00332977294923,211.39963962554933,-19.960273470311364,-20.874346787145484,0.91407331683412
2022-11-28,123.41000366210938,127.54499816894531,122.81500244140625,126.44999694824219,2635800,TEAM,125.05500030517578,121.46366197468545,127.54499816894531,121.46366197468545,183.61022987365723,210.5428546524048,-18.778147853276124,-20.455107000371612,1.6769591470954879
2022-11-29,125.83000183105469,127.68000030517578,121.37000274658203,122.01000213623047,2417900,TEAM,124.22250175476074,123.25933113993062,127.68000030517578,121.37000274658203,181.27659992218017,209.6812421989441,-17.992172692702127,-19.962520138837718,1.970347446135591
2022-11-30,120.16999816894531,132.19000244140625,119.44999694824219,131.5500030517578,3385800,TEAM,125.84000015258789,123.74091644734568,132.19000244140625,119.44999694824219,179.0567499923706,208.82469217300414,-16.4103154688747,-19.252079204845117,2.8417637359704173
2022-12-01,132.07000732421875,140.58999633789062,131.5500030517578,140.05999755859375,2930000,TEAM,136.06750106811523,124.79045829996679,140.58999633789062,124.79045829996679,177.03990001678466,208.19469217300414,-14.305096538334993,-18.262682671543093,3.9575861332080997
2022-12-02,136.89999389648438,142.82000732421875,132.75,141.0,3678300,TEAM,138.36750030517578,130.428979684041,142.82000732421875,130.428979684041,175.2871000289917,207.65965215682982,-12.417701494428599,-17.093686436120194,4.6759849416915955
2022-12-05,140.1999969482422,142.1300048828125,131.5850067138672,133.61000061035156,2909700,TEAM,136.88125228881836,134.3982399946084,142.1300048828125,131.5850067138672,173.6712250137329,207.14486471176147,-11.38697653675959,-15.952344456248074,4.565367919488484
2022-12-06,134.94000244140625,134.94000244140625,123.2300033569336,124.95999908447266,3444200,TEAM,129.5175018310547,135.63974614171337,135.63974614171337,123.2300033569336,171.93147495269776,206.5649647331238,-11.139690990373822,-14.989813763073224,3.850122772699402
2022-12-07,125.80999755859375,126.88999938964844,122.20999908447266,125.45999908447266,2930700,TEAM,125.09249877929688,132.57862398638403,132.57862398638403,122.20999908447266,170.09997493743896,205.90136472702025,-10.779114667816629,-14.147673944021905,3.3685592762052767
2022-12-08,130.60000610351562,138.41000366210938,128.30999755859375,135.7100067138672,5000800,TEAM,133.25750350952148,128.83556138284047,138.41000366210938,128.30999755859375,168.4490999984741,205.35006479263305,-9.556108511128485,-13.229360857443222,3.6732523463147366
2022-12-09,134.2100067138672,140.42999267578125,134.2100067138672,137.3300018310547,3911100,TEAM,136.54500198364258,131.04653244618098,140.42999267578125,131.04653244618098,166.96060001373291,204.66181486129761,-8.359780903108515,-12.255444866576282,3.8956639634677668
2022-12-12,136.25,149.07000732421875,136.17999267578125,143.7899932861328,4693900,TEAM,141.3224983215332,133.7957672149118,149.07000732421875,133.7957672149118,165.51357501983642,203.94511487960816,-6.8118920809999395,-11.166734309461013,4.354842228461074
2022-12-13,155.2899932861328,157.72999572753906,141.22999572753906,143.91000366210938,5678600,TEAM,149.53999710083008,137.5591327682225,157.72999572753906,137.5591327682225,164.19587497711183,203.34375234603883,-5.511956796295635,-10.035778806827938,4.523822010532303
2022-12-14,143.60000610351562,153.14999389648438,143.40199279785156,149.85000610351562,6887800,TEAM,147.5004997253418,143.5495649345263,153.14999389648438,143.40199279785156,162.53018489837646,202.8371523475647,-3.95682830957702,-8.819988707377755,4.863160397800735
2022-12-15,145.00999450683594,149.51499938964844,142.38999938964844,146.22999572753906,6388300,TEAM,145.78624725341797,145.52503232993405,149.51499938964844,142.38999938964844,160.71003482818602,202.3911148262024,-2.98210649601981,-7.652412265106166,4.670305769086356
2022-12-16,145.5,148.9600067138672,143.77999877929688,147.25999450683594,17456200,TEAM,146.375,145.655639791676,148.9600067138672,143.77999877929688,158.80318477630615,201.90083982467652,-2.1022862950721617,-6.542387071099366,4.440100776027204
2022-12-19,145.50999450683594,145.8699951171875,136.4499969482422,139.1699981689453,6813300,TEAM,141.74999618530273,146.015319895838,146.015319895838,136.4499969482422,157.04273464202882,201.32636476516723,-2.0343666284626067,-5.640782982572015,3.606416354109408
2022-12-20,136.55999755859375,139.6699981689453,133.39999389648438,138.02000427246094,5887200,TEAM,136.9124984741211,143.88265804057036,143.88265804057036,133.39999389648438,155.30133464813233,200.62476472854615,-2.0497069540184043,-4.9225677768612925,2.8728608228428882
2022-12-21,137.7899932861328,140.77000427246094,133.38499450683594,139.6199951171875,2691900,TEAM,137.8912467956543,140.39757825734574,140.77000427246094,133.38499450683594,153.81610958099364,199.90112718582154,-1.9107326464954042,-4.320200750788115,2.409468104292711
2022-12-22,136.6699981689453,137.30999755859375,124.5199966430664,127.26000213623047,4557200,TEAM,131.43999862670898,139.14441252650002,139.14441252650002,124.5199966430664,152.3595595932007,199.11515718460083,-2.7660572570708837,-4.009372052044669,1.2433147949737853
2022-12-23,125.26000213623047,127.44999694824219,122.20999908447266,127.22000122070312,2282200,TEAM,125.53499984741211,135.2922055766045,135.2922055766045,122.20999908447266,150.9607596206665,198.15745714187622,-3.407852312668439,-3.8890681041694233,0.4812157915009845
2022-12-27,125.25,126.44999694824219,122.16000366210938,124.83000183105469,1579400,TEAM,124.67250061035156,130.4136027120083,130.4136027120083,122.16000366210938,149.49363460540772,197.1450821495056,-4.062502494858762,-3.9237549823072913,-0.138747512551471
2022-12-28,124.83000183105469,126.48999786376953,121.19999694824219,123.30000305175781,1333600,TEAM,123.95499992370605,127.54305166117993,127.54305166117993,121.19999694824219,147.9596096801758,195.81195720672608,-4.65115991919842,-4.069235969685518,-0.5819239495129027
2022-12-29,125.18000030517578,130.22999572753906,124.0999984741211,129.67999267578125,1653800,TEAM,127.2974967956543,125.74902579244299,130.22999572753906,124.0999984741211,146.37075958251953,194.33780715942382,-4.550409043255257,-4.165470584399466,-0.3849384588557916
2022-12-30,127.1500015258789,129.6699981689453,126.2300033569336,128.67999267578125,1419900,TEAM,127.93249893188477,126.52326129404864,129.6699981689453,126.2300033569336,145.08170959472656,192.83523220062256,-4.499388738248456,-4.232254215169264,-0.26713452307919194
2023-01-03,131.91000366210938,132.7100067138672,119.83999633789062,126.5,2862100,TEAM,127.7400016784668,127.2278801129667,132.7100067138672,119.83999633789062,143.78415969848632,191.21550720214844,-4.582043029108888,-4.302211977957189,-0.2798310511516995
2023-01-04,128.0,128.19500732421875,123.22000122070312,126.4000015258789,2148400,TEAM,126.4537525177002,127.48394089571676,128.19500732421875,123.22000122070312,142.4866846847534,189.64621980667116,-4.602560736076327,-4.362281729581016,-0.2402790064953111
2023-01-05,124.5,125.3499984741211,119.81999969482422,119.97000122070312,2691800,TEAM,122.40999984741211,126.96884670670848,126.96884670670848,119.81999969482422,141.0779597091675,188.07926984786988,-5.079119525297585,-4.505649288724331,-0.5734702365732547
2023-01-06,120.68000030517578,124.19499969482422,116.4000015258789,121.27999877929688,2886600,TEAM,120.63875007629395,124.68942327706029,124.68942327706029,116.4000015258789,139.45613479614258,186.4298323059082,-5.290108862317638,-4.662541203442992,-0.6275676588746455
2023-01-09,123.7699966430664,127.72000122070312,121.86499786376953,127.16999816894531,3959400,TEAM,125.1312484741211,122.66408667667712,127.72000122070312,121.86499786376953,137.98255973815918,184.80804481506348,-4.925270256394782,-4.715087014033351,-0.21018324236143116
2023-01-10,126.26000213623047,132.55999755859375,125.2249984741211,132.16000366210938,2592300,TEAM,129.05125045776367,123.89766757539911,132.55999755859375,123.89766757539911,136.54768478393555,183.2609572982788,-4.185236491543037,-4.609116909535288,0.42388041799225107
2023-01-11,136.89999389648438,145.5500030517578,135.8000030517578,141.77999877929688,4067500,TEAM,140.00749969482422,126.47445901658139,145.5500030517578,126.47445901658139,135.4169847869873,181.83101978302003,-2.7903359371793783,-4.245360715064106,1.455024777884728
2023-01-12,141.07000732421875,147.33999633789062,139.07000732421875,146.47999572753906,2519400,TEAM,143.4900016784668,133.2409793557028,147.33999633789062,133.2409793557028,134.26673484802245,180.53329483032226,-1.2907379008560156,-3.6544361522224884,2.363698251366473
2023-01-13,143.89999389648438,148.8300018310547,143.0,148.0,1820500,TEAM,145.93249893188477,138.3654905170848,148.8300018310547,138.3654905170848,133.1610848236084,179.395719871521,0.0201240114552661,-2.9195241194869377,2.939648130942204
2023-01-17,147.5,154.36000061035156,144.25999450683594,152.91000366210938,1877900,TEAM,149.75749969482422,142.1489947244848,154.36000061035156,142.1489947244848,132.51948486328126,178.31164485931396,1.438604445582996,-2.047898406472951,3.486502852055947
2023-01-18,155.24000549316406,157.6300048828125,147.27000427246094,148.72999572753906,1766000,TEAM,152.21750259399414,145.9532472096545,157.6300048828125,145.9532472096545,132.10668487548827,177.23209480285644,2.200107235995631,-1.1982972779792345,3.3984045139748655
2023-01-19,147.33999633789062,150.91000366210938,145.8300018310547,148.88999938964844,1632600,TEAM,148.24250030517578,149.0853749018243,150.91000366210938,145.8300018310547,132.55758487701416,176.08594482421876,2.78441760909692,-0.4017543005640036,3.1861719096609233
2023-01-20,149.44000244140625,159.9949951171875,148.9010009765625,157.75,2793500,TEAM,154.02149963378906,148.66393760350005,159.9949951171875,148.66393760350005,133.24073986053466,175.00910987854004,3.9172600571206146,0.4620485709729201,3.4552114861476944
2023-01-23,155.86000061035156,156.0,150.05999755859375,154.5800018310547,4615800,TEAM,154.125,151.34271861864454,156.0,150.05999755859375,133.8781898880005,174.02588481903075,4.507296194578032,1.2710980956939426,3.2361980988840893
2023-01-24,152.6649932861328,153.0399932861328,147.0399932861328,151.6999969482422,2212100,TEAM,151.11124420166016,152.73385930932227,153.0399932861328,147.0399932861328,134.45161476135254,173.02382228851317,4.6884660415972235,1.9545716848745989,2.7338943567226246
2023-01-25,147.24000549316406,153.75999450683594,140.9199981689453,151.92999267578125,2691100,TEAM,148.46249771118164,151.9225517554912,153.75999450683594,140.9199981689453,134.679564743042,171.99957221984863,4.795325654517399,2.522722478803159,2.2726031757142398
2023-01-26,154.58999633789062,158.82000732421875,152.39999389648438,158.3800048828125,1934500,TEAM,156.04750061035156,150.19252473333643,158.82000732421875,150.19252473333643,134.96471481323243,171.17449726104735,5.338930875975649,3.085964158237657,2.252966717737992
2023-01-27,157.39999389648438,165.05999755859375,155.5,164.25,2758100,TEAM,160.55249786376953,153.120012671844,165.05999755859375,153.120012671844,135.4572647857666,170.424997215271,6.172251604404039,3.703221647470934,2.469029956933105
2023-01-30,160.9199981689453,162.91000366210938,154.33999633789062,156.94000244140625,2486100,TEAM,158.7775001525879,156.83625526780676,162.91000366210938,154.33999633789062,135.79156478881836,169.70307220458983,6.171665456995413,4.19691040937583,1.974755047619583
2023-01-31,158.64999389648438,161.69000244140625,157.0399932861328,161.6199951171875,1790400,TEAM,159.74999618530273,157.80687771019734,161.69000244140625,157.0399932861328,136.3046396636963,168.9730596923828,6.474206603880077,4.65236964827668,1.8218369556033975
2023-02-01,161.6999969482422,170.9600067138672,159.8000030517578,170.30999755859375,2036300,TEAM,165.69250106811523,158.77843694775004,170.9600067138672,158.77843694775004,137.136739692688,168.27038471221923,7.330679701706686,5.188031658962681,2.142648042744004
2023-02-02,179.64999389648438,183.42999267578125,175.9499969482422,182.41000366210938,4849400,TEAM,180.3599967956543,162.23546900793264,183.42999267578125,162.23546900793264,138.31188961029054,167.54650970458985,8.883407775763459,5.927106882322837,2.9563008934406216
2023-02-03,159.33999633789062,172.8800048828125,158.41000366210938,169.3000030517578,7322800,TEAM,164.98250198364258,171.29773290179347,172.8800048828125,158.41000366210938,139.28356464385988,166.5705846786499,8.952885189360956,6.532262543730461,2.4206226456304947
2023-02-06,165.39999389648438,178.7100067138672,165.05999755859375,172.3699951171875,2717400,TEAM,170.3849983215332,168.140117442718,178.7100067138672,165.05999755859375,140.35498958587647,165.78713466644288,9.150191530711083,7.055848341126586,2.0943431895844977
2023-02-07,170.94000244140625,182.1750030517578,168.24000549316406,181.16000366210938,2904200,TEAM,175.62875366210938,169.2625578821256,182.1750030517578,168.24000549316406,141.45851467132567,165.0277471923828,9.901697846968233,7.6250182422949155,2.2766796046733173
2023-02-08,179.57000732421875,181.36000061035156,174.68499755859375,175.64999389648438,1620500,TEAM,177.8162498474121,172.4456557721175,181.36000061035156,172.4456557721175,142.5508396911621,164.27708473205567,9.938100046812508,8.087634603198435,1.8504654436140733
2023-02-09,179.0,180.6999969482422,170.41000366210938,171.14999389648438,2152900,TEAM,175.31499862670898,175.1309528097648,180.6999969482422,170.41000366210938,143.55603965759278,163.583134765625,9.494391228493186,8.368985928257386,1.1254053002357995
2023-02-10,169.6300048828125,176.60000610351562,169.60000610351562,172.22999572753906,2536800,TEAM,172.0150032043457,175.2229757182369,176.60000610351562,169.60000610351562,144.51188968658448,162.8942448043823,9.124711916008152,8.52013112580754,0.6045807902006128
2023-02-13,172.7899932861328,177.84500122070312,170.1300048828125,175.55999755859375,1600600,TEAM,174.08124923706055,173.6189894612913,177.84500122070312,170.1300048828125,145.47671466827393,162.26673233032227,8.99673297775206,8.615451496196444,0.38128148155561625
2023-02-14,172.33999633789062,183.8000030517578,172.17999267578125,181.8699951171875,1815100,TEAM,177.5474967956543,173.85011934917594,183.8000030517578,172.17999267578125,146.3063145828247,161.67310729980468,9.29729933589789,8.751821064136735,0.545478271761155
2023-02-15,181.0,188.57000732421875,179.22999572753906,187.36000061035156,1780500,TEAM,184.04000091552734,175.69880807241512,188.57000732421875,175.69880807241512,147.21976459503173,161.2534323120117,9.864782825798471,8.974413416469082,0.8903694093293897
2023-02-16,178.42999267578125,182.7949981689453,174.32000732421875,174.66000366210938,2550000,TEAM,177.55125045776367,179.86940449397122,182.7949981689453,174.32000732421875,148.03316455841065,160.85219478607178,9.18386805049559,9.016304343274383,0.16756370722120728
2023-02-17,174.38999938964844,174.38999938964844,167.13999938964844,168.55999755859375,2272200,TEAM,171.11999893188477,178.71032747586744,178.71032747586744,167.13999938964844,148.86521450042724,160.3983447265625,8.059118174972184,8.824867109613944,-0.7657489346417599
2023-02-21,164.4199981689453,167.42999267578125,163.6199951171875,165.14999389648438,1983800,TEAM,165.1549949645996,174.9151632038761,174.9151632038761,163.6199951171875,149.6664644241333,159.88321968078614,6.814038998311531,8.422701487353462,-1.6086624890419312
2023-02-22,166.02999877929688,171.80999755859375,166.02999877929688,169.49000549316406,1809200,TEAM,168.3400001525879,170.03507908423785,171.80999755859375,166.02999877929688,150.36811435699462,159.40860717773438,6.1071085001124175,7.959582889905254,-1.8524743897928362
2023-02-23,170.72000122070312,172.8300018310547,167.74000549316406,170.6300048828125,1750800,TEAM,170.4800033569336,169.18753961841287,172.8300018310547,167.74000549316406,151.04681438446045,159.00370719909668,5.574589018360115,7.482584115596226,-1.9079950972361113
2023-02-24,164.2899932861328,166.30999755859375,160.11000061035156,162.5500030517578,2090000,TEAM,163.31499862670898,169.83377148767323,169.83377148767323,160.11000061035156,151.48666439056396,158.5001197052002,4.449286269571388,6.875924546391259,-2.4266382768198707
2023-02-27,164.58999633789062,168.2100067138672,162.16000366210938,164.6199951171875,1555800,TEAM,164.89500045776367,166.5743850571911,168.2100067138672,162.16000366210938,151.79376445770265,157.99481971740724,3.682062271955573,6.237152091504122,-2.5550898195485487
2023-02-28,164.47000122070312,166.55999755859375,162.4600067138672,164.3300018310547,9810700,TEAM,164.4550018310547,165.73469275747738,166.55999755859375,162.4600067138672,152.1328544998169,157.33151969909667,3.0158666581552893,5.5928950048343555,-2.577028346679066
2023-03-01,165.05999755859375,169.1199951171875,162.13999938964844,162.19000244140625,1657000,TEAM,164.62749862670898,165.09484729426603,169.1199951171875,162.13999938964844,152.5096795272827,156.60985717773437,2.288837474856564,4.932083498838797,-2.6432460239822335
2023-03-02,162.42999267578125,167.0,159.66000366210938,166.11000061035156,1522500,TEAM,163.79999923706055,164.86117296048752,167.0,159.66000366210938,152.85817951202392,155.83068214416505,2.0058505045542745,4.346836899981893,-2.3409863954276187
2023-03-03,166.60000610351562,178.11000061035156,166.2100067138672,177.52999877929688,1699100,TEAM,172.1125030517578,164.33058609877403,178.11000061035156,164.33058609877403,153.46542964935304,155.25408214569092,2.6722753760047624,4.011924595186467,-1.3396492191817044
2023-03-06,178.39999389648438,181.88999938964844,175.6999969482422,176.14999389648438,1503300,TEAM,178.03499603271484,168.2215445752659,181.88999938964844,168.2215445752659,154.2878796005249,154.79460712432862,3.0538639840563633,3.8203124729604463,-0.766448488904083
2023-03-07,176.8300018310547,182.72000122070312,175.32000732421875,176.47999572753906,2097400,TEAM,177.8375015258789,173.12827030399038,182.72000122070312,173.12827030399038,155.0868046951294,154.45145713806153,3.3443524813426677,3.7251204746368907,-0.38076799329422295
2023-03-08,176.6300048828125,178.63999938964844,174.39500427246094,177.89999389648438,961000,TEAM,176.89125061035156,175.48288591493463,178.63999938964844,174.39500427246094,155.99582973480224,154.17769466400148,3.647107112564413,3.7095178022223956,-0.062410689657982577
2023-03-09,176.9199981689453,180.14999389648438,169.32000732421875,169.99000549316406,1526500,TEAM,174.09500122070312,176.1870682626431,180.14999389648438,169.32000732421875,156.96702976226806,153.9638946914673,3.2117493343386627,3.609964108645649,-0.3982147743069864
2023-03-10,169.4199981689453,169.69000244140625,155.33999633789062,155.77999877929688,2393900,TEAM,162.55749893188477,175.1410347416731,175.1410347416731,155.33999633789062,157.72472972869872,153.60918216705323,1.7004941367952995,3.2280701142755794,-1.52757597748028
2023-03-13,154.19500732421875,162.3300018310547,149.57000732421875,158.32000732421875,2176500,TEAM,156.10375595092773,168.84926683677895,168.84926683677895,149.57000732421875,158.36770484924315,153.16365726470949,0.6997052005736464,2.722397131535193,-2.0226919309615465
2023-03-14,155.0,160.17999267578125,148.5500030517578,159.97999572753906,2669800,TEAM,155.92749786376953,162.47651139385334,162.47651139385334,148.5500030517578,158.94030487060547,152.6555322265625,0.04005818356429813,2.185929341941014,-2.145871158376716
2023-03-15,157.0749969482422,159.5800018310547,155.5399932861328,158.0,2294100,TEAM,157.54874801635742,159.20200462881144,159.5800018310547,155.5399932861328,159.53262985229492,152.30716972351075,-0.6351641605465659,1.621710641443498,-2.256874801990064
2023-03-16,157.7899932861328,161.49000549316406,152.27999877929688,157.35000610351562,2596500,TEAM,157.22750091552734,158.37537632258443,161.49000549316406,152.27999877929688,160.12237983703614,151.95326976776124,-1.2087975425689876,1.055609004641001,-2.2644065472099886
2023-03-17,157.0399932861328,158.86000061035156,153.0399932861328,158.25,3325500,TEAM,156.7974967956543,157.8014386190559,158.86000061035156,153.0399932861328,160.72925472259521,151.6079697036743,-1.572655550501537,0.5299560936124934,-2.10261164411403
2023-03-20,157.0399932861328,157.4499969482422,148.47000122070312,148.89999389648438,2452400,TEAM,152.96499633789062,157.2994677073551,157.4499969482422,148.47000122070312,161.34035465240478,151.20915718078612,-2.5856769205240084,-0.093170509214807,-2.4925064113092015
2023-03-21,149.39999389648438,155.6199951171875,148.3699951171875,154.3000030517578,2212100,TEAM,151.9224967956543,155.13223202262287,155.6199951171875,148.3699951171875,161.966029586792,150.71108219146728,-2.919118267322915,-0.6583600608364286,-2.2607582064864866
2023-03-22,154.00999450683594,157.5800018310547,148.86000061035156,149.02999877929688,1334000,TEAM,152.36999893188477,153.52736440913858,157.5800018310547,148.86000061035156,162.51080459594726,150.24668216705322,-3.567494383930665,-1.240186925455276,-2.327307458475389
2023-03-23,152.5,155.8350067138672,149.9149932861328,153.2899932861328,1483500,TEAM,152.8849983215332,152.9486816705117,155.8350067138672,149.9149932861328,162.98747955322267,149.7675821685791,-3.694997541594489,-1.7311490486831187,-1.9638484929113704
2023-03-24,152.99000549316406,153.10000610351562,146.4199981689453,152.72000122070312,1442600,TEAM,151.30750274658203,152.91683999602245,153.10000610351562,146.4199981689453,163.2134796142578,149.31523220062255,-3.7982543963614432,-2.1445701182187835,-1.6536842781426597
2023-03-27,153.42999267578125,156.25999450683594,152.08999633789062,154.99000549316406,1452800,TEAM,154.19249725341797,152.11217137130222,156.25999450683594,152.08999633789062,163.42752952575682,148.84713218688964,-3.654785729257611,-2.446613240426549,-1.208172488831062
2023-03-28,155.00999450683594,156.74000549316406,153.66000366210938,155.25999450683594,992200,TEAM,155.16749954223633,153.1523343123601,156.74000549316406,153.1523343123601,163.61222953796386,148.38665718078613,-3.4791939379373957,-2.6531293799287186,-0.8260645580086772
2023-03-29,157.75999450683594,158.97999572753906,155.64999389648438,158.88999938964844,1111100,TEAM,157.81999588012695,154.1599169272982,158.97999572753906,154.1599169272982,163.77347946166992,148.1464821624756,-3.0124000488104627,-2.7249835137050678,-0.287416535105395
2023-03-30,161.52000427246094,162.1199951171875,158.89999389648438,160.58999633789062,966300,TEAM,160.78249740600586,155.9899564037126,162.1199951171875,155.9899564037126,163.94477935791016,148.02573211669923,-2.4767367033519747,-2.6753341516344493,0.1985974482824746
2023-03-31,161.75999450683594,171.83999633789062,160.4600067138672,171.1699981689453,1646300,TEAM,166.30749893188477,158.38622690485923,171.83999633789062,158.38622690485923,164.30607933044433,148.43183210372925,-1.1848437743376508,-2.3772360761750897,1.192392301837439
2023-04-03,169.32000732421875,170.6699981689453,161.7899932861328,163.9199981689453,1347800,TEAM,166.42499923706055,162.34686291837198,170.6699981689453,161.7899932861328,164.55414932250977,148.89744459152223,-0.7375220348040727,-2.0492932679008864,1.3117712330968136
2023-04-04,164.63999938964844,169.5,164.22000122070312,166.49000549316406,1125900,TEAM,166.2125015258789,164.38593107771626,169.5,164.22000122070312,164.79589935302735,149.33704462051392,-0.1736366456614178,-1.6741619434529929,1.500525297791575
2023-04-05,165.3699951171875,165.55999755859375,156.58999633789062,156.99000549316406,1536700,TEAM,161.12749862670898,165.29921630179757,165.55999755859375,156.58999633789062,164.9962244415283,149.72391960144043,-0.4877020912543344,-1.4368699730132612,0.9491678817589269
2023-04-06,155.4600067138672,158.72000122070312,148.67999267578125,158.5399932861328,1577800,TEAM,155.3499984741211,163.21335746425328,163.21335746425328,148.67999267578125,165.13397445678712,149.90676959991455,-0.6045611538466744,-1.270408209179944,0.6658470553332696
2023-04-10,155.61000061035156,159.25,147.9600067138672,158.9199981689453,1836400,TEAM,155.43500137329102,159.28167796918717,159.28167796918717,147.9600067138672,165.1217244720459,150.04321964263917,-0.6589140338431605,-1.1481093741125874,0.4891953402694269
2023-04-11,156.7100067138672,164.94000244140625,156.7100067138672,162.8800048828125,2012500,TEAM,160.31000518798828,157.3583396712391,164.94000244140625,156.7100067138672,165.11687461853026,150.28706970214844,-0.3780912357673003,-0.99410574644353,0.6160145106762297
2023-04-12,167.75,168.2050018310547,158.32000732421875,158.5500030517578,2072200,TEAM,163.2062530517578,158.8341724296137,168.2050018310547,158.32000732421875,165.20544967651367,150.49850723266601,-0.4991778934755473,-0.8951201758499335,0.3959422823743862
2023-04-13,160.19000244140625,168.57000732421875,159.0850067138672,168.08999633789062,1567400,TEAM,163.9837532043457,161.02021274068574,168.57000732421875,159.0850067138672,165.29012481689452,150.7973822402954,0.17266738491719025,-0.6815626636965089,0.8542300486136991
2023-04-14,165.75999450683594,167.86000061035156,159.64999389648438,165.52999877929688,1301400,TEAM,164.6999969482422,162.50198297251572,167.86000061035156,159.64999389648438,165.27027473449706,151.20350721359253,0.49285784183371106,-0.4466785625904649,0.939536404424176
2023-04-17,166.44000244140625,167.74000549316406,161.44000244140625,166.4199981689453,1252500,TEAM,165.51000213623047,163.60098996037897,167.74000549316406,161.44000244140625,164.97327484130858,151.64258222579957,0.8090997996538363,-0.19552289014160468,1.004622689795441
2023-04-18,169.0,170.1999969482422,161.4499969482422,162.32000732421875,1321500,TEAM,165.74250030517578,164.55549604830472,170.1999969482422,161.4499969482422,164.98847480773927,152.13601972579957,0.7205824080571972,-0.012301830501844305,0.7328842385590415
2023-04-19,159.6999969482422,164.39999389648438,159.6300048828125,162.77000427246094,1399500,TEAM,161.625,165.14899817674024,165.14899817674024,159.6300048828125,164.81327484130858,152.58413221359254,0.6789166024431665,0.12594185608715786,0.5529747463560086
2023-04-20,159.6999969482422,162.24000549316406,156.80999755859375,157.25,1462500,TEAM,159.0,163.38699908837012,163.38699908837012,156.80999755859375,164.48069976806642,152.96960721969606,0.19819329024221588,0.14039214291816948,0.0578011473240464
2023-04-21,158.25,159.11000061035156,155.16000366210938,158.5500030517578,1143200,TEAM,157.7675018310547,161.19349954418504,161.19349954418504,155.16000366210938,164.07972480773927,153.3152822494507,-0.07699644926495353,0.09691442448154489,-0.1739108737464984
2023-04-24,157.85000610351562,158.4600067138672,154.19000244140625,154.80999755859375,933700,TEAM,156.3275032043457,159.48050068761987,159.48050068761987,154.19000244140625,163.699974899292,153.6280072784424,-0.5900715101652452,-0.040482762447813125,-0.549588747717432
2023-04-25,152.69000244140625,153.10000610351562,142.86000061035156,143.05999755859375,2206600,TEAM,147.9275016784668,157.90400194598277,157.90400194598277,142.86000061035156,163.21822486877443,153.86505727767945,-1.9226508711536212,-0.41691638418897475,-1.5057344869646465
2023-04-26,145.6300048828125,152.99000549316406,145.41000366210938,151.74000549316406,1851100,TEAM,148.9425048828125,152.91575181222478,152.99000549316406,145.41000366210938,162.71544998168946,154.0960823249817,-2.2523616934306006,-0.7840054460372999,-1.4683562473933005
2023-04-27,154.24000549316406,156.42999267578125,152.02999877929688,153.77000427246094,1469400,TEAM,154.11750030517578,150.92912834751866,156.42999267578125,150.92912834751866,162.24685005187987,154.2765823173523,-2.323076974148904,-1.0918197516596209,-1.2312572224892833
2023-04-28,150.39999389648438,150.50999450683594,146.0,147.66000366210938,1981500,TEAM,148.64249801635742,152.52331432634722,152.52331432634722,146.0,161.53889999389648,154.37933229446412,-2.8394143285386235,-1.4413386670354216,-1.398075661503202
2023-05-01,146.1199951171875,150.61500549316406,142.2899932861328,149.5500030517578,1598300,TEAM,147.14374923706055,150.5829061713523,150.61500549316406,142.2899932861328,160.93074996948243,154.48195726394653,-3.0608249616806518,-1.7652359259644677,-1.2955890357161841
2023-05-02,150.47000122070312,150.60499572753906,146.35000610351562,147.16000366210938,1077600,TEAM,148.6462516784668,148.86332770420643,150.60499572753906,146.35000610351562,160.48127502441406,154.67324476242067,-3.3900688567732686,-2.090202512126228,-1.2998663446470404
2023-05-03,147.16000366210938,148.43800354003906,144.72000122070312,145.13999938964844,1820200,TEAM,146.364501953125,148.7547896913366,148.7547896913366,144.72000122070312,160.10546516418458,154.88596479415892,-3.7705301540731853,-2.4262680405156196,-1.3442621135575656
2023-05-04,146.99000549316406,151.50999450683594,145.8800048828125,150.0500030517578,3392100,TEAM,148.60750198364258,147.5596458222308,151.50999450683594,145.8800048828125,159.71081520080565,155.03946477890014,-3.633962158637644,-2.6678068641400245,-0.9661552944976193
2023-05-05,134.5,138.4499969482422,130.07000732421875,135.72999572753906,7386900,TEAM,134.6875,148.08357390293668,148.08357390293668,130.07000732421875,158.994965133667,155.02088975906372,-4.6278885338479085,-3.0598231980816015,-1.568065335766307
2023-05-08,135.72999572753906,139.3350067138672,129.5399932861328,130.00999450683594,4917500,TEAM,133.65374755859375,141.38553695146834,141.38553695146834,129.5399932861328,158.40174011230468,154.94420225143432,-5.810162702586126,-3.609891098982507,-2.2002716036036194
2023-05-09,128.9499969482422,134.39999389648438,128.02000427246094,133.14999389648438,2842900,TEAM,131.12999725341797,137.51964225503104,137.51964225503104,128.02000427246094,157.72644004821777,154.7601022529602,-6.419748921054833,-4.171862663396972,-2.2478862576578607
2023-05-10,134.92999267578125,138.6300048828125,133.74000549316406,137.4199981689453,2626800,TEAM,136.18000030517578,134.3248197542245,138.6300048828125,133.74000549316406,157.1609400177002,154.64689725875854,-6.483558307851865,-4.634201792287951,-1.8493565155639144
2023-05-11,137.0,137.22000122070312,135.0500030517578,135.67999267578125,1634200,TEAM,136.23749923706055,135.25241002970014,137.22000122070312,135.0500030517578,156.59314002990723,154.55140977859497,-6.598468569807352,-5.027055147791831,-1.571413422015521
2023-05-12,135.39999389648438,135.94000244140625,132.32000732421875,135.02000427246094,1564800,TEAM,134.67000198364258,135.74495463338036,135.94000244140625,132.32000732421875,156.01054008483888,154.4343597984314,-6.665950401862915,-5.354834198606048,-1.3111162032568666
2023-05-15,135.02000427246094,146.0399932861328,134.8800048828125,145.36000061035156,2862300,TEAM,140.32500076293945,135.20747830851147,146.0399932861328,134.8800048828125,155.3747900390625,154.42010984420776,-5.8180125236489175,-5.447469863614622,-0.37054266003429515
2023-05-16,144.16000366210938,144.35000610351562,138.8000030517578,139.22000122070312,1895000,TEAM,141.63250350952148,137.76623953572545,144.35000610351562,137.76623953572545,154.64674018859864,154.46730989456177,-5.577172114266318,-5.473410313744962,-0.1037618005213563
2023-05-17,139.5399932861328,144.75,137.125,144.0399932861328,1726200,TEAM,141.3637466430664,139.69937152262347,144.75,137.125,153.91726509094238,154.5020348930359,-4.940421177316722,-5.366812486459314,0.42639130914259216
2023-05-18,143.9499969482422,148.92999267578125,143.875,148.0800018310547,1795800,TEAM,146.20874786376953,140.53155908284492,148.92999267578125,140.53155908284492,153.30361503601074,154.6497223854065,-4.062961258147993,-5.10604224079705,1.043080982649057
2023-05-19,147.3300018310547,147.6699981689453,144.58999633789062,146.99000549316406,1705200,TEAM,146.64500045776367,143.37015347330723,147.6699981689453,143.37015347330723,152.75461502075194,154.86082239151,-3.416142382526772,-4.768062269142995,1.3519198866162228
2023-05-22,146.22000122070312,161.17999267578125,145.2050018310547,158.3800048828125,3093900,TEAM,152.7462501525879,145.00757696553546,161.17999267578125,145.00757696553546,152.55839004516602,155.14155988693238,-1.9618411197458556,-4.206818039263567,2.244976919517711
2023-05-23,157.49000549316406,163.5500030517578,157.1300048828125,159.41000366210938,2268800,TEAM,159.39500427246094,148.87691355906168,163.5500030517578,148.87691355906168,152.62421501159668,155.49595993041993,-0.7179089899337612,-3.509036229397606,2.7911272394638447
2023-05-24,156.99000549316406,162.3800048828125,156.0500030517578,160.63999938964844,1621100,TEAM,159.0150032043457,154.1359589157613,162.3800048828125,154.1359589157613,152.6859651184082,155.81313499450684,0.36298232638861805,-2.7346325182403612,3.0976148446289793
2023-05-25,162.60000610351562,165.7100067138672,158.5800018310547,158.8800048828125,1874000,TEAM,161.4425048828125,156.5754810600535,165.7100067138672,156.5754810600535,152.7638402557373,156.1482350540161,1.0652995243706584,-1.9746461097181573,3.0399456340888156
2023-05-26,160.0,170.0,159.55499267578125,166.14999389648438,2095400,TEAM,163.9262466430664,159.008992971433,170.0,159.008992971433,152.89781517028808,156.5100975036621,2.1833500193290547,-1.1430468839087151,3.32639690323777
2023-05-30,166.60000610351562,169.6300048828125,164.74000549316406,168.85000610351562,1423300,TEAM,167.45500564575195,161.46761980724972,169.6300048828125,161.46761980724972,153.11096534729003,156.92011003494264,3.249819614295177,-0.26447358426793666,3.514293198563114
2023-05-31,166.99000549316406,182.80999755859375,166.99000549316406,180.7899932861328,5659400,TEAM,174.39500045776367,164.46131272650084,182.80999755859375,164.46131272650084,153.5395654296875,157.43996004104613,5.000815344414235,0.7885842014684977,4.212231142945737
2023-06-01,174.1699981689453,181.4600067138672,171.00999450683594,177.25999450683594,2477300,TEAM,175.9749984741211,169.42815659213227,181.4600067138672,169.42815659213227,154.02061546325683,157.9933225250244,6.034093403060297,1.8376860417868575,4.196407361273439
2023-06-02,181.36000061035156,186.82000732421875,179.33999633789062,183.89999389648438,2247700,TEAM,182.85499954223633,172.70157753312668,186.82000732421875,172.70157753312668,154.63031547546387,158.57056003570557,7.304563703418069,2.9310615741131,4.373502129304969
2023-06-05,183.72000122070312,183.72000122070312,178.60000610351562,183.27000427246094,1386200,TEAM,182.3275032043457,177.7782885376815,183.72000122070312,177.7782885376815,155.2191655731201,159.1033225631714,8.166447943623382,3.9781388480151567,4.188309095608226
2023-06-06,184.42999267578125,192.4499969482422,182.61000061035156,184.0,2177000,TEAM,185.87249755859375,180.05289587101362,192.4499969482422,180.05289587101362,155.91046546936036,159.56197254180907,8.806881717563726,4.943887421924871,3.862994295638855
2023-06-07,185.02999877929688,186.0399932861328,170.97999572753906,171.33999633789062,3090900,TEAM,178.34749603271484,182.96269671480368,186.0399932861328,170.97999572753906,156.3935654449463,159.91054748535157,8.19836792390069,5.594783522320036,2.6035844015806546
2023-06-08,170.16000366210938,171.6199951171875,163.4600067138672,170.38999938964844,2660700,TEAM,168.90750122070312,180.65509637375925,180.65509637375925,163.4600067138672,156.66836547851562,160.14029750823974,7.55240017602685,5.986306853061399,1.5660933229654512
2023-06-09,170.99000549316406,174.07000732421875,168.85000610351562,171.99000549316406,2404000,TEAM,171.47500610351562,174.7812987972312,174.7812987972312,168.85000610351562,156.9414656829834,160.35747257232666,7.08786866471354,6.206619215391828,0.8812494493217118
2023-06-12,172.91000366210938,176.38999938964844,171.6300048828125,175.83999633789062,1943200,TEAM,174.19250106811523,173.12815245037342,176.38999938964844,171.6300048828125,157.20966575622558,160.57722255706787,6.950267819648957,6.355348936243254,0.5949188834057031
2023-06-13,181.19000244140625,182.83999633789062,176.66000366210938,181.68499755859375,2433300,TEAM,180.59375,173.66032675924433,182.83999633789062,173.66032675924433,157.4953907775879,160.9007350540161,7.229523462122813,6.530183841419166,0.6993396207036469
2023-06-14,181.30999755859375,183.58900451660156,178.2899932861328,181.22999572753906,1510700,TEAM,181.1047477722168,177.12703837962215,183.58900451660156,177.12703837962215,157.78898574829103,161.17156753540038,7.329629321274638,6.690072937390261,0.6395563838843765
2023-06-15,178.89999389648438,183.89999389648438,177.3000030517578,182.19000244140625,1476400,TEAM,180.5724983215332,179.11589307591947,183.89999389648438,177.3000030517578,158.0761856842041,161.43604251861572,7.401113030590693,6.832280956030348,0.568832074560345
2023-06-16,183.1199951171875,183.1199951171875,175.6999969482422,177.8000030517578,2682200,TEAM,179.93499755859375,179.84419569872634,183.1199951171875,175.6999969482422,158.4523356628418,161.72428005218507,7.022576235802632,6.870340011984805,0.15223622381782675
2023-06-20,176.50999450683594,179.4600067138672,174.7100067138672,175.8300018310547,1232300,TEAM,176.62750244140625,179.88959662866006,179.88959662866006,174.7100067138672,158.8778857421875,162.0059300994873,6.488821370590074,6.794036283705859,-0.3052149131157851
2023-06-21,175.1199951171875,176.38999938964844,168.0,168.3800048828125,1636600,TEAM,171.9724998474121,178.25854953503315,178.25854953503315,168.0,159.20863571166993,162.1651800918579,5.402388926240803,6.515706812212848,-1.1133178859720445
2023-06-22,167.3000030517578,170.61000061035156,164.91000366210938,169.91000366210938,1028900,TEAM,168.18250274658203,175.11552469122262,175.11552469122262,164.91000366210938,159.36608566284178,162.24148014068604,4.61168091461488,6.134901632693254,-1.5232207180783748
2023-06-23,165.9600067138672,166.7449951171875,161.89999389648438,162.41000366210938,2036400,TEAM,164.2537498474121,171.64901371890232,171.64901371890232,161.89999389648438,159.3870355987549,162.29624263763426,3.3413349691573444,5.576188299986073,-2.234853330828728
2023-06-26,161.94000244140625,165.6699981689453,158.42999267578125,158.5399932861328,1687500,TEAM,161.1449966430664,167.95138178315722,167.95138178315722,158.42999267578125,159.33026046752929,162.31019264221192,1.9992530164371374,4.860801243276286,-2.8615482268391483
2023-06-27,160.0,163.3800048828125,156.44000244140625,161.8800048828125,1405300,TEAM,160.4250030517578,164.5481892131118,164.5481892131118,156.44000244140625,159.24476058959962,162.25751766204834,1.191420468412133,4.126925088303455,-2.935504619891322
2023-06-28,161.5500030517578,169.43499755859375,160.1999969482422,166.88999938964844,1915200,TEAM,164.51874923706055,162.4865961324348,169.43499755859375,160.1999969482422,159.2249355316162,162.0991051864624,0.9445834701525371,3.490456764673272,-2.5458732945207347
2023-06-29,165.3699951171875,165.9499969482422,160.50999450683594,161.63999938964844,1299500,TEAM,163.36749649047852,163.50267268474767,165.9499969482422,160.50999450683594,159.17743545532227,162.08295513153075,0.3216247567565347,2.8566903630899247,-2.53506560633339
2023-06-30,163.85000610351562,168.7100067138672,163.42999267578125,167.80999755859375,1380300,TEAM,165.95000076293945,163.4350845876131,168.7100067138672,163.42999267578125,159.26393547058106,162.03860515594482,0.3220800374389796,2.3497682979597356,-2.027688260520756
2023-07-03,168.1699981689453,170.77999877929688,165.42999267578125,167.58999633789062,587100,TEAM,167.99249649047852,164.6925426752763,170.77999877929688,164.6925426752763,159.44378540039062,161.9622425842285,0.3012163561234047,1.9400579095924695,-1.6388415534690648
2023-07-05,166.7100067138672,173.61000061035156,164.97500610351562,172.75999450683594,1662800,TEAM,169.51375198364258,166.3425195828774,173.61000061035156,164.97500610351562,159.67871040344238,161.8792176055908,0.6938590083860277,1.6908181293511813,-0.9969591209651536
2023-07-06,168.19000244140625,168.44500732421875,162.58999633789062,165.83999633789062,1299900,TEAM,166.26625061035156,167.92813578326,168.44500732421875,162.58999633789062,159.8774853515625,161.78873012542724,0.441555146870968,1.4409655328551387,-0.9994103859841708
2023-07-07,165.57000732421875,173.42999267578125,165.57000732421875,169.4499969482422,1145500,TEAM,168.50500106811523,167.0971931968058,173.42999267578125,165.57000732421875,160.28903533935548,161.75363010406494,0.5268264704770047,1.258137720379512,-0.7313112499025074
2023-07-10,168.1300048828125,173.88499450683594,165.63099670410156,173.49000549316406,1175000,TEAM,170.28400039672852,167.8010971324605,173.88499450683594,165.63099670410156,160.7158652496338,161.71565761566163,0.909910651011387,1.1884923065058872,-0.2785816554945002
2023-07-11,174.82000732421875,176.32000732421875,170.47000122070312,174.52000427246094,958200,TEAM,174.0325050354004,169.04254876459453,176.32000732421875,169.04254876459453,161.11416534423827,161.68050769805907,1.2818436221316745,1.2071625696310446,0.07468105250062984
2023-07-12,175.5800018310547,176.40899658203125,171.2899932861328,175.33999633789062,1639200,TEAM,174.65474700927734,171.53752689999746,176.40899658203125,171.2899932861328,161.63441032409668,161.5866551589966,1.6240486660108218,1.290539788907,0.3335088771038217
2023-07-13,176.99000549316406,180.13999938964844,173.91000366210938,177.9600067138672,1386100,TEAM,177.25000381469727,173.09613695463742,180.13999938964844,173.09613695463742,162.23653541564943,161.58364269256592,2.082654030483951,1.4489626372223903,0.6336913932615609
2023-07-14,178.57000732421875,191.49000549316406,178.48500061035156,178.97000122070312,3021700,TEAM,181.87875366210938,175.17307038466734,191.49000549316406,175.17307038466734,162.90118545532226,161.69123023986816,2.49879564102406,1.6589292379827243,0.8398664030413356
2023-07-17,179.75999450683594,184.52000427246094,174.22000122070312,180.42999267578125,1602400,TEAM,179.7324981689453,178.52591202338834,184.52000427246094,174.22000122070312,163.56854537963866,161.8370052719116,2.912822766598481,1.9097079437058757,1.0031148228926052
2023-07-18,180.85000610351562,188.80999755859375,180.27999877929688,187.4499969482422,1403900,TEAM,184.3474998474121,179.12920509616683,188.80999755859375,179.12920509616683,164.28334533691407,161.99708026885986,3.764008772568502,2.280568109478401,1.483440663090101
2023-07-19,189.41000366210938,195.99000549316406,186.69000244140625,188.5800018310547,2055500,TEAM,190.1675033569336,181.73835247178948,195.99000549316406,181.73835247178948,165.39294540405274,162.19395526885987,4.478140548267163,2.7200825972361535,1.7580579510310095
2023-07-20,185.94000244140625,186.00999450683594,174.22999572753906,175.63999938964844,2478700,TEAM,180.45499801635742,185.95292791436154,186.00999450683594,174.22999572753906,166.328970413208,162.36535526275634,3.9543616530098973,2.9669384083909023,0.987423244618995
2023-07-21,176.97999572753906,178.93800354003906,173.22000122070312,174.4199981689453,4161200,TEAM,175.88949966430664,183.2039629653595,183.2039629653595,173.22000122070312,167.22416046142578,162.47530025482178,3.401607587518498,3.0538722442164214,0.34773534330207667
2023-07-24,176.74000549316406,177.3699951171875,171.52999877929688,173.08999633789062,1539100,TEAM,174.68249893188477,179.54673131483307,179.54673131483307,171.52999877929688,167.99421043395995,162.5775752258301,2.8236763919921657,3.0078330737715704,-0.1841566817794047
2023-07-25,173.44000244140625,180.49000549316406,173.44000244140625,177.92999267578125,1222500,TEAM,176.32500076293945,177.11461512335893,180.49000549316406,173.44000244140625,168.79596046447753,162.69455024719238,2.7247992214030603,2.9512263032978687,-0.22642708189480842
2023-07-26,175.0,179.00999450683594,172.28500366210938,176.64999389648438,1181400,TEAM,175.73624801635742,176.7198079431492,179.00999450683594,172.28500366210938,169.61728538513182,162.81391273498537,2.514171344998715,2.8638153116380383,-0.3496439666393232
2023-07-27,181.22000122070312,181.64999389648438,169.8300018310547,170.55999755859375,1481400,TEAM,175.81499862670898,176.2280279797533,181.64999389648438,169.8300018310547,170.32708534240723,162.85093769073487,1.8346863055339782,2.6579895104172264,-0.8233032048832483
2023-07-28,173.49000549316406,175.5399932861328,169.0850067138672,174.2100067138672,1783800,TEAM,173.0812530517578,176.02151330323113,176.02151330323113,169.0850067138672,170.95606033325194,162.8014002609253,1.572586947336589,2.440908997801099,-0.8683220504645099
2023-07-31,174.88999938964844,183.5,174.75999450683594,181.94000244140625,1563600,TEAM,178.77249908447266,174.55138317749447,183.5,174.55138317749447,171.70423538208007,162.81075023651124,1.9659550643663977,2.3459182111141588,-0.3799631467477611
2023-08-01,178.6300048828125,183.86000061035156,175.69000244140625,181.64999389648438,1120000,TEAM,179.95750045776367,176.66194113098356,183.86000061035156,175.69000244140625,172.37921043395997,162.84141273498534,2.2286108269530587,2.322456734281939,-0.09384590732888043
2023-08-02,176.7100067138672,176.7100067138672,168.00999450683594,169.6999969482422,1938300,TEAM,172.78250122070312,178.30972079437362,178.30972079437362,168.00999450683594,172.90196044921876,162.82828773498534,1.4557218721175502,2.1491097618490613,-0.6933878897315111
2023-08-03,168.14999389648438,170.77000427246094,166.99200439453125,169.64999389648438,2396000,TEAM,168.89049911499023,175.54611100753837,175.54611100753837,166.99200439453125,173.2248454284668,162.8916177368164,0.8296038222102879,1.8852085739213067,-1.0556047517110188
2023-08-04,210.91000366210938,211.6479949951172,197.11000061035156,198.83999633789062,5214400,TEAM,204.6269989013672,172.2183050612643,211.6479949951172,172.2183050612643,174.1294853210449,163.3768501663208,2.658148521201838,2.039796563377413,0.6183519578244248
2023-08-07,197.52000427246094,198.0,188.75999450683594,193.52000427246094,2427800,TEAM,194.45000076293945,188.42265198131574,198.0,188.42265198131574,174.8381852722168,163.7620751953125,3.6360898895945297,2.3590552286208366,1.2770346609736931
2023-08-08,189.02000427246094,197.91000366210938,188.25999450683594,196.1300048828125,1907900,TEAM,192.8300018310547,191.4363263721276,197.91000366210938,188.25999450683594,175.46593521118163,164.11488773345948,4.569051524464783,2.8010544877896257,1.767997036675157
2023-08-09,196.0,197.0,191.27999877929688,192.33999633789062,1455500,TEAM,194.15499877929688,192.13316410159115,197.0,191.27999877929688,176.07051025390626,164.48416271209717,4.945598545073466,3.229963299246394,1.7156352458270718
2023-08-10,194.1999969482422,202.63999938964844,193.3800048828125,197.47000122070312,1672800,TEAM,196.92250061035156,193.144081440444,202.63999938964844,193.144081440444,176.65986015319825,164.88541275024414,5.593485078423441,3.702667655081804,1.8908174233416375
2023-08-11,195.66000366210938,200.27000427246094,195.1300048828125,197.66000366210938,999800,TEAM,197.18000411987305,195.03329102539777,200.27000427246094,195.03329102539777,177.11556022644044,165.32756282806398,6.052501957958839,4.172634515657211,1.8798674423016282
2023-08-14,195.1999969482422,202.77999877929688,194.74200439453125,199.8699951171875,1219500,TEAM,198.14799880981445,196.1066475726354,202.77999877929688,194.74200439453125,177.55902023315429,165.78981784820556,6.519451800644276,4.641997972654624,1.877453827989652
2023-08-15,197.30999755859375,199.38999938964844,192.05999755859375,193.1300048828125,1468000,TEAM,195.4724998474121,197.12732319122495,199.38999938964844,192.05999755859375,177.81137023925783,166.22084285736085,6.273336908830629,4.968265759889825,1.3050711489408036
2023-08-16,191.33999633789062,194.75999450683594,186.83999633789062,186.97000122070312,1269300,TEAM,189.97749710083008,196.29991151931853,196.29991151931853,186.83999633789062,177.9643701171875,166.5917678451538,5.517624528707756,5.078137513653412,0.4394870150543442
2023-08-17,186.97000122070312,187.0,181.85000610351562,185.33999633789062,1333400,TEAM,185.29000091552734,193.1387043100743,193.1387043100743,181.85000610351562,177.95272018432618,166.93159282684326,4.732634388059978,5.009036888534726,-0.2764025004747479
2023-08-18,181.80999755859375,187.67999267578125,179.58999633789062,186.3000030517578,957800,TEAM,183.84499740600586,189.21435261280084,189.21435261280084,179.58999633789062,178.06267021179198,167.22811782836914,4.140262199336036,4.835281950694988,-0.6950197513589522
2023-08-21,187.02000427246094,187.49000549316406,182.58999633789062,184.14999389648438,1603700,TEAM,185.3125,186.52967500940335,187.49000549316406,182.58999633789062,178.39077018737794,167.52956783294678,3.4574597576150268,4.559717512078996,-1.1022577544639693
2023-08-22,184.72000122070312,191.0800018310547,184.02999877929688,190.0399932861328,1050700,TEAM,187.46749877929688,185.9210875047017,191.0800018310547,184.02999877929688,178.71062004089356,167.82604286193848,3.3529568299979644,4.31836537566279,-0.9654085456648254
2023-08-23,190.0,194.6300048828125,189.52999877929688,191.69000244140625,1283400,TEAM,191.4625015258789,186.69429314199928,194.6300048828125,186.69429314199928,179.05602005004883,168.1328429031372,3.364495644621826,4.127591429454597,-0.7630957848327711
2023-08-24,193.33999633789062,193.33999633789062,183.69000244140625,184.02000427246094,1217100,TEAM,188.5974998474121,189.0783973339391,193.33999633789062,183.69000244140625,179.21609504699708,168.35574291229247,2.7233424899568774,3.8467416415550533,-1.1233991515981758
2023-08-25,184.11000061035156,191.60000610351562,183.77999877929688,191.02000427246094,1019800,TEAM,187.62750244140625,188.8379485906756,191.60000610351562,183.77999877929688,179.34655014038086,168.56776794433594,2.748383836131552,3.6270700804703533,-0.8786862443388013
2023-08-28,191.61000061035156,193.9600067138672,189.8300018310547,191.39999389648438,730800,TEAM,191.70000076293945,188.23272551604094,193.9600067138672,188.23272551604094,179.569100189209,168.82264293670653,2.766995073528051,3.455055079081893,-0.688060005553842
2023-08-29,191.16000366210938,199.80999755859375,189.69000244140625,198.89999389648438,1085900,TEAM,194.88999938964844,189.9663631394902,199.80999755859375,189.69000244140625,179.86820022583007,169.16026794433594,3.34833441822866,3.4337109469112463,-0.08537652868258627
2023-08-30,198.77999877929688,202.83999633789062,197.3000030517578,202.25999450683594,924500,TEAM,200.2949981689453,192.42818126456933,202.83999633789062,192.42818126456933,180.34155014038086,169.60971794128417,4.033676296318674,3.5537040167927323,0.479972279525942
2023-08-31,202.0,206.22000122070312,201.6999969482422,204.05999755859375,1160500,TEAM,203.49499893188477,196.36158971675732,206.22000122070312,196.36158971675732,180.9720001220703,170.0903179168701,4.668247227198179,3.776612658873822,0.8916345683243576
2023-09-01,203.41000366210938,207.4199981689453,202.38999938964844,204.4499969482422,784600,TEAM,204.41749954223633,199.92829432432103,207.4199981689453,199.92829432432103,181.6967000579834,170.5313928604126,5.143329848261516,4.049956096751361,1.0933737515101551
2023-09-05,203.57000732421875,207.11000061035156,199.90499877929688,205.91000366210938,917300,TEAM,204.12375259399414,202.17289693327868,207.11000061035156,199.90499877929688,182.49410011291505,170.94056785583496,5.573399903497005,4.35464485810049,1.2187550453965157
2023-09-06,205.0,208.5,203.7899932861328,206.39999389648438,871700,TEAM,205.9224967956543,203.14832476363642,208.5,203.14832476363642,183.3896501159668,171.35995529174804,5.885922388221417,4.660900364124675,1.2250220240967415
2023-09-07,200.0,209.32000732421875,200.0,206.9199981689453,1179300,TEAM,204.06000137329102,204.53541077964536,209.32000732421875,200.0,184.26235008239746,171.75355533599853,6.105181970487024,4.949756685397145,1.155425285089879
2023-09-08,207.3000030517578,208.14999389648438,204.05999755859375,206.60000610351562,993100,TEAM,206.5275001525879,204.2977060764682,208.14999389648438,204.05999755859375,185.10252510070802,172.16373031616212,6.181865387606848,5.196178425839086,0.9856869617677617
2023-09-11,209.44000244140625,215.13999938964844,208.1699981689453,214.02999877929688,1481100,TEAM,211.69499969482422,205.41260311452805,215.13999938964844,205.41260311452805,186.06907516479492,172.6232553100586,6.76420234794702,5.509783210260673,1.2544191376863463
2023-09-12,211.30999755859375,215.77000427246094,210.32000732421875,211.22000122070312,961100,TEAM,212.15500259399414,208.55380140467614,215.77000427246094,208.55380140467614,186.99317520141602,173.12855533599853,6.919204977750837,5.791667563758707,1.1275374139921306
2023-09-13,210.8699951171875,212.99000549316406,208.25,208.88999938964844,674300,TEAM,210.25,210.35440199933515,212.99000549316406,208.25,187.83832527160644,173.64105533599854,6.775925353863414,5.988519121779649,0.7874062320837654
2023-09-14,209.8699951171875,210.35000610351562,206.05999755859375,209.39999389648438,671800,TEAM,208.9199981689453,210.30220099966758,210.35000610351562,206.05999755859375,188.6264501953125,174.15258029937743,6.6271340382135975,6.116242105066439,0.5108919331471586
2023-09-15,208.44000244140625,208.44000244140625,200.5449981689453,203.02999877929688,1967300,TEAM,205.11375045776367,209.61109958430643,209.61109958430643,200.5449981689453,189.40340019226073,174.6404427719116,5.926888991952012,6.078371482443553,-0.15148249049154128
2023-09-18,202.00999450683594,208.60000610351562,202.00999450683594,204.8800048828125,1120000,TEAM,204.375,207.36242502103505,208.60000610351562,202.00999450683594,190.12080017089843,175.20491775512696,5.458299895680511,5.954357165090945,-0.49605726941043393
2023-09-19,204.6199951171875,205.9499969482422,199.86000061035156,205.36000061035156,688000,TEAM,203.9474983215332,205.86871251051753,205.9499969482422,199.86000061035156,190.79407012939453,175.75496768951416,5.067259096004449,5.7769375512736465,-0.7096784552691977
2023-09-20,207.11000061035156,208.9199981689453,200.5399932861328,200.82000732421875,750800,TEAM,204.3474998474121,204.90810541602536,208.9199981689453,200.5399932861328,191.40037002563477,176.25726768493652,4.3409768501165615,5.48974541104223,-1.1487685609256681
2023-09-21,196.33999633789062,197.85000610351562,189.3000030517578,189.9499969482422,1539600,TEAM,193.36000061035156,204.62780263171874,204.62780263171874,189.3000030517578,191.77447509765625,176.70444271087646,2.8553591420055113,4.962868157234886,-2.1075090152293745
2023-09-22,190.47999572753906,197.58900451660156,190.47999572753906,195.4600067138672,1075400,TEAM,193.50225067138672,198.99390162103515,198.99390162103515,190.47999572753906,192.09952003479003,177.16802772521973,2.0984188774440895,4.389978301276726,-2.291559423832637
2023-09-25,194.1300048828125,197.0500030517578,193.32000732421875,196.4600067138672,721100,TEAM,195.24000549316406,196.24807614621093,197.0500030517578,193.32000732421875,192.36674507141115,177.6339652633667,1.5612329849535627,3.824229238012094,-2.2629962530585312
2023-09-26,194.64999389648438,196.77499389648438,189.74000549316406,191.39999389648438,1089800,TEAM,193.1412467956543,195.74404081968748,196.77499389648438,189.74000549316406,192.6349200439453,178.10173271179198,0.7189212719580382,3.203167644801283,-2.484246372843245
2023-09-27,192.9199981689453,200.64999389648438,192.9199981689453,197.52000427246094,1523600,TEAM,196.00249862670898,194.4426438076709,200.64999389648438,192.9199981689453,192.86802001953126,178.57568267822265,0.5390035635983565,2.670334828560698,-2.1313312649623413
2023-09-28,194.97000122070312,200.52000427246094,192.60000610351562,196.94000244140625,1356900,TEAM,196.25750350952148,195.22257121718994,200.52000427246094,192.60000610351562,192.98982002258302,179.19138271331786,0.34563195299196536,2.2053942534469515,-1.8597623004549861
2023-09-29,199.60000610351562,203.86500549316406,199.2100067138672,201.50999450683594,957700,TEAM,201.0462532043457,195.74003736335573,203.86500549316406,195.74003736335573,193.40164512634277,179.8653077697754,0.5547489247962574,1.8752651877168127,-1.3205162629205554
2023-10-02,201.8000030517578,201.82000732421875,195.81500244140625,197.4600067138672,1215200,TEAM,199.2237548828125,198.3931452838507,201.82000732421875,195.81500244140625,193.8683302307129,180.54624534606933,0.389189133753149,1.5780499769240801,-1.188860843170931
2023-10-03,193.49000549316406,198.33700561523438,189.4199981689453,190.6199951171875,1096700,TEAM,192.9667510986328,198.8084500833316,198.8084500833316,189.4199981689453,194.23401527404786,181.1141128540039,-0.2906001077821543,1.2043199599828334,-1.4949200677649876
2023-10-04,192.25999450683594,194.2100067138672,189.4600067138672,189.83999633789062,1252500,TEAM,191.44250106811523,195.8876005909822,195.8876005909822,189.4600067138672,194.53636528015136,181.66616287231446,-0.8821089590966551,0.7870341761669357,-1.6691431352635908
2023-10-05,189.82000732421875,191.24000549316406,184.23500061035156,187.85000610351562,1459300,TEAM,188.2862548828125,193.6650508295487,193.6650508295487,184.23500061035156,194.78736541748046,182.20232540130615,-1.4942349557850036,0.33078034977654786,-1.8250153055615514
2023-10-06,184.3800048828125,201.8000030517578,184.3800048828125,199.2100067138672,1448700,TEAM,192.4425048828125,190.9756528561806,201.8000030517578,184.3800048828125,195.11991554260254,182.72350044250487,-1.0505816571420041,0.054507948392837464,-1.1050896055348416
2023-10-09,197.64999389648438,202.6300048828125,196.50999450683594,202.5800018310547,775100,TEAM,199.84249877929688,191.70907886949655,202.6300048828125,191.70907886949655,195.65514045715332,183.30560039520265,-0.4221860815390528,-0.04083085759354059,-0.3813552239455122
2023-10-10,202.5800018310547,208.86000061035156,202.4199981689453,206.0,1119400,TEAM,204.9650001525879,195.77578882439673,208.86000061035156,195.77578882439673,196.17899047851563,183.94161293029785,0.3477782385391208,0.0368909616329917,0.3108872769061291
2023-10-11,207.85000610351562,208.42999267578125,198.74000549316406,199.4499969482422,1420200,TEAM,203.61750030517578,200.3703944884923,208.42999267578125,198.74000549316406,196.65219047546387,184.51570045471192,0.42455598673890904,0.11442396665417517,0.31013202008473384
2023-10-12,193.0,193.2899932861328,184.97000122070312,186.39999389648438,3027700,TEAM,189.41499710083008,201.99394739683405,201.99394739683405,184.97000122070312,196.9848403930664,184.94340042114257,-0.5611546361706132,-0.0206917539107825,-0.5404628822598307
2023-10-13,186.55999755859375,190.5,186.22300720214844,188.30999755859375,2320700,TEAM,187.89825057983398,195.70447224883208,195.70447224883208,186.22300720214844,197.36499542236328,185.29492042541503,-1.174675149607566,-0.25148843305013924,-0.9231867165574268
2023-10-16,188.6999969482422,199.5,188.67999267578125,196.27000427246094,1713400,TEAM,193.2874984741211,191.80136141433303,199.5,188.67999267578125,197.13820541381835,185.63384536743163,-1.0069807125945829,-0.402586888959028,-0.6043938236355548
2023-10-17,193.3000030517578,201.55999755859375,192.69000244140625,197.7899932861328,1636000,TEAM,196.33499908447266,192.54442994422706,201.55999755859375,192.54442994422706,197.17590538024902,186.0070453262329,-0.7428679336437085,-0.47064309789596415,-0.27222483574774436
2023-10-18,197.5500030517578,198.92999267578125,191.8070068359375,194.00999450683594,1117400,TEAM,195.57424926757812,194.43971451434987,198.92999267578125,191.8070068359375,197.23079032897948,186.34836277008057,-0.829014599952103,-0.542317398307192,-0.2866972016449111
2023-10-19,196.5800018310547,200.5800018310547,191.41000366210938,192.39999389648438,1068400,TEAM,195.24250030517578,195.006981890964,200.5800018310547,191.41000366210938,197.25254035949706,186.66152530670166,-1.0154940641254484,-0.6369527314708433,-0.3785413326546051
2023-10-20,191.19000244140625,191.19000244140625,181.82000732421875,187.07000732421875,1677400,TEAM,187.8175048828125,195.12474109806988,195.12474109806988,181.82000732421875,197.07044044494629,186.86515029907227,-1.5752077405203408,-0.8246037332807429,-0.750604007239598
2023-10-23,184.4199981689453,188.66000366210938,181.36000061035156,185.9600067138672,1007800,TEAM,185.10000228881836,191.4711229904412,191.4711229904412,181.36000061035156,196.8288404083252,186.9722003173828,-2.0843258235298947,-1.0765481513305732,-1.0077776721993215
2023-10-24,188.74000549316406,190.8300018310547,185.99000549316406,190.60000610351562,860500,TEAM,189.0400047302246,188.28556263962977,190.8300018310547,185.99000549316406,196.6466805267334,187.10285037994385,-2.0893121102060945,-1.2791009431056777,-0.8102111671004169
2023-10-25,186.86000061035156,187.52499389648438,177.10000610351562,178.58999633789062,1924700,TEAM,182.51874923706055,188.6627836849272,188.6627836849272,177.10000610351562,196.38760551452637,187.09948787689208,-3.0274723775355312,-1.6287752299916485,-1.3986971475438827
2023-10-26,179.61000061035156,181.66000366210938,174.25999450683594,176.02000427246094,1338900,TEAM,177.88750076293945,185.59076646099388,185.59076646099388,174.25999450683594,196.14580558776856,187.05508785247804,-3.933010730348883,-2.0896223300630954,-1.8433884002857877
2023-10-27,178.77999877929688,179.97000122070312,174.00999450683594,176.4600067138672,839300,TEAM,177.30500030517578,181.73913361196668,181.73913361196668,174.00999450683594,195.9861055755615,186.96941287994386,-4.562557555827226,-2.584209375215922,-1.9783481806113041
2023-10-30,178.80999755859375,179.63999938964844,173.58099365234375,177.99000549316406,978300,TEAM,177.5052490234375,179.52206695857123,179.63999938964844,173.58099365234375,195.85931060791015,186.96099040985106,-4.88174610557914,-3.0437167212885656,-1.8380293842905742
2023-10-31,177.72000122070312,182.2899932861328,175.68800354003906,180.63999938964844,1616000,TEAM,179.08449935913086,178.51365799100438,182.2899932861328,175.68800354003906,195.73475059509278,187.06276039123534,-4.864794645915026,-3.407932306213858,-1.4568623397011682
2023-11-01,180.6999969482422,181.5500030517578,175.35000610351562,177.85000610351562,1749000,TEAM,178.8625030517578,178.79907867506762,181.5500030517578,175.35000610351562,195.562650680542,187.13663536071778,-5.018637899534497,-3.730073424877986,-1.2885644746565106
2023-11-02,183.0800018310547,183.58999633789062,179.10000610351562,181.39999389648438,3337800,TEAM,181.79249954223633,178.83079086341272,183.58999633789062,178.83079086341272,195.36925064086915,187.21263534545898,-4.798787999090308,-3.943816339720451,-0.8549716593698573
2023-11-03,168.24000549316406,180.74000549316406,165.50999450683594,176.89999389648438,4144500,TEAM,172.8474998474121,180.31164520282454,180.74000549316406,165.50999450683594,195.05425064086913,187.1351728439331,-4.930828242342415,-4.141218720244844,-0.789609522097571
2023-11-06,177.5,178.3000030517578,170.25999450683594,173.5500030517578,1526500,TEAM,174.9025001525879,176.57957252511832,178.3000030517578,170.25999450683594,194.79975059509277,187.07315036773682,-5.245322537434419,-4.362039483682759,-0.8832830537516596
2023-11-07,176.60000610351562,182.77499389648438,173.2899932861328,178.92999267578125,1522700,TEAM,177.89874649047852,175.74103633885312,182.77499389648438,173.2899932861328,194.52372550964355,187.04641284942628,-5.0027724848073944,-4.490186083907687,-0.5125864008997079
2023-11-08,179.17999267578125,179.17999267578125,172.3300018310547,174.47999572753906,1229200,TEAM,176.29249572753906,176.81989141466582,179.17999267578125,172.3300018310547,194.15177543640138,187.00998783111572,-5.110714251585506,-4.614291717443251,-0.4964225341422548
2023-11-09,174.99000549316406,175.86000061035156,169.83999633789062,170.83999633789062,1409000,TEAM,172.88249969482422,176.55619357110243,176.55619357110243,169.83999633789062,193.60352546691894,186.9725378036499,-5.427412575710292,-4.776915889096659,-0.650496686613633
2023-11-10,171.5500030517578,176.9320068359375,169.08999633789062,176.2899932861328,1269600,TEAM,173.4654998779297,174.71934663296332,176.9320068359375,169.08999633789062,193.00293548583986,186.98746780395507,-5.178929596453003,-4.857318630567928,-0.32161096588507476
2023-11-13,174.19000244140625,176.63999938964844,173.5,175.0399932861328,1200300,TEAM,174.84249877929688,174.0924232554465,176.63999938964844,173.5,192.41143547058107,187.05406776428222,-5.024945158613775,-4.890843936177098,-0.13410122243667733
2023-11-14,180.66000366210938,186.6649932861328,180.0,186.1999969482422,1760700,TEAM,183.3812484741211,174.4674610173717,186.6649932861328,174.4674610173717,191.9965853881836,187.24534275054933,-3.9567810458522388,-4.704031358112126,0.7472503122598875
2023-11-15,186.42999267578125,191.3699951171875,185.36000061035156,187.32000732421875,1835800,TEAM,187.61999893188477,178.9243547457464,191.3699951171875,178.9243547457464,191.6305354309082,187.5100927734375,-2.9854632517776736,-4.360317736845236,1.3748544850675621
2023-11-16,186.2899932861328,187.75,183.05999755859375,186.5,1215900,TEAM,185.89999771118164,183.2721768388156,187.75,183.05999755859375,191.267335357666,187.76484272003174,-2.2558505985027466,-3.9394243091767382,1.6835737106739916
2023-11-17,185.82000732421875,186.49000549316406,182.57000732421875,184.99000549316406,972800,TEAM,184.9675064086914,184.58608727499862,186.49000549316406,182.57000732421875,190.83613548278808,187.96933029174804,-1.778964456470817,-3.507332338635554,1.7283678821647372
2023-11-20,184.50999450683594,190.4199981689453,184.50999450683594,186.10000610351562,1351300,TEAM,186.3849983215332,184.776796841845,190.4199981689453,184.50999450683594,190.32993545532227,188.19950531005858,-1.296515556258555,-3.0651689821601544,1.7686534259015994
2023-11-21,183.61000061035156,186.60000610351562,181.8800048828125,185.07000732421875,1005900,TEAM,184.2900047302246,185.5808975816891,186.60000610351562,181.8800048828125,189.77263549804687,188.38290534973146,-0.9859185649107189,-2.6493188987102676,1.6634003337995487
2023-11-22,185.6300048828125,186.0,180.36000061035156,180.5500030517578,1037000,TEAM,183.13500213623047,184.93545115595686,186.0,180.36000061035156,189.23033554077148,188.53433040618896,-1.0919079459608838,-2.337836708160391,1.2459287621995072
2023-11-24,179.74000549316406,181.89500427246094,178.6300048828125,181.58999633789062,477900,TEAM,180.46375274658203,184.03522664609366,184.03522664609366,178.6300048828125,188.6612106323242,188.64383041381836,-1.0795422365398792,-2.0861778138362888,1.0066355772964095
2023-11-27,180.52999877929688,183.92300415039062,180.05999755859375,180.32000732421875,1212000,TEAM,181.208251953125,182.24948969633783,183.92300415039062,180.05999755859375,188.18310066223145,188.7932504272461,-1.1588611919412415,-1.9007144894572794,0.7418532975160379
2023-11-28,179.5,189.8800048828125,179.4499969482422,188.41000366210938,2001800,TEAM,184.31000137329102,181.72887082473142,189.8800048828125,179.4499969482422,187.78180068969726,188.95130043029786,-0.5624434440969992,-1.6330602803852234,1.0706168362882242
2023-11-29,190.2899932861328,199.36000061035156,189.48500061035156,195.5500030517578,2300600,TEAM,193.67124938964844,183.01943609901122,199.36000061035156,183.01943609901122,187.57627571105957,189.18517292022705,0.48081763095629526,-1.2102846981169197,1.691102329073215
2023-11-30,196.7899932861328,200.3300018310547,188.8800048828125,190.9499969482422,1802600,TEAM,194.23749923706055,188.34534274432983,200.3300018310547,188.34534274432983,187.37407569885255,189.38722286224365,0.9257559620600091,-0.783076566081534,1.708832528141543
2023-12-01,190.25,195.57000732421875,189.18499755859375,195.11000061035156,1105200,TEAM,192.52875137329102,191.2914209906952,195.57000732421875,189.18499755859375,187.35745071411134,189.5659629058838,1.5956565881122344,-0.3073299352427803,1.9029865233550147
2023-12-04,193.38999938964844,194.92999267578125,187.7899932861328,194.42999267578125,1660400,TEAM,192.63499450683594,191.9100861819931,194.92999267578125,187.7899932861328,187.34010559082031,189.71981281280517,2.048077738095003,0.1637515994247764,1.8843261386702266
2023-12-05,194.5399932861328,194.61000061035156,188.83999633789062,190.6999969482422,1352000,TEAM,192.1724967956543,192.27254034441452,194.61000061035156,188.83999633789062,187.27875541687013,189.82275024414062,2.081649319068731,0.5473311433535674,1.5343181757151636
2023-12-06,191.66000366210938,192.67999267578125,188.1699981689453,188.72000122070312,1255500,TEAM,190.30749893188477,192.22251857003442,192.67999267578125,188.1699981689453,187.22208045959474,189.92850025177003,1.9262809632864162,0.8231211073401372,1.103159855946279
2023-12-07,188.9199981689453,190.02999877929688,186.2100067138672,187.85000610351562,851300,TEAM,188.25250244140625,191.2650087509596,191.2650087509596,186.2100067138672,187.06708053588866,189.96755027770996,1.713200379313406,1.0011369617347912,0.7120634175786149
2023-12-08,185.75,193.38999938964844,184.5,192.36000061035156,1119500,TEAM,189.0,189.75875559618294,193.38999938964844,184.5,186.92193046569824,189.95587524414063,1.8865048923663323,1.1782105478610996,0.7082943445052328
2023-12-11,193.42999267578125,199.14999389648438,193.02000427246094,198.58999633789062,1537700,TEAM,196.0474967956543,189.37937779809147,199.14999389648438,189.37937779809147,186.8219553375244,190.1118002319336,2.4977658664152784,1.4421216115719355,1.055644254843343
2023-12-12,199.08999633789062,202.02999877929688,195.19000244140625,202.0,1866500,TEAM,199.57749938964844,192.71343729687288,202.02999877929688,192.71343729687288,186.82903022766112,190.348680229187,3.22023255284509,1.7977437998265666,1.4224887530185233
2023-12-13,203.52999877929688,217.6999969482422,202.7899932861328,215.13999938964844,2853800,TEAM,209.78999710083008,196.14546834326066,217.6999969482422,196.14546834326066,187.1654951477051,190.69975521087648,4.797774978676927,2.397750035596639,2.400024943080288
2023-12-14,219.58999633789062,225.30999755859375,217.52000427246094,221.9199981689453,2856500,TEAM,221.08499908447266,202.96773272204535,225.30999755859375,202.96773272204535,187.75834510803222,191.1473551940918,6.519920371865993,3.22218410285051,3.2977362690154832
2023-12-15,223.7899932861328,231.16000366210938,223.35000610351562,229.55999755859375,4356600,TEAM,226.9650001525879,212.026365903259,231.16000366210938,212.026365903259,188.53192001342774,191.6596427154541,8.404337136964813,4.25861470967337,4.145722427291442
2023-12-18,228.63999938964844,231.60000610351562,227.25,228.55999755859375,1357200,TEAM,229.01250076293945,219.49568302792346,231.60000610351562,219.49568302792346,189.26331993103028,192.1916177368164,9.70518403683468,5.347928575105633,4.357255461729047
2023-12-19,229.3000030517578,235.0,229.16000366210938,233.07000732421875,1679600,TEAM,231.63250350952148,224.25409189543146,235.0,224.25409189543146,189.89912002563477,192.77713024139405,10.973538551804381,6.473050570445383,4.500487981358998
2023-12-20,233.07000732421875,238.89999389648438,230.08999633789062,237.60000610351562,2587400,TEAM,234.91500091552734,227.94329770247646,238.89999389648438,227.94329770247646,190.49812004089355,193.33855525970458,12.203576452743874,7.619155746905082,4.5844207058387925
2023-12-21,240.0,245.3300018310547,238.1999969482422,245.02999877929688,1760100,TEAM,242.13999938964844,231.4291493090019,245.3300018310547,231.4291493090019,191.26857002258302,193.96038024902344,13.620915232998158,8.819507644123698,4.80140758887446
2023-12-22,247.4499969482422,248.0,238.64999389648438,240.8000030517578,1864800,TEAM,243.7249984741211,236.78457434932517,248.0,236.78457434932517,192.35477005004884,194.66980522155762,14.238706182476363,9.903347351794231,4.335358830682132
2023-12-26,243.1199951171875,247.83999633789062,241.6300048828125,245.0500030517578,1174300,TEAM,244.4099998474121,240.25478641172313,247.83999633789062,240.25478641172313,193.48500503540038,195.42500022888183,14.899497311754402,10.902577343786266,3.996919967968136
2023-12-27,245.9499969482422,247.64500427246094,242.44000244140625,243.05999755859375,1212200,TEAM,244.77375030517578,242.3323931295676,247.64500427246094,242.3323931295676,194.51473007202148,195.82646774291993,15.088669441372218,11.739795763303457,3.3488736780687614
2023-12-28,242.97000122070312,242.97000122070312,240.22999572753906,241.22000122070312,736800,TEAM,241.8474998474121,243.5530717173717,243.5530717173717,240.22999572753906,195.42498008728026,196.30044273376464,14.918150240285257,12.375466658699818,2.5426835815854396
2023-12-29,241.22000122070312,242.6999969482422,237.0800018310547,237.86000061035156,855900,TEAM,239.7150001525879,242.70028578239192,242.70028578239192,237.0800018310547,196.30779510498047,196.76929271697998,14.34651092874708,12.76967551270927,1.5768354160378095
2024-01-02,235.00999450683594,235.18499755859375,225.3000030517578,226.6699981689453,1963800,TEAM,230.5412483215332,241.2076429674899,241.2076429674899,225.3000030517578,197.01377006530763,197.13315521240236,12.842502601831512,12.78424093053372,0.05826167129779236
2024-01-03,223.0,223.3300018310547,219.30999755859375,220.0500030517578,1304600,TEAM,221.42250061035156,235.87444564451155,235.87444564451155,219.30999755859375,197.6858699798584,197.37815521240233,10.989704414964393,12.425333627419855,-1.4356292124554617
2024-01-04,220.2899932861328,224.3699951171875,218.85000610351562,222.82000732421875,1371600,TEAM,221.58250045776367,228.64847312743154,228.64847312743154,218.85000610351562,198.4155199432373,197.62218017578124,9.633812108926207,11.867029323721127,-2.2332172147949194
2024-01-05,221.67999267578125,230.6699981689453,221.67999267578125,226.10000610351562,1220900,TEAM,225.03249740600586,225.1154867925976,230.6699981689453,221.67999267578125,199.13536979675294,197.89102516174316,8.723368613838176,11.238297181744537,-2.5149285679063613
2024-01-08,227.92999267578125,236.57000732421875,227.8699951171875,235.58999633789062,1099000,TEAM,231.98999786376953,225.07399209930173,236.57000732421875,225.07399209930173,200.12479476928712,198.25620014190673,8.66768283309159,10.724174312013949,-2.056491478922359
2024-01-09,231.61000061035156,238.6199951171875,231.5800018310547,235.3000030517578,853600,TEAM,234.2775001525879,228.53199498153563,238.6199951171875,228.53199498153563,201.2525947570801,198.69920017242433,8.502143992495007,10.27976824811016,-1.7776242556151534
2024-01-10,236.36000061035156,244.82000732421875,235.5,244.2100067138672,1406100,TEAM,240.22250366210938,231.40474756706175,244.82000732421875,231.40474756706175,202.51094482421874,199.24852519989014,8.986327312737245,10.021080061035578,-1.0347527482983327
2024-01-11,245.72999572753906,249.0800018310547,240.39300537109375,242.16000366210938,1231300,TEAM,244.34075164794922,235.81362561458556,249.0800018310547,235.81362561458556,203.847654876709,199.85348274230958,9.099731923467829,9.836810433522029,-0.7370785100542001
2024-01-12,243.42999267578125,243.42999267578125,235.8800048828125,237.0,1277400,TEAM,239.93499755859375,240.0771886312674,243.42999267578125,235.8800048828125,205.06466484069824,200.3997077178955,8.673256817251257,9.604099710267874,-0.9308428930166173
2024-01-16,237.88999938964844,244.01499938964844,233.24000549316406,240.55999755859375,1539800,TEAM,238.92625045776367,240.00609309493058,244.01499938964844,233.24000549316406,206.26593978881837,200.91429523468017,8.524271774977933,9.388134123209888,-0.8638623482319545
2024-01-17,237.6999969482422,238.52999877929688,231.9199981689453,236.97000122070312,1390600,TEAM,236.27999877929688,239.46617177634712,239.46617177634712,231.9199981689453,207.35568977355956,201.36247020721436,8.02402142971863,9.115311584511637,-1.0912901547930076
2024-01-18,240.5800018310547,241.9199981689453,236.5,239.4199981689453,1086400,TEAM,239.60499954223633,237.87308527782199,241.9199981689453,236.5,208.69083976745605,201.8725452041626,7.7360869108742065,8.839466649784152,-1.1033797389099451
2024-01-19,240.5500030517578,243.47500610351562,238.0,242.9600067138672,1025400,TEAM,241.24625396728516,238.73904241002916,243.47500610351562,238.0,210.01771484375,202.40873271942138,7.704730497575326,8.612519419342387,-0.9077889217670609
2024-01-22,249.0,253.8300018310547,244.57000732421875,245.58999633789062,2281200,TEAM,248.24750137329102,239.99264818865714,253.8300018310547,239.99264818865714,211.42468994140626,202.9742077255249,7.802160052632786,8.450447546000467,-0.6482874933676808
2024-01-23,248.1199951171875,248.8800048828125,243.8300018310547,248.4499969482422,1581400,TEAM,247.31999969482422,244.12007478097408,248.8800048828125,243.8300018310547,212.84524002075196,203.49850772857667,8.017728441578981,8.36390372511617,-0.34617528353718896
2024-01-24,254.08999633789062,254.08999633789062,242.66000366210938,243.0800018310547,1401100,TEAM,248.47999954223633,245.72003723789913,254.08999633789062,242.66000366210938,214.3571900177002,203.98035774230956,7.666875250446907,8.224498030182318,-0.5576227797354107
2024-01-25,246.72999572753906,247.0800018310547,240.1999969482422,244.35000610351562,1646300,TEAM,244.5900001525879,247.10001839006773,247.10001839006773,240.1999969482422,215.77968002319335,204.3913077545166,7.405929356047437,8.060784295355342,-0.6548549393079046
2024-01-26,242.32000732421875,249.5,241.13999938964844,247.7899932861328,1421700,TEAM,245.1875,245.8450092713278,249.5,241.13999938964844,217.18658004760744,204.79900775909425,7.391501443595132,7.9269277250033,-0.5354262814081681
2024-01-29,246.6300048828125,257.1499938964844,246.6300048828125,255.6699981689453,1805900,TEAM,251.52000045776367,245.5162546356639,257.1499938964844,245.5162546356639,218.54935508728028,205.27297023773193,7.92456826701391,7.926455833405423,-0.0018875663915123297
2024-01-30,254.8000030517578,258.69000244140625,252.9600067138672,257.42999267578125,1540700,TEAM,255.97000122070312,248.5181275467138,258.69000244140625,248.5181275467138,219.91635513305664,205.77344528198242,8.392303166055228,8.019625299935385,0.37267786611984377
2024-01-31,252.97999572753906,257.0,248.33999633789062,249.77000427246094,2304700,TEAM,252.02249908447266,252.24406438370846,257.0,248.33999633789062,221.23880516052247,206.25307025909424,8.052070144058575,8.026114268760024,0.02595587529855159
2024-02-01,253.5,256.8800048828125,250.92999267578125,254.89999389648438,2534100,TEAM,254.05249786376953,252.13328173409056,256.8800048828125,250.92999267578125,222.620504989624,206.72832023620606,8.102974268979779,8.041486268803975,0.06148800017580314
2024-02-02,230.1300048828125,231.5590057373047,211.0500030517578,217.38999938964844,9351200,TEAM,222.53225326538086,253.09288979893006,253.09288979893006,211.0500030517578,223.343450088501,206.83669277191163,5.058264556974109,7.444841926438002,-2.386577369463893
2024-02-05,216.52000427246094,220.4320068359375,213.0970001220703,215.0500030517578,2918300,TEAM,216.27475357055664,237.81257153215546,237.81257153215546,213.0970001220703,223.9831450653076,206.87789028167725,2.42849781483622,6.441573104117646,-4.013075289281426
2024-02-06,216.13999938964844,216.47000122070312,205.8300018310547,211.25999450683594,2714000,TEAM,212.42499923706055,227.04366255135605,227.04366255135605,205.8300018310547,224.56894500732423,206.89964027404784,0.03812720342577336,5.160883923979272,-5.1227567205534985
2024-02-07,214.11000061035156,215.69500732421875,208.5,209.4600067138672,1586300,TEAM,211.94125366210938,219.7343308942083,219.7343308942083,208.5,225.19849502563477,206.9298528289795,-1.978693552000749,3.732968428783268,-5.711661980784017
2024-02-08,208.83999633789062,216.38999938964844,208.83999633789062,212.2899932861328,2034000,TEAM,211.58999633789062,215.83779227815884,216.38999938964844,208.83999633789062,225.80612991333007,206.99461528778076,-3.310520644624262,2.324270614101762,-5.634791258726024
2024-02-09,214.3300018310547,220.99000549316406,211.2449951171875,218.75999450683594,2076200,TEAM,216.33124923706055,213.71389430802475,220.99000549316406,211.2449951171875,226.44655487060547,207.11417778015138,-3.8001227349755027,1.0993919442863092,-4.899514679261812
2024-02-12,218.25999450683594,221.0,216.08999633789062,216.1699981689453,1115100,TEAM,217.87999725341797,215.02257177254265,221.0,215.02257177254265,226.93072982788087,207.2535027694702,-4.347017268786374,0.01011010167177258,-4.357127370458146
2024-02-13,205.0,213.8699951171875,203.27000427246094,210.07000732421875,1718800,TEAM,208.0525016784668,216.4512845129803,216.4512845129803,203.27000427246094,227.207029876709,207.29055278778077,-5.2125661900832085,-1.0344251566792237,-4.178141033403985
2024-02-14,212.39999389648438,216.08999633789062,209.30999755859375,215.88999938964844,1292600,TEAM,213.4224967956543,212.25189309572355,216.08999633789062,209.30999755859375,227.62490478515625,207.49117774963378,-5.367027474311897,-1.9009456202057584,-3.4660818541061382
2024-02-15,215.89999389648438,216.64999389648438,212.24000549316406,213.1199951171875,1889000,TEAM,214.47749710083008,212.8371949456889,216.64999389648438,212.24000549316406,228.06175483703612,207.70093021392822,-5.647850445521414,-2.6503265852688895,-2.997523860252524
2024-02-16,212.3300018310547,214.0,207.19000244140625,207.83999633789062,1327700,TEAM,210.3400001525879,213.6573460232595,214.0,207.19000244140625,228.42510490417482,207.85193016052247,-6.224701958686239,-3.3652016599523598,-2.8595002987338796
2024-02-20,205.5500030517578,206.49000549316406,201.0500030517578,204.77999877929688,1767800,TEAM,204.46750259399414,211.9986730879237,211.9986730879237,201.0500030517578,228.708304977417,207.96519271850585,-6.8498167448007905,-4.062124676922046,-2.7876920678787442
2024-02-21,201.00999450683594,205.50999450683594,199.9499969482422,204.11000061035156,1411500,TEAM,202.6449966430664,208.23308784095892,208.23308784095892,199.9499969482422,228.9961548614502,208.03161769866944,-7.314965599310085,-4.712692861399654,-2.6022727379104307
2024-02-22,209.10000610351562,210.3800048828125,204.1999969482422,205.42999267578125,1078800,TEAM,207.2775001525879,205.43904224201265,210.3800048828125,204.1999969482422,229.36170486450195,208.1418176651001,-7.490738518856489,-5.268301992891021,-2.2224365259654677
2024-02-23,205.5,207.49000549316406,204.3300018310547,204.44000244140625,823200,TEAM,205.44000244140625,206.35827119730027,207.49000549316406,204.3300018310547,229.549554977417,208.1857551574707,-7.622061383136639,-5.739053870940145,-1.8830075121964942
2024-02-26,203.75999450683594,207.10000610351562,201.58999633789062,204.66000366210938,896400,TEAM,204.2775001525879,205.89913681935326,207.10000610351562,201.58999633789062,229.64355499267577,208.23629261016845,-7.620538613805593,-6.115350819513235,-1.5051877942923575
2024-02-27,205.82000732421875,208.64999389648438,204.14999389648438,205.82000732421875,769700,TEAM,206.11000061035156,205.08831848597058,208.64999389648438,204.14999389648438,229.5699550628662,208.36772510528564,-7.439965911354534,-6.380273837881496,-1.0596920734730384
2024-02-28,203.6199951171875,208.49000549316406,202.0,207.0500030517578,1141900,TEAM,205.29000091552734,205.59915954816108,208.49000549316406,202.0,229.25405509948732,208.50620010375977,-7.115586318219073,-6.527336333949012,-0.5882499842700613
2024-02-29,205.66000366210938,209.44000244140625,205.0,207.4199981689453,1930000,TEAM,206.88000106811523,205.4445802318442,209.44000244140625,205.0,228.85235511779786,208.6921375656128,-6.750838179568433,-6.572036703072897,-0.17880147649553635
2024-03-01,207.4199981689453,209.41000366210938,204.2899932861328,209.1999969482422,1562400,TEAM,207.57999801635742,206.16229064997972,209.41000366210938,204.2899932861328,228.42370506286622,208.84351249694825,-6.24614001242449,-6.506857364943215,0.26071735251872497
2024-03-04,209.47999572753906,209.47999572753906,203.3699951171875,207.60000610351562,1034500,TEAM,207.4824981689453,206.87114433316856,209.47999572753906,203.3699951171875,227.94070495605467,208.91991249084472,-5.9071747350400585,-6.386920838962584,0.47974610392252526
2024-03-05,203.9499969482422,205.22999572753906,193.47000122070312,196.3300018310547,1702300,TEAM,199.74499893188477,207.17682125105694,207.17682125105694,193.47000122070312,227.23730491638185,208.86771247863769,-6.473317098025888,-6.4042000907752445,-0.06911700725064307
2024-03-06,199.94000244140625,200.8699951171875,194.0800018310547,198.13999938964844,1062700,TEAM,198.25749969482422,203.46091009147085,203.46091009147085,194.0800018310547,226.35965492248536,208.8141124725342,-6.698718664374525,-6.463103805495101,-0.23561485887942357
2024-03-07,200.0,203.60000610351562,195.64999389648438,202.9600067138672,1471400,TEAM,200.5525016784668,200.85920489314753,203.60000610351562,195.64999389648438,225.49620498657225,208.92548751831055,-6.4144746501587235,-6.453377974427826,0.03890332426910259
2024-03-08,204.39999389648438,211.0749969482422,204.39999389648438,208.8000030517578,1782000,TEAM,207.1687469482422,200.70585328580717,211.0749969482422,200.70585328580717,224.75137992858888,209.11819248199464,-5.652808268475212,-6.293264033237303,0.6404557647620912
2024-03-11,210.3699951171875,216.63999938964844,208.9499969482422,215.6300048828125,1695800,TEAM,212.89749908447266,203.93730011702468,216.63999938964844,203.93730011702468,224.11385490417481,209.31429248809815,-4.446798184981191,-5.9239708635860815,1.4771726786048909
2024-03-12,215.67999267578125,217.82000732421875,213.2949981689453,217.36000061035156,1166900,TEAM,216.03874969482422,208.41739960074867,217.82000732421875,208.41739960074867,223.59767990112306,209.51132999420167,-3.3132373699616267,-5.401824164861191,2.0885867948995642
2024-03-13,215.49000549316406,215.5,207.49000549316406,207.72999572753906,2226300,TEAM,211.5525016784668,212.22807464778646,215.5,207.49000549316406,223.03442993164063,209.67111251831054,-3.1555677491881795,-4.952572881726589,1.797005132538409
2024-03-14,207.33999633789062,207.33999633789062,200.69000244140625,202.6999969482422,1926800,TEAM,204.51749801635742,211.89028816312663,211.89028816312663,200.69000244140625,222.51395492553712,209.76386249542236,-3.397329997367251,-4.6415243048547214,1.2441943074874704
2024-03-15,201.0500030517578,203.0800018310547,194.0,194.42999267578125,3153900,TEAM,198.13999938964844,208.20389308974202,208.20389308974202,194.0,222.04830490112306,209.86708744049074,-4.207744293346423,-4.554768302553062,0.34702400920663923
2024-03-18,196.1199951171875,198.4499969482422,195.0,197.00999450683594,1887700,TEAM,196.6449966430664,203.17194623969522,203.17194623969522,195.0,221.5495548248291,209.9825373840332,-4.588920655031188,-4.561598773048687,-0.027321881982500962
2024-03-19,193.07000732421875,197.39999389648438,189.86500549316406,196.42999267578125,2295000,TEAM,194.1912498474121,199.9084714413808,199.9084714413808,189.86500549316406,220.93272987365722,210.03404983520508,-4.881535663899314,-4.625586151218813,-0.2559495126805009
2024-03-20,195.08999633789062,196.69000244140625,193.22000122070312,196.22000122070312,2664300,TEAM,195.30500030517578,197.04986064439646,197.04986064439646,193.22000122070312,220.19902992248535,210.16191234588624,-5.071913856279167,-4.714851692230884,-0.3570621640482834
2024-03-21,199.5500030517578,201.0659942626953,196.86000061035156,197.25999450683594,1696400,TEAM,198.68399810791016,196.17743047478612,201.0659942626953,196.17743047478612,219.4871598815918,210.36987731933593,-5.08030854422114,-4.787943062628935,-0.29236548159220455
2024-03-22,196.4499969482422,196.5449981689453,191.27000427246094,192.52999877929688,2268200,TEAM,194.19874954223633,197.43071429134812,197.43071429134812,191.27000427246094,218.56668479919435,210.53881481170654,-5.406311921367148,-4.911616834376578,-0.4946950869905704
2024-03-25,191.94000244140625,194.1300048828125,189.5,193.26499938964844,2222400,TEAM,192.2087516784668,195.81473191679223,195.81473191679223,189.5,217.5240447998047,210.68584983825684,-5.541484753104584,-5.037590418122179,-0.5038943349824043
2024-03-26,195.10000610351562,195.10000610351562,191.64999389648438,192.0,1674100,TEAM,193.4625015258789,194.0117417976295,195.10000610351562,191.64999389648438,216.59459487915038,210.82962985992432,-5.685150202180182,-5.16710237493378,-0.5180478272464022
2024-03-27,194.00999450683594,194.36500549316406,191.13999938964844,193.13999938964844,920600,TEAM,193.16374969482422,193.7371216617542,194.36500549316406,191.13999938964844,215.6793448638916,210.972642326355,-5.641980443709826,-5.262077988688989,-0.3799024550208374
2024-03-28,192.7899932861328,195.60000610351562,191.35000610351562,195.11000061035156,1130700,TEAM,193.7125015258789,193.4504356782892,195.60000610351562,191.35000610351562,214.82799491882324,211.0918423461914,-5.3867108154082075,-5.287004554032833,-0.09970626137537408
2024-04-01,195.1999969482422,196.39999389648438,192.32000732421875,193.3699951171875,924000,TEAM,194.3224983215332,193.58146860208404,196.39999389648438,192.32000732421875,213.92234489440918,211.30659233093263,-5.264130082542152,-5.282429659734698,0.018299577192545158
2024-04-02,191.11000061035156,196.35000610351562,190.28500366210938,196.02000427246094,1815800,TEAM,193.44125366210938,193.95198346180862,196.35000610351562,190.28500366210938,212.96624488830565,211.49197986602783,-4.896704218678934,-5.205284571523546,0.3085803528446114
2024-04-03,194.7899932861328,197.5500030517578,194.68499755859375,195.24000549316406,1222500,TEAM,195.5662498474121,193.69661856195899,197.5500030517578,193.69661856195899,211.9126198577881,211.66865489959716,-4.6152541798846585,-5.087278493195768,0.4720243133111097
2024-04-04,197.52000427246094,199.22000122070312,192.2899932861328,192.32000732421875,1281900,TEAM,195.3375015258789,194.63143420468555,199.22000122070312,192.2899932861328,210.87296989440918,211.85910495758057,-4.575083727869014,-4.984839540130418,0.40975581226140356
2024-04-05,191.30999755859375,199.10499572753906,191.30999755859375,196.6199951171875,1185200,TEAM,194.58624649047852,194.98446786528223,199.10499572753906,191.30999755859375,209.79509483337404,212.0761424255371,-4.148454475963291,-4.817562527296992,0.6691080513337013
2024-04-08,196.44000244140625,198.94000244140625,194.22500610351562,198.5500030517578,783500,TEAM,197.03875350952148,194.78535717788037,198.94000244140625,194.22500610351562,208.8440699005127,212.31187496185302,-3.612964207171558,-4.576642863271906,0.9636786561003481
2024-04-09,200.8000030517578,207.39999389648438,200.5,202.9199981689453,1701300,TEAM,202.90499877929688,195.91205534370093,207.39999389648438,195.91205534370093,207.99841987609864,212.59249996185304,-2.803643568916101,-4.222043004400745,1.4183994354846439
2024-04-10,198.14999389648438,205.41000366210938,197.4499969482422,204.74000549316406,1539800,TEAM,201.4375,199.4085270614989,205.41000366210938,197.4499969482422,206.99676986694337,212.7730624771118,-1.9924243242607247,-3.776119268372741,1.7836949441120162
2024-04-11,213.75,217.4600067138672,209.1999969482422,214.64999389648438,2281100,TEAM,213.76499938964844,200.42301353074944,217.4600067138672,200.42301353074944,206.15266983032225,213.03451248168946,-0.5436076152286944,-3.129616937743932,2.5860093225152374
2024-04-12,210.0,213.25,205.72000122070312,206.52999877929688,1367200,TEAM,208.875,207.09400646019895,213.25,205.72000122070312,205.2897198486328,213.26426250457763,-0.05004874866611431,-2.5137032999283684,2.463654551262254
2024-04-15,206.8800048828125,208.8300018310547,191.69000244140625,191.83999633789062,2109500,TEAM,199.81000137329102,207.98450323009948,208.8300018310547,191.69000244140625,204.20486991882325,213.41268745422363,-0.8346390194923288,-2.1778904438411604,1.3432514243488316
2024-04-16,191.27999877929688,195.47000122070312,191.1999969482422,194.85000610351562,2376800,TEAM,193.20000076293945,203.89725230169523,203.89725230169523,191.1999969482422,203.6182248687744,213.48083747863768,-1.1997202017194866,-1.9822563954168257,0.7825361936973392
2024-04-17,195.27999877929688,198.3800048828125,194.9600067138672,195.07000732421875,1390200,TEAM,195.92250442504883,198.54862653231734,198.54862653231734,194.9600067138672,203.21117988586425,213.59716247558595,-1.4545304869784843,-1.8767112137291575,0.4221807267506732
2024-04-18,196.4499969482422,198.86000061035156,193.52000427246094,193.61000061035156,1085600,TEAM,195.61000061035156,197.2355654786831,198.86000061035156,193.52000427246094,202.8748799133301,213.72191246032716,-1.7540601009004035,-1.8521809911634068,0.0981208902630033
2024-04-19,193.6300048828125,194.7899932861328,189.49000549316406,191.5500030517578,1755800,TEAM,192.3650016784668,196.42278304451733,196.42278304451733,189.49000549316406,202.48335487365722,213.840924949646,-2.1330753005173335,-1.9083598530341923,-0.2247154474831412
2024-04-22,192.64999389648438,196.5800018310547,189.0800018310547,194.27000427246094,1689700,TEAM,193.14500045776367,194.39389236149208,196.5800018310547,189.0800018310547,202.1144549560547,213.96029243469238,-2.1887358261951135,-1.9644350476663768,-0.22430077852873676
2024-04-23,194.11000061035156,201.52999877929688,193.8800048828125,199.44000244140625,957400,TEAM,197.2400016784668,193.76944640962788,201.52999877929688,193.76944640962788,201.73263000488282,214.08959243774413,-1.7949801353863961,-1.9305440652103807,0.13556392982398457
2024-04-24,198.5399932861328,202.0500030517578,198.00999450683594,199.00999450683594,838200,TEAM,199.40249633789062,195.50472404404735,202.0500030517578,195.50472404404735,201.36307998657227,214.14690490722657,-1.5003291002126957,-1.844501072210844,0.3441719719981482
2024-04-25,195.0,199.60000610351562,191.8300018310547,198.41000366210938,2227900,TEAM,196.21000289916992,197.453610190969,199.60000610351562,191.8300018310547,201.12623001098632,214.16662994384765,-1.3002418995822609,-1.7356492376851274,0.43540733810286647
2024-04-26,182.72999572753906,183.89999389648438,172.34500122070312,179.4499969482422,5867000,TEAM,179.6062469482422,196.83180654506947,196.83180654506947,172.34500122070312,200.44990501403808,214.03740489959716,-2.6411400198574313,-1.9167473941195883,-0.724392625737843
2024-04-29,180.50999450683594,182.3699951171875,175.08999633789062,177.07000732421875,2194900,TEAM,178.7599983215332,188.21902674665583,188.21902674665583,175.08999633789062,199.73555503845216,213.89865493774414,-3.85145948558079,-2.303689812411829,-1.5477696731689612
2024-04-30,174.66000366210938,176.2899932861328,171.0,172.3000030517578,2670400,TEAM,173.5625,183.4895125340945,183.4895125340945,171.0,199.0000050354004,213.7125549697876,-5.136337362391345,-2.870219322407732,-2.2661180399836125
2024-05-01,173.36000061035156,178.39500427246094,168.1999969482422,172.77000427246094,1683700,TEAM,173.1812515258789,178.52600626704725,178.52600626704725,168.1999969482422,198.37428001403808,213.54129249572753,-6.046981329609736,-3.505571723848133,-2.5414096057616025
2024-05-02,179.3000030517578,186.64999389648438,176.6699981689453,183.5500030517578,3234200,TEAM,181.54249954223633,175.85362889646308,186.64999389648438,175.85362889646308,197.95223007202148,213.47419246673584,-5.831594434584957,-3.9707762659954984,-1.860818168589459
2024-05-03,186.3000030517578,189.47999572753906,182.02000427246094,183.52000427246094,1526300,TEAM,185.3300018310547,178.6980642193497,189.47999572753906,178.6980642193497,197.5132801055908,213.4374924850464,-5.598780166636715,-4.296377046123742,-1.302403120512973
2024-05-06,184.5,186.32000732421875,180.77999877929688,181.77000427246094,1468300,TEAM,183.34250259399414,182.0140330252022,186.32000732421875,180.77999877929688,197.07133010864257,213.31044254302978,-5.4921732026699885,-4.535536277432992,-0.9566369252369968
2024-05-07,181.2899932861328,185.33999633789062,178.9499969482422,184.1199951171875,1346700,TEAM,182.42499542236328,182.67826780959817,185.33999633789062,178.9499969482422,196.6342800140381,213.13891750335694,-5.1585967025164905,-4.660148362449692,-0.4984483400667985
2024-05-08,181.2100067138672,182.0,178.0800018310547,178.52000427246094,1166600,TEAM,179.9525032043457,182.55163161598074,182.55163161598074,178.0800018310547,196.11113006591796,212.84054256439208,-5.285183082288796,-4.785155306417513,-0.500027775871283
2024-05-09,180.0,181.97000122070312,178.58999633789062,179.85000610351562,776800,TEAM,180.10250091552734,181.25206741016322,181.97000122070312,178.58999633789062,195.60738006591797,212.43071758270264,-5.218033426558577,-4.871730930445726,-0.3463024961128509
2024-05-10,180.0,183.0,178.88999938964844,179.75,835300,TEAM,180.4099998474121,180.6772841628453,183.0,178.88999938964844,195.0779800415039,211.96516757965088,-5.113936223898719,-4.920171989136325,-0.19376423476239424
2024-05-13,181.6699981689453,182.97999572753906,179.9199981689453,182.8300018310547,1253900,TEAM,181.8499984741211,180.5436420051287,182.97999572753906,179.9199981689453,194.5633800506592,211.4935425567627,-4.728401959236095,-4.881817983156279,0.15341602392018405
2024-05-14,182.8300018310547,186.0850067138672,182.2550048828125,184.0800018310547,1134100,TEAM,183.81250381469727,181.1968202396249,186.0850067138672,181.1968202396249,194.0899801635742,211.01534255981446,-4.272745176845291,-4.760003421894082,0.4872582450487908
2024-05-15,186.72999572753906,186.8350067138672,181.97000122070312,184.2100067138672,1424000,TEAM,184.93625259399414,182.5046620271611,186.8350067138672,181.97000122070312,193.7938052368164,210.51555507659913,-3.8566861096555556,-4.579339959446377,0.722653849790821
2024-05-16,183.35000610351562,184.02999877929688,179.94000244140625,182.2100067138672,1623900,TEAM,182.38250350952148,183.72045731057761,184.02999877929688,179.94000244140625,193.47630531311034,209.91798011779784,-3.6463072267045504,-4.392733412898012,0.7464261861934611
2024-05-17,181.5800018310547,183.13999938964844,178.8699951171875,179.72000122070312,1204400,TEAM,180.82749938964844,183.05148041004955,183.13999938964844,178.8699951171875,193.08180526733398,209.28900512695313,-3.6385600246824765,-4.241898735254905,0.6033387105724284
2024-05-20,179.7100067138672,180.25,177.91000366210938,179.83999633789062,1375600,TEAM,179.4275016784668,181.93948989984898,181.93948989984898,177.91000366210938,192.52698036193848,208.63918014526368,-3.5814529479415853,-4.109809577792241,0.5283566298506557
2024-05-21,178.5,179.4600067138672,177.60000610351562,178.0500030517578,847800,TEAM,178.40250396728516,180.6834957891579,180.6834957891579,177.60000610351562,191.83708045959472,207.97546768188477,-3.638688144853859,-4.015585291204565,0.37689714635070626
2024-05-22,179.0,179.0,172.7100067138672,174.8000030517578,1638500,TEAM,176.37750244140625,179.5429998782215,179.5429998782215,172.7100067138672,191.04385551452637,207.3207677078247,-3.9013232632910615,-3.9927328856218645,0.09140962233080296
2024-05-23,175.89999389648438,176.5800018310547,172.63299560546875,174.17999267578125,1055300,TEAM,174.82324600219727,177.96025115981388,177.96025115981388,172.63299560546875,190.309270401001,206.6718501663208,-4.112091511280823,-4.016604610753657,-0.0954869005271668
2024-05-24,172.9499969482422,173.60000610351562,168.7100067138672,168.86000061035156,1927900,TEAM,171.03000259399414,176.39174858100557,176.39174858100557,168.7100067138672,189.63952049255371,206.0767377090454,-4.654748719212705,-4.144233432445467,-0.5105152867672382
2024-05-28,168.80999755859375,168.80999755859375,163.8300018310547,164.82000732421875,3895900,TEAM,166.56750106811523,173.71087558749986,173.71087558749986,163.8300018310547,189.00807052612305,205.52818771362305,-5.349140597606265,-4.385214865477627,-0.9639257321286383
2024-05-29,160.67999267578125,166.92999267578125,159.4949951171875,165.75999450683594,4530200,TEAM,163.21624374389648,170.13918832780755,170.13918832780755,159.4949951171875,188.33949546813966,204.94452514648438,-5.757236218844213,-4.659619136150944,-1.0976170826932687
2024-05-30,162.92999267578125,163.97999572753906,159.30999755859375,160.38999938964844,3053700,TEAM,161.65249633789062,166.67771603585203,166.67771603585203,159.30999755859375,187.68872039794923,204.3107251358032,-6.439735404731152,-5.015642389866986,-1.424093014864166
2024-05-31,160.24000549316406,161.47000122070312,154.02000427246094,156.86000061035156,4389700,TEAM,158.14750289916992,164.16510618687133,164.16510618687133,154.02000427246094,186.9455704498291,203.57230018615724,-7.182665035273288,-5.449046918948247,-1.733618116325041
2024-06-03,158.4600067138672,159.5399932861328,156.27999877929688,159.4199981689453,1550300,TEAM,158.42499923706055,161.1563045430206,161.1563045430206,156.27999877929688,186.14039047241212,202.81377517700196,-7.478662347573504,-5.854970004673299,-1.6236923429002053
2024-06-04,158.00999450683594,161.89999389648438,157.0500030517578,157.94000244140625,1766900,TEAM,158.7249984741211,159.79065189004058,161.89999389648438,157.0500030517578,185.4309154510498,201.99880012512207,-7.743404489634344,-6.232656901665508,-1.5107475879688357
2024-06-05,158.52000427246094,159.3300018310547,156.7100067138672,157.8800048828125,1587400,TEAM,158.11000442504883,159.25782518208084,159.3300018310547,156.7100067138672,184.74894050598144,201.13649265289305,-7.867365751026995,-6.559598671537806,-1.3077670794891887
2024-06-06,158.0,164.69000244140625,157.5500030517578,163.4600067138672,1753000,TEAM,160.9250030517578,158.68391480356485,164.69000244140625,157.5500030517578,184.09819053649903,200.34639270782472,-7.429701456466688,-6.733619228523583,-0.6960822279431049
2024-06-07,161.75,163.60000610351562,159.52000427246094,163.36000061035156,1006400,TEAM,162.05750274658203,159.80445892766133,163.60000610351562,159.52000427246094,183.4760655975342,199.5777052307129,-7.01011081278719,-6.788917545376305,-0.22119326741088496
2024-06-10,162.8699951171875,164.83999633789062,161.41000366210938,162.1699981689453,1098800,TEAM,162.8224983215332,160.9309808371217,164.83999633789062,160.9309808371217,182.85826553344725,198.84313022613526,-6.696413371466264,-6.770416710594297,0.07400333912803347
2024-06-11,161.82000732421875,163.52499389648438,161.4199981689453,163.16000366210938,1083200,TEAM,162.48125076293945,161.87673957932745,163.52499389648438,161.4199981689453,182.2214405822754,198.07189273834229,-6.2953518225839105,-6.67540373299222,0.38005191040830955
2024-06-12,166.00999450683594,166.34500122070312,162.3800048828125,162.8300018310547,1240500,TEAM,164.39125061035156,162.17899517113347,166.34500122070312,162.17899517113347,181.64044052124024,197.30334270477294,-5.935712842631062,-6.5274655549199885,0.5917527122889261
2024-06-13,162.8300018310547,163.7100067138672,155.1300048828125,156.02000427246094,1738400,TEAM,159.42250442504883,163.2851228907425,163.7100067138672,155.1300048828125,180.91756561279297,196.41509273529053,-6.129548628337801,-6.4478821696035515,0.3183335412657504
2024-06-14,157.49000549316406,160.38800048828125,156.11000061035156,160.08999633789062,1444000,TEAM,158.51950073242188,161.35381365789567,161.35381365789567,156.11000061035156,180.18120559692383,195.5270877456665,-5.886890134673905,-6.335683762617623,0.4487936279437177
2024-06-17,157.5,158.52499389648438,154.47999572753906,156.6199951171875,1536300,TEAM,156.78124618530273,159.93665719515877,159.93665719515877,154.47999572753906,179.42510559082032,194.61010021209717,-5.9064952283588354,-6.2498460557658655,0.34335082740703005
2024-06-18,155.5,155.97000122070312,152.6999969482422,153.17999267578125,1302600,TEAM,154.33749771118164,158.35895169023075,158.35895169023075,152.6999969482422,178.57108047485352,193.70757518768312,-6.128961006732908,-6.2256690459592745,0.09670803922636662
2024-06-20,153.4199981689453,157.8800048828125,152.33999633789062,157.52000427246094,1492000,TEAM,155.29000091552734,156.3482247007062,157.8800048828125,152.33999633789062,177.61878051757813,192.80860019683837,-5.887200095960566,-6.157975255959533,0.2707751599989674
2024-06-21,158.72000122070312,163.44000244140625,157.14999389648438,162.4600067138672,3450300,TEAM,160.44250106811523,155.81911280811676,163.44000244140625,155.81911280811676,176.79888053894044,191.8978252029419,-5.236621408765103,-5.9737044865206474,0.7370830777555444
2024-06-24,162.0500030517578,165.7100067138672,160.6699981689453,164.75,1753500,TEAM,163.29500198364258,158.130806938116,165.7100067138672,158.130806938116,175.78948059082032,190.97107521057129,-4.484554637752183,-5.675874516766955,1.191319879014772
2024-06-25,165.49000549316406,168.19000244140625,163.0,167.4499969482422,1350100,TEAM,166.03250122070312,160.7129044608793,168.19000244140625,160.7129044608793,174.9326306152344,190.1111752319336,-3.628838127409324,-5.266467238895429,1.6376291114861052
2024-06-26,167.4499969482422,171.89999389648438,166.05999755859375,171.66000366210938,1984500,TEAM,169.26749801635742,163.3727028407912,171.89999389648438,163.3727028407912,174.32178054809572,189.26332523345948,-2.5812096919614476,-4.729415729508633,2.148206037547186
2024-06-27,171.66000366210938,176.63999938964844,171.1999969482422,172.99000549316406,2129000,TEAM,173.12250137329102,166.3201004285743,176.63999938964844,166.3201004285743,173.92023056030274,188.76922771453857,-1.6249056754784021,-4.1085137187025875,2.4836080432241854
2024-06-28,173.52000427246094,178.38999938964844,172.91000366210938,176.8800048828125,1847200,TEAM,175.4250030517578,169.72130090093265,178.38999938964844,169.72130090093265,173.5102805328369,188.36073020935058,-0.5468338517037523,-3.3961777453028206,2.8493438935990683
2024-07-01,176.8800048828125,178.4600067138672,173.94000244140625,178.25,1114500,TEAM,176.88250350952148,172.57315197634523,178.4600067138672,172.57315197634523,173.13573059082032,188.0053052520752,0.41332839965264156,-2.6342765163117283,3.04760491596437
2024-07-02,183.49000549316406,186.31500244140625,179.1699981689453,182.27999877929688,1766100,TEAM,182.81375122070312,174.72782774293336,186.31500244140625,174.72782774293336,172.94470558166503,187.71403022766114,1.4823633607486784,-1.810948540899647,3.2933119016483254
2024-07-03,182.6999969482422,185.00999450683594,181.42999267578125,182.25999450683594,816000,TEAM,182.84999465942383,178.77078948181824,185.00999450683594,178.77078948181824,172.73880546569825,187.42663021087645,2.3014375522857335,-0.9884713222625711,3.2899088745483045
2024-07-05,181.97000122070312,188.05999755859375,181.10299682617188,187.32000732421875,938100,TEAM,184.61325073242188,180.81039207062105,188.05999755859375,180.81039207062105,172.48627044677735,187.10945022583007,3.320582883767969,-0.12666048105646308,3.447243364824432
2024-07-08,185.25999450683594,185.8699951171875,180.0500030517578,181.8000030517578,1331900,TEAM,183.24499893188477,182.71182140152146,185.8699951171875,180.0500030517578,172.16312049865724,186.76310024261474,3.640874949276906,0.6268466050102108,3.0140283442666953
2024-07-09,182.5399932861328,182.6199951171875,177.08999633789062,177.97999572753906,1747100,TEAM,180.0574951171875,182.9784101667031,182.9784101667031,177.08999633789062,171.84007034301757,186.48315017700196,3.545594644831681,1.210596212974505,2.334998431857176
2024-07-10,178.49000549316406,178.49000549316406,168.3699951171875,174.4499969482422,1890700,TEAM,174.95000076293945,181.5179526419453,181.5179526419453,168.3699951171875,171.74694541931152,186.0984252166748,3.148943852461116,1.5982657408718273,1.5506781115892887
2024-07-11,177.55999755859375,181.5800018310547,176.57000732421875,177.6300048828125,1304900,TEAM,178.33500289916992,178.23397670244236,181.5800018310547,176.57000732421875,171.73844551086427,185.73700027465821,3.0559680087466177,1.8898061944467854,1.1661618142998322
2024-07-12,176.72999572753906,182.75999450683594,176.72999572753906,181.4499969482422,1477600,TEAM,179.41749572753906,178.28448980080614,182.75999450683594,176.72999572753906,171.85554542541504,185.42777523040772,3.253026552266732,2.162450266010775,1.0905762862559572
2024-07-15,181.60000610351562,182.1649932861328,178.94000244140625,179.9499969482422,1040900,TEAM,180.66374969482422,178.8509927641726,182.1649932861328,178.8509927641726,172.00519538879394,185.18973770141602,3.2506875017224672,2.3800977131531136,0.8705897885693537
2024-07-16,179.9499969482422,184.5399932861328,179.9499969482422,183.1699981689453,959100,TEAM,181.90249633789062,179.7573712294984,184.5399932861328,179.7573712294984,172.01239532470703,184.98231269836427,3.4686762346943283,2.5978134174613565,0.8708628172329718
2024-07-17,184.3800048828125,184.42999267578125,178.8699951171875,178.9199981689453,1401100,TEAM,181.64999771118164,180.8299337836945,184.42999267578125,178.8699951171875,171.93879524230957,184.7260376739502,3.2609047151173627,2.730431676992558,0.5304730381248048
2024-07-18,179.6999969482422,182.3800048828125,175.49000549316406,176.10000610351562,1077000,TEAM,178.4175033569336,181.23996574743808,182.3800048828125,175.49000549316406,171.84029525756836,184.45581268310548,2.836002821737992,2.751545905941645,0.08445691579634707
2024-07-19,175.0,177.07000732421875,174.41000366210938,176.5,1024600,TEAM,175.74500274658203,179.82873455218584,179.82873455218584,174.41000366210938,171.70669540405274,184.1704877090454,2.5026917024652846,2.701775065246373,-0.19908336278108818
2024-07-22,178.13999938964844,178.72000122070312,174.33999633789062,175.5500030517578,1222200,TEAM,176.6875,177.78686864938393,178.72000122070312,174.33999633789062,171.6413953399658,183.8762627029419,2.1372465766515063,2.5888693675273995,-0.4516227908758932
2024-07-23,170.1699981689453,177.07000732421875,168.38999938964844,175.1199951171875,1549800,TEAM,172.6875,177.23718432469195,177.23718432469195,168.38999938964844,171.49309532165526,183.5502376937866,1.7922704567843653,2.4295495853787927,-0.6372791285944275
2024-07-24,172.58999633789062,174.25999450683594,167.25,167.60000610351562,1466500,TEAM,170.42499923706055,174.96234216234598,174.96234216234598,167.25,171.29339530944824,183.18568767547606,0.9016801229569751,2.123975692894429,-1.222295569937454
2024-07-25,171.00999450683594,182.27000427246094,169.85000610351562,178.22000122070312,2336800,TEAM,175.3375015258789,172.69367069970326,182.27000427246094,169.85000610351562,171.1631453704834,182.8632627105713,1.0408277041161966,1.9073460951387828,-0.8665183910225862
2024-07-26,179.69000244140625,179.69000244140625,174.5800018310547,177.32000732421875,1314400,TEAM,177.82000350952148,174.01558611279108,179.69000244140625,174.01558611279108,171.04329536437987,182.56663776397704,1.0661907950015461,1.7391150351113356,-0.6729242401097895
2024-07-29,177.49000549316406,181.24000549316406,177.27000427246094,178.13999938964844,1037300,TEAM,178.53500366210938,175.91779481115628,181.24000549316406,175.91779481115628,170.9152703857422,182.3545378112793,1.139324312510098,1.6191568905910882,-0.4798325780809902
2024-07-30,178.0,179.49000549316406,172.5800018310547,174.3800048828125,1168300,TEAM,176.1125030517578,177.22639923663283,179.49000549316406,172.5800018310547,170.78987037658692,182.13308784484863,0.8836963178474377,1.4720647760423582,-0.5883684581949205
2024-07-31,178.47000122070312,178.69000244140625,174.96499633789062,176.57000732421875,1178800,TEAM,177.1737518310547,176.6694511441953,178.69000244140625,174.96499633789062,170.71679542541503,181.8993003463745,0.8480484105988637,1.3472615029536594,-0.4992130923547957
2024-08-01,176.72999572753906,179.19000244140625,170.11000061035156,173.24000549316406,2384800,TEAM,174.81750106811523,176.921601487625,179.19000244140625,170.11000061035156,170.624595413208,181.57578788757326,0.5448135974784236,1.1867719218586124,-0.6419583243801887
2024-08-02,152.6699981689453,154.67999267578125,141.2100067138672,143.67999267578125,8355900,TEAM,148.05999755859375,175.86955127787013,175.86955127787013,141.2100067138672,170.01774528503418,180.92741287231445,-2.057035937805807,0.5380103499257285,-2.5950462877315355
2024-08-05,136.69000244140625,149.55999755859375,135.2899932861328,142.85000610351562,4177300,TEAM,141.0974998474121,161.96477441823194,161.96477441823194,135.2899932861328,169.3121452331543,180.17800037384032,-4.138289791011999,-0.3972496782618171,-3.7410401127501824
2024-08-06,143.7899932861328,143.7899932861328,139.42999267578125,139.85000610351562,2630500,TEAM,141.71499633789062,151.53113713282204,151.53113713282204,139.42999267578125,168.64998023986817,179.47962532043456,-5.961058025962586,-1.510011347801971,-4.4510466781606155
2024-08-07,142.08999633789062,145.3000030517578,137.33999633789062,137.41000366210938,2635900,TEAM,140.5349998474121,146.62306673535633,146.62306673535633,137.33999633789062,168.04008018493653,178.8398003387451,-7.515864581139027,-2.7111819944693822,-4.804682586669645
2024-08-08,139.0,140.1699981689453,136.83999633789062,138.7899932861328,1526800,TEAM,138.6999969482422,143.57903329138423,143.57903329138423,136.83999633789062,167.48273010253905,178.24540031433105,-8.538282344319413,-3.8766020644393886,-4.661680279880024
2024-08-09,138.3300018310547,142.75999450683594,137.27000427246094,141.42999267578125,1534200,TEAM,139.9474983215332,141.1395151198132,142.75999450683594,137.27000427246094,167.0173551940918,177.67842533111573,-9.031421297559206,-4.907565911063352,-4.123855386495854
2024-08-12,140.7899932861328,142.38999938964844,139.52000427246094,140.5500030517578,3059800,TEAM,140.8125,140.5435067206732,142.38999938964844,139.52000427246094,166.600555267334,177.1446378326416,-9.385060147768229,-5.803064758404328,-3.581995389363901
2024-08-13,141.33999633789062,146.1699981689453,139.22999572753906,143.1999969482422,3865900,TEAM,142.4849967956543,140.67800336033662,146.1699981689453,139.22999572753906,166.28730514526367,176.61643779754638,-9.343779846101114,-6.511207775943685,-2.832572070157429
2024-08-14,142.32000732421875,145.33999633789062,142.32000732421875,143.5,2110300,TEAM,143.37000274658203,141.58150007799546,145.33999633789062,141.58150007799546,165.9862052154541,176.0632978439331,-9.181024040425683,-7.045171028840085,-2.1358530115855983
2024-08-15,145.10000610351562,147.2899932861328,144.85000610351562,146.8300018310547,2072600,TEAM,146.0175018310547,142.47575141228873,147.2899932861328,142.47575141228873,165.73205528259277,175.58148536682128,-8.683240581759094,-7.372784939423887,-1.3104556423352065
2024-08-16,146.0800018310547,154.74000549316406,145.8800048828125,154.2100067138672,2503500,TEAM,150.2275047302246,144.2466266216717,154.74000549316406,144.2466266216717,165.57440528869628,175.16167289733886,-7.605566649624876,-7.419341281464085,-0.18622536816079105
2024-08-19,154.2100067138672,159.07000732421875,152.7899932861328,159.0,2052600,TEAM,156.2675018310547,147.23706567594814,159.07000732421875,147.23706567594814,165.48125526428223,174.78972290039061,-6.292454370573239,-7.193963899285916,0.9015095287126771
2024-08-20,158.39999389648438,158.6199951171875,154.41000366210938,156.2899932861328,1880200,TEAM,156.92999649047852,151.75228375350142,158.6199951171875,151.75228375350142,165.37870513916016,174.42738536834716,-5.4081366889971605,-6.8367984572281655,1.428661768231005
2024-08-21,156.2899932861328,158.39999389648438,155.60000610351562,158.33999633789062,1407900,TEAM,157.15749740600586,154.34114012198995,158.39999389648438,154.34114012198995,165.2654051208496,174.06183532714843,-4.490131006265983,-6.36746496703573,1.8773339607697466
2024-08-22,156.64999389648438,161.1199951171875,154.91000366210938,155.8699951171875,1292600,TEAM,157.1374969482422,155.7493187639979,161.1199951171875,154.91000366210938,165.15853004455568,173.68998531341552,-3.9167633350510584,-5.877324640638796,1.9605613055877376
2024-08-23,158.27999877929688,160.27000427246094,155.85000610351562,160.0,1307700,TEAM,158.60000228881836,156.44340785612005,160.27000427246094,155.85000610351562,165.042705078125,173.3415727996826,-3.0934490910537136,-5.32054953072178,2.2271004396680665
2024-08-26,160.33999633789062,165.97999572753906,160.33999633789062,165.02000427246094,1973600,TEAM,162.9199981689453,157.52170507246922,165.97999572753906,157.52170507246922,165.11265495300293,173.01511028289795,-2.0126931563175674,-4.658978255840938,2.6462850995233707
2024-08-27,164.08999633789062,166.88999938964844,163.85000610351562,164.32000732421875,1503600,TEAM,164.78750228881836,160.22085162070726,166.88999938964844,160.22085162070726,165.23801498413087,172.70961029052734,-1.198850591853386,-3.966952723043428,2.768102131190042
2024-08-28,163.0,163.8699951171875,159.93499755859375,161.94000244140625,1585300,TEAM,162.18624877929688,162.5041769547628,163.8699951171875,159.93499755859375,165.34611503601073,172.38561031341553,-0.7374204753966467,-3.321046273514072,2.583625798117425
2024-08-29,163.17999267578125,169.72000122070312,163.17999267578125,167.4499969482422,1198700,TEAM,165.88249588012695,162.34521286702983,169.72000122070312,162.34521286702983,165.57701499938966,172.0740477371216,0.07204622009794548,-2.6424277747916687,2.714473994889614
2024-08-30,167.83999633789062,168.30999755859375,165.38999938964844,165.60000610351562,1428700,TEAM,166.7849998474121,164.1138543735784,168.30999755859375,164.1138543735784,165.80691497802735,171.71284774780273,0.5578451167596938,-2.0023731964813964,2.5602183132410903
2024-09-03,163.25,165.49000549316406,162.4199981689453,163.8000030517578,1514500,TEAM,163.7400016784668,165.44942711049526,165.49000549316406,162.4199981689453,165.87286499023438,171.3358727645874,0.7885095915908096,-1.4441966388669554,2.232706230457765
2024-09-04,161.2899932861328,165.38999938964844,160.64999389648438,162.3000030517578,1539900,TEAM,162.40749740600586,164.59471439448103,165.38999938964844,160.64999389648438,165.85511489868165,170.82229774475098,0.8405856377793839,-0.9872401835376876,1.8278258213170715
2024-09-05,160.0,162.6999969482422,159.10000610351562,161.89999389648438,1743600,TEAM,160.92499923706055,163.50110590024343,163.50110590024343,159.10000610351562,165.75296485900878,170.34279773712157,0.8398970731158215,-0.6218127322069859,1.4617098053228075
2024-09-06,162.49000549316406,165.3699951171875,159.0,161.30999755859375,1947400,TEAM,162.04249954223633,162.213052568652,165.3699951171875,159.0,165.60846488952637,169.96512271881105,0.7827208878284182,-0.3409060081999051,1.1236268960283233
2024-09-09,162.63999938964844,165.83999633789062,161.97999572753906,162.69000244140625,1339900,TEAM,163.2874984741211,162.12777605544414,165.83999633789062,161.97999572753906,165.41176483154297,169.66599769592284,0.839090694704197,-0.10490666761908467,0.9439973623232816
2024-09-10,163.7100067138672,163.7100067138672,157.94000244140625,162.25,1466000,TEAM,161.90250396728516,162.70763726478262,163.7100067138672,157.94000244140625,165.14131484985353,169.3257976913452,0.8385928763356674,0.08379324117186575,0.7547996351638017
2024-09-11,163.00999450683594,167.1999969482422,161.38999938964844,166.10000610351562,1364900,TEAM,164.42499923706055,162.3050706160339,167.1999969482422,161.38999938964844,164.8921647644043,169.0139476776123,1.1357692277366596,0.2941884384848245,0.841580789251835
2024-09-12,166.35000610351562,168.6699981689453,165.31500244140625,165.69000244140625,1077200,TEAM,166.50625228881836,163.36503492654722,168.6699981689453,163.36503492654722,164.5660147857666,168.75536018371582,1.3229496185778942,0.49994067450343843,0.8230089440744557
2024-09-13,165.77999877929688,166.3699951171875,162.80999755859375,163.74000549316406,1708600,TEAM,164.67499923706055,164.93564360768278,166.3699951171875,162.80999755859375,164.20251487731935,168.4706601715088,1.2989692609033625,0.6597463917834233,0.6392228691199392
2024-09-16,163.5500030517578,165.75,162.9949951171875,165.14999389648438,1411500,TEAM,164.36124801635742,164.80532142237166,165.75,162.9949951171875,163.79747482299805,168.1418726348877,1.3778558702733221,0.8033682874814031,0.574487582791919
2024-09-17,159.875,162.0,154.0709991455078,155.82000732421875,3328500,TEAM,157.94150161743164,164.58328471936454,164.58328471936454,154.0709991455078,163.29140487670898,167.7272626876831,0.6796871240402993,0.7786320547931824,-0.09894493075288313
2024-09-18,156.67999267578125,163.30999755859375,156.00999450683594,159.83999633789062,2445500,TEAM,158.9599952697754,161.2623931683981,163.30999755859375,156.00999450683594,162.86945487976075,167.35476261138916,0.4456259806573257,0.7120308399660111,-0.2664048593086854
2024-09-19,163.07000732421875,166.8800048828125,161.10000610351562,163.10000610351562,1963000,TEAM,163.53750610351562,160.11119421908674,166.8800048828125,160.11119421908674,162.64120498657226,167.1940752029419,0.5172241432913722,0.6730695006310834,-0.15584535733971117
2024-09-20,163.11000061035156,163.9199981689453,161.52000427246094,163.0800018310547,2362100,TEAM,162.90750122070312,161.8243501613012,163.9199981689453,161.52000427246094,162.33265495300293,167.0355502319336,0.5658294952067138,0.6516214995462095,-0.08579200433949574
2024-09-23,163.69000244140625,164.1269989013672,160.82400512695312,161.97999572753906,1291600,TEAM,162.6552505493164,162.36592569100216,164.1269989013672,160.82400512695312,161.99741004943849,166.92647773742675,0.5097126373647143,0.6232397271099105,-0.11352708974519621
2024-09-24,161.77000427246094,165.15499877929688,161.00999450683594,162.6199951171875,2233700,TEAM,162.6387481689453,162.5105881201593,165.15499877929688,161.00999450683594,161.6369100189209,166.82105270385742,0.5109918295417799,0.6007901475962844,-0.08979831805450444
2024-09-25,161.85000610351562,163.7899932861328,160.4499969482422,161.89999389648438,1723100,TEAM,161.99749755859375,162.5746681445523,163.7899932861328,160.4499969482422,161.23881004333495,166.625602684021,0.4487347821082608,0.5703790744986796,-0.12164429239041885
2024-09-26,163.99000549316406,164.6750030517578,160.75,163.13999938964844,1350600,TEAM,163.13875198364258,162.28608285157304,164.6750030517578,160.75,160.8685851287842,166.40369018554688,0.4937619235211912,0.555055644303182,-0.0612937207819908
2024-09-27,163.99000549316406,163.99000549316406,160.41000366210938,161.22000122070312,1428700,TEAM,162.40250396728516,162.7124174176078,163.99000549316406,160.41000366210938,160.5482851409912,166.19429019927978,0.3702504348146647,0.5180946024054786,-0.14784416759081387
2024-09-30,161.1300048828125,162.23500061035156,157.9499969482422,158.80999755859375,1165900,TEAM,160.03125,162.55746069244648,162.55746069244648,157.9499969482422,160.23401008605958,165.97035274505615,0.0770117918727351,0.4298780402989299,-0.3528662484261948
2024-10-01,163.22999572753906,163.3800048828125,155.3699951171875,161.4199981689453,2568500,TEAM,160.8499984741211,161.29435534622326,163.3800048828125,155.3699951171875,159.917260055542,165.7793276977539,0.054593965984764736,0.3548212254360969,-0.30022725945133216
2024-10-02,161.9199981689453,162.625,159.02499389648438,160.24000549316406,926500,TEAM,160.95249938964844,161.07217691017217,162.625,159.02499389648438,159.68256004333497,165.58782768249512,-0.05772248103804145,0.27231248414126924,-0.3300349651793107
2024-10-03,158.0,161.19000244140625,157.7899932861328,160.44000244140625,974500,TEAM,159.35499954223633,161.0123381499103,161.19000244140625,157.7899932861328,159.4611600494385,165.37727767944335,-0.12910771880538618,0.19202844355193815,-0.32113616235732434
2024-10-04,162.0,171.83999633789062,161.0800018310547,171.0,1916500,TEAM,166.47999954223633,160.18366884607332,171.83999633789062,160.18366884607332,159.28401000976564,165.2235776901245,0.6588279567781683,0.28538834619718423,0.37343961058098407
2024-10-07,170.24000549316406,171.3000030517578,167.25,167.52999877929688,1673500,TEAM,169.0800018310547,163.33183419415482,171.3000030517578,163.33183419415482,159.1092099761963,165.07625267028808,0.9918392524439241,0.42667852744653223,0.5651607249973919
2024-10-08,167.17999267578125,170.89999389648438,165.9199981689453,168.02000427246094,1399100,TEAM,168.00499725341797,166.20591801260474,170.89999389648438,165.9199981689453,158.89860984802246,164.9069401168823,1.280531284087516,0.597449078774729,0.6830822053127871
2024-10-09,168.02000427246094,177.6300048828125,168.02000427246094,177.10000610351562,1904100,TEAM,172.6925048828125,167.10545763301135,177.6300048828125,167.10545763301135,158.83020988464355,164.81004013061522,2.2164521810537963,0.9212496992305425,1.295202481823254
2024-10-10,176.72999572753906,184.52999877929688,175.58999633789062,184.0,2056100,TEAM,180.21249771118164,169.89898125791194,184.52999877929688,169.89898125791194,158.8909848022461,164.80389011383056,3.47489168829901,1.4319780970442362,2.042913591254774
2024-10-11,185.5,192.31399536132812,185.3699951171875,187.05999755859375,2969600,TEAM,187.56099700927734,175.0557394845468,192.31399536132812,175.0557394845468,159.14585472106933,164.88522506713866,4.665351031261594,2.0786526838877077,2.586698347373886
2024-10-14,189.80999755859375,196.25,189.35000610351562,194.0,3627600,TEAM,192.35250091552734,181.30836824691207,196.25,181.30836824691207,160.031704788208,165.0247250366211,6.098499132540894,2.8826219736183454,3.2158771589225488
2024-10-15,193.0,195.61000061035156,190.27000427246094,190.88999938964844,1849400,TEAM,192.44250106811523,186.83043458121972,195.61000061035156,186.83043458121972,161.05860481262206,165.1853750228882,6.903746181634347,3.686846815221546,3.2168993664128007
2024-10-16,191.89999389648438,193.0,187.24000549316406,189.35000610351562,1626600,TEAM,190.37250137329102,189.63646782466748,193.0,187.24000549316406,162.03175491333008,165.34086757659912,7.3331141068834995,4.416100273553937,2.9170138333295625
2024-10-17,191.1999969482422,191.66900634765625,186.1199951171875,188.5,1213300,TEAM,189.37224960327148,190.00448459897925,191.66900634765625,186.1199951171875,163.00849990844728,165.5242900466919,7.5181384718907225,5.036507913221294,2.481630558669428
2024-10-18,188.7899932861328,193.8800048828125,186.52999877929688,191.6999969482422,1503500,TEAM,190.2249984741211,189.68836710112538,193.8800048828125,186.52999877929688,164.03899993896485,165.76086502075196,7.8326942013499945,5.595745170847034,2.2369490305029602
2024-10-21,190.3000030517578,193.69000244140625,189.80999755859375,192.8300018310547,1731300,TEAM,191.65750122070312,189.95668278762324,193.69000244140625,189.80999755859375,165.07319999694823,166.04527759552002,8.080022365209402,6.092600609719508,1.987421755489894
2024-10-22,190.83999633789062,195.9499969482422,190.35000610351562,193.8699951171875,1537200,TEAM,192.75249862670898,190.80709200416317,195.9499969482422,190.35000610351562,166.1119999694824,166.3562776184082,8.264680392594641,6.5270165662945345,1.737663826300107
2024-10-23,191.7899932861328,192.86000061035156,186.98500061035156,188.75999450683594,1341700,TEAM,190.09874725341797,191.77979531543608,192.86000061035156,186.98500061035156,167.06427497863768,166.6757900619507,7.9075357170126495,6.803120396438158,1.1044153205744918
2024-10-24,188.0,191.75,187.3699951171875,189.35000610351562,1403900,TEAM,189.11750030517578,190.93927128442704,191.75,187.3699951171875,167.97922492980956,166.98271507263183,7.584673597508186,6.9594310366521634,0.6252425608560221
2024-10-25,190.5399932861328,192.97000122070312,188.22999572753906,188.72999572753906,1585400,TEAM,190.11749649047852,190.0283857948014,192.97000122070312,188.22999572753906,168.86122482299805,167.2966400527954,7.195824401550624,7.006709709631856,0.18911469191876762
2024-10-28,190.0,190.30999755859375,187.75,188.66000366210938,1429600,TEAM,189.18000030517578,190.07294114263996,190.30999755859375,187.75,169.64027473449707,167.60734001159668,6.803583363583215,6.9660844404221285,-0.16250107683891368
2024-10-29,190.0,193.3000030517578,187.5749969482422,191.74000549316406,1828400,TEAM,190.65375137329102,189.62647072390786,193.3000030517578,187.5749969482422,170.32799972534178,167.90462749481202,6.664436447270276,6.905754841791758,-0.24131839452148185
2024-10-30,190.33999633789062,194.9429931640625,190.25999450683594,190.44000244140625,1978800,TEAM,191.49574661254883,190.14011104859944,194.9429931640625,190.14011104859944,171.0193147277832,168.19900993347167,6.375766267143888,6.799757126862184,-0.4239908597182964
2024-10-31,190.36000061035156,191.33999633789062,187.63999938964844,188.5399932861328,3718600,TEAM,189.46999740600586,190.81792883057415,191.33999633789062,187.63999938964844,171.6655647277832,168.4654849243164,5.925374184662445,6.624880538422237,-0.6995063537597916
2024-11-01,225.4499969482422,229.16000366210938,214.69000244140625,224.35000610351562,9591100,TEAM,223.41250228881836,190.14396311829,229.16000366210938,190.14396311829,172.99106483459474,169.0747974395752,8.361616462342425,6.972227723206275,1.3893887391361508
2024-11-04,216.64999389648438,221.3800048828125,215.0,218.9600067138672,3569900,TEAM,217.99750137329102,206.77823270355418,221.3800048828125,206.77823270355418,174.17901481628417,169.6108599472046,9.745092751808158,7.526800728926652,2.2182920228815064
2024-11-05,218.3300018310547,222.39999389648438,214.88999938964844,221.5800018310547,2935500,TEAM,219.29999923706055,212.3878670384226,222.39999389648438,212.3878670384226,175.3066148376465,170.2096348953247,10.926960193053446,8.206832621752012,2.7201275713014343
2024-11-06,223.99000549316406,228.25,221.49000549316406,225.57000732421875,2422900,TEAM,224.82500457763672,215.84393313774157,228.25,215.84393313774157,176.50736488342284,170.87268993377685,12.046691986155508,8.974804494632712,3.071887491522796
2024-11-07,225.75,236.27499389648438,225.75,233.9600067138672,2725400,TEAM,230.4337501525879,220.33446885768916,236.27499389648438,220.33446885768916,177.87231491088866,171.6092149734497,13.455978191479176,9.871039234002005,3.5849389574771706
2024-11-08,233.88999938964844,238.2899932861328,231.8300018310547,237.8000030517578,2514400,TEAM,235.45249938964844,225.38410950513853,238.2899932861328,225.38410950513853,179.2637149810791,172.42036499023436,14.713099818712863,10.839451350944177,3.8736484677686853
2024-11-11,238.0,247.14999389648438,237.8000030517578,245.85000610351562,3006900,TEAM,242.20000076293945,230.4183044473935,247.14999389648438,230.4183044473935,180.77201499938965,173.2894649887085,16.172519002939737,11.90606488134329,4.266454121596446
2024-11-12,242.00999450683594,248.59300231933594,241.92999267578125,245.27999877929688,2267300,TEAM,244.4532470703125,236.30915260516647,248.59300231933594,236.30915260516647,182.38627990722657,174.12957244873047,17.086165711123527,12.942085047299338,4.144080663824189
2024-11-13,245.0,255.00999450683594,244.3000030517578,252.77999877929688,2565200,TEAM,249.27249908447266,240.38119983773947,255.00999450683594,240.38119983773947,184.1235799407959,174.98934741973878,18.205562240770405,13.994780485993552,4.210781754776853
2024-11-14,250.1199951171875,256.3900146484375,248.72999572753906,249.99000549316406,2784200,TEAM,251.30750274658203,244.82684946110606,256.3900146484375,244.82684946110606,185.93123001098633,175.84209743499756,18.652547952103987,14.92633397921564,3.726213972888347
2024-11-15,244.72999572753906,247.57000732421875,238.3800048828125,240.0399932861328,2278900,TEAM,242.68000030517578,248.06717610384405,248.06717610384405,238.3800048828125,187.54398002624512,176.57622245788573,17.99645261595424,15.540357706563361,2.4560949093908793
2024-11-18,239.3000030517578,242.02000427246094,236.67999267578125,238.69000244140625,2227500,TEAM,239.17250061035156,245.37358820450993,245.37358820450993,236.67999267578125,189.06168006896974,177.23672245025634,17.169638451973213,15.866213855645332,1.303424596327881
2024-11-19,238.3800048828125,248.00999450683594,235.52999877929688,247.72999572753906,2677900,TEAM,242.4124984741211,242.27304440743075,248.00999450683594,235.52999877929688,190.67187995910643,177.90659740447998,17.047323247155674,16.102435733947402,0.9448875132082719
2024-11-20,247.3300018310547,249.9199981689453,241.82000732421875,245.4499969482422,1516300,TEAM,246.13000106811523,242.34277144077592,249.9199981689453,241.82000732421875,192.30597999572754,178.5990723800659,16.575340511731866,16.197016689504295,0.3783238222275713
2024-11-21,246.4499969482422,255.8699951171875,246.4499969482422,253.97000122070312,2142400,TEAM,250.68499755859375,244.23638625444556,255.8699951171875,244.23638625444556,193.98955490112306,179.27778484344483,16.6963191594254,16.296877183488515,0.3994419759368846
2024-11-22,254.99000549316406,262.0,253.25999450683594,260.5799865722656,2162000,TEAM,257.7074966430664,247.46069190651966,262.0,247.46069190651966,195.85020484924317,180.02635986328124,17.12812383555581,16.463126513901976,0.6649973216538356
2024-11-25,262.0199890136719,269.3999938964844,260.0,261.0,2698900,TEAM,263.10499572753906,252.58409427479302,269.3999938964844,252.58409427479302,197.8250798034668,180.8112773132324,17.304745392735867,16.631450289668756,0.6732951030671117
2024-11-26,261.489990234375,264.6300048828125,260.2099914550781,262.2300109863281,1345700,TEAM,262.13999938964844,257.844545001166,264.6300048828125,257.844545001166,199.90904975891112,181.60022731781007,17.344039564447456,16.773968144624497,0.5700714198229591
2024-11-27,262.0,263.69000244140625,258.0,262.4599914550781,1422900,TEAM,261.5374984741211,259.9922721954072,263.69000244140625,258.0,201.96059982299803,182.4150273513794,17.195518744185023,16.858278264536604,0.3372404796484183
2024-11-29,262.4100036621094,265.8900146484375,261.8399963378906,263.5799865722656,828400,TEAM,263.4300003051758,260.76488533476413,265.8900146484375,260.76488533476413,203.95844970703126,183.29982734680175,16.972540290431,16.881130669715485,0.09140962071551328
2024-12-02,263.0,267.6099853515625,262.8450012207031,265.8800048828125,1144200,TEAM,264.83374786376953,262.09744281996996,267.6099853515625,262.09744281996996,205.99697463989258,184.16481479644776,16.787900053255015,16.862484546423392,-0.07458449316837701
2024-12-03,265.0,269.3900146484375,264.0,268.3599853515625,1389200,TEAM,266.6875,263.46559534186974,269.3900146484375,263.46559534186974,208.07761962890626,185.03751483917236,16.649756998236768,16.819939036786067,-0.17018203854929936
2024-12-04,275.18499755859375,287.9700012207031,268.29998779296875,287.5,3098100,TEAM,279.7387466430664,265.0765476709349,287.9700012207031,265.0765476709349,210.41961959838866,186.0282648086548,17.878623214855793,17.03167587240001,0.8469473424557812
2024-12-05,283.95001220703125,285.375,276.0,276.7200012207031,1821100,TEAM,280.5112533569336,272.4076471570006,285.375,272.4076471570006,212.78989471435546,187.01435237884522,17.777722220241856,17.180885141968382,0.5968370782734738
2024-12-06,279.30999755859375,280.8800048828125,276.739990234375,278.5,2452600,TEAM,278.8574981689453,276.4594502569671,280.8800048828125,276.4594502569671,215.1042696380615,187.98642738342286,17.63806781403244,17.272321676381196,0.365746137651243
2024-12-09,279.75,281.6579895019531,272.3299865722656,273.1400146484375,2330300,TEAM,276.71949768066406,277.6584742129562,281.6579895019531,272.3299865722656,217.3906095123291,188.96944732666014,16.900071167857334,17.197871574676427,-0.2978004068190927
2024-12-10,273.0,276.7900085449219,264.3399963378906,266.45001220703125,2381200,TEAM,270.14500427246094,277.18898594681013,277.18898594681013,264.3399963378906,219.59288459777832,189.91344734191895,15.595599855239243,16.87741723078899,-1.2818173755497462
2024-12-11,269.45001220703125,274.95001220703125,267.0199890136719,274.6499938964844,1738400,TEAM,271.5175018310547,273.66699510963554,274.95001220703125,267.0199890136719,221.80623466491699,190.8617473602295,15.049980131346814,16.511929810900554,-1.4619496795537401
2024-12-12,271.75,279.80999755859375,271.75,279.17999267578125,1408600,TEAM,275.62249755859375,272.5922484703451,279.80999755859375,271.75,224.0996346282959,191.89109733581543,14.812357969593279,16.1720154426391,-1.3596574730458215
2024-12-13,276.54998779296875,279.8999938964844,274.5799865722656,278.6499938964844,1528500,TEAM,277.4199905395508,274.10737301446943,279.8999938964844,274.10737301446943,226.4609344482422,192.96104724884034,14.415105855117758,15.820633525134832,-1.405527670017074
2024-12-16,276.2900085449219,280.44000244140625,274.8500061035156,278.0899963378906,1256800,TEAM,277.4175033569336,275.7636817770101,280.44000244140625,274.8500061035156,228.67968452453613,193.98184726715087,13.894921562975696,15.435491132703007,-1.5405695697273103
2024-12-17,277.2099914550781,278.92498779296875,269.43499755859375,269.7900085449219,2849700,TEAM,273.8399963378906,276.59059256697185,278.92498779296875,269.43499755859375,230.77488441467284,194.94204719543458,12.666915794331544,14.881776065028715,-2.214860270697171
2024-12-18,269.30999755859375,270.2749938964844,249.6199951171875,250.19000244140625,3544700,TEAM,259.84874725341797,275.21529445243124,275.21529445243124,249.6199951171875,232.61175941467286,195.75518463134765,9.996917445462827,13.904804341115538,-3.9078868956527106
2024-12-19,255.57000732421875,259.1499938964844,249.39999389648438,251.22999572753906,2026000,TEAM,253.83749771118164,267.5320208529246,267.5320208529246,249.39999389648438,234.23465927124025,196.5324345779419,7.874075839454235,12.698658640783279,-4.8245828013290435
2024-12-20,247.0800018310547,257.80499267578125,246.00999450683594,257.260009765625,3001700,TEAM,252.03874969482422,260.6847592820531,260.6847592820531,246.00999450683594,235.67118431091308,197.2810845565796,6.602174551865119,11.479361822999648,-4.877187271134529
2024-12-23,259.489990234375,259.489990234375,250.3699951171875,251.39999389648438,1559600,TEAM,255.18749237060547,256.3617544884387,259.489990234375,250.3699951171875,237.02371421813965,198.0847844696045,5.062966584257083,10.196082775251135,-5.133116190994052
2024-12-24,252.69000244140625,257.7200012207031,251.02000427246094,257.489990234375,844500,TEAM,254.72999954223633,255.77462342952208,257.7200012207031,251.02000427246094,238.27126419067383,199.15148448944092,4.285148464689314,9.013895913138771,-4.728747448449457
2024-12-26,255.0,256.8999938964844,254.19000244140625,254.24000549316406,1627300,TEAM,255.08250045776367,255.2523114858792,256.8999938964844,254.19000244140625,239.5240641784668,200.29133449554445,3.367655161288212,7.88464776276866,-4.516992601480448
2024-12-27,253.66000366210938,253.66000366210938,247.55999755859375,250.11000061035156,934000,TEAM,251.24750137329102,255.16740597182144,255.16740597182144,247.55999755859375,240.7415641784668,201.38665954589842,2.2809844610055166,6.763915102416032,-4.4829306414105154
2024-12-30,246.22999572753906,248.86000061035156,243.38999938964844,247.10000610351562,799100,TEAM,246.39500045776367,253.20745367255623,253.20745367255623,243.38999938964844,241.88201919555664,202.44525955200194,1.1634966358967915,5.643831409112185,-4.480334773215393
2024-12-31,248.25,248.77000427246094,241.51499938964844,243.3800048828125,1146600,TEAM,245.47875213623047,249.80122706515994,249.80122706515994,241.51499938964844,242.98709426879884,203.51304710388183,-0.022039468456995337,4.510657233598349,-4.532696702055344
2025-01-02,244.52999877929688,246.3699951171875,239.9199981689453,242.38999938964844,2096300,TEAM,243.30249786376953,247.6399896006952,247.6399896006952,239.9199981689453,244.01999420166015,204.5465970993042,-1.0296019317961793,3.4026054005194433,-4.432207332315622
2025-01-03,244.50999450683594,251.0,242.88999938964844,250.27000427246094,2125200,TEAM,247.16749954223633,245.47124373223238,251.0,242.88999938964844,245.1082942199707,205.61014709472656,-1.1786649886974487,2.486351322676065,-3.6650163113735137
2025-01-06,255.25,259.5,251.42999267578125,254.6300048828125,2586000,TEAM,255.20249938964844,246.31937163723435,259.5,246.31937163723435,246.41036926269533,206.7373221206665,-0.9342138878518824,1.8022382805704755,-2.7364521684223577
2025-01-07,259.7200012207031,262.1099853515625,246.58999633789062,247.85000610351562,1599300,TEAM,254.06749725341797,250.76093551344138,262.1099853515625,246.58999633789062,247.70936920166017,207.84429706573485,-1.2729006614597722,1.187210492164426,-2.460111153624198
2025-01-08,245.3699951171875,248.5449981689453,239.9600067138672,244.49000549316406,1659500,TEAM,244.59125137329102,252.41421638342968,252.41421638342968,239.9600067138672,248.7988442993164,208.83003456115722,-1.791781793044322,0.5914120351226764,-2.3831938281669984
2025-01-10,248.27999877929688,248.5800018310547,241.42999267578125,242.38999938964844,1809100,TEAM,245.1699981689453,248.50273387836035,248.5800018310547,241.42999267578125,249.9186442565918,209.77945949554444,-2.345415282822131,0.0040465715337148975,-2.349461854355846
2025-01-13,238.38999938964844,239.7899932861328,235.44000244140625,236.24000549316406,1091700,TEAM,237.4650001525879,246.83636602365283,246.83636602365283,235.44000244140625,250.85486923217775,210.59143447875977,-3.243043139400953,-0.6453713706532188,-2.5976717687477344
2025-01-14,239.72999572753906,247.3300018310547,238.41000366210938,246.39999389648438,2049600,TEAM,242.96749877929688,242.15068308812036,247.3300018310547,238.41000366210938,251.8843042755127,211.45180950164794,-3.0988716656363238,-1.13607142964984,-1.9628002359864838
2025-01-15,255.02000427246094,258.7799987792969,248.0850067138672,250.02999877929688,1713600,TEAM,252.97875213623047,242.5590909337086,258.7799987792969,242.5590909337086,253.1544793701172,212.4100220489502,-2.661028991372575,-1.4410629419943872,-1.2199660493781879
2025-01-16,255.16000366210938,256.32000732421875,252.5399932861328,254.25,1819100,TEAM,254.56750106811523,247.76892153496954,256.32000732421875,247.76892153496954,253.77757934570312,213.3843220901489,-1.9510264683876812,-1.5430556472730461,-0.4079708211146351
2025-01-17,259.8500061035156,259.8500061035156,251.49000549316406,252.36000061035156,1192500,TEAM,255.88750457763672,251.16821130154239,259.8500061035156,251.16821130154239,254.53537940979004,214.3571971130371,-1.5232919476348457,-1.5391029073454061,0.015810959710560457
2025-01-21,254.0399932861328,257.8500061035156,252.0500030517578,256.19000244140625,1153300,TEAM,255.03250122070312,253.52785793958955,257.8500061035156,252.0500030517578,255.2500294494629,215.27832214355467,-0.865285644879549,-1.4043394548522348,0.5390538099726858
2025-01-22,260.3500061035156,261.20001220703125,257.45001220703125,260.8500061035156,1341300,TEAM,259.96250915527344,254.28017958014635,261.20001220703125,254.28017958014635,255.95277954101562,216.23007221221923,0.0318453476454863,-1.1171024943526906,1.148947841998177
2025-01-23,261.6600036621094,269.3800048828125,258.635009765625,265.70001220703125,1787000,TEAM,263.84375762939453,257.12134436770987,269.3800048828125,257.12134436770987,256.62097969055174,217.2466473007202,1.1212579187344716,-0.6694304117352582,1.7906883304697296
2025-01-24,267.4100036621094,271.5299987792969,264.0299987792969,264.80999755859375,1143300,TEAM,266.9449996948242,260.4825509985522,271.5299987792969,260.4825509985522,257.2508296966553,218.25727233886718,1.8910100988435374,-0.1573423096194991,2.0483524084630367
2025-01-27,262.5899963378906,277.1499938964844,260.45001220703125,268.0,2005100,TEAM,267.04750061035156,263.7137753466882,277.1499938964844,260.45001220703125,257.7477796936035,219.2598973464966,2.7270154478293023,0.4195292418702612,2.307486205959041
2025-01-28,266.0199890136719,282.0,264.8999938964844,274.7099914550781,2529900,TEAM,271.9074935913086,265.38063797851987,282.0,264.8999938964844,258.29686462402344,220.341572265625,3.886198268119756,1.1128630471201602,2.773335220999596
2025-01-29,273.489990234375,274.7699890136719,266.2300109863281,271.3299865722656,1652500,TEAM,271.45499420166016,268.64406578491423,274.7699890136719,266.2300109863281,258.7405145263672,221.43204723358156,4.480472757546124,1.7863849892053532,2.694087768340771
2025-01-30,264.6499938964844,270.8699951171875,262.3800048828125,266.95001220703125,4077000,TEAM,266.2125015258789,270.0495299932872,270.8699951171875,262.3800048828125,259.03861450195313,222.48492225646973,4.545613245681466,2.338230640500576,2.20738260518089
2025-01-31,320.510009765625,324.3699951171875,300.7900085449219,306.7799987792969,8332700,TEAM,313.1125030517578,268.1310157595831,324.3699951171875,268.1310157595831,260.44726455688476,223.99562229156493,7.722168246473302,3.415018161695121,4.307150084778181
2025-02-03,299.1099853515625,315.6700134277344,296.0,311.3999938964844,3125100,TEAM,305.5449981689453,290.62175940567045,315.6700134277344,290.62175940567045,261.77471450805666,225.41819728851317,10.491466866168764,4.830307902589849,5.661158963578915
2025-02-04,310.80999755859375,322.0,310.4700012207031,316.7300109863281,1928200,TEAM,315.00250244140625,298.0833787873079,322.0,298.0833787873079,263.22651458740233,226.94919727325438,12.966770944422876,6.457600510956455,6.509170433466421
2025-02-05,316.739990234375,321.5249938964844,314.4389953613281,320.79998779296875,1603200,TEAM,318.37599182128906,306.54294061435706,321.5249938964844,306.54294061435706,264.6714344024658,228.48870719909667,15.083012791511578,8.18268296706748,6.900329824444098
2025-02-06,320.4100036621094,324.20001220703125,318.0140075683594,319.0,1406300,TEAM,320.406005859375,312.4594662178231,324.20001220703125,312.4594662178231,266.0658545684814,230.02770473480226,16.425562075215907,9.831258788697166,6.594303286518741
2025-02-07,320.45001220703125,322.5050048828125,312.92999267578125,314.2799987792969,1206000,TEAM,317.54125213623047,316.43273603859905,322.5050048828125,312.92999267578125,267.2625296783447,231.55636726379396,16.913706720623736,11.24774837508248,5.665958345541256
2025-02-10,319.8399963378906,326.0,316.5,322.94000244140625,2042100,TEAM,321.3199996948242,316.98699408741476,326.0,316.5,268.4268297576904,233.1259547805786,17.794233937557408,12.557045487577467,5.237188449979941
2025-02-11,318.4800109863281,324.1600036621094,314.80999755859375,315.0,1214600,TEAM,318.1125030517578,319.1534968911195,324.1600036621094,314.80999755859375,269.54627983093263,234.72766479492188,17.647931887834204,13.575222767628816,4.0727091202053884
2025-02-12,313.6300048828125,318.4949951171875,310.63800048828125,318.45001220703125,1225500,TEAM,315.3032531738281,318.63299997143866,318.63299997143866,310.63800048828125,270.62159492492674,236.2910973739624,17.60740639088732,14.381659492280518,3.2257468986068023
2025-02-13,318.45001220703125,320.8800048828125,313.7699890136719,316.0,1459900,TEAM,317.2750015258789,316.9681265726334,320.8800048828125,313.7699890136719,271.69849494934084,237.82847232818602,17.179558872309542,14.941239368286324,2.2383195040232184
2025-02-14,312.5799865722656,314.3500061035156,307.30999755859375,313.1000061035156,2882400,TEAM,311.83499908447266,317.12156404925616,317.12156404925616,307.30999755859375,272.6385199737549,239.31774730682372,16.417233709347443,15.236438236498548,1.180795472848894
2025-02-18,314.0,316.989990234375,308.79998779296875,315.44000244140625,2265700,TEAM,313.8074951171875,314.47828156686444,316.989990234375,308.79998779296875,273.5809198760986,240.82926975250246,15.81954579712226,15.353059748623291,0.46648604849896813
2025-02-19,311.2699890136719,315.0299987792969,302.5199890136719,303.7200012207031,2334500,TEAM,308.13499450683594,314.14288834202597,315.0299987792969,302.5199890136719,274.148844833374,242.28423221588136,14.23606319532712,15.129660437964057,-0.8935972426369378
2025-02-20,299.80999755859375,303.3299865722656,293.04998779296875,298.489990234375,1738700,TEAM,298.6699905395508,311.138941424431,311.138941424431,293.04998779296875,274.51201957702636,243.6509571456909,12.41599973124687,14.586928296620622,-2.1709285653737513
2025-02-21,296.8599853515625,298.6300048828125,283.4599914550781,285.989990234375,1717400,TEAM,291.23499298095703,304.9044659819909,304.9044659819909,283.4599914550781,274.7595694732666,244.93191955566405,9.85138021116984,13.639818679530466,-3.788438468360626
2025-02-24,286.19000244140625,286.7699890136719,274.70001220703125,284.05999755859375,1502300,TEAM,282.9300003051758,298.0697294814739,298.0697294814739,274.70001220703125,274.88377952575684,246.13719451904296,7.57583695251526,12.427022334127425,-4.851185381612165
2025-02-25,280.20001220703125,285.8550109863281,273.5400085449219,284.260009765625,1551700,TEAM,280.96376037597656,290.49986489332485,290.49986489332485,273.5400085449219,275.10015464782714,247.34651962280273,5.722624980597345,11.08614286342141,-5.363517882824064
2025-02-26,286.0,293.5299987792969,286.0,288.760009765625,2125100,TEAM,288.57250213623047,285.73181263465074,293.5299987792969,285.73181263465074,275.4412546539307,248.62374465942383,4.564437538432628,9.781801798423654,-5.217364259991026
2025-02-27,291.6099853515625,295.9100036621094,278.1499938964844,278.4800109863281,1480900,TEAM,286.0374984741211,287.1521573854406,295.9100036621094,278.1499938964844,275.6495546722412,249.87459465026856,2.7849524598875064,8.382431930716425,-5.597479470828919
2025-02-28,277.29998779296875,284.3500061035156,273.92999267578125,284.260009765625,2208300,TEAM,279.95999908447266,286.5948279297809,286.5948279297809,273.92999267578125,275.7003548431396,251.0806446456909,1.8201141675252757,7.069968378078196,-5.24985421055292
2025-03-03,284.69000244140625,287.260009765625,272.5,274.2200012207031,1641600,TEAM,279.6675033569336,283.27741350712677,287.260009765625,272.5,275.74535484313964,252.21251968383788,0.24253232613631326,5.70448116768982,-5.4619488415535065
2025-03-04,270.1000061035156,278.1099853515625,262.2699890136719,273.6199951171875,2119200,TEAM,271.0249938964844,281.4724584320302,281.4724584320302,262.2699890136719,275.6890547943115,253.23196960449218,-1.0440924789489827,4.354766438362059,-5.398858917311042
2025-03-05,273.8699951171875,277.2049865722656,269.0,276.7300109863281,1853200,TEAM,274.2012481689453,276.2487261642573,277.2049865722656,269.0,275.97610481262205,254.29393211364746,-1.7921409323584498,3.1253849642179574,-4.917525896576407
2025-03-06,268.69000244140625,271.4599914550781,249.5399932861328,250.66000366210938,2389700,TEAM,260.08749771118164,275.2249871666013,275.2249871666013,249.5399932861328,276.10110481262205,255.16788204193116,-4.437454225909164,1.6128171261925333,-6.0502713521016975
2025-03-07,249.6199951171875,251.0,229.19000244140625,238.86000061035156,3872600,TEAM,242.16749954223633,267.65624243889147,267.65624243889147,229.19000244140625,275.9036798095703,255.7874320602417,-7.400734636940626,-0.1898932264340987,-7.210841410506528
2025-03-10,230.5800018310547,231.10499572753906,212.97000122070312,215.88999938964844,4919700,TEAM,222.63624954223633,254.9118709905639,254.9118709905639,212.97000122070312,275.25265495300295,256.1381845855713,-11.470418992113196,-2.445998379569918,-9.024420612543278
2025-03-11,216.0800018310547,226.94000244140625,215.89999389648438,224.10000610351562,3751900,TEAM,220.75500106811523,238.7740602664001,238.7740602664001,215.89999389648438,274.5731549835205,256.42220958709714,-13.873271794722086,-4.731453062600352,-9.141818732121735
2025-03-12,231.0,233.1999969482422,224.38999938964844,226.44000244140625,2804100,TEAM,228.75749969482422,229.76453066725767,233.1999969482422,224.38999938964844,274.0466549682617,256.78535957336425,-15.411082438817886,-6.867378937843859,-8.543703500974026
2025-03-13,224.02000427246094,224.19000244140625,207.50999450683594,208.0,4236000,TEAM,215.93000030517578,229.26101518104093,229.26101518104093,207.50999450683594,273.34030494689944,257.0409345626831,-17.911292312693774,-9.076161612813843,-8.835130699879931
2025-03-14,214.3000030517578,221.24000549316406,212.69500732421875,218.44000244140625,3066900,TEAM,216.66875457763672,222.59550774310836,222.59550774310836,212.69500732421875,272.7457800292969,257.3138996124268,-18.8332082035933,-11.027570930969736,-7.805637272623565
2025-03-17,216.17999267578125,224.52000427246094,216.17999267578125,220.97999572753906,2116400,TEAM,219.46499633789062,219.63213116037252,224.52000427246094,216.17999267578125,272.2255049133301,257.60629959106444,-19.138262976161002,-12.64970934000799,-6.4885536361530125
2025-03-18,219.99000549316406,221.47000122070312,213.0399932861328,219.4499969482422,2419100,TEAM,218.48749923706055,219.54856374913157,221.47000122070312,213.0399932861328,271.7292049407959,257.87459957122803,-19.281217324798575,-13.976010936966107,-5.3052063878324685
2025-03-19,220.33999633789062,233.55999755859375,219.97999572753906,229.86000061035156,3164300,TEAM,225.93499755859375,219.01803149309606,233.55999755859375,219.01803149309606,271.304554901123,258.20642456054685,-18.343061980174866,-14.84942114560786,-3.4936408345670067
2025-03-20,226.3300018310547,230.88999938964844,224.27999877929688,226.16000366210938,2300400,TEAM,226.91500091552734,222.4765145258449,230.88999938964844,222.4765145258449,270.73880493164063,258.574587097168,-17.694158694871618,-15.418368655460611,-2.2757900394110067
2025-03-21,222.05999755859375,228.11000061035156,218.42100524902344,227.33999633789062,2518300,TEAM,223.98274993896484,224.69575772068612,228.11000061035156,218.42100524902344,270.1371099853516,258.92323959350585,-16.88998538102618,-15.712692000573727,-1.1772933804524524
2025-03-24,233.6300048828125,236.5,231.49000549316406,234.6199951171875,1897200,TEAM,234.06000137329102,224.33925382982548,236.5,224.33925382982548,269.9264849853516,259.362664642334,-15.486715954667432,-15.667496791392468,0.1807808367250363
2025-03-25,235.36000061035156,238.70899963378906,234.02000427246094,236.22000122070312,1531300,TEAM,236.07725143432617,229.19962760155823,238.70899963378906,229.19962760155823,269.74463005065917,259.8316371536255,-14.08316573539176,-15.350630580192327,1.2674648448005676
2025-03-26,235.0,237.31500244140625,227.44000244140625,229.64999389648438,1445900,TEAM,232.35124969482422,232.6384395179422,237.31500244140625,227.44000244140625,269.6423550415039,260.24861213684085,-13.347129358855426,-14.949930335924948,1.6028009770695224
2025-03-27,227.7100067138672,228.05499267578125,221.77999877929688,222.63999938964844,1755200,TEAM,225.04624938964844,232.4948446063832,232.4948446063832,221.77999877929688,269.28393005371095,260.5841171646118,-13.177560484805554,-14.59545636570107,1.4178958808955162
2025-03-28,221.5,223.11000061035156,214.00999450683594,217.99000549316406,2419000,TEAM,219.1525001525879,228.77054699801582,228.77054699801582,214.00999450683594,268.6074050140381,260.8809421920776,-13.265475432949785,-14.329460179150814,1.0639847462010295
2025-03-31,212.1699981689453,213.5,205.4199981689453,212.2100067138672,2397600,TEAM,210.82500076293945,223.96152357530184,223.96152357530184,205.4199981689453,267.7325550079346,260.75506717681884,-13.64426368032349,-14.19242087938535,0.5481571990618601
2025-04-01,211.1699981689453,216.4499969482422,207.47999572753906,216.41000366210938,2425500,TEAM,212.87749862670898,217.39326216912065,217.39326216912065,207.47999572753906,266.872354888916,260.703867149353,-13.450502423217245,-14.04403718815173,0.5935347649344855
2025-04-02,215.47000122070312,227.30999755859375,214.0,223.9600067138672,2334500,TEAM,220.18500137329102,215.13538039791482,227.30999755859375,214.0,266.1754048919678,260.71271717071534,-12.543133645877305,-13.743856479696845,1.2007228338195404
2025-04-03,209.82000732421875,211.0500030517578,195.67999267578125,198.35000610351562,3317600,TEAM,203.72500228881836,217.6601908856029,217.6601908856029,195.67999267578125,265.0506547546387,260.50171714782715,-13.732253499831302,-13.741535883723737,0.009282383892434964
2025-04-04,193.77499389648438,194.0,181.77999877929688,187.6699981689453,3207100,TEAM,189.30624771118164,210.69259658721063,210.69259658721063,181.77999877929688,263.55990455627443,260.0904421234131,-15.359373636600537,-14.065103434299097,-1.2942702023014405
2025-04-07,176.4199981689453,197.22000122070312,173.45899963378906,186.61000061035156,3786000,TEAM,183.42724990844727,199.99942214919614,199.99942214919614,173.45899963378906,261.88954956054687,259.5701896286011,-16.543705473369073,-14.560823842113093,-1.9828816312559798
2025-04-08,193.6300048828125,198.69000244140625,179.8699951171875,183.83999633789062,2513600,TEAM,189.00749969482422,191.7133360288217,198.69000244140625,179.8699951171875,260.3287495422363,259.03826461791994,-17.5040375327616,-15.149466580242795,-2.354570952518806
2025-04-09,183.72000122070312,213.0800018310547,178.66000366210938,209.6199951171875,4516300,TEAM,196.27000045776367,190.36041786182295,213.0800018310547,178.66000366210938,258.81599967956544,258.5564321517944,-16.000434115045323,-15.319660087203301,-0.6807740278420216
2025-04-10,202.0,204.13999938964844,193.4600067138672,198.02999877929688,3850300,TEAM,199.40750122070312,193.3152091597933,204.13999938964844,193.3152091597933,257.3750498199463,258.05778217315674,-15.564614232221345,-15.36865091620691,-0.19596331601443495
2025-04-11,199.36000061035156,201.40499877929688,190.9499969482422,198.3699951171875,2003600,TEAM,197.52124786376953,196.36135519024822,201.40499877929688,190.9499969482422,256.0012247467041,257.5199196243286,-15.01866317191815,-15.298653367349159,0.2799901954310098
2025-04-14,206.97999572753906,210.5,198.42999267578125,200.99000549316406,2031900,TEAM,204.2249984741211,196.94130152700887,210.5,196.94130152700887,253.82347465515136,257.13536960601806,-14.210767203831551,-15.081076134645638,0.8703089308140868
2025-04-15,199.83999633789062,208.3699951171875,199.83999633789062,207.25,2247200,TEAM,203.8249969482422,200.58315000056498,208.3699951171875,199.83999633789062,251.7890746307373,256.78189456939697,-12.916481431094951,-14.648157193935502,1.7316757628405508
2025-04-16,204.30999755859375,210.41000366210938,201.3300018310547,205.30999755859375,2731900,TEAM,205.3400001525879,202.20407347440357,210.41000366210938,201.3300018310547,249.59582458496095,256.41116958618164,-11.910001531187334,-14.10052606138587,2.1905245301985357
2025-04-17,205.17999267578125,206.66000366210938,201.1999969482422,202.75,1564400,TEAM,203.9474983215332,203.77203681349573,206.66000366210938,201.1999969482422,247.3072547149658,255.98934455871583,-11.189938719339125,-13.51840859297652,2.3284698736373954
2025-04-21,200.0,201.24000549316406,190.4600067138672,192.83999633789062,2297400,TEAM,196.13500213623047,203.85976756751447,203.85976756751447,190.4600067138672,244.82183464050294,255.4438446044922,-11.288807877183729,-13.072488449817962,1.7836805726342337
2025-04-22,197.5,201.677001953125,194.15499877929688,200.3000030517578,1931400,TEAM,198.40800094604492,199.99738485187248,201.677001953125,194.15499877929688,242.43916961669922,254.85084964752198,-10.64252183419299,-12.586495126692968,1.9439732924999777
2025-04-23,211.3000030517578,218.08999633789062,206.4499969482422,208.27000427246094,1810900,TEAM,211.0275001525879,199.2026928989587,218.08999633789062,199.2026928989587,240.2333196258545,254.33007469177247,-9.379106497045086,-11.945017400763392,2.565910903718306
2025-04-24,215.00999450683594,226.07000732421875,213.0279998779297,225.0800018310547,2979500,TEAM,219.79700088500977,205.1150965257733,226.07000732421875,205.1150965257733,238.26700958251953,253.90664470672607,-6.941398305180456,-10.944293581646805,4.002895276466349
2025-04-25,225.0,232.22000122070312,225.0,228.67999267578125,2545100,TEAM,227.7249984741211,212.45604870539154,232.22000122070312,212.45604870539154,236.5154444885254,253.56851970672608,-4.665229958639628,-9.68848085704537,5.023250898405742
2025-04-28,230.36000061035156,231.97000122070312,226.91000366210938,229.8300018310547,1722900,TEAM,229.7675018310547,220.09052358975632,231.97000122070312,220.09052358975632,234.7652944946289,253.23189472198487,-2.7370035441640255,-8.298185394469101,5.561181850305076
2025-04-29,229.13999938964844,233.1300048828125,227.68499755859375,228.49000549316406,1236200,TEAM,229.6112518310547,224.92901271040552,233.1300048828125,224.92901271040552,233.12081954956054,252.8796697616577,-1.3019882145443091,-6.898945958484143,5.596957743939834
2025-04-30,223.73500061035156,228.64999389648438,220.00999450683594,228.30999755859375,1632000,TEAM,225.1762466430664,227.2701322707301,228.64999389648438,220.00999450683594,231.34819458007811,252.46455722808838,-0.1772105896564824,-5.554598884718612,5.377388295062129
2025-05-01,239.6699981689453,242.0,228.6199951171875,229.07000732421875,4421000,TEAM,234.8400001525879,226.22318945689824,242.0,226.22318945689824,229.88229469299316,252.0155697631836,0.766672494788736,-4.290344608817143,5.057017103605879
2025-05-02,204.72999572753906,216.36000061035156,203.0,208.47999572753906,8184800,TEAM,208.14249801635742,230.53159480474307,230.53159480474307,203.0,228.07174484252928,251.29188220977784,-0.14506302220198108,-3.4612882914941103,3.3162252692921292
2025-05-05,207.2899932861328,213.82000732421875,206.5989990234375,207.77999877929688,2339500,TEAM,208.87224960327148,219.33704641055024,219.33704641055024,206.5989990234375,226.4244899749756,250.5920297241211,-0.9135727932402347,-2.9517451918433353,2.0381723986031006
2025-05-06,205.11000061035156,208.75,203.58999633789062,207.88999938964844,1868700,TEAM,206.33499908447266,214.10464800691085,214.10464800691085,203.58999633789062,224.89258995056153,249.88818473815917,-1.4964955247864111,-2.6606952584319505,1.1641997336455394
2025-05-07,208.25999450683594,209.5,203.52999877929688,205.7100067138672,2203100,TEAM,206.75,210.21982354569175,210.21982354569175,203.52999877929688,223.40831474304198,249.25423469543458,-2.1100498381708235,-2.550566174379725,0.44051633620890174
2025-05-08,208.5,211.5,205.8000030517578,208.22000122070312,1552100,TEAM,208.50500106811523,208.48491177284586,211.5,205.8000030517578,221.8069647216797,248.62410968780517,-2.3664811505258854,-2.5137491696089573,0.14726801908307197
2025-05-09,208.5,211.0800018310547,204.72000122070312,207.52000427246094,1479900,TEAM,207.9550018310547,208.49495642048055,211.0800018310547,204.72000122070312,220.24531478881835,247.94743473052978,-2.5962606401165544,-2.530251463710477,-0.06600917640607751
2025-05-12,219.6699981689453,224.35000610351562,218.5050048828125,223.75,2413700,TEAM,221.56875228881836,208.22497912576762,224.35000610351562,208.22497912576762,219.07748985290527,247.38892234802245,-1.4519997760307035,-2.3146011261745225,0.862601350143819
2025-05-13,224.33999633789062,232.36000061035156,224.13999938964844,229.52000427246094,1642800,TEAM,227.5900001525879,214.896865707293,232.36000061035156,214.896865707293,218.03593978881835,246.890647315979,-0.07866685193772582,-1.8674142713271633,1.7887474193894375
2025-05-14,228.0,230.6300048828125,223.90499877929688,224.8800048828125,2016600,TEAM,226.85375213623047,221.24343292994044,230.6300048828125,221.24343292994044,217.1525149536133,246.4207848739624,0.6280603236268405,-1.3683193523363626,1.996379675963203
2025-05-15,220.5399932861328,222.72999572753906,217.4499969482422,220.8800048828125,1737500,TEAM,220.39999771118164,224.04859253308547,224.04859253308547,217.4499969482422,216.07648994445802,246.02629737854005,0.8555182495121869,-0.9235518319666527,1.7790700814788396
2025-05-16,220.6999969482422,223.4199981689453,218.74000549316406,220.7899932861328,1731300,TEAM,220.9124984741211,222.22429512213355,223.4199981689453,218.74000549316406,215.2929899597168,245.69704738616943,1.016796118211289,-0.5354822419310644,1.5522783601423535
2025-05-19,215.5800018310547,216.50999450683594,213.72000122070312,214.47000122070312,2742400,TEAM,215.06999969482422,221.5683967981273,221.5683967981273,213.72000122070312,214.75103996276854,245.32735988616943,0.6274070913947014,-0.30290437526591124,0.9303114666606127
2025-05-20,214.13999938964844,215.77999877929688,211.4600067138672,214.49000549316406,1779800,TEAM,213.96750259399414,218.31919824647576,218.31919824647576,211.4600067138672,214.57766502380372,244.91515998840333,0.31677606258776336,-0.17896828769517634,0.4957443502829397
2025-05-21,214.1699981689453,215.27999877929688,208.6300048828125,209.1699981689453,1718600,TEAM,211.8125,216.14335042023495,216.14335042023495,208.6300048828125,214.3988150024414,244.48598499298095,-0.3545938583534962,-0.21409340182684033,-0.14050045652665588
2025-05-22,208.27000427246094,210.64999389648438,206.4949951171875,208.3699951171875,2389900,TEAM,208.44624710083008,213.97792521011746,213.97792521011746,206.4949951171875,213.99258995056152,244.0196224594116,-0.9403728847770196,-0.35934929841687624,-0.5810235863601434
2025-05-23,203.61000061035156,207.57000732421875,202.79400634765625,206.82000732421875,2037500,TEAM,205.19850540161133,211.21208615547377,211.21208615547377,202.79400634765625,213.77796005249024,243.5591324996948,-1.5122458162029204,-0.5899286019740851,-0.9223172142288353
2025-05-27,209.50999450683594,211.9499969482422,207.52999877929688,211.0800018310547,1720400,TEAM,210.01749801635742,208.20529577854256,211.9499969482422,207.52999877929688,213.64493492126465,243.19535747528076,-1.6032322170174496,-0.792589324982758,-0.8106428920346915
2025-05-28,211.10000610351562,214.00999450683594,209.7100067138672,213.02999877929688,1587000,TEAM,211.9625015258789,209.11139689745,214.00999450683594,209.11139689745,213.49488502502442,242.86019496917726,-1.5006920939551662,-0.9342098787772397,-0.5664822151779265
2025-05-29,215.5,215.5,203.63999938964844,203.92999267578125,2866900,TEAM,209.64249801635742,210.53694921166445,215.5,203.63999938964844,213.31798500061035,242.52359497070313,-2.1291788993126772,-1.1732036828843273,-0.9559752164283499
2025-05-30,204.3300018310547,207.97999572753906,201.72999572753906,207.6300048828125,3481100,TEAM,205.41749954223633,210.08972361401095,210.08972361401095,201.72999572753906,212.9076350402832,242.1060949707031,-2.302161275606693,-1.3989952014288005,-0.9031660741778924
2025-06-02,207.0,208.2100067138672,198.5,205.6300048828125,2439300,TEAM,204.83500289916992,207.75361157812364,208.2100067138672,198.5,212.46603507995604,241.60242000579834,-2.5709974818130377,-1.633395657505648,-0.9376018243073896
2025-06-03,204.97999572753906,211.24000549316406,203.91000366210938,210.88999938964844,2935800,TEAM,207.75500106811523,206.29430723864678,211.24000549316406,203.91000366210938,212.14148010253905,241.1392950439453,-2.332724321095327,-1.7732613902235839,-0.5594629308717431
2025-06-04,210.0,214.25,210.0,210.9199981689453,1328600,TEAM,211.29249954223633,207.024654153381,214.25,207.024654153381,211.68613006591798,240.80630752563476,-2.1170662518586596,-1.8420223625505991,-0.27504388930806045
2025-06-05,211.83999633789062,220.42999267578125,210.82000732421875,218.60000610351562,2679500,TEAM,215.42250061035156,209.15857684780866,220.42999267578125,209.15857684780866,211.27303504943848,240.50883255004882,-1.3113270603615774,-1.7358833021127948,0.4245562417512174
2025-06-06,220.02000427246094,220.5449981689453,214.39999389648438,214.50999450683594,1579600,TEAM,217.36874771118164,212.2905387290801,220.5449981689453,212.2905387290801,210.97338500976562,240.30787002563477,-0.9913747492615244,-1.586981591542541,0.5956068422810166
2025-06-09,214.69000244140625,217.3249969482422,212.8730010986328,214.99000549316406,1595000,TEAM,214.96950149536133,214.8296432201309,217.3249969482422,212.8730010986328,210.77185005187988,240.0278900527954,-0.6911106690143924,-1.4078074070369113,0.7166967380225189
2025-06-10,214.1699981689453,215.39999389648438,208.28500366210938,213.0500030517578,2074300,TEAM,212.72624969482422,214.8995723577461,215.39999389648438,208.28500366210938,210.6433250427246,239.62536502838134,-0.6027431579470317,-1.2467945572189354,0.6440513992719037
2025-06-11,210.32000732421875,212.99099731445312,200.91799926757812,201.5,3196300,TEAM,206.4322509765625,213.81291102628518,213.81291102628518,200.91799926757812,210.55547004699707,239.14401252746583,-1.44800824989548,-1.2870372957542444,-0.16097095414123563
2025-06-12,200.3000030517578,202.08999633789062,195.39999389648438,199.32000732421875,2687500,TEAM,199.2775001525879,210.12258100142384,210.12258100142384,195.39999389648438,210.28347007751464,238.57791248321533,-2.267654011172141,-1.4831606388378238,-0.784493372334317
2025-06-13,196.8699951171875,200.44000244140625,195.85000610351562,196.82000732421875,1900500,TEAM,197.49500274658203,204.70004057700586,204.70004057700586,195.85000610351562,209.82967010498047,238.0025374984741,-3.083414604637653,-1.8032114319977897,-1.2802031726398635
2025-06-16,197.6199951171875,202.67999267578125,197.6199951171875,200.32000732421875,1866700,TEAM,199.55999755859375,201.09752166179396,202.67999267578125,197.6199951171875,209.74637001037598,237.39851238250733,-3.408202367556356,-2.1242096191095032,-1.283992748446853
2025-06-17,199.5,202.07000732421875,197.9499969482422,198.1999969482422,1806800,TEAM,199.43000030517578,200.32875961019386,202.07000732421875,197.9499969482422,209.94884506225586,236.75437480926513,-3.792943438381883,-2.4579563829639794,-1.3349870554179035
2025-06-18,198.02000427246094,199.3699951171875,193.5,196.13999938964844,3199600,TEAM,196.75749969482422,199.87937995768482,199.87937995768482,193.5,210.2154500579834,236.05249980926513,-4.215484613208446,-2.809462029012873,-1.406022584195573
2025-06-20,196.39999389648438,199.0,189.0,189.52999877929688,4774000,TEAM,193.4824981689453,198.31843982625452,199.0,189.0,210.30495002746582,235.3168497848511,-5.025789176497085,-3.2527274585097157,-1.7730617179873693
2025-06-23,189.34500122070312,194.32000732421875,187.83999633789062,192.74000549316406,2998200,TEAM,191.06125259399414,195.90046899759992,195.90046899759992,187.83999633789062,210.20077507019042,234.50838737487794,-5.347300316696817,-3.671642030147136,-1.6756582865496807
