Date,Open,High,Low,Close,Volume,Ticker,HA_Close,HA_Open,HA_High,HA_Low,HA_50_MA,HA_100_MA,MACD_Line,Signal_Line,MACD_Hist
2022-01-03,337.4661037951055,339.3157407147729,324.7607439665041,328.40191650390625,1484100,SHW,332.48612624507217,332.93401014950587,339.3157407147729,324.7607439665041,,,0.0,0.0,0.0
2022-01-04,323.75362872621565,327.00741978329813,321.8942984414169,325.109375,1707700,SHW,324.44118048773265,332.71006819728905,332.71006819728905,321.8942984414169,,,-0.26265288350248284,-0.05253057670049657,-0.21012230680198626
2022-01-05,325.8937252640651,331.7428349793101,323.4339955225569,325.71942138671875,1182500,SHW,326.6974942881627,328.5756243425109,331.7428349793101,323.4339955225569,,,-0.4167771929072046,-0.12537989994183818,-0.29139729296536643
2022-01-06,325.2449959525969,326.80412662514226,322.3301483046294,323.0177001953125,947100,SHW,324.34924276942024,327.6365593153368,327.6365593153368,322.3301483046294,,,-0.7483021777335352,-0.2499643555001776,-0.49833782223335765
2022-01-07,322.47538355398825,322.64968747939207,312.4912381571468,313.0044860839844,1325500,SHW,317.65519881862787,325.99290104237855,325.99290104237855,312.4912381571468,,,-1.7982912296808422,-0.5596297303363106,-1.2386614993445315
2022-01-10,312.11348432099174,313.23682530305416,307.04880083089853,313.0818786621094,1603700,SHW,311.3702472792634,321.8240499305032,321.8240499305032,307.04880083089853,,,-2.594265110533513,-0.966556806375751,-1.627708304157762
2022-01-11,313.1981046550114,314.408597557629,308.0171891211981,314.24395751953125,1063600,SHW,312.4669622133424,316.5971486048833,316.5971486048833,308.0171891211981,,,-3.0956256483811444,-1.3923705747768298,-1.7032550736043146
2022-01-12,315.0671060317826,315.70624984579877,309.2083025131596,311.4259338378906,1191400,SHW,312.8518980571579,314.53205540911284,315.70624984579877,309.2083025131596,,,-3.677951313339861,-1.849486722489436,-1.828464590850425
2022-01-13,312.0554236543483,314.2440046072031,306.6324382804575,307.3587341308594,1064300,SHW,310.0726501682171,313.69197673313533,314.2440046072031,306.6324382804575,,,-4.416724374328965,-2.362934252857342,-2.0537901214716228
2022-01-14,300.434647709001,303.54321478884316,294.39187654221564,298.7109069824219,2622700,SHW,299.2701615056204,311.8823134506762,311.8823134506762,294.39187654221564,,,-5.635057292935585,-3.0173588608729904,-2.6176984320625944
2022-01-18,291.20582526253196,297.24862544996535,288.3684372162105,296.54168701171875,2738200,SHW,293.34114373510664,305.5762374781483,305.5762374781483,288.3684372162105,,,-6.698417642293862,-3.753570617157165,-2.944847025136697
2022-01-19,296.96782474565,299.4275547509099,293.9754896514833,294.18853759765625,1859800,SHW,296.13985168642483,299.45869060662744,299.45869060662744,293.9754896514833,,,-7.642915104111864,-4.531439514548105,-3.111475589563759
2022-01-20,295.6701936789213,297.8490811406628,287.37104634302204,288.2522888183594,1501300,SHW,292.2856524952414,297.79927114652617,297.8490811406628,287.37104634302204,,,-8.769354156544352,-5.379022442947355,-3.3903317135969973
2022-01-21,288.25224288837404,292.3098172570626,283.5071168606115,283.5942687988281,2124900,SHW,286.91586145121903,295.0424618208838,295.0424618208838,283.5071168606115,,,-9.923536160360982,-6.287925186430081,-3.635610973930901
2022-01-24,278.17123012771646,290.169648286311,275.8954978783776,289.08502197265625,2987300,SHW,283.33034956626534,290.9791616360514,290.9791616360514,275.8954978783776,,,-10.276712278711273,-7.085682604886319,-3.1910296738249535
2022-01-25,285.20184591590885,289.5015194420071,281.3379321405998,284.9597473144531,2908000,SHW,285.25026120324225,287.1547556011584,289.5015194420071,281.3379321405998,,,-10.765385423614873,-7.82162316863203,-2.9437622549828433
2022-01-26,285.6763544905196,290.5086331993316,282.5000219684759,283.4974670410156,3524100,SHW,285.5456191748357,286.20250840220035,290.5086331993316,282.5000219684759,,,-11.142215682333642,-8.485741671372352,-2.65647401096129
2022-01-27,281.1054838277095,285.6182046131059,270.96639477162825,274.22021484375,3374500,SHW,277.9775745140484,285.874063788518,285.874063788518,270.96639477162825,,,-12.05054194997399,-9.198701727092681,-2.851840222881309
2022-01-28,273.45522077956696,278.7523394338875,265.12702286513445,278.6070861816406,2316800,SHW,273.98541731505736,281.92581915128324,281.92581915128324,265.12702286513445,,,-12.274915620459069,-9.81394450576596,-2.460971114693109
2022-01-31,277.9291546127332,279.769097809316,274.2492682195677,277.45465087890625,2498700,SHW,277.3505428801308,277.9556182331703,279.769097809316,274.2492682195677,,,-12.402754040339744,-10.331706412680717,-2.071047627659027
2022-02-01,279.6045356434904,284.9984701820082,275.6922138542182,283.82672119140625,2221000,SHW,281.0304852177808,277.65308055665054,284.9984701820082,275.6922138542182,,,-11.853257118846386,-10.636016553913851,-1.2172405649325349
2022-02-02,284.4174529712998,286.4026497110515,280.999021850869,285.0178527832031,1190100,SHW,284.20924432910584,279.3417828872157,286.4026497110515,279.3417828872157,,,-11.19264069019573,-10.747341381170228,-0.4452993090255024
2022-02-03,282.2966853511219,284.78543671347546,278.3165686562209,278.73297119140625,998800,SHW,281.0329154780561,281.77551360816074,284.78543671347546,278.3165686562209,,,-11.048870331023693,-10.807647171140921,-0.24122315988277165
2022-02-04,276.98013501725757,277.0576231131946,271.7411181571342,272.82574462890625,1459700,SHW,274.65115522912316,281.4042145431084,281.4042145431084,271.7411181571342,,,-11.281548432600857,-10.90242742343291,-0.3791210091679478
2022-02-07,273.23249985119133,273.7457477495361,270.3951110839844,270.3951110839844,1474900,SHW,271.94211744217404,278.0276848861158,278.0276848861158,270.3951110839844,,,-11.52917812907134,-11.027777564560596,-0.5014005645107442
2022-02-08,271.2472740762723,272.1188231151411,269.19428270154305,270.83087158203125,1125900,SHW,270.8478128687469,274.98490116414496,274.98490116414496,269.19428270154305,,,-11.557041832968139,-11.133630418242106,-0.42341141472603283
2022-02-09,274.0556651409652,279.3818353115493,274.01692108305036,277.5612487792969,1086400,SHW,276.25391757871546,272.91635701644594,279.3818353115493,272.91635701644594,,,-10.91027200310009,-11.088958735213703,0.1786867321136132
2022-02-10,274.22989257962377,276.39911592192226,269.7075077186739,271.0826110839844,1215200,SHW,272.85478182605107,274.5851372975807,276.39911592192226,269.7075077186739,,,-10.796024322879646,-11.030371852746892,0.2343475298672466
2022-02-11,270.1239253803864,271.08262634065403,263.596956845218,264.468505859375,1265100,SHW,267.31800360640835,273.71995956181587,273.71995956181587,263.596956845218,,,-11.111103345491927,-11.0465181512959,-0.06458519419602737
2022-02-14,264.89455830814256,265.9694616869745,260.6723442195485,261.9312744140625,1074700,SHW,263.366909657182,270.5189815841121,270.5189815841121,260.6723442195485,,,-11.433738098498168,-11.123962140736353,-0.3097759577618149
2022-02-15,266.05664030255394,266.35684017105905,261.69886595619784,262.9868469238281,1166900,SHW,264.2747983384097,266.94294562064704,266.94294562064704,261.69886595619784,,,-11.472010390262483,-11.19357179064158,-0.27843859962090356
2022-02-16,263.26765367520585,264.4200452278342,258.44506909490906,264.0133361816406,924000,SHW,262.5365260448974,265.6088719795284,265.6088719795284,258.44506909490906,,,-11.289375459935968,-11.212732524500458,-0.07664293543551004
2022-02-17,262.6770122592224,264.42980396756485,258.03839425636073,258.7743835449219,946100,SHW,260.9798985070175,264.07269901221287,264.42980396756485,258.03839425636073,,,-11.43555371107152,-11.25729676181467,-0.1782569492568502
2022-02-18,259.2294480991484,262.9093342711036,257.9414672518319,259.5974426269531,1317400,SHW,259.9194230622593,262.5262987596152,262.9093342711036,257.9414672518319,,,-11.354103995747096,-11.276658208601155,-0.07744578714594041
2022-02-22,257.4572718347727,258.2901062273225,250.93999768125747,253.3125457763672,2088600,SHW,254.99998037992998,261.22286091093724,261.22286091093724,250.93999768125747,,,-11.662257910616631,-11.35377814900425,-0.30847976161238044
2022-02-23,254.59087258624967,255.7529576451886,250.95939371837892,251.2014923095703,2101400,SHW,253.12617906484687,258.1114206454336,258.1114206454336,250.95939371837892,,,-11.939188942003966,-11.470860307604195,-0.46832863439977146
2022-02-24,245.50730190926842,251.375753624992,243.4833467995625,250.75599670410156,2010200,SHW,247.7805997594811,255.61879985514025,255.61879985514025,243.4833467995625,,,-12.055636676524273,-11.587815581388211,-0.4678210951360615
2022-02-25,251.9305198208343,259.54039126757476,251.55198424221717,259.42388916015625,1423800,SHW,255.6116961226956,251.69969980731068,259.54039126757476,251.55198424221717,,,-11.318028675149492,-11.533858200140468,0.2158295249909763
2022-02-28,256.95847688385516,258.9676865138383,253.17294335286797,255.4054412841797,2315000,SHW,256.1261370086853,253.65569796500313,258.9676865138383,253.17294335286797,,,-10.931710229134353,-11.413428605939245,0.48171837680489205
2022-03-01,253.842679058302,255.72572982992185,246.49491541856622,248.02853393554688,2311200,SHW,251.02296456058423,254.89091748684422,255.72572982992185,246.49491541856622,,,-11.092932429108771,-11.34932937057315,0.25639694146437897
2022-03-02,248.53321479471305,253.51261985709039,248.0770260519222,252.580810546875,1449300,SHW,250.67591781265014,252.95694102371422,253.51261985709039,248.0770260519222,,,-10.72968636118668,-11.225400768695856,0.49571440750917617
2022-03-03,255.1044871661614,256.1818870443335,248.69823526215828,250.46481323242188,997900,SHW,252.61235567626875,251.81642941818217,256.1818870443335,248.69823526215828,,,-10.491613742045217,-11.078643363365728,0.5870296213205108
2022-03-04,247.96056264413485,251.15397282531697,246.07751213031847,250.90159606933594,1643700,SHW,249.02341091727655,252.21439254722546,252.21439254722546,246.07751213031847,,,-10.15068398516297,-10.893051487725177,0.7423675025622067
2022-03-07,249.89215410920218,250.9113178261661,235.7692749266329,235.81781005859375,2197700,SHW,243.09763923014873,250.618901732251,250.9113178261661,235.7692749266329,,,-10.971161447321151,-10.908673479644373,-0.062487967676778666
2022-03-08,235.3325174035585,240.79724513605436,229.26599543083918,232.80885314941406,2049100,SHW,234.55115277996654,246.85827048119987,246.85827048119987,229.26599543083918,,,-11.728988939518416,-11.072736571619181,-0.6562523678992349
2022-03-09,234.87629035421313,237.36113513681806,231.02283479638112,234.61422729492188,1887100,SHW,234.46862189558357,240.7047116305832,240.7047116305832,231.02283479638112,,,-12.045046285734799,-11.267198514442306,-0.7778477712924925
2022-03-10,231.38199082291496,232.41087051228078,228.92626407426826,230.57635498046875,1672300,SHW,230.8238700974832,237.58666676308337,237.58666676308337,228.92626407426826,,,-12.477513550325284,-11.509261521618903,-0.9682520287063809
2022-03-11,231.0228473477157,232.10997810730092,226.4705419069398,226.73260498046875,1269900,SHW,229.08399308560627,234.2052684302833,234.2052684302833,226.4705419069398,,,-12.980771224288475,-11.803563462152818,-1.177207762135657
2022-03-14,227.96533554477534,232.6341284621081,226.55790541624813,230.65402221679688,1340700,SHW,229.4528479099821,231.64463075794478,232.6341284621081,226.55790541624813,,,-12.914312799290002,-12.025713329580254,-0.8885994697097477
2022-03-15,232.6923796006789,237.3029365722788,232.24589185118694,235.3228302001953,1757500,SHW,234.39100955608498,230.54873933396345,237.3029365722788,230.54873933396345,274.43699601794776,,-12.342632053971215,-12.089097074458447,-0.25353497951276793
2022-03-16,237.78820292717796,242.27258526029794,232.6243880243795,237.20582580566406,1651100,SHW,237.47275050437986,232.46987444502423,242.27258526029794,232.46987444502423,272.536728503134,,-11.603866782940798,-11.992051016154917,0.388184233214119
2022-03-17,235.39072912368317,240.2633632116167,234.40068350467837,240.253662109375,1409000,SHW,237.5771094873383,234.97131247470205,240.2633632116167,234.40068350467837,270.7994470831261,,-10.649692044567473,-11.72357922183743,1.073887177269956
2022-03-18,240.84575339803942,245.21364873098412,237.69116232424605,244.14593505859375,2068300,SHW,241.97412487796583,236.2742109810202,245.21364873098412,236.2742109810202,269.1049796949221,,-9.470260523743946,-11.272915482218734,1.802654958474788
2022-03-21,243.82562827694525,244.48567351537764,236.97288798526245,238.60357666015625,1135900,SHW,240.9719416094354,239.124167929493,244.48567351537764,236.97288798526245,267.43743367172243,,-8.88040674834454,-10.794413735443896,1.9140069870993557
2022-03-22,244.1071384837323,244.7477519357502,241.2534442317499,242.8258819580078,1400300,SHW,243.23355415231006,240.04805476946422,244.7477519357502,240.04805476946422,265.94900077839606,,-7.980247307979681,-10.231580449951053,2.2513331419713722
2022-03-23,241.12724842487893,242.42790711675784,239.55481074696095,240.37014770507812,1276500,SHW,240.87002849841895,241.64080446088713,242.42790711675784,239.55481074696095,264.5389964027792,,-7.379950224645739,-9.661254404889991,2.281304180244252
2022-03-24,241.16607851862332,242.67056402003638,239.36068110608394,242.59291076660156,1369800,SHW,241.4475586028363,241.25541647965304,242.67056402003638,239.36068110608394,263.11860833056903,,-6.6482155678420725,-9.058646637480408,2.410431069638335
2022-03-25,241.97171767282956,243.42768295938097,237.28352248367742,238.01150512695312,1143300,SHW,240.17360706071025,241.35148754124467,243.42768295938097,237.28352248367742,261.66504251064015,,-6.3646243000864615,-8.519842170001619,2.155217869915157
2022-03-28,238.33182487708078,243.26269618065407,236.94381162751353,243.223876953125,1282100,SHW,240.44055240959335,240.76254730097747,243.26269618065407,236.94381162751353,260.27240055546764,,-5.654104337220531,-7.946694603445402,2.292590266224871
2022-03-29,251.44514786468818,256.6672138249949,248.79531047816357,251.73635864257812,1904000,SHW,252.16100770260618,240.6015498552854,256.6672138249949,240.6015498552854,259.33021747940734,,-4.353936546788304,-7.228142992113983,2.8742064453256786
2022-03-30,249.45537713261047,250.53277718897505,244.78658431165348,245.58250427246094,1157500,SHW,247.58931072642497,246.38127877894578,250.53277718897505,244.78658431165348,258.41518081923374,,-3.776574819743473,-6.537829357639882,2.7612545378964084
2022-03-31,246.00957354804925,247.9993955350589,242.29200744628906,242.29200744628906,1816700,SHW,244.64824599392156,246.98529475268538,247.9993955350589,242.29200744628906,257.38534870538365,,-3.543677773921587,-5.938999040896223,2.395321266974636
2022-04-01,243.9809427486445,247.8732177240545,242.31143479854512,247.71792602539062,1378300,SHW,245.4708803241587,245.81677037330348,247.8732177240545,242.31143479854512,256.449053261962,,-2.8879879764527914,-5.328796828007537,2.4408088515547455
2022-04-04,246.36874083238862,251.47430551110398,244.91277557911948,251.4355010986328,1587500,SHW,248.54783075531122,245.6438253487311,251.47430551110398,244.91277557911948,255.68169264804382,,-2.0448006594712638,-4.671997594300283,2.627196934829019
2022-04-05,250.69776291308366,254.60945442341043,249.2126797744654,250.39686584472656,1603300,SHW,251.22919073892152,247.09582805202115,254.60945442341043,247.09582805202115,255.03966947149695,,-1.443735338393111,-4.026345143118848,2.5826098047257373
2022-04-06,248.39739439932958,255.9101659963067,246.83465769162083,254.9201202392578,1671300,SHW,251.51558458162873,249.16250939547132,255.9101659963067,246.83465769162083,254.36497593906472,,-0.5955329802821723,-3.340182710551513,2.744649730269341
2022-04-07,253.5902775855287,256.45365754242204,250.74627020911237,256.0848083496094,1559400,SHW,254.2187534216681,250.33904698855002,256.45365754242204,250.33904698855002,253.73843862400136,,0.1687093202633605,-2.638404304388539,2.8071136246518993
2022-04-08,257.22055636958385,258.9385848936017,254.69687706199667,256.0169677734375,1131300,SHW,256.71824652465494,252.27890020510907,258.9385848936017,252.27890020510907,253.3132520642135,,0.7601402582581045,-1.9586953918592103,2.718835650117315
2022-04-11,254.38622444837748,256.6963606179718,253.07587947737974,253.4350128173828,995900,SHW,254.39836934027795,254.49857336488202,256.6963606179718,253.07587947737974,252.92151110471787,,1.0088815920073557,-1.3651799950858972,2.374061587093253
2022-04-12,255.26952579163446,257.4146692643814,248.3294306581959,249.4068603515625,857600,SHW,252.60512151644355,254.44847135258,257.4146692643814,248.3294306581959,252.42660267744418,,0.8709330773920954,-0.9179573805902987,1.788890457982394
2022-04-13,248.23236961164474,252.09552652597293,246.76668847374458,250.81427001953125,1282300,SHW,249.47721365772338,253.52679643451177,253.52679643451177,246.76668847374458,251.79553724624301,,0.865200589854652,-0.5613257865013086,1.4265263763559606
2022-04-14,252.21199119815986,253.59031793455378,245.3301326730322,245.47572326660156,1246800,SHW,249.15204126808686,251.50200504611757,253.59031793455378,245.3301326730322,251.09439318502262,,0.42498251146651,-0.36406412690774487,0.7890466383742549
2022-04-18,242.427904800355,245.16512646182207,238.17649652459835,238.94329833984375,1389300,SHW,241.17820653165478,250.32702315710222,250.32702315710222,238.17649652459835,250.29729900609462,,-0.4458659203050672,-0.38042448558720937,-0.06544143471785785
2022-04-19,239.40919377652392,246.39783825380664,239.40919377652392,244.8448028564453,1275500,SHW,242.51525716582495,245.7526148443785,246.39783825380664,239.40919377652392,249.65458104482863,,-0.6522981954934437,-0.43479922756845624,-0.21749896792498746
2022-04-20,247.5432223578122,251.07637908375344,243.6509470701574,245.66017150878906,1705500,SHW,246.98268000512803,244.13393600510173,251.07637908375344,243.6509470701574,249.1553922960877,,-0.7415556331834807,-0.49615050869146116,-0.24540512449201957
2022-04-21,248.86326057626013,250.84335166555164,243.9517928265576,244.22357177734375,1408400,SHW,246.97049421142827,245.5583080051149,250.84335166555164,243.9517928265576,248.67784592294132,,-0.9176364460396087,-0.5804476961610907,-0.337188749878518
2022-04-22,243.77708472197895,243.77708472197895,237.45820150079652,237.72998046875,1426500,SHW,240.6855878533761,246.26440110827158,246.26440110827158,237.45820150079652,247.96647932843453,,-1.5631413873270787,-0.7769864343942884,-0.7861549529327904
2022-04-25,237.93380920549217,241.05928197841726,233.63385146189904,240.7389678955078,1738500,SHW,238.34147763532906,243.47499448082385,243.47499448082385,233.63385146189904,247.27621324462012,,-1.8110321148356832,-0.9837955704825674,-0.8272365443531158
2022-04-26,260.8895404835423,267.8393510116763,258.50176593475317,263.40350341796875,5011900,SHW,262.65854021198516,240.90823605807645,267.8393510116763,240.90823605807645,247.18302397673168,,-0.17661281847279042,-0.822359020080612,0.6457462016078216
2022-04-27,264.73325864361715,275.65299636591226,264.451793398833,271.1783447265625,3950200,SHW,269.0040982837312,251.7833881350308,275.65299636591226,251.7833881350308,247.29576774926264,,1.7261430630494772,-0.3126586034545942,2.0388016665040714
2022-04-28,274.69208651886976,276.342192173488,268.1499593789501,273.05169677734375,2367100,SHW,273.0589837121629,260.393743209381,276.342192173488,260.393743209381,247.4714514567377,,3.3466762613067544,0.4192083694976756,2.927467891809079
2022-04-29,271.8092610235793,276.63335974505344,265.8592124411723,266.8880920410156,3099500,SHW,270.29748131270514,266.72636346077195,276.63335974505344,265.8592124411723,247.62667056209386,,4.0865024489373525,1.152667185385611,2.9338352635517415
2022-05-02,265.76214546865845,270.03300003597104,258.10378460738485,260.8895263671875,2870700,SHW,263.69711411980046,268.51192238673855,270.03300003597104,258.10378460738485,247.6810148743495,,4.141050462998521,1.750343840908193,2.3907066220903284
2022-05-03,260.60807868771127,263.12204194137547,258.1135472630353,261.4622497558594,2007000,SHW,260.82647941199536,266.1045182532695,266.1045182532695,258.1135472630353,247.69915600134425,,4.182283388632811,2.236731750453117,1.9455516381796945
2022-05-04,262.50079556321197,274.83766451174154,262.27753692412625,274.2358703613281,2059100,SHW,268.46296684010196,263.4654988326324,274.83766451174154,262.27753692412625,247.9684157305477,,5.185905320108702,2.826566464384234,2.3593388557244683
2022-05-05,271.88690923299595,273.8767459809651,265.57772711727665,268.8197021484375,2130000,SHW,270.0402711199188,265.96423283636716,273.8767459809651,265.57772711727665,248.3066975716491,,5.481061160320962,3.3574654035715796,2.1235957567493826
2022-05-06,267.6743452487523,267.6743452487523,260.26836028358764,265.3545227050781,1758600,SHW,265.24289337154255,268.002251978143,268.002251978143,260.26836028358764,248.65594344389035,,5.373421807053205,3.760656684267905,1.6127651227853002
2022-05-09,262.0640392881422,272.595527597468,261.6078356405148,268.8391418457031,2280300,SHW,266.27663609295706,266.6225726748428,272.595527597468,261.6078356405148,248.86924224329556,,5.505828720331408,4.109691091480606,1.396137628850802
2022-05-10,270.4892252659623,271.780168030565,257.39522488488507,258.55029296875,2208700,SHW,264.5537277875406,266.4496043838999,271.780168030565,257.39522488488507,249.0377940588727,,4.726058970233112,4.232964667231108,0.4930943030020041
2022-05-11,257.5699548258561,263.50060224172336,256.036351070547,256.9002380371094,1376500,SHW,258.501786543809,265.5016660857202,265.5016660857202,256.036351070547,249.18737049853712,,3.9296417188259625,4.172300077550079,-0.24265835872411667
2022-05-12,254.71630370618598,267.0337436009252,253.33797677600595,266.4804992675781,2637500,SHW,260.3921308376738,262.0017263147646,267.0337436009252,253.33797677600595,249.38169475903763,,4.025123210110507,4.142864704062165,-0.1177414939516579
2022-05-13,267.5675851338329,269.7515329628733,262.5493453108951,265.30596923828125,1501600,SHW,266.2936081614706,261.1969285762192,269.7515329628733,261.1969285762192,249.6553198087417,,3.96036559313751,4.1063648818772345,-0.14599928873972434
2022-05-16,262.67552084392565,266.64544892643835,257.5311225026957,263.40350341796875,1278700,SHW,262.5638989227571,263.7452683688449,266.64544892643835,257.5311225026957,249.92612956885128,,3.7127335418301755,4.027638613867823,-0.3149050720376474
2022-05-17,267.2181339484087,268.33439763001843,258.8317898177713,261.35546875,1603800,SHW,263.9349475365496,263.15458364580104,268.33439763001843,258.8317898177713,250.3428757349793,,3.313033487756229,3.8847175886455045,-0.5716841008892755
2022-05-18,258.57942013223914,260.11305343648604,250.48425697020565,252.03729248046875,1526900,SHW,255.30350575484988,263.5447655911753,263.5447655911753,250.48425697020565,250.75792279447694,,2.218792506650118,3.5515325722464275,-1.3327400655963095
2022-05-19,250.7530341066407,256.1817850520135,248.24298721651044,252.33885192871094,1690300,SHW,251.8791645759689,259.4241356730126,259.4241356730126,248.24298721651044,251.1061336480847,,1.3602518363367153,3.1132764250644853,-1.75302458872777
2022-05-20,253.4479975555613,255.19919054105472,243.39801080652586,250.9573974609375,2576100,SHW,250.75064909101985,255.65165012449074,255.65165012449074,243.39801080652586,251.50466922795542,,0.5619030705840373,2.603001754168396,-2.0410986835843588
2022-05-23,253.5452175649118,254.7029607246841,250.39305887930115,252.24154663085938,1290300,SHW,252.7206959499391,253.2011496077553,254.7029607246841,250.39305887930115,251.97740328524208,,0.03245194207551094,2.0888917917498193,-2.0564398496743084
2022-05-24,252.35833291633648,252.97122960322724,247.30900896143126,250.6654815673828,1450700,SHW,250.82601326209445,252.9609227788472,252.97122960322724,247.30900896143126,252.4048665922843,,-0.5084560063162371,1.569422232136608,-2.077878238452845
2022-05-25,250.23734904535664,258.263701824054,248.82665970782617,257.93292236328125,1420800,SHW,253.8151582351295,251.89346802047083,258.263701824054,248.82665970782617,252.7933495658652,263.6151727919065,-0.34671104761912375,1.1861955761854617,-1.5329066238045854
2022-05-26,262.943332363656,266.8348977323933,259.17824761984866,264.5972595214844,1363900,SHW,263.3884343093456,252.85431312780017,266.8348977323933,252.85431312780017,253.31166324196454,262.92419587254926,0.31559136908134633,1.0120747347646386,-0.6964833656832923
2022-05-27,266.6695755899706,268.887767101397,265.1226816126871,268.85858154296875,1180100,SHW,267.3846514617559,258.1213737185729,268.887767101397,258.1213737185729,253.90781408145284,262.3536305822895,1.1708273112975576,1.0438252500712224,0.12700206122633517
2022-05-31,265.3171896530493,265.3171896530493,257.8162057169792,260.7738037109375,4118300,SHW,262.3060971835038,262.7530125901644,265.3171896530493,257.8162057169792,254.31445352756361,261.70971661124287,1.1826016576433744,1.0715805315856528,0.11102112605772163
2022-06-01,262.79745239885295,262.79745239885295,256.28880576060266,258.0692138671875,1202100,SHW,259.98823110637403,262.52955488683415,262.79745239885295,256.28880576060266,254.6947793175024,261.06610649461237,0.9625988741377682,1.049784200096076,-0.08718532595830775
2022-06-02,259.32420601819894,262.45691769772463,257.88434566345325,262.18450927734375,2271600,SHW,260.4624946641801,261.2588929966041,262.45691769772463,257.88434566345325,255.03935812773983,260.49417945306794,1.107547906969046,1.06133694147067,0.046210965498376
2022-06-03,259.56740327780057,266.0176777526487,259.1879910859032,261.5910339355469,1395800,SHW,261.59102651297485,260.8606938303921,266.0176777526487,259.1879910859032,255.45377808803087,259.99638724540506,1.1611475731525616,1.0812990678070484,0.07984850534551313
2022-06-06,261.69812770071263,268.4111041526468,260.910087802494,267.57440185546875,1220000,SHW,264.64843037783055,261.2258601716835,268.4111041526468,260.910087802494,255.9177955235308,259.51820192705,1.6672148656473382,1.1984822273751066,0.46873263827223166
2022-06-07,264.7529990395886,270.76546207416044,264.0914398693105,269.7147521972656,1293200,SHW,267.3311632950813,262.93714527475703,270.76546207416044,262.93714527475703,256.4609466482182,259.06299457942913,2.215446932723637,1.4018751684448127,0.8135717642788243
2022-06-08,267.5645823187946,268.29425086928353,259.693894450355,260.8127136230469,1154600,SHW,264.09136031536997,265.1341542849192,268.29425086928353,259.693894450355,256.93396280633374,258.6031816809007,1.9095920912335487,1.50341855300256,0.40617353823098856
2022-06-09,260.0538840920076,266.4263411826184,254.77109041293804,254.88783264160156,1593100,SHW,259.0347870822914,264.6127573001446,266.4263411826184,254.77109041293804,257.07143839392745,258.2008279366674,1.1755604181418562,1.4378469260304194,-0.2622865078885632
2022-06-10,251.1324888791044,251.29786380835304,240.5182389991281,240.7128143310547,1513800,SHW,245.91535150441007,261.82377219121804,261.82377219121804,240.5182389991281,257.03795920948716,257.72657001436045,-0.5437030133912231,1.041536938146091,-1.5852399515373141
2022-06-13,234.90466444601458,238.60165534702648,230.21533484123964,231.4119873046875,1635600,SHW,233.78341048474203,253.86956184781405,253.86956184781405,230.21533484123964,256.8206624993036,257.1030056023436,-2.6264545471698852,0.3079386410828958,-2.934393188252781
2022-06-14,230.49745523907174,232.7156466987955,220.78800210606016,223.25914001464844,1539000,SHW,226.81506101464396,243.82648616627804,243.82648616627804,220.78800210606016,256.4475461131133,256.44829968753766,-4.878678415322412,-0.7293847701981657,-4.149293645124246
2022-06-15,225.43841450547765,227.1798837195093,218.3168417597197,222.7824249267578,1580200,SHW,223.42939122786612,235.320773590461,235.320773590461,218.3168417597197,255.94517732256438,255.81343498530413,-6.6256723541873725,-1.9086422869960071,-4.717030067191366
2022-06-16,217.23696400156246,217.75261021936882,210.26133284498624,213.01461791992188,1553000,SHW,214.56638124645985,229.37508240916355,229.37508240916355,210.26133284498624,255.21192113271513,255.12579530210604,-8.698091841260066,-3.266532197848819,-5.431559643411247
2022-06-17,212.63516143982332,220.14588492178055,208.41281594081127,216.75048828125,2627900,SHW,214.48608764591629,221.9707318278117,221.9707318278117,208.41281594081127,254.4713311940009,254.4181535665328,-9.924640620356257,-4.5981538823503065,-5.326486738005951
2022-06-21,215.69003736990103,218.08335693394275,211.34121128235694,214.1820526123047,2509400,SHW,214.82416454962635,218.228409736864,218.228409736864,211.34121128235694,253.68343941656008,253.7109390202807,-10.977400023491555,-5.874003110578556,-5.103396912912999
2022-06-22,209.29816914431072,217.48991441907455,209.18141206068634,215.20361328125,2370500,SHW,212.79327722633042,216.52628714324516,217.48991441907455,209.18141206068634,252.80494003059357,253.05909604740356,-11.595620926733062,-7.018326673809458,-4.577294252923604
2022-06-23,216.04029424602913,219.2119301856572,214.51286223887593,218.7935791015625,2481900,SHW,217.1396664430312,214.6597821847878,219.2119301856572,214.51286223887593,252.05976597264865,252.49063853868327,-11.661459165239421,-7.9469531720954505,-3.7145059931439706
2022-06-24,220.84635161528715,225.38002918044458,219.87346019847973,224.98114013671875,2744300,SHW,222.77024528273256,215.89972431390947,225.38002918044458,215.89972431390947,251.4630684479744,251.9448355627093,-11.086553096703597,-8.57487315701708,-2.511679939686516
2022-06-27,224.11529462104733,224.94225836394693,220.0486002848239,221.00204467773438,1633400,SHW,222.52704948688813,219.33498479832102,224.94225836394693,219.33498479832102,250.92406516455773,251.35980120540032,-10.827206349174816,-9.025339795448629,-1.801866553726187
2022-06-28,222.87970498410954,225.09789636486417,216.7699476939404,217.2563934326172,1143300,SHW,220.50098561888282,220.93101714260456,225.09789636486417,216.7699476939404,250.35104405157364,250.72271861829813,-10.799425875944507,-9.380157011547805,-1.4192688643967024
2022-06-29,216.29325297555198,220.18481911174993,215.0965857001655,219.2994842529297,1266800,SHW,217.7185355100993,220.7160013807437,220.7160013807437,215.0965857001655,249.88185063114253,250.08957481861856,-10.49160856366285,-9.602447321970814,-0.8891612416920367
2022-06-30,217.92770560180386,219.4843380084469,212.68382077956633,217.84014892578125,1548400,SHW,216.98400332889958,219.2172684454215,219.4843380084469,212.68382077956633,249.37122555440402,249.51290329961634,-10.247292877133077,-9.731416433003268,-0.5158764441298089
2022-07-01,218.9005952439256,229.10623278421744,218.29740724303375,228.853271484375,2295800,SHW,223.78937668888796,218.10063588716054,229.10623278421744,218.10063588716054,248.9073594880792,249.03137589208347,-9.060559495523847,-9.597245045507384,0.5366855499835363
2022-07-05,226.6837284410466,236.0818642645707,224.70875980575994,235.66351318359375,2331100,SHW,230.78446642374274,220.94500628802425,236.0818642645707,220.94500628802425,248.58363893232553,248.6307424276334,-7.484261246228215,-9.17464828565155,1.6903870394233351
2022-07-06,236.25697873353766,240.34312024500892,233.85393543477437,236.15969848632812,1817700,SHW,236.65343322491228,225.8647363558835,240.34312024500892,225.8647363558835,248.5029958397562,248.23473758409537,-6.124397280365599,-8.56459808459436,2.440200804228761
2022-07-07,234.262534532079,239.0978064082068,232.72537904694317,232.99778747558594,1528300,SHW,234.77087686570374,231.25908479039788,239.0978064082068,231.25908479039788,248.43158382436368,247.85389853449192,-5.241415310471325,-7.899961529769754,2.6585462192984286
2022-07-08,232.03460547970414,233.16316309854088,229.7580431019834,231.83029174804688,923500,SHW,231.69652585706882,233.0149808280508,233.16316309854088,229.7580431019834,247.81234353726538,247.49768375699853,-4.58302265351486,-7.236573754518775,2.6535511010039157
2022-07-11,229.83590747787886,237.0644846429839,229.6121317305737,235.40084838867188,1214200,SHW,232.9783430600271,232.3557533425598,237.0644846429839,229.6121317305737,247.0918284327913,247.193798091027,-3.730129043216891,-6.535284812258399,2.805155769041508
2022-07-12,238.43626903450638,245.343790311427,237.00611723133215,239.8761444091797,1691000,SHW,240.1655802466113,232.66704820129345,245.343790311427,232.66704820129345,246.43396036348028,246.95270591010896,-2.662395289430492,-5.760706907692818,3.0983116182623256
2022-07-13,233.49395839638896,239.8858626331602,231.42169476517424,239.05889892578125,1308500,SHW,235.96510368012616,236.41631422395238,239.8858626331602,231.42169476517424,245.7473128108287,246.68699168646125,-1.8607044349751334,-4.980706413149281,3.1200019781741473
2022-07-14,235.7024258770063,238.51408169452608,234.05823688062713,237.8135986328125,1098300,SHW,236.52208577124298,236.19070895203927,238.51408169452608,234.05823688062713,245.20381224385758,246.44241355910353,-1.310734650040672,-4.2467120605275595,2.9359774104868874
2022-07-15,241.88027095536478,242.30834557461736,237.20066539017722,238.9129638671875,1109600,SHW,240.07556144683673,236.35639736164114,242.30834557461736,236.35639736164114,244.78879388455437,246.2439749429493,-0.7772108437168868,-3.5528118171654253,2.7756009734485385
2022-07-18,239.43832350704332,240.39175300387032,235.50784844706047,236.65585327148438,1269600,SHW,237.99844455736462,238.21597940423894,240.39175300387032,235.50784844706047,244.17950343889962,246.07395958472364,-0.5304051644171466,-2.94833048661577,2.417925322198623
2022-07-19,239.53563288919736,241.2868257872288,236.46129205618962,240.7711944580078,1034900,SHW,239.5137362976559,238.10721198080176,241.2868257872288,236.46129205618962,243.56897274245438,245.93783515705175,-0.002705062742620612,-2.35920540184114,2.3565003390985195
2022-07-20,241.5202946542933,243.72876233103557,239.50640229223143,242.76559448242188,1062800,SHW,241.88026343999553,238.81047413922883,243.72876233103557,238.81047413922883,243.1017201438234,245.87883179385688,0.5698634526279136,-1.7733916309473294,2.343255083575243
2022-07-21,243.67041664416186,250.12067732740894,242.95047157507042,249.6342315673828,1087000,SHW,246.59394927850602,240.34536878961217,250.12067732740894,240.34536878961217,242.70806640753443,245.788654325415,1.559888313868072,-1.1067356419842493,2.6666239558523213
2022-07-22,251.63843678006765,256.1040062003217,249.8969522925506,251.9886932373047,1496900,SHW,252.40702212756116,243.46965903405908,256.1040062003217,243.46965903405908,242.4651322943348,245.75146317660375,2.5055926168406586,-0.3842699902192677,2.8898626070599263
2022-07-25,250.82121130024655,252.7961802990556,248.8365187285168,251.9886932373047,1194600,SHW,251.1106508912809,247.93834058081012,252.7961802990556,247.93834058081012,242.3173095812843,245.7523400399107,3.217975274533245,0.3361790627312348,2.88179621180201
2022-07-26,250.03311845576658,250.30552689137517,245.69401578260755,247.39657592773438,1366300,SHW,248.35730926437094,249.5244957360455,250.30552689137517,245.69401578260755,242.07661314981823,245.7291539544279,3.3731150041610647,0.9435662510172008,2.4295487531438638
2022-07-27,220.05835874507247,226.95615679443125,214.7561023648131,225.68167114257812,7253600,SHW,221.86307226172374,248.9409025002082,248.9409025002082,214.7561023648131,241.18800243182326,245.42166112028244,1.7239800515873753,1.0996490111312358,0.6243310404561395
2022-07-28,224.57252697044296,238.9518608878602,224.2611945921612,236.45152282714844,2498400,SHW,231.05927631940318,235.40198738096598,238.9518608878602,224.2611945921612,240.55790997975618,245.24201977430374,1.2714097239630178,1.1340011536975922,0.13740857026542552
2022-07-29,236.41264081615662,239.37022452330908,234.93384154000714,235.38137817382812,1974000,SHW,236.52452126332525,233.23063185018458,239.37022452330908,233.23063185018458,240.00970145429173,245.1762885946355,0.8169751675940233,1.0705959564768786,-0.2536207888828552
2022-08-01,233.86368572104408,237.132602065167,232.35570078386235,236.50021362304688,2162200,SHW,234.96305054828008,234.87757655675492,237.132602065167,232.35570078386235,239.60289235016032,245.18040757231861,0.5408782698910954,0.964652419159722,-0.42377414926862655
2022-08-02,237.47307199920695,238.71837187562667,232.9588562358991,237.00608825683594,1980000,SHW,236.53909709189216,234.92031355251748,238.71837187562667,232.9588562358991,239.29609100047878,245.20111232428172,0.35875385336180443,0.8434727060001386,-0.48471885263833414
2022-08-03,236.20830177842493,236.63637637926092,231.37304506937758,232.83238220214844,1887400,SHW,234.26252635730296,235.72970532220484,236.63637637926092,231.37304506937758,238.96632854580443,245.2354988868799,-0.12096979190954471,0.6505842064182019,-0.7715539983277466
2022-08-04,233.07564590645913,238.12494080086412,233.07564590645913,236.50021362304688,1016700,SHW,235.19411155920733,234.99611583975388,238.12494080086412,233.07564590645913,238.6157968579898,245.29660007161593,-0.20285253691474736,0.47989685775161206,-0.6827493946663594
2022-08-05,233.50365606419962,234.2917105562902,229.33968212232418,230.65309143066406,1955100,SHW,231.9470350433695,235.0951136994806,235.0951136994806,229.33968212232418,238.23821729361532,245.3215419429498,-0.7311310728563285,0.237691271630024,-0.9688223444863525
2022-08-08,233.29940555468005,236.32509898435492,232.24868085919854,233.970703125,1518600,SHW,233.9609721308084,233.52107437142507,236.32509898435492,232.24868085919854,237.84113357152887,245.31724156869703,-0.8720397499249941,0.01574506731902036,-0.8877848172440145
2022-08-09,232.9783404402161,233.68854711438635,225.8859527343106,226.0610809326172,2056700,SHW,229.65348030538257,233.74102325111673,233.74102325111673,225.8859527343106,237.1664344914496,245.2390488667071,-1.6034675236597593,-0.3080974508767356,-1.2953700727830237
2022-08-10,231.43142384471656,240.5182264628993,230.74066438046256,237.132568359375,2464800,SHW,234.95572076186335,231.69725177824967,240.5182264628993,230.74066438046256,236.51785587745178,245.21283497945234,-1.2750547593668955,-0.5014889125747677,-0.7735658467921278
2022-08-11,239.5648146487931,240.6349864200474,235.54676789693394,237.3758087158203,1624800,SHW,238.2805944203987,233.3264862700565,240.6349864200474,233.3264862700565,236.03734582218968,245.17589967487663,-0.9838169838726571,-0.5979545268343456,-0.38586245703831157
2022-08-12,238.46543561120146,244.99354409307483,238.02763740623604,244.7892303466797,1479100,SHW,241.56896186429802,235.8035403452276,244.99354409307483,235.8035403452276,235.66896043734815,245.18186987742527,-0.15304358825881081,-0.5089723391192387,0.35592875086042786
2022-08-15,245.31459736188125,251.2686888723727,244.5265575849217,250.36390686035156,1333600,SHW,247.8684376698818,238.6862511047628,251.2686888723727,238.6862511047628,235.41707929746215,245.228218712601,0.9442948747886533,-0.2183188963376603,1.1626137711263136
2022-08-16,248.4278476918993,251.90107743382634,248.20407196089022,249.32289123535156,1369200,SHW,249.46397208049186,243.2773443873223,251.90107743382634,243.2773443873223,235.17453820881252,245.31415814842174,1.71022781022711,0.16739044497529376,1.5428373652518164
2022-08-17,245.51893387539275,247.25067980000637,243.27155657126767,244.65306091308594,1419500,SHW,245.17355778993817,246.37065823390708,247.25067980000637,243.27155657126767,234.78504075705467,245.35141814029274,1.918305864304699,0.5175735288411748,1.4007323354635242
2022-08-18,244.59453877002144,245.7160489237373,241.308057332402,242.80014038085938,1262600,SHW,243.60469635175502,245.77210801192263,245.77210801192263,241.308057332402,234.31051141818816,245.3857290332032,1.9116576207484854,0.796390347222637,1.1152672735258484
2022-08-19,241.8444037818692,242.70258581034633,238.08980718508434,238.51890563964844,939900,SHW,240.28892560423708,244.68840218183882,244.68840218183882,238.08980718508434,233.8344627239655,245.3842127651496,1.5431406115893367,0.945740400095977,0.5974002114933596
2022-08-22,235.50552049283868,238.47017817994825,234.4717763849738,235.45675659179688,1065400,SHW,235.97605791238942,242.48866389303794,242.48866389303794,234.4717763849738,233.37328814056747,245.22236326724746,0.9925568129997089,0.9551036826767234,0.03745313032298547
2022-08-23,233.4282556654182,234.88133630677135,231.0779759630495,232.1799774169922,1241300,SHW,232.89188633805782,239.23236090271368,239.23236090271368,231.0779759630495,233.1128188372404,245.07538902336378,0.2884810615504989,0.8217791584514785,-0.5332980969009796
2022-08-24,232.35552367823772,236.67574879897785,231.2437753307113,233.59405517578125,1464200,SHW,233.46727574592703,236.06212362038576,236.67574879897785,231.2437753307113,233.1064961424641,244.96357932088384,-0.15362884912940444,0.6266975569353019,-0.7803264060647064
2022-08-25,235.339696023908,238.56766633568066,234.11091139673474,238.4701385498047,825300,SHW,236.62210307653203,234.76469968315638,238.56766633568066,234.11091139673474,233.30263698370186,244.87509154840757,-0.10928518977843282,0.479501007592555,-0.5887861973709878
2022-08-26,238.9285125399475,238.9285125399475,229.69319292601244,229.85897827148438,1184000,SHW,234.35229906934796,235.6934013798442,238.9285125399475,229.69319292601244,233.52109514053151,244.73313623154792,-0.7602277559104209,0.23155525489195983,-0.9917830108023807
2022-08-29,228.03531378296248,230.51236190114366,225.89958316669902,228.21084594726562,1255700,SHW,228.1645261995177,235.02285022459608,235.02285022459608,225.89958316669902,233.79305803959267,244.5024895861539,-1.393036871981053,-0.09336317048264277,-1.2996737014984103
2022-08-30,230.09300762992748,232.26774026806407,228.60092482431693,229.17630004882812,1343600,SHW,230.03449319278417,231.5936882120569,232.26774026806407,228.60092482431693,234.10402615053002,244.28767867226546,-1.795936144310815,-0.43387776524827726,-1.3620583790625378
2022-08-31,232.023922217271,232.09219463688342,226.30914272721787,226.34815979003906,1742500,SHW,229.19335484285284,230.81409070242051,232.09219463688342,226.30914272721787,234.39140995639454,244.03742468647727,-2.3167380889248363,-0.8104498299835892,-1.5062882589412472
2022-09-01,225.3632031465829,227.6257168433895,224.37823797791245,226.57247924804688,1575000,SHW,225.98490930398293,230.00372277263668,230.00372277263668,224.37823797791245,234.6552425979476,243.73009131427057,-2.680477797155447,-1.1844554234179607,-1.4960223737374865
2022-09-02,229.42012223619167,230.40508743583538,225.1291673474778,226.06536865234375,1199100,SHW,227.75493641796214,227.99431603830982,230.40508743583538,225.1291673474778,234.8675479974462,243.4636569850474,-2.975365561413213,-1.5426374510170113,-1.4327281103962015
2022-09-06,226.73826219781077,226.98206678081917,222.222996558687,222.72036743164062,1303000,SHW,224.6659232422394,227.87462622813598,227.87462622813598,222.222996558687,234.90546155663637,243.18426500230535,-3.439333387923,-1.9219766383982093,-1.5173567495247906
2022-09-07,223.91014087026585,232.7943807037455,222.5838433086265,232.73585510253906,1434500,SHW,228.0060549962942,226.27027473518768,232.7943807037455,222.5838433086265,235.01504166682443,242.96955341569108,-2.9646899803826443,-2.1305193067950965,-0.8341706735875478
2022-09-08,230.8829359582067,235.154396937531,229.65416623896914,234.8130645751953,1179700,SHW,232.62614092747555,227.13816486574095,235.154396937531,227.13816486574095,235.2575447729963,242.80429441228497,-2.3933294042302293,-2.183081326282123,-0.21024807794810618
2022-09-09,235.2226338415909,236.35389055850456,233.57451265379666,234.39370727539062,1318300,SHW,234.88618608232068,229.88215289660826,236.35389055850456,229.88215289660826,235.60089778444075,242.74137420779164,-1.951860823990046,-2.1368372258237076,0.1849764018336617
2022-09-12,235.9345865258535,238.75298206082354,235.0276405329002,236.94882202148438,1477800,SHW,236.66600778526538,232.38416948946445,238.75298206082354,232.38416948946445,235.99453787356808,242.68288171398603,-1.379910636660611,-1.9854519079910884,0.6055412713304773
2022-09-13,230.27832104968343,230.87320485727386,224.55377903480925,225.138916015625,1084200,SHW,227.7110552393479,234.52508863736492,234.52508863736492,224.55377903480925,236.07297144457726,242.49016546632825,-1.858176802192844,-1.9599968868314397,0.10182008463859571
2022-09-14,224.35872787573672,224.70006024540916,218.322123998316,220.25306701660156,1360900,SHW,221.90849478401586,231.11807193835642,231.11807193835642,218.322123998316,235.89545201178274,242.2395454720541,-2.601465293034039,-2.08829056807196,-0.513174724962079
2022-09-15,220.38960132662015,224.16369159734552,217.99055762667035,218.32212829589844,1100000,SHW,220.21649471163363,226.51328336118615,226.51328336118615,217.99055762667035,235.56671324151714,242.0348545406367,-3.308202495281563,-2.3322729535138804,-0.9759295417676825
2022-09-16,214.25547493333568,217.63948389959958,214.25547493333568,216.0693817138672,2410700,SHW,215.55495387003452,223.3648890364099,223.3648890364099,214.25547493333568,235.1823947816038,241.80698930298374,-4.003919945235452,-2.6666023518581947,-1.3373175933772576
2022-09-19,215.38673205283632,217.97105480818536,215.1039252700563,217.64923095703125,1159800,SHW,216.5277357720273,219.4599214532222,219.4599214532222,215.1039252700563,234.87901897990295,241.3456812585842,-4.377341142237668,-3.0087501099340894,-1.3685910323035788
2022-09-20,214.5480471950723,215.05516492775223,211.69066443650533,213.40704345703125,1188000,SHW,213.67523000409028,217.99382861262475,217.99382861262475,211.69066443650533,234.4929567187842,240.79239257578777,-4.9584314972424295,-3.398686387395758,-1.5597451098466717
2022-09-21,214.63584148614112,215.66957074120793,208.36519351631136,208.5407257080078,1197100,SHW,211.80283286291706,215.8345293083575,215.8345293083575,208.36519351631136,233.92570177111028,240.17983106729528,-5.745391664222467,-3.8680274427611,-1.877364221461367
2022-09-22,206.4732298496919,207.233898970756,202.5333393902127,202.89418029785156,2213900,SHW,204.78366212712803,213.81868108563728,213.81868108563728,202.5333393902127,233.30207294005035,239.5246928754395,-6.746918019627003,-4.443805558134281,-2.303112461492722
2022-09-23,201.35330911125305,207.66297224894953,201.28503669245066,205.985595703125,1610600,SHW,204.07172843894455,209.30117160638264,209.30117160638264,201.28503669245066,232.65306579340438,238.92843901863097,-7.208093074641482,-4.996663061435722,-2.21143001320576
2022-09-26,205.81984891492706,207.05838046526833,201.71417285120071,203.82064819335938,1783300,SHW,204.60326260618888,206.6864500226636,207.05838046526833,201.71417285120071,231.94361981659142,238.36620685057292,-7.6599714168177115,-5.52932473251212,-2.1306466843055913
2022-09-27,206.1709033621696,207.4386901220755,200.93397099803784,203.3915252685547,1538200,SHW,204.4837724377094,205.64485631442625,207.4386901220755,200.93397099803784,231.27332637419832,237.72641490654897,-7.960946061620348,-6.015648998333766,-1.9452970632865814
2022-09-28,206.43419672048933,208.88200410737355,203.02093276772473,207.78976440429688,1579500,SHW,206.53172449997112,205.06431437606784,208.88200410737355,203.02093276772473,230.61368613824462,237.09132944034948,-7.7551726920290776,-6.363553737072829,-1.3916189549562485
2022-09-29,206.00515914234407,206.40498741386554,201.20708595820744,202.6894073486328,1100800,SHW,204.07665996576247,205.79801943801948,206.40498741386554,201.20708595820744,229.85761406875997,236.4796671062917,-7.912442293604215,-6.673331448379106,-1.2391108452251087
2022-09-30,203.2452516848556,205.52725896031865,199.50041694348275,199.6759490966797,1512200,SHW,201.98721917133417,204.93733970189098,205.52725896031865,199.50041694348275,228.96547946661653,235.83677293707547,-8.18587876743166,-6.975840912189618,-1.2100378552420423
2022-10-03,201.7141521118487,210.705666140239,201.52885825163787,209.0673065185547,1606400,SHW,205.75399575557006,203.46227943661256,210.705666140239,201.52885825163787,228.03241893917672,235.24877561675578,-7.557655141848528,-7.0922037581214,-0.46545138372712813
2022-10-04,211.8759338780742,215.91333726164476,211.3103054480236,214.07017517089844,1704400,SHW,213.29243793966026,204.6081375960913,215.91333726164476,204.6081375960913,227.27605468014428,234.79668213071426,-6.580240783249138,-6.989811163146948,0.40957037989780964
2022-10-05,211.22253097905818,214.26522223644477,211.22253097905818,211.9832000732422,1363200,SHW,212.17337106695084,208.95028776787578,214.26522223644477,208.95028776787578,226.5523759161959,234.31449453300706,-5.905954147883193,-6.773039760094197,0.867085612211004
2022-10-06,211.91493578839652,215.02588449084277,210.5008722547346,211.3980712890625,1178100,SHW,212.2099409557591,210.56182941741332,215.02588449084277,210.5008722547346,226.3593132900766,233.77365786094992,-5.357039517227548,-6.489839711520868,1.1328001942933197
2022-10-07,208.4139353204117,209.47691982805233,198.99332180124526,200.50491333007812,1198900,SHW,204.34727256994685,211.38588518658622,211.38588518658622,198.99332180124526,225.82507321508746,233.19149159742182,-5.734899179200028,-6.3388516050567,0.6039524258566722
2022-10-10,200.06605027882281,202.33831095320895,195.27773920890982,200.699951171875,1621700,SHW,199.59551290320414,207.86657887826652,207.86657887826652,195.27773920890982,225.08649304788506,232.54809725108836,-5.950029523232274,-6.261087188691815,0.3110576654595407
2022-10-11,199.12984763972287,203.38180046242553,197.35494300755872,199.44190979003906,1228300,SHW,199.82712522493654,203.73104589073534,203.73104589073534,197.35494300755872,224.38377454141818,231.99333344578926,-6.151128911287401,-6.239095533210932,0.08796662192353111
2022-10-12,200.94376599609723,201.24608133679527,196.0969290754376,196.51626586914062,1399100,SHW,198.70076056936767,201.77908555783594,201.77908555783594,196.0969290754376,223.62700781096765,231.46154940572325,-6.471971776971628,-6.285670781963072,-0.18630099500855657
2022-10-13,193.22001443950717,201.9579624315442,190.40163403251975,200.58290100097656,1797200,SHW,196.5406279761369,200.2399230636018,201.9579624315442,190.40163403251975,222.87256984334437,230.9194491945744,-6.325185786270424,-6.293573782824542,-0.031612003445881776
2022-10-14,201.60688519267035,204.05469277313279,196.46749520571237,196.7015380859375,1181000,SHW,199.70765281436326,198.39027551986936,204.05469277313279,196.46749520571237,222.1628406684475,230.38931876321863,-6.4477250199831815,-6.324404030256271,-0.12332098972691075
2022-10-17,200.52440343328206,204.95190331982576,200.52440343328206,203.9376678466797,1304500,SHW,202.48459450826738,199.0489641671163,204.95190331982576,199.0489641671163,221.57359185774544,229.90590457568035,-5.893012073801657,-6.238125638965348,0.3451135651636914
2022-10-18,209.70118996600957,213.41676931000958,206.0831384043197,207.3606719970703,1270700,SHW,209.1404424193523,200.76677933769184,213.41676931000958,200.76677933769184,221.0771812635163,229.4591574175226,-5.118190920792955,-6.01413869533087,0.8959477745379152
2022-10-19,204.81536922338213,206.06364756474937,200.23184579361322,202.10426330566406,1046500,SHW,203.30378147185218,204.95361087852206,206.06364756474937,200.23184579361322,220.55018728684573,228.85831088914765,-4.872125002271048,-5.785735956718906,0.9136109544478579
2022-10-20,201.2168107461256,203.62560134254053,194.83887418826566,196.2334442138672,1704800,SHW,198.97868262269975,204.12869617518712,204.12869617518712,194.83887418826566,219.83064652406247,228.1742512007571,-5.092142970840001,-5.647017359543125,0.5548743887031238
2022-10-21,194.56578480327235,202.777120560323,194.07817568553313,202.66986083984375,2082600,SHW,198.52273547224306,201.55368939894345,202.777120560323,194.07817568553313,219.03548934509934,227.5364175836445,-4.693045261283771,-5.456222939891255,0.7631776786074838
2022-10-24,203.89866778282394,209.62319511113984,202.3578209030406,207.26316833496094,2003700,SHW,205.78571303299134,200.03821243559327,209.62319511113984,200.03821243559327,218.3198243684732,226.99439240291068,-3.960462181408019,-5.157070788194608,1.1966086067865893
2022-10-25,219.32659566798475,222.90566002105567,213.70934346462502,214.74307250976562,2812500,SHW,217.67116791585778,202.9119627342923,222.90566002105567,202.9119627342923,217.7158789733927,226.56647913542744,-2.744680094268432,-4.674592649409373,1.929912555140941
2022-10-26,214.01166475738975,216.94708152583627,210.0425337955087,215.40623474121094,2100300,SHW,214.1018787049864,210.29156532507506,216.94708152583627,210.0425337955087,217.00863710588263,226.09158765734756,-1.7079640349495548,-4.08126692651741,2.373302891567855
2022-10-27,216.69352087345607,218.95603465582246,215.81583028447173,216.35220336914062,1755000,SHW,216.9543972957227,212.19672201503073,218.95603465582246,212.19672201503073,216.4442538959983,225.61464732652647,-0.8007962456773896,-3.425172790349406,2.624376544672016
2022-10-28,216.33267224108573,221.9694326934785,216.1181230296258,220.62362670898438,1469300,SHW,218.76096366829358,214.5755596553767,221.9694326934785,214.5755596553767,215.94737924232905,225.1289453302586,0.25981395531454154,-2.6881754412166163,2.947989396531158
2022-10-31,219.61920027408706,222.65213036357687,218.63423495935172,219.4534149169922,1666000,SHW,220.08974512850196,216.66826166183515,222.65213036357687,216.66826166183515,215.54339563281437,224.6889291783899,0.9944652922824844,-1.9516472945167964,2.9461125867992806
2022-11-01,221.41358299339308,221.94995609922526,215.94260707520922,219.2095947265625,2148900,SHW,219.62893522359752,218.37900339516855,221.94995609922526,215.94260707520922,215.2164531790385,224.294870659803,1.5392638426101826,-1.2534650670914007,2.7927289097015833
2022-11-02,219.4241283523556,219.83371827293522,210.09128161705624,210.38385009765625,1777100,SHW,214.93324458500084,219.00396930938302,219.83371827293522,210.09128161705624,214.8572803439774,223.9850495906089,1.244510840787683,-0.753869885515584,1.998380726303267
2022-11-03,207.1363739399451,214.49927554218718,206.61950939902775,211.80767822265625,1767600,SHW,210.01570927595407,216.96860694719192,216.96860694719192,206.61950939902775,214.38824901457795,223.74737257852104,1.1129782727981024,-0.38050025385284675,1.4934785266509492
2022-11-04,215.06488628594408,215.59151249076845,207.73124064735146,210.87144470214844,1774000,SHW,212.3147710315531,213.492158111573,215.59151249076845,207.73124064735146,213.90210237367836,223.6023696786901,0.9225568828763357,-0.11988882650701024,1.042445709383346
2022-11-07,212.19776984613262,216.53748878602698,210.36436935775652,215.88409423828125,1343100,SHW,213.74593055704935,212.90346457156306,216.53748878602698,210.36436935775652,213.48997500343236,223.50553507198194,1.1627223451319537,0.13663340782078257,1.0260889373111712
2022-11-08,217.99054770560076,222.62283467941302,216.25466030376106,219.83370971679688,1273800,SHW,219.17543810139293,213.3246975643062,222.62283467941302,213.3246975643062,213.31019324146985,223.55162564053128,1.6527048127621526,0.4398476888090566,1.212857123953096
2022-11-09,218.6927462397395,220.38963176826695,215.9523846655329,216.49850463867188,988200,SHW,217.8833168280528,216.25006783284957,220.38963176826695,215.9523846655329,213.06716971417526,223.58559793235264,1.7517037220492284,0.702218895457091,1.0494848265921375
2022-11-10,228.31809383474103,238.79194328423577,225.99708449920135,233.07716369628906,2699300,SHW,231.54607132861682,217.0666923304512,238.79194328423577,217.0666923304512,213.11422404389054,223.75281700014253,3.1318186473455967,1.1881388458347921,1.9436798015108046
2022-11-11,231.63385400000826,236.37341551722167,230.278301162814,231.3607940673828,1913100,SHW,232.4115911868567,224.30638182953402,236.37341551722167,224.30638182953402,213.24275768154803,223.9490001397478,4.040496653777922,1.7586104074234181,2.2818862463545035
2022-11-14,230.87321359107048,231.73139567990614,227.38192986960678,228.2791290283203,2775900,SHW,229.56641704222594,228.35898650819536,231.73139567990614,227.38192986960678,213.27898729403333,224.07326764573972,4.460547491555786,2.298997824249892,2.1615496673058945
2022-11-15,233.077183508711,237.52417676295212,231.97518202152676,234.62777709960938,1799200,SHW,234.3010798481998,228.96270177521063,237.52417676295212,228.96270177521063,213.4716904261525,224.1885759913944,5.2452595611249535,2.8882501716249043,2.3570093895000492
2022-11-16,234.04270523570528,237.14389308284157,233.18450814966064,234.84237670898438,1539900,SHW,234.80337079429796,231.6318908117052,237.14389308284157,231.6318908117052,213.6076367421126,224.31133920446854,5.817406484058068,3.4740814341115374,2.343325049946531
2022-11-17,232.80881124307885,233.34650914613087,226.49315822649302,231.8115997314453,1521100,SHW,231.115019586787,233.21763080300158,233.34650914613087,226.49315822649302,213.57741431529882,224.41747954414757,5.957603129355164,3.9707857731602627,1.986817356194901
2022-11-18,234.6370173376438,239.41774596918552,232.2906531313953,234.67611694335938,1394800,SHW,235.255383345396,232.16632519489428,239.41774596918552,232.16632519489428,213.58479826056032,224.5928480225005,6.228059388252234,4.422240496178657,1.8058188920735772
2022-11-21,235.1258709821715,238.51833276731506,233.40520469799839,233.91357421875,1583000,SHW,235.24074566655872,233.71085427014515,238.51833276731506,233.40520469799839,213.55629301818618,224.77541544587712,6.308150662766849,4.7994225294962956,1.5087281332705533
2022-11-22,234.67611372368023,238.1370180359071,230.35488383713619,238.00991821289062,2046800,SHW,235.29448345240354,234.47579996835194,238.1370180359071,230.35488383713619,213.70796158244727,224.89046651351225,6.625786359850565,5.1646952955671495,1.4610910642834156
2022-11-23,238.1468065955043,244.47223108971122,236.2403837001622,244.41357421875,1380500,SHW,240.81824890103192,234.88514171037775,244.47223108971122,234.88514171037775,214.0861566647876,224.99080433828516,7.309971657351099,5.59375056792394,1.716221089427159
2022-11-25,242.45825153922542,244.28646019446805,241.42194043159444,243.9442901611328,403900,SHW,243.02773558160519,237.85169530570482,244.28646019446805,237.85169530570482,214.54238148218704,225.05454736185212,7.725273983761241,6.0200552510914,1.7052187326698407
2022-11-28,241.84232092588675,244.2180284505055,239.6328277472414,240.07276916503906,817000,SHW,241.44148657216817,240.43971544365502,244.2180284505055,239.6328277472414,215.0601121362297,225.12125345891673,7.653776707228815,6.346799542318884,1.3069771649099309
2022-11-29,239.52528283428288,241.43170557123676,234.25572720864145,236.17193603515625,1239100,SHW,237.84616291232933,240.9406010079116,241.43170557123676,234.25572720864145,215.48648067903576,225.18274982946934,7.199360224288483,6.5173116787128045,0.6820485455756788
2022-11-30,232.2026396560575,244.01270397796196,231.34231411905236,243.6118621826172,2873600,SHW,237.79237998392225,239.39338196012045,244.01270397796196,231.34231411905236,215.9688236786324,225.2308901987083,7.354790305266164,6.684807404023477,0.6699829012426868
2022-12-01,247.64960390109673,247.64960390109673,243.3283737627968,245.9875946044922,1061000,SHW,246.1537940423706,238.59288097202136,247.64960390109673,238.59288097202136,216.65584290222148,225.2907723366659,7.582267851876708,6.864299493594124,0.717968358282584
2022-12-02,242.82975656367208,253.88702325140252,241.16773247850696,251.99037170410156,1769300,SHW,247.46872099942078,242.37333750719597,253.88702325140252,241.16773247850696,217.5095440796673,225.40580850985884,8.152937403727009,7.122027075620701,1.030910328106308
2022-12-05,248.07978337381044,250.7683327502754,247.26832849913887,247.92335510253906,1431600,SHW,248.50994993144093,244.92102925330838,250.7683327502754,244.92102925330838,218.39830850951722,225.5256871514608,8.182697837630627,7.334161228022687,0.8485366096079403
2022-12-06,248.72501793091885,249.8395431640073,243.80741831390566,247.79624938964844,1150600,SHW,247.54205719962005,246.71548959237464,249.8395431640073,243.80741831390566,219.25708440138587,225.60035210898866,8.10262481202389,7.487853944822928,0.6147708672009626
2022-12-07,247.69849594105642,249.7515759539028,244.4038056985354,245.508544921875,1285700,SHW,246.8406056288424,247.12877339599734,249.7515759539028,244.4038056985354,220.10422106520852,225.68877371970342,7.765056987557756,7.543294553369894,0.22176243418786168
2022-12-08,245.89959466334875,248.89121420273912,244.296242332272,248.7641143798828,1153900,SHW,246.96279139456067,246.9846895124199,248.89121420273912,244.296242332272,220.91284240310029,225.7632642706725,7.671793640394839,7.568994370774884,0.10279926961995489
2022-12-09,248.5099575789427,249.51694034966923,246.3200065000795,247.22923278808594,972700,SHW,247.89403430419435,246.97374045349028,249.51694034966923,246.3200065000795,221.78918988986896,225.82340197931447,7.388855521871477,7.532966600994203,-0.1441110791227258
2022-12-12,248.98897486162667,248.98897486162667,243.46523436878397,248.2068634033203,1402700,SHW,247.4125118738394,247.43388737884231,248.98897486162667,243.46523436878397,222.69769574391907,225.83158760526777,7.16096450348158,7.458566181491679,-0.29760167801009896
2022-12-13,256.0280964146253,259.7040858939448,249.33115892259923,253.0755615234375,1312700,SHW,254.53472568865172,247.42319962634087,259.7040858939448,247.42319962634087,223.6733103425807,225.8528646408787,7.289197151037541,7.424692375400852,-0.13549522436331074
2022-12-14,248.3241745417025,253.14400273741123,243.0839472696215,243.123046875,1742900,SHW,246.91879285593382,250.9789626574963,253.14400273741123,243.0839472696215,224.34583744090617,225.81094606052523,6.5126637587796665,7.242286652076615,-0.7296228932969484
2022-12-15,240.51273682310074,240.51273682310074,235.83955030999007,238.73341369628906,1324600,SHW,238.89960941312015,248.94887775671506,248.94887775671506,235.83955030999007,224.88036220782956,225.71636906201275,5.479880092369569,6.889805340135206,-1.4099252477656368
2022-12-16,236.6020927781108,238.09790254360115,233.1803030028129,235.0965118408203,2295300,SHW,235.7442025413363,243.9242435849176,243.9242435849176,233.1803030028129,225.3510474395411,225.8551803648089,4.318147099248819,6.375473691957929,-2.05732659270911
2022-12-19,234.31441451071598,236.21106632229163,231.85072139026974,232.78927612304688,1026100,SHW,233.79136958658106,239.83422306312696,239.83422306312696,231.85072139026974,225.9399293798738,225.88250129748064,3.1746947869899884,5.735317910964341,-2.560623123974352
2022-12-20,231.79203860121206,235.11607194524422,231.1370120550157,233.24874877929688,952800,SHW,232.82346784519223,236.812796324854,236.812796324854,231.1370120550157,226.60448847871353,225.84549076329927,2.2793018221918544,5.044114693209844,-2.7648128710179893
2022-12-21,234.12863114703376,236.89539441189646,233.19009143891546,236.79763793945312,1046500,SHW,235.25293873432472,234.8181320850231,236.89539441189646,233.19009143891546,227.3130047489013,225.84838964515976,1.8349104372235274,4.402273842012581,-2.5673634047890532
2022-12-22,233.83535220732105,236.13284581770768,232.40798525953184,235.90798950195312,934200,SHW,234.57104319662844,235.0355354096739,236.13284581770768,232.40798525953184,228.03041040144655,225.82870910620713,1.3948607823369912,3.800791230077463,-2.405930447740472
2022-12-23,235.31162408357068,238.77251386276967,233.5029575981866,237.24737548828125,605000,SHW,236.20861775820205,234.8032893031512,238.77251386276967,233.5029575981866,228.82377019708784,225.8481700202161,1.1410422905821065,3.268841442178392,-2.1277991515962853
2022-12-27,236.42614252229143,237.26692582185194,233.73759318179017,234.0699920654297,653300,SHW,235.37516339784082,235.5059535306766,237.26692582185194,233.73759318179017,229.53712040875737,225.84998053860244,0.6757118340728141,2.7502155205572762,-2.074503686484462
2022-12-28,234.6370174451243,236.85629674544896,231.8898114193888,232.17332458496094,861100,SHW,233.88911254873074,235.44055846425871,236.85629674544896,231.8898114193888,230.1652107695666,225.86940131365606,0.15213516076948963,2.230599448599719,-2.0784642878302293
2022-12-29,233.96244137719066,236.690105149254,233.65937093981034,235.9275360107422,605200,SHW,235.05986336924929,234.66483550649474,236.690105149254,233.65937093981034,230.68359918856459,225.88039022604048,0.03967303575632286,1.7924141660310398,-1.752741130274717
2022-12-30,234.2655247226042,235.47782145674327,229.85630908463844,232.02670288085938,877700,SHW,232.9065895362113,234.862349437872,235.47782145674327,229.85630908463844,231.27565534985177,225.91292131834874,-0.36006800173188935,1.361917732478454,-1.7219857342103433
2023-01-03,235.20407116143835,235.70266947952308,231.6160817029582,234.02110290527344,1006100,SHW,234.13598131229827,233.88446948704166,235.70266947952308,231.6160817029582,231.97880132364372,225.90472392385308,-0.5100546473693157,0.9875232565089,-1.4975779038782158
2023-01-04,236.99318019992202,239.62307262887904,235.30182753610129,238.72361755371094,790100,SHW,237.66042447965333,234.01022539966996,239.62307262887904,234.01022539966996,232.76155510379195,225.89852222444563,-0.2466235898324669,0.7406938872406267,-0.9873174770730936
2023-01-05,234.4415038883048,235.7515570687132,221.43869872778882,222.6607666015625,1601800,SHW,228.57313157159234,235.83532493966163,235.83532493966163,221.43869872778882,233.21730347456395,225.7685639215186,-1.3187882379184828,0.3287974622088048,-1.6475857001272876
2023-01-06,224.33257404014068,231.90939526362766,223.01273469859822,230.53089904785156,1400000,SHW,227.44640076255453,232.204228255627,232.204228255627,223.01273469859822,233.4128081314979,225.56434355244528,-1.515957516482274,-0.040153533529410985,-1.475803982952863
2023-01-09,231.8018300134569,235.87864646993677,228.83953881185772,230.73617553710938,1047400,SHW,231.8140477080902,229.82531450909076,235.87864646993677,228.83953881185772,233.76705151156,225.3878443087213,-1.6367836698722726,-0.3594795607979833,-1.2773041090742894
2023-01-10,228.71242245810913,230.59928787487297,227.42191177317343,228.8688507080078,865800,SHW,228.90061820354083,230.8196811085905,230.8196811085905,227.42191177317343,234.00597592971636,225.22511491285732,-1.8617556149366692,-0.6599347716257206,-1.2018208433109487
2023-01-11,231.86050904457758,238.5085616029321,231.44989600803797,238.31301879882812,1459100,SHW,235.03299636359395,229.86014965606566,238.5085616029321,229.86014965606566,234.33141658362234,225.13939791297568,-1.263418167329803,-0.7806314507665371,-0.482786716563266
2023-01-12,238.7040547492417,241.06020496826835,233.2194140515382,238.29344177246094,1077600,SHW,237.8192788853773,232.44657300982982,241.06020496826835,232.44657300982982,234.68600725875984,225.1147014457871,-0.7817990390593934,-0.7808649684251083,-0.000934070634285078
2023-01-13,235.6439912672881,240.9428752554225,235.6439912672881,240.3856201171875,827100,SHW,238.15411947679655,235.13292594760355,240.9428752554225,235.13292594760355,235.05651094382384,225.13648206143117,-0.2286553066293493,-0.6704230360659565,0.44176772943660725
2023-01-17,240.982016329157,242.89821042346784,239.32977815781027,242.2627410888672,1379100,SHW,241.36818649982558,236.64352271220005,242.89821042346784,236.64352271220005,235.58520978212033,225.22124506304885,0.35706701488578574,-0.46492502587560813,0.8219920407613939
2023-01-18,243.92472710867784,244.33534008962425,238.63561421514285,238.8115997314453,1382100,SHW,241.42682028622255,239.0058546060128,244.33534008962425,238.63561421514285,236.21343200232567,225.3008405084518,0.5365924061943588,-0.26462153946161476,0.8012139456559735
2023-01-19,236.40656328513143,238.2641152438739,228.64398643305745,229.10348510742188,1435400,SHW,233.10453751737117,240.21633744611768,240.21633744611768,228.64398643305745,236.62922733204206,225.2656648528602,-0.1033053045964607,-0.23235829248858397,0.12905298789212327
2023-01-20,230.74596743945332,240.8060234210354,229.41635702138237,239.828369140625,1648400,SHW,235.19917925562402,236.66043748174442,240.8060234210354,229.41635702138237,237.05829230601353,225.27413365472296,0.25207390816876796,-0.1354718523571136,0.3875457605258815
2023-01-23,238.82140220465038,242.1845355383226,236.76832211300913,240.5420684814453,1110900,SHW,239.57908208435686,235.92980836868423,242.1845355383226,235.92980836868423,237.46636518567283,225.38827921357137,0.5845655589400849,0.008535629902326106,0.5760299290377587
2023-01-24,241.0211089067288,244.159385715252,237.9610462308907,243.78787231445312,1133300,SHW,241.73235329183115,237.75444522652055,244.159385715252,237.75444522652055,237.9433459149484,225.50525781456182,1.0973275220471237,0.22629400833128563,0.871033513715838
2023-01-25,240.0434651559079,243.79765418256864,239.23201027624896,241.568603515625,1608800,SHW,241.16043328258763,239.74339925917585,243.79765418256864,239.23201027624896,238.13563315402783,225.6249285989592,1.3095232582267897,0.4429398583103865,0.8665833999164032
2023-01-26,215.86606669324652,225.1342250342269,214.17472897613408,220.03086853027344,7703000,SHW,218.80147230847024,240.45191627088172,240.45191627088172,214.17472897613408,237.8634307764601,225.55309422900405,-0.25725977645510056,0.3028999313572891,-0.5601597078123897
2023-01-27,220.0699571749213,225.49592582353299,220.0699571749213,223.43307495117188,2871700,SHW,222.26722878113688,229.62669428967598,229.62669428967598,220.0699571749213,237.71744701123828,225.49821715263582,-1.210463524735843,0.0002272401386626789,-1.2106907648745058
2023-01-30,225.31998335978238,227.65657649491143,224.6453995189684,225.7208251953125,2315700,SHW,225.83569614224368,225.94696153540644,227.65657649491143,224.6453995189684,237.54813933711918,225.50991488163584,-1.7609825271356385,-0.35201471331619755,-1.408967813819441
2023-01-31,226.65936482361334,231.78227862413735,226.1705376833358,231.30322265625,2244400,SHW,228.97885094683414,225.89132883882507,231.78227862413735,225.89132883882507,237.4316489401699,225.51964284114126,-1.7269132013383341,-0.6269944109206249,-1.0999187904177092
2023-02-01,230.87304208168314,239.00713249341644,229.76830293808027,237.78506469726562,1818100,SHW,234.35838555261137,227.4350898928296,239.00713249341644,227.4350898928296,237.49651625948638,225.5369652873926,-1.1634707667285227,-0.7342896820822045,-0.4291810846463182
2023-02-02,238.49873733766245,242.21382625367414,236.96382801231175,239.86746215820312,1678000,SHW,239.38596344046286,230.8967377227205,242.21382625367414,230.8967377227205,237.57912786138772,225.581963060974,-0.5426511613414391,-0.6959619779340515,0.15331081659261236
2023-02-03,236.3772395771152,237.56020776446633,234.72500153428663,236.32835388183594,1691900,SHW,236.24770068942604,235.14135058159167,237.56020776446633,234.72500153428663,237.59926696184505,225.5777799900156,-0.33239200353935416,-0.6232479830551121,0.2908559795157579
2023-02-06,235.49736871443946,238.7431731802019,234.07975806831794,237.5993194580078,1342400,SHW,236.47990485524178,235.69452563550885,238.7431731802019,234.07975806831794,237.62297538990185,225.66546848617455,-0.062483534757177495,-0.5110950933955252,0.4486115586383477
2023-02-07,235.643998321754,236.9736086738526,229.24036011923627,233.11187744140625,2156600,SHW,233.74246113906227,236.08721524537532,236.9736086738526,229.24036011923627,237.48145963466246,225.78380814972505,-0.2082773051580773,-0.4505315357480356,0.24225423058995832
2023-02-08,227.09932722099452,232.31022680730678,226.2194442544354,230.24737548828125,1268400,SHW,228.96909344275448,234.91483819221878,234.91483819221878,226.2194442544354,237.20028679188545,225.8713341370362,-0.5486369414176693,-0.47015261688196236,-0.07848432453570692
2023-02-09,231.32280480906414,233.4247557712982,225.67196365285383,226.33676147460938,1228200,SHW,229.1890714269564,231.94196581748662,233.4247557712982,225.67196365285383,236.9552384889812,226.00767531260547,-1.1210060143194767,-0.6003232963694652,-0.5206827179500114
2023-02-10,225.02669728415896,227.06999127118115,223.78507209737467,225.3395538330078,1451800,SHW,225.30532862143065,230.5655186222215,230.5655186222215,223.78507209737467,236.7044218031632,226.09545124109948,-1.6362176523694814,-0.8075021675694686,-0.8287154848000128
2023-02-13,226.38560450319784,230.43309230052895,225.72080680675836,227.87164306640625,1575700,SHW,227.60278666922284,227.9354236218261,230.43309230052895,225.72080680675836,236.50062993686927,226.2347268077508,-1.8192371148171276,-1.0098491570190005,-0.8093879577981271
2023-02-14,226.7669219970703,228.71245951110086,224.88005627462124,226.7669219970703,1246200,SHW,226.78158994496567,227.76910514552446,228.71245951110086,224.88005627462124,236.11318585492114,226.38451437857128,-2.0300222819260796,-1.2138837820004162,-0.8161384999256633
2023-02-15,226.4834104268924,228.9177602123368,224.1468171258093,227.45127868652344,1906700,SHW,226.74981661289047,227.27534754524507,228.9177602123368,224.1468171258093,235.69880776719052,226.60417592342895,-2.117440642389255,-1.394595154078184,-0.7228454883110709
2023-02-16,222.9051809341794,225.54484456694107,221.81998406186597,222.05462646484375,1712400,SHW,223.08115900695753,227.01258207906778,227.01258207906778,221.81998406186597,235.19023194870087,226.79427022910906,-2.59230260468226,-1.6341366441989993,-0.9581659604832606
2023-02-17,221.09649584598287,223.11047606978792,219.23895879544582,222.88560485839844,1594900,SHW,221.58288389240377,225.04687054301266,225.04687054301266,219.23895879544582,234.67104848255656,226.9640664419712,-2.868514667908215,-1.8810122489408425,-0.9875024189673727
2023-02-21,221.38979836986235,222.25991004166158,216.65795545620847,218.2319793701172,2326000,SHW,219.63491080946238,223.31487721770822,223.31487721770822,216.65795545620847,234.12693458616894,227.11557782568875,-3.4234598883851106,-2.189501776829696,-1.2339581115554146
2023-02-22,219.7571172594074,219.87443099364327,217.0587969472448,217.65516662597656,2339200,SHW,218.58637795656801,221.4748940135853,221.4748940135853,217.0587969472448,233.55940631740907,227.23612436025473,-3.8652457941216767,-2.524650580288092,-1.3405952138335846
2023-02-23,218.02665086012055,219.17050444772198,214.507104802382,218.06576538085938,1718500,SHW,217.442506372771,220.03063598507666,220.03063598507666,214.507104802382,232.9503757587806,227.36978282432474,-4.134571651000158,-2.8466347944305053,-1.2879368565696527
2023-02-24,214.688577490636,217.2471953823532,212.39464833485957,216.72763061523438,1423100,SHW,215.26451295577078,218.73657117892384,218.73657117892384,212.39464833485957,232.3074157804192,227.50255576216915,-4.405210105345134,-3.158349856613431,-1.2468602487317026
2023-02-27,219.39409233885195,220.24696001745713,216.52176694749784,217.57070922851562,1173900,SHW,218.4333821330806,217.0005420673473,220.24696001745713,216.52176694749784,231.58538890930785,227.62934962594423,-4.4997928214466185,-3.426638449580069,-1.0731543718665497
2023-02-28,216.91392848752486,219.3451012877494,216.18849125913798,216.9923553466797,1675400,SHW,217.359969095273,217.71696210021395,219.3451012877494,216.18849125913798,230.99421243409458,227.6700249375004,-4.568752890772885,-3.655061337818632,-0.9136915529542526
2023-03-01,214.68859702812765,216.57079663172325,213.34557269185197,214.69839477539062,1515300,SHW,214.82584028177337,217.53846559774348,217.53846559774348,213.34557269185197,230.51273705146767,227.6965496296486,-4.753709880794872,-3.8747910464138804,-0.8789188343809919
2023-03-02,212.48290519450666,220.74693903311524,211.99274855045934,219.6097869873047,1350100,SHW,216.20809494134647,216.18215293975842,220.74693903311524,211.99274855045934,230.12201489946787,227.73653116950447,-4.452653900166041,-3.990363617164313,-0.46229028300172814
2023-03-03,221.8743022917164,224.31528769810856,219.79604296382166,223.8447265625,1297500,SHW,222.45758987903668,216.19512394055243,224.31528769810856,216.19512394055243,229.89533930531695,227.91763434259542,-3.8282113976615904,-3.9579331732637684,0.129721775602178
2023-03-06,224.47211042951156,226.01120932038813,220.0509033203125,220.0509033203125,1861500,SHW,222.64628159763117,219.32635690979455,226.01120932038813,219.32635690979455,229.69179558036575,228.14814202953966,-3.5979906483792092,-3.885944668286857,0.2879540199076476
2023-03-07,219.63918792529566,220.63911163443257,215.05131411037985,216.15907287597656,1310100,SHW,217.87217163652116,220.98631925371285,220.98631925371285,215.05131411037985,229.3441802384097,228.3285924936555,-3.687074932696106,-3.846170721168707,0.15909578847260075
2023-03-08,216.0904683625649,217.99227868837025,214.18867299515446,215.69834899902344,1035000,SHW,215.99244226127826,219.429245445117,219.429245445117,214.18867299515446,228.9726082197027,228.50150931057462,-3.7516052660609205,-3.82725763014715,0.07565236408622944
2023-03-09,217.45308533560276,218.74709100582467,212.4730923899766,212.9142303466797,1502500,SHW,215.39687476952093,217.71084385319762,218.74709100582467,212.4730923899766,228.55637335992907,228.69007177850847,-3.981504818416198,-3.85810706780096,-0.12339775061523817
2023-03-10,214.4239109331594,215.60028383022862,209.20865227140837,209.88507080078125,1678600,SHW,212.2794794588944,216.55385931135928,216.55385931135928,209.20865227140837,228.09445968115014,228.81579004495376,-4.35789463297229,-3.958064580835226,-0.3998300521370637
2023-03-13,207.72835311823212,213.600434345719,207.71855537162966,209.3948974609375,1727300,SHW,209.61056007412958,214.41666938512685,214.41666938512685,207.71855537162966,227.60888863165812,228.8870497006124,-4.642226467692126,-4.094896958206606,-0.54732950948552
2023-03-14,211.73784176135715,214.4238902076688,209.80662366732307,212.71815490722656,1472000,SHW,212.17162763589388,212.01361472962822,214.4238902076688,209.80662366732307,227.15112391699103,228.9173615527778,-4.546987550829158,-4.185315076731117,-0.36167247409804126
2023-03-15,210.7281554048782,214.43373851482949,209.53217197167763,212.28684997558594,1425700,SHW,211.74522896674281,212.09262118276104,214.43373851482949,209.53217197167763,226.72789670560164,229.0017760277267,-4.454958735288727,-4.239243808442639,-0.21571492684608806
2023-03-16,211.67902633169223,216.78646478758526,210.7085258176435,216.01202392578125,1390400,SHW,213.79651021567557,211.91892507475194,216.78646478758526,210.7085258176435,226.3211072836692,229.1499543036565,-4.0349227528948575,-4.198379597333083,0.16345684443822517
2023-03-17,215.31599059802016,215.80614719790262,211.90450485118828,213.0416717529297,1756500,SHW,214.01707860001017,212.85771764521377,215.80614719790262,211.90450485118828,225.8482403660763,229.30489773493412,-3.896803877310674,-4.138064453328601,0.24126057601792716
2023-03-20,213.17891692833302,215.99241105038863,212.87500726861097,215.22776794433594,1035100,SHW,214.31852579791715,213.43739812261197,215.99241105038863,212.87500726861097,225.56314825060284,229.3902258625834,-3.5697936218853954,-4.02441028703996,0.4546166651545649
2023-03-21,216.64923043666744,218.27655403810655,213.30635863041306,216.4531707763672,1110000,SHW,216.17132847038857,213.87796196026454,218.27655403810655,213.30635863041306,225.3376468047595,229.37522746812868,-3.1751546645453175,-3.854559162541032,0.6794044979957143
2023-03-22,214.6690059859568,214.68861644064876,207.00296362475154,207.17941284179688,2572700,SHW,210.8849997232885,215.02464521532656,215.02464521532656,207.00296362475154,224.91906584506344,229.3430586783117,-3.569567457255488,-3.7975608214839234,0.22799336422843552
2023-03-23,207.65976211173256,209.08121336383073,201.38574819864692,204.9442901611328,1873400,SHW,205.76775345883576,212.95482246930754,212.95482246930754,201.38574819864692,224.45640855016936,229.23119223994286,-4.016201882397581,-3.841289033666655,-0.17491284873092638
2023-03-24,204.5031404610846,208.5518388273357,201.75826046631084,207.12057495117188,2237100,SHW,205.48345367647576,209.36128796407166,209.36128796407166,201.75826046631084,223.86541769642702,229.09841714002468,-4.1467536922647525,-3.9023819653862746,-0.24437172687847797
2023-03-27,209.59098375103906,210.52227838200483,206.94414086783345,209.71841430664062,1021700,SHW,209.1939543268795,207.42237082027373,210.52227838200483,206.94414086783345,223.29291120525704,228.98945923200844,-3.9945463731516213,-3.920814846939344,-0.0737315262122773
2023-03-28,210.1497343782554,210.1497343782554,206.7676568543811,207.55191040039062,958900,SHW,208.65475900282064,208.30816257357662,210.1497343782554,206.7676568543811,222.7029239957775,228.87971746980068,-4.00260025100431,-3.9371719277523374,-0.06542832325197256
2023-03-29,210.01251706567092,211.1594818480207,207.7381979556013,211.08106994628906,1005200,SHW,209.9978167038955,208.48146078819863,211.1594818480207,207.7381979556013,222.07551659985893,228.83036319098963,-3.6817681943670095,-3.886091181075272,0.20432298670826254
2023-03-30,212.33584410548107,213.01224764525273,210.9143780054474,212.74757385253906,1063800,SHW,212.25251090218006,209.23963874604706,213.01224764525273,209.23963874604706,221.49203041217805,228.85273120725188,-3.255506092578628,-3.7599741633759436,0.5044680707973157
2023-03-31,213.62986463950665,220.84497085897868,212.7966073403625,220.3450164794922,1484500,SHW,216.904114829585,210.74607482411358,220.84497085897868,210.74607482411358,221.16802195842237,228.8986246452322,-2.2783764745820463,-3.4636546256171643,1.185278151035118
2023-04-03,222.51151033197237,224.03099895016675,220.75675609336713,222.17820739746094,1864700,SHW,222.3693681932418,213.8250948268493,224.03099895016675,213.8250948268493,220.9114257371747,228.98485902159413,-1.3406172251503676,-3.039047145523805,1.6984299203734374
2023-04-04,221.70763602873345,223.77609747092168,218.50200768901018,218.84512329101562,1747600,SHW,220.70771611992024,218.09723151004556,223.77609747092168,218.09723151004556,220.53399841788595,229.0001818017794,-0.8565149245411021,-2.6025407013272646,1.7460257767861624
2023-04-05,218.02166430450123,220.25677735358659,216.11986913412696,218.44320678710938,1361200,SHW,218.21037939483102,219.4024738149829,220.25677735358659,216.11986913412696,220.06355893994598,229.00345242744714,-0.4995333568592457,-2.181939232433661,1.6824058755744153
2023-04-06,215.8845842208561,219.61957529460133,215.8845842208561,219.570556640625,1366200,SHW,217.73982509423465,218.80642660490696,219.61957529460133,215.8845842208561,219.59514677617892,228.86538996510336,-0.12422321316014973,-1.7703960285789588,1.646172815418809
2023-04-10,217.75700254961905,220.13915673709502,217.53151971598422,219.96270751953125,1085200,SHW,218.84759663055738,218.27312584957082,220.13915673709502,217.53151971598422,219.59606926262063,228.72975001954038,0.20252153606853085,-1.375812515649461,1.5783340517179918
2023-04-11,220.8841944971078,222.69776508241523,220.20777594342053,221.82528686523438,1096000,SHW,221.4037555970445,218.56036124006408,222.69776508241523,218.56036124006408,219.57879979893877,228.64812340508854,0.6047920248813625,-0.9796916075432963,1.584483632424659
2023-04-12,223.9623915646337,224.4623459815083,221.07045525361423,221.33514404296875,1206000,SHW,222.70758421068123,219.9820584185543,224.4623459815083,219.9820584185543,219.51623756030756,228.53218844871338,0.8739692821479537,-0.6089594296050463,1.482928711753
2023-04-13,222.08017081875502,223.64867809919357,220.91361054410206,222.97225952148438,1318900,SHW,222.40367974588375,221.34482131461777,223.64867809919357,220.91361054410206,219.38473413628853,228.40819153822923,1.2054994873278702,-0.24606764621846308,1.4515671335463332
2023-04-14,222.76638150738594,224.07999763222813,220.47243720410907,221.20767211914062,1012100,SHW,222.13162211571594,221.87425053025078,224.07999763222813,220.47243720410907,219.14019886755065,228.3183575635185,1.3107426816570467,0.06529441935663885,1.2454482623004077
2023-04-17,222.21740070023975,226.4033424730646,221.7174463269282,226.15826416015625,1269200,SHW,224.1241134150972,222.00293632298337,226.4033424730646,221.7174463269282,218.83496186704332,228.20704486421553,1.773179960467104,0.40687152757873185,1.3663084328883721
2023-04-18,227.491478363751,228.2463237146578,224.2172358720247,225.54066467285156,887000,SHW,226.37392565582127,223.0635248690403,228.2463237146578,223.0635248690403,218.63748636637123,228.11837666410815,2.066013995186097,0.7387000211002049,1.3273139740858921
2023-04-19,225.4720576482926,229.34429216839973,224.52115255632177,228.9913787841797,1140200,SHW,227.08222028929845,224.71872526243078,229.34429216839973,224.52115255632177,218.44953267505235,228.03625403247713,2.54716869229199,1.100393755338562,1.446774936953428
2023-04-20,228.44240944522565,230.52066887585417,226.62882383826803,229.1678466796875,1213800,SHW,228.68993720975885,225.9004727758646,230.52066887585417,225.9004727758646,218.34848219646628,227.91497091556437,2.90919139317279,1.4621532829054078,1.4470381102673824
2023-04-21,229.17766380890478,230.00112346897413,226.92294001342376,229.04042053222656,1132600,SHW,228.7855369558823,227.29520499281173,230.00112346897413,226.92294001342376,218.34481106672882,227.77254892930713,3.149509185311331,1.7996244633865925,1.3498847219247383
2023-04-24,229.90306067812145,232.41266012945633,228.71687509953026,231.90289306640625,2008400,SHW,230.73387224337858,228.040370974347,232.41266012945633,228.040370974347,218.3757070830573,227.66547278601922,3.5302459005645517,2.1457487508221846,1.384497149742367
2023-04-25,233.39299428870186,234.44192175045902,227.8346196243709,230.16775512695312,2550100,SHW,231.45932269762122,229.3871216088628,234.44192175045902,227.8346196243709,218.49878696458111,227.60160438387214,3.649897612210424,2.4465785230998325,1.2033190891105914
2023-04-26,230.91278396105497,231.33431146927452,224.0702018145875,224.39369201660156,1538200,SHW,227.67774731537963,230.42322215324202,231.33431146927452,224.0702018145875,218.50028617750425,227.50045805718673,3.241438532905363,2.6055505250609388,0.6358880078444242
2023-04-27,225.00150902796145,228.11889808961064,222.95264289696996,228.10910034179688,1664400,SHW,226.04553758908474,229.05048473431083,229.05048473431083,222.95264289696996,218.4855651303866,227.2993754926539,3.180867114571896,2.7206138429631306,0.4602532716087655
2023-04-28,228.6482666968984,233.9321544902237,228.3639674790885,232.8636016845703,1911100,SHW,230.95199758769522,227.5480111616978,233.9321544902237,227.5480111616978,218.56960874988272,227.13420825853663,3.476438137642191,2.871778701898943,0.604659435743248
2023-05-01,232.50087405184456,233.30473803582944,227.33461942830945,227.37384033203125,1666200,SHW,230.12851796200368,229.25000437469652,233.30473803582944,227.33461942830945,218.71055592898367,226.95039393884224,3.2304636673363802,2.9435156949864307,0.2869479723499495
2023-05-02,226.5111537382583,228.20709129710707,224.73678933250892,227.3150177001953,1230700,SHW,226.6925130170174,229.6892611683501,229.6892611683501,224.73678933250892,218.81274851147592,226.74189849701622,2.9962418220519,2.9540609203995247,0.04218090165237509
2023-05-03,228.8247168760177,230.3736136050503,226.56999341075775,226.96212768554688,1486700,SHW,228.18261289434315,228.19088709268374,230.3736136050503,226.56999341075775,218.98370255317354,226.55531856967124,2.7504387019618832,2.9133364767119967,-0.16289777475011347
2023-05-04,225.35441442913452,227.5013028374285,221.67823974599904,222.86441040039062,1363400,SHW,224.34959185323817,228.18674999351344,228.18674999351344,221.67823974599904,219.09896683110696,226.329186574258,2.199630448922079,2.770595271154013,-0.5709648222319341
2023-05-05,224.66817816230605,227.11896122957123,224.15842605435765,226.29550170898438,1008000,SHW,225.56026678880482,226.2681709233758,227.11896122957123,224.15842605435765,219.26132203942763,226.1058488991041,2.016723797238285,2.6198209763708675,-0.6030971791325825
2023-05-08,226.30531613198184,228.46200225586304,226.09944377107644,226.38372802734375,1085700,SHW,226.81262254656627,225.91421885609032,228.46200225586304,225.91421885609032,219.49228423124353,225.89985000583138,1.8574762545376302,2.46735203200422,-0.6098757774665899
2023-05-09,224.5897758088383,226.88370526723781,223.91335726019383,224.83485412597656,875400,SHW,225.05542311556164,226.3634207013283,226.88370526723781,223.91335726019383,219.62472505089315,225.6050569801005,1.58798494827235,2.291478615257846,-0.7034936669854961
2023-05-10,227.30524225907965,229.35410844406172,223.59965914629763,225.47206115722656,958600,SHW,226.4327677516664,225.70942190844497,229.35410844406172,223.59965914629763,219.80618102402101,225.40019672905782,1.409579671517264,2.1150988265097297,-0.7055191549924658
2023-05-11,225.47203408189657,225.93278247864833,224.15841799508573,225.6484832763672,1503700,SHW,225.30292945799945,226.0710948300557,226.0710948300557,224.15841799508573,220.01572280754553,225.26422992950657,1.26781343089678,1.94564174738714,-0.67782831649036
2023-05-12,226.903312903688,227.8934239076115,221.4527586331582,222.95263671875,2209600,SHW,224.80053304080192,225.68701214402756,227.8934239076115,221.4527586331582,220.18757156953464,225.15479323450123,0.9272417115022051,1.741961740210153,-0.8147200287079479
2023-05-15,223.6878741082116,225.26617906658794,220.96260442232847,222.1389923095703,1233600,SHW,223.0139124766746,225.24377259241476,225.26617906658794,220.96260442232847,220.1986980214874,225.04701866340218,0.5849390529935192,1.5105572027668264,-0.9256181497733071
2023-05-16,220.58028227013608,220.8939896948191,217.39426416036648,217.84521484375,1477300,SHW,219.1784377422679,224.12884253454467,224.12884253454467,217.39426416036648,220.12934114438013,224.91056836237297,-0.03243632120830853,1.2019584979717994,-1.234394819180108
2023-05-17,217.845213831643,224.7270171051227,217.47269000616097,223.14871215820312,1792200,SHW,220.79840827528244,221.65364013840627,224.7270171051227,217.47269000616097,220.18786587715533,224.76602305778252,-0.09269432068401784,0.943027934240636,-1.0357222549246539
2023-05-18,223.12413651253283,229.02169078158656,222.05275108656951,228.89390563964844,1224100,SHW,225.77312100508433,221.22602420684436,229.02169078158656,221.22602420684436,220.38347945203145,224.67804383586707,0.3194573742088096,0.8183138222342707,-0.49885644802546114
2023-05-19,230.38795864441326,230.81062450261766,226.4562557689605,228.79562377929688,1046900,SHW,229.11261567382206,223.49957260596435,230.81062450261766,223.49957260596435,220.6577942701175,224.6070838150233,0.6308875579946971,0.780828569386356,-0.14994101139165894
2023-05-22,229.17892667865158,230.14218952587876,226.68228736257322,226.7019500732422,1332300,SHW,228.17633841008643,226.30609413989322,230.14218952587876,226.30609413989322,220.9757314491413,224.53509556514575,0.7006792575377574,0.7647987070166363,-0.06411944947887893
2023-05-23,225.35539042765015,227.30157920904165,222.22967875013612,223.1732940673828,1445900,SHW,224.51498561355268,227.24121627498982,227.30157920904165,222.22967875013612,221.27381995992982,224.44135429579393,0.4658861868258839,0.7050162029784859,-0.239130016152602
2023-05-24,226.66268081875225,226.80028982192138,222.35746129377162,224.87374877929688,1200700,SHW,225.17354517843552,225.87810094427124,226.80028982192138,222.35746129377162,221.53385831078063,224.3424911138858,0.4122710664285023,0.6464671756684892,-0.2341961092399869
2023-05-25,225.08999229953548,225.48315659245918,219.4676559208394,222.6425018310547,1947800,SHW,223.17082666097218,225.52582306135338,225.52582306135338,219.4676559208394,221.76237026466524,224.2451334851334,0.18757546265138103,0.5546888330650677,-0.36711337041368663
2023-05-26,223.11430067192416,226.43657919957968,223.07497524655244,225.2275848388672,1118000,SHW,224.46335998923087,224.34832486116278,226.43657919957968,223.07497524655244,221.97570726013635,224.14840727190276,0.21561173424518643,0.48687341330109146,-0.27126167905590504
2023-05-30,224.91305206497137,226.8690644890012,222.12153184967795,224.53953552246094,1229700,SHW,224.61079598152787,224.40584242519682,226.8690644890012,222.12153184967795,222.1875816077667,224.01791098692152,0.18023323536183966,0.42554537771324114,-0.24531214235140147
2023-05-31,224.6476803819028,224.84426252981856,220.56852957093253,223.8908233642578,1976200,SHW,223.48782396172794,224.50831920336236,224.84426252981856,220.56852957093253,222.37096757104288,223.9670579108229,0.09871198019357053,0.36017869820930704,-0.2614667180157365
2023-06-01,223.89082248047575,231.18412962663325,223.32072375499092,230.87942504882812,1722500,SHW,227.318775227732,223.99807158254515,231.18412962663325,223.32072375499092,222.59391650618974,223.96578165547464,0.5912124191563066,0.406385442398707,0.18482697675759963
2023-06-02,232.99270545139632,238.69367761192188,232.8944218786108,236.71800231933594,1693700,SHW,235.32470181531625,225.6584234051386,238.69367761192188,225.6584234051386,223.08271054803035,224.00088819654687,1.4360925747470503,0.6123268688683757,0.8237657058786746
2023-06-05,236.4526099364561,239.0573721058907,235.53849621163906,235.63677978515625,1253000,SHW,236.67131450978553,230.49156261022742,239.0573721058907,230.49156261022742,223.70078176904934,224.07859515960934,1.9954186189961547,0.8889452188939315,1.1064734001022232
2023-06-06,235.39104571755553,238.69367671552047,234.18205128921528,236.19705200195312,944000,SHW,236.11595643106108,233.58143856000646,238.69367671552047,233.58143856000646,224.31343182414102,224.08942476028403,2.4555912963831474,1.2022744343917748,1.2533168619913726
2023-06-07,235.69576125295168,238.4676190936895,235.35174623610752,236.64920043945312,1345500,SHW,236.54108175555047,234.84869749553377,238.4676190936895,234.84869749553377,224.86037437271446,224.07664278898574,2.8242103201606312,1.5266616115455462,1.297548708615085
2023-06-08,237.0030279941895,241.5736412669083,236.1380636207635,239.09666442871094,1623700,SHW,238.45284932764304,235.69488962554212,241.5736412669083,235.69488962554212,225.45633617921092,224.07963008749422,3.2760689582158307,1.8765430808796033,1.3995258773362274
2023-06-09,237.86803378051084,237.86803378051084,234.9487430751622,236.64920043945312,1021900,SHW,236.83350276890926,237.07386947659256,237.86803378051084,234.9487430751622,225.99304990051115,224.03428325018507,3.397515846914132,2.1807376340865092,1.2167782128276228
2023-06-12,237.5436479086095,240.78730566076496,235.95131310227646,240.72833251953125,1026600,SHW,238.75264979779553,236.95368612275092,240.78730566076496,235.95131310227646,226.52305267842348,224.00754154530077,3.7793492635709924,2.500459959983406,1.2788893035875866
2023-06-13,240.8069725880685,243.29377340864724,240.47276645146937,242.9694061279297,805900,SHW,241.88572964402871,237.85316796027323,243.29377340864724,237.85316796027323,227.02268497471235,224.09535346656733,4.214212094230589,2.8432103868328427,1.3710017073977467
2023-06-14,245.5053495533485,245.52499726806522,240.52190919190073,241.65228271484375,1168900,SHW,243.30113468203956,239.86944880215097,245.52499726806522,239.86944880215097,227.4413203044883,224.17637302083153,4.40182170815666,3.1549326510976066,1.2468890570590538
2023-06-15,242.20271437142875,246.72416338777734,240.63002732332606,245.21046447753906,1045000,SHW,243.6918423900178,241.58529174209525,246.72416338777734,240.63002732332606,227.90100282989027,224.21750062388813,4.782489646482929,3.4804440501746714,1.302045596308258
2023-06-16,246.43913702388895,246.43913702388895,243.34292701391539,243.65745544433594,2244800,SHW,244.9696641265073,242.6385670660565,246.43913702388895,242.6385670660565,228.4361885245238,224.24987373223487,4.902345690711144,3.764824378281966,1.1375213124291776
2023-06-20,241.14116960125708,244.90577692291475,240.80697845477206,244.12925720214844,1210400,SHW,242.7457955452731,243.80411559628192,244.90577692291475,240.80697845477206,228.93630793354453,224.26572735486172,4.9780194189694384,4.00746338641946,0.970556032549978
2023-06-21,243.74590630554272,245.20064711294668,241.5736489483913,243.057861328125,970500,SHW,243.39451592375144,243.2749555707775,245.20064711294668,241.5736489483913,229.42724631940845,224.51165779101456,4.895110909346926,4.184992891004954,0.710118018341972
2023-06-22,244.63054868717163,244.91559053589575,241.2689446524395,242.07493591308594,820500,SHW,243.2225049471482,243.33473574726446,244.91559053589575,241.2689446524395,229.86362130641052,224.72121055267465,4.695959355487446,4.2871861839014525,0.40877317158599347
2023-06-23,239.48984289705115,243.8147250137719,238.3005111886886,242.82196044921875,1608500,SHW,241.1067598871826,243.27862034720633,243.8147250137719,238.3005111886886,230.23160481994051,224.87392119012407,4.5460054303547395,4.33895003319211,0.20705539716262944
2023-06-26,245.7903950616861,247.6677867247374,243.79505711555498,247.4122314453125,1109500,SHW,246.16636758682273,242.19269011719445,247.6677867247374,242.19269011719445,230.70685857675934,225.04579635652394,4.742889295761302,4.419737885705948,0.3231514100553534
2023-06-27,247.6775885070385,254.27302588276441,247.15663913885984,252.3071746826172,1795300,SHW,250.35360705282,244.1795288520086,254.27302588276441,244.1795288520086,231.2712982755014,225.20574857152602,5.2335728184060315,4.582504872245965,0.6510679461600661
2023-06-28,253.1819669075357,256.1405826098392,250.2037184899151,251.6486053466797,1837500,SHW,252.79371833849243,247.26656795241428,256.1405826098392,247.26656795241428,231.8446903739693,225.33982612050633,5.505834174666489,4.7671707327300705,0.7386634419364189
2023-06-29,250.99006321289724,257.890190270584,250.76397952142182,256.8286437988281,1410700,SHW,254.1182192009328,250.03014314545334,257.890190270584,250.03014314545334,232.39957624487153,225.5185313056214,6.069622245700998,5.027661035324257,1.0419612103767415
2023-06-30,258.0179345373096,261.9594752504563,257.25125387454466,260.9863586425781,1769000,SHW,259.5537555762222,252.07418117319307,261.9594752504563,252.07418117319307,233.04900695061002,225.7492698128312,6.773836622272739,5.376896152713954,1.3969404695587855
2023-07-03,258.45046382253565,260.023150807144,257.63461876336265,259.6201477050781,753100,SHW,258.9320952745301,255.81396837470766,260.023150807144,255.81396837470766,233.65385011190546,226.00116615418585,7.139391325458348,5.729395187262833,1.409996138195515
2023-07-05,258.1261344290549,258.6274361946584,253.55553537886507,254.36154174804688,2068700,SHW,256.16766193765636,257.3730318246189,258.6274361946584,253.55553537886507,234.2014926115409,226.27315183913487,6.924944064140192,5.968504962638305,0.9564391015018865
2023-07-06,250.90161208328624,253.30977708031494,248.49344708625756,252.9755859375,1300800,SHW,251.4201055468397,256.77034688113764,256.77034688113764,248.49344708625756,234.61521727761013,226.4954621803337,6.5674525091135365,6.088294471933352,0.47915803718018424
2023-07-07,252.2187284774604,254.02730807881372,250.80331313787772,251.05886840820312,1018900,SHW,252.02705452558874,254.09522621398867,254.09522621398867,250.80331313787772,235.02657191416947,226.76267943937532,6.059623225668787,6.082560222680439,-0.022936997011652416
2023-07-10,251.02939185402138,255.34443504152546,250.85247242864244,252.5430908203125,1047300,SHW,252.44234753612545,253.0611403697887,255.34443504152546,250.85247242864244,235.5218639185844,227.01107504804432,5.711095253273015,6.008267228798955,-0.29717197552593966
2023-07-11,253.79144799902602,257.0842253596822,253.31963282661627,256.9171447753906,770500,SHW,255.27811274017878,252.75174395295707,257.0842253596822,252.75174395295707,236.1065154216063,227.29604027599646,5.721875701478865,5.950988923334937,-0.22911322185607208
2023-07-12,260.4752961350699,260.90778581893954,256.79916381868844,258.7158508300781,917900,SHW,259.224524150694,254.01492834656793,260.90778581893954,254.01492834656793,236.67196595286626,227.62078735137445,5.8086018837636,5.92251151542067,-0.11390963165706935
2023-07-13,258.9026341437713,261.90057565130854,257.6051649666702,261.75311279296875,1154100,SHW,260.0403718886797,256.61972624863097,261.90057565130854,256.61972624863097,237.27020303139977,227.9903794801917,6.052643557707171,5.9485379238779705,0.10410563382920035
2023-07-14,261.79240881009264,263.1193644104799,259.78723212498545,262.48046875,1137100,SHW,261.7948685238895,258.33004906865534,263.1193644104799,258.33004906865534,237.97225014153722,228.3924993265066,6.232891001868239,6.005408539476025,0.22748246239221448
2023-07-17,262.57876692061404,263.6796388256157,261.04537534263636,263.2569580078125,945600,SHW,262.64018477416965,260.0624587962724,263.6796388256157,260.0624587962724,238.66140157913375,228.82255206615366,6.365022575530816,6.077331346686983,0.28769122884383247
2023-07-18,263.5911693311756,266.54975496688485,261.291097047868,263.1193542480469,1623600,SHW,263.6378438984938,261.351321785221,266.54975496688485,261.291097047868,239.44716662003884,229.2730667255729,6.3850316558203986,6.138871408513666,0.24616024730673214
2023-07-19,263.6010100162075,265.684807724397,262.35270516179537,263.4339294433594,1385800,SHW,263.7681130864398,262.49458284185744,265.684807724397,262.35270516179537,240.21132354599155,229.73632279270961,6.353038709738087,6.181704868758551,0.17133384097953552
2023-07-20,262.51981766403827,264.0826961317801,261.00613348225653,261.7826232910156,1256000,SHW,262.3478176422726,263.13134796414863,264.0826961317801,261.00613348225653,240.92202744790566,230.20715583957463,6.1238455835921854,6.170133011725278,-0.046287428133092945
2023-07-21,260.9077981535157,265.13436663163395,257.24147452263753,264.1416320800781,2298600,SHW,261.85631784696636,262.7395828032106,265.13436663163395,257.24147452263753,241.65804534253377,230.6413851967135,6.062673942763865,6.148641197932996,-0.0859672551691304
2023-07-24,263.84678983616027,264.21046761654486,261.0946093387762,263.44378662109375,2275500,SHW,263.14891335314377,262.2979503250885,264.21046761654486,261.0946093387762,242.3923682545633,231.0992746392922,5.889988558574657,6.0969106700613285,-0.20692211148667106
2023-07-25,270.4126760973991,278.1483265869026,270.18662238318973,271.2481689453125,4040500,SHW,272.49894850320095,262.72343183911613,278.1483265869026,262.72343183911613,243.33628863546735,231.67600572150644,6.3101431745057255,6.139557170950209,0.1705860035555169
2023-07-26,274.6883750438712,276.6444173517929,272.59473875250484,276.1037902832031,2289000,SHW,275.00783035784303,267.61119017115857,276.6444173517929,267.61119017115857,244.34043458180818,232.26400307567144,6.954756690585384,6.302597074877244,0.6521596157081397
2023-07-27,276.8705189178962,278.9543167149045,270.9238301105934,272.32940673828125,1889700,SHW,274.76951812041887,271.3095102645008,278.9543167149045,270.9238301105934,245.37554669468307,232.7871223580852,7.079448858396631,6.457967431581122,0.6214814268155093
2023-07-28,275.0914267639181,277.29317086032773,273.9217427135721,275.337158203125,1202000,SHW,275.4108746352357,273.0395141924598,277.29317086032773,273.0395141924598,246.50019543254243,233.31476828846127,7.3363992621861485,6.633653797702127,0.7027454644840212
2023-07-31,276.67394205881027,277.1752137776471,268.014368878024,271.7789611816406,1780000,SHW,273.4106214740305,274.22519441384776,277.1752137776471,268.014368878024,247.55243969651738,233.87015278683637,7.170263214869351,6.7409756811355726,0.4292875337337785
2023-08-01,271.49393801812266,276.8017315577666,270.57982418557896,275.41583251953125,2013400,SHW,273.57283157024983,273.81790794393913,276.8017315577666,270.57982418557896,248.5084339078207,234.4459566799261,7.24850803421225,6.842482151750908,0.40602588246134186
2023-08-02,272.6734635927373,274.7081273009882,270.9533433555864,272.9388427734375,1239800,SHW,272.8184442556874,273.69536975709445,274.7081273009882,270.9533433555864,249.38255047945802,235.02017237478773,7.029612251567869,6.879908171714301,0.14970407985356804
2023-08-03,272.2998943268903,273.1747125624128,268.0241617075782,268.5647888183594,1580600,SHW,270.51588935381017,273.2569070063909,273.2569070063909,268.0241617075782,250.2293414983325,235.6025364737369,6.429075784400766,6.789741694251594,-0.36066590985082847
2023-08-04,271.34647447994473,272.270427065375,267.84726128272445,268.88916015625,1218400,SHW,270.08833074607355,271.8863981801005,272.270427065375,267.84726128272445,251.1408084009829,236.20731418045634,5.9111799606183695,6.61402934752495,-0.7028493869065802
2023-08-07,270.3045516712912,271.84775212908613,268.07332126169365,269.63616943359375,1096700,SHW,269.9654486239162,270.98736446308703,271.84775212908613,268.07332126169365,252.0366464698925,236.78525239033658,5.497647733789279,6.3907530247778155,-0.8931052909885366
2023-08-08,267.355779636259,268.3190575822217,264.72154606547605,268.1519470214844,964300,SHW,267.1370825763603,270.47640654350164,270.47640654350164,264.72154606547605,252.9159715882003,237.33917092643276,4.992604483498042,6.111123316521861,-1.1185188330238196
2023-08-09,267.9258531271076,269.67545953624096,266.7463603773771,266.8741455078125,1339800,SHW,267.8054546371345,268.80674455993096,269.67545953624096,266.7463603773771,253.78281348115834,237.87926037064733,4.438086665415767,5.776515986300643,-1.3384293208848757
2023-08-10,267.6113793758554,271.36613301480844,267.38529565031723,268.20111083984375,1112400,SHW,268.6409797202062,268.30609959853274,271.36613301480844,267.38529565031723,254.66341715593188,238.4254993818493,4.058913681548461,5.432995525350207,-1.3740818438017461
2023-08-11,268.64341410958417,269.75412492291315,266.8643210357335,269.0464172363281,1240600,SHW,268.57706932613974,268.47353965936946,269.75412492291315,266.8643210357335,255.56520206322017,238.96808481713154,3.783017253661967,5.1029998710125595,-1.3199826173505924
2023-08-14,268.68274321960473,271.9951979937221,267.827602669196,271.90673828125,1359200,SHW,270.10307054094324,268.5253044927546,271.9951979937221,267.827602669196,256.4208879694844,239.50740223783708,3.7519215345006955,4.832784203710187,-1.0808626692094911
2023-08-15,270.5896061980675,273.21400084294925,270.3438747895537,270.56011962890625,1026800,SHW,271.17690036486914,269.3141875168489,273.21400084294925,269.3141875168489,257.1379319404754,240.11032124425287,3.5773792804465643,4.581703219057462,-1.0043239386108977
2023-08-16,271.26778747806924,271.9951427416511,267.99462879894,268.407470703125,1662000,SHW,269.91625743044636,270.245543940859,271.9951427416511,267.99462879894,257.80283079888864,240.751806283969,3.228140514325389,4.310990678111048,-1.0828501637856585
2023-08-17,268.86556775991426,269.93933206617476,263.5854023570426,264.0385437011719,1189100,SHW,266.60721147107586,270.0809006856527,270.0809006856527,263.5854023570426,258.41265589968896,241.363043861915,2.5692140790111466,3.9626353582910676,-1.393421279279921
2023-08-18,262.35403233072583,266.94464031288163,261.14233837909035,266.1269836425781,1440600,SHW,264.14199866631895,268.34405607836425,268.34405607836425,261.14233837909035,258.9646742379043,241.91252430530938,2.190281578532222,3.608164602339299,-1.417883023807077
2023-08-21,266.3141639120075,268.0676554156485,263.8021498694331,266.35357666015625,964300,SHW,266.1343864643113,266.2430273723416,268.0676554156485,263.8021498694331,259.51830498063765,242.4873205799243,1.8865124632797006,3.2638341745273793,-1.3773217112476788
2023-08-22,268.08739643383143,269.08233540820777,264.3833794779479,266.3831481933594,1016000,SHW,266.98406487833665,266.1887069183265,269.08233540820777,264.3833794779479,260.12131622282624,243.0571830616687,1.6293769828868676,2.9369427361992773,-1.3075657533124097
2023-08-23,267.33868205110775,269.54531491384853,266.5604381148984,267.9986877441406,1784700,SHW,267.8607807059988,266.58638589833157,269.54531491384853,266.5604381148984,260.7034788409903,243.61326575970688,1.538224112181183,2.6571990113956585,-1.1189748992144755
2023-08-24,267.38795398900015,269.32861865382534,264.8660790014159,265.2207336425781,929200,SHW,266.7008463217049,267.2235833021652,269.32861865382534,264.8660790014159,261.19978117454383,244.11123307462807,1.227675249683898,2.3712942590533066,-1.1436190093694085
2023-08-25,265.6344417279707,266.02847902740416,260.39365846246073,260.689208984375,1478100,SHW,263.18644705055266,266.96221481193504,266.96221481193504,260.39365846246073,261.5974874219141,244.51940386320118,0.6088879886719951,2.0188130049770443,-1.4099250163050492
2023-08-28,260.6301104038898,264.59023495108295,260.4330767184471,262.3934326171875,1731300,SHW,262.01171367265187,265.0743309312438,265.0743309312438,260.4330767184471,261.96388484756676,244.93244383872852,0.25309372367428296,1.665669148716492,-1.4125754250422091
2023-08-29,262.32448841543453,266.53088988604037,260.6793443844168,266.432373046875,1461800,SHW,263.99177393319167,263.5430223019479,266.53088988604037,260.6793443844168,262.34432704370045,245.39025778411215,0.2936479523414164,1.391264909441477,-1.0976169571000607
2023-08-30,266.8756865824439,267.9888637441047,265.68371398649793,266.0974426269531,944100,SHW,266.6614267349999,263.76739811756977,267.9888637441047,263.76739811756977,262.82263966749497,245.87947380051978,0.2953566968322434,1.1720832669196304,-0.876726570087387
2023-08-31,266.7081671881288,268.9739339393725,265.8314365796858,267.673583984375,1490100,SHW,267.2967804228905,265.21441242628487,268.9739339393725,265.21441242628487,263.30068495747776,246.3639656384431,0.41906164257437695,1.0214789420505797,-0.6024172994762027
2023-09-01,269.14143798578954,271.0821025952717,268.41246744296853,270.72747802734375,1575700,SHW,269.84087151284336,266.2555964245877,271.0821025952717,266.2555964245877,263.83305228879163,246.84833679760106,0.7548213198163012,0.968147417603724,-0.21332609778742284
2023-09-05,269.65367978187663,270.09696043626406,263.7233091472829,265.5753173828125,1463900,SHW,267.262316687059,268.0482339687155,270.09696043626406,263.7233091472829,264.3561634247892,247.29388412236486,0.5982803737063023,0.8941740088242397,-0.2958936351179374
2023-09-06,266.1959482908731,266.1959482908731,263.33914042385703,265.0630798339844,1083600,SHW,265.1985292098969,267.65527532788724,267.65527532788724,263.33914042385703,264.73680665725067,247.721832617005,0.4279540687425083,0.8009300208078934,-0.37297595206538514
2023-09-07,264.53116925957505,268.1071177213243,263.7332338250007,267.12200927734375,1038400,SHW,265.87338252081094,266.42690226889204,268.1071177213243,263.7332338250007,265.04720216661053,248.1592502210559,0.45387564787091605,0.731519146220498,-0.2776434983495819
2023-09-08,266.52103230882625,269.74235561491224,266.38313278287234,267.40765380859375,1088400,SHW,267.51354362880113,266.1501423948515,269.74235561491224,266.1501423948515,265.34159867241664,248.59314452319302,0.4917986636652927,0.6835750497094569,-0.19177638604416425
2023-09-11,267.9297760509283,270.5501678322914,267.71305101448115,269.57489013671875,1035800,SHW,268.9419712586049,266.8318430118263,270.5501678322914,266.8318430118263,265.6380737135701,249.0188249792208,0.6887908342530409,0.6846182066181737,0.004172627634867143
2023-09-12,268.0085157453175,268.1858279937702,263.62477253662274,264.7281188964844,1358100,SHW,266.1368087930487,267.8869071352156,268.1858279937702,263.62477253662274,265.76973477790665,249.4093708642583,0.44864293923319565,0.6374231531411781,-0.1887802139079825
2023-09-13,264.048490504029,265.220772022953,261.50689374112017,264.46221923828125,910000,SHW,263.80959387659584,267.01185796413216,267.01185796413216,261.50689374112017,265.86728474994794,249.7605674309267,0.23416877023873894,0.5567722765606903,-0.32260350632195134
2023-09-14,265.44725722925944,266.07774093148504,262.5412059668314,264.0779724121094,1035500,SHW,264.5360441349213,265.41072592036403,266.07774093148504,262.5412059668314,266.0346523938933,250.11807250271707,0.03281269420665467,0.4519803600898832,-0.4191676658832285
2023-09-15,263.91047362529514,263.91047362529514,256.85709549660334,257.7338562011719,2619500,SHW,260.60297473709136,264.9733850276427,264.9733850276427,256.85709549660334,266.21830977769827,250.4167635276542,-0.6314021935195342,0.23530384936799972,-0.866706042887534
2023-09-18,257.29058244383623,257.64523706998597,255.33022651758625,256.07891845703125,1471400,SHW,256.5862411221099,262.788179882367,262.788179882367,255.33022651758625,266.3094935096287,250.66803271189912,-1.2766208322277066,-0.06708108695114155,-1.209539745276565
2023-09-19,255.16275447922848,257.7043508624067,253.66540060710622,257.52703857421875,1264400,SHW,256.01488613074,259.6872105022385,259.6872105022385,253.66540060710622,266.380944281521,250.95140410005268,-1.65206607164248,-0.3840780838894093,-1.2679879877530706
2023-09-20,259.16225679565264,260.3739507266643,255.70454739296545,255.9409637451172,864500,SHW,257.7954296650999,257.85104831648925,260.3739507266643,255.70454739296545,266.4312906200194,251.26890302081284,-2.053915848757356,-0.7180456368629987,-1.335870211894357
2023-09-21,254.11851697557154,254.28599860664966,250.45392809696565,250.5918426513672,1207700,SHW,252.3625715826385,257.8232389907946,257.8232389907946,250.45392809696565,266.29405156865835,251.4830087607623,-2.772059483904286,-1.1288484062712563,-1.6432110776330298
2023-09-22,251.38976291210102,252.1581461023641,249.91210061827846,250.87750244140625,1091800,SHW,251.08437801853745,255.09290528671656,255.09290528671656,249.91210061827846,266.1149316912555,251.69256736132763,-3.280329534071541,-1.5591446318313134,-1.7211849022402275
2023-09-25,249.9416670971498,253.21223371151837,248.59207360094396,252.3945770263672,978300,SHW,251.03513785899483,253.08864165262702,253.21223371151837,248.59207360094396,265.8997370779576,251.93599360974738,-3.520143942278935,-1.9513444939208378,-1.5687994483580971
2023-09-26,251.18290254395453,253.08416932198153,248.99596098143607,250.0894317626953,1030900,SHW,250.83811615251685,252.0618897558109,253.08416932198153,248.99596098143607,265.66369570552456,252.16254864232914,-3.8518033550160453,-2.3314362661398795,-1.5203670888761658
2023-09-27,251.06471268248288,251.5474211814998,245.2328731007219,246.88784790039062,1243200,SHW,248.6832137162738,251.4500029541639,251.5474211814998,245.2328731007219,265.3646031018801,252.40588486095953,-4.323152281589159,-2.7297794692297357,-1.5933728123594237
2023-09-28,247.6168110193333,253.03489137804874,246.97649666765176,252.3945770263672,1371500,SHW,250.00569402285026,250.06660833521886,253.03489137804874,246.97649666765176,265.0893547206083,252.65033913329998,-4.203892823338208,-3.0246021400514302,-1.1792906832867778
2023-09-29,254.39435970543022,255.11349959261938,250.26676852356698,251.2518768310547,1450900,SHW,252.75662616316782,250.03615117903456,255.11349959261938,250.03615117903456,264.89753089102624,252.90977916946593,-4.1537038864618125,-3.250422489333507,-0.9032813971283056
2023-10-02,250.37511154969394,251.3208070335966,246.94692408376042,248.88758850097656,1217700,SHW,249.3826077920069,251.3963886711012,251.3963886711012,246.94692408376042,264.64805668992705,253.15305101623042,-4.255650610266201,-3.451468113520046,-0.8041824967461553
2023-10-03,247.75472522863495,250.80856682061747,244.8289525194341,245.0653839111328,1787600,SHW,247.11440711995482,250.38949823155406,250.80856682061747,244.8289525194341,264.3273665652633,253.35986740991328,-4.591931166165779,-3.679560724049193,-0.9123704421165857
2023-10-04,249.43926709450156,253.0250605303998,247.75472536975167,252.64085388183594,1872100,SHW,250.71497671912223,248.75195267575444,253.0250605303998,247.75472536975167,263.89168712958167,253.61398788252453,-4.198758143453659,-3.7834002079300864,-0.41535793552357303
2023-10-05,252.59159381851833,253.93132652244861,248.66100674130325,249.941650390625,1220800,SHW,251.2813943682238,249.73346469743834,253.93132652244861,248.66100674130325,263.4171584097893,253.87879649579878,-4.058188582012775,-3.8383578827466245,-0.21983069926615073
2023-10-06,248.4246180664814,253.54719354428155,247.45921608618363,251.05487060546875,1196800,SHW,250.12147457560383,250.50742953283105,253.54719354428155,247.45921608618363,262.924197538893,254.14987211678803,-3.813004679619837,-3.8332872421212674,0.020282562501430235
2023-10-09,248.10935926314255,249.26193408777766,244.24773680760072,248.06996154785156,1140100,SHW,247.42224792659312,250.31445205421744,250.31445205421744,244.24773680760072,262.3644250047202,254.43231021863127,-3.8155683882715437,-3.829743471351323,0.014175083079779327
2023-10-10,247.45919628691448,252.6211690720677,247.26217763773815,249.42941284179688,1277300,SHW,249.1929889596293,248.86834999040528,252.6211690720677,247.26217763773815,261.8800723544321,254.71625602547476,-3.6656484740141764,-3.796924471883894,0.13127599786971755
2023-10-11,250.67065441261425,253.72448099918086,247.46905256813628,251.73455810546875,1470700,SHW,250.89968652135002,249.0306694750173,253.72448099918086,247.46905256813628,261.42660945345415,254.9675216806374,-3.3225298480892604,-3.7020455471249676,0.37951569903570714
2023-10-12,251.55724034294792,251.55724034294792,243.66652876523133,245.3609161376953,931900,SHW,248.03548139720561,249.96517799818366,251.55724034294792,243.66652876523133,260.9309501962845,255.15675033787127,-3.5242798012970695,-3.6664923979593884,0.1422125966623189
2023-10-13,245.3510743523311,247.73503466912874,242.0017120963648,243.2626495361328,939600,SHW,244.58761766348937,249.00032969769464,249.00032969769464,242.0017120963648,260.41238476247804,255.32086313040526,-3.809566361897396,-3.6951071907469903,-0.11445917115040549
2023-10-16,246.29677520183998,248.94671886747335,245.23285646071807,248.6117706298828,1132900,SHW,247.27203028997855,246.793973680592,248.94671886747335,245.23285646071807,259.95605875335616,255.54843357716956,-3.5629570972036504,-3.6686771720383224,0.10572007483467205
2023-10-17,246.31646194078127,250.7691554707948,245.70569963160366,249.07476806640625,934100,SHW,247.9665212773965,247.03300198528527,250.7691554707948,245.70569963160366,259.5160802064258,255.77636333815914,-3.292206942211493,-3.5933831260729567,0.3011761838614637
2023-10-18,244.1689608528999,244.30687542324736,238.278017017257,238.68190002441406,1540600,SHW,241.3589383294546,247.4997616313409,247.4997616313409,238.278017017257,259.0005173214877,255.958244454844,-3.8716234230778355,-3.6490311854739326,-0.2225922376039029
2023-10-19,237.4110986308991,239.69655708598003,233.5494759258351,235.33251953125,2148400,SHW,236.49741279349104,244.42934998039775,244.42934998039775,233.5494759258351,258.3743564846148,256.0785849828866,-4.548648187620643,-3.8289545859032748,-0.7196936017173678
2023-10-20,235.65761667808263,237.05646870748365,234.09129803581953,234.16024780273438,1663600,SHW,235.24140780603005,240.46338138694438,240.46338138694438,234.09129803581953,257.70636504633126,256.1848911011316,-5.120758802712487,-4.087315429265117,-1.03344337344737
2023-10-23,232.82049059329935,237.15497610577768,232.82049059329935,235.08624267578125,3265800,SHW,234.47054999203942,237.85239459648722,237.85239459648722,232.82049059329935,257.02423465964927,256.2947183614347,-5.4367688525532,-4.357206113922734,-1.0795627386304663
2023-10-24,241.35151684301374,244.08027085452426,228.64362666267854,231.48072814941406,3721400,SHW,236.38903562740765,236.16147229426332,244.08027085452426,228.64362666267854,256.34995396137856,256.3854209654315,-5.910016986553956,-4.667768288448978,-1.2422486981049774
2023-10-25,231.69746357172193,237.62781960368682,230.89952827299504,235.0566864013672,2266700,SHW,233.82037446244274,236.27525396083547,237.62781960368682,230.89952827299504,255.60282344333,256.3703776919028,-5.9281831912528276,-4.919851269009748,-1.0083319222430793
2023-10-26,236.3865678904295,237.66719651220546,233.93364308592558,234.17007446289062,1536400,SHW,235.53937048786278,235.0478142116391,237.66719651220546,233.93364308592558,254.91528570447835,256.3590582516835,-5.945585207789918,-5.124998056765783,-0.8205871510241352
2023-10-27,233.7859043004567,236.32747043590743,231.52015224941107,232.51510620117188,1426800,SHW,233.53715829673678,235.29359234975095,236.32747043590743,231.52015224941107,254.2538846409916,256.3332702703403,-6.0234835697405344,-5.304695159360733,-0.7187884103798012
2023-10-30,234.3178357108016,235.5295145810233,228.60420517722466,231.91416931152344,1920000,SHW,232.59143119514326,234.41537532324386,235.5295145810233,228.60420517722466,253.62287329156806,256.2937737647362,-6.063809347995857,-5.456517997087758,-0.607291350908099
2023-10-31,232.39687633418512,235.67728840536057,232.3279115458489,234.66262817382812,1249000,SHW,233.7661761148057,233.50340325919356,235.67728840536057,232.3279115458489,252.97550908457796,256.2469070326078,-5.807050098661676,-5.526624417402542,-0.2804256812591346
2023-11-01,234.16024619779247,235.64776939097453,232.39690890728116,235.35223388671875,1327600,SHW,234.38928959569174,233.63478968699962,235.64776939097453,232.39690890728116,252.32361357892503,256.22246490087565,-5.484696953583352,-5.5182389246387045,0.03354197105535217
2023-11-02,237.89379690124647,243.28234023574217,236.42598019616736,241.66676330566406,1495500,SHW,239.81722015970502,234.01203964134567,243.28234023574217,234.01203964134567,251.7627423679992,256.2331106044947,-4.665914257169277,-5.347773991144819,0.6818597339755419
2023-11-03,243.36114367171362,248.84820402437347,243.36114367171362,247.17352294921875,1444600,SHW,245.68600357925487,236.91462990052534,248.84820402437347,236.91462990052534,251.3424455131502,256.27111334384705,-3.5319593609810056,-4.984611065112056,1.4526517041310507
2023-11-06,246.66127554334778,248.2374548928918,246.20811909509678,246.76963806152344,1048200,SHW,246.96912189821495,241.3003167398901,248.2374548928918,241.3003167398901,251.01809901010344,256.30779321600875,-2.6355016486157012,-4.514789181812786,1.8792875331970844
2023-11-07,247.26217940360837,249.07477503947092,245.77467130541027,248.23744201660156,1017200,SHW,247.5872669412728,244.13471931905252,249.07477503947092,244.13471931905252,250.72961007547588,256.3467474615213,-1.7860247590512586,-3.9690362972604807,2.183011538209222
2023-11-08,248.86790107297355,252.8871294901074,248.47384875551802,252.2763671875,1173800,SHW,250.62631162652474,245.86099313016265,252.8871294901074,245.86099313016265,250.46230082934252,256.4033139365215,-0.7779331680211214,-3.330815671412609,2.5528825033914875
2023-11-09,252.57192943255282,252.74924170997568,248.444308252196,248.64132690429688,1116300,SHW,250.60170157475534,248.2436523783437,252.74924170997568,248.2436523783437,250.14110632613765,256.48187299681626,-0.2692272071217303,-2.718497978554433,2.449270771432703
2023-11-10,249.46880534444304,252.56204448330817,247.94188463201752,251.94142150878906,1518300,SHW,250.47853899213945,249.42267697654952,252.56204448330817,247.94188463201752,249.80474149752263,256.5527132275002,0.39565512051814267,-2.095667358739918,2.4913224792580606
2023-11-13,251.11394547464675,251.82322461112577,248.9861080652097,250.109130859375,1079300,SHW,250.5081022525893,249.9506079843445,251.82322461112577,248.9861080652097,249.4180861123175,256.6255692005546,0.7658997969719792,-1.5233539275975385,2.2892537245695177
2023-11-14,255.19224127753145,264.69855849293936,254.67013518706054,262.3736877441406,1664000,SHW,259.233655675418,250.2293551184669,264.69855849293936,250.2293551184669,249.25751289208472,256.80683815843696,2.0256185423006343,-0.813559433617904,2.8391779759185383
2023-11-15,262.37373809817143,265.1123379392074,260.75817613695034,260.8468322753906,1201300,SHW,262.27277111242995,254.73150539694245,265.1123379392074,254.73150539694245,249.19899773013535,256.967902193693,2.86769326501053,-0.07730889389221715,2.945002158902747
2023-11-16,261.19735283639113,266.4501078608152,261.19735283639113,265.8971862792969,1327700,SHW,263.6854999532236,258.5021382546862,266.4501078608152,258.5021382546862,249.1552400787836,257.10122112269704,3.897635395479341,0.7176799639820945,3.1799554314972465
2023-11-17,266.9635801087416,267.9706809070401,264.89999221503155,266.8648376464844,1104400,SHW,266.6747727193244,261.0938191039549,267.9706809070401,261.0938191039549,249.13846466059408,257.24003166650533,4.7373441777535845,1.5216128067363925,3.215731371017192
2023-11-20,266.8648004109101,270.9525027486465,265.87743619004215,269.5899353027344,1987900,SHW,268.32116866308326,263.88429591163964,270.9525027486465,263.88429591163964,249.12604860868362,257.3820611611269,5.55863555322199,2.329017356033512,3.229618197188478
2023-11-21,269.7972436170413,271.15981091278104,267.52631821211617,270.0835876464844,1838300,SHW,269.64174009710575,266.10273228736145,271.15981091278104,266.10273228736145,249.1961472347648,257.4829410063357,6.17813085711353,3.0988400562495158,3.079290800864014
2023-11-22,273.29253923370356,274.2897565636321,270.11322537563575,271.1795654296875,764700,SHW,272.21877165066473,267.8722361922336,274.2897565636321,267.8722361922336,249.36433079024616,257.61580777009704,6.680512803185849,3.815174605636783,2.865338197549066
2023-11-24,271.63376206804816,273.3122933317077,271.3770678549452,272.34466552734375,364900,SHW,272.16694719551117,270.04550392144915,273.3122933317077,270.04550392144915,249.51694885145793,257.77580062267566,7.090928149885343,4.470325314486495,2.6206028353988478
2023-11-27,271.40667800398967,273.0160864822929,270.55752911746487,271.9003601074219,1378500,SHW,271.72016342779233,271.10622555848016,273.0160864822929,270.55752911746487,249.739292625272,257.97880120148517,7.296227169785652,5.035505685546327,2.2607214842393253
2023-11-28,271.12033048941174,271.71275503236797,269.3035839877863,269.9947509765625,1249600,SHW,270.5328551215321,271.41319449313625,271.71275503236797,269.3035839877863,250.01822490526044,258.16385920744455,7.221911688672776,5.472786886171617,1.749124802501159
2023-11-29,271.1302379285453,272.6112843519001,269.7577871128925,270.2613525390625,1037400,SHW,270.94016548310015,270.9730248073342,272.6112843519001,269.7577871128925,250.3167304923076,258.3488373869143,7.10265368208951,5.798760245355196,1.303893436734314
2023-11-30,269.9552526953279,275.5930939063201,268.8987657572995,275.2771301269531,1648000,SHW,272.4310606214752,270.9565951452172,275.5930939063201,268.8987657572995,250.6094431114351,258.5203668657273,7.32839500950314,6.104687198184785,1.2237078113183548
2023-12-01,274.66498700649055,279.019267078543,272.64090229391576,278.7625427246094,1537100,SHW,276.27192477588966,271.6938278833462,279.019267078543,271.6938278833462,251.08763017530015,258.6908408719792,7.699782011597449,6.423706160867319,1.2760758507301304
2023-12-04,277.56780322498355,281.9418191494175,276.4718434889403,277.90350341796875,1608800,SHW,278.4712423203275,273.98287632961797,281.9418191494175,273.98287632961797,251.63536746133596,258.8751495762957,7.834480578388366,6.705861044371528,1.1286195340168375
2023-12-05,277.2913922344634,279.68082714883786,274.93160717640166,279.4241027832031,1786800,SHW,277.83198233572654,276.22705932497274,279.68082714883786,274.93160717640166,252.1713043508706,259.0355207144141,7.972033187449654,6.959095472987154,1.0129377144624998
2023-12-06,282.47502772186795,285.74320089846094,282.3368123988882,283.0871887207031,3189700,SHW,283.41055743498003,277.0295208303496,285.74320089846094,277.0295208303496,252.82275317651983,259.24322444102216,8.281164928167811,7.223509364023286,1.0576555641445253
2023-12-07,283.8869638773677,289.1397490220068,282.85024344733165,287.8956604003906,1923800,SHW,285.9431541867742,280.22003913266485,289.1397490220068,280.22003913266485,253.56795198592988,259.466277543905,8.812571697444355,7.5413218307075,1.2712498667368548
2023-12-08,287.2440045890589,288.74478731649725,284.62746536927375,286.15789794921875,1265600,SHW,286.69353880601216,283.08159665971954,288.74478731649725,283.08159665971954,254.3017088815931,259.6955318011007,8.989862939975524,7.831030052561105,1.1588328874144187
2023-12-11,289.2976913671766,289.64327484059464,286.3849551180328,287.94500732421875,1360800,SHW,288.3177321625057,284.8875677328658,289.64327484059464,284.8875677328658,255.01293100157986,259.955230946303,9.16887918623246,8.098599879295376,1.070279306937083
2023-12-12,288.95213294710595,291.6278815462679,287.21439240969914,291.0947265625,1890000,SHW,289.72228336639324,286.6026499476858,291.6278815462679,286.6026499476858,255.8197245130676,260.2338906014973,9.455905082664401,8.370060919969182,1.0858441626952189
2023-12-13,291.9240911967239,300.24756383485897,291.1638316409386,299.5564270019531,1864600,SHW,295.72297841861865,288.16246665703954,300.24756383485897,288.16246665703954,256.79189593904084,260.5596312521521,10.248030762131066,8.745654888401559,1.5023758737295072
2023-12-14,302.3901415521434,306.27047526740006,301.1460531330383,302.8936767578125,2130800,SHW,303.1750866775986,291.9427225378291,306.27047526740006,291.9427225378291,257.8410981382104,260.86639263389606,11.018074727854355,9.200138856292119,1.817935871562236
2023-12-15,301.7286593295846,307.9293060620566,301.7286593295846,305.8558349609375,2847100,SHW,304.31061492054084,297.5589046077139,307.9293060620566,297.5589046077139,258.90168254925675,261.159420479523,11.732120942526649,9.706535273539025,2.025585668987624
2023-12-18,305.07578802890436,305.0955244645346,302.66661707565004,304.4734802246094,1255400,SHW,304.3278524484246,300.93475976412736,305.0955244645346,300.93475976412736,259.98581010671313,261.45500382280306,12.047586163744882,10.174745451580197,1.8728407121646846
2023-12-19,305.09551522417024,306.53705841255197,303.0615475332327,303.328125,1789300,SHW,304.50556154248875,302.631306106276,306.53705841255197,302.631306106276,261.127476379031,261.74595069187563,12.066083727536807,10.55301310677152,1.513070620765287
2023-12-20,303.12084373416553,303.82186395861936,299.6058291945808,300.3660888671875,1567000,SHW,301.72865643863827,303.5684338243824,303.82186395861936,299.6058291945808,262.17818972861124,262.0291310415217,11.706783110482377,10.783767107513691,0.9230160029686854
2023-12-21,303.28868468298,303.96008512969144,301.29418964803125,303.05169677734375,921800,SHW,302.8986640595116,302.64854513151033,303.96008512969144,301.29418964803125,263.2181692793745,262.32238936641426,11.506105672740091,10.928234820558972,0.5778708521811193
2023-12-22,303.8218689476178,307.38626984050524,302.30134957743627,307.3368835449219,1347900,SHW,305.2115929776203,302.77360459551096,307.38626984050524,302.30134957743627,264.3616915109827,262.6463208536336,11.559594309270324,11.054506718301242,0.5050875909690813
2023-12-26,307.5145613199751,310.0619474425812,306.44819121695963,308.7191467285156,548500,SHW,308.18596167700787,303.9925987865656,310.0619474425812,303.9925987865656,265.6336583912531,263.02302157686563,11.58003410114884,11.159612194870762,0.42042190627807763
2023-12-27,307.9984336801509,309.4498604607528,307.8700714952319,309.3116149902344,694100,SHW,308.6574951565925,306.08928023178674,309.4498604607528,306.08928023178674,266.8613676885854,263.4087132209708,11.51134440795829,11.229958637488268,0.2813857704700222
2023-12-28,309.18325127571376,310.0323700551968,308.0280218617109,308.88702392578125,664200,SHW,309.0326667796007,307.37338769418966,310.0323700551968,307.37338769418966,268.0826905986295,263.7993854025276,11.292473772448545,11.242461664480324,0.05001210796822164
2023-12-29,308.9462570378753,310.1706091549672,307.5738364467994,307.9588928222656,682000,SHW,308.6623988654769,308.2030272368952,310.1706091549672,307.5738364467994,269.4287598093499,264.21463856541885,10.9182658215841,11.17762249590108,-0.2593566743169795
2024-01-02,300.75113996894333,302.55800318860366,297.08802724067044,301.0572204589844,1968500,SHW,300.36359771430045,308.43271305118606,308.43271305118606,297.08802724067044,270.70608350776615,264.54021999619044,9.950097514045865,10.932117499530037,-0.9820199854841718
2024-01-03,297.19664223333933,297.4237468606267,292.4375392688944,293.02008056640625,2153200,SHW,295.01950223231665,304.39815538274325,304.39815538274325,292.4375392688944,271.9016453962919,264.80400522131157,8.437030301449283,10.433100059913887,-1.9960697584646034
2024-01-04,291.4995598410838,294.1851918198696,289.46559188641135,292.03271484375,1711200,SHW,291.7957645977787,299.7088288075299,299.7088288075299,289.46559188641135,273.0481496884066,265.036192174028,7.076666070952911,9.761813262121692,-2.685147191168781
2024-01-05,291.232915352423,295.48845234223285,291.232915352423,292.9311828613281,1343000,SHW,292.7213664771017,295.75229670265435,295.75229670265435,291.232915352423,274.17479630540055,265.2623751333895,6.001880534832878,9.009826716663929,-3.0079461818310502
2024-01-08,293.12870432105507,296.55485948505367,290.84789530664307,295.68597412109375,1334500,SHW,294.05435830846136,294.236831589878,296.55485948505367,290.84789530664307,275.3794759823209,265.49114971282546,5.311170024009812,8.270095378133105,-2.958925354123293
2024-01-09,293.7111989034996,294.94540402375634,291.35138425022745,293.7507019042969,1730400,SHW,293.4396722704451,294.14559494916966,294.94540402375634,291.35138425022745,276.53748201797254,265.72638386122543,4.555108221608975,7.527097946828279,-2.971989725219304
2024-01-10,293.71124456343546,295.0343090421971,292.75350003594815,294.6294860839844,1824100,SHW,294.0321349313913,293.79263360980735,295.0343090421971,292.75350003594815,277.74738155066564,266.0006330958286,3.9809444850978366,6.817867254482191,-2.836922769384355
2024-01-11,295.22191804744966,295.5675015698851,292.575789023713,293.6618957519531,1341200,SHW,294.2567760982502,293.9123842705993,295.5675015698851,292.575789023713,278.9806884487278,266.3017808701479,3.408547519918784,6.13600330756951,-2.727455787650726
2024-01-12,295.09351064619614,298.7566231059033,292.6448669053934,298.6875305175781,1515300,SHW,296.29563279376777,294.0845801844248,298.7566231059033,292.6448669053934,280.23127758230703,266.60339333344245,3.3221498502139184,5.573232616098392,-2.2510827658844734
2024-01-16,298.18399106439415,299.01337338396934,294.91581794374883,296.2882385253906,1177800,SHW,297.10035522937574,295.19010648909625,299.01337338396934,294.91581794374883,281.4854988949807,266.9045562369529,3.0252035985018324,5.063626812579081,-2.0384232140772482
2024-01-17,293.997583928918,298.9541415355991,293.7408595858746,297.0781555175781,1562600,SHW,295.94268514199246,296.145230859236,298.9541415355991,293.7408595858746,282.6080081946264,267.1853752813128,2.8210914679218035,4.615119743647625,-1.7940282757258217
2024-01-18,298.07540675821514,302.9233386910829,296.801698443626,302.498779296875,1215500,SHW,300.07480579744976,296.0439580006142,302.9233386910829,296.0439580006142,283.69578423899037,267.51911487607026,3.061439798517597,4.30438375462162,-1.242943956104023
2024-01-19,303.5354984752264,303.77245622761205,299.10221297792884,300.1784362792969,1673700,SHW,301.64715099001603,298.059381899032,303.77245622761205,298.059381899032,284.7893448208264,267.90372191546487,3.0297601040093127,4.049459024499159,-1.0196989204898461
2024-01-22,301.16581943693024,304.55250156571833,301.096726842764,303.5947570800781,1169100,SHW,302.60245123137264,299.853266444524,304.55250156571833,299.853266444524,285.88964850662836,268.3096292910521,3.2429396653085973,3.8881551526610467,-0.6452154873524494
2024-01-23,304.7993306373874,305.2633930015087,301.1855741675847,301.6002502441406,1409500,SHW,303.2121370126554,301.22785883794836,305.2633930015087,301.1855741675847,286.94136501435094,268.70183292184674,3.213898153313778,3.7533037527915933,-0.5394055994778153
2024-01-24,302.617239672378,303.94030406555265,297.05837448504883,297.255859375,1847000,SHW,300.21794439949485,302.21999792530187,303.94030406555265,297.05837448504883,287.9336898708458,269.0373980984917,2.807958116995337,3.5642346256323423,-0.7562765086370051
2024-01-25,291.2724065606918,302.1136751167956,288.31031429058305,300.06982421875,3830800,SHW,295.44155504670516,301.21897116239836,302.1136751167956,288.31031429058305,288.8329501919371,269.3188458447298,2.6823902342872543,3.387865747363325,-0.7054755130760708
2024-01-26,300.43517643715086,302.39016839328156,296.8411864313327,298.035888671875,1721500,SHW,299.42560498341004,298.33026310455176,302.39016839328156,296.8411864313327,289.8113002465535,269.6146931794355,2.391191020628071,3.1885308020162744,-0.7973397813882035
2024-01-29,298.03590864650295,304.5031325127549,297.9569026316061,304.1970520019531,1564200,SHW,301.1732489482043,298.8779340439809,304.5031325127549,297.9569026316061,290.65009211200925,269.9538025020469,2.627282261093569,3.0762810938317333,-0.4489988327381642
2024-01-30,303.6539997230275,306.0829072598165,302.7949976753804,303.74285888671875,1367700,SHW,304.0686908862358,300.0255914960926,306.0829072598165,300.0255914960926,291.48601050748533,270.3425041188104,2.746081562680729,3.0102411876015327,-0.2641596249208038
2024-01-31,303.6145071889459,304.8289760652093,300.1587323103725,300.533935546875,1910600,SHW,302.28403777785064,302.0471411911642,304.8289760652093,300.1587323103725,292.25798126397785,270.70661067138076,2.551881073136883,2.918569164708603,-0.3666880915717199
2024-02-01,301.03753163491393,305.61888655790057,298.54935418432075,305.174560546875,1503100,SHW,302.59508323100255,302.16558948450745,305.61888655790057,298.54935418432075,292.97638747421144,271.05742606740273,2.7408407343417025,2.883023478635223,-0.14218274429352062
2024-02-02,302.4493885514747,307.6330502514257,300.6030224432728,306.072998046875,1526400,SHW,304.18961482326205,302.380336357755,307.6330502514257,300.6030224432728,293.69375639741503,271.40990250304935,2.9293216286264965,2.892283108633478,0.037038519993018326
2024-02-05,303.21952255393296,304.14764722282877,299.0429615439017,300.6424865722656,2267500,SHW,301.76315447323225,303.28497559050857,304.14764722282877,299.0429615439017,294.33618468493756,271.76616595985115,2.61040606772832,2.835907700452447,-0.22550163272412682
2024-02-06,300.65241953006023,304.16743391269506,300.0501417900761,303.9897155761719,1517400,SHW,302.2149277022508,302.5240650318704,304.16743391269506,300.0501417900761,294.93610780596924,272.1502192981077,2.597810650610029,2.7882882904839636,-0.19047763987393473
2024-02-07,306.19151269302796,309.02527339757415,305.5793516799644,305.9446716308594,1828500,SHW,306.68520235035646,302.3694963670606,309.02527339757415,302.3694963670606,295.6264729090662,272.57171088026206,2.714288676881438,2.7734883677634588,-0.05919969088202093
2024-02-08,307.1788518225398,308.47232660393917,303.58486191988163,308.2057189941406,1260000,SHW,306.8604398351253,304.52734935870853,308.47232660393917,303.58486191988163,296.3292784372128,273.0342855312424,2.954982775710505,2.809787249352868,0.14519552635763677
2024-02-09,308.27484897959215,309.03510855930386,305.4806215765797,307.8009033203125,912500,SHW,307.6478706089471,305.69389459691695,309.03510855930386,305.4806215765797,297.0715787469611,273.5449018261108,3.0775927677559594,2.8633483530334867,0.2142444147224727
2024-02-12,308.01816952745514,309.3017612422103,306.3001652266857,306.4976501464844,991600,SHW,307.5294365357089,306.670882602932,309.3017612422103,306.3001652266857,297.80336416801333,274.0600473301605,3.034619228936265,2.8976025282140423,0.1370167007222225
2024-02-13,301.787839372532,304.35499212896593,298.1642299005643,303.328125,975000,SHW,301.9087966005156,307.10015956932045,307.10015956932045,298.1642299005643,298.39291888759413,274.50118099951465,2.713528333800298,2.8607876893312936,-0.14725935553099578
2024-02-14,305.06591620426155,307.9095299038982,303.5453669086573,307.0998840332031,945700,SHW,305.90517426250506,304.504478084918,307.9095299038982,303.5453669086573,298.9855838773264,275.0366070263133,2.731919055829053,2.8350139626308457,-0.10309490680179278
2024-02-15,309.0450476781603,310.4076153292941,307.63312386133526,308.5612487792969,977400,SHW,308.91175891202164,305.2048261737115,310.4076153292941,305.2048261737115,299.5943942091603,275.61488083524813,2.8317708655875435,2.8343653432221854,-0.002594477634641823
2024-02-16,307.88981251388543,308.93644644803527,304.8882465799168,305.174560546875,1699200,SHW,306.72226652217813,307.0582925428666,308.93644644803527,304.8882465799168,300.17219989288935,276.17175212187993,2.6075682835744374,2.789005931292636,-0.18143764771819848
2024-02-20,304.08844242287546,308.0675190124171,302.5086536491594,307.3269958496094,998200,SHW,305.49790273351533,306.89027953252236,308.0675190124171,302.5086536491594,300.61394679886007,276.7183499876899,2.573899352772912,2.745984615588691,-0.17208526281577896
2024-02-21,307.83051806233624,310.79261058801075,306.7148218551814,310.3186950683594,1097000,SHW,308.91416139347194,306.19409113301884,310.79261058801075,306.19409113301884,301.07336694299397,277.32065946446187,2.7568424432101892,2.748156181112991,0.008686262097198139
2024-02-22,311.0197732245607,317.17106403139974,310.57544721002375,316.5687561035156,1020700,SHW,313.83376014237496,307.5541262632454,317.17106403139974,307.5541262632454,301.61617136972126,277.9589401256572,3.367337283899019,2.8719924016701968,0.4953448822288222
2024-02-23,317.4048896688573,319.49286992673916,316.46478516454926,318.6715393066406,1387800,SHW,318.0085210166966,310.69394320281015,319.49286992673916,310.69394320281015,302.2099871468051,278.61145907419245,3.975014382877191,3.092596797911596,0.8824175849655953
2024-02-26,318.6715709416701,321.11581269620535,318.1668800314338,319.1465759277344,1532200,SHW,319.2752098992609,314.35123210975337,321.11581269620535,314.35123210975337,302.8010456774624,279.31038509526496,4.443710024125437,3.3628194431543643,1.0808905809710727
2024-02-27,321.61058119634083,324.66835202133643,320.0074809773442,324.3022155761719,1434000,SHW,322.64715744279835,316.8132210045071,324.66835202133643,316.8132210045071,303.339529257946,280.06571259849346,5.171557236099829,3.7245670017434573,1.446990234356372
2024-02-28,323.9459785873327,327.28085853897414,322.4022500978236,326.2417907714844,1340300,SHW,324.9677194989037,319.7301892236527,327.28085853897414,319.7301892236527,303.77538191437213,280.8082400262913,5.8375967227588035,4.147172945946527,1.6904237768122767
2024-02-29,327.4094493745532,329.3589054692582,326.29125950237625,328.5672607421875,1852500,SHW,327.9067187720938,322.3489543612782,329.3589054692582,322.3489543612782,304.24730399140316,281.5744932703299,6.478404788627358,4.613419314482694,1.8649854741446648
2024-03-01,326.85524882266657,332.4364430685289,325.51935229722466,331.7338562011719,1596200,SHW,329.136225097398,325.127836566686,332.4364430685289,325.127836566686,304.74347144438264,282.3646407755479,7.159240320852177,5.122583515756591,2.0366568050955864
2024-03-04,330.8234998974974,333.9703286323036,330.6552897282793,333.58441162109375,1146100,SHW,332.2583824697935,327.132030832042,333.9703286323036,327.132030832042,305.2985278629287,283.21300212097987,7.758694343177581,5.649805681240789,2.108888661936792
2024-03-05,332.1594136058062,335.9593627148045,328.7849727893779,329.8042297363281,1277800,SHW,331.6769947115792,329.6952066509177,335.9593627148045,328.7849727893779,305.89749462838756,284.03784217849943,7.838380912959224,6.087520727584476,1.7508601853747479
2024-03-06,332.7729419494656,333.92084795848643,330.72452268683406,332.9807434082031,1097600,SHW,332.5997640007473,330.6861006812485,333.92084795848643,330.6861006812485,306.4915166272123,284.85484295329337,8.064884234470924,6.482993428961766,1.5818908055091576
2024-03-07,340.41246171910495,342.53015838942343,336.4541772805107,341.0655822753906,1581400,SHW,340.11559491610745,331.6429323409979,342.53015838942343,331.6429323409979,307.18959666598204,285.77564408848235,8.795381000166344,6.945470943202682,1.8499100569636617
2024-03-08,342.4509545885688,344.0837407785436,336.52343367251547,337.136962890625,1297200,SHW,340.0487729825632,335.8792636285527,344.0837407785436,335.8792636285527,307.82685289209314,286.7302556416731,8.954081124930212,7.347192979548189,1.6068881453820234
2024-03-11,336.7411247505558,337.08748064114275,332.42657947788473,336.840087890625,992700,SHW,335.7738181900521,337.96401830555794,337.96401830555794,332.42657947788473,308.36917935276233,287.61527352067384,8.952695682794456,7.668293520197443,1.2844021625970132
2024-03-12,337.0676824077379,339.7098503690589,335.613011772714,339.1260070800781,1305100,SHW,337.8791379073972,336.868918247805,339.7098503690589,335.613011772714,308.94610877531824,288.5143996869739,9.03193772833913,7.941022361825781,1.0909153665133493
2024-03-13,338.1462854800921,338.43326951531225,330.11097408840163,333.2973937988281,1835200,SHW,334.99698072065854,337.3740280776011,338.43326951531225,330.11097408840163,309.4728004124219,289.4507801108859,8.526133283143793,8.058044546089384,0.46808873705440845
2024-03-14,333.0203187965034,335.1973870198395,328.9235106662557,331.4271240234375,1417100,SHW,332.142085126509,336.18550439912985,336.18550439912985,328.9235106662557,310.108370160666,290.4072268342161,7.88348852738244,8.023133342347997,-0.13964481496555692
2024-03-15,327.97353538371465,334.42555814475304,327.3699115213446,331.16986083984375,1623800,SHW,330.234716472414,334.1637947628194,334.42555814475304,327.3699115213446,310.812674445468,291.35715992087995,7.269629179563253,7.872432509791048,-0.6028033302277951
2024-03-18,334.2771122608177,334.8114891214329,331.2094659482272,331.77349853515625,1083200,SHW,333.0178914664085,332.1992556176167,334.8114891214329,331.2094659482272,311.6371169828406,292.3426333356236,6.753993903495541,7.648744788531947,-0.8947508850364061
2024-03-19,332.84224219558695,333.851593835738,331.3380748110719,333.06982421875,855800,SHW,332.7754337652867,332.6085735420126,333.851593835738,331.3380748110719,312.4381983286043,293.30649731700237,6.376448155940011,7.39428546201356,-1.0178373060735488
2024-03-20,334.2572476678301,339.27437923267564,332.62446177020223,337.4931335449219,1222700,SHW,335.91230555390746,332.69200365364964,339.27437923267564,332.62446177020223,313.27535727351324,294.32741662791705,6.3608407141488215,7.187596512440613,-0.8267557982917912
2024-03-21,339.44264880764933,343.9946816521448,336.46406049928004,343.6087646484375,1332200,SHW,340.8775389018779,334.30215460377855,343.9946816521448,334.30215460377855,314.2241146061419,295.3807983120572,6.7639810604430295,7.102873422041096,-0.33889236159806657
2024-03-22,343.3811532257117,343.3811532257117,339.0864185066908,339.2942199707031,889300,SHW,341.28573623220433,337.58984675282824,343.3811532257117,337.58984675282824,315.16918663215813,296.4582840914119,6.65856915164693,7.014012567962263,-0.3554434163153335
2024-03-25,337.72079623240586,338.94785463246274,336.5827956001617,338.43328857421875,1168800,SHW,337.92118375981227,339.4377914925163,339.4377914925163,336.5827956001617,316.0424747853894,297.51158161705854,6.431422055843257,6.897494465538462,-0.46607240969520536
2024-03-26,338.6609007803919,340.87753019967164,338.225487115989,338.43328857421875,1127200,SHW,339.0493016675678,338.67948762616425,340.87753019967164,338.225487115989,316.8975481628654,298.56441287258616,6.180165247953312,6.7540286220214325,-0.5738633740681207
2024-03-27,341.4019742599824,343.4207074331522,340.48168053372433,343.27227783203125,958500,SHW,342.14416001472256,338.864394646866,343.4207074331522,338.864394646866,317.7984242585723,299.6419615767765,6.298898627033623,6.663002623023871,-0.36410399599024856
2024-03-28,342.96549389078393,344.7368343849352,341.0358486166422,343.7076721191406,995100,SHW,343.11146225287547,340.50427733079425,344.7368343849352,340.50427733079425,318.74179980079,300.6749039977082,6.354873341500934,6.601376766719284,-0.24650342521835
2024-04-01,342.82697792959556,342.8566638514736,334.28697541071017,334.6333312988281,992200,SHW,338.6509871226518,341.80786979183483,342.8566638514736,334.28697541071017,319.51332342729404,301.6045538331422,5.602428925956076,6.401587198566642,-0.7991582726105664
2024-04-02,331.33809492031116,331.5063353035369,328.1417994328565,330.4771728515625,1608100,SHW,330.3658506270668,340.22942845724333,340.22942845724333,328.1417994328565,320.087697420035,302.4385211204307,4.6175162008788675,6.044772999029088,-1.4272567981502204
2024-04-03,330.02191091576924,332.0010528103166,328.7057948435911,330.8036804199219,1095100,SHW,330.3831097473997,335.297639542155,335.297639542155,328.7057948435911,320.64331059035555,303.26647954849193,3.8192858524866438,5.599675569720599,-1.7803897172339553
2024-04-04,334.1187831012533,336.45415627857614,325.2324242195551,326.4198913574219,1316700,SHW,330.55631373920164,332.8403746447774,336.45415627857614,325.2324242195551,321.1901941248865,304.0657795696187,2.8006631089886014,5.0398730775741996,-2.239209968585598
2024-04-05,327.6172959424633,329.05215585050536,325.93501307172494,328.38916015625,870300,SHW,327.74840625523586,331.6983441919895,331.6983441919895,325.93501307172494,321.7408033620013,304.83724661642356,2.1277731359666063,4.457453089252681,-2.3296799532860746
2024-04-08,329.01258787606275,330.0615307549463,327.48864002965576,328.8344421386719,1097700,SHW,328.84930019983415,329.7233752236127,330.0615307549463,327.48864002965576,322.4089582650639,305.62095422850047,1.611853080077367,3.8883330874176183,-2.2764800073402514
2024-04-09,333.13907931211935,333.36669151947495,323.9063949425045,331.06097412109375,789900,SHW,330.36828497379815,329.28633771172343,333.36669151947495,323.9063949425045,323.02781186487164,306.4195560557126,1.366888600926245,3.3840441901193437,-2.0171555891930986
2024-04-10,323.9855520457327,325.59855767077926,317.6622088117847,317.8106384277344,1563100,SHW,321.26423923900774,329.8273113427608,329.8273113427608,317.6622088117847,323.42963167068774,307.03986189134844,0.102380949688893,2.7277115420332536,-2.6253305923443606
2024-04-11,319.12676232598386,319.12676232598386,315.96015304513315,316.5835876464844,1323300,SHW,317.6993163358963,325.5457752908843,325.5457752908843,315.96015304513315,323.7022441796809,307.5941273435831,-0.9873813003510463,1.9846929735563938,-2.97207427390744
2024-04-12,314.28778458647986,315.9205708470011,311.76436018448055,314.9309997558594,1280100,SHW,314.2259288434552,321.6225458133903,321.6225458133903,311.76436018448055,323.94108200099305,308.0995316324854,-1.9617617974937502,1.195402019346365,-3.1571638168401153
2024-04-15,318.6913383150834,318.6913383150834,310.1513656886927,310.69561767578125,1745200,SHW,314.5574149986602,317.92423732842275,318.6913383150834,310.1513656886927,324.1803286363462,308.5783580552788,-3.0406742982528954,0.348186755826513,-3.3888610540794084
2024-04-16,307.34094799323816,308.65709433528417,303.72901988191404,305.1639099121094,1440700,SHW,306.2227430306365,316.24082616354144,316.24082616354144,303.72901988191404,324.22099120049364,308.95737379895434,-4.292600389132019,-0.5799706731651936,-3.7126297159668256
2024-04-17,307.5487580045513,308.1523817766035,304.62951167929634,306.9253234863281,1523900,SHW,306.8139937366948,311.23178459708896,311.23178459708896,304.62951167929634,324.3220079857629,309.32909633535024,-5.084024016930016,-1.4807813419181581,-3.603242675011858
2024-04-18,308.2316087112761,309.97323326434497,304.4514399643176,306.15350341796875,1127500,SHW,307.20244633947686,309.0228891668919,309.97323326434497,304.4514399643176,324.4217583585074,309.67893308223836,-5.707717360208619,-2.3261685455762504,-3.3815488146323687
2024-04-19,307.59821482613205,307.9049793890818,302.1852607970242,302.76910400390625,1563300,SHW,305.1143897540361,308.1126677531844,308.1126677531844,302.1852607970242,324.39034210658104,310.00840750782356,-6.401301358939463,-3.141195108248893,-3.26010625069057
2024-04-22,302.93736702419744,308.7362384346698,301.7399946017736,306.03472900390625,1638000,SHW,304.8620822661368,306.61352875361024,308.7362384346698,301.7399946017736,324.35037495520123,310.33982669620707,-6.611252624509916,-3.835206611501098,-2.776046013008818
2024-04-23,294.72390973727056,301.492601771115,291.478118152301,299.2066650390625,4426500,SHW,296.7253236749373,305.7378055098735,305.7378055098735,291.478118152301,324.13192401652105,310.6017513817411,-7.2450913098360274,-4.517183551168085,-2.7279077586679428
2024-04-24,298.6624188538207,301.0176026480444,297.2275288348595,300.5624084472656,2287900,SHW,299.36748969599756,301.2315645924054,301.2315645924054,297.2275288348595,323.9686850797268,310.88602462387007,-7.550972955977443,-5.123941432129956,-2.4270315238474867
2024-04-25,300.1071862377037,304.3326737344098,296.6931844079786,301.6311340332031,2004800,SHW,300.6910446033238,300.2995271442015,304.3326737344098,296.6931844079786,323.944330039783,311.16862446368856,-7.619318381785774,-5.62301682206112,-1.996301559724654
2024-04-26,302.99673021071044,306.67793533584705,302.7097461807165,303.2540283203125,1820300,SHW,303.9096100118966,300.49528587376267,306.67793533584705,300.49528587376267,323.9044187547708,311.44500131604866,-7.456573876176378,-5.989728232884172,-1.4668456432922063
2024-04-29,304.3030007982382,306.5394108176927,301.73011004909944,302.8977966308594,1645300,SHW,303.8675795739724,302.2024479428296,306.5394108176927,301.73011004909944,323.80353516800983,311.69896468858514,-7.272509639017983,-6.246284514110934,-1.0262251249070484
2024-04-30,302.1358236921458,302.1358236921458,295.99056606458913,296.4853515625,1779400,SHW,299.18689125284516,303.035013758401,303.035013758401,295.99056606458913,323.65282766262317,311.91251377775626,-7.5569562434038176,-6.508418859969511,-1.0485373834343061
2024-05-01,298.04891140496846,304.53058979929017,295.25831375456687,300.1764831542969,1954600,SHW,299.5035745282806,301.1109525056231,304.53058979929017,295.25831375456687,323.5329410985185,312.07344394868926,-7.399244866372953,-6.6865840612502,-0.712660805122753
2024-05-02,301.47278041577,303.0560999574502,297.5046214873671,301.2847595214844,1521000,SHW,300.82956534551795,300.3072635169518,303.0560999574502,297.5046214873671,323.3712491775594,312.2223080602767,-7.102950432098794,-6.769857335419919,-0.33309309667887455
2024-05-03,312.1602109606231,312.2789546589778,307.7071410764448,308.053466796875,2027800,SHW,310.0499433732302,300.5684144312349,312.2789546589778,300.5684144312349,323.2955728421765,312.45587210594886,-6.2499117572705245,-6.665868219790041,0.41595646251951646
2024-05-06,310.3690593794425,312.1997415490182,308.40969795014126,311.7049560546875,1533900,SHW,310.67086373332234,305.30917890223253,312.1997415490182,305.30917890223253,323.148819696509,312.67940342165707,-5.219065655203281,-6.376507706872689,1.1574420516694088
2024-05-07,312.041404683926,316.49447410603074,311.2992264469085,315.4257507324219,1820400,SHW,313.8152139923218,307.9900213177774,316.49447410603074,307.9900213177774,323.03961977837025,312.92033272791633,-4.055130636212255,-5.912232292740603,1.8571016565283482
2024-05-08,314.6934606651761,316.6132306825883,314.1590839079304,315.6731262207031,933600,SHW,315.2847253690995,310.9026176550496,316.6132306825883,310.9026176550496,322.8923711368963,313.1159501974211,-3.07726976316593,-5.345239786825669,2.267970023659739
2024-05-09,315.68304760118895,317.5236351260325,314.04035615251365,317.1080322265625,1287500,SHW,316.0887677765744,313.09367151207454,317.5236351260325,313.09367151207454,322.7147921024497,313.2450870084109,-2.1616054118711077,-4.708512911834757,2.546907499963649
2024-05-10,318.64185833284193,318.9090316280154,316.37573231311524,317.51373291015625,1075700,SHW,317.8600887960322,314.5912196443245,318.9090316280154,314.5912196443245,322.5138595029285,313.3805817471659,-1.387207299636998,-4.044251789395205,2.6570444897582073
2024-05-13,318.14709555971984,319.6215467742727,312.34822364798697,312.5758056640625,1153700,SHW,315.6731679115105,316.22565422017834,319.6215467742727,312.34822364798697,322.2445983592107,313.4940349017967,-1.1585852279210371,-3.467118477100372,2.3085332491793347
2024-05-14,312.21957576900604,312.8132942473907,308.67689445164586,310.7747802734375,2196100,SHW,311.12113618537,315.9494110658444,315.9494110658444,308.67689445164586,321.8218534335222,313.56019064822544,-1.1099336618353277,-2.995681514047363,1.8857478522120354
2024-05-15,313.0508066090248,316.5043998976281,312.30862832412873,313.0705871582031,1509100,SHW,313.7336054972462,313.5352736256072,316.5043998976281,312.30862832412873,321.4629856492356,313.68024013881154,-0.8760262313670637,-2.5717504575113033,1.6957242261442396
2024-05-16,313.37306272452884,313.759884120255,310.5761745342253,311.4489440917969,1139600,SHW,312.2895163677015,313.6344395614267,313.759884120255,310.5761745342253,321.05678069657466,313.7741486618935,-0.8121440591594933,-2.2198291778409414,1.407685118681448
2024-05-17,313.30367038594943,313.30367038594943,308.6917179697534,309.84222412109375,968600,SHW,311.2853207156865,312.9619779645641,313.30367038594943,308.6917179697534,320.4801752125662,313.83488593927416,-0.8810101149599632,-1.9520653652647457,1.0710552503047825
2024-05-20,309.19756767752483,309.8422397923547,306.3510704538496,306.88665771484375,1424400,SHW,308.0693839096432,312.1236493401253,312.1236493401253,306.3510704538496,319.84058743110785,313.8337201616005,-1.1606966798041185,-1.7937916281726203,0.6330949483685018
2024-05-21,307.4717889591757,308.83056718012875,306.1427639011736,307.42218017578125,1529700,SHW,307.4668250540648,310.09651662488426,310.09651662488426,306.1427639011736,319.2744475683881,313.8218134605752,-1.3238772772590437,-1.699808757989905,0.37593148073086136
2024-05-22,306.56926330385215,308.1164884505697,303.57397005061136,304.70465087890625,1876300,SHW,305.74109317098487,308.78167083947454,308.78167083947454,303.57397005061136,318.63168667365983,313.78889772448906,-1.653421367012811,-1.6905312797944863,0.03710991278167519
2024-05-23,305.02203738797243,305.24023735773966,300.38033169180795,300.60845947265625,1569900,SHW,302.8127664775441,307.26138200522973,307.26138200522973,300.38033169180795,317.98800238879755,313.7304014006097,-2.2195304798026427,-1.7963311197961176,-0.42319936000652514
2024-05-24,301.2927973915935,304.8732562243412,300.9655125872644,302.3441162109375,1011200,SHW,302.36892060353415,305.0370742413869,305.0370742413869,300.9655125872644,317.3925390983381,313.75045462950203,-2.499312518053671,-1.9369273994476284,-0.5623851186060425
2024-05-28,301.7886921691123,302.939198247408,298.57522950513373,299.25958251953125,1735100,SHW,300.6406756102963,303.7029974224605,303.7029974224605,298.57522950513373,316.8006582810957,313.80666636328186,-2.9360924434274693,-2.1367604082435965,-0.7993320351838729
2024-05-29,296.8891469812526,297.8313809533841,293.3582969399731,294.9947814941406,1711700,SHW,295.7684015921876,302.1718365163784,302.1718365163784,293.3582969399731,316.05566848361127,313.84639273322597,-3.585051242330678,-2.426418575061013,-1.1586326672696652
2024-05-30,295.5403113013055,300.0827994126483,293.9236520197165,299.57696533203125,1149100,SHW,297.28093201642537,298.97011905428303,300.0827994126483,293.9236520197165,315.34577844863406,313.89198838861915,-3.6871091262854065,-2.678556685305892,-1.0085524409795146
2024-05-31,299.63648689019107,302.1259461755462,298.35707044247243,301.3126525878906,6144800,SHW,300.35803902402506,298.1255255353542,302.1259461755462,298.1255255353542,314.6346931180364,313.9550251957748,-3.586591287021463,-2.8601636056490065,-0.7264276813724564
2024-06-03,302.483018711235,303.1574440173613,295.7684280142128,299.5571594238281,1971300,SHW,300.2415125416593,299.24178227968963,303.1574440173613,295.7684280142128,313.82197259083205,314.02304359848694,-3.6070044996940283,-3.009531784458011,-0.5974727152360173
2024-06-04,299.54723654556375,304.43689576480665,297.58346692963477,303.3359680175781,3117700,SHW,301.2258918143958,299.74164741067443,304.43689576480665,297.58346692963477,313.0207757024759,314.094981167317,-3.2804488725179226,-3.0637152020699934,-0.21673367044792924
2024-06-05,303.6632589680035,305.86508401953085,299.4877063780192,305.7063903808594,1607500,SHW,303.6806099366032,300.4837696125351,305.86508401953085,299.4877063780192,312.3359642260117,314.1892195057005,-2.7981228920752415,-3.010596740071043,0.2124738479958017
2024-06-06,305.3989074585518,305.9939707232204,300.5291046245843,301.57049560546875,1727100,SHW,303.3731196029563,302.0821897745692,305.9939707232204,300.5291046245843,311.62244058471947,314.25999437379244,-2.718273654243035,-2.9521321229054416,0.23385846866240678
2024-06-07,291.28543657170957,292.8029085955337,279.7804046877211,289.5596923828125,3302700,SHW,288.3571105594442,302.72765468876275,302.72765468876275,279.7804046877211,310.5466995956139,314.17256192709306,-3.582862985335737,-3.0782782953915007,-0.5045846899442363
2024-06-10,288.46869868276366,292.4855275767021,287.8041709277609,290.7101745605469,2137400,SHW,289.86714293694337,295.5423826241035,295.5423826241035,287.8041709277609,309.48181320929524,314.1118065050426,-4.12764108542865,-3.2881508533989305,-0.8394902320297191
2024-06-11,290.77958898200353,294.578247904853,289.3811296888256,293.5765075683594,1082400,SHW,292.0788685360104,292.7047627805234,294.578247904853,289.3811296888256,308.5503708375624,314.03184713242825,-4.278769544018587,-3.486274591522862,-0.792494952495725
2024-06-12,301.08452534522024,303.7822565331342,295.94694390288225,296.8395690917969,1639800,SHW,299.4133237182584,292.3918156582669,303.7822565331342,292.3918156582669,307.9313202993863,314.00950885971065,-4.088112920884441,-3.606642257395178,-0.4814706634892634
2024-06-13,296.4824770320712,298.2479019145867,293.5764739293861,297.99005126953125,1333100,SHW,296.57422603639384,295.9025696882627,298.2479019145867,293.5764739293861,307.2551426251661,313.94922660776086,-3.8003735362063935,-3.6453885131574215,-0.154985023048972
2024-06-14,295.9171890464264,297.4941976959751,291.98961967530647,294.55841064453125,927900,SHW,294.9898542655598,296.23839786232827,297.4941976959751,291.98961967530647,306.5438134356933,313.8670037802899,-3.8053767059178085,-3.677386151709499,-0.12799055420830951
2024-06-17,293.7748752767888,300.6778818175649,293.5070665298404,300.37042236328125,1535400,SHW,297.08256149686883,295.614126063944,300.6778818175649,293.5070665298404,305.93049654052595,313.83564995126363,-3.302294189456177,-3.6023677592588346,0.30007356980265776
2024-06-18,300.0133649826367,300.0133649826367,296.2940679645331,297.7322082519531,1973200,SHW,298.5132515454399,296.3483437804064,300.0133649826367,296.2940679645331,305.3237755674381,313.86636691625097,-3.0809640650471692,-3.4980870204165018,0.4171229553693325
2024-06-20,296.78005286045135,301.2927874396489,295.6096911559305,298.8826904296875,1786400,SHW,298.1413054714296,297.43079766292317,301.2927874396489,295.6096911559305,304.6792359773907,313.85352392113117,-2.7806702147644273,-3.354603659286087,0.5739334445216597
2024-06-21,300.18198854088735,304.3872640465652,297.2164787166208,298.79345703125,2312700,SHW,300.14479708383084,297.7860515671764,304.3872640465652,297.2164787166208,304.25684713428717,313.8432394024874,-2.5208270394636543,-3.1878483353216005,0.6670212958579462
2024-06-24,299.5273736239166,302.0763390014579,298.06940804490614,298.0892333984375,1602300,SHW,299.44058851717955,298.9654243255036,302.0763390014579,298.06940804490614,303.89167257791286,313.7969583787969,-2.344696214259045,-3.0192179111090898,0.6745216968500447
2024-06-25,297.78177860634275,299.4083656528283,289.8770316832463,292.2673034667969,3308800,SHW,294.83361985230357,299.20300642134157,299.4083656528283,289.8770316832463,303.5038263980898,313.7224541995414,-2.6444092521441007,-2.944256179316092,0.29984692717199124
2024-06-26,291.4143853660232,294.9849167791965,290.6407727488122,294.4294738769531,1617500,SHW,292.86738719274626,297.0183131368226,297.0183131368226,290.6407727488122,303.0700258419715,313.62517723915886,-2.676610610905982,-2.8907270656340702,0.21411645472808827
2024-06-27,294.5881542121452,295.49070726939,293.150044167916,294.5683288574219,1133200,SHW,294.4493086267182,294.94285016478443,295.49070726939,293.150044167916,302.8345571538932,313.5277741771934,-2.6602601600877165,-2.8446336845247995,0.184373524437083
2024-06-28,294.568318145274,297.17678991309873,293.44756515596083,295.9866027832031,2175800,SHW,295.2948189993842,294.6960793957513,297.17678991309873,293.44756515596083,302.60417365914697,313.46309082245494,-2.5039949619758772,-2.776505940015015,0.2725109780391377
2024-07-01,296.1353601539406,296.6709473738762,292.26729749377284,293.36822509765625,1818500,SHW,294.61045752981147,294.9954491975677,296.6709473738762,292.26729749377284,302.35233388295364,313.38704612073053,-2.5619028419378083,-2.7335853203995737,0.17168247846176543
2024-07-02,293.0905233224644,293.99307633501553,289.9365365500417,292.237548828125,2354000,SHW,292.31442125891164,294.8029533636896,294.8029533636896,289.9365365500417,302.09633451305115,313.2433383098161,-2.6682731871476904,-2.720522893749197,0.05224970660150685
2024-07-03,292.23753375037546,295.25265208789745,291.1564618067799,294.7864990234375,1007000,SHW,293.35828666712257,293.5586873113006,295.25265208789745,291.1564618067799,301.86625860107085,313.10831677813604,-2.5178690467356546,-2.6799921243464886,0.162123077610834
2024-07-05,294.3303106114762,294.3303106114762,291.9102854974487,293.27899169921875,1097900,SHW,293.46247460490497,293.45848698921156,294.3303106114762,291.9102854974487,301.8010016196702,312.96646281809564,-2.491594375162606,-2.6423125745097122,0.15071819934710629
2024-07-08,293.9930887883506,297.99998968941077,293.97323316605224,297.7917175292969,1660500,SHW,295.93950729327764,293.46048079705827,297.99998968941077,293.46048079705827,301.7324419716158,312.8505635256713,-2.082625043466237,-2.5303750683010175,0.44775002483478055
2024-07-09,297.62308067309806,297.62308067309806,295.42125571985486,296.4626770019531,1229200,SHW,296.78252351700104,294.69999404516795,297.62308067309806,294.69999404516795,301.65427154988936,312.7993007948362,-1.844494184136522,-2.393198891468119,0.5487047073315967
2024-07-10,297.54375315549186,303.39544091400666,296.373421657332,302.8697814941406,1241800,SHW,300.0455993052428,295.7412587810845,303.39544091400666,295.7412587810845,301.5769913357563,312.74070504526355,-1.125796495152258,-2.139718412204947,1.0139219170526887
2024-07-11,305.9245892354367,312.2225746330806,304.11948315330955,311.3993835449219,1603100,SHW,308.4165076416872,297.8934290431637,312.2225746330806,297.8934290431637,301.6679698971106,312.73575253256024,0.1305394247142999,-1.6856668448210976,1.8162062695353975
2024-07-12,311.8853758737973,317.4494601946952,310.4670911466398,315.76336669921875,1494700,SHW,313.89132347858776,303.15496834242543,317.4494601946952,303.15496834242543,301.9620585416254,312.80744310212435,1.461484577377405,-1.0562365603813972,2.5177211377588025
2024-07-15,314.9004894292388,318.21313976465177,314.1665578167111,315.862548828125,1961900,SHW,315.78568395968165,308.5231459105066,318.21313976465177,308.5231459105066,302.28770073025345,312.910320914386,2.4955047434236235,-0.34588829962039314,2.8413930430440164
2024-07-16,317.6081338062999,323.8565405679407,317.27092118201836,323.72760009765625,2239900,SHW,320.6157989134788,312.1544149350941,323.8565405679407,312.1544149350941,302.6834254016127,313.02733728958606,3.9046071999360947,0.5042108002909045,3.4003963996451905
2024-07-17,321.9125972943891,324.9276855663087,319.7107722864506,323.13250732421875,1824100,SHW,322.4208906178418,316.38510692428645,324.9276855663087,316.38510692428645,302.9308443465049,313.1132085943407,4.916636114708012,1.3866958631743262,3.529940251533686
2024-07-18,322.26965913902126,327.13946261123635,321.80350600879285,322.7953186035156,2013900,SHW,323.50198659064154,319.4029987710641,327.13946261123635,319.4029987710641,303.1874668036513,313.16814325008016,5.62660797488968,2.234678285517397,3.391929689372283
2024-07-19,322.1406723229573,322.3985532461621,318.2726098134546,319.21484375,1537700,SHW,320.50666978314354,321.45249268085286,322.3985532461621,318.2726098134546,303.32129591946773,313.180457848919,5.833110920051979,2.9543648124243136,2.8787461076276655
2024-07-22,319.70082658420495,320.6827112396487,315.40629192521476,319.71075439453125,2350500,SHW,318.8751460358999,320.97958123199817,320.97958123199817,315.40629192521476,303.3931043328037,313.14273773485,5.96798660177933,3.557089170295317,2.4108974314840133
2024-07-23,336.22447401691767,342.72083449039303,329.02390479920393,341.679443359375,4163100,SHW,337.4121641664724,319.927363633949,342.72083449039303,319.927363633949,303.8195722606017,313.2671821815257,7.7581351974588415,4.397298375728022,3.3608368217308193
2024-07-24,341.34219296189264,341.778592882453,328.9742899004687,329.30157470703125,1919900,SHW,335.3491626129614,328.6697639002107,341.778592882453,328.6697639002107,304.1693537369403,313.34160661993434,8.084853148331774,5.134809330248773,2.9500438180830013
2024-07-25,332.65390723785356,345.299516642938,332.65390723785356,339.9338073730469,2536100,SHW,337.635284622923,332.00946325658606,345.299516642938,332.00946325658606,304.6085960711685,313.4265972151896,9.096848984642861,5.927217261127591,3.16963172351527
2024-07-26,341.39181834315764,349.10811942652794,340.19173353073666,346.3608093261719,1928900,SHW,344.26312015664854,334.8223739397545,349.10811942652794,334.8223739397545,305.2714357505941,313.54664459205816,10.298750733174131,6.8015239555369,3.4972267776372314
2024-07-29,346.6186715646161,350.88345355411076,345.9343184625843,349.66351318359375,1322900,SHW,348.2749891912262,339.54274704820153,350.88345355411076,339.54274704820153,305.9622634244737,313.71262453685466,11.386510522123444,7.718521268854209,3.6679892532692353
2024-07-30,350.04039210367745,353.7696169357595,346.75749502120493,348.9593200683594,1358200,SHW,349.8817060322503,343.9088681197139,353.7696169357595,343.9088681197139,306.7141072177647,313.8854439571697,12.052808221969656,8.5853786594773,3.467429562492356
2024-07-31,351.5875857726755,352.78770063012695,345.21023898237763,347.92779541015625,1785300,SHW,349.3783301988341,346.8952870759821,352.78770063012695,345.21023898237763,307.4759674074276,313.97807130999695,12.355195527212175,9.339342033024275,3.0158534941878994
2024-08-01,348.50310406929543,350.68507355252126,344.02009190239704,347.51129150390625,1351600,SHW,347.67989025703,348.1368086374081,350.68507355252126,344.02009190239704,308.26817753437535,314.05438248274163,12.418083326237365,9.955090291666894,2.462993034570472
2024-08-02,345.567324812758,346.4797753634842,339.765215630102,344.4068908691406,1446500,SHW,344.05480166887116,347.90834944721905,347.90834944721905,339.765215630102,308.99993706667146,314.1371923175298,12.078193279666266,10.379710889266768,1.6984823903994979
2024-08-05,338.2874180316025,342.25466831129523,333.36803615974446,336.313720703125,2539100,SHW,337.5559608014418,345.9815755580451,345.9815755580451,333.36803615974446,309.63623441928064,314.13396054647023,11.028645414782659,10.509497794369947,0.5191476204127117
2024-08-06,336.8492922070033,343.6729672116772,335.1036924799334,341.3025207519531,2579200,SHW,339.23211816264177,341.76876817974346,343.6729672116772,335.1036924799334,310.3646214529826,314.1763119208901,10.478634465680273,10.503325128632012,-0.024690662951739384
2024-08-07,343.8217595800716,344.6846316993168,336.0856031387217,336.92864990234375,1909700,SHW,340.38016108011345,340.5004431711926,344.6846316993168,336.0856031387217,311.12484626251415,314.2586926804261,9.57938679429867,10.318537461765343,-0.7391506674666726
2024-08-08,338.8031553900344,341.7587372629083,337.2559303144817,339.904052734375,1774100,SHW,339.4304689254499,340.44030212565303,341.7587372629083,337.2559303144817,311.90064212881725,314.3506502049565,9.003035291420417,10.055437027696358,-1.0524017362759412
2024-08-09,338.9519239343835,343.8415523248399,338.9519239343835,342.8100891113281,1763100,SHW,341.13887232623375,339.93538552555145,343.8415523248399,338.9519239343835,312.80805154349815,314.43186001355474,8.680699719048619,9.78048956596681,-1.099789846918192
2024-08-12,342.5621084306057,343.06791218594765,339.24942829134676,340.4296875,1790000,SHW,341.327284101975,340.5371289258926,343.06791218594765,339.24942829134676,313.68897858520916,314.5173785169216,8.139342663790387,9.452260185531527,-1.3129175217411397
2024-08-13,340.4297419642841,347.6303110165157,340.2016444410907,346.221923828125,2487700,SHW,343.62090531250385,340.9322065139338,347.6303110165157,340.2016444410907,314.5542359109787,314.59446451450754,8.084505217455103,9.178709191916242,-1.0942039744611396
2024-08-14,346.5393001457931,349.4750568292468,345.4780534492763,349.26678466796875,1230800,SHW,347.68979877307123,342.27655591321883,349.4750568292468,342.27655591321883,315.50320163560696,314.6625871132195,8.192305174445494,8.981428388422094,-0.7891232139766
2024-08-15,352.14300457951526,354.7118255066638,350.9429199684571,353.5513916015625,1277800,SHW,352.8372854140497,344.98317734314503,354.7118255066638,344.98317734314503,316.53542950760004,314.778102605038,8.525196233178235,8.890181957373322,-0.3649857241950869
2024-08-16,353.70542942724455,354.3414493747118,349.5513284208745,352.20477294921875,1023700,SHW,352.4507450430124,348.91023137859736,354.3414493747118,348.91023137859736,317.5108322097283,314.92339821787,8.581432512247034,8.828432068348064,-0.24699955610103075
2024-08-19,352.6222077042461,354.2917942947216,351.3700025971152,353.7948913574219,1457500,SHW,353.0197239883762,350.68048821080487,354.2917942947216,350.68048821080487,318.50376429743665,315.06310244107806,8.654545224852825,8.793654699649016,-0.13910947479619118
2024-08-20,353.2781244314052,356.27940726470206,352.1849318998903,353.13897705078125,1739800,SHW,353.7203601616947,351.85010609959056,356.27940726470206,351.85010609959056,319.8110292894816,315.17886444254776,8.560876320240993,8.747099023767412,-0.18622270352641834
2024-08-21,353.13897127788215,356.6570525205011,352.23460430425604,355.752685546875,1238400,SHW,354.44582841237855,352.7852331306426,356.6570525205011,352.23460430425604,321.10260299899033,315.2922081041428,8.598430120358955,8.717365243085721,-0.1189351227267661
2024-08-22,356.85582067310247,358.07821288758674,354.4706925023126,355.6930847167969,1077700,SHW,356.2744526949497,353.6155307715106,358.07821288758674,353.6155307715106,322.38651468216915,315.46844275986575,8.525110323517993,8.678914259172176,-0.15380393565418338
2024-08-23,357.14398502821814,358.46576372448226,355.0569867852274,356.5079650878906,1358600,SHW,356.7936751564546,354.94499173323015,358.46576372448226,354.94499173323015,323.53412171093305,315.73272100515965,8.435518485812224,8.630235104500185,-0.19471661868796097
2024-08-26,357.6508607374116,360.88072980939603,357.1042493127161,358.4558410644531,1359200,SHW,358.5229202309942,355.86933344484237,360.88072980939603,355.86933344484237,324.77309559482507,316.0141191099956,8.424580303565563,8.58910414431326,-0.1645238407476981
2024-08-27,358.4558378087179,360.6620880294536,356.83592940552955,357.750244140625,1380200,SHW,358.42602484608153,357.1961268379183,360.6620880294536,356.83592940552955,326.0418190064355,316.2928162210644,8.263716955419454,8.5240267065345,-0.2603097511150452
2024-08-28,358.55522774690564,360.67203909913513,357.2930748837848,359.4595947265625,1156500,SHW,358.994984114097,357.8110758419999,360.67203909913513,357.2930748837848,327.2800674587801,316.605281999653,8.179869456400638,8.455195256507729,-0.2753258001070904
2024-08-29,360.592510214968,360.9005876015352,357.13405494597623,358.3763122558594,847500,SHW,359.2508662545847,358.4030299780485,360.9005876015352,357.13405494597623,328.49481975296294,316.9092976602005,7.934543390202748,8.351064883246734,-0.41652149304398556
2024-08-30,360.4831767289382,367.97645037445886,358.91294663332485,367.08203125,1882200,SHW,363.61365124668043,358.8269481163166,367.97645037445886,358.8269481163166,329.80426666846796,317.24175132292936,8.346387521458325,8.350129410889052,-0.003741889430726175
2024-09-03,366.0782868309632,368.8907742051376,360.1751083312038,361.4968566894531,1446200,SHW,364.1602565141894,361.22029968149855,368.8907742051376,360.1751083312038,331.0845758570751,317.6707114956812,8.128400906968693,8.305783710104981,-0.17738280313628785
2024-09-04,361.29811038129725,363.3751913299481,359.2210597611945,360.4533996582031,990300,SHW,361.08694028266075,362.690278097844,363.3751913299481,359.2210597611945,332.3175028923848,318.1045877351488,7.781743586491416,8.200975685382268,-0.419232098890852
2024-09-05,360.87078775442825,361.1888129161678,355.7924542447662,357.849609375,874300,SHW,358.92541607259056,361.8886091902524,361.8886091902524,355.7924542447662,333.59933881679046,318.5515826074402,7.213755365958946,8.003531621497604,-0.7897762555386585
2024-09-06,358.3266235327982,362.05339535259674,355.69304417918323,358.5949401855469,1171200,SHW,358.6670008125313,360.4070126314215,362.05339535259674,355.69304417918323,334.9153310891862,318.9926784655789,6.7459989003892815,7.75202507727594,-1.0060261768866585
2024-09-09,360.60245106970336,362.4608631171151,358.6148394119715,361.64593505859375,1169700,SHW,360.8310221643459,359.53700672197635,362.4608631171151,358.6148394119715,336.24296535993875,319.53876125691596,6.546029763101785,7.510826014441109,-0.9647962513393242
2024-09-10,363.3453530997047,370.0336775880004,361.91430053527904,369.5467224121094,1480900,SHW,366.2100134087734,360.1840144431611,370.0336775880004,360.1840144431611,337.66126924812653,320.13272145363675,6.945022395842443,7.397665290721377,-0.4526428948789336
2024-09-11,367.53919258166394,369.72557751420123,357.99868098507466,369.2982482910156,1743800,SHW,366.14042484298886,363.19701392596727,369.72557751420123,357.99868098507466,339.0918685943901,320.7221012386719,7.158656609602247,7.349863554497551,-0.19120694489530443
2024-09-12,368.8510247563345,371.94177663348773,365.5515821485618,371.653564453125,902600,SHW,369.4994869978773,364.6687193844781,371.94177663348773,364.6687193844781,340.6355699091694,321.36595221111025,7.432342179074055,7.366359279412852,0.0659828996612033
2024-09-13,372.6771907601487,376.51326675267035,372.23991376337295,373.07470703125,1006400,SHW,373.62626957686047,367.0841031911777,376.51326675267035,367.0841031911777,342.24092956736416,322.05359408421754,7.675436637979885,7.428174751126259,0.24726188685362605
2024-09-16,374.6846637441788,377.7754156515684,373.5815538287094,376.7120361328125,1154300,SHW,375.6884173393173,370.3551863840191,377.7754156515684,370.3551863840191,343.88544842205243,322.8432250208613,8.068583203481126,7.556256441597233,0.5123267618838927
2024-09-17,377.90464141125244,380.4586995257183,374.7642111263962,375.65863037109375,830400,SHW,377.19654560861517,373.0218018616682,380.4586995257183,373.0218018616682,345.5105891883592,323.6215155799875,8.200621982315283,7.685129549740843,0.5154924325744403
2024-09-18,376.24497267166066,377.28848706553777,372.0710060818002,372.98529052734375,1172500,SHW,374.64743908658556,375.10917373514167,377.28848706553777,372.0710060818002,347.0678874997509,324.3610795248201,7.997358907173236,7.747575421227322,0.24978348594591449
2024-09-19,377.64621757221033,378.6300756444344,373.95920641369594,377.39776611328125,1069300,SHW,376.9083164359055,374.8783064108636,378.6300756444344,373.95920641369594,348.6051418423641,325.0910665890602,8.098961571314248,7.817852651244707,0.28110892006954113
2024-09-20,376.33442762954314,377.16922098315354,373.3828227624507,376.1754150390625,2543500,SHW,375.76547160355244,375.89331142338455,377.16922098315354,373.3828227624507,349.95212112160135,325.810045509356,7.988759452440661,7.852034011483898,0.13672544095676287
2024-09-23,376.7915680860168,380.03135456420864,375.1617119189177,379.504638671875,1213700,SHW,377.8723183102545,375.8293915134685,380.03135456420864,375.1617119189177,351.23174101823474,326.5968997799301,8.076957860471339,7.897018781281386,0.17993907918995244
2024-09-24,377.89468046281524,381.3332402664203,377.3878297661321,379.1965637207031,1079200,SHW,378.9530785540177,376.8508549118615,381.3332402664203,376.8508549118615,352.49508891012147,327.39139482018743,8.029438293900796,7.9235026838052685,0.10593561009552754
2024-09-25,381.0549718661087,381.0549718661087,376.6822321679557,378.81890869140625,759400,SHW,379.40277114789484,377.9019667329396,381.0549718661087,376.6822321679557,353.67082835480977,328.1771268782112,7.870577966827284,7.912917740409672,-0.042339773582388496
2024-09-26,377.96425525458693,382.8438457092232,377.59655193574366,381.5518798828125,981700,SHW,379.9891331955916,378.6523689404172,382.8438457092232,377.59655193574366,354.8221932063648,328.8765187764348,7.874436347302549,7.905221461788248,-0.030785114485698983
2024-09-27,381.1146163459018,382.8637244417383,378.2524504903691,380.3593444824219,1325900,SHW,380.6475339401078,379.32075106800437,382.8637244417383,378.2524504903691,355.96510415335405,329.5762854785027,7.692591099526339,7.862695389335866,-0.17010428980952685
2024-09-30,380.0611800577491,381.1146118771488,374.2772224865588,379.305908203125,1706700,SHW,378.68973065614546,379.9841425040561,381.1146118771488,374.2772224865588,357.12876537081416,330.2250306451409,7.378420092811666,7.765840330031026,-0.38742023721936025
2024-10-01,380.68727521528734,381.4425773837643,375.38035549386626,378.2226257324219,1255500,SHW,378.93320845633497,379.33693658010077,381.4425773837643,375.38035549386626,358.3299266192229,330.8615154760133,6.961774462049618,7.605027156434745,-0.6432526943851267
2024-10-02,375.11203328583997,378.18288974806256,373.96913228614227,375.817626953125,794300,SHW,375.7704205682924,379.13507251821784,379.13507251821784,373.96913228614227,359.0970917472592,331.4583320039304,6.364154484476785,7.356852622043153,-0.9926981375663679
2024-10-03,374.9330935242274,374.9330935242274,370.0137731389325,370.7889404296875,713800,SHW,372.6672251542687,377.4527465432551,377.4527465432551,370.0137731389325,359.8434529980854,332.0064033675128,5.42225894479958,6.969933886594439,-1.5476749417948588
2024-10-04,372.20017831208247,372.20017831208247,365.9690261777213,369.0001220703125,883700,SHW,369.8423762180497,375.0599858487619,375.0599858487619,365.9690261777213,360.4875948299879,332.5480954505783,4.479816713309788,6.471910451937509,-1.9920937386277213
2024-10-07,363.73294936735647,366.74417994815735,361.596272807001,365.5019226074219,805300,SHW,364.3938311824842,372.4511810334058,372.4511810334058,361.596272807001,360.8902090505046,333.0808224005494,3.4113253586833707,5.859793433286682,-2.448468074603311
2024-10-08,367.7081633542072,373.0150829372449,366.79384863049523,371.08709716796875,1013400,SHW,369.651048022479,368.42250610794497,373.0150829372449,366.79384863049523,361.31773022712974,333.63999682580175,2.9808537454022144,5.284005495709788,-2.303151750307574
2024-10-09,372.9952030118017,376.82136143702246,371.8125716743962,376.6126403808594,834000,SHW,374.56044412601995,369.036777065212,376.82136143702246,369.036777065212,361.81130498900507,334.26270610338486,3.0504038916330387,4.837285174894439,-1.7868812832614003
2024-10-10,373.98902548433523,376.3642056996487,372.04114417796063,374.11822509765625,975500,SHW,374.1281501149002,371.79861059561597,376.3642056996487,371.79861059561597,362.30630138732636,334.89113439737696,2.8711476144741823,4.444057662810388,-1.5729100483362055
2024-10-11,374.9728695646358,376.7219775038595,373.4921086056842,376.6424560546875,945400,SHW,375.45735293221674,372.9633803552581,376.7219775038595,372.9633803552581,362.86185064083014,335.5650140876028,2.899348184617452,4.135115767171801,-1.2357675825543488
2024-10-14,376.5530281001393,382.62519757579616,375.0126411738727,381.78045654296875,849500,SHW,378.9928308481942,374.2103666437374,382.62519757579616,374.2103666437374,363.5606112244166,336.280274145544,3.298270628272178,3.967746739391876,-0.6694761111196983
2024-10-15,384.25502446914885,390.1383684247698,382.17797388946724,386.14324951171875,1037100,SHW,385.67865407377616,376.6015987459658,390.1383684247698,376.6015987459658,364.5230650898633,337.079649754572,3.9212586414259363,3.958449119798688,-0.03719047837275191
2024-10-16,385.8252699121027,388.7768746056858,385.8252699121027,386.97808837890625,777200,SHW,386.85137570219933,381.14012640987096,388.7768746056858,381.14012640987096,365.4754502406545,337.9200358468185,4.431264787673285,4.053012253373608,0.3782525342996772
2024-10-17,387.9619487662019,389.8700390938446,385.1097307102392,386.66998291015625,1080700,SHW,387.40292537011044,383.99575105603515,389.8700390938446,383.99575105603515,366.41590552645437,338.7703758944843,4.7557652946314874,4.1935628616251845,0.5622024330063029
2024-10-18,388.57809933850814,388.57809933850814,384.861275049971,385.9544372558594,1280300,SHW,386.99297774571164,385.6993382130728,388.57809933850814,384.861275049971,367.3671557028596,339.6338989158384,4.898726263049355,4.334595541910018,0.5641307211393363
2024-10-21,384.0562755135867,385.6165276185293,378.5704479163077,379.3853759765625,1351000,SHW,381.90715675624654,386.3461579793922,386.3461579793922,378.5704479163077,368.1825213914599,340.495286467479,4.4308790990675675,4.353852253341528,0.07702684572603946
2024-10-22,376.5430895807139,386.5904515398972,358.7638894753287,359.14154052734375,4720200,SHW,370.2597427808209,384.12665736781935,386.5904515398972,358.7638894753287,368.7611705650368,341.225074575123,2.398944970664786,3.96287079680618,-1.5639258261413937
2024-10-23,355.9017535310372,363.81243976911594,355.5539154106133,360.4732666015625,1847800,SHW,358.9353438280822,377.1932000743201,377.1932000743201,355.5539154106133,369.0674593353483,341.81084762316357,0.8858699418462948,3.347470625814203,-2.4616006839679083
2024-10-24,357.9092499724752,360.9005849291109,357.7303418714806,359.3502502441406,1386200,SHW,358.97260675430186,368.06427195120114,368.06427195120114,357.7303418714806,369.29311549497294,342.39815856529,-0.39926843621719854,2.598122813407923,-2.9973912496251214
2024-10-25,359.3800456377717,362.7788747908518,356.4085760249314,356.8160400390625,1122000,SHW,358.84588412315435,363.5184393527515,363.5184393527515,356.4085760249314,369.413287469155,342.97435848837756,-1.60375238483482,1.7577477737593743,-3.361500158594194
2024-10-28,360.9403453031757,363.8323239357779,358.3365788560449,361.01983642578125,1002200,SHW,361.03227113019494,361.1821617379529,363.8323239357779,358.3365788560449,369.58491799089876,343.5478751003135,-2.193814429001179,0.9674353332072636,-3.161249762208443
2024-10-29,356.6470998358412,361.4968772268752,356.6470998358412,359.38006591796875,1044300,SHW,358.5427857041316,361.10721643407396,361.4968772268752,356.6470998358412,369.69537922521386,344.09957176132525,-2.7619209208772304,0.22156408239036482,-2.983485003267595
2024-10-30,360.07576676502936,363.49446154236335,359.39003825670335,359.6484375,1334000,SHW,360.652176016024,359.82500106910277,363.49446154236335,359.39003825670335,369.8340155423004,344.822522415891,-3.154135158157942,-0.45357576571929664,-2.7005593924386453
2024-10-31,357.53161795016433,359.916746028851,356.39866467387253,356.5477294921875,949900,SHW,357.5986895362688,360.2385885425634,360.2385885425634,356.39866467387253,369.8970727647782,345.49983788188433,-3.672830881343998,-1.0974267888442368,-2.5754040924997614
2024-11-01,359.1018064484339,361.7353859163846,355.37503446683905,355.752685546875,1093800,SHW,357.99122809463313,358.9186390394161,361.7353859163846,355.37503446683905,369.9314082727719,346.1589614774705,-4.100783105901087,-1.6980980522556068,-2.40268505364548
2024-11-04,379.8326370368779,381.3233459258318,366.88334703464017,372.0809326171875,5565700,SHW,375.0300656536343,358.4549335670246,381.3233459258318,358.4549335670246,370.29613608271546,346.9151288968242,-3.0868025114875195,-1.9758389441019895,-1.11096356738553
2024-11-05,371.51443500749673,377.3779139028612,371.4448916462991,375.8673095703125,2582500,SHW,374.05113753174237,366.74249961032945,377.3779139028612,366.74249961032945,370.60670042873045,347.68989801177776,-1.9551488699000856,-1.9717009292616088,0.016552059361523153
2024-11-06,377.5170153179856,381.0549616420827,372.955450203409,378.3717041015625,4691300,SHW,377.4747828162599,370.3968185710359,381.0549616420827,370.3968185710359,370.987675588134,348.5147472972847,-0.8464639873042756,-1.7466535408701422,0.9001895535658666
2024-11-07,382.11836290359497,386.77931493200595,379.8028085353726,381.6214599609375,16521800,SHW,382.58048658297776,373.93580069364793,386.77931493200595,373.93580069364793,371.45938563751156,349.3697265481458,0.29104986661474186,-1.3391128593731656,1.6301627259879075
2024-11-08,382.59539849829366,387.3258938624147,378.9580653390412,384.2749328613281,2209500,SHW,383.2885726402694,378.25814363831284,387.3258938624147,378.25814363831284,371.9401397652253,350.21747975909415,1.3906206688147336,-0.7931661537355859,2.1837868225503194
2024-11-11,384.36436135418995,389.0849391552371,384.36436135418995,386.83892822265625,1172600,SHW,386.1631475215683,380.77335813929113,389.0849391552371,380.77335813929113,372.391129690723,351.09769817959545,2.4407954780652403,-0.14637382737542062,2.587169305440661
2024-11-12,389.56195999777555,389.56195999777555,380.95559737565316,381.29351806640625,1146300,SHW,385.3432588594026,383.4682528304297,389.56195999777555,380.95559737565316,372.81478973762734,351.9496827973513,2.7933977750926715,0.44158049311819775,2.3518172819744736
2024-11-13,382.6649369979406,387.19668932566236,381.1444152344095,384.8910827636719,1172700,SHW,383.97428108042106,384.40575584491614,387.19668932566236,381.1444152344095,373.27253655358254,352.7950197229836,3.3248047611485276,1.0182253467242637,2.306579414424264
2024-11-14,383.91715637974545,386.3818059401473,382.9531634396437,386.0538330078125,1276600,SHW,384.82648969183725,384.1900184626686,386.3818059401473,382.9531634396437,373.79055802596747,353.694948421379,3.796014758176227,1.5737832290146565,2.2222315291615704
2024-11-15,384.0177614769096,386.95487666728604,377.1279300488455,377.3370056152344,1722800,SHW,381.35939345206884,384.5082540772529,386.95487666728604,377.1279300488455,374.2444058787582,354.57986848397223,3.4265775022152525,1.9443420836547758,1.4822354185604767
2024-11-18,377.3569309234509,381.2000806771364,371.42290400624967,373.712890625,1511900,SHW,375.9232015579592,382.9338237646609,382.9338237646609,371.42290400624967,374.54624946663057,355.3946074132847,2.8089798522873934,2.1172696373812996,0.6917102149060939
2024-11-19,370.7757632765605,373.4938672609837,365.767702945624,371.8709716796875,1671700,SHW,370.4770762907139,379.42851266131004,379.42851266131004,365.767702945624,374.63159072426936,356.146429986198,2.146162178190366,2.123048145543113,0.02311403264725298
2024-11-20,372.3687611543406,372.3687611543406,365.74777187915925,370.0389709472656,1440800,SHW,370.1310662837765,374.95279447601195,374.95279447601195,365.74777187915925,374.71140355308506,356.90163607373756,1.4562603844660202,1.9896905933276945,-0.5334302088616742
2024-11-21,371.462740192349,381.7477022446468,367.8784357482545,381.64813232421875,2588500,SHW,375.68425262736724,372.5419303798942,381.7477022446468,367.8784357482545,374.83509886567487,357.73533438742214,1.825230423618791,1.9567985593859138,-0.13156813576712278
2024-11-22,383.32078966259644,386.75575434712846,381.28967878893957,386.60638427734375,1619900,SHW,384.49315176900205,374.1130915036307,386.75575434712846,374.1130915036307,375.05243650951775,358.646683038441,2.489039237749921,2.0632466950587154,0.4257925426912057
2024-11-25,390.29028019200626,398.5640334459309,388.01025958833367,397.9666442871094,3291900,SHW,393.70780437834503,379.3031216363164,398.5640334459309,379.3031216363164,375.41282425029823,359.6491363361753,3.8869838166914974,2.427994119385272,1.4589896973062255
2024-11-26,398.01643778447306,398.2852492284332,393.4265287151767,394.4122314453125,1889300,SHW,396.03511179334885,386.5054630073307,398.2852492284332,386.5054630073307,375.7895955739929,360.6500923811761,4.6544005243036395,2.8732754003689456,1.781125123934694
2024-11-27,395.99527546786004,398.6735452196251,392.18196334495,392.24169921875,2249100,SHW,394.77312081279626,391.2702874003398,398.6735452196251,391.2702874003398,376.19210920851714,361.629998354134,5.02946345921066,3.3045130121372885,1.7249504470733719
2024-11-29,395.78618928286085,397.03073735660956,391.9231375849034,395.6667175292969,1373200,SHW,395.10169543841766,393.021704106568,397.03073735660956,391.9231375849034,376.55597678856736,362.58055931546573,5.53922119698251,3.751454649106333,1.7877665478761768
2024-12-02,394.32259606238074,396.7619224192499,390.9473975160056,393.8546447753906,1538700,SHW,393.9716401932567,394.06169977249283,396.7619224192499,390.9473975160056,376.92010016036147,363.43611064098144,5.730926199802866,4.147348959245639,1.5835772405572266
2024-12-03,394.01394580646905,396.26409839981113,388.667372254902,393.5957946777344,1016900,SHW,393.1353027847291,394.01666998287476,396.26409839981113,388.667372254902,377.2253598498509,364.22855043404286,5.7951637161618805,4.476911910628888,1.3182518055329924
2024-12-04,393.0880250581794,393.16769315172337,389.0656370995112,390.3599853515625,1213900,SHW,391.4203351652441,393.57598638380193,393.57598638380193,389.0656370995112,377.4747049820754,364.98489694609844,5.521323263173997,4.6857941811379105,0.8355290820360866
2024-12-05,388.7171837707613,389.8223278849117,382.8030888442668,383.55975341796875,1388300,SHW,386.22558847947715,392.49816077452306,392.49816077452306,382.8030888442668,377.61116132870717,365.6409948417585,4.701386192618486,4.688912583434026,0.012473609184460166
2024-12-06,386.06878127712235,387.98039011642726,382.7831561088253,383.2809753417969,1910000,SHW,385.02832571104295,389.36187462700013,389.36187462700013,382.7831561088253,377.7119451790162,366.2670691926905,3.983169596305004,4.5477639860082215,-0.5645943897032177
2024-12-09,383.71905133733213,384.21687056075484,373.8323688524308,374.80810546875,2337500,SHW,379.14409905481693,387.19510016902154,387.19510016902154,373.8323688524308,377.6818764813104,366.8234903173322,2.6991735882800754,4.178045906462592,-1.4788723181825167
2024-12-10,373.72282789621636,374.1907791754432,368.99354533605106,369.979248046875,1808600,SHW,371.7216001136464,383.16959961191924,383.16959961191924,368.99354533605106,377.5425138704603,367.3356396206372,1.2772259974752842,3.597881924665131,-2.3206559271898466
2024-12-11,372.30902582395737,372.9960187508945,368.8939934033392,370.3177490234375,1302400,SHW,371.1291967504071,377.44559986278284,377.44559986278284,368.8939934033392,377.38643363634174,367.8581801277823,0.1756121395907826,2.9134279676502612,-2.7378158280594787
2024-12-12,369.0931192940726,369.34202890522533,364.73221804516083,365.2499694824219,1219300,SHW,367.10433393172013,374.287398306595,374.287398306595,364.73221804516083,377.2131119036104,368.15510182543477,-1.0937442325603683,2.1119935276081354,-3.2057377601685038
2024-12-13,365.5785210555003,365.6283212089949,360.8691706037346,362.91021728515625,1118800,SHW,363.7465575383465,370.6958661191576,370.6958661191576,360.8691706037346,377.03469855129197,368.43907577468866,-2.262436787930028,1.237107464500503,-3.499544252430531
2024-12-16,364.6028070666848,366.6637555350247,362.3725563107455,363.4378967285156,1486600,SHW,364.26925391024264,367.2212118287521,367.2212118287521,362.3725563107455,376.9232361051358,368.7054154675618,-3.110202261322854,0.36764551933583156,-3.477847780658686
2024-12-17,361.88469895475316,366.97239671358557,360.95876251330014,361.2076721191406,1292400,SHW,362.75588257519485,365.7452328694974,366.97239671358557,360.95876251330014,376.89047713299,368.89034309174735,-3.9168717348277937,-0.4892579314968935,-3.4276138033309
2024-12-18,360.0029447667118,362.969958346986,346.83066724906723,347.1393127441406,2306800,SHW,354.23572077672645,364.2505577223461,364.2505577223461,346.83066724906723,376.58217058807486,368.9499504076023,-5.6265033039860555,-1.5167070059947259,-4.10979629799133
2024-12-19,347.4678747326659,348.3838755332783,340.687578893722,340.88671875,2055800,SHW,344.3565119774166,359.2431392495363,359.2431392495363,340.687578893722,375.97809194510285,368.89469846705396,-7.400620968198325,-2.693489798435446,-4.70713116976288
2024-12-20,338.25820689921176,347.82630847573193,337.82012353799576,343.9632263183594,3294800,SHW,341.9669663078247,351.7998256134764,351.7998256134764,337.82012353799576,375.3348682689614,368.8205848281439,-8.460842227091518,-3.8469602841666606,-4.613881942924857
2024-12-23,342.84811488793866,344.3017385535516,339.2737764094012,343.3359680175781,1083300,SHW,342.43989946711736,346.88339596065055,346.88339596065055,339.2737764094012,374.67451919965936,368.7681849202447,-9.245117753328373,-4.926591777999003,-4.318525975329369
2024-12-24,342.3004985832422,345.0086364746094,340.53822940529335,345.0086364746094,445900,SHW,343.2140002344386,344.66164771388395,345.0086364746094,340.53822940529335,373.95894258738423,368.7597769059004,-9.620788926846785,-5.86543120776856,-3.7553577190782255
2024-12-26,341.3546498256274,345.12812807167217,341.3546498256274,344.0030517578125,750500,SHW,342.9601198701849,343.93782397416123,345.12812807167217,341.3546498256274,373.1045719033124,368.8138184965878,-9.8856971578453,-6.669484397783908,-3.216212760061392
2024-12-27,342.5892231983435,344.9289795820897,339.89105156490353,341.792724609375,881700,SHW,342.30049473867797,343.4489719221731,344.9289795820897,339.89105156490353,372.21355428404206,368.84450226234827,-10.156911217815264,-7.3669697617901795,-2.789941456025084
2024-12-30,341.0758681104962,341.0858038334664,335.62972462149236,337.27252197265625,1217400,SHW,338.7659796345278,342.87473333042556,342.87473333042556,335.62972462149236,371.2408153693303,368.82836044789235,-10.614238555275676,-8.01642352048728,-2.597815034788397
2024-12-31,337.40197942508325,339.58243016879635,336.09769542206453,338.4473876953125,1053100,SHW,337.88237317781415,340.82035648247665,340.82035648247665,336.09769542206453,370.2586032779724,368.81287949041604,-10.757861983612258,-8.564711213112275,-2.193150770499983
2025-01-02,338.716181202996,340.528219920526,329.55629616486675,331.7068786621094,2263600,SHW,335.12689398762456,339.35136483014537,340.528219920526,329.55629616486675,369.3229980225999,368.7527597070299,-11.285495168192881,-9.108868004128396,-2.1766271640644845
2025-01-03,333.1705009775389,336.7249375533026,331.5874394806089,335.0721740722656,1636100,SHW,334.138763020929,337.239129408885,337.239129408885,331.5874394806089,368.6005784274021,368.6808744962195,-11.301816745408075,-9.547457752384332,-1.754358993023743
2025-01-06,336.20715366242786,340.259409074476,335.550028699571,336.3465576171875,1841100,SHW,337.09078726341556,335.688946214907,340.259409074476,335.550028699571,368.1636872961088,368.61557331572857,-11.084148447672248,-9.854795891441915,-1.2293525562303333
2025-01-07,334.5544272602525,341.2749869228945,330.02428438218743,332.9414978027344,1625900,SHW,334.6987990920172,336.3898667391613,341.2749869228945,330.02428438218743,367.6782111428631,368.4856633189181,-11.05892422868834,-10.095621558891201,-0.9633026697971392
2025-01-08,333.7081214963597,336.1374511338098,330.7510743605889,336.0677795410156,1413700,SHW,334.1661066329435,335.5443329155893,336.1374511338098,330.7510743605889,367.18461559305894,368.2989515311069,-10.663744041203415,-10.209246055353645,-0.45449798584976975
2025-01-10,328.57066152695296,331.8960903738468,326.56941847727677,328.7200012207031,1685200,SHW,328.9390428996949,334.8552197742664,334.8552197742664,326.56941847727677,366.54275102844883,368.06383450967377,-10.818753343897356,-10.331147513062389,-0.48760583083496734
2025-01-13,328.28191168189517,334.9527014655698,326.0118572262088,334.65399169921875,1442700,SHW,330.9751155182231,331.8971313369807,334.9527014655698,326.0118572262088,365.99139762473067,367.8433884249722,-10.34354198055496,-10.333626406560903,-0.00991557399405707
2025-01-14,335.072140654012,341.5139220292142,334.9327366997014,340.14990234375,1501400,SHW,337.9171754316694,331.4361234276019,341.5139220292142,331.4361234276019,365.53669761304366,367.685356577672,-9.414930040702359,-10.149887133389194,0.7349570926868356
2025-01-15,350.624008645344,352.48584751778054,342.7286037396284,345.41680908203125,1741200,SHW,347.81381724619604,334.67664942963563,352.48584751778054,334.67664942963563,365.34100016724216,367.61903646601024,-8.159940319066607,-9.751897770524678,1.5919574514580717
2025-01-16,344.9289786878469,353.71051689626046,343.0173395410155,352.6252746582031,1469700,SHW,348.5705274458315,341.2452333379158,353.71051689626046,341.2452333379158,365.1525861542661,367.541997213519,-6.50866119981049,-9.103250456381842,2.5945892565713518
2025-01-17,358.52942945952515,365.35949497607334,351.5002240894463,352.4361267089844,2392500,SHW,356.95631880850726,344.9078803918736,365.35949497607334,344.9078803918736,364.79111121736355,367.54362365003954,-5.155839946202036,-8.31376835434588,3.157928408143844
2025-01-21,357.444174902383,360.2419165571769,355.35332804980874,359.9432067871094,1808200,SHW,358.2456565741195,350.93209960019044,360.2419165571769,350.93209960019044,364.47500159821107,367.54085101347073,-3.438325852997991,-7.338679854076303,3.9003540010783118
2025-01-22,360.2618112003488,361.2674157525728,355.0247432579591,356.1796875,1181500,SHW,358.18341442772015,354.58887808715497,361.2674157525728,354.58887808715497,364.08917423044034,367.5384249092872,-2.3537357133853334,-6.341691025938109,3.987955312552776
2025-01-23,357.0359413864886,360.0626906731181,354.43730932566456,359.53497314453125,800000,SHW,357.7677286324506,356.38614625743753,360.0626906731181,354.43730932566456,363.5929190714298,367.5261523544707,-1.2095042908956088,-5.31525367892961,4.105749388034001
2025-01-24,361.426734972886,364.68246186970543,357.1255694395735,358.5791931152344,1335400,SHW,360.4534898493498,357.07693744494406,364.68246186970543,357.07693744494406,363.1362174156114,367.53817859041834,-0.3754877167419295,-4.327300486492073,3.951812769750144
2025-01-27,358.4497110245668,363.1093216363104,355.60219990272424,362.5816345214844,1270500,SHW,359.9357167712715,358.76521364714694,363.1093216363104,355.60219990272424,362.61166880060546,367.5013992456643,0.6015062095664234,-3.341539147280374,3.9430453568467976
2025-01-28,361.8946416231014,363.67681240867216,357.8125182748105,362.5816345214844,1338800,SHW,361.4914017070171,359.35046520920923,363.67681240867216,357.8125182748105,362.13463165755775,367.4747106975926,1.3601025198129832,-2.4012108138617028,3.761313333674686
2025-01-29,361.0184937628771,363.82620137306145,357.43418940779844,358.8380432128906,1616300,SHW,360.2792319391569,360.42093345811315,363.82620137306145,357.43418940779844,361.66073067473246,367.46663361415744,1.640310550006518,-1.5929065410880587,3.233217091094577
2025-01-30,360.74967038005127,368.38623074879644,354.00920893422057,363.95562744140625,3418600,SHW,361.77518437611866,360.350082698635,368.38623074879644,354.00920893422057,361.1997045684181,367.49513129719276,2.2493940955951643,-0.8244464137514141,3.0738405093465784
2025-01-31,364.13486021015456,365.0806985042511,354.9948761732283,356.5978698730469,1870800,SHW,360.2020761901702,361.0626335373768,365.0806985042511,354.9948761732283,360.7765582231802,367.51048205096924,2.1140185592431635,-0.23675341915249862,2.350771978395662
2025-02-03,350.8928411144536,361.16783690247786,347.9756278357437,356.08013916015625,1641800,SHW,354.0291112532078,360.6323548637735,361.16783690247786,347.9756278357437,360.3386764170851,367.4424629418578,1.9425632695146078,0.19910991858092264,1.7434533509336851
2025-02-04,354.6066092378204,356.7073918730567,351.58982582004916,356.0303649902344,1783200,SHW,354.73354798029015,357.33073305849064,357.33073305849064,351.58982582004916,360.0238058508766,367.32769828757296,1.7821241398530105,0.5157127628353403,1.2664113770176701
2025-02-05,358.7384638742718,363.8261918187914,355.12429167716397,362.8902893066406,1619500,SHW,360.14480916921696,356.0321405193904,363.8261918187914,355.12429167716397,359.8240807085855,367.26774213083525,2.1833452898331416,0.8492392682349006,1.334106021598241
2025-02-06,366.11614058884516,366.57412572883754,361.21758646661164,363.6270446777344,970300,SHW,364.3837243655072,358.0884748443037,366.57412572883754,358.0884748443037,359.59807014334825,367.21658450451156,2.531583425091924,1.1857080996063052,1.3458753254856186
2025-02-07,362.3526723180333,363.0197330870446,355.7615504150998,358.99737548828125,951100,SHW,360.0328328271147,361.23609960490546,363.0197330870446,355.7615504150998,359.1088637645105,367.0806501370141,2.406251277488252,1.4298167351826947,0.9764345423055574
2025-02-10,361.386855044797,361.386855044797,354.38751862229725,357.5934753417969,1263200,SHW,358.688676013422,360.6344662160101,361.386855044797,354.38751862229725,358.40848119721204,366.9106527237551,2.168642873492445,1.5775819628446448,0.5910609106478
2025-02-11,358.52940389498536,363.1192824621776,357.52379935996754,359.7938537597656,1111200,SHW,359.741584869224,359.661571114716,363.1192824621776,357.52379935996754,357.6826106587295,366.7361031163613,2.133297326798129,1.6887250356353416,0.4445722911627872
2025-02-12,351.46036680841246,356.1597814270087,346.9401598154618,353.949462890625,1095000,SHW,352.127442735377,359.70157799197,359.70157799197,346.9401598154618,356.8296970971811,366.51090315284915,1.615074651629925,1.6739949588342584,-0.05892030720433339
2025-02-13,357.434216801983,360.30166050581016,353.00361338142733,359.554931640625,1907300,SHW,357.57360558246137,355.91451036367346,360.30166050581016,353.00361338142733,356.07913530006203,366.3175560443147,1.6378142263371274,1.6667588123348323,-0.028944585997704886
2025-02-14,360.6003317550741,364.851727444255,354.76590493806066,355.30352783203125,1872000,SHW,358.88037299235526,356.7440579730674,364.851727444255,354.76590493806066,355.377309956044,366.1487050582028,1.2978222590963355,1.592971501687133,-0.29514924259079756
2025-02-18,356.1398570163502,356.14979273860706,349.25999223518346,351.45037841796875,1498600,SHW,353.2500051020274,357.81221548271134,357.81221548271134,349.25999223518346,354.57960400238994,365.90248192612046,0.709283046499877,1.416233810649682,-0.706950764149805
2025-02-19,346.2332753960498,350.67381443193796,345.8748601340338,350.3153991699219,2042700,SHW,348.27433728298587,355.53111029236936,355.53111029236936,345.8748601340338,353.71668404474485,365.59569451341014,0.1495541730088803,1.1628978831215215,-1.0133437101126412
2025-02-20,349.3396764895158,349.71802398195905,346.92028222086145,348.4933776855469,2041800,SHW,348.6178400944708,351.9027237876776,351.9027237876776,346.92028222086145,352.96452907704463,365.2878452028759,-0.4360306089413939,0.8431121847089385,-1.2791427936503323
2025-02-21,351.19155184889826,351.61966907847284,340.8269522203438,343.067138671875,2871800,SHW,346.6763279548975,350.2602819410742,351.61966907847284,340.8269522203438,352.19748912192176,364.9547171504689,-1.3227154664438672,0.40994665447837736,-1.7326621209222446
2025-02-24,345.24758783763133,345.83501085860615,341.52387948975337,342.37017822265625,2442500,SHW,343.7441641021618,348.46830494798587,348.46830494798587,341.52387948975337,351.48949042286864,364.5856834520895,-2.0579358838955386,-0.08362985319640581,-1.974306030699133
2025-02-25,344.58050122731373,354.01916449951113,343.59482890282953,351.490234375,2063300,SHW,348.4211822511636,346.10623452507383,354.01916449951113,343.59482890282953,351.023482065619,364.2829979680397,-1.8829851687901282,-0.4435009163151503,-1.439484252474978
2025-02-26,354.8853818314138,363.34830890162357,353.45165999111435,358.0216369628906,2438200,SHW,357.4267469217606,347.26370838811874,363.34830890162357,347.26370838811874,350.74943306904606,364.06793335269396,-1.203433431496478,-0.5954874193514159,-0.6079460121450622
2025-02-27,357.0857003469479,360.62023484085336,353.6507661528096,353.95941162109375,2468400,SHW,356.32902824042617,352.34522765493966,360.62023484085336,352.34522765493966,350.5339269552202,363.8735194294153,-0.9813589246263064,-0.672661720406394,-0.3086972042199123
2025-02-28,357.64325982675604,361.28730000334554,355.5325112881187,360.6899108886719,2799200,SHW,358.78824550172305,354.3371279476829,361.28730000334554,354.3371279476829,350.4347607144877,363.73472963288987,-0.25927942439841445,-0.5899852612047982,0.33070583680638377
2025-03-03,363.4738155165182,363.4738155165182,353.94470083252963,355.9503173828125,2607300,SHW,359.21066231209466,356.562686724703,363.4738155165182,353.94470083252963,350.33358888252474,363.62841249383024,-0.06868010218698828,-0.4857242294012363,0.417044127214248
2025-03-04,354.78286580225864,359.7519921988946,352.35818425396354,354.50347900390625,2564400,SHW,355.34913031475577,357.8866745183988,359.7519921988946,352.35818425396354,350.18545383731595,363.53796548515294,-0.033984776239663006,-0.39537633876892164,0.36139156252925864
2025-03-05,355.78068622416333,362.376254986722,354.503485059752,361.5281066894531,2000200,SHW,358.5471332400226,356.6179024165773,362.376254986722,354.503485059752,350.2716820865819,363.4269263373284,0.5539546224378,-0.20551014652757732,0.7594647689653773
2025-03-06,357.4071155101933,364.1922407398877,356.1897808156502,359.29296875,2094000,SHW,359.2705264539328,357.58251782829996,364.1922407398877,356.1897808156502,350.56996237611224,363.2740271606076,0.8299764282550655,0.001587168428951232,0.8283892598261142
2025-03-07,361.188856615311,364.31199001467695,354.683087434342,362.82525634765625,2024500,SHW,360.7522976029966,358.4265221411164,364.31199001467695,354.683087434342,350.94566900201573,363.14026863548855,1.3185523360074853,0.2649802019446581,1.0535721340628272
2025-03-10,355.1221205102637,363.4339310850412,354.11434872496244,356.9980163574219,2445600,SHW,357.4171041694223,359.5894098720565,363.4339310850412,354.11434872496244,351.2452130960618,362.9598661478605,1.2214624373218044,0.45627664902008735,0.765185788301717
2025-03-11,357.21753954244724,358.9637146659089,350.35257189921174,352.2484130859375,2002600,SHW,354.6955597983764,358.5032570207394,358.9637146659089,350.35257189921174,351.47484428734055,362.7168934373624,0.7525893219673776,0.5155391836095454,0.23705013835783217
2025-03-12,356.4092978501284,356.46916427299846,347.91788827949887,349.06536865234375,1418800,SHW,352.46542976374235,356.5994084095579,356.5994084095579,347.91788827949887,351.66495048521165,362.384761194262,0.12274399959994753,0.43698014680762587,-0.31423614720767834
2025-03-13,349.84367432623355,353.8449196104591,340.7835334346698,341.352294921875,1959500,SHW,346.45610557330934,354.5324190866501,354.5324190866501,340.7835334346698,351.74806270190425,361.98080849297315,-0.9874112827434942,0.15210186089740185,-1.139513143640896
2025-03-14,343.1982600536612,344.5452850740581,338.4486539730613,341.0329895019531,1860100,SHW,341.8062971506834,350.49426232997973,350.49426232997973,338.4486539730613,351.80886905222746,361.5248422107789,-1.8714101695563272,-0.25260054519334396,-1.6188096243629833
2025-03-17,338.85775125087656,343.47763645309357,336.88206792278305,341.501953125,1760100,SHW,340.1798521879383,346.1502797403316,346.1502797403316,336.88206792278305,351.8548186324299,361.05671095520114,-2.505265074826923,-0.7031334511200598,-1.8021316237068632
2025-03-18,338.4785989156238,340.7536145089515,334.1580760012029,334.7966613769531,1645300,SHW,337.04673770068285,343.16506596413495,343.16506596413495,334.1580760012029,351.89321550669104,360.60810676464547,-3.5082200822212712,-1.2641507773403022,-2.244069304880969
2025-03-19,333.8886257121904,336.19357437482864,329.4283944460053,334.18798828125,2112100,SHW,333.42464570356856,340.1059018324089,340.1059018324089,329.4283944460053,351.8789331603438,360.239755793873,-4.3025864451393545,-1.8718379109001129,-2.4307485342392416
2025-03-20,332.00278749159844,341.2325704474361,332.00278749159844,335.2955627441406,2158600,SHW,335.1334270436934,336.76527376798873,341.2325704474361,332.00278749159844,351.8397859559494,360.00173662602907,-4.78756741112511,-2.4549838109451123,-2.3325836001799978
2025-03-21,332.2023314337087,335.5350277807988,327.14340526140785,333.6791076660156,3478300,SHW,332.13996803548275,335.9493504058411,335.9493504058411,327.14340526140785,351.78860933481866,359.73341023884086,-5.2419270640854165,-3.012372461573173,-2.2295546025122435
2025-03-24,338.9774824238245,342.5995532820033,335.37535688975464,341.9609375,1847700,SHW,339.7283325238956,334.0446592206619,342.5995532820033,334.0446592206619,351.89985385263776,359.5422347228483,-4.877510998433479,-3.3854001689452344,-1.4921108294882446
2025-03-25,341.1127889118678,342.9687393820301,338.2490666848266,340.4143371582031,1180500,SHW,340.6862330342319,336.8864958722787,342.9687393820301,336.8864958722787,352.1347976553285,359.3387743418887,-4.659791190804754,-3.6402783733171384,-1.0195128174876151
2025-03-26,341.25251217110116,345.0242492454835,339.30676198275694,343.667236328125,1499200,SHW,342.31268993186666,338.7863644532553,345.0242492454835,338.7863644532553,352.3615491436014,359.176473384166,-4.17661942835764,-3.7475465843252387,-0.429072844032401
2025-03-27,345.24377237002966,346.58083997307995,342.1405842926049,344.89453125,2058100,SHW,344.71493197142865,340.54952719256096,346.58083997307995,340.54952719256096,352.49750427439653,359.01710094372015,-3.6525653822069444,-3.72855034390158,0.07598496169463553
2025-03-28,346.4710778595415,347.34912888383366,338.3687999892248,339.0074157714844,1305200,SHW,342.79910562602106,342.6322295819948,347.34912888383366,338.3687999892248,352.39721004199305,358.8691051046176,-3.669984496674715,-3.716837174456207,0.04685267778149216
2025-03-31,338.35884539444555,350.38249589064,337.8300050175786,348.4267883300781,1964500,SHW,343.74953365818556,342.71566760400793,350.38249589064,337.8300050175786,352.3007901662402,358.72668816025316,-2.890405826735389,-3.5515509049120437,0.6611450781766548
2025-04-01,348.46670444368715,351.0709851913142,344.80471250658314,349.80377197265625,1258000,SHW,348.5365435285602,343.2326006310967,351.0709851913142,343.2326006310967,352.13239466064124,358.4617529390024,-2.13684087080253,-3.2686088980901413,1.1317680272876114
2025-04-02,347.0597918212862,353.16641072356947,345.30362883468763,352.88702392578125,1583100,SHW,349.60421382633115,345.88457207982844,353.16641072356947,345.30362883468763,351.95956580568543,358.21728370194825,-1.276132092875855,-2.8701135370472843,1.5939814441714293
2025-04-03,344.3656879620024,346.4611042137209,338.44865609976085,339.90545654296875,2143700,SHW,342.29522620461324,347.7443929530798,347.7443929530798,338.44865609976085,351.6418020412233,357.8654881358318,-1.622811421700419,-2.6206531139779115,0.9978416922774924
2025-04-04,338.8777025175323,347.98775234717726,330.2566024228713,331.334228515625,4338800,SHW,337.1140714508015,345.01980957884655,347.98775234717726,330.2566024228713,351.2287288975903,357.41082398451005,-2.559677388952764,-2.608457968972882,0.04878058002011798
2025-04-07,324.13002366905835,335.9541303126742,316.06769677446636,322.1044616699219,3240400,SHW,324.5640781065302,341.066940514824,341.066940514824,316.06769677446636,350.5109406627339,356.8235790391726,-4.000796771056116,-2.886925729389529,-1.1138710416665871
2025-04-08,326.74429102863013,331.26438898907054,308.1649919927765,312.8247985839844,3115400,SHW,319.7496176486154,332.8155093106771,332.8155093106771,308.1649919927765,349.7072186802808,356.1594437404432,-5.824543806385009,-3.474449344788625,-2.3500944615963837
2025-04-09,311.5475859234712,338.36881011239217,309.0430621569872,335.51507568359375,3253100,SHW,323.6186334691111,326.2825634796462,338.36881011239217,309.0430621569872,348.94976331552266,355.54219748654015,-5.376978281316212,-3.8549551320941426,-1.5220231492220697
2025-04-10,332.2222984622598,333.6691109924806,317.63422715461013,329.1889343261719,2470900,SHW,328.17864273388057,324.9505984743787,333.6691109924806,317.63422715461013,348.3077515314172,354.9842411030748,-5.469694878149937,-4.177903081305302,-1.2917917968446355
2025-04-11,319.71969490349375,337.0217924830772,319.71969490349375,336.033935546875,2032700,SHW,328.1237794592349,326.56462060412963,337.0217924830772,319.71969490349375,347.6347234330795,354.4172140007488,-4.9339633979134305,-4.329115144626928,-0.6048482532865025
2025-04-14,338.27899904999555,341.9809120935743,335.26561077262846,340.2746276855469,1632000,SHW,338.9500374004363,327.34420003168225,341.9809120935743,327.34420003168225,347.2096826572847,353.9931204402325,-4.119714422017353,-4.287235000105014,0.16752057808766097
2025-04-15,338.55840097989227,341.17270018810154,335.58493366852025,336.1437072753906,1247900,SHW,337.8649355279762,333.14711871605925,341.17270018810154,333.14711871605925,346.88639914278014,353.6125377799326,-3.7643538676722983,-4.182658773618471,0.4183049059461723
2025-04-16,333.8287685911704,336.95193239837556,328.570297896045,330.5559387207031,1386000,SHW,332.47673440157354,335.5060271220177,336.95193239837556,328.570297896045,346.4412628712058,353.2325343610412,-3.888786778258293,-4.123884374546435,0.23509759628814209
2025-04-17,337.4009734421331,337.4009734421331,329.88740183051857,332.6513671875,2238300,SHW,334.3351789755712,333.99138076179565,337.4009734421331,329.88740183051857,345.92507026733284,352.87457548795913,-3.774803605118109,-4.05406822066077,0.2792646155426608
2025-04-21,331.14464110689636,331.14464110689636,318.7118829205774,321.5955505371094,1511200,SHW,325.6491789178699,334.1632798686834,334.1632798686834,318.7118829205774,345.1503793583802,352.37422475086424,-4.52442833211785,-4.148140242952186,-0.3762880891656639
2025-04-22,325.477058320766,331.92293035804215,324.4592986677887,331.23443603515625,1331500,SHW,328.27343084543827,329.90622939327665,331.92293035804215,324.4592986677887,344.51519131874664,351.81202754162854,-4.291266772719382,-4.1767655489056255,-0.1145012238137566
2025-04-23,336.70247419314563,339.5961296964254,329.4683202095077,330.5260009765625,1338600,SHW,334.0732312689103,329.08983011935743,339.5961296964254,329.08983011935743,344.0228824238564,351.21568181053425,-4.116200350255497,-4.1646525091756,0.04845215892010302
2025-04-24,331.5737080094847,334.6070722666277,328.08135766141237,333.70904541015625,1081400,SHW,331.99279583692027,331.5815306941339,334.6070722666277,328.08135766141237,343.4679066432103,350.57525865096994,-3.6782137071808165,-4.067364748776643,0.38915104159582636
2025-04-25,333.42965970971255,333.7589250595255,327.9716137866733,330.89520263671875,1552900,SHW,331.51385029815754,331.78716326552706,333.7589250595255,327.9716137866733,343.05563479446596,349.94266594582353,-3.517610903710704,-3.957413979763455,0.43980307605275115
2025-04-28,331.88301507345165,334.886445999797,328.16118705068385,331.47393798828125,1799800,SHW,331.60114652805345,331.6505067818423,334.886445999797,328.16118705068385,342.53618561337777,349.3076604567199,-3.305528839856379,-3.82703695178204,0.521508111925661
2025-04-29,344.54527848044467,351.72955388916995,338.6781557560088,347.3691101074219,2461600,SHW,345.58052455826135,331.6258266549479,351.72955388916995,331.6258266549479,342.2701886446959,348.82374930036997,-1.8337068961090495,-3.428370940647442,1.5946640445383924
2025-04-30,345.7326817586598,353.9846258589829,345.2537503628626,352.1486511230469,2307200,SHW,349.27992727588804,338.6031756066046,353.9846258589829,338.6031756066046,342.19078708817307,348.38519554528153,-0.2783991737373981,-2.7983765872654334,2.5199774135280353
2025-05-01,352.6176423494466,356.21973768553124,350.94129102943515,352.8670959472656,1447100,SHW,353.16144175291964,343.94155144124636,356.21973768553124,343.94155144124636,342.2885291775718,348.0026066111583,1.0006312405795939,-2.038575021696428,3.039206262276022
2025-05-02,356.3693949094609,360.6600149559877,356.3693949094609,358.8539733886719,1398600,SHW,358.0631945408953,348.551496597083,360.6600149559877,348.551496597083,342.4774362665003,347.72098267177245,2.468903056346676,-1.1370794060878073,3.605982462434483
2025-05-05,357.95591277760997,364.7710018901575,357.397139173617,359.0335693359375,1583500,SHW,359.7894057943305,353.30734556898915,364.7710018901575,353.30734556898915,342.73969782328896,347.46859347260533,3.605449562426429,-0.18857361238496004,3.794023174811389
2025-05-06,355.60109103201324,357.83618548268737,351.52003390157995,351.74951171875,1159000,SHW,354.1767055337576,356.5483756816598,357.83618548268737,351.52003390157995,342.9483486519208,347.21891953739475,3.873754057130043,0.6238919215180406,3.2498621356120023
2025-05-07,351.74950187528356,353.21629018021093,349.1950995886025,350.8115539550781,1025900,SHW,351.24311139979375,355.36254060770875,355.36254060770875,349.1950995886025,343.00478723489346,347.0141346502562,3.964995944401153,1.2921127260946632,2.67288321830649
2025-05-08,352.4380121960496,356.3195247899061,350.0432637500188,352.7972412109375,1259400,SHW,352.899510486728,353.30282600375125,356.3195247899061,350.0432637500188,342.9142425061928,346.83183778761946,4.149699016726004,1.8636299842209314,2.2860690325050723
2025-05-09,351.7096128582116,353.00675933215217,349.45454268416256,351.0909423828125,1470700,SHW,351.3154643143347,353.1011682452396,353.1011682452396,349.45454268416256,342.813971227671,346.6739490914456,4.111004377509289,2.313104862878603,1.7978995146306862
2025-05-12,358.21534738130293,362.63565759091745,355.2817707911909,356.369384765625,1390600,SHW,358.12554013225906,352.20831627978714,362.63565759091745,352.20831627978714,342.8007171202817,346.6177389173847,4.45491133883155,2.7414661580691924,1.713445180762358
2025-05-13,357.516880615301,357.99584248060887,354.55337068500495,355.2618408203125,1390500,SHW,356.3319836503068,355.1669282060231,357.99584248060887,354.55337068500495,342.743143547046,346.53836621478536,4.58523481045421,3.110219888546196,1.4750149219080142
2025-05-14,355.7906670192745,355.7906670192745,350.0432466685611,350.6020202636719,1159700,SHW,353.05665024269547,355.74945592816493,355.7906670192745,350.0432466685611,342.69729394560477,346.44137389146033,4.263363129167772,3.3408485366705114,0.9225145924972602
2025-05-15,351.9191403409019,361.3784312015357,351.5000449217045,360.6600036621094,1650600,SHW,356.36440503156285,354.4030530854302,361.3784312015357,351.5000449217045,342.6536393814355,346.46266073400875,4.764945380694314,3.625667905475272,1.1392774752190422
2025-05-16,360.5199890136719,363.54998779296875,359.0899963378906,363.510009765625,892900,SHW,361.66749572753906,355.38372905849656,363.54998779296875,355.38372905849656,342.70157876690763,346.6357705715099,5.330972470567417,3.9667288184937015,1.3642436520737156
2025-05-19,359.20001220703125,362.30999755859375,358.05999755859375,362.0,1662500,SHW,360.3925018310547,358.5256123930178,362.30999755859375,358.05999755859375,342.6943828514688,346.82002592674223,5.593232545767819,4.2920295639485255,1.3012029818192934
2025-05-20,362.92999267578125,362.92999267578125,357.5299987792969,359.1000061035156,1949600,SHW,360.62249755859375,359.45905711203625,362.92999267578125,357.5299987792969,342.7584907192522,347.00185190765706,5.503627877378847,4.53434922663459,0.9692786507442568
2025-05-21,355.8900146484375,357.8699951171875,352.20001220703125,353.94000244140625,1449800,SHW,354.9750061035156,360.040777335315,360.040777335315,352.20001220703125,342.764079645355,347.1194619663478,4.9590811598416735,4.619295613276007,0.3397855465656665
2025-05-22,353.0899963378906,355.1099853515625,351.3900146484375,352.94000244140625,1349600,SHW,353.1324996948242,357.5078917194153,357.5078917194153,351.3900146484375,342.77742104397663,347.22118576459417,4.396156168496702,4.574667724320147,-0.17851155582344447
2025-05-23,350.79998779296875,353.5799865722656,348.0899963378906,352.510009765625,1018300,SHW,351.2449951171875,355.32019570711975,355.32019570711975,348.0899963378906,342.8731988348542,347.31063076837927,3.8707180140359583,4.433877782263309,-0.5631597682273508
2025-05-27,357.4200134277344,360.0799865722656,354.1400146484375,359.32000732421875,1260200,SHW,357.74000549316406,353.2825954121536,360.0799865722656,353.2825954121536,343.1918730017038,347.50037102696564,3.9581868661948647,4.33873959904962,-0.3805527328547553
2025-05-28,358.79998779296875,359.2099914550781,354.6300048828125,354.7300109863281,792200,SHW,356.8424987792969,355.5113004526588,359.2099914550781,354.6300048828125,343.525125933531,347.6899722829805,3.6154554970152617,4.194082778642748,-0.5786272816274867
2025-05-29,356.6199951171875,357.6000061035156,352.8999938964844,355.75,726400,SHW,355.7174987792969,356.17689961597785,357.6000061035156,352.8999938964844,343.8985411551033,347.8958783308972,3.3870986419451015,4.032685951303219,-0.6455873093581177
2025-05-30,354.9100036621094,359.1199951171875,352.4599914550781,358.80999755859375,2509200,SHW,356.3249969482422,355.94719919763736,359.1199951171875,352.4599914550781,344.35654817999676,348.1177406701703,3.4136895306303927,3.908886667168654,-0.49519713653826125
2025-06-02,355.79998779296875,355.79998779296875,351.19000244140625,355.44000244140625,1990600,SHW,354.5574951171875,356.1360980729398,356.1360980729398,351.19000244140625,344.74502954146664,348.29240774870806,3.126788883863128,3.752467110507549,-0.6256782266444212
2025-06-03,356.989990234375,357.94000244140625,351.6400146484375,357.760009765625,1792800,SHW,356.08250427246094,355.34679659506367,357.94000244140625,351.6400146484375,345.22388026620615,348.5062448005125,3.0514480624433986,3.6122633008947194,-0.5608152384513208
2025-06-04,358.739990234375,363.8999938964844,355.8699951171875,362.2200012207031,1557000,SHW,360.1824951171875,355.7146504337623,363.8999938964844,355.7146504337623,345.6329635180721,348.7664086853549,3.313428810597202,3.552496402835216,-0.2390675922380141
2025-06-05,363.3800048828125,363.3800048828125,356.1600036621094,357.8800048828125,1438700,SHW,360.2000045776367,357.9485727754749,363.3800048828125,356.1600036621094,346.0232389489401,349.07901830213433,3.134713975950376,3.4689399174582483,-0.3342259415078721
2025-06-06,361.1300048828125,363.3599853515625,357.239990234375,357.4800109863281,1495300,SHW,359.80249786376953,359.0742886765558,363.3599853515625,357.239990234375,346.3730351075782,349.3672921255898,2.9270636496448788,3.3605646638955746,-0.43350101425069587
2025-06-09,358.0299987792969,359.7900085449219,354.8999938964844,357.95001220703125,849200,SHW,357.6675033569336,359.4383932701627,359.7900085449219,354.8999938964844,346.63208653528824,349.56479540484247,2.7685107717163646,3.2421538854597327,-0.4736431137433681
2025-06-10,360.4200134277344,360.9800109863281,356.7699890136719,360.7300109863281,769400,SHW,359.7250061035156,358.55294831354814,360.9800109863281,356.7699890136719,346.9706045448382,349.6839072934156,2.8345047355428505,3.1606240554763563,-0.32611931993350574
2025-06-11,361.4700012207031,362.6700134277344,356.5,357.1300048828125,1115300,SHW,359.4425048828125,359.13897720853186,362.6700134277344,356.5,347.28446396933066,349.7926270677854,2.5667273857185933,3.0418447215248037,-0.4751173358062104
2025-06-12,357.6600036621094,357.6600036621094,354.2900085449219,356.20001220703125,888500,SHW,356.45250701904297,359.2907410456722,359.2907410456722,354.2900085449219,347.44278323914034,349.7875889498908,2.2534924123099813,2.8841742596818394,-0.6306818473718581
2025-06-13,350.2900085449219,350.2900085449219,335.1199951171875,335.8800048828125,2797900,SHW,342.89500427246094,357.87162403235754,357.87162403235754,335.1199951171875,347.30859904806294,349.6340824268742,0.36143032565831845,2.379625472877135,-2.0181951472188167
2025-06-16,337.489990234375,340.239990234375,334.29998779296875,335.760009765625,1706400,SHW,336.94749450683594,350.38331415240924,350.38331415240924,334.29998779296875,347.2016444141074,349.4217232276653,-1.134645624236498,1.6767712534544086,-2.8114168776909065
2025-06-17,333.92999267578125,335.1600036621094,329.1400146484375,331.0299987792969,1593300,SHW,332.31500244140625,343.66540432962256,343.66540432962256,329.1400146484375,347.1056630339195,349.16719596575496,-2.671177280479583,0.8071815466676103,-3.478358827147193
2025-06-18,331.6400146484375,333.95001220703125,329.8999938964844,331.4700012207031,1451800,SHW,331.74000549316406,337.9902033855144,337.9902033855144,329.8999938964844,347.2491815816522,348.88006112219307,-3.8094719471050666,-0.1161491520869251,-3.6933227950181418
2025-06-20,334.0,337.17999267578125,330.2200012207031,333.5,2707400,SHW,333.7249984741211,334.86510443933923,337.17999267578125,330.2200012207031,347.52868919816234,348.61795393922154,-4.495948242584461,-0.9921089701864324,-3.5038392723980287
2025-06-23,333.4200134277344,344.55999755859375,331.7099914550781,343.7699890136719,1600800,SHW,338.36499786376953,334.29505145673016,344.55999755859375,331.7099914550781,347.82361648605547,348.38668990078907,-4.163291535757423,-1.6263454833006306,-2.536946052456793
