Date,Open,High,Low,Close,Volume,Ticker,HA_Close,HA_Open,HA_High,HA_Low,HA_50_MA,HA_100_MA,MACD_Line,Signal_Line,MACD_Hist
2022-01-03,71.89459497368749,72.6151474717994,71.57223644899862,71.6291275024414,4814900,TJX,71.92777659923173,71.76186123806445,72.6151474717994,71.57223644899862,,,0.0,0.0,0.0
2022-01-04,71.7808331127044,73.33572049768436,71.7808331127044,72.73841857910156,5905700,TJX,72.40895132554868,71.84481891864809,73.33572049768436,71.7808331127044,,,0.0884904562578015,0.0176980912515603,0.0707923650062412
2022-01-05,72.97543888396655,73.31675630792724,71.19300184029478,71.24040985107422,5101900,TJX,72.1814017208157,72.12688512209839,73.31675630792724,71.19300184029478,,,0.037312875805085355,0.021621048162265313,0.015691827642820042
2022-01-06,71.6386094286809,72.04629371814654,70.86116581079835,71.55328369140625,4059900,TJX,71.524838162258,72.15414342145704,72.15414342145704,70.86116581079835,,,0.021749859855162867,0.021646810500844826,0.00010304935431804108
2022-01-07,71.04131088150837,71.50587901749597,70.33971715299384,70.51985168457031,5497700,TJX,70.85168968414212,71.83949079185751,71.83949079185751,70.33971715299384,,,-0.07313026839854331,0.0026913947209671993,-0.07582166311951051
2022-01-10,69.80876411782145,70.02683081196002,66.48093052115262,68.7279281616211,7964500,TJX,68.7611134031388,71.34559023799982,71.34559023799982,66.48093052115262,,,-0.28957862406451795,-0.05576260903612983,-0.2338160150283881
2022-01-11,68.72792102436172,70.76634204005215,68.33920291445526,70.35865783691406,5682300,TJX,69.5480309539458,70.0533518205693,70.76634204005215,68.33920291445526,,,-0.3257739300579061,-0.1097648732404851,-0.216009056817421
2022-01-12,70.54829918637407,71.50587734976743,69.42005507755682,69.6001968383789,5654100,TJX,70.2686071130193,69.80069138725756,71.50587734976743,69.42005507755682,,,-0.41092356363891724,-0.16999661132017155,-0.2409269523187457
2022-01-13,70.20696710362706,70.29229282507663,68.60467215536181,68.8416976928711,6149400,TJX,69.48640744423415,70.03464925013843,70.29229282507663,68.60467215536181,,,-0.5334604042498654,-0.24268936990611034,-0.29077103434375506
2022-01-14,68.10217632675611,68.23491004353785,66.63261516224303,67.48590850830078,6631100,TJX,67.61390251020944,69.7605283471863,69.7605283471863,66.63261516224303,,,-0.7315398535916984,-0.34045946664322796,-0.3910803869484704
2022-01-18,66.59469538296625,67.00237961144961,65.1915082012879,65.33372497558594,9601600,TJX,66.03057704282243,68.68721542869787,68.68721542869787,65.1915082012879,,,-1.0500778253029495,-0.48238313837517227,-0.5676946869277772
2022-01-19,65.75089312234235,66.68951237489141,64.88812378989432,64.9544906616211,6621100,TJX,65.5707549871873,67.35889623576014,67.35889623576014,64.88812378989432,,,-1.3179302233382657,-0.649492555367791,-0.6684376679704747
2022-01-20,65.11567209416499,65.95948263817844,63.76936844342972,63.83573532104492,6669000,TJX,64.67006462420451,66.46482561147371,66.46482561147371,63.76936844342972,,,-1.6020123831744257,-0.839996520929118,-0.7620158622453077
2022-01-21,63.589217447771944,65.15358760276936,63.13412518627509,63.95897674560547,8652900,TJX,63.95897674560547,65.56744511783911,65.56744511783911,63.13412518627509,,,-1.796496099797082,-1.0312964367027109,-0.7651996630943712
2022-01-24,63.01087991059563,65.55179444138209,62.43253691129167,65.47594451904297,10903800,TJX,64.11778894557808,64.76321093172228,65.55179444138209,62.43253691129167,,,-1.8073848177907905,-1.186514112920327,-0.6208707048704636
2022-01-25,64.47097447518753,65.68454460207458,63.40909699743708,65.11568450927734,8265700,TJX,64.67007514599413,64.44049993865019,65.68454460207458,63.40909699743708,,,-1.824057576909155,-1.3140228057180925,-0.5100347711910624
2022-01-26,65.61816207532074,67.2773411701168,64.8217595818731,65.51387023925781,7358200,TJX,65.8077832666421,64.55528754232216,67.2773411701168,64.55528754232216,,,-1.7845691951725797,-1.4081320836089901,-0.3764371115635896
2022-01-27,66.77483450891336,67.5807198872511,65.6560736860089,66.00687408447266,6184700,TJX,66.5046255416615,65.18153540448213,67.5807198872511,65.18153540448213,,,-1.6939660913997443,-1.4652988851671411,-0.22866720623260317
2022-01-28,65.91208117799619,67.69451846848081,65.07775360025624,67.67555236816406,7180600,TJX,66.58997640372432,65.84308047307181,67.69451846848081,65.07775360025624,,,-1.4705623596433668,-1.4663515800623863,-0.004210779580980484
2022-01-31,67.39111384031528,68.35817501249994,67.12564635122328,68.23492431640625,4543000,TJX,67.77746488011118,66.21652843839806,68.35817501249994,66.21652843839806,,,-1.2341501367876475,-1.4199112914074385,0.18576115461979104
2022-02-01,68.44350760214556,69.15458432974746,68.05478218566884,69.0218505859375,4461700,TJX,68.66868117587484,66.99699665925462,69.15458432974746,66.99699665925462,,,-0.9720877510914931,-1.3303465833442496,0.35825883225275645
2022-02-02,68.93651124877438,69.34419549094152,67.66605775154638,68.29180145263672,5400500,TJX,68.55964148597475,67.83283891756473,69.34419549094152,67.66605775154638,,,-0.8139278327485187,-1.2270628332251035,0.4131350004765848
2022-02-03,67.78930673817307,68.102182197607,66.04480217668521,66.18701171875,5802300,TJX,67.03082570780381,68.19624020176974,68.19624020176974,66.04480217668521,,,-0.8486412905078282,-1.1513785246816486,0.30273723417382037
2022-02-04,65.66557160465996,66.158581650087,64.63213626888938,65.5897216796875,4991100,TJX,65.51150280083095,67.61353295478678,67.61353295478678,64.63213626888938,,,-0.9138143868483581,-1.1038656971149905,0.19005131026663236
2022-02-07,65.97843516434459,66.47145240793174,65.03033287038858,65.75089263916016,4750800,TJX,65.80777827045627,66.56251787780886,66.56251787780886,65.03033287038858,,,-0.9416051477629281,-1.071413587244578,0.12980843948164988
2022-02-08,65.71295696963347,67.0497844582925,65.40008876103788,66.78431701660156,4464500,TJX,66.23678680139135,66.18514807413257,67.0497844582925,65.40008876103788,,,-0.8702095810737518,-1.0311727860104127,0.16096320493666094
2022-02-09,67.56464937664634,68.62094236321349,67.43142388827253,68.01190948486328,4041800,TJX,67.90723127824891,66.21096743776195,68.62094236321349,66.21096743776195,,,-0.7064283609166466,-0.9662239009916596,0.25979554007501293
2022-02-10,66.73674320650746,68.24981451148125,66.65110135955814,67.2220687866211,3856000,TJX,67.21493196604199,67.05909935800543,68.24981451148125,66.65110135955814,,,-0.6330665106713695,-0.8995924229276016,0.266525912256232
2022-02-11,67.04127225541366,67.2696650773726,65.1761077708924,65.37594604492188,4807400,TJX,66.21574778715012,67.13701566202371,67.2696650773726,65.1761077708924,,,-0.7156438950230495,-0.8628027173466912,0.14715882232364175
2022-02-14,65.46158159340168,65.67093800665991,64.32915768182008,64.70028686523438,6472000,TJX,65.040491036779,66.67638172458692,66.67638172458692,64.32915768182008,,,-0.8260845279229727,-0.8554590794619475,0.029374551538974836
2022-02-15,65.14755275436653,65.76610386835887,64.94771450404505,65.55674743652344,6474200,TJX,65.35452964082347,65.85843638068296,65.85843638068296,64.94771450404505,,,-0.8348763796030028,-0.8513425394901587,0.01646615988715594
2022-02-16,65.09044207062773,65.50914757038989,63.04446916638687,63.85334014892578,5802000,TJX,64.37434973908256,65.60648301075321,65.60648301075321,63.04446916638687,,,-0.9681346637805888,-0.8747009643482447,-0.09343369943234403
2022-02-17,63.05399511080531,63.61544432609905,61.7217330141879,62.01673126220703,6591000,TJX,62.60197592832482,64.99041637491788,64.99041637491788,61.7217330141879,,,-1.2080165393413864,-0.9413640793468732,-0.26665245999451326
2022-02-18,61.96915213401635,63.29189599166821,61.81689029646942,62.94931411743164,6050800,TJX,62.506813134896404,63.79619615162135,63.79619615162135,61.81689029646942,,,-1.3077975355680707,-1.0146507705911127,-0.2931467649769579
2022-02-22,62.863670646145195,63.67254902509494,61.82641401091926,62.092864990234375,8055300,TJX,62.61387466809844,63.151504643258875,63.67254902509494,61.82641401091926,,,-1.4393905822392554,-1.0995987329207413,-0.33979184931851414
2022-02-23,57.97237230783421,62.65431541644968,56.954144754616074,59.47592544555664,25852500,TJX,59.26418948111415,62.88268965567866,62.88268965567866,56.954144754616074,,,-1.7348459462181651,-1.226648175580226,-0.508197770637939
2022-02-24,58.53382426680543,61.66464143427249,58.03898776940429,61.55996322631836,9786500,TJX,59.94935417420014,61.07343956839641,61.66464143427249,58.03898776940429,,,-1.7803097167252844,-1.3373804838092378,-0.4429292329160466
2022-02-25,61.51237695242967,63.61544468188848,61.19834234199496,63.548831939697266,6400700,TJX,62.46874897900259,60.511396871298274,63.61544468188848,60.511396871298274,,,-1.6369848564630232,-1.397301358339995,-0.23968349812302825
2022-02-28,62.23560975315358,63.14915909551841,61.864480559700525,62.901737213134766,7647800,TJX,62.53774665537682,61.49007292515043,63.14915909551841,61.49007292515043,,,-1.5576582933455825,-1.4293727453411125,-0.12828554800447
2022-03-01,62.95883305224694,63.13011673117498,60.44656715442944,60.80818176269531,6279400,TJX,61.83592467513667,62.013909790263625,63.13011673117498,60.44656715442944,,,-1.644764032894372,-1.4724510028517646,-0.17231303004260745
2022-03-02,61.322063132042686,64.31013317412065,61.29351584824021,62.9207763671875,8125200,TJX,62.461622130397764,61.924917232700146,64.31013317412065,61.29351584824021,,,-1.5257394554543637,-1.4831086933722846,-0.042630762082079166
2022-03-03,62.835110250628105,62.92075933910166,61.8549483840278,62.53059387207031,5186300,TJX,62.53535296145697,62.193269681548955,62.92075933910166,61.8549483840278,,,-1.4462249062961376,-1.4757319359570553,0.029507029660917672
2022-03-04,61.778829030277954,62.03576908351702,59.18092114781544,59.51398849487305,8971500,TJX,60.627376939120865,62.36431132150297,62.36431132150297,59.18092114781544,,,-1.6080868718739865,-1.5022029231404417,-0.10588394873354479
2022-03-07,59.418824025413315,59.96124414562792,55.260268560393904,55.5076904296875,11448700,TJX,57.537006790280664,61.495844130311916,61.495844130311916,55.260268560393904,,,-2.0361667546990816,-1.6089956894521698,-0.42717106524691184
2022-03-08,55.355425227069645,58.134142032233896,55.11752155262609,57.09688186645508,11952400,TJX,56.42599266959618,59.51642546029629,59.51642546029629,55.11752155262609,,,-2.221579690678034,-1.7315124896973426,-0.49006720098069145
2022-03-09,58.714626976391344,59.61866165602755,58.1912396240089,58.22930145263672,5773800,TJX,58.68845742726613,57.97120906494624,59.61866165602755,57.97120906494624,,,-2.2511936229242266,-1.8354487163427196,-0.4157449065815071
2022-03-10,56.925598357324574,59.076249887750485,56.68769465184257,59.047698974609375,5809100,TJX,57.93431046788175,58.32983324610618,59.076249887750485,56.68769465184257,,,-2.1834555211030704,-1.9050500772947898,-0.2784054438082806
2022-03-11,59.28558722606513,59.48542541534863,58.29590719801136,58.45768356323242,5300600,TJX,58.88115085066438,58.13207185699397,59.48542541534863,58.13207185699397,,,-2.15256843116952,-1.954553748069736,-0.1980146830997842
2022-03-14,58.56237663852849,59.08576406122052,58.00092375197315,58.286407470703125,4889200,TJX,58.48386798060632,58.50661135382917,59.08576406122052,58.00092375197315,,,-2.1175014999285366,-1.9871432984414963,-0.13035820148704036
2022-03-15,58.77172348150014,59.78995457111961,58.400594321699295,58.73366165161133,6422200,TJX,58.92398350648259,58.495239667217746,59.78995457111961,58.400594321699295,64.88942107220872,,-2.030217941078355,-1.995758226968868,-0.034459714109487116
2022-03-16,59.409310289515574,60.57028146875696,58.571888276778076,59.51398849487305,8278000,TJX,59.516367132480916,58.70961158685017,60.57028146875696,58.571888276778076,64.64119288287371,,-1.8764487044417706,-1.9718963224634487,0.09544761802167812
2022-03-17,58.87641099820135,59.6948003673285,58.4767344952077,59.2380256652832,8139200,TJX,59.071492881505186,59.11298935966555,59.6948003673285,58.4767344952077,64.37444371399285,,-1.7566043293297682,-1.9288379238367128,0.17223359450694464
2022-03-18,59.000117849954954,59.590118012020234,58.27689219614484,59.418827056884766,11728300,TJX,59.0714887787512,59.09224112058537,59.590118012020234,58.27689219614484,64.11224545515155,,-1.6282679776546587,-1.8687239346003022,0.24045595694564348
2022-03-21,59.78995359183613,59.78995359183613,57.55365685947298,58.03898239135742,7342900,TJX,58.793136608625666,59.08186494966829,59.78995359183613,57.55365685947298,63.857611424078904,,-1.6192368722799912,-1.81882652213624,0.19958964985624883
2022-03-22,58.457690558963066,59.28559432087242,58.029463223450655,58.17220687866211,13372400,TJX,58.486238745487064,58.93750077914697,59.28559432087242,58.029463223450655,63.6103024053058,,-1.583080783642714,-1.771677374437535,0.18859659079482083
2022-03-23,57.70592386085282,57.791569342465216,56.54495258346755,56.60205078125,8240700,TJX,57.1611241420089,58.71186976231702,58.71186976231702,56.54495258346755,63.378302620083204,,-1.6619671745763824,-1.7497353344653046,0.08776815988892217
2022-03-24,56.83994497045979,57.41091596225546,56.126233953306674,57.16349411010742,8633000,TJX,56.885147249032336,57.93649695216296,57.93649695216296,56.126233953306674,63.12504494598494,,-1.6600454526403254,-1.7317973581003088,0.07175190545998333
2022-03-25,57.801079338529725,58.46720673438094,57.13494831255646,58.324466705322266,10110400,TJX,57.93192527269734,57.41082210059765,58.46720673438094,57.13494831255646,62.8783113091785,,-1.5470087346659938,-1.694839633413446,0.14783089874745214
2022-03-28,57.47752857823798,59.009625175842245,57.43946311950793,59.0001106262207,10417000,TJX,58.231681874952216,57.6713736866475,59.009625175842245,57.43946311950793,62.65321679779286,,-1.386919953564103,-1.6332556974435775,0.24633574387947443
2022-03-29,59.60914278679133,61.36962848720234,59.59962823727492,61.19833755493164,9812500,TJX,60.44418426655006,57.95152778079986,61.36962848720234,57.95152778079986,62.50982243291967,,-1.0703317808541826,-1.5206709141256987,0.4503391332715161
2022-03-30,60.313339911432024,60.6749508790017,58.838337871800896,59.0001106262207,7937100,TJX,59.70668482211383,59.19785602367496,60.6749508790017,58.838337871800896,62.383344588505494,,-0.9854522349432457,-1.4136271782892083,0.4281749433459625
2022-03-31,58.619462747352216,59.19994828209436,57.56317350345113,57.64881896972656,10282200,TJX,58.25785087565607,59.452270422894394,59.452270422894394,57.56317350345113,62.23708650627487,,-1.0155162871271628,-1.3340050000567991,0.3184887129296363
2022-04-01,57.7820443859372,58.086560792361695,57.12542793511033,57.943817138671875,5762000,TJX,57.73446256302027,58.85506064927523,58.85506064927523,57.12542793511033,62.098374465051194,,-1.0039652913197585,-1.2679970583093911,0.2640317669896326
2022-04-04,57.86769744540183,59.285601468222346,57.51559735479764,59.06673049926758,5855000,TJX,58.43390669192235,58.29476160614775,59.285601468222346,57.51559735479764,61.98787306397753,,-0.8938970317499724,-1.1931770529975074,0.29928002124753506
2022-04-05,57.468016564733475,59.0762478824808,57.25866014937646,58.72414779663086,6130300,TJX,58.1317680983054,58.36433414903505,59.0762478824808,57.25866014937646,61.868152647032076,,-0.8248028897703037,-1.1195022203520668,0.2946993305817631
2022-04-06,57.96285286334538,58.134143804576674,56.88752720564274,57.60123825073242,8641500,TJX,57.646440531074305,58.24805112367022,58.24805112367022,56.88752720564274,61.727679954733674,,-0.8508466694901529,-1.065771110179684,0.2149244406895312
2022-04-07,57.058818765809065,58.75269546634563,56.5925295774942,58.36253356933594,7628300,TJX,57.69164434474621,57.947245827372264,58.75269546634563,56.5925295774942,61.565357176295755,,-0.8008249709833066,-1.0127818823404087,0.21195691135710204
2022-04-08,58.295918308977555,59.295116706081245,57.934307315672925,58.58140563964844,7604400,TJX,58.52668699259504,57.81944508605923,59.295116706081245,57.81944508605923,61.40579840531443,,-0.7350480908064867,-0.9572351240336243,0.22218703322713762
2022-04-11,58.98108653109544,60.29431600855039,58.78124828869126,58.86689376831055,6230000,TJX,59.230886149161904,58.17306603932714,60.29431600855039,58.17306603932714,61.25861660022318,,-0.6523628998822915,-0.8962606792033578,0.24389777932106638
2022-04-12,59.38076430405083,60.941411977674896,59.32366610984909,59.78995895385742,5873900,TJX,59.858950336358056,58.70197609424452,60.941411977674896,58.70197609424452,61.10024630934812,,-0.5065118904834449,-0.8183109214593753,0.3117990309759304
2022-04-13,60.01834436874162,60.91286459244171,59.72334247771593,60.617862701416016,6107600,TJX,60.31810353507882,59.28046321530129,60.91286459244171,59.28046321530129,60.933234756532194,,-0.3204253375539423,-0.7187338046782887,0.3983084671243464
2022-04-14,60.77011285981372,61.27446746873325,59.54252907533827,59.67575454711914,6511000,TJX,60.3157159877511,59.79928337519006,61.27446746873325,59.54252907533827,60.76835624656773,,-0.24613338574335586,-0.6242137208913022,0.37808033514794637
2022-04-18,59.399794325189454,60.05641086324954,59.095277878309155,59.418827056884766,4521800,TJX,59.49257753090823,60.057499681470574,60.057499681470574,59.095277878309155,60.61759128302982,,-0.20561814197035488,-0.5404946051071128,0.3348764631367579
2022-04-19,59.54253015050115,62.45446874378358,59.409304676314626,62.2641487121582,9021100,TJX,60.91761307068939,59.7750386061894,62.45446874378358,59.409304676314626,60.52571348842698,,0.05544502313822619,-0.421306679458045,0.4767517025962712
2022-04-20,63.04447728307179,64.16738298018383,62.97786454088059,63.548831939697266,7942800,TJX,63.434639185958375,60.3463258384394,64.16738298018383,60.3463258384394,60.47825070673703,,0.36183169175190955,-0.26467900521605414,0.6265106969679637
2022-04-21,64.32915405708191,64.98577054162187,62.55915008503481,62.74947738647461,7815200,TJX,63.6558880175533,61.890482512198886,64.98577054162187,61.890482512198886,60.426632731060266,,0.5339886137220518,-0.10494548142843298,0.6389340951504847
2022-04-22,61.21737291232536,62.20705303144302,59.59962726186801,59.67575454711914,5424600,TJX,60.67495193818888,62.77318526487609,62.77318526487609,59.59962726186801,60.28198714425906,,0.41758678917774716,-0.0004390273071969505,0.41802581648494413
2022-04-25,59.27608965347982,60.37044454876619,58.305442074537204,60.3228645324707,6331700,TJX,59.56871020231348,61.72406860153249,61.72406860153249,58.305442074537204,60.12906270898449,,0.3732512640593626,0.07429903096611497,0.29895223309324764
2022-04-26,59.61866669738574,60.189634106425466,58.448177337646484,58.448177337646484,5744200,TJX,59.17616386977605,60.64638940192299,60.64638940192299,58.448177337646484,59.988271030637016,,0.18471418166942044,0.09638206110677607,0.08833212056264438
2022-04-27,58.438656055567726,59.009623398836744,57.79155779713118,58.49575424194336,7501700,TJX,58.43389787336975,59.91127663584952,59.91127663584952,57.79155779713118,59.856139167368816,,0.038690247015289,0.08484369828847865,-0.04615345127318965
2022-04-28,59.33317601912248,60.627372612143986,58.70511045252347,60.27527618408203,4236400,TJX,59.73523381696799,59.17258725460964,60.627372612143986,58.70511045252347,59.743753250891714,,0.0657992822344724,0.0810348150776774,-0.015235532843205002
2022-04-29,59.723338389389866,59.980274800090456,58.10559626516863,58.31494903564453,6981400,TJX,59.031039622573374,59.453910535788815,59.980274800090456,58.10559626516863,59.63688704856154,,-0.07009066819261989,0.05080971842361795,-0.12090038661623784
2022-05-02,58.69560239751878,59.32366803361563,57.61076208336262,59.28560256958008,8136500,TJX,58.72890877101928,59.24247507918109,59.32366803361563,57.61076208336262,59.55942570541542,,-0.09832734837633694,0.020982305063626975,-0.11930965343996391
2022-05-03,59.628182665764434,59.647215397201315,58.35301870047178,59.01914978027344,4447700,TJX,59.161891635927745,58.985691925100184,59.647215397201315,58.35301870047178,59.49252727543605,,-0.14058505708745628,-0.011331167366589677,-0.1292538897208666
2022-05-04,58.98108051396454,61.0365681850083,58.29591674690925,60.96995544433594,4747200,TJX,59.82088022255451,59.073791780513965,61.0365681850083,58.29591674690925,59.436667386525166,,-0.016471014561695085,-0.012359136805610758,-0.004111877756084327
2022-05-05,59.923184464428935,60.46560460410634,57.97237124159645,58.72414779663086,5940400,TJX,59.27132702669064,59.44733600153424,60.46560460410634,57.97237124159645,59.43681013743671,,-0.098195710809307,-0.029526451606350007,-0.068669259202957
2022-05-06,58.25785452078596,58.25785452078596,56.16430140354751,57.48704528808594,6099000,TJX,57.54176393330134,59.35933151411244,59.35933151411244,56.16430140354751,59.388658332618725,,-0.2597922317896888,-0.07557960764301777,-0.18421262414667103
2022-05-09,56.88752479236427,58.16268861736781,55.98349374436575,56.27849197387695,8264800,TJX,56.8280497819937,58.45054772370689,58.45054772370689,55.98349374436575,59.27584434867855,,-0.47984740882757393,-0.156433167879929,-0.3234142409476449
2022-05-10,56.6972099909201,57.01124097875152,52.786072688026415,53.480751037597656,9331900,TJX,54.993818673823924,57.639298752850294,57.639298752850294,52.786072688026415,59.124965789047494,,-0.8699685776763744,-0.2991402498392181,-0.5708283278371562
2022-05-11,53.97341321115817,54.22214066932876,52.48106305924478,52.60542678833008,8399600,TJX,53.320510932015445,56.31655871333711,56.31655871333711,52.48106305924478,58.954657514185065,,-1.2355313301043154,-0.4864184658922376,-0.7491128642120778
2022-05-12,52.25146955898448,53.849053951480784,52.127109477282694,53.57162857055664,8510600,TJX,52.94981538957615,54.81853482267628,54.81853482267628,52.127109477282694,58.764421379368635,,-1.4307848392066589,-0.6752917405551219,-0.755493098651537
2022-05-13,54.260409231661534,55.073548583909364,53.638594209864245,54.710025787353516,8036400,TJX,54.42064445319716,53.884175106126214,55.073548583909364,53.638594209864245,58.60212720920344,,-1.4766436813035355,-0.8355621287048046,-0.6410815525987309
2022-05-16,54.1838755333437,54.38476826600256,53.15071030161414,53.686424255371094,7952300,TJX,53.851444589082874,54.15240977966169,54.38476826600256,53.15071030161414,58.46660856220267,,-1.5773999483888161,-0.983929692641607,-0.5934702557472091
2022-05-17,53.41857002754034,53.77252442938476,51.361800565583984,53.75339126586914,13982300,TJX,53.07657157209456,54.00192718437228,54.00192718437228,51.361800565583984,58.37739985783895,,-1.6330218781921033,-1.1137481297517065,-0.5192737484403969
2022-05-18,58.785300750193436,60.30635259726036,56.45110586706206,57.57993698120117,26649700,TJX,58.28067404892926,53.53924937823342,60.30635259726036,53.53924937823342,58.41449348542561,,-1.352738867234379,-1.161546277248241,-0.19119258998613797
2022-05-19,57.03464869289513,60.17241788128392,56.44153527619719,58.74702835083008,13905700,TJX,58.09890755030158,55.90996171358134,60.17241788128392,55.90996171358134,58.40270248788633,,-1.0246267822431534,-1.1341623782472234,0.10953559600407003
2022-05-20,56.06844318277495,57.254669919637415,53.30376539930229,55.360530853271484,15719000,TJX,55.496852338746535,57.004434631941464,57.254669919637415,53.30376539930229,58.35395332530362,,-1.0260301994228698,-1.1125359424823529,0.08650574305948311
2022-05-23,55.59013221845149,58.469605681088844,55.24574258985111,57.694732666015625,9251700,TJX,56.75005328885177,56.250643485344,58.469605681088844,55.24574258985111,58.31133137406738,,-0.8292329577416595,-1.0558753455342142,0.22664238779255474
2022-05-24,56.63285992342283,57.273804382237486,55.94408073843504,57.092044830322266,6998800,TJX,56.73569746860441,56.50034838709789,57.273804382237486,55.94408073843504,58.276367963827326,,-0.7136747984998166,-0.9874352361273347,0.2737604376275181
2022-05-25,56.87202295429877,59.09141865160314,56.44153593342562,58.565269470214844,6851700,TJX,57.7425617523856,56.61802292785114,59.09141865160314,56.44153593342562,58.252739528745394,61.571080300477064,-0.4974825395183373,-0.8894446968055353,0.39196215728719797
2022-05-26,60.10545523590997,61.51171164197033,59.15838377586824,61.32994842529297,10821900,TJX,60.52637476976037,57.18029234011837,61.51171164197033,57.18029234011837,58.27293968149098,61.45706628218234,-0.10188763319307981,-0.7319332840830443,0.6300456508899644
2022-05-27,61.014250612895935,62.02828256534073,60.622029949364475,61.78912353515625,6524400,TJX,61.363421665689344,58.85333355493937,62.02828256534073,58.85333355493937,58.318778257174664,61.34661098558376,0.24584186210147863,-0.5363782548461397,0.7822201169476183
2022-05-31,61.4543066152814,61.4543066152814,59.914125419454166,60.81336212158203,7561200,TJX,60.90902519289975,60.108377610314356,61.4543066152814,59.914125419454166,58.35552898545763,61.233887220304595,0.4376393668807381,-0.3415747305007641,0.7792140973815023
2022-06-01,61.56911230507586,61.636076553538906,59.56017390335095,59.78976821899414,4158800,TJX,60.638782745239965,60.508701401607055,61.636076553538906,59.56017390335095,58.39244190818992,61.12502666613441,0.5012665095425959,-0.1730064824920921,0.6742729920346879
2022-06-02,60.210678499764114,61.11948358015705,59.96195470424641,61.00468826293945,3436900,TJX,60.57420126177676,60.57374207342351,61.11948358015705,59.96195470424641,58.43420115851572,61.022251781910754,0.6423210947970404,-0.00994096703426562,0.652262061831306
2022-06-03,60.8420598125813,61.10035202004678,59.22534597616121,59.34014129638672,4894200,TJX,60.126974776294,60.573971667600134,61.10035202004678,59.22534597616121,58.49351817120142,60.93591039564231,0.6127296745756965,0.11459316128772681,0.4981365132879697
2022-06-06,59.71322396144602,59.82802292160053,58.718325185046865,59.05314636230469,3905100,TJX,59.32817960759952,60.35047322194707,60.35047322194707,58.718325185046865,58.54237881837276,60.83371188217884,0.5596686563037068,0.2036082602909228,0.35606039601278394
2022-06-07,57.312072831156776,58.62266336300066,56.69982626589474,58.40263748168945,6706100,TJX,57.759299985435405,59.839326414773296,59.839326414773296,56.69982626589474,58.538926312627524,60.708618810903005,0.45982619673891634,0.25485184758052154,0.2049743491583948
2022-06-08,58.44090262025216,59.67496413107335,57.89562030603392,58.76615905761719,4250000,TJX,58.694411528744155,58.79931320010435,59.67496413107335,57.89562030603392,58.548180905703354,60.60069885174811,0.4053607350828017,0.2849536250809776,0.12040711000182408
2022-06-09,58.517436643660574,58.986190003694595,58.019989013671875,58.019989013671875,3852300,TJX,58.38590116867473,58.74686236442425,58.986190003694595,58.019989013671875,58.507015243745855,60.508418838332766,0.2985453330137702,0.28767196666753614,0.010873366346234037
2022-06-10,56.81463111897254,57.68517003428446,56.211949208594135,56.412845611572266,4862700,TJX,56.781148993355856,58.56638176654949,58.56638176654949,56.211949208594135,58.44850452717069,60.415924557838096,0.08325065449574254,0.24678770423317742,-0.16353704973743488
2022-06-13,54.805689669200575,55.56143315537394,54.55696220954166,54.843955993652344,7137400,TJX,54.94201025694213,57.67376537995267,57.67376537995267,54.55696220954166,58.382187714796416,60.30963711053564,-0.21152982559599565,0.1551241982673428,-0.36665402386333845
2022-06-14,54.88221866882655,55.79102380352942,54.69089069584528,54.843955993652344,5863800,TJX,55.0520222904634,56.3078878184474,56.3078878184474,54.69089069584528,58.328538909345276,60.21345668719823,-0.4400725968861465,0.03608483923664493,-0.4761574361227915
2022-06-15,55.05440303456169,55.66664951252321,54.37519232615293,55.13093566894531,7151900,TJX,55.056795135545784,55.6799550544554,55.6799550544554,54.37519232615293,58.260996678217744,60.124434871097634,-0.5912222858007965,-0.08937658577084336,-0.5018457000299531
2022-06-16,54.07864083433277,54.50912783521151,53.53335851631214,54.279537200927734,9118900,TJX,54.100166096696036,55.36837509500059,55.36837509500059,53.53335851631214,58.180364638185566,60.024258642608814,-0.7708246573472906,-0.2256662000861328,-0.5451584572611577
2022-06-17,54.011676063640834,54.87265005692456,53.5907574720784,54.164737701416016,12330100,TJX,54.15995532351495,54.734270595848315,54.87265005692456,53.5907574720784,58.11063493403437,59.91915744438403,-0.9119122343621768,-0.3629154069413416,-0.5489968274208352
2022-06-21,55.26487387576363,55.75275673352801,54.5569614799827,54.99701690673828,6140000,TJX,55.14290224900316,54.44711295968163,55.75275673352801,54.44711295968163,58.059660092119515,59.81250863420763,-0.9456661289280461,-0.4794655513386825,-0.4662005775893636
2022-06-22,54.44216464560954,55.2361744235676,54.269969841938575,54.5952262878418,6373500,TJX,54.635883799739375,54.795007604342395,55.2361744235676,54.269969841938575,57.9818440282624,59.69382121678842,-0.9933863392385973,-0.5822497089186655,-0.41113663031993186
2022-06-23,54.89178304000686,55.27443530856673,53.90644532882323,54.815250396728516,4435500,TJX,54.72197851853133,54.71544570204088,55.27443530856673,53.90644532882323,57.891665875649785,59.575141237936485,-1.0019015455907976,-0.666180076253092,-0.33572146933770564
2022-06-24,55.31270417953006,57.69472989683383,55.08311353766792,57.62776565551758,7373800,TJX,56.429578317387346,54.718712110286106,57.69472989683383,54.718712110286106,57.823078435270375,59.461662372309235,-0.7727951305434999,-0.6875030871111736,-0.08529204343232633
2022-06-27,58.10608740938964,58.25914906336244,56.93899001704845,57.21641540527344,5093800,TJX,57.63016047376849,55.57414521383673,58.25914906336244,55.57414521383673,57.76931957404417,59.35127716528818,-0.6173032853772682,-0.6734631267643926,0.056159841387124376
2022-06-28,57.52253709600567,57.96258888264596,54.94918332125931,54.987449645996094,5850400,TJX,56.35543973647676,56.602152843802614,57.96258888264596,54.94918332125931,57.690114049018675,59.229235147793204,-0.6662536292449133,-0.6720212272604967,0.005767598015583464
2022-06-29,54.84395510303079,55.03527942362755,54.279539599004345,54.61436080932617,3741100,TJX,54.693283733747215,56.478796290139684,56.478796290139684,54.279539599004345,57.59412817307546,59.105859728052636,-0.7267744767474227,-0.682971877157882,-0.04380259958954069
2022-06-30,53.63859606813297,54.21257637792506,53.14114476331685,53.42813491821289,5708300,TJX,53.60511303189694,55.58604001194345,55.58604001194345,53.14114476331685,57.4478781722996,58.9867958303633,-0.8605364713553172,-0.718484795997369,-0.14205167535794816
2022-07-01,53.1889753178772,53.6864266177392,52.184507961105645,53.60989761352539,5391800,TJX,53.16745187756186,54.595576521920194,54.595576521920194,52.184507961105645,57.24253442613168,58.86039256643435,-0.9410294832157149,-0.7629937334410383,-0.17803574977467662
2022-07-05,53.03591374584692,55.78146248120958,52.93068682104266,55.0831184387207,8365000,TJX,54.20779537170497,53.88151419974103,55.78146248120958,52.93068682104266,57.053572573214716,58.740102652137494,-0.8758479368432859,-0.7855645741214878,-0.09028336272179804
2022-07-06,55.35096908397467,56.125842041991824,54.595225637891076,55.456199645996094,5698600,TJX,55.382059102463415,54.044654785723,56.125842041991824,54.044654785723,56.9477147165002,58.61485093037963,-0.78503713683331,-0.7854590866638523,0.00042194983054233415
2022-07-07,55.66666723409146,57.35991399146972,55.532738730560645,56.91029739379883,6823900,TJX,56.36740433748017,54.713356944093206,57.35991399146972,54.713356944093206,56.883688599203545,58.506375654094015,-0.5889463804556669,-0.7461565454222153,0.15721016496654838
2022-07-08,56.80505846263542,57.187710752293164,56.32674036360513,56.38413619995117,5960500,TJX,56.67591144462122,55.54038064078669,57.187710752293164,55.54038064078669,56.833683550700435,58.410977290668725,-0.4705753545356117,-0.6910403072448946,0.2204649527092829
2022-07-11,56.11628134079405,56.50850205076522,55.60926530453995,55.867557525634766,4086300,TJX,56.0254015554335,56.10814604270395,56.50850205076522,55.60926530453995,56.78551362434172,58.32082639585526,-0.4136803953752164,-0.635568324870959,0.22188792949574265
2022-07-12,55.79102169573241,57.00595008159404,55.74319061661355,56.422401428222656,5367300,TJX,56.24064095554066,56.06677379906873,57.00595008159404,55.74319061661355,56.71562176711317,58.22968750900245,-0.3201292141129102,-0.5724805027193494,0.2523512886064392
2022-07-13,55.51359551310897,56.86245236041786,55.25530331052505,56.51806640625,5630600,TJX,56.03735439757547,56.1537073773047,56.86245236041786,55.25530331052505,56.65574806261321,58.146317555587366,-0.23555453864751286,-0.5050953099049821,0.2695407712574692
2022-07-14,55.51359431264288,56.43196778506303,55.475331640303224,56.20237350463867,4195900,TJX,55.905816810661946,56.095530887440084,56.43196778506303,55.475331640303224,56.59928622340606,58.079355964410745,-0.1917914256490647,-0.44243453305379865,0.25064310740473394
2022-07-15,56.977251316432685,57.95302064290787,56.81462127071481,57.93388748168945,7248800,TJX,57.419695177936205,56.00067384905101,57.95302064290787,56.00067384905101,56.564442294246234,58.02848478484114,-0.017191958029144416,-0.3573860180488678,0.3401940600197234
2022-07-18,58.36437573692121,59.06272340755618,57.82866177493625,57.86692810058594,7520700,TJX,58.28067225499989,56.71018451349361,59.06272340755618,56.71018451349361,56.53363813489514,57.98515276071015,0.11445692731756907,-0.26301742897558045,0.3774743562931495
2022-07-19,58.6418082232904,60.038496435091595,58.3452532867978,59.93326950073242,5848000,TJX,59.239706861478055,57.49542838424675,60.038496435091595,57.49542838424675,56.53300573159089,57.98490793451379,0.3811326394690724,-0.13418741528664987,0.5153200547557223
2022-07-20,59.82803257799368,60.526376609900986,59.62713983921441,60.30635070800781,4128900,TJX,60.071974933779224,58.3675676228624,60.526376609900986,58.3675676228624,56.583609951600444,57.986134142109584,0.6154846739063871,0.015747002551957517,0.5997376713544296
2022-07-21,60.22024685502625,61.02382137343806,59.97151941043738,60.975990295410156,2966200,TJX,60.54789448357796,59.21977127832081,61.02382137343806,59.21977127832081,56.65800684563212,57.96692559715534,0.8454982899231993,0.1816972600262059,0.6638010298969934
2022-07-22,61.22472677738662,61.85611027558539,60.44985001537021,60.99513244628906,5040100,TJX,61.13145487865782,59.883832880949385,61.85611027558539,59.883832880949385,56.78075956972881,57.952862679388154,1.017600088981716,0.3488778258173079,0.6687222631644081
2022-07-25,60.842064241321054,60.995125895855686,60.01936012899596,60.545509338378906,5311500,TJX,60.600514901137906,60.5076438798036,60.995125895855686,60.01936012899596,56.92635964911126,57.94050858164817,1.10497372819448,0.5000970062927423,0.6048767219017377
2022-07-26,58.326103330719626,58.64179134147301,57.742554734379986,58.029544830322266,7473500,TJX,58.18499855922372,60.554079390470754,60.554079390470754,57.742554734379986,57.03106331250421,57.89774234593642,0.9601328439926178,0.5921041738327174,0.3680286701599004
2022-07-27,57.69473295197991,58.64180078604746,57.21641483194808,58.163482666015625,5908600,TJX,57.92910780899777,59.36953897484724,59.36953897484724,57.21641483194808,57.101232579620216,57.85167989441184,0.8463963336448472,0.6429626057951434,0.20343372784970382
2022-07-28,58.37394128585338,58.90009046531232,57.82865894450607,58.53656768798828,5588900,TJX,58.40981459591501,58.64932339192251,58.90009046531232,57.82865894450607,57.192399979756864,57.82950427097977,0.7774027579611342,0.6698506362283416,0.1075521217327926
2022-07-29,58.680064528031615,59.08184997951611,57.48426928059804,58.507869720458984,6669200,TJX,58.43851337715118,58.52956899391876,59.08184997951611,57.48426928059804,57.299638815857996,57.83851933684848,0.7121993749534852,0.6783203839733704,0.03387899098011482
2022-08-01,58.19219161494668,60.11502909565621,58.11565895438206,59.93326950073242,6196900,TJX,59.08903729142934,58.48404118553497,60.11502909565621,58.11565895438206,57.31580608070801,57.86514978306681,0.7667049761521696,0.6959973024091303,0.07070767374303932
2022-08-02,59.6080044422373,59.78019925453145,58.43134232441234,58.96705627441406,5947300,TJX,59.19665057389879,58.786539238482156,59.78019925453145,58.43134232441234,57.33776094117995,57.870231714533126,0.7235945775428121,0.7015167574358666,0.022077820106945478
2022-08-03,59.541039280553576,60.81336354147005,59.234912336200914,60.47854232788086,3711800,TJX,60.01696437152635,58.99159490619047,60.81336354147005,58.99159490619047,57.428163181835544,57.891058253569575,0.8021469181961649,0.7216427895879263,0.08050412860823863
2022-08-04,60.94729596622123,61.17689027700612,60.27764984648287,60.53594207763672,3445700,TJX,60.73444454183674,59.50427963885841,61.17689027700612,59.50427963885841,57.50785100689524,57.90959119048131,0.8591283968287868,0.7491399110360984,0.10998848579268838
2022-08-05,59.78020197444843,60.363747032354,59.53147450125008,60.095890045166016,2640400,TJX,59.94282838830463,60.11936209034757,60.363747032354,59.53147450125008,57.57199362528925,57.92418079455829,0.8588775026050754,0.7710874293498938,0.08779007325518162
2022-08-08,60.650733590448176,61.483002372902256,60.62203202433515,60.9185905456543,4694100,TJX,60.91858963333497,60.031095239326106,61.483002372902256,60.031095239326106,57.635514182908224,57.94412685582681,0.914521685202601,0.7997742805204353,0.11474740468216571
2022-08-09,60.755963533095915,60.80379826257836,59.53147036331731,59.9810905456543,5572400,TJX,60.268080676161475,60.47484243633053,60.80379826257836,59.53147036331731,57.63034830103625,57.951643991263616,0.8729093304262747,0.8144012905016033,0.05850803992467146
2022-08-10,61.187336935562044,61.754420476481904,60.456858244365435,60.58180618286133,5284900,TJX,60.99510545981768,60.371461556246004,61.754420476481904,60.371461556246004,57.622981976918815,57.97088011704675,0.8782797092200099,0.8271769742452846,0.051102734974725283
2022-08-11,61.437241684662666,62.7444176637454,61.293070128060684,61.9082145690918,4339900,TJX,61.84573601139014,60.68328350803184,62.7444176637454,60.68328350803184,57.64171619328863,57.998622589373134,0.9782887409745697,0.8573993275911417,0.12088941338342807
2022-08-12,61.96589299262537,62.955885127447125,61.50453732785808,62.92705154418945,5058400,TJX,62.33834174803001,61.26450975971099,62.955885127447125,61.26450975971099,57.67570737334443,58.03407464076717,1.1267695502946253,0.9112733721318385,0.21549617816278688
2022-08-15,62.71559095943046,63.811311042421906,62.55219577740094,62.8309326171875,5306500,TJX,62.9775075991102,61.801425753870504,63.811311042421906,61.801425753870504,57.72377350009109,58.07898732930341,1.2225923833595331,0.9735371743773774,0.24905520898215572
2022-08-16,62.69636742578656,65.14731701503824,62.69636742578656,64.06121063232422,7562200,TJX,63.65031562473389,62.38946667649035,65.14731701503824,62.38946667649035,57.794240317059895,58.14387924413065,1.3818764118018052,1.055205021862263,0.32667138993954214
2022-08-17,63.40763044750052,67.06002852215431,62.92705117454151,65.8778076171875,12745900,TJX,64.81812944034596,63.019891150612125,67.06002852215431,62.92705117454151,57.90403931371482,58.22320906604379,1.6358374310342612,1.1713315036966627,0.46450592733759843
2022-08-18,65.147315654781,65.6471221329451,64.34955241701768,65.3683853149414,6770700,TJX,65.1280938799213,63.91901029547904,65.6471221329451,63.91901029547904,58.05141519160454,58.29517075211603,1.775530041011173,1.292171211159565,0.48335882985160805
2022-08-19,64.99352956988135,65.19537194124995,63.6575200643538,63.82091522216797,6078500,TJX,64.41683419941327,64.52355208770017,65.19537194124995,63.6575200643538,58.165863645017915,58.35702227536064,1.7412969497916535,1.3819963588859827,0.3593005909056708
2022-08-22,63.43645018807482,63.43645018807482,61.32190111516672,61.88898468017578,4734900,TJX,62.520946542873034,64.47019314355671,64.47019314355671,61.32190111516672,58.2485645525019,58.377789898123865,1.5405181946340605,1.4137007260355983,0.1268174685984622
2022-08-23,61.81209388362445,62.177338765981055,61.216176706820164,61.408409118652344,4163700,TJX,61.6535046187695,63.495569843214874,63.495569843214874,61.216176706820164,58.34601166501017,58.397258096090425,1.327320627199498,1.3964247062683783,-0.06910407906888039
2022-08-24,61.16812117787066,62.42723635975752,60.80287995214598,61.86977005004883,5563000,TJX,61.56700188495575,62.57453723099219,62.57453723099219,60.80287995214598,58.47851149757044,58.43034960618342,1.1819630560479268,1.3535323762242881,-0.17156932017636128
2022-08-25,61.321906519319775,62.936656626261524,61.00472614702166,62.561798095703125,6919000,TJX,61.95627184707652,62.070769557973975,62.936656626261524,61.00472614702166,58.6165964887027,58.47256769902398,1.109813771111888,1.3047886552018082,-0.19497488408992014
2022-08-26,62.74442228395122,63.18655428986566,60.43764420970507,60.4472541809082,4409900,TJX,61.70396874110754,62.01352070252525,63.18655428986566,60.43764420970507,58.749539960813934,58.505268319515835,0.8719575373337705,1.2182224316282007,-0.3462648942944302
2022-08-29,60.12046346495602,61.254630788717144,60.02434908153031,60.6683235168457,4351400,TJX,60.516941713012294,61.85874472181639,61.85874472181639,60.02434908153031,58.87787547314026,58.52912005566291,0.693301260889136,1.1132381974803878,-0.41993693659125175
2022-08-30,61.02394732176554,61.23539967268869,59.6014296890375,60.130069732666016,4707400,TJX,60.49771160403944,61.18784321741434,61.23539967268869,59.6014296890375,59.00463059875076,58.55763276639255,0.5024899018496427,0.9910885383542388,-0.4885986365045961
2022-08-31,59.7167779114342,60.389589586625725,59.457264679580526,59.92823028564453,6310100,TJX,59.87296561582124,60.84277741072689,60.84277741072689,59.457264679580526,59.09923186608711,58.579445979103305,0.33116628971329476,0.85910408862605,-0.5279377989127553
2022-09-01,60.01472835431328,61.42763235625651,59.6494908072146,61.3603515625,4530800,TJX,60.6130507700711,60.35787151327406,61.42763235625651,59.6494908072146,59.21877520549374,58.60030961687808,0.30740770639592085,0.7487648121800242,-0.44135710578410337
2022-09-02,61.68714067508142,62.061991829616225,60.67792518213512,61.05277633666992,4055300,TJX,61.36995850587567,60.48546114167258,62.061991829616225,60.48546114167258,59.35173480524063,58.621700340445216,0.2607542945409236,0.6511627086522042,-0.3904084141112806
2022-09-06,61.06239500070718,61.37957904833831,59.793666143239676,60.4472541809082,4359200,TJX,60.67072359329834,60.92770982377412,61.37957904833831,59.793666143239676,59.436557710758855,58.62981807301461,0.17292715551067772,0.5555155980238989,-0.3825884425132212
2022-09-07,60.40880006135355,63.407616715052505,60.36074287777137,63.28266143798828,4732800,TJX,61.86495527304143,60.799216708536235,63.407616715052505,60.36074287777137,59.52125360674431,58.645286590394235,0.32833237301176865,0.5100789530214729,-0.18174658000970423
2022-09-08,62.49451106671883,63.91702861430364,62.15810711957055,63.8881950378418,4956800,TJX,63.11446045960871,61.33208599078883,63.91702861430364,61.33208599078883,59.65643402120695,58.67327403511281,0.4946515927173252,0.5069934809606433,-0.012341888243318166
2022-09-09,63.67674788081608,64.38800308690807,63.55179992110144,64.03237915039062,4376300,TJX,63.91223250980405,62.22327322519877,64.38800308690807,62.22327322519877,59.84081299672808,58.71747058490177,0.6308234850236687,0.5317594817732484,0.09906400325042031
2022-09-12,64.38799375456422,65.16653697965009,63.907414594929804,64.37838745117188,3635000,TJX,64.460083195079,63.06775286750141,65.16653697965009,63.06775286750141,60.05791239999173,58.752895286145666,0.757923795183288,0.5769923444552564,0.18093145072803163
2022-09-13,62.80208579510394,63.446067490679205,61.869768314903276,62.05238342285156,5416900,TJX,62.5425762558845,63.7639180312902,63.7639180312902,61.869768314903276,60.245414887558184,58.74397465684493,0.6633163231610482,0.5942571401964147,0.06905918296463343
2022-09-14,62.37917959732428,62.581021974791256,61.23539879195504,61.86015319824219,4648100,TJX,62.01393839057819,63.15324714358735,63.15324714358735,61.23539879195504,60.401537747935635,58.72755516057518,0.5662998947057076,0.5886656910982734,-0.02236579639256575
2022-09-15,62.15811625074156,63.26344995351004,61.994721071417274,62.35995864868164,4366100,TJX,62.44406148108763,62.58359276708277,63.26344995351004,61.994721071417274,60.54277779550813,58.745246256004165,0.5237068326209879,0.5756739194028163,-0.051967086781828375
2022-09-16,61.78325748417362,62.71558225574729,61.523747956556655,62.148502349853516,6657200,TJX,62.04277251158277,62.513827124085196,62.71558225574729,61.523747956556655,60.65628515899018,58.76998687909686,0.4674997221623869,0.5540390799547305,-0.08653935779234356
2022-09-19,61.75443970747081,63.04238870445911,61.67754525996335,62.99433517456055,4047700,TJX,62.36717721161345,62.27829981783398,63.04238870445911,61.67754525996335,60.77011047433003,58.80189701251523,0.4856090236639048,0.5403530686965653,-0.054744045032660504
2022-09-20,62.427234911710514,62.4752957647522,60.32229934358674,61.24501419067383,4707100,TJX,61.61746105268082,62.32273851472372,62.4752957647522,60.32229934358674,60.881951664274965,58.83373264430835,0.354716243804738,0.5032257037181999,-0.14850945991346187
2022-09-21,61.533359587887276,62.47529807775851,60.51453399658203,60.51453399658203,3093300,TJX,61.25943141470246,61.97009978370227,62.47529807775851,60.51453399658203,60.982327473458206,58.84897462028568,0.18985064588149214,0.44055069215085835,-0.2507000462693662
2022-09-22,60.562591233022616,60.879775275757055,59.57259922060018,59.60143280029297,5146200,TJX,60.15409963241821,61.614765599202364,61.614765599202364,59.57259922060018,61.06466237815506,58.86020522038413,-0.0143210792139854,0.3495763378778896,-0.363897417091875
2022-09-23,59.24579860487878,59.47647821630111,58.35192106872531,58.89017105102539,4677700,TJX,58.99109223523265,60.88443261581028,60.88443261581028,58.35192106872531,61.12636788664648,58.86282705502627,-0.23086030731624163,0.23348900883906337,-0.464349316155305
2022-09-26,59.00551749584866,59.60143471667376,57.82329302556222,57.96746826171875,5108300,TJX,58.59942837495085,59.93776242552147,59.93776242552147,57.82329302556222,61.14996255058677,58.85720242241649,-0.47148858252832326,0.09249349056558606,-0.5639820730939094
2022-09-27,58.5729928540239,59.29386166975217,57.4868864782271,58.21736526489258,4400200,TJX,58.39277656672394,59.26859540023616,59.29386166975217,57.4868864782271,61.15220463682125,58.84292138585819,-0.6347071160449644,-0.05294663075652405,-0.5817604852884404
2022-09-28,58.6883376754715,60.255023346404506,58.38076725746449,59.88978576660156,6416700,TJX,59.303478511485515,58.83068598348005,60.255023346404506,58.38076725746449,61.1534800698214,58.843242900706144,-0.6219392932673244,-0.16674516325868413,-0.4551941300086403
2022-09-29,59.45726132182391,59.56298933622258,58.41920845303164,58.95745849609375,4500700,TJX,59.09922940179297,59.06708224748279,59.56298933622258,58.41920845303164,61.134025159181675,58.85881755539106,-0.6792220714362642,-0.2692405448942002,-0.40998152654206405
2022-09-30,58.43843210895393,60.908608993339016,57.45805006536682,59.70716094970703,8322100,TJX,59.1280630293417,59.08315582463788,60.908608993339016,57.45805006536682,61.10562853009696,58.88181768786454,-0.6565559945403692,-0.34670363482343397,-0.3098523597169352
2022-10-03,60.581815175059575,61.12006522030056,59.409204373915536,60.45686721801758,5927700,TJX,60.39198799682331,59.10560942698979,61.12006522030056,59.10560942698979,61.09083919246025,58.93579938109454,-0.5715099243488382,-0.39166489272851485,-0.17984503162032334
2022-10-04,61.79288365878328,63.003945477186576,61.658322049300445,62.878990173339844,5831300,TJX,62.333535339652535,59.748798711906545,63.003945477186576,59.748798711906545,61.12549960123055,59.0259296251709,-0.3051476686534258,-0.37436144791349707,0.06921377926007127
2022-10-05,62.2926687118602,63.59023831737143,62.17733440598796,63.24422073364258,4066900,TJX,62.82611554221555,61.041167025779544,63.59023831737143,61.041167025779544,61.21832194089039,59.124692626697296,-0.06384662398297536,-0.31225848312739274,0.24841185914441738
2022-10-06,63.48451663284516,64.04198294383676,62.379182982213116,62.561798095703125,5122500,TJX,63.11687016364954,61.933641283997545,64.04198294383676,61.933641283997545,61.322077187983425,59.21165488380182,0.07149622478625872,-0.23550754154466247,0.3070037663309212
2022-10-07,62.0043316191399,62.331121961501765,61.45646794749084,62.08121871948242,5153100,TJX,61.96828506190373,62.52525572382354,62.52525572382354,61.45646794749084,61.3932465973032,59.29282328853004,0.13838248113444962,-0.16072953700884007,0.2991120181432897
2022-10-10,62.47529993968117,62.82131757214552,61.168123846606356,61.83132553100586,3169400,TJX,62.07401672235973,62.24677039286364,62.82131757214552,61.168123846606356,61.46595666420737,59.38279774003267,0.16927473553294448,-0.09472868250048318,0.26400341803342764
2022-10-11,61.4276311990071,62.78286435225823,61.19695157723899,61.86015319824219,4251400,TJX,61.816900081686626,62.160393557611684,62.78286435225823,61.19695157723899,61.52051392001251,59.41816000036026,0.19384865490636827,-0.037013215019112894,0.23086186992548116
2022-10-12,61.91782264802546,62.12927867027061,61.14889665785445,61.398799896240234,4700900,TJX,61.64869946809769,61.988646819649155,62.12927867027061,61.14889665785445,61.56955489789649,59.453657919538216,0.174089511749699,0.005207330334649487,0.16888218141504951
2022-10-13,60.07240287182676,63.205781458877205,59.832113260339455,62.64830780029297,5318500,TJX,61.4396513478341,61.818673143873426,63.205781458877205,59.832113260339455,61.598008637422645,59.5130859096291,0.25630061972233165,0.05542598821218592,0.20087463151014573
2022-10-14,63.28266539243866,63.90741981763137,60.98550107482762,61.08161544799805,4234800,TJX,62.31430043322393,61.62916224585376,63.90741981763137,60.98550107482762,61.629605755250395,59.568728381072816,0.19281191986286927,0.0829031745423226,0.10990874532054667
2022-10-17,62.67713484046741,63.82091561837981,62.49451240821418,63.33072280883789,5570900,TJX,63.08082141897482,61.97173133953885,63.82091561837981,61.97173133953885,61.69236561586379,59.632179620576515,0.32028874596745993,0.13038028882735006,0.18990845714010987
2022-10-18,64.79168838992074,65.19537314008102,63.72480202659978,64.23421478271484,4674600,TJX,64.4865195848291,62.526276379256835,65.19537314008102,62.526276379256835,61.763724214893685,59.699619198900955,0.4885871717892414,0.20202166541972835,0.28656550636951306
2022-10-19,64.09005122328318,64.72441204137357,62.85976947530142,63.53257751464844,3190500,TJX,63.80170256365165,63.50639798204297,64.72441204137357,62.85976947530142,61.834396652643484,59.73237247683987,0.5589059037207917,0.27339851307994106,0.2855073906408507
2022-10-20,63.715197270338805,64.23422373562475,62.66753070159755,62.821319580078125,3985200,TJX,63.359567821909806,63.654050272847314,64.23422373562475,62.66753070159755,61.881685899885326,59.752333938402074,0.5508911045707165,0.32889703137809617,0.22199407319262038
2022-10-21,62.77325007748405,65.41643556464024,62.734802863158656,64.98391723632812,5865200,TJX,63.977101435402766,63.50680904737856,65.41643556464024,62.734802863158656,61.924313208365575,59.783014700827096,0.7108486549708601,0.405287356096649,0.30556129887421113
2022-10-24,65.29149473047026,66.60828446559964,65.0608187524453,66.4929428100586,5044200,TJX,65.86338518964345,63.74195524139066,66.60828446559964,63.74195524139066,61.994814077197844,59.835260725271134,0.9484487911663209,0.5139196431105834,0.4345291480557375
2022-10-25,67.19458809846337,68.56903758780047,66.69478161774376,67.72322082519531,6383500,TJX,67.54540703230072,64.80267021551705,68.56903758780047,64.80267021551705,62.08617206586165,59.90497278297637,1.2219360467586782,0.6555229238402024,0.5664131229184758
2022-10-26,68.01157123166557,69.07845765477188,67.67516725434753,68.15574645996094,4420100,TJX,68.23023565018647,66.17403862390888,69.07845765477188,66.17403862390888,62.1777704663707,59.986005391715295,1.4567849609304702,0.815775331258256,0.6410096296722142
2022-10-27,68.34796800188509,69.68397746596744,68.29030084987048,69.11689758300781,5216700,TJX,68.85978597518272,67.20213713704769,69.68397746596744,67.20213713704769,62.25860359706744,60.081321455391134,1.7008548840040731,0.9927912418074195,0.7080636421966536
2022-10-28,69.05923599382092,70.1549560850454,68.48254236681707,69.68399047851562,6658900,TJX,69.34518123104975,68.0309615561152,70.1549560850454,68.0309615561152,62.34294534409001,60.19718026784727,1.917932976264595,1.1778195886988547,0.7401133875657402
2022-10-31,69.36679556091092,70.17417237880443,69.17456682634665,69.29951477050781,5887400,TJX,69.50376238414245,68.68807139358248,70.17417237880443,68.68807139358248,62.444683907784594,60.30527377640126,2.035481191769918,1.3493519093130675,0.6861292824568506
2022-11-01,69.74164719098567,70.08766478195105,67.74244340581,68.97272491455078,5222500,TJX,69.13612007332438,69.09591688886246,70.08766478195105,67.74244340581,62.57698737839362,60.41277596544776,2.0783122986932483,1.4951439871891037,0.5831683115041446
2022-11-02,68.87661167714306,69.86660361579926,67.54059480878574,67.55982208251953,4432400,TJX,68.4609080460619,69.11601848109342,69.86660361579926,67.54059480878574,62.71313544693947,60.52957355597482,1.9754747656797633,1.5912101428872356,0.3842646227925277
2022-11-03,67.4733203090214,68.95350520313434,67.23303069633535,68.43447875976562,3886500,TJX,68.02358374206418,68.78846326357765,68.95350520313434,67.23303069633535,62.842267084081634,60.66038929082604,1.9421646982195426,1.6614010539536972,0.28076364426584544
2022-11-04,68.97274107331577,69.51098752622488,67.34838074256916,68.42488098144531,4970400,TJX,68.56424758088878,68.40602350282091,69.51098752622488,67.34838074256916,62.97442659875788,60.79551154373029,1.8931685012468762,1.7077545434123331,0.18541395783454306
2022-11-07,68.71319884576899,69.51096192541397,67.37718951145042,69.31873321533203,5189900,TJX,68.73002087449134,68.48513554185485,69.51096192541397,67.37718951145042,63.11494764142556,60.932243801119746,1.9045110493276525,1.747105844595397,0.1574052047322554
2022-11-08,69.78008970833807,69.82815055559269,67.72321157439862,68.71320343017578,4279400,TJX,69.01116381712629,68.6075782081731,69.82815055559269,67.72321157439862,63.28483208350784,61.08135377832406,1.8433894611240333,1.7663625679011243,0.07702689322290901
2022-11-09,69.09444261049386,69.64458006496315,67.49231233415303,67.6370849609375,3797900,TJX,68.46710499263689,68.80937101264969,69.64458006496315,67.49231233415303,63.444219951279784,61.224425275015264,1.6886506812403752,1.7508201905689746,-0.06216950932859944
2022-11-10,70.41669305642073,71.67137941904052,70.02098903843402,71.42044067382812,5848100,TJX,70.88237554693085,68.63823800264329,71.67137941904052,68.63823800264329,63.66440814990197,61.38182000799455,1.8499788657645126,1.7706519256080824,0.07932694015643027
2022-11-11,71.87405127777153,72.38557482840831,70.63867197885065,71.32392120361328,5988600,TJX,71.55555482216094,69.76030677478707,72.38557482840831,69.76030677478707,63.883258230943774,61.55101671821876,1.9475936524171118,1.8060402709698884,0.1415533814472234
2022-11-14,70.899249052687,71.58449820249058,70.39737902869024,70.51319122314453,6371000,TJX,70.8485793767531,70.65793079847401,71.58449820249058,70.39737902869024,64.07283064836132,61.71228272680098,1.937204057735272,1.8322730283229653,0.1049310294123067
2022-11-15,71.85474609863851,73.44723025665424,71.6520673677553,72.50139617919922,9634900,TJX,72.36385997556182,70.75325508761355,73.44723025665424,70.75325508761355,64.30669337600659,61.87162554338273,2.065590906741207,1.8789366040066138,0.18665430273459305
2022-11-16,71.78718086758285,76.6321925369888,71.75822781737159,76.26543426513672,12943900,TJX,74.11075887176999,71.5585575315877,76.6321925369888,71.5585575315877,64.55160944798116,62.03643152736274,2.4429045427979474,1.9917301917648806,0.4511743510330668
2022-11-17,74.26759948871229,75.46437967041983,73.17699277307281,75.27134704589844,9709100,TJX,74.54507974452585,72.83465820167885,75.46437967041983,72.83465820167885,64.7802218336795,62.218327927443234,2.631380866461029,2.1196603267041105,0.5117205397569187
2022-11-18,76.21719437420707,77.2016350631259,75.03006757305212,75.43543243408203,6860200,TJX,75.97108236111679,73.68986897310235,77.2016350631259,73.68986897310235,65.02139883070576,62.43110591371692,2.762149688143765,2.2481581989920416,0.5139914891517234
2022-11-21,74.69226191656463,76.30404563046568,74.69226191656463,76.24613952636719,5493300,TJX,75.48367724749053,74.83047566710957,76.30404563046568,74.69226191656463,65.24187071175399,62.64989155587286,2.897798194679851,2.3780861981296035,0.5197119965502472
2022-11-22,76.72871483702467,77.64559590542365,75.94695292894887,77.31745147705078,8887400,TJX,76.90967878711199,75.15707645730005,77.64559590542365,75.15707645730005,65.52921276237855,62.88731382496836,3.0565129557563324,2.5137715496549493,0.5427414061013831
2022-11-23,77.2112754000151,78.04129719964055,77.09545583607631,77.73245239257812,6499000,TJX,77.52012020707753,76.03337762220602,78.04129719964055,76.03337762220602,65.83933639870853,63.12043707332208,3.179135557202983,2.6468443511645563,0.5322912060384266
2022-11-25,78.17643024550776,78.34050246768575,77.39466829935424,78.20538330078125,2454100,TJX,78.02924607833225,76.77674891464177,78.34050246768575,76.77674891464177,66.15104009065342,63.34690894308078,3.2767046130397404,2.772816403539593,0.5038882095001473
2022-11-28,77.20162022514451,78.09920157639954,77.05684761427611,77.24022674560547,5328900,TJX,77.39947404035641,77.40299749648702,78.09920157639954,77.05684761427611,66.4581741212289,63.55722964010953,3.2388136966808503,2.8660158621678447,0.37279783451300563
2022-11-29,77.53942571148293,77.68419833660951,76.65149774375422,77.36570739746094,4771300,TJX,77.31020729732691,77.40123576842171,77.68419833660951,76.65149774375422,66.75703472294316,63.76357259863659,3.1822273760726745,2.929258164948811,0.2529692111238635
2022-11-30,77.21128437444781,77.3657104776488,76.15928415929807,77.2595443725586,10392200,TJX,76.99895584598832,77.35572153287431,77.3657104776488,76.15928415929807,67.06466461880932,63.97330814154215,3.0931598194663934,2.9620384958523274,0.13112132361406603
2022-12-01,77.58767015594657,77.58767015594657,76.02413937216951,76.9603271484375,6758800,TJX,77.03995170812505,77.17733868943131,77.58767015594657,76.02413937216951,67.38027502467777,64.18130124906799,2.964258680947921,2.962482532871446,0.0017761480764750814
2022-12-02,76.53567848404833,77.87722378398635,76.10136064867731,77.3946533203125,4776700,TJX,76.97722905925613,77.10864519877818,77.87722378398635,76.10136064867731,67.71673761321452,64.3906999956848,2.864134136777352,2.9428128536526272,-0.07867871687527517
2022-12-05,76.0627660788978,77.08582062976777,75.61880206617546,76.69010925292969,4443500,TJX,76.36437450694268,77.04293712901716,77.08582062976777,75.61880206617546,68.06420325864872,64.5952855726476,2.696846330279527,2.893619548978007,-0.19677321869848008
2022-12-06,77.53941610858588,78.3211852420743,76.13031128297752,76.59358215332031,4864100,TJX,77.14612369673951,76.70365581797992,78.3211852420743,76.13031128297752,68.4351371650845,64.79254985783564,2.5273469260143457,2.820365024385275,-0.2930180983709292
2022-12-07,76.42952340809704,77.1244261540883,76.1592850876431,76.6322021484375,5222800,TJX,76.58635919956649,76.92488975735972,77.1244261540883,76.1592850876431,68.79900881774134,64.9756067272813,2.3688273704197513,2.73005749359217,-0.36123012317241887
2022-12-08,77.21127982898831,77.59733770082154,75.75391486045255,75.93729400634766,6358500,TJX,76.62495659915251,76.7556244784631,77.59733770082154,75.75391486045255,69.14543837949469,65.14945922465805,2.1622016859504924,2.6164863320638347,-0.4542846461133423
2022-12-09,74.92388681578782,75.67670291714111,74.09386503720724,75.33889770507812,6594700,TJX,75.00833811880358,76.6902905388078,76.6902905388078,74.09386503720724,69.4636205538349,65.2988228565083,1.9279396733909664,2.478777000329261,-0.5508373269382947
2022-12-12,75.83112434173177,76.0338030581394,75.08796904823707,76.0145034790039,5570200,TJX,75.74184998177803,75.84931432880569,76.0338030581394,75.08796904823707,69.79589629288363,65.45076241149029,1.7763247147655647,2.338286543216522,-0.5619618284509573
2022-12-13,77.87723067237951,77.87723067237951,75.81182949424195,76.40056610107422,5808900,TJX,76.9917142350188,75.79558215529187,77.87723067237951,75.79558215529187,70.12789081764754,65.6093650050539,1.6680920678622186,2.2042476481456617,-0.536155580283443
2022-12-14,76.61288301245243,77.11476041066952,75.82146775844006,76.5260238647461,4749300,TJX,76.51878376157703,76.39364819515534,77.11476041066952,75.82146775844006,70.41159578608602,65.76854769365828,1.5742928405486651,2.0782566866262626,-0.5039638460775975
2022-12-15,75.74427358234679,76.71906075067189,75.11693042104245,75.91799926757812,5929500,TJX,75.87456600540982,76.45621597836617,76.71906075067189,75.11693042104245,70.67256479534991,65.94544336812015,1.4343593716195358,1.9494772236249174,-0.5151178520053816
2022-12-16,75.45472270297779,75.95659277660144,74.74052043393752,74.94319915771484,12375900,TJX,75.27375876780789,76.16539099188799,76.16539099188799,74.74052043393752,70.91570256743309,66.11888987770826,1.2306170795449987,1.8057051948089338,-0.5750881152639351
2022-12-19,75.28100734977741,75.93730360582599,74.92390248458665,75.36786651611328,3914200,TJX,75.37751998907584,75.71957487984794,75.93730360582599,74.92390248458665,71.18388726597652,66.28856693163986,1.0908423997628915,1.6627326357997254,-0.5718902360368339
2022-12-20,75.51263522112937,75.65740785425277,74.76947983747753,74.88529205322266,3953200,TJX,75.20620374152058,75.54854743446188,75.65740785425277,74.76947983747753,71.44653100635973,66.45624383528354,0.9304051020419024,1.5162671290481609,-0.5858620270062584
2022-12-21,75.83112812141648,76.45847124448495,75.56088981940336,76.09171295166016,4109900,TJX,75.98555053424124,75.37737558799122,76.45847124448495,75.37737558799122,71.72990401541082,66.62520896771167,0.8903421615142975,1.3910821355413883,-0.5007399740270908
2022-12-22,75.42577076025927,75.68635559082031,74.61504848979101,75.68635559082031,3962100,TJX,75.35338260792273,75.68146306111623,75.68635559082031,74.61504848979101,72.00399767820733,66.78677628805191,0.8164712686519948,1.2761599621635096,-0.45968869351151476
2022-12-23,75.62846129395085,76.72872161865234,75.29066336328682,76.72872161865234,2318300,TJX,76.0941419736356,75.51742283451948,76.72872161865234,75.29066336328682,72.29708749072336,66.947548064073,0.8324424030325019,1.1874164503373081,-0.3549740473048062
2022-12-27,76.873475468259,77.21127331632978,76.16891935933353,76.27508544921875,3351500,TJX,76.63218839828527,75.80578240407755,77.21127331632978,75.80578240407755,72.58344525002458,67.10652550263748,0.7992813762472224,1.109789435519291,-0.3105080592720686
2022-12-28,76.207530012089,76.56463482138034,75.52228080786065,75.94694519042969,3052500,TJX,76.06034770793991,76.21898540118141,76.56463482138034,75.52228080786065,72.8430357758039,67.26770069583384,0.7380154642328876,1.0354346412620103,-0.2974191770291228
2022-12-29,76.37160106835177,77.10511025543545,76.19787540202776,76.57427978515625,2569600,TJX,76.5622166277428,76.13966655456066,77.10511025543545,76.13966655456066,73.08454971666215,67.42413696577792,0.7316484585105769,0.9746774047117237,-0.2430289462011468
2022-12-30,76.16893718812754,76.94105304739564,75.88904537322892,76.82523345947266,3074100,TJX,76.4560672670562,76.35094159115172,76.94105304739564,75.88904537322892,73.33763701073026,67.58601683168686,0.7383412860694989,0.9274101809832788,-0.18906889491377987
2023-01-03,76.95069339254938,77.1919786369763,75.81182674431663,76.25579071044922,4264700,TJX,76.55257237107288,76.40350442910396,77.1919786369763,75.81182674431663,73.60149710171352,67.74159150079942,0.6897451762739735,0.8798771800414178,-0.19013200376744432
2023-01-04,77.07616424560547,77.78071308312573,76.47777414839717,77.07616424560547,4262700,TJX,77.10270393068346,76.47803840008842,77.78071308312573,76.47777414839717,73.86400915161913,67.89416117999235,0.7092538602782668,0.8457525160887877,-0.1364986558105209
2023-01-05,77.28850054742172,78.11852247704364,76.80593000059233,77.83863067626953,4762600,TJX,77.5128959253318,76.79037116538595,78.11852247704364,76.79037116538595,74.09699936633291,68.04590672176536,0.777279309619189,0.8320578747948679,-0.05477856517567892
2023-01-06,78.30188592403228,80.18391527394722,78.05095456813007,79.83646392822266,4673100,TJX,79.09330492358305,77.15163354535888,80.18391527394722,77.15163354535888,74.32795732415855,68.2070646950101,0.9810890315136618,0.8618641061386267,0.11922492537503504
2023-01-09,79.5951899946624,80.23217931007513,78.58178886500826,78.66865539550781,5960800,TJX,79.2694533913134,78.12246923447097,80.23217931007513,78.12246923447097,74.54874167898109,68.3632560726759,1.0364299958410612,0.8967772840791137,0.1396527117619475
2023-01-10,78.65898828530752,79.62412924586343,78.56247566194016,79.56622314453125,3914400,TJX,79.10295408441058,78.6959613128922,79.62412924586343,78.56247566194016,74.75360504116564,68.50610431911655,1.1395779792579361,0.9453374231148782,0.1942405561430579
2023-01-11,80.02949618669207,80.13566229403722,79.04505552992306,79.40215301513672,6035000,TJX,79.65309175644727,78.89945769865139,80.13566229403722,78.89945769865139,74.95976325167359,68.6513542978818,1.194317067290882,0.995133351950079,0.19918371534080304
2023-01-12,79.30564686077726,79.44076603326836,78.22469348084843,79.06436157226562,5268800,TJX,79.00886698678991,79.27627472754932,79.44076603326836,78.22469348084843,75.14986534372655,68.79727462575556,1.1966470403379077,1.0354360896276449,0.1612109507102628
2023-01-13,78.9774954001954,79.66274467519665,78.42736528570468,78.68795013427734,4649900,TJX,78.93888887384352,79.14257085716962,79.66274467519665,78.42736528570468,75.34592071973692,68.96145404906528,1.1548083912293805,1.059310549947992,0.0954978412813885
2023-01-17,78.71689098055741,79.20911491090591,78.45630617239694,78.70724487304688,5283100,TJX,78.77238923422678,79.04072986550656,79.20911491090591,78.45630617239694,75.55215034350023,69.13264289521985,1.1104077946931454,1.0695299988970228,0.04087779579612261
2023-01-18,78.82305573399593,79.13190052823497,76.89277392914171,77.02789306640625,4448800,TJX,77.96890581444471,78.90655954986667,79.13190052823497,76.89277392914171,75.75105678494783,69.29666193451474,0.929001396367866,1.0414242783911916,-0.11242288202332551
2023-01-19,76.95069817002293,77.33674869432087,76.56464028228324,76.64185333251953,5280800,TJX,76.87348511978664,78.43773268215568,78.43773268215568,76.56464028228324,75.9172415357258,69.44583406724183,0.7454917733657282,0.982237777386099,-0.23674600402037072
2023-01-20,76.3909067194268,76.7673110961914,75.7828632158524,76.7673110961914,10633100,TJX,76.4270980319155,77.65560890097116,77.65560890097116,75.7828632158524,76.07118307887427,69.59306536014992,0.6032288216955237,0.9064359862479839,-0.3032071645524602
2023-01-23,76.88312636124967,77.19197114962161,76.17857027594839,76.41020202636719,6463900,TJX,76.66596745329672,77.04135346644333,77.19197114962161,76.17857027594839,76.22427915159768,69.75455561755275,0.4564075084443431,0.8164302906872558,-0.36002278224291273
2023-01-24,76.62254244943558,78.4852648508422,76.29439804796235,78.4659652709961,7853700,TJX,77.46704265480906,76.85366045987001,78.4852648508422,76.29439804796235,76.40427790484112,69.92424892806046,0.5001678493895128,0.7531778024277073,-0.2530099530381945
2023-01-25,78.03164141977634,79.7688980102539,77.58767748297447,79.7688980102539,5111900,TJX,78.78927873081466,77.16035155733954,79.7688980102539,77.16035155733954,76.5624159685188,70.11341205921039,0.6326907526988776,0.7290803924819413,-0.0963896397830637
2023-01-26,79.91367727977295,80.16460863663309,78.95818239366213,79.58552551269531,5161200,TJX,79.65549845569087,77.9748151440771,80.16460863663309,77.9748151440771,76.7244148411894,70.30383653606658,0.7146810816664981,0.7262005303188528,-0.011519448652354658
2023-01-27,79.81716228873265,80.09705407824521,78.86167470621865,79.035400390625,3920800,TJX,79.45282286595537,78.815156799884,80.09705407824521,78.815156799884,76.89649971097344,70.48466517966739,0.7268893800182497,0.7263383002587321,0.0005510797595175143
2023-01-30,79.04505984630678,79.33459776660622,78.38876358480864,78.66865539550781,4289000,TJX,78.85926914830736,79.13398983291968,79.33459776660622,78.38876358480864,77.02640789442836,70.66655063521748,0.698914635469464,0.7208535673008786,-0.0219389318314146
2023-01-31,78.66864134723615,79.14155835368366,78.4659626301872,79.00643920898438,4795500,TJX,78.82065038502284,78.99662949061351,79.14155835368366,78.4659626301872,77.12060572469342,70.83610758633729,0.6959779787302836,0.7158784495867596,-0.01990047085647606
2023-02-01,79.1319098449241,79.88471865929957,78.20537535312033,79.54692077636719,5355400,TJX,79.1922311584278,78.90863993781818,79.88471865929957,78.20537535312033,77.21354875297146,70.99688529332549,0.7288611450223783,0.7184749886738834,0.010386156348494935
2023-02-02,79.4504070614173,79.66273926019852,77.46221895181397,77.58768463134766,9315300,TJX,78.54076247619436,79.05043554812299,79.66273926019852,77.46221895181397,77.264942355273,71.14317059298938,0.5900258575286159,0.6927851624448299,-0.10275930491621399
2023-02-03,77.41395867092967,78.25363399116708,77.02790079851793,77.71315002441406,9091000,TJX,77.60216087125718,78.79559901215868,78.79559901215868,77.02790079851793,77.30731202774834,71.27459136975116,0.48453646583334375,0.6511354231225327,-0.16659895728918894
2023-02-06,77.70350757858212,78.97749346317995,77.2498901093756,77.3560562133789,4855100,TJX,77.82173684112914,78.19887994170793,78.97749346317995,77.2498901093756,77.32555318882868,71.42738297560362,0.3678801829600786,0.5944843750900419,-0.2266041921299633
2023-02-07,76.51638067371142,77.13407035185595,75.48368005274087,77.07616424560547,5448400,TJX,76.55257383097843,78.01030839141853,78.01030839141853,75.48368005274087,77.3062022613067,71.57276933000762,0.24996287920041027,0.5255800759121156,-0.27561719671170537
2023-02-08,76.93569944464483,78.47596726337007,76.37384037161333,77.79785919189453,6417800,TJX,77.39584156788068,77.28144111119849,78.47596726337007,76.37384037161333,77.29353417109766,71.72228713087554,0.21230005425847764,0.46292407158138804,-0.2506240173229104
2023-02-09,78.17565171819497,79.12499997112536,78.17565171819497,78.23377990722656,4560900,TJX,78.42752082868546,77.33864133953958,79.12499997112536,77.33864133953958,77.31409510686426,71.88613461404657,0.21514707121924914,0.4133686715089603,-0.19822160028971114
2023-02-10,77.55567178632658,77.88504022121215,77.29412080366832,77.73973083496094,3547300,TJX,77.618640911542,77.88308108411252,77.88504022121215,77.29412080366832,77.32026377914855,72.03864925104587,0.17551449958362753,0.36579783712389374,-0.19028333754026622
2023-02-13,77.86566926020497,78.4565887351635,77.72036725057838,78.0400390625,5669600,TJX,78.02066607711171,77.75086099782726,78.4565887351635,77.72036725057838,77.34069798377101,72.20268130129017,0.1664193861162886,0.32592214692237276,-0.15950276080608417
2023-02-14,77.90441904063114,78.59220898659737,77.62348950370244,78.19503784179688,3736300,TJX,78.07878884318195,77.88576353746949,78.59220898659737,77.62348950370244,77.36147472647215,72.37087487557497,0.16976164273260963,0.2946900460844202,-0.12492840335181055
2023-02-15,77.84629824623997,78.35002912548012,77.55567944503862,78.12722778320312,3389300,TJX,77.96980864999045,77.98227619032572,78.35002912548012,77.55567944503862,77.38132631828685,72.54903196575069,0.16503626483498124,0.2687592898345324,-0.10372302499955116
2023-02-16,77.18756874098398,77.84629828539434,76.94538887010874,77.12944793701172,4739800,TJX,77.2771759583747,77.97604242015808,77.97604242015808,76.94538887010874,77.39958234731549,72.7318928029821,0.0798583170442555,0.23097909527647703,-0.15112077823222153
2023-02-17,77.13911456115925,77.61379233557243,76.92600252514262,77.3328628540039,4926200,TJX,77.25294306896956,77.62660918926639,77.62660918926639,76.92600252514262,77.40171873476008,72.9184279499223,0.02844022235807131,0.1904713206927959,-0.1620310983347246
2023-02-21,76.61601265208174,77.13912200714385,76.14134222259186,76.35446166992188,7122600,TJX,76.56273463793482,77.43977612911797,77.43977612911797,76.14134222259186,77.40124624352745,73.1001275306344,-0.09021781206479318,0.1343334941412781,-0.22455130620607128
2023-02-22,75.75386824246198,76.12198641314583,74.41703788197519,75.03701782226562,10844400,TJX,75.33247758996215,77.0012553835264,77.0012553835264,74.41703788197519,77.37539666334364,73.26041752141917,-0.28725062104599886,0.05001667110382271,-0.33726729214982154
2023-02-23,75.42449949262664,75.54074849118479,73.81642160424963,75.31793975830078,6463800,TJX,75.02490233659046,76.16686648674428,76.16686648674428,73.81642160424963,77.37572794769937,73.41967425076714,-0.4159378169909047,-0.04317422651512278,-0.37276359047578195
2023-02-24,74.7657700253086,75.26950090475546,74.09735121671704,74.77545928955078,6312100,TJX,74.72702035908297,75.59588441166737,75.59588441166737,74.09735121671704,77.35543135524547,73.57566382406455,-0.5552958817826124,-0.1455985575686207,-0.40969732421399163
2023-02-27,75.57948307454178,75.57948307454178,74.08766172729585,74.49452209472656,5270000,TJX,74.9352874927765,75.16145238537517,75.57948307454178,74.08766172729585,77.31430282040064,73.72109681902408,-0.6805623368984612,-0.25259131343458885,-0.4279710234638724
2023-02-28,74.59140009850485,74.8626403708896,74.03923028950928,74.20391082763672,5626300,TJX,74.4242953966351,75.04836993907583,75.04836993907583,74.03923028950928,77.27241305310179,73.84200441959392,-0.7941325399975625,-0.3608995587471836,-0.4332329812503789
2023-03-01,73.72924041729416,74.50421895972764,73.37081154803865,74.45578002929688,5512900,TJX,74.01501273858933,74.73633266785546,74.73633266785546,73.37081154803865,77.23522198776539,73.95389339155764,-0.8539699703274124,-0.4595136410632294,-0.394456329264183
2023-03-02,74.7851410578504,75.07575985876221,73.69049070380306,74.31047058105469,4878500,TJX,74.46546555036758,74.37567270322239,75.07575985876221,73.69049070380306,77.21905612341658,74.06737934542484,-0.9027109333193692,-0.5481530995144575,-0.3545578338049118
2023-03-03,74.65921032794178,75.49230967534852,74.39765931921787,75.47293853759766,3864100,TJX,75.00552946502646,74.42056912679499,75.49230967534852,74.39765931921787,77.21161631293559,74.19775178945606,-0.8378785068416192,-0.6060981809798899,-0.23178032586172936
2023-03-06,75.23075855243951,76.3254089069087,75.07575988769531,75.80229949951172,5819900,TJX,75.60855671163881,74.71304929591072,76.3254089069087,74.71304929591072,77.21966337233795,74.33309718934885,-0.751261588772266,-0.6351308625383651,-0.11613072623390086
2023-03-07,76.12197102171,76.18009181975307,74.43639397103722,74.572021484375,5224700,TJX,75.32761957421882,75.16080300377476,76.18009181975307,74.43639397103722,77.20650475313751,74.46820438427417,-0.7729797813639152,-0.6627006463034752,-0.11027913506043996
2023-03-08,75.0176237831735,75.34698479246369,74.16514608243824,74.76575469970703,3811600,TJX,74.82387733944562,75.24421128899678,75.34698479246369,74.16514608243824,77.19591464776796,74.59995616298765,-0.7657320714150586,-0.683306931325792,-0.0824251400892666
2023-03-09,74.3395232412124,74.59139234972322,72.1889650325068,72.62489318847656,7948600,TJX,73.43619345297975,75.0340443142212,75.0340443142212,72.1889650325068,77.14275567735486,74.7199215840391,-0.9221083500271874,-0.7310672150660711,-0.1910411349611163
2023-03-10,72.6830139756397,73.44830317353698,71.86929324313668,71.9758529663086,4880200,TJX,72.49411583965549,74.23511888360048,74.23511888360048,71.86929324313668,77.05999422618225,74.82171973810343,-1.0858923085426682,-0.8020322337613905,-0.2838600747812776
2023-03-13,71.18150322573106,72.18896487610694,70.63901534774905,71.2396240234375,5484600,TJX,71.31227686825613,73.36461736162798,73.36461736162798,70.63901534774905,76.96503280938857,74.90403429259624,-1.2605687465995743,-0.8937395363290274,-0.36682921027054693
2023-03-14,72.26647197720263,72.67333238641687,71.6755525011206,72.42147064208984,4303800,TJX,72.25920687670748,72.33844711494206,72.67333238641687,71.6755525011206,76.87897261436788,74.98176116551502,-1.2887796872177688,-0.9727475665067757,-0.31603212071099307
2023-03-15,71.37523671425872,72.16958622676255,70.94899786680833,71.84022521972656,6420700,TJX,71.58351150688904,72.29882699582477,72.29882699582477,70.94899786680833,76.78152149916453,75.05957925494738,-1.3425624842186323,-1.0467105500491471,-0.2958519341694852
2023-03-16,71.46242537462585,72.56677226675174,71.26868445502052,72.26646423339844,5314400,TJX,71.89108658244913,71.94116925135691,72.56677226675174,71.26868445502052,76.68829178339205,75.14489444255278,-1.3353981732657871,-1.1044480746924752,-0.23095009857331195
2023-03-17,71.7239838854684,72.43114489507197,71.28805572939467,72.15022277832031,7790200,TJX,71.89835182206383,71.91612791690302,72.43114489507197,71.28805572939467,76.58420474121966,75.2241069464194,-1.3238397189554973,-1.1483264035450798,-0.1755133154104176
2023-03-20,72.25678269350848,73.38050084140887,72.22772229153574,73.04145050048828,4368400,TJX,72.72661408173533,71.90723986948342,73.38050084140887,71.90723986948342,76.48847910434773,75.29273923534032,-1.228602368437393,-1.1643815965235425,-0.06422077191385056
2023-03-21,73.83580015177132,74.71733103781632,73.6226806830646,73.97142028808594,4539400,TJX,74.03680804018455,72.31692697560938,74.71733103781632,72.31692697560938,76.38734916667975,75.35765324541916,-1.0657994199503236,-1.1446651612088987,0.07886574125857515
2023-03-22,74.41703025617161,74.50421885267308,72.76052083007484,72.77989196777344,3820700,TJX,73.61541547667323,73.17686750789696,74.50421885267308,72.76052083007484,76.27426840838694,75.41150504368402,-1.0211520822152949,-1.119962545410178,0.09881046319488318
2023-03-23,72.88645170139705,73.45800003853317,71.83055101436872,72.2955322265625,5003700,TJX,72.61763374521536,73.3961414922851,73.45800003853317,71.83055101436872,76.14456200160305,75.44908352138435,-1.0131732974515018,-1.0986046958184428,0.08543139836694102
2023-03-24,72.11148072194325,72.61521160147235,71.34619144303426,72.52803039550781,4643500,TJX,72.15022854048942,73.00688761875023,73.00688761875023,71.34619144303426,75.99450473728389,75.47713399447875,-0.9768291158836604,-1.0742495798314864,0.097420463947826
2023-03-27,72.99301143645934,73.35144030520125,72.43115236353736,73.0220718383789,3873900,TJX,72.94941898589421,72.57855807961982,73.35144030520125,72.43115236353736,75.87331577726599,75.51159056049626,-0.8978116606270135,-1.0389619959905918,0.14115033536357835
2023-03-28,73.47737123504771,73.84548936830082,73.04145042442421,73.82611083984375,3209800,TJX,73.54760546690413,72.76398853275703,73.84548936830082,72.76398853275703,75.7654901091272,75.55570541443205,-0.7615320626808568,-0.9834760093286449,0.22194394664778805
2023-03-29,74.00047315276093,74.42671204675999,73.73892217100665,74.15547180175781,3766400,TJX,74.08039479307135,73.15579699983059,74.42671204675999,73.15579699983059,75.67165022030409,75.61190028190215,-0.6198080609158723,-0.9107424196460904,0.2909343587302181
2023-03-30,74.87232213130467,75.424491884961,74.20390339081561,74.50421142578125,3034000,TJX,74.75123220821564,73.61809589645097,75.424491884961,73.61809589645097,75.60729674817951,75.67917676656367,-0.4738877127629024,-0.8233714782694528,0.34948376550655036
2023-03-31,74.99826057418629,75.95729818336021,74.73670956579357,75.90885925292969,5104800,TJX,75.40028189406743,74.1846640523333,75.95729818336021,74.1846640523333,75.57783268366512,75.74753710969546,-0.2421105453746577,-0.7071192916904938,0.4650087463158361
2023-04-03,75.64730085367322,76.41259013186693,75.56011964779016,76.39321899414062,4464500,TJX,76.00330740686773,74.79247297320038,76.41259013186693,74.79247297320038,75.56935687116416,75.82026997501922,-0.01912126911490475,-0.569519687175376,0.5503984180604713
2023-04-04,76.72256466483987,76.90662369462487,76.10258491168598,76.18008422851562,3102800,TJX,76.47796437491658,75.39789019003405,76.90662369462487,75.39789019003405,75.56559680959657,75.89493798059712,0.1388011314844988,-0.4278555234434011,0.5666566549279
2023-04-05,76.23821264526721,76.2963408340736,75.42449190940152,75.59886169433594,3893900,TJX,75.88947677076956,75.93792728247531,76.2963408340736,75.42449190940152,75.53404549191576,75.96916169837844,0.21458239838440818,-0.29936793907783926,0.5139503374622474
2023-04-06,75.45355237609111,75.7344818848897,74.95950341987685,75.60855102539062,3085900,TJX,75.43902217656208,75.91370202662245,75.91370202662245,74.95950341987685,75.46704036083071,76.01472816467476,0.2722827404740542,-0.18503780316746057,0.45732054364151475
2023-04-10,75.01763146100684,76.13165283999822,75.01763146100684,75.92822265625,3899100,TJX,75.52378460456548,75.67636210159226,76.13165283999822,75.01763146100684,75.38440608380822,76.0544104624988,0.3398874948239694,-0.08005274356917459,0.419940238393144
2023-04-11,76.2672803205016,76.44165010517415,75.51167299309233,75.88947296142578,4367200,TJX,76.02751909504846,75.60007335307887,76.44165010517415,75.51167299309233,75.31590000839007,76.10619985968175,0.38588967719391576,0.013135740583443474,0.3727539366104723
2023-04-12,75.80229161854777,76.05416072719936,74.06828303840372,74.30077362060547,4828400,TJX,75.05637725118908,75.81379622406367,76.05416072719936,74.06828303840372,75.23984217044772,76.13312503243803,0.2907998193591368,0.06866855633858214,0.22213126302055464
2023-04-13,74.60106648363693,75.00792676743575,74.14576728430644,74.78511810302734,5033000,TJX,74.63496965960161,75.43508673762636,75.43508673762636,74.14576728430644,75.15612855593929,76.13836714031635,0.2516224271249712,0.10525933049585995,0.14636309662911123
2023-04-14,74.80451969153422,75.65699017626858,74.20391095115173,74.77545928955078,3927000,TJX,74.86022002712633,75.03502819861399,75.65699017626858,74.20391095115173,75.06948833331326,76.14151854314235,0.21728989336361337,0.12766544306941063,0.08962445029420274
2023-04-17,75.02731336266423,75.20168314747939,74.56233219698544,75.18231201171875,4362200,TJX,74.99341017971196,74.94762411287016,75.20168314747939,74.56233219698544,74.9985412873836,76.1317418213283,0.22037043428348113,0.14620644131222474,0.07416399297125639
2023-04-18,75.25980377610243,75.60854331070047,75.00793469206127,75.3276138305664,3087100,TJX,75.30097390235764,74.97051714629106,75.60854331070047,74.97051714629106,74.95251754800562,76.12991478787697,0.23186364779790836,0.16333788260936147,0.06852576518854689
2023-04-19,75.18231209822663,75.59886172961197,75.04669197551907,75.5698013305664,2476900,TJX,75.34941678348102,75.13574552432435,75.59886172961197,75.04669197551907,74.90307114685265,76.11431216784067,0.2575457820579601,0.1821794624990812,0.07536631955887887
2023-04-20,75.55041530488607,76.73225402037869,75.31792474485624,76.59663391113281,4634400,TJX,76.04930699531346,75.24258115390268,76.73225402037869,75.24258115390268,74.89300581013934,76.09960403572303,0.3566446881808645,0.21707250763543787,0.1395721805454266
2023-04-21,76.94538106739601,77.21662131275203,75.9088516207899,75.9766616821289,4009600,TJX,76.51187892076672,75.64594407460807,77.21662131275203,75.64594407460807,74.87532655719707,76.08443036414738,0.3807654802576934,0.249811102159889,0.1309543780978044
2023-04-24,76.33508282157318,76.42226400990394,75.69572454418113,76.07352447509766,4041900,TJX,76.13164896268898,76.07891149768739,76.42226400990394,75.69572454418113,74.82940911987714,76.07175211337069,0.40305127542356445,0.2804591368126241,0.12259213861094037
2023-04-25,75.86041241132506,76.00572179671978,74.35890180422582,74.43639373779297,4275800,TJX,75.16535743751591,76.10528023018819,76.10528023018819,74.35890180422582,74.78034345039663,76.05030361477259,0.28532115555003656,0.2814315405601066,0.003889614989929957
2023-04-26,74.0489271020352,75.46325680274425,73.84549687700964,75.03701782226562,5043300,TJX,74.59867465101368,75.63531883385204,75.63531883385204,73.84549687700964,74.71190362187467,76.02630080282283,0.23774396688283161,0.27269402582465163,-0.03495005894182002
2023-04-27,75.41481030370831,76.51914992351266,75.41481030370831,76.47071838378906,5084000,TJX,75.95487222867958,75.11699674243286,76.51914992351266,75.11699674243286,74.66942528958461,76.01545000802838,0.31212833432341824,0.28058088752440496,0.03154744679901328
2023-04-28,76.42227173127756,76.56758111725189,75.69573219214837,76.35446166992188,3448000,TJX,76.26001167764991,75.53593448555623,76.56758111725189,75.53593448555623,74.63522935013779,76.00827783421232,0.35757562697466483,0.29597983541445694,0.06159579156020789
2023-05-01,76.56758876788037,76.65476997373067,75.5310592174491,75.87010955810547,3607500,TJX,76.1558818792914,75.89797308160307,76.65476997373067,75.5310592174491,74.61280346855614,76.00619290793581,0.3504697689699299,0.30687782212555154,0.04359194684437834
2023-05-02,75.39543143478595,75.85073072781063,74.17484294146867,75.7926025390625,3652300,TJX,75.30340191078194,76.02692748044723,76.02692748044723,74.17484294146867,74.5738126453924,75.98776569007623,0.3347256477152598,0.3124473872434932,0.02227826047176662
2023-05-03,76.01541885268361,76.32540879095797,75.34700004579015,75.40512084960938,4199200,TJX,75.77323713476028,75.66516469561458,76.32540879095797,75.34700004579015,74.55802269532889,75.97963446942816,0.28766575244294756,0.3074910602833841,-0.019825307840436512
2023-05-04,75.317916658541,75.36635557410327,74.26201629409904,74.65918731689453,2657900,TJX,74.90136896090947,75.71920091518743,75.71920091518743,74.26201629409904,74.54940052274785,75.96239859304575,0.18801255265469763,0.2835953587576468,-0.09558280610294917
2023-05-05,75.21138002397493,76.1897887706291,74.97888941760175,76.04447937011719,3987900,TJX,75.60613439558074,75.31028493804845,76.1897887706291,74.97888941760175,74.56102516392765,75.9683765558135,0.21830171885939365,0.27053663077799617,-0.05223491191860252
2023-05-08,76.42227939622352,76.42227939622352,75.58918004987171,75.90885925292969,3066600,TJX,76.08564952381211,75.4582096668146,76.42227939622352,75.4582096668146,74.58819774722222,75.97181455123386,0.22872607939957845,0.26217452050231266,-0.033448441102734205
2023-05-09,75.85073071455764,76.32540114325384,75.356681759368,76.13165283203125,3278100,TJX,75.91611661230269,75.77192959531335,76.32540114325384,75.356681759368,74.60781432961275,75.96105857500669,0.25205945559842746,0.26015150752153565,-0.00809205192310819
2023-05-10,76.74747223152195,76.81557084574811,75.03526895958872,75.86219024658203,3830500,TJX,76.1151255708602,75.84402310380801,76.81557084574811,75.03526895958872,74.64163093309726,75.95702199309953,0.2459725275064386,0.25731571151851623,-0.011343184012077623
2023-05-11,76.04701559641414,76.22212735713694,75.33684548284322,75.94000244140625,3981500,TJX,75.88649771945013,75.9795743373341,76.22212735713694,75.33684548284322,74.67906063271447,75.95714131023993,0.24460770163678092,0.25477410954216917,-0.010166407905388253
2023-05-12,76.15403286336816,77.10742081704645,75.88163842580059,76.8447494506836,6158000,TJX,76.4969603892247,75.93303602839211,77.10742081704645,75.88163842580059,74.71969052949161,75.96937332645409,0.3129243920614755,0.26640416604603046,0.04652022601544503
2023-05-15,76.74745564863868,77.15604724571085,76.31940306759695,77.0976791381836,6987400,TJX,76.83014627503252,76.2149982088084,77.15604724571085,76.2149982088084,74.75618286569174,75.98389958931367,0.38305950188637894,0.28973523321410016,0.09332426867227878
2023-05-16,76.679360718409,77.28252507308596,76.08592685618243,76.09565734863281,8043500,TJX,76.53586749907755,76.52257224192046,77.28252507308596,76.08592685618243,74.77472908144051,75.99719622688923,0.3537099494273548,0.3025301764567511,0.051179772970603665
2023-05-17,76.58208252511352,79.11146888973092,75.259017517986,76.80583190917969,11852400,TJX,76.93960021050253,76.529219870499,79.11146888973092,75.259017517986,74.80696869416619,76.00673672365184,0.38333650490135085,0.3186914421456711,0.06464506275567977
2023-05-18,76.57234528829227,77.57437073731046,75.9691809515729,77.11713409423828,5139300,TJX,76.80825776785348,76.73441004050076,77.57437073731046,75.9691809515729,74.84665630273433,76.02128547525115,0.4270129092243735,0.3403557355614116,0.08665717366296194
2023-05-19,76.88366020366445,77.47709409427186,76.23185819994528,77.1949691772461,6440900,TJX,76.94689541878192,76.77133390417711,77.47709409427186,76.23185819994528,74.91687034205037,76.02981300970262,0.4625751367917701,0.3647996158074833,0.09777552098428677
2023-05-22,77.11713284164178,77.57436947728716,76.2610351001762,76.2999496459961,5500900,TJX,76.81312176627532,76.85911466147951,77.57436947728716,76.2610351001762,75.00325046058278,76.03162234338251,0.41376819992244407,0.3745933326304755,0.03917486729196856
2023-05-23,75.88163401176102,76.17348941914433,75.22983201375514,75.38548278808594,5433600,TJX,75.66760955818661,76.83611821387741,76.83611821387741,75.22983201375514,75.09035711438139,76.02769496188499,0.29786491655994496,0.35924764941636944,-0.06138273285642448
2023-05-24,75.706522185941,75.88163394578045,74.65585162690428,74.73368072509766,4693000,TJX,75.24442212093085,76.25186388603201,76.25186388603201,74.65585162690428,75.15006141926585,76.01451701681687,0.15166742267219036,0.31773160406753365,-0.1660641813953433
2023-05-25,74.90879598633983,75.57032850752245,73.71219766780669,73.8775863647461,7042200,TJX,74.51722713160376,75.74814300348143,75.74814300348143,73.71219766780669,75.20873573176016,75.99512861546233,-0.03289560467727881,0.24760616231857116,-0.28050176699584994
2023-05-26,73.87759608982807,75.09364813280159,73.73166836023273,74.90880584716797,4419300,TJX,74.40292960750759,75.1326850675426,75.1326850675426,73.73166836023273,75.25897259226132,75.9736321878267,-0.09485886563049917,0.1791131567287571,-0.2739720223592563
2023-05-30,74.86988118867893,75.08390750691377,74.38346043712394,74.6753158569336,4517400,TJX,74.75314124741257,74.76780733752508,75.08390750691377,74.38346043712394,75.31606838076829,75.95013656099398,-0.1609505494657668,0.11110041548985233,-0.27205096495561915
2023-05-31,74.17916300008972,74.96716222538284,73.59545959534698,74.70449829101562,7077200,TJX,74.36157077795879,74.76047429246883,74.96716222538284,73.59545959534698,75.34876751469277,75.91862330952026,-0.2085696454843884,0.04716640329500419,-0.2557360487793926
2023-06-01,74.36401013528543,75.02554268331028,74.21808241897854,74.56830596923828,5223600,TJX,74.54398530170313,74.56102253521381,75.02554268331028,74.21808241897854,75.35891105992314,75.87313011330144,-0.25436553674634865,-0.013139984713266377,-0.24122555203308227
2023-06-02,75.2492783138122,76.35831687931304,75.10335062420617,75.98863983154297,4910200,TJX,75.6748964122186,74.55250391845847,76.35831687931304,74.55250391845847,75.40010067863405,75.8371845435105,-0.17404376981052394,-0.04532074173271789,-0.12872302807780606
2023-06-05,75.79408057329132,76.74746103335029,75.79408057329132,76.71827697753906,4988400,TJX,76.26347478936799,75.11370016533854,76.74746103335029,75.11370016533854,75.47301749951708,75.80878975056007,-0.05092553313107828,-0.04644170001238997,-0.004483833118688309
2023-06-06,76.69882855710905,77.22416391434585,76.44589508384841,76.533447265625,5110600,TJX,76.72558370523208,75.68858747735327,77.22416391434585,75.68858747735327,75.56452460281194,75.77951467004793,0.03137072124435747,-0.030879215761040486,0.06224993700539795
2023-06-07,76.52370555270153,76.76691589464804,75.16172615336295,75.98863983154297,5521300,TJX,76.11024685806387,76.20708559129267,76.76691589464804,75.16172615336295,75.62774116025534,75.75052846876066,0.05202992042946164,-0.014297388522940062,0.0663273089524017
2023-06-08,75.99837107263859,76.2221204330084,75.33683863913497,75.64814758300781,4746800,TJX,75.80136943194744,76.15866622467827,76.2221204330084,75.33683863913497,75.67281643955621,75.71915327434169,0.04046119431892237,-0.003345671954567576,0.043806866273489946
2023-06-09,76.16375661967868,77.49655205381784,75.95946080957404,77.20469665527344,4629800,TJX,76.70611653458599,75.98001782831285,77.49655205381784,75.95946080957404,75.72533087438651,75.69849054734529,0.1551054380960295,0.02834455005555184,0.12676088804047767
2023-06-12,77.50627520850377,78.06079452858867,77.1852357541938,77.85649871826172,4553400,TJX,77.65220105238699,76.34306718144941,78.06079452858867,76.34306718144941,75.78335025126994,75.69532349972471,0.2951544496344667,0.08170652997133482,0.21344791966313187
2023-06-13,78.5082986278826,79.62706773110978,78.38183191687777,78.82933807373047,5186300,TJX,78.83663408740016,76.99763411691819,79.62706773110978,76.99763411691819,75.85207729513658,75.71495498940085,0.479121293872808,0.16118948275162948,0.3179318111211785
2023-06-14,78.66396850333945,78.84881077335577,77.46737012838916,77.73004150390625,4902500,TJX,78.17754772724766,77.91713410215917,78.84881077335577,77.46737012838916,75.89556210154417,75.73245948635417,0.5301016159097713,0.23497190938325785,0.2951297065265135
2023-06-15,77.78840476726131,79.3741337263681,77.69112210255264,79.26712799072266,5003400,TJX,78.53019714672618,78.04734091470341,79.3741337263681,77.69112210255264,75.93660675698037,75.75110178328846,0.6866190054464738,0.32530132859590105,0.36131767685057276
2023-06-16,79.77300120149347,79.93838247143891,78.74179160984372,79.0531005859375,8394200,TJX,79.3765689671784,78.2887690307148,79.93838247143891,78.2887690307148,76.00634860090855,75.77019704641216,0.7843484606226241,0.41711075500124567,0.3672377056213784
2023-06-20,78.73206904533481,79.29631894076077,78.13863509017858,78.20673370361328,6513600,TJX,78.59343919497186,78.8326689989466,79.29631894076077,78.13863509017858,76.06943694127675,75.76823865105374,0.7844622316364962,0.4905810503282958,0.2938811813082004
2023-06-21,78.45967209781735,78.96554643551175,77.98298181892564,78.67369842529297,4920500,TJX,78.52047469438692,78.71305409695924,78.96554643551175,77.98298181892564,76.12937074307317,75.75688841344069,0.8128623749678354,0.5550373152562037,0.2578250597116317
2023-06-22,79.54924549172033,79.59789053517044,78.74179269466599,79.26712799072266,3763900,TJX,79.28901417806985,78.61676439567307,79.59789053517044,78.61676439567307,76.1946006447336,75.75525032656184,0.8731889212592279,0.6186676364568086,0.2545212848024193
2023-06-23,78.9655391907367,80.05512429328748,78.85852603681693,79.83136749267578,4912100,TJX,79.42763925337923,78.95288928687145,80.05512429328748,78.85852603681693,76.2820258847774,75.76093402761256,0.9555129970420779,0.6860367085738625,0.2694762884682155
2023-06-26,79.81191934166068,80.04539922868636,79.43251174192201,79.5006103515625,3650300,TJX,79.69761016595788,79.19026427012534,80.04539922868636,79.19026427012534,76.38327869490453,75.7697036254219,0.982737694765575,0.7453769058122051,0.23736078895336998
2023-06-27,80.08430240135638,81.0182292389529,80.08430240135638,80.55126953125,4318600,TJX,80.43452589322891,79.44393721804161,81.0182292389529,79.44393721804161,76.49476481222659,75.78212657276991,1.076681564070853,0.8116378374639347,0.2650437266069182
2023-06-28,80.53181343238448,81.0766022651495,80.06485369635482,80.41507720947266,3972600,TJX,80.52208665084036,79.93923155563526,81.0766022651495,79.93923155563526,76.60533834164914,75.80193981451639,1.1271500905463512,0.874740288080418,0.25240980246593314
2023-06-29,81.0766135323851,81.55331124949245,80.83340313793154,81.46575164794922,4138700,TJX,81.23226989193958,80.23065910323781,81.55331124949245,80.23065910323781,76.72396426144078,75.83824090472321,1.237660428711365,0.9473243162066075,0.29033611250475755
2023-06-30,81.71868274847158,82.91528101162409,81.61166959395423,82.48722839355469,4579900,TJX,82.18321543690115,80.73146449758869,82.91528101162409,80.73146449758869,76.86064023450919,75.88185569068092,1.3916235345731423,1.0361841598799144,0.35543937469322784
2023-07-03,82.11756003253562,82.59425032098743,81.9521713256836,81.9521713256836,2181800,TJX,82.15403825122256,81.45733996724492,82.59425032098743,81.45733996724492,76.98273485962739,75.93787033488337,1.4537083268047866,1.1196889932648888,0.33401933353989777
2023-07-05,81.74787142731765,82.44831850660587,81.60194371543398,82.39967346191406,4912900,TJX,82.0494517778179,81.80568910923374,82.44831850660587,81.60194371543398,77.09348631676839,75.98440643698274,1.5214819574912042,1.2000475861101518,0.32143437138105235
2023-07-06,82.0980932417399,82.42886320987148,81.08633719538386,81.17389678955078,4677100,TJX,81.69679760913651,81.92757044352581,82.42886320987148,81.08633719538386,77.20478928969736,76.01709920478724,1.459459375675337,1.2519299440231888,0.2075294316521481
2023-07-07,80.74584253335023,80.9890529024266,80.29833634491271,80.45398712158203,4533100,TJX,80.6218047255679,81.81218402633115,81.81218402633115,80.29833634491271,77.3139182354584,76.0471308429275,1.3368054776548632,1.2689050507495236,0.0679004269053396
2023-07-10,80.01621118532965,81.38792122544433,80.01621118532965,81.30036163330078,3807000,TJX,80.6801763073511,81.21699437594953,81.38792122544433,80.01621118532965,77.43554826858514,76.0737259452299,1.2929919234151868,1.2737224252826564,0.019269498132530316
2023-07-11,81.67977578072946,82.52615060260081,81.32955222838214,82.43859100341797,3722600,TJX,81.99351740378259,80.94858534165031,82.52615060260081,80.94858534165031,77.5563211720872,76.1128732308359,1.3347290380981178,1.2859237478457488,0.048805290252369016
2023-07-12,83.81029699661815,84.08269143000086,82.83745549328466,82.93473815917969,6298800,TJX,83.41629551977084,81.47105137271646,84.08269143000086,81.47105137271646,77.69944684892963,76.16733809953371,1.3917971598837084,1.3070984302533408,0.08469872963036762
2023-07-13,83.02229413354742,83.36279461305949,82.44832118294953,82.63316345214844,6468300,TJX,82.86664334542623,82.44367344624365,83.36279461305949,82.44367344624365,77.83366207825232,76.22323277340422,1.3965904734296544,1.3249968388886035,0.07159363454105083
2023-07-14,82.36077501915705,82.63316948489967,81.70896549362432,82.61370849609375,3864700,TJX,82.3291546234437,82.65515839583495,82.65515839583495,81.70896549362432,77.97417713250555,76.27399488894896,1.3828783952583876,1.3365731501625604,0.04630524509582723
2023-07-17,82.85690933855707,83.52817235323478,82.47750174474577,82.78881072998047,3126500,TJX,82.91284854162953,82.49215650963933,83.52817235323478,82.47750174474577,78.11696936064294,76.33749602798592,1.3703442854882866,1.3433273772277057,0.027016908260580896
2023-07-18,82.80827630384955,83.34333470882288,82.26347998286512,82.8471908569336,4254300,TJX,82.8155704631178,82.70250252563443,83.34333470882288,82.26347998286512,78.2752533906871,76.41232695671746,1.34956475906651,1.3445748535954667,0.004989905471043388
2023-07-19,82.65261543822085,83.41143064352008,82.52614871140159,83.2655029296875,3002300,TJX,82.9639244307075,82.75903649437612,83.41143064352008,82.52614871140159,78.42240919138963,76.49171717765864,1.3512744719863292,1.3459147772736393,0.005359694712689933
2023-07-20,83.5087168361589,83.85894039526012,83.04175703881869,83.10985565185547,2904100,TJX,83.37981748052329,82.8614804625418,83.85894039526012,82.8614804625418,78.56829255052385,76.57824514887305,1.3247985443102834,1.3416915306809682,-0.016892986370684815
2023-07-21,83.44061793168487,83.77138792398836,83.04175674877456,83.25578308105469,3575500,TJX,83.37738642137562,83.12064897153255,83.77138792398836,83.04175674877456,78.71751794670531,76.66266613815904,1.3005988113456795,1.3334729868139106,-0.032874175468231126
2023-07-24,83.17794107488561,84.32589424274828,83.10011198027333,84.23833465576172,2827400,TJX,83.71057048841723,83.24901769645408,84.32589424274828,83.10011198027333,78.86942684505645,76.75552888907686,1.3451974503233117,1.335817879515791,0.009379570807520832
2023-07-25,84.0632320055035,85.08471105947957,83.48925169901025,84.90959930419922,4648600,TJX,84.38669851704813,83.47979409243565,85.08471105947957,83.47979409243565,79.03943086100843,76.85924574686145,1.4183576955478259,1.352325842722198,0.06603185282562785
2023-07-26,84.84151104905165,85.2501027204796,84.29672215381437,85.04580688476562,3505400,TJX,84.85853570202781,83.93324630474189,85.2501027204796,83.93324630474189,79.20666236726449,76.96317644837805,1.4703789175148074,1.37593645768072,0.09444245983408739
2023-07-27,85.12362884904954,85.2209115118673,84.03404372779279,84.10214233398438,3708200,TJX,84.6201816056735,84.39589100338485,85.2209115118673,84.03404372779279,79.3624630738773,77.05932296978452,1.4191017464292912,1.3845695154304343,0.03453223099885694
2023-07-28,84.38426644731389,85.05552943208325,84.07295747594965,84.49127960205078,3105500,TJX,84.50100823934939,84.50803630452917,85.05552943208325,84.07295747594965,79.52176588868274,77.14824748506162,1.393797514154727,1.3864151151752928,0.007382398979434157
2023-07-31,84.51074740071488,84.63721412914865,83.72274070483573,84.17997741699219,3202500,TJX,84.26266991292286,84.50452227193928,84.63721412914865,83.72274070483573,79.66822728273114,77.23759798844866,1.333255305853399,1.3757831533109142,-0.042527847457515255
2023-08-01,84.17996564574025,84.8706821531085,83.87838718508127,84.0243148803711,3963500,TJX,84.23833746607528,84.38359609243108,84.8706821531085,83.87838718508127,79.81682887669558,77.33174258971496,1.2582106348230013,1.3522686496133316,-0.09405801479033027
2023-08-02,83.97568212352948,84.52047101528895,83.2265973973602,83.28496551513672,3552500,TJX,83.75192901282884,84.31096677925318,84.52047101528895,83.2265973973602,79.95292954857652,77.43489994531345,1.1260969331158464,1.3070343063138345,-0.1809373731979882
2023-08-03,83.30441504030479,84.31617109178508,83.19740188144301,83.68382263183594,3361300,TJX,83.62545266134221,84.03144789604102,84.31617109178508,83.19740188144301,80.08917616647786,77.54621331353032,1.041573695411131,1.2539421841332938,-0.21236848872216285
2023-08-04,84.20914990583348,84.2675254374064,82.9541835987842,83.1292953491211,2470700,TJX,83.6400385727863,83.8284502786916,84.2675254374064,82.9541835987842,80.24862474676985,77.66949093057562,0.9192462051933035,1.187002988345296,-0.2677567831519925
2023-08-07,83.66437012669003,84.24807355011232,83.55735696647358,83.94649505615234,2694800,TJX,83.85407392485706,83.73424442573895,84.24807355011232,83.55735696647358,80.42081778284837,77.78543960105712,0.8781195589431547,1.1252263024648677,-0.2471067435217129
2023-08-08,83.94648989501201,84.25779886317699,83.03201655381869,84.2286148071289,3020000,TJX,83.86623002978415,83.794159175298,84.25779886317699,83.03201655381869,80.60779784081197,77.90826678628606,0.8583960463300002,1.0718602512378943,-0.21346420490789408
2023-08-09,84.96400026617047,85.19838162894283,84.15342238347333,84.20225524902344,6829500,TJX,84.62951488190251,83.83019460254107,85.19838162894283,83.83019460254107,80.81232954629988,78.0356510692806,0.8310581039342964,1.0236998217771747,-0.1926417178428783
2023-08-10,84.7198557477931,85.75504698994959,84.13389858149414,84.18272399902344,4797800,TJX,84.69788132956506,84.22985474222179,85.75504698994959,84.13389858149414,81.01122434794293,78.16364636435561,0.798610692040981,0.978681995829936,-0.18007130378895497
2023-08-11,83.90927873563676,84.67102380523959,83.65536867966895,83.8799819946289,4656100,TJX,84.02891330379356,84.46386803589343,84.67102380523959,83.65536867966895,81.20457119845963,78.27666935657619,0.7399375947137088,0.9309331156066906,-0.19099552089298177
2023-08-14,84.2999159706655,85.16908735651532,84.09483134094413,84.19248962402344,6871700,TJX,84.4390810730371,84.24639066984349,85.16908735651532,84.09483134094413,81.4024731138863,78.38069208690472,0.7104656900960151,0.8868396305045555,-0.17637394040854038
2023-08-15,84.01668906484154,84.59288551456588,83.44050006596548,83.76277160644531,6082000,TJX,83.95321156295455,84.3427358714403,84.59288551456588,83.44050006596548,81.56803941690103,78.48407004776753,0.6449991914566056,0.8384715426949656,-0.19347235123836004
2023-08-16,86.67304784538581,88.0793509496278,85.78434034177474,87.21994018554688,15063200,TJX,86.93916983058381,84.14797371719743,88.0793509496278,84.14797371719743,81.78155331772534,78.62728540862122,0.8621428846850279,0.8432058110929781,0.01893707359204977
2023-08-17,86.97578520834031,87.73753019094329,85.92106539827017,86.22380828857422,8543100,TJX,86.714547271532,85.54357177389062,87.73753019094329,85.54357177389062,81.98133258905135,78.77292859593165,0.9429812065763201,0.8631608901896466,0.07982031638667353
2023-08-18,86.42889198636561,87.53244464806676,86.25310411141024,87.42501831054688,7777700,TJX,86.90986476409736,86.12905952271132,87.53244464806676,86.12905952271132,82.197324947172,78.91253305371367,1.091392871274408,0.9088072864065989,0.18258558486780918
2023-08-21,87.39571972963314,87.7765922088607,86.48748363666391,87.5226821899414,5617200,TJX,87.2956194412748,86.51946214340434,87.7765922088607,86.48748363666391,82.42720994735855,79.05001319345737,1.2030231417300428,0.9676504574712878,0.23537268425875502
2023-08-22,86.91718090870286,87.20039508891162,86.36052060990576,87.01483917236328,4343500,TJX,86.87323394497088,86.90754079233957,87.20039508891162,86.36052060990576,82.63055229556625,79.17794158497637,1.236261396192134,1.021372645215457,0.21488875097667703
2023-08-23,86.93672732822878,88.079352343938,86.51679000300048,87.903564453125,4478900,TJX,87.35910853207307,86.89038736865523,88.079352343938,86.51679000300048,82.82469044515997,79.30402034821495,1.31910977868111,1.0809200719085876,0.23818970677252227
2023-08-24,87.89379201739477,88.18677430445905,86.19451412462955,86.24333953857422,4747400,TJX,87.1296049962644,87.12474795036414,88.18677430445905,86.19451412462955,82.99054986333725,79.42131357923692,1.2365472956677905,1.1120455166604282,0.12450177900736237
2023-08-25,86.73162598123693,87.09296975683394,85.75502843179984,86.74139404296875,4277800,TJX,86.58025455320987,87.12717647331428,87.12717647331428,85.75502843179984,83.15860399985651,79.52708305070034,1.1975007261854955,1.1291365585654416,0.06836416762005393
2023-08-28,86.67304308731887,88.28443073066134,86.5070232718624,88.167236328125,5083700,TJX,87.4079333544919,86.85371551326207,88.28443073066134,86.5070232718624,83.33615872401182,79.6363827404961,1.2670043571598484,1.1567101182843231,0.11029423887552525
2023-08-29,87.89377890271578,89.08522909775493,87.86448216855055,88.84107971191406,4700000,TJX,88.42114247023383,87.130824433877,89.08522909775493,87.130824433877,83.51705019407292,79.76169939749074,1.3607738609644144,1.1975228668203415,0.16325099414407296
2023-08-30,89.06570702284492,90.16926718945413,88.78250024734518,89.98371124267578,5520800,TJX,89.50029642558,87.77598345205541,90.16926718945413,87.77598345205541,83.73518733868508,79.9023121399809,1.5098826956188987,1.259994832580053,0.2498878630388457
2023-08-31,89.8372043402733,90.69661493178938,89.73954607783224,90.31574249267578,6427600,TJX,90.14727696064267,88.63813993881772,90.69661493178938,88.63813993881772,83.9677233840102,80.04854706354169,1.6359860396288894,1.3351930739898203,0.3007929656390691
2023-09-01,90.33527705556759,90.62825931284388,89.88604305836601,90.47200012207031,4450700,TJX,90.33039488721195,89.3927084497302,90.62825931284388,89.3927084497302,84.18855099819304,80.19157582146332,1.7286062364017738,1.4138757064722112,0.31473052992956263
2023-09-05,90.3352867730435,90.3352867730435,89.40752194328162,89.47588348388672,4171000,TJX,89.88849474331384,89.86155166847107,90.3352867730435,89.40752194328162,84.39776810799174,80.33989699638458,1.702010405341369,1.4715026462460428,0.23050775909532617
2023-09-06,89.34892136385237,89.4465796435482,88.3723236651958,88.6360092163086,6003400,TJX,88.95095847222623,89.87502320589246,89.87502320589246,88.3723236651958,84.58283507411711,80.48305688451083,1.5947785687169613,1.4961578307402266,0.09862073797673476
2023-09-07,88.76296029738137,89.58330620230461,88.66530202201757,89.30985260009766,4940900,TJX,89.0803552804503,89.41299083905935,89.58330620230461,88.66530202201757,84.75575166186154,80.62525823704405,1.5463447949264122,1.5061952235774638,0.040149571348948365
2023-09-08,89.50517660167405,89.98370736655082,89.24149106225812,89.30985260009766,4720600,TJX,89.51005690764515,89.24667305975483,89.98370736655082,89.24149106225812,84.93551106699762,80.77042470432339,1.49077594315402,1.5031113674927752,-0.01233542433875523
2023-09-11,89.67120235044389,89.87628697753757,89.10477388465219,89.43682098388672,4042200,TJX,89.5222710491301,89.37836498369998,89.87628697753757,89.10477388465219,85.10131109014145,80.91263767579112,1.4403787258778635,1.490564839169793,-0.05018611329192946
2023-09-12,89.31961465658728,90.15948917976637,89.28054985889892,90.02276611328125,3678300,TJX,89.69560495213346,89.45031801641504,90.15948917976637,89.28054985889892,85.25155888044608,81.05609955747764,1.4312212158168762,1.4786961144992097,-0.047474898682333455
2023-09-13,90.39387712679681,90.8235824819508,90.03254076073448,90.74545288085938,5481900,TJX,90.49886331258537,89.57296148427426,90.8235824819508,89.57296148427426,85.41845538167334,81.20059512065035,1.465386541634956,1.476034199926359,-0.010647658291403017
2023-09-14,90.43293548527377,91.58532094131012,90.2571476207649,91.39976501464844,5182500,TJX,90.9187922654993,90.03591239842982,91.58532094131012,90.03591239842982,85.59584219142697,81.34466425409768,1.5276505250524082,1.486357464951569,0.04129306010083922
2023-09-15,91.04820064661202,91.21422045609793,90.16926128632093,90.27668762207031,7598100,TJX,90.6770925027753,90.47735233196457,91.21422045609793,90.16926128632093,85.77544808929976,81.49011868949854,1.4694335060991364,1.4829726731810826,-0.013539167081946246
2023-09-18,90.20832073942374,90.79427779460725,89.6418923573788,89.78838348388672,4274100,TJX,90.10821859382412,90.57722241736994,90.79427779460725,89.6418923573788,85.96517636666488,81.63954730106163,1.3681231639177014,1.4600027713284065,-0.09187960741070511
2023-09-19,89.66142591132507,89.9544081802897,88.35278866520653,88.8703842163086,6972400,TJX,89.20975174328248,90.34272050559703,90.34272050559703,88.35278866520653,86.13576787538348,81.78565807198432,1.1999271062317973,1.4079876383090848,-0.20806053207728747
2023-09-20,89.01687609275287,89.41727724943672,88.4504476751526,88.53834533691406,5076200,TJX,88.85573658856406,89.77623612443975,89.77623612443975,88.4504476751526,86.27301225907914,81.91466671558317,1.0279877532072987,1.3319876612887276,-0.30399990808142885
2023-09-21,88.26489611121129,88.47974879410364,86.86836112325999,87.08321380615234,4975600,TJX,87.67405495868182,89.3159863565019,89.3159863565019,86.86836112325999,86.35816744785735,82.02880714839348,0.7654836051848122,1.2186868500679446,-0.45320324488313246
2023-09-22,87.02462294447695,87.79613603311643,86.858603121198,87.07345581054688,4352200,TJX,87.18820447733455,88.49502065759185,88.49502065759185,86.858603121198,86.44459867049552,82.1391303743739,0.5503160866552435,1.0850126973854044,-0.534696610730161
2023-09-25,86.80976525603889,87.12227620868188,85.99918741139183,86.19451141357422,4273300,TJX,86.53143507242171,87.8416125674632,87.8416125674632,85.99918741139183,86.52864427947506,82.25141070599031,0.3053509155513012,0.9290803410185838,-0.6237294254672826
2023-09-26,86.33122465824454,86.70232904385632,85.76479629269392,85.81362915039062,3867300,TJX,86.15299478629635,87.18652381994247,87.18652381994247,85.76479629269392,86.5934472043684,82.35520828250569,0.079563083400501,0.7591768894949673,-0.6796138060944663
2023-09-27,86.0382513464566,86.78046764558684,85.42299751018015,86.04801940917969,4913600,TJX,86.07243397785082,86.6697593031194,86.78046764558684,85.42299751018015,86.65858447466306,82.46691893267509,-0.07954511867636427,0.591432487860701,-0.6709776065370653
2023-09-28,86.51678264724676,87.54221316494757,86.51678264724676,87.4836196899414,6608600,TJX,87.01484953734563,86.37109664048512,87.54221316494757,86.37109664048512,86.73960297679584,82.58100608409273,-0.08877522475928856,0.4553909453367031,-0.5441661700959917
2023-09-29,87.7472963237872,87.97191705900214,86.72187327393297,86.79999542236328,5420900,TJX,87.3102705197714,86.69297308891538,87.97191705900214,86.69297308891538,86.81821203758079,82.69325229405233,-0.14952923548850094,0.3344069091716623,-0.48393614466016327
2023-10-02,86.47773552394885,87.51292677599797,86.28241149941621,86.60469055175781,4685600,TJX,86.71944108778021,87.00162180434339,87.51292677599797,86.28241149941621,86.88505313090889,82.8012855388071,-0.2110043704900164,0.2253246532393266,-0.436329023729343
2023-10-03,86.7511591148323,87.2492184832691,85.24719804643125,85.7940902709961,5094600,TJX,86.26041647888219,86.8605314460618,87.2492184832691,85.24719804643125,86.93605005071818,82.90273844788733,-0.3214273120990896,0.11597426017164338,-0.43740157227073295
2023-10-04,85.84294457327547,86.30194671249969,84.9835337761409,85.97966766357422,4349200,TJX,85.77702318137257,86.560473962472,86.560473962472,84.9835337761409,86.96385654400468,83.00164370250656,-0.38947412891364763,0.01488458235458517,-0.4043587112682328
2023-10-05,86.116374310873,86.39958850122929,85.42299092793785,85.77456665039062,3649500,TJX,85.92838009760769,86.1687485719223,86.39958850122929,85.42299092793785,86.98525343191626,83.09595789959037,-0.4547100448039316,-0.0790343430771182,-0.3756757017268134
2023-10-06,85.70622168323769,86.97579430338538,84.68079105275142,86.48749542236328,3947300,TJX,85.96257561543445,86.04856433476499,86.97579430338538,84.68079105275142,87.01210131211148,83.1872821929944,-0.44376711339475605,-0.15198089714064578,-0.2917862162541103
2023-10-09,85.81364131784893,86.65351592355117,85.29603828575645,86.63397979736328,3487100,TJX,86.09929383112996,86.00556997509972,86.65351592355117,85.29603828575645,87.0440670239471,83.28291645631491,-0.41845105330614274,-0.2052749283737452,-0.21317612493239754
2023-10-10,86.80976740493522,87.5422156668404,86.37030142813171,86.57538604736328,5786000,TJX,86.82441763681766,86.05243190311484,87.5422156668404,86.05243190311484,87.09530197842501,83.38176463057808,-0.3985220056206913,-0.24392434382313444,-0.15459766179755685
2023-10-11,87.11251356924886,87.47385740764595,86.51678836448978,87.16134643554688,3916100,TJX,87.06612644423286,86.43842476996625,87.47385740764595,86.43842476996625,87.15185775798814,83.48434331734187,-0.3316232392243279,-0.2614641229033731,-0.07015911632095478
2023-10-12,87.28829193004802,87.46407979834626,86.16521063626041,86.83905792236328,2808300,TJX,86.93916007175449,86.75227560709956,87.46407979834626,86.16521063626041,87.21560237916667,83.58426596387159,-0.3011401185783029,-0.2693993220383591,-0.03174079653994383
2023-10-13,86.8488293056469,87.07345004350255,86.16521393104061,86.52655029296875,2846000,TJX,86.6535108932897,86.84571783942702,87.07345004350255,86.16521393104061,87.2761635438056,83.68266985514173,-0.2987549190657006,-0.2752704414438274,-0.023484477621873223
2023-10-16,86.91719682366052,88.19653744881566,86.8097704787094,87.58128356933594,6125100,TJX,87.37619708013037,86.74961436635837,88.19653744881566,86.74961436635837,87.35088671395249,83.79975573036117,-0.2093432914858937,-0.26208501145224067,0.05274171996634697
2023-10-17,87.47385472107362,88.83132491295433,87.24923397419055,88.48951721191406,4373500,TJX,88.01098270503314,87.06290572324437,88.83132491295433,87.06290572324437,87.434024889556,83.9274213362022,-0.06445408139308029,-0.22255882544040861,0.15810474404732833
2023-10-18,88.21607262626985,89.04617918671836,88.14771108484112,88.33325958251953,3701100,TJX,88.43580562008722,87.53694421413876,89.04617918671836,87.53694421413876,87.52541640136207,84.06660712108703,0.03733262937058157,-0.1705805344782106,0.20791316384879216
2023-10-19,88.41137562435746,88.81178419904977,86.99531214734647,87.7277603149414,4276200,TJX,87.98655807142377,87.98637491711298,88.81178419904977,86.99531214734647,87.5925572651525,84.20244340572619,0.06835267338863105,-0.12279389290484227,0.19114656629347332
2023-10-20,87.85471365136914,87.89377844700289,86.79022591102911,87.01483917236328,4166200,TJX,87.3883892954411,87.98646649426837,87.98646649426837,86.79022591102911,87.64636742447001,84.32879588620648,0.03500597657729543,-0.09123391900841474,0.12623989558571017
2023-10-23,86.80975540151024,87.11249825696494,85.85269397743178,86.26286315917969,3395000,TJX,86.50945269877167,87.68742789485474,87.68742789485474,85.85269397743178,87.6959782123696,84.4502747054146,-0.051505971851668164,-0.08328832957706543,0.03178235772539727
2023-10-24,86.73162702620053,87.97191010140375,86.73162702620053,87.36641693115234,4186400,TJX,87.20039527123929,87.09844029681321,87.97191010140375,86.73162702620053,87.75120449633363,84.57683880510996,-0.0306662462542846,-0.07276391291250926,0.04209766665822466
2023-10-25,87.26876339556772,87.53244147301203,86.32146251771671,86.86835479736328,3951300,TJX,86.99775554591494,87.14941778402624,87.53244147301203,86.32146251771671,87.81209537599283,84.69006739644693,-0.05372080529073742,-0.0689552913881549,0.015234486097417482
2023-10-26,86.75117760084542,87.48362589375864,85.80387661654176,85.87223815917969,4031600,TJX,86.47772956758138,87.07358666497059,87.48362589375864,85.80387661654176,87.80286657073279,84.79220994422907,-0.15063358700869856,-0.08529095051226364,-0.06534263649643492
2023-10-27,85.85268750614948,86.39957970725716,84.88585064238741,85.1495361328125,3553200,TJX,85.57191349715164,86.77565811627599,86.77565811627599,84.88585064238741,87.78001389524518,84.88067324214826,-0.2824972262186236,-0.12473220565353564,-0.15776502056508795
2023-10-30,85.38393097745805,86.46795494141065,85.01282656084805,86.20426940917969,3453300,TJX,85.76724547222412,86.17378580671382,86.46795494141065,85.01282656084805,87.75716150940771,84.97724322828986,-0.2984515855906409,-0.1594760816409567,-0.1389755039496842
2023-10-31,86.3116998040523,86.38006134324446,85.26674059020118,86.00895690917969,6610000,TJX,85.99186466166941,85.97051563946897,86.38006134324446,85.26674059020118,87.7310864138156,85.07914818058707,-0.3231307664594141,-0.19220701860464817,-0.1309237478547659
2023-11-01,86.47772952293987,86.6242132176122,85.17885279061797,85.99919128417969,5079600,TJX,86.06999670383743,85.98119015056919,86.6242132176122,85.17885279061797,87.71502166899295,85.17278698227959,-0.339562929345675,-0.22167820075285355,-0.11788472859282145
2023-11-02,86.24333576268486,88.16723431808082,86.02848308835758,87.81565856933594,8158100,TJX,87.0636779346148,86.02559342720332,88.16723431808082,86.02559342720332,87.70911305704378,85.26690175110188,-0.2036640948498416,-0.21807537957225118,0.014411284722409573
2023-11-03,88.55787327314233,89.37821170488554,88.48951173716374,88.8703842163086,3978400,TJX,88.82399523287505,86.54463568090907,89.37821170488554,86.54463568090907,87.74300086177598,85.36677536255664,-0.010732032225945431,-0.17660671010299003,0.1658746778770446
2023-11-06,88.86062292368213,89.28056023407201,88.55788001997634,88.7238998413086,4686800,TJX,88.85574075475976,87.68431545689205,89.28056023407201,87.68431545689205,87.78851058580697,85.47355729283176,0.12886250580959313,-0.11551286692047341,0.24437537273006654
2023-11-07,88.91922847110861,89.28056487150047,88.49929113890626,88.6457748413086,4438400,TJX,88.83621483070598,88.2700281058259,89.28056487150047,88.2700281058259,87.81707621533126,85.57661746967155,0.23053073354900278,-0.04630414682657818,0.27683488037558096
2023-11-08,88.73691887117903,89.3642421306799,88.53107912774436,88.62909698486328,8107400,TJX,88.81533427861665,88.55312146826594,89.3642421306799,88.53107912774436,87.82496005149893,85.67100512278591,0.3062277697702882,0.024202236492795102,0.2820255332774931
2023-11-09,88.82514386530914,89.82493801468554,88.27623038174323,89.25642395019531,7382800,TJX,89.0456840529833,88.6842278734413,89.82493801468554,88.27623038174323,87.81586780404699,85.77552757136604,0.41208796609812737,0.10177938241386156,0.31030858368426584
2023-11-10,89.62890571941672,89.7073155243956,87.95277555066811,89.3936538696289,6767300,TJX,89.17066266602733,88.86495596321231,89.7073155243956,87.95277555066811,87.79633551815468,85.88202945108243,0.5012778232773485,0.18167907058655894,0.3195987526907895
2023-11-13,89.2858261987481,89.82493563844847,88.76632481773679,89.3348388671875,5520700,TJX,89.30298138053021,89.01780931461983,89.82493563844847,88.76632481773679,87.77578724802106,85.98216912310703,0.5607515536557486,0.2574935672003969,0.3032579864553517
2023-11-14,90.21701955765586,91.40305291253168,90.08959708223874,90.66790771484375,7076000,TJX,90.59439431681751,89.16039534757502,91.40305291253168,89.16039534757502,87.7899052394911,86.09383667374142,0.707299124521299,0.3474546786645773,0.35984444585672165
2023-11-15,88.02138095909267,89.1093963629704,86.76672697356253,87.65870666503906,11607300,TJX,87.88905274016616,89.87739483219627,89.87739483219627,86.76672697356253,87.76866712484991,86.17575109948352,0.57400498234297,0.39276473940025586,0.18124024294271418
2023-11-16,87.00199540591855,87.91357585128875,85.53170484746882,86.61972045898438,9584200,TJX,86.76674914091512,88.88322378618122,88.88322378618122,85.53170484746882,87.72239500205922,86.23907333196037,0.38014879203544183,0.3902415499272931,-0.010092757891851267
2023-11-17,87.36464795556087,88.36444955909228,87.0313857399059,87.08039093017578,9344700,TJX,87.46021854618371,87.82498646354817,88.36444955909228,87.0313857399059,87.68139823483,86.30845465091379,0.26068362306293125,0.36432996455442074,-0.10364634149148949
2023-11-20,86.90397280547246,88.02139297087002,86.60010768801587,87.76654052734375,7061600,TJX,87.32300349792553,87.64260250486595,88.02139297087002,86.60010768801587,87.63741288380588,86.36936198697367,0.2188503830658135,0.33523404825669934,-0.11638366519088583
2023-11-21,88.00177606438412,88.21741984274728,86.688320291857,87.30583953857422,6659800,TJX,87.55333893439065,87.48280300139574,88.21741984274728,86.688320291857,87.59456756345104,86.42306322194855,0.14682995509710395,0.29755322962478026,-0.1507232745276763
2023-11-22,87.89397345492903,88.60951819661,87.45288925027589,88.16842651367188,4982200,TJX,88.03120185387169,87.5180709678932,88.60951819661,87.45288925027589,87.54521433427676,86.48183485797504,0.15754077501433983,0.2695507387026922,-0.11200996368835237
2023-11-24,88.57030136447544,88.80554575333463,87.776346878148,88.18802642822266,2066400,TJX,88.33505510604517,87.77463641088244,88.80554575333463,87.77463641088244,87.49353959108768,86.54469089125732,0.16570063252034117,0.24878071746622202,-0.08308008494588084
2023-11-27,87.93316188486043,88.12920508051894,87.24702939576376,87.33524322509766,6165500,TJX,87.66115989656019,88.05484575846381,88.12920508051894,87.24702939576376,87.43322093896339,86.60433451413157,0.10217706726839992,0.21945998742665762,-0.1172829201582577
2023-11-28,87.14901035948677,87.70772037256835,86.99217580507916,87.37445068359375,3865000,TJX,87.305839305182,87.858002827512,87.858002827512,86.99217580507916,87.37717335319054,86.6711748599277,0.05437114169725987,0.1864422182807781,-0.13207107658351822
2023-11-29,87.66852010731884,87.82534719842208,86.11000835674085,86.35505676269531,5014600,TJX,86.98973310629427,87.58192106634701,87.82534719842208,86.11000835674085,87.33277298045078,86.73427042791714,-0.06502243062183766,0.13614928850025496,-0.2011717191220926
2023-11-30,86.61971297001821,86.90397001746967,86.05119887511529,86.36486053466797,11206300,TJX,86.4849355993178,87.28582708632064,87.28582708632064,86.05119887511529,87.28535696066585,86.77918460987249,-0.15704133959629019,0.07751116288094594,-0.23455250247723614
2023-12-01,86.56089882659828,87.61950976324152,86.17862390141335,87.27644348144531,4964500,TJX,86.90886899317462,86.88538134281922,87.61950976324152,86.17862390141335,87.27005324135571,86.81411034460652,-0.15462741395477053,0.031083447513802643,-0.18571086146857319
2023-12-04,86.78635313629887,87.90377338231383,86.5511087366864,86.81575775146484,5884400,TJX,87.01424825169099,86.89712516799692,87.90377338231383,86.5511087366864,87.26657411684282,86.85558639366917,-0.18772388470181056,-0.01267801892932,-0.17504586577249057
2023-12-05,86.49227866502505,86.64911322605886,85.70812829470643,86.25703430175781,3840200,TJX,86.27663862188703,86.95568670984395,86.95568670984395,85.70812829470643,87.26147818783214,86.89506123365359,-0.2560853961218328,-0.06135949436782256,-0.19472590175401022
2023-12-06,86.22763569217558,87.27644258765996,86.22763569217558,86.80594635009766,5102500,TJX,86.63441508052719,86.61616266586549,87.27644258765996,86.22763569217558,87.27110659371675,86.93227689904259,-0.2629387770406453,-0.10167535090238711,-0.16126342613825817
2023-12-07,87.0117838641231,87.52148873147512,86.74713487866697,87.12940979003906,4210200,TJX,87.10245431607606,86.62528887319634,87.52148873147512,86.62528887319634,87.29170700048127,86.97514573757216,-0.23950843039150982,-0.12924196680021166,-0.11026646359129816
2023-12-08,87.2666290539693,87.53128549574063,86.67851442977536,87.3646469116211,5124900,TJX,87.21026897277659,86.86387159463621,87.53128549574063,86.67851442977536,87.29561538918988,87.01760918299286,-0.1996565259630927,-0.14332487863278787,-0.056331647330304824
2023-12-11,87.88416751103658,89.07999749945611,87.88416751103658,88.97217559814453,4891000,TJX,88.45512702991846,87.0370702837064,89.07999749945611,87.0370702837064,87.31851251939281,87.06836227848682,-0.03792232925560768,-0.12224436875735184,0.08432203950174416
2023-12-12,88.88395740514638,89.58969800524845,88.60950438916976,89.36425018310547,4237200,TJX,89.1118524956675,87.74609865681242,89.58969800524845,87.74609865681242,87.36636074755057,87.12570693922973,0.12050126558908403,-0.07369524188806467,0.1941965074771487
2023-12-13,89.72692579057507,90.06999206542969,89.0701978532414,90.06999206542969,5567000,TJX,89.73427694366896,88.42897557623996,90.06999206542969,88.42897557623996,87.4358379568463,87.18594400378224,0.29954757962045164,0.0009533224136385876,0.29859425720681304
2023-12-14,90.30524922882182,90.48168440634008,88.08021266405524,88.16842651367188,7156000,TJX,89.25889320322226,89.08162625995446,90.48168440634008,88.08021266405524,87.50547535728329,87.23466595064397,0.2847205442669747,0.05770676678430581,0.22701377748266888
2023-12-15,87.639110295061,88.3350468292842,86.8255478407768,87.521484375,9827000,TJX,87.58029733503051,89.17025973158836,89.17025973158836,86.8255478407768,87.53851370203176,87.261883566974,0.21825132266558,0.08981567796056066,0.12843564470501934
2023-12-18,87.96257545056892,88.52128552808519,87.59990858867135,88.0409927368164,4367300,TJX,88.03119057603547,88.37527853330943,88.52128552808519,87.59990858867135,87.57988600124378,87.29599365667764,0.20512936511519797,0.11287841539148813,0.09225094972370984
2023-12-19,87.74692599188731,89.5700866489652,87.74692599188731,89.4720687866211,4429400,TJX,88.63400185484022,88.20323455467245,89.5700866489652,87.74692599188731,87.63058016171797,87.33732359283255,0.3066708853651079,0.15163690938621208,0.15503397597889582
2023-12-20,89.1192046227815,89.39365764751561,88.25663690529085,88.27623748779297,4783100,TJX,88.76143416584523,88.41861820475634,89.39365764751561,88.25663690529085,87.66932049229852,87.38231123536178,0.287337432829716,0.17877701407491287,0.10856041875480316
2023-12-21,88.60949058252451,89.67789786800068,88.48206064618807,89.57007598876953,5376200,TJX,89.0848812713707,88.59002618530079,89.67789786800068,88.48206064618807,87.7096955888413,87.43077667341473,0.37212782841029934,0.21744717694199017,0.15468065146830917
2023-12-22,89.75633158344026,90.14841053626675,89.49168259029568,90.0307846069336,3463200,TJX,89.85680232923407,88.83745372833575,90.14841053626675,88.83745372833575,87.76804843399088,87.49182540657877,0.4710699616855578,0.2681717338907037,0.2028982277948541
2023-12-26,90.0993925847187,91.03058097791742,90.01117875159947,90.95216369628906,3275600,TJX,90.52332900263116,89.34712802878491,91.03058097791742,89.34712802878491,87.8454447961777,87.56080416999166,0.6167207346368571,0.3378815340399344,0.2788392005969227
2023-12-27,90.93255615234375,91.30503450304869,90.540484698546,90.93255615234375,3525300,TJX,90.92765787657055,89.93522851570803,91.30503450304869,89.93522851570803,87.91647401210652,87.63368036302948,0.7222422970089184,0.4147536866337312,0.3074886103751872
2023-12-28,91.13840455913036,91.82453709038174,90.85414751667373,91.39324951171875,3249100,TJX,91.30258466947615,90.4314431961393,91.82453709038174,90.4314431961393,87.98230605139537,87.70816547047569,0.8334356717290916,0.4984900836528033,0.3349455880762883
2023-12-29,91.73632152917897,92.42246158173478,91.53048175689747,91.95196533203125,5342500,TJX,91.91030754996062,90.86701393280772,92.42246158173478,90.86701393280772,88.05179608999283,87.78860624567746,0.9556250686803196,0.5899170806583066,0.365707988022013
2024-01-02,91.24621018102344,92.36363766152165,90.99136525299753,91.43244934082031,5273500,TJX,91.50841560909073,91.38866074138417,92.36363766152165,90.99136525299753,88.1222332407462,87.85739525294933,0.9990243169223731,0.67173852791112,0.32728578901125316
2024-01-03,91.21680707891375,91.40304624178675,89.84454212600671,89.88374328613281,5337800,TJX,90.58703468321,91.44853817523745,91.44853817523745,89.84454212600671,88.18620614850157,87.9162867864858,0.8980981815025046,0.7170104586293969,0.1810877228731077
2024-01-04,90.00137497695933,91.23642099211457,89.50147415301589,90.9423599243164,5328000,TJX,90.42040751160155,91.01778642922372,91.23642099211457,89.50147415301589,88.26442524475814,87.98020172856386,0.8932383122793368,0.752256029359385,0.14098228291995185
2024-01-05,90.81493136237806,91.3736413711154,89.74651653406237,89.89354705810547,4533700,TJX,90.45715908141533,90.71909697041264,91.3736413711154,89.74651653406237,88.32956052096168,88.04038250864765,0.7955853848166612,0.7609219004508403,0.034663484365820896
2024-01-08,89.77594105103667,91.10900513561056,89.77594105103667,90.98158264160156,4716100,TJX,90.41061746982136,90.58812802591399,91.10900513561056,89.77594105103667,88.3978177594398,88.10495656771633,0.7968050422137765,0.7680985288034275,0.02870651341034891
2024-01-09,90.6679056099327,91.3638421501933,90.37384454637088,91.23641967773438,3609400,TJX,90.91050299605782,90.49937274786768,91.3638421501933,90.37384454637088,88.48647322800934,88.14466989937105,0.809009095282363,0.7762806420992147,0.03272845318314832
2024-01-10,91.23641836200133,92.58908278265508,91.23641836200133,92.27542114257812,4653800,TJX,91.83433516230897,90.70493787196276,92.58908278265508,90.70493787196276,88.6117216613125,88.19586777827882,0.8922345061893537,0.7994714149172425,0.09276309127211124
2024-01-11,92.4714616915123,93.4516553027174,92.04998561784654,93.36344146728516,4287900,TJX,92.83413601984034,91.26963651713587,93.4516553027174,91.26963651713587,88.75305947226481,88.25511049083624,1.0340653297405424,0.8463901978819025,0.18767513185863993
2024-01-12,93.75551935516798,93.75551935516798,92.92235629065132,93.14779663085938,2958900,TJX,93.39529790796166,92.0518862684881,93.75551935516798,92.0518862684881,88.90112813719064,88.31610727550313,1.1161996879675797,0.900352095899038,0.21584759206854176
2024-01-16,93.19681463222494,94.02017371390906,93.19681463222494,93.9711685180664,5972000,TJX,93.59624287410634,92.72359208822488,94.02017371390906,92.72359208822488,89.05165306059604,88.38333736479449,1.233511832133857,0.9669840431460018,0.2665277889878551
2024-01-17,93.53987958026926,93.69670667432361,92.44206000875269,92.52047729492188,5530800,TJX,93.04978088956685,93.1599174811656,93.69670667432361,92.44206000875269,89.17137511969507,88.44024408836941,1.1956412853222957,1.0127154915812606,0.18292579374103513
2024-01-18,92.4420492465566,93.09878459391074,92.19700086451968,92.87333679199219,4390100,TJX,92.6527928742448,93.10484918536622,93.10484918536622,92.19700086451968,89.24795107252247,88.49547596714923,1.1804934232240072,1.0462710779098099,0.1342223453141973
2024-01-19,93.27522014934053,93.80451807604142,92.40284102532894,93.60848236083984,4138600,TJX,93.27276540288769,92.87882102980551,93.80451807604142,92.40284102532894,89.33629156548503,88.562401075646,1.2138166145567908,1.0797801852392062,0.13403642931758464
2024-01-22,93.62809401645806,93.75552397686783,92.90275281047069,93.24581909179688,3974100,TJX,93.38304747389837,93.0757932163466,93.75552397686783,92.90275281047069,89.42722821834889,88.62215221684008,1.197161456793495,1.103256439550064,0.09390501724343103
2024-01-23,93.26542162923293,93.76532245429395,93.09879051364045,93.17720031738281,3387500,TJX,93.32668372863753,93.22942034512249,93.76532245429395,93.09879051364045,89.51745520734929,88.67120762942412,1.1649958160650868,1.1156043148530685,0.049391501212018296
2024-01-24,93.34384221065936,93.7457177082511,93.0105724894108,93.06938171386719,3438900,TJX,93.29237853054713,93.27805203688001,93.7457177082511,93.0105724894108,89.60238909690055,88.70912845047378,1.1179175956576444,1.1160669710139837,0.0018506246436607032
2024-01-25,93.47125560767378,94.01036504042136,93.15759397724332,93.6182861328125,4326700,TJX,93.56437518953774,93.28521528371357,94.01036504042136,93.15759397724332,89.69026334737076,88.74329943276273,1.1120803954747203,1.115269655906131,-0.0031892604314107675
2024-01-26,93.79473317032856,94.53967496321064,93.64770262653094,94.47106170654297,4163600,TJX,94.11329311665328,93.42479523662566,94.53967496321064,93.42479523662566,89.78646958209323,88.78112841505714,1.1628614907233015,1.1247880228695653,0.03807346785373622
2024-01-29,94.47105330429551,94.93174547735484,93.73590812897534,94.5004653930664,3636500,TJX,94.40979307592302,93.76904417663947,94.93174547735484,93.73590812897534,89.86277755727535,88.82634139838324,1.1917408595356136,1.138178590202775,0.053562269332838586
2024-01-30,94.25542744215909,94.93175599313919,93.7261219599023,94.90235137939453,4112800,TJX,94.45391419364877,94.08941862628124,94.93175599313919,93.7261219599023,89.99407478634501,88.88137095559746,1.2328453341864218,1.1571119389995044,0.07573339518691746
2024-01-31,95.07879079848914,95.07879079848914,92.78514108426714,93.03018951416016,4967000,TJX,93.99322804885139,94.27166640996501,95.07879079848914,92.78514108426714,90.13860436450372,88.93049968328147,1.1016539295301868,1.146020337105641,-0.04436640757545418
2024-02-01,93.0791834349451,95.15719656083151,92.83413503474412,95.13758850097656,4608900,TJX,94.05202588287432,94.1324472294082,95.15719656083151,92.83413503474412,90.27044051123754,88.97591937303376,1.1544257803343925,1.1477014257513913,0.006724354583001135
2024-02-02,95.01997188173274,96.10798739780479,94.34363589112476,95.57868194580078,3973400,TJX,95.26256927911578,94.09223655614126,96.10798739780479,94.09223655614126,90.42923182686134,89.03332235533362,1.2178023396076014,1.1617216085226334,0.05608073108496803
2024-02-05,94.58867199516519,94.82391633936867,93.2752163052226,94.73570251464844,5466200,TJX,94.35587678860122,94.67740291762851,94.82391633936867,93.2752163052226,90.56528258394556,89.0799250736983,1.1863320272698132,1.1666436922720693,0.019688334997743917
2024-02-06,94.58868130195658,95.30422591209494,94.13779314858482,95.17679595947266,4410700,TJX,94.80187408052726,94.51663985311487,95.30422591209494,94.13779314858482,90.70069602847867,89.1229551813777,1.18334328781998,1.1699836113816515,0.013359676438328583
2024-02-07,95.60809217935854,96.3432374373191,95.47086566280197,95.89234924316406,4641900,TJX,95.82863613066093,94.65925696682106,96.3432374373191,94.65925696682106,90.850567648971,89.17205362002933,1.2245974628723246,1.1809063816797862,0.043691081192538395
2024-02-08,96.54906885086396,97.48024977232534,96.18639452949586,96.4118423461914,6246100,TJX,96.65688887471913,95.243946548741,97.48024977232534,95.243946548741,91.03048222853414,89.23185158374876,1.2844046286064241,1.201606031065114,0.08279859754131014
2024-02-09,96.2942275342449,97.10779010459686,96.06878716981957,96.79412841796875,3488200,TJX,96.56623330665752,95.95041771173007,97.10779010459686,95.95041771173007,91.21569010856366,89.29643173087709,1.3471207598663,1.2307089768253512,0.11641178304094879
2024-02-12,96.70590421982575,96.90193994862226,95.84332906524031,96.13739013671875,4062500,TJX,96.39714084260177,96.2583255091938,96.90193994862226,95.84332906524031,91.4038382632898,89.36830562187029,1.3285161478492142,1.250270411030124,0.0782457368190903
2024-02-13,95.25521792107024,96.09818504696074,95.2160092782051,96.01976776123047,4190200,TJX,95.64729500186664,96.32773317589778,96.32773317589778,95.2160092782051,91.58708545134078,89.43622120600332,1.28941711819175,1.258099752462449,0.03131736572930088
2024-02-14,96.29810471559995,96.6029987636286,95.05884607891014,95.57028198242188,4765700,TJX,95.88255788514013,95.98751408888221,96.6029987636286,95.05884607891014,91.76655922918009,89.51830623526791,1.2082333477210767,1.2481264715141747,-0.03989312379309795
2024-02-15,95.81617798981046,96.71120031067768,95.60963610894699,96.32762145996094,4802900,TJX,96.11615896734901,95.93503598701116,96.71120031067768,95.60963610894699,91.94859744349327,89.60758578016805,1.1912733337631636,1.2367558439639725,-0.04548251020080896
2024-02-16,96.37679975701154,96.86856831430347,95.44244249967393,96.42597961425781,4470000,TJX,96.27844754631168,96.02559747718009,96.86856831430347,95.44244249967393,92.14863362198176,89.70505590490694,1.1722560435832037,1.2238558838878189,-0.051599840304615174
2024-02-20,96.18992268756435,96.78988086464162,95.66864176849363,95.75716400146484,5591600,TJX,96.1014023305411,96.15202251174588,96.78988086464162,95.66864176849363,92.33797336698204,89.80453998034938,1.090644601611615,1.1972136274325782,-0.10656902582096328
2024-02-21,96.12107420149242,96.79970962813613,95.51127856082633,96.55382537841797,5690400,TJX,96.24647194221821,96.1267124211435,96.79970962813613,95.51127856082633,92.52085371950487,89.90628035999308,1.0778263497770268,1.1733361719014679,-0.09550982212444104
2024-02-22,97.14394891635222,97.49802284659876,96.73086516566192,97.47835540771484,5463200,TJX,97.21279808408192,96.18659218168085,97.49802284659876,96.18659218168085,92.72090430173098,90.00825984546043,1.1292523217618964,1.1645194018735536,-0.035267080111657245
2024-02-23,97.53736224474197,97.99962583419061,97.13411597772391,97.74390411376953,4581400,TJX,97.6037520426065,96.69969513288139,97.99962583419061,96.69969513288139,92.90387680198475,90.11119466068878,1.177857725688753,1.1671870666365936,0.01067065905215947
2024-02-26,97.89143874588065,98.04880827145683,96.80954952081632,97.59638214111328,4688600,TJX,97.58654466981676,97.15172358774394,98.04880827145683,96.80954952081632,93.07337064546773,90.21986569650915,1.1907478679758015,1.1718992269044353,0.01884864107136619
2024-02-27,97.50786436912401,99.08152217793871,97.38983721954078,98.86514282226562,5436200,TJX,98.21109164721727,97.36913412878036,99.08152217793871,97.36913412878036,93.2429069395387,90.33937244819249,1.2884888842985873,1.1952171583832658,0.09327172591532151
2024-02-28,99.21921330324841,101.14694498971885,98.32419850414774,99.43559265136719,7555500,TJX,99.53148736212054,97.79011288799882,101.14694498971885,97.79011288799882,93.44835882271667,90.47691708999997,1.3958889389037665,1.235351514487366,0.16053742441640062
2024-02-29,98.39304308344998,98.51107022565832,96.94724248251339,97.50785827636719,10568000,TJX,97.83980351699722,98.66080012505968,98.66080012505968,96.94724248251339,93.65354894635598,90.59603132419386,1.310347334233711,1.250350678436635,0.05999665579707614
2024-03-01,97.74390943149393,97.92094640083373,96.29811626964312,96.88823699951172,7110400,TJX,97.21280227537062,98.25030182102844,98.25030182102844,96.29811626964312,93.83718118034271,90.70853359079324,1.1789663474155958,1.2360738122324273,-0.05710746481683149
2024-03-04,96.5440008124252,97.01609439617248,96.16041445791622,96.32762145996094,5319400,TJX,96.5120327816187,97.73155204819953,97.73155204819953,96.16041445791622,93.99474179887828,90.81266098029813,1.0178755443612744,1.1924341586581968,-0.17455861429692243
2024-03-05,96.09156093584942,96.77020386026423,95.68831467186084,95.78666687011719,5982700,TJX,96.08418658452291,97.12179241490912,97.12179241490912,95.68831467186084,94.14119684725183,90.90525866977518,0.836912007230211,1.1213297283725998,-0.28441772114238884
2024-03-06,95.64897801333576,96.06206177299737,94.63593605349278,94.81297302246094,6421400,TJX,95.28998721557171,96.60298949971602,96.60298949971602,94.63593605349278,94.26529896613583,90.98749727748856,0.6079204161352294,1.0186478659251257,-0.4107274497898963
2024-03-07,95.35391381131478,95.9342045716629,94.0458152402302,94.18350982666016,6760100,TJX,94.87936086246701,95.94648835764386,95.94648835764386,94.0458152402302,94.3657501368005,91.06689928539568,0.3713695936335597,0.8891922114668125,-0.5178226178332528
2024-03-08,94.24251719471513,95.04901725300418,94.1933373420739,94.33103942871094,5372600,TJX,94.45397780462604,95.41292461005543,95.41292461005543,94.1933373420739,94.4443631128404,91.14490395450906,0.19357436370458458,0.750068641914367,-0.5564942782097824
2024-03-11,94.74411847330772,95.23588696013633,93.98679080146839,94.8818130493164,4185200,TJX,94.7121523210572,94.93345120734074,95.23588696013633,93.98679080146839,94.52005300173012,91.21826350691832,0.09600648818226887,0.6192562111679474,-0.5232497229856785
2024-03-12,94.88182350681531,95.84568564510913,94.67528162003805,95.61947631835938,4130900,TJX,95.25556677258047,94.82280176419897,95.84568564510913,94.67528162003805,94.59911264379224,91.29070934759379,0.07731526257497023,0.510868021449352,-0.4335527588743817
2024-03-13,95.72766272076336,96.48498294635553,95.56046322344709,96.44564056396484,3919000,TJX,96.05468736363271,95.03918426838972,96.48498294635553,95.03918426838972,94.68200024006566,91.36689816502926,0.12769489444005444,0.43423339604749245,-0.306538501607438
2024-03-14,96.87839136961752,97.02592341560876,96.07189135582922,97.0062484741211,5858300,TJX,96.74561365379415,95.54693581601121,97.02592341560876,95.54693581601121,94.78674420095972,91.45448872085295,0.21043176244435813,0.3894730693268656,-0.17904130688250747
2024-03-15,96.70135858765079,97.00625265974108,95.6096319055181,95.94403839111328,7609900,TJX,96.31532038600581,96.14627473490268,97.00625265974108,95.6096319055181,94.90130991501564,91.54375803175859,0.18812130468705845,0.3492027163989042,-0.16108141171184576
2024-03-18,95.94403895513716,95.94403895513716,94.57692310259036,94.63593292236328,4780400,TJX,95.27523348380699,96.23079756045425,96.23079756045425,94.57692310259036,94.99840643445975,91.63141583960896,0.06414747498050133,0.2921916681152236,-0.2280441931347223
2024-03-19,94.86213649950766,96.84888535473684,94.69493701773048,96.7997055053711,5573300,TJX,95.80141609433652,95.75301552213062,96.84888535473684,94.69493701773048,95.10529157471818,91.71742604783992,0.13889459536510174,0.26153225356519927,-0.12263765820009753
2024-03-20,96.85872743199803,97.25213623046875,96.1210746791777,97.25213623046875,5825800,TJX,96.87101864302831,95.77721580823356,97.25213623046875,95.77721580823356,95.23449959818232,91.81615867881105,0.23196564957318344,0.2556189327667961,-0.02365328319361265
2024-03-21,97.17345409327463,97.96027915449578,96.91773238407681,97.54719543457031,4962000,TJX,97.39966526660439,96.32411722563094,97.96027915449578,96.32411722563094,95.36428284359324,91.92537803580127,0.3257785698688309,0.2696508601872031,0.056127709681627835
2024-03-22,97.20297688811569,97.98980209412454,96.85874039149975,97.84227752685547,5138400,TJX,97.47344922514885,96.86189124611766,97.98980209412454,96.85874039149975,95.47706512485003,92.04439339308126,0.4191054570079018,0.29954177955134287,0.11956367745655894
2024-03-25,97.89143307194209,97.95044288871686,96.52431728885506,96.56365966796875,6915400,TJX,97.2324632293707,97.16767023563327,97.95044288871686,96.52431728885506,95.56503166904065,92.15904557065272,0.3854506766272294,0.3167235589665202,0.06872711766070921
2024-03-26,96.6325053686196,97.75373689167736,96.59316299015195,97.66522216796875,5256900,TJX,97.16115685460441,97.20006673250198,97.75373689167736,96.59316299015195,95.64034884797351,92.27073849258208,0.4425643025212622,0.3418917076774686,0.1006725948437936
2024-03-27,98.43238704939903,99.9371974937782,98.43238704939903,99.41592407226562,5461600,TJX,99.05447391621047,97.1806117935532,99.9371974937782,97.1806117935532,95.74951346881558,92.4005832647058,0.6219251094474316,0.39789838803146127,0.22402672141597035
2024-03-28,99.55361603668754,100.36011607407377,99.22904702676836,99.75032043457031,4778100,TJX,99.72327489302499,98.11754285488183,100.36011607407377,98.11754285488183,95.88298334888474,92.5271792342899,0.7820379858332984,0.4747263075918287,0.3073116782414697
2024-04-01,99.38642826122641,99.49461794395009,97.72424813919228,98.05864715576172,3731300,TJX,98.66598537503263,98.92040887395342,99.49461794395009,97.72424813919228,96.00324719890051,92.62559913571147,0.7636221375601906,0.5325054735855012,0.23111666397468944
2024-04-02,97.7340833996033,97.88160796016733,96.96691816570788,97.83243560791016,4350100,TJX,97.60376128334717,98.79319712449302,98.79319712449302,96.96691816570788,96.08986711650971,92.71307934099735,0.7224461541835865,0.5704936097051182,0.1519525444784683
2024-04-03,97.77342075340205,98.0684773631424,95.55062494182245,95.67848205566406,5036200,TJX,96.76775127850775,98.1984792039201,98.1984792039201,95.55062494182245,96.15756119260188,92.79239470547536,0.5101274091460084,0.5584203695932962,-0.048292960447287814
2024-04-04,96.24893158149368,96.63251041183273,94.00646841834487,94.17366790771484,5660700,TJX,95.26539457984653,97.48311524121392,97.48311524121392,94.00646841834487,96.19633540962606,92.85689530848768,0.2179252420106934,0.4903213440767757,-0.2723961020660823
2024-04-05,94.57691639928036,95.67847297719035,94.35069959986448,95.2162094116211,5866100,TJX,94.95557459698907,96.37425491053023,96.37425491053023,94.35069959986448,96.22959933095491,92.91599421392773,0.0696741456549006,0.4061919043924007,-0.3365177587375001
2024-04-08,94.88181398686257,95.37358247855042,94.63592974101863,94.64576721191406,5390200,TJX,94.88427335458641,95.66491475375965,95.66491475375965,94.63592974101863,96.25599729425589,92.97313032081333,-0.09277636623187391,0.3063982502675458,-0.3991746164994197
2024-04-09,95.3834223170585,95.68831638825974,94.71461685161022,95.5014419555664,7992300,TJX,95.32194937812372,95.27459405417304,95.68831638825974,94.71461685161022,96.28017041948527,93.03332000078926,-0.15073617387194815,0.214971365439647,-0.36570753931159516
2024-04-10,95.01951531755459,95.50144637259932,94.52774679091526,94.6949462890625,3910700,TJX,94.93591369253292,95.29827171614838,95.50144637259932,94.52774679091526,96.29069283181748,93.0767351945464,-0.25876432506181857,0.1202242273393539,-0.37898855240117246
2024-04-11,94.59659190119595,94.92116092219696,93.27864837824885,94.2818603515625,4845100,TJX,94.26956538830106,95.11709270434065,95.11709270434065,93.27864837824885,96.28700585571055,93.14054032102777,-0.3734056086144335,0.021498260148596425,-0.3949038687630299
2024-04-12,93.35733861246693,93.77042238860707,92.37380152425183,92.86557006835938,3951200,TJX,93.09178314842131,94.69332904632086,94.69332904632086,92.37380152425183,96.26897695770192,93.20379066110283,-0.5719493649454819,-0.09719126487021924,-0.47475810007526265
2024-04-15,93.76059039169179,93.8589425976267,91.4197673699627,91.44927978515625,5194900,TJX,92.62214503610936,93.89255609737108,93.89255609737108,91.4197673699627,96.24037934076661,93.25540992600209,-0.8339660699624147,-0.24454622588865835,-0.5894198440737564
2024-04-16,91.47877799906998,92.34428785323925,91.45910305704807,91.84268188476562,4063500,TJX,91.78121269853074,93.25735056674023,93.25735056674023,91.45910305704807,96.17075220915493,93.29999201800814,-0.9983634226995832,-0.3953096652508433,-0.6030537574487399
2024-04-17,92.70819569255025,92.70819569255025,91.28206260224589,91.59679412841797,4768400,TJX,92.07381202894109,92.51928163263548,92.70819569255025,91.28206260224589,96.12511091396172,93.34519674895364,-1.1354023842085752,-0.5433282090423898,-0.5920741751661854
2024-04-18,92.10824392661264,92.15741627560591,90.99684228551821,91.1345443725586,3290800,TJX,91.59926171507384,92.29654683078829,92.29654683078829,90.99684228551821,96.06105866665264,93.38087734756566,-1.266704657833074,-0.6880034988005267,-0.5787011590325474
2024-04-19,91.48860682957262,91.85251821453856,90.8296388520701,91.82301330566406,6043900,TJX,91.49844430046133,91.94790427293105,91.94790427293105,90.8296388520701,95.97445483004866,93.41251123950983,-1.3002208301648608,-0.8104469650733935,-0.48977386509146725
2024-04-22,92.5803307926982,93.05243183235807,91.78366826105064,92.53115844726562,4114500,TJX,92.48689733334314,91.72317428669619,93.05243183235807,91.72317428669619,95.89105499922114,93.46076861387765,-1.2551723974176667,-0.8993920515422482,-0.3557803458754185
2024-04-23,92.91473947604379,93.11144387005045,91.95086993631124,92.94424438476562,5843600,TJX,92.73032441679277,92.10503581001967,93.11144387005045,91.95086993631124,95.81433682142386,93.51501346499376,-1.172621357972801,-0.9540379128283588,-0.21858344514444228
2024-04-24,92.53116904383847,93.91795240603025,92.28528477714276,93.71141052246094,6897000,TJX,93.11145418736811,92.41768011340622,93.91795240603025,92.28528477714276,95.74862308831918,93.5762306758045,-1.033382972973655,-0.9699069248574181,-0.06347604811623686
2024-04-25,95.74733136825951,95.87519598859075,92.91474733451665,94.8326416015625,6248700,TJX,94.84247907323234,92.76456715038717,95.87519598859075,92.76456715038717,95.73252676974649,93.65980611054366,-0.8230736909750789,-0.9405402780809503,0.11746658710587143
2024-04-26,95.04900974941845,96.26859345996338,94.70477331948133,94.77362060546875,3748400,TJX,95.19899928358298,93.80352311180975,96.26859345996338,93.80352311180975,95.71885559771536,93.74270741344773,-0.6536299319355123,-0.8831582088518628,0.22952827691635047
2024-04-29,94.48840028543067,94.70477962831725,93.06227462192095,93.30815887451172,4631000,TJX,93.89090335254515,94.50126119769637,94.70477962831725,93.06227462192095,95.67435048541927,93.81147396445627,-0.6303290060186413,-0.8325923682852185,0.20226336226657726
2024-04-30,93.05243617898755,93.3475002805318,92.50165786014952,92.5409927368164,5117000,TJX,92.86064676412133,94.19608227512076,94.19608227512076,92.50165786014952,95.60599446977547,93.8773140458786,-0.6660884966290581,-0.7992915939539865,0.1332030973249284
2024-05-01,92.01971469316004,92.86555707094477,91.85251521247483,92.27543640136719,5363900,TJX,92.2533058444867,93.52836451962105,93.52836451962105,91.85251521247483,95.52903254005437,93.9335029535182,-0.7076984206288444,-0.7809729592889582,0.0732745386601138
2024-05-02,93.9277792345429,94.0064639918797,92.76720532709533,93.34749603271484,6314400,TJX,93.5122361465582,92.89083518205388,94.0064639918797,92.76720532709533,95.47434782414116,93.99760077182303,-0.6467134227362124,-0.7541210519784091,0.10740762924219671
2024-05-03,93.70156673001232,93.92778354178134,92.95408401240992,93.54420471191406,5893900,TJX,93.53190974902941,93.20153566430604,93.92778354178134,92.95408401240992,95.40073005744013,94.06081717958556,-0.5758713397476214,-0.7184711095322516,0.14259976978463018
2024-05-06,93.84910874397026,96.05223726156714,93.80976635932112,95.84568786621094,6229600,TJX,94.88920005776737,93.36672270666773,96.05223726156714,93.36672270666773,95.34643901774334,94.12515790986404,-0.33021154914601425,-0.6408191974550042,0.3106076483089899
2024-05-07,95.99321369850419,96.65218171504804,95.87519405601402,96.30794525146484,4749300,TJX,96.20713368025778,94.12796138221755,96.65218171504804,94.12796138221755,95.31885079795217,94.19611072170994,-0.09710472464705333,-0.532076302893414,0.4349715782463607
2024-05-08,96.18992975313301,96.93741253374834,95.86536071471737,96.87840270996094,5814400,TJX,96.46777642788992,95.16754753123766,96.93741253374834,95.16754753123766,95.28398449356563,94.26344571655216,0.13214201174524476,-0.39923263996568226,0.531374651710927
2024-05-09,97.0750973584556,97.65538808122143,96.92757281382941,97.28164672851562,6000600,TJX,97.2349262455055,95.81766197956378,97.65538808122143,95.81766197956378,95.23805327123331,94.343206046975,0.342413000293476,-0.25090351191385063,0.5933165122073266
2024-05-10,97.63571469378901,97.9406162663845,96.937404324205,97.18328857421875,2906000,TJX,97.42425596464932,96.52629411253464,97.9406162663845,96.52629411253464,95.22974232018636,94.44164563327118,0.49540685080424396,-0.10164143937023172,0.5970482901744757
2024-05-13,97.43901439000604,97.9701252928098,96.94724586931281,97.12428283691406,4146600,TJX,97.37016709726068,96.97527503859197,97.9701252928098,96.94724586931281,95.23288961662416,94.53503539848343,0.6049211551994347,0.03967107954370156,0.5652500756557332
2024-05-14,97.38983280886252,97.67505944626015,96.46531310893755,97.40950775146484,5709600,TJX,97.23492827888127,97.17272106792632,97.67505944626015,96.46531310893755,95.24734752656941,94.62104466272383,0.7065822568954445,0.17305331501405016,0.5335289418813943
2024-05-15,97.24660223516152,98.08578460585541,96.9504166773582,97.22686004638672,4246800,TJX,97.37741589119047,97.2038246734038,98.08578460585541,96.9504166773582,95.27321211270275,94.70720447997728,0.7636088614442684,0.2911644243000938,0.4724444371441746
2024-05-16,97.56252887543477,98.19438436142609,97.48354505660797,97.6612548828125,3592000,TJX,97.72542829407033,97.29062028229714,98.19438436142609,97.29062028229714,95.32192093427273,94.79360995020429,0.8342383093789465,0.39977920131586436,0.43445910806308213
2024-05-17,97.94757305366495,99.10268324601411,97.45393544678288,99.01383209228516,6467500,TJX,98.37950595968678,97.50802428818373,99.10268324601411,97.45393544678288,95.39192383621712,94.87883698650882,0.9879656792072922,0.5174164968941499,0.47054918231314224
2024-05-20,98.2832376663066,98.61890757949791,96.4765224540749,96.5456314086914,7054100,TJX,97.48107477714271,97.94376512393526,98.61890757949791,96.4765224540749,95.45246577566746,94.94841444425393,0.900254980760991,0.5939841936675182,0.3062707870934728
2024-05-21,97.14788429084638,97.48355425406302,96.28895212776668,96.456787109375,7664700,TJX,96.84429444551277,97.71241995053899,97.71241995053899,96.28895212776668,95.49510861815658,95.00758080994336,0.8141891620241211,0.6380251873388388,0.17616397468528222
2024-05-22,100.80079265373125,103.64414994435549,99.50746460031141,99.83326721191406,14857300,TJX,100.94641860257806,97.27835719802587,103.64414994435549,97.27835719802587,95.60892565475652,95.10401914927438,1.0068290083784177,0.7117859515467546,0.2950430568316631
2024-05-23,98.39183762103575,99.7049077466434,97.95743417755922,98.8854751586914,7430400,TJX,98.73491367598244,99.11238790030197,99.7049077466434,97.95743417755922,95.66253018100353,95.17226521053459,1.070676484799165,0.7835640581972367,0.28711242660192826
2024-05-24,99.606184744197,101.26480722194493,99.41860006390111,100.84027862548828,5624400,TJX,100.28246766388283,98.9236507881422,101.26480722194493,98.9236507881422,95.73326726120531,95.26000573108252,1.2644367330807142,0.8797385931739323,0.3846981399067819
2024-05-28,100.70206935482342,101.66960235499879,100.04059678544367,100.12944793701172,5090300,TJX,100.6354291080694,99.6030592260125,101.66960235499879,99.6030592260125,95.81966943564656,95.3604896753311,1.3451292176042529,0.9728167180599965,0.3723124995442564
2024-05-29,99.7838982959038,100.69218961874583,99.72466419772631,100.1491928100586,5367100,TJX,100.08748623060863,100.11924416704096,100.69218961874583,99.72466419772631,95.9159144905826,95.45716046252117,1.3945958068317879,1.0571725358143549,0.33742327101743297
2024-05-30,100.6921895782121,102.97280027717748,100.50461242328839,102.05463409423828,9088700,TJX,101.55605909322907,100.1033651988248,102.97280027717748,100.1033651988248,96.03100735056044,95.5681494626393,1.5694598659978283,1.1596300018510497,0.4098298641467786
2024-05-31,102.13360783378064,102.94317312837313,101.59061103885439,101.7880630493164,26987100,TJX,102.11386376258115,100.82971214602694,102.94317312837313,100.82971214602694,96.1358642529515,95.68518192556691,1.66731111257576,1.2611662239959918,0.40614488857976827
2024-06-03,102.38042538364654,104.32535854581967,102.38042538364654,104.0982894897461,7160100,TJX,103.29612470071471,101.47178795430403,104.32535854581967,101.47178795430403,96.2537934416337,95.80903814261347,1.9092660661103906,1.3907861924188716,0.518479873691519
2024-06-04,103.73299641122912,104.60179580397524,102.92343111526006,104.52281951904297,5068200,TJX,103.94526071237684,102.38395632750937,104.60179580397524,102.38395632750937,96.38322967137829,95.93014739811414,2.1109395384120972,1.5348168616175168,0.5761226767945804
2024-06-05,104.7104065652651,106.44801304728124,104.1871519081206,106.41839599609375,5377000,TJX,105.44099187919016,103.1646085199431,106.44801304728124,103.1646085199431,96.54740024437466,96.05621595670767,2.396103607035286,1.7070742107010708,0.6890293963342153
2024-06-06,106.42826806092972,106.57635331297631,105.15468216714575,105.5693359375,9229900,TJX,105.93215986963796,104.30280019956663,106.57635331297631,104.30280019956663,96.72282030467534,96.18158457632443,2.5244854383817596,1.8705564562372088,0.6539289821445509
2024-06-07,106.03335354875975,107.19833853729533,105.75691770949905,106.07284545898438,8043300,TJX,106.26536381363462,105.1174800346023,107.19833853729533,105.1174800346023,96.86703810262381,96.3082757857197,2.6364664311689836,2.023738451223564,0.6127279799454195
2024-06-10,105.89513449276315,106.15182060800117,105.01646021355144,105.9543685913086,4502700,TJX,105.75444597640609,105.69142192411846,106.15182060800117,105.01646021355144,96.98766152429145,96.43532243658811,2.684704479593165,2.1559316568974842,0.5287728226956809
2024-06-11,105.93462421862256,106.03335022493351,105.4607288430939,105.71742248535156,4010400,TJX,105.78653144300038,105.72293395026227,106.03335022493351,105.4607288430939,97.13007244565078,96.56665982227565,2.673001215865199,2.2593455686910273,0.41365564717417147
2024-06-12,105.76677920052553,106.2900413328891,104.82887086446704,105.72728729248047,4297700,TJX,105.65324467259053,105.75473269663132,106.2900413328891,104.82887086446704,97.29106211343566,96.69046461497268,2.6341573760103643,2.334307930154895,0.29984944585546947
2024-06-13,105.77665728010662,107.07986015601365,105.5298384965461,106.88240814208984,5636600,TJX,106.31719101868906,105.70398868461092,107.07986015601365,105.5298384965461,97.48205090823929,96.81980605042058,2.6658516732324244,2.4006166787704006,0.2652349944620238
2024-06-14,106.56648257194507,107.43528199614957,106.46774903065975,107.11935424804688,3698700,TJX,106.89721696170031,106.01058985165,107.43528199614957,106.01058985165,97.71468735587636,96.95551138275121,2.6792049951980488,2.4563343420559303,0.2228706531421185
2024-06-17,106.7244407351039,109.17288638751786,106.7244407351039,108.81746673583984,5444900,TJX,107.85980864839138,106.45390340667515,109.17288638751786,106.45390340667515,97.9727720369044,97.10118568392966,2.7945967137677314,2.5239868163982906,0.27060989736944085
2024-06-18,108.79772247819933,109.30123493207854,108.33370946794724,108.85696411132812,4869000,TJX,108.82240774738831,107.15685602753327,109.30123493207854,107.15685602753327,98.25153472476045,97.25376600950817,2.856306862671616,2.590450825652956,0.26585603701866
2024-06-20,108.6693728414272,109.92320893750592,108.33370291402287,108.97542572021484,7622200,TJX,108.9754276032927,107.98963188746079,109.92320893750592,107.98963188746079,98.52460428926382,97.40238735437457,2.8815546932890186,2.6486715991801684,0.23288309410885022
2024-06-21,108.76809709987627,109.69613811394807,108.50153613429785,109.597412109375,9238000,TJX,109.1407958643743,108.48252974537675,109.69613811394807,108.48252974537675,98.80870193270066,97.54969738225907,2.9181146748933315,2.7025602143228014,0.21555446057053018
2024-06-24,109.69615121761515,110.15029691874996,109.37034858452532,109.63691711425781,4657500,TJX,109.71342845878706,108.81166280487552,110.15029691874996,108.81166280487552,99.11757919411036,97.70229252491045,2.9166550634355843,2.745379184145358,0.17127587929022647
2024-06-25,109.70601998562411,109.95283877898711,108.55090230812823,109.2617416381836,4070100,TJX,109.36787567773077,109.2625456318313,109.95283877898711,108.55090230812823,99.44310104469656,97.85603900119926,2.8523447308580927,2.766772293487905,0.0855724373701876
2024-06-26,108.86682383430751,110.36748623019962,108.7286059205163,109.13339233398438,5966800,TJX,109.27407707975195,109.31521065478103,110.36748623019962,108.7286059205163,99.77613968556942,98.00825951316803,2.7592150986648676,2.765260854523298,-0.006045755858430368
2024-06-27,109.10378048946248,109.41970824066964,108.43243307660832,109.14327239990234,3377500,TJX,109.0247985516607,109.29464386726649,109.41970824066964,108.43243307660832,100.121011402632,98.14588180589345,2.655594393815605,2.7433275623817597,-0.08773316856615487
2024-06-28,108.93593378936127,109.34072020653831,108.39293698943801,108.69898986816406,12781400,TJX,108.84214521337542,109.15972120946358,109.34072020653831,108.39293698943801,100.45637806632071,98.29074449014121,2.508705555361246,2.696403160977657,-0.18769760561641124
2024-07-01,109.25186589562615,109.84422944761384,108.16585726261894,109.17288208007812,4546500,TJX,109.10870867148427,109.0009332114195,109.84422944761384,108.16585726261894,100.80656700544893,98.43381283605078,2.4028358378034085,2.6376896963428074,-0.23485385853939889
2024-07-02,108.95568950716033,109.48881900843237,108.49166896722103,108.79772186279297,4955600,TJX,108.93347483640167,109.05482094145188,109.48881900843237,108.49166896722103,101.15526761616773,98.5648612231082,2.2625794225224922,2.5626676415787446,-0.3000882190562524
2024-07-03,108.90632196450808,109.70601997691277,108.80759595363308,108.98530578613281,2277500,TJX,109.10131092029668,108.99414788892678,109.70601997691277,108.80759595363308,101.48755588790678,98.68930544356397,2.1418714964859475,2.4785084125601853,-0.33663691607423774
2024-07-05,109.00505426719961,110.29838231926104,109.00505426719961,110.21939849853516,4408800,TJX,109.63197233804885,109.04772940461173,110.29838231926104,109.00505426719961,101.8255888463319,98.8199628338779,2.1213371098798746,2.4070741520241232,-0.28573704214424867
2024-07-08,110.45634003495941,110.85125159771988,109.73563340030977,110.78214263916016,5074700,TJX,110.45634191803731,109.3398508713303,110.85125159771988,109.3398508713303,102.1724866009453,98.96055484463224,2.125965403843736,2.3508524023880457,-0.2248869985443096
2024-07-09,110.86112593648853,111.17705367874791,110.33787131952565,110.72290802001953,4328600,TJX,110.77473973869542,109.8980963946838,111.17705367874791,109.8980963946838,102.49113181425454,99.11182929200054,2.1006387653501406,2.300809674980465,-0.20017090963032436
2024-07-10,111.30539411295395,111.532470703125,110.21939299528812,111.532470703125,4240700,TJX,111.14743212862301,110.33641806668962,111.532470703125,110.21939299528812,102.81010047115535,99.26447803443534,2.1214375530419147,2.264935250592755,-0.1434976975508402
2024-07-11,111.49299272466241,112.56911911660379,110.99935510656549,112.49014282226562,3520800,TJX,111.88790244252432,110.74192509765632,112.56911911660379,110.74192509765632,103.17004045295492,99.4221954691871,2.189952469677266,2.249938694409657,-0.059986224732391236
2024-07-12,112.85541786515955,113.88218490573993,112.56910717316308,112.84555053710938,3866000,TJX,113.03806512029298,111.31491377009033,113.88218490573993,111.31491377009033,103.57358882007837,99.58979164492692,2.2470271369468833,2.2493563829171026,-0.002329245970219329
2024-07-15,112.83567362798354,112.98376640147369,111.838523654282,112.36177825927734,5555500,TJX,112.50493548575415,112.17648944519166,112.98376640147369,111.838523654282,103.9786214129037,99.75382697647905,2.227545089004039,2.24499412413449,-0.01744903513045104
2024-07-16,112.51975442655284,113.77359060159729,112.47038765420831,113.55638885498047,3660000,TJX,113.08003038433472,112.3407124654729,113.77359060159729,112.3407124654729,104.36997729765926,99.92216256090022,2.2821928187458838,2.252433863056769,0.029758955689114686
2024-07-17,113.38855194174009,113.68473750611854,112.43089382020315,112.5197525024414,5012600,TJX,113.00598394262579,112.71037142490381,113.68473750611854,112.43089382020315,104.75945878153118,100.08009441948565,2.216305458440843,2.245208182133584,-0.028902723692741272
2024-07-18,112.3716535689429,112.8356740793228,110.57481315644316,111.59170532226562,7285200,TJX,111.84346153174363,112.85817768376481,112.85817768376481,110.57481315644316,105.0985440110107,100.22249151437701,2.065395011254026,2.2092455479576727,-0.1438505367036469
2024-07-19,112.01623486141337,112.07546895861749,110.17002766466672,110.32799530029297,5721900,TJX,111.14743169624764,112.35081960775422,112.35081960775422,110.17002766466672,105.3973499713305,100.35810038464133,1.8228142886425616,2.1319592960946507,-0.30914500745208917
2024-07-22,110.87100792367788,112.14458630267761,110.67354836437838,111.76942443847656,4764600,TJX,111.3646417573026,111.74912565200093,112.14458630267761,110.67354836437838,105.69528727791877,100.48963588574217,1.7269711547292133,2.0509616678215634,-0.32399051309235016
2024-07-23,111.86814473648059,112.53949213917485,111.66081785904272,111.97674560546875,3203100,TJX,112.01130008504173,111.55688370465177,112.53949213917485,111.55688370465177,105.99081475470948,100.6144340129714,1.6487382380075388,1.9705169818587587,-0.32177874385121985
2024-07-24,111.62132379033842,111.70030760849522,109.73563220879177,109.83435821533203,4755500,TJX,110.72290545573935,111.78409189484674,111.78409189484674,109.73563220879177,106.25678774453128,100.74326503235883,1.397752904747378,1.8559641664364825,-0.45821126168910453
2024-07-25,110.20952274645889,111.1671808511571,109.77512680060353,109.8541030883789,3570800,TJX,110.2514833716496,111.25349867529305,111.25349867529305,109.77512680060353,106.51441407001904,100.87365184332161,1.1867582556869252,1.722122984286571,-0.5353647285996459
2024-07-26,110.33787346229839,111.08819715704107,110.09105467348027,110.406982421875,4958700,TJX,110.48102692867369,110.75249102347132,111.08819715704107,110.09105467348027,106.7793360430149,101.01334178479216,1.0520290813949487,1.5881042037082467,-0.536075122313298
2024-07-29,110.38723678243551,111.54235448137366,109.76525612324724,111.12769317626953,2579800,TJX,110.70563514083149,110.6167589760725,111.54235448137366,109.76525612324724,107.04590042800774,101.15955627035524,0.9919756964011412,1.4688785022468256,-0.47690280584568434
2024-07-30,111.32514627219986,111.91750984642123,111.21654540482292,111.79903411865234,3104600,TJX,111.56455891052408,110.66119705845199,111.91750984642123,110.66119705845199,107.32268304033681,101.32230198730477,0.9871750204120247,1.3725378058798654,-0.38536278546784075
2024-07-31,112.25318028149556,112.38153087023366,111.50285659918592,111.58183288574219,4360400,TJX,111.92985015916433,111.11287798448804,112.38153087023366,111.11287798448804,107.59368992432636,101.49280688027174,0.9548373551694596,1.2889977157377843,-0.33416036056832477
2024-08-01,112.34203476305669,112.50986972264587,111.26590098504994,112.21369171142578,3131400,TJX,112.08287429554457,111.52136407182618,112.50986972264587,111.26590098504994,107.88572591469439,101.66909584518093,0.969024932824027,1.225003159155033,-0.255978226331006
2024-08-02,111.63120079428158,112.73695167277539,110.19965484118003,111.70030975341797,3369800,TJX,111.56702926541374,111.80211918368538,112.73695167277539,110.19965484118003,108.18018061109242,101.83764461462448,0.9281439906573468,1.1656313254554957,-0.23748733479814899
2024-08-05,110.14041747331,111.05858369869529,106.45788524316146,107.50439453125,8563600,TJX,108.79032023660419,111.68457422454955,111.68457422454955,106.45788524316146,108.33705864377295,101.97299214926474,0.5508207391497422,1.0426692081943452,-0.491848469044603
2024-08-06,107.88942590060853,109.14326954425513,107.17858659591305,108.01777648925781,5045200,TJX,108.05726463250863,110.23744723057686,110.23744723057686,107.17858659591305,108.52350566290345,102.09301792195349,0.2898734961384122,0.8921100657831587,-0.6022365696447465
2024-08-07,108.50153564176443,109.61715379976742,106.38876751778386,106.55660247802734,4856500,TJX,107.76601485933577,109.14735593154275,109.61715379976742,106.38876751778386,108.6731766068125,102.20322193400891,-0.03443664097588339,0.7068007244313503,-0.7412373654072337
2024-08-08,107.12923192332237,108.62988688316005,106.892280456786,108.52128601074219,5158700,TJX,107.79317131850266,108.45668539543925,108.62988688316005,106.892280456786,108.81633145102118,102.31800044333387,-0.13140644788902023,0.5391592899672762,-0.6705657378562965
2024-08-09,108.28434158265863,109.5875445134176,108.08688956042404,109.2913589477539,7202100,TJX,108.81253365106355,108.12492835697095,109.5875445134176,108.08688956042404,108.99083239943027,102.45337344500643,-0.14445211419452164,0.4024370091349167,-0.5468891233294384
2024-08-12,109.6566522047503,110.13054759786276,108.75823572198007,109.97257995605469,4437100,TJX,109.62950387016195,108.46873100401726,110.13054759786276,108.46873100401726,109.15230129496894,102.59165432276468,-0.0986844832680589,0.3022127106543216,-0.4008971939223805
2024-08-13,109.93308994423909,110.29838447299538,109.02479858509096,109.62703704833984,4675500,TJX,109.72082751266632,109.0491174370896,110.29838447299538,109.02479858509096,109.30444056997062,102.72015241146107,-0.08926671967309119,0.22391682458883905,-0.31318354426193024
2024-08-14,106.85279605795532,108.91619756888387,106.33940874620139,107.69197845458984,7077800,TJX,107.4500952069076,109.38497247487797,109.38497247487797,106.33940874620139,109.38751998009451,102.82065671086411,-0.23523449391151985,0.13208656088876727,-0.3673210548002871
2024-08-15,109.53959303480069,110.66896872030914,109.21266650523354,110.44111633300781,5625500,TJX,109.96558614833779,108.41753384089279,110.66896872030914,108.41753384089279,109.5079264888137,102.94557808009598,-0.12761152908024087,0.08014694289496566,-0.20775847197520653
2024-08-16,110.40149084408594,110.91664162810208,109.92596064797439,110.41139221191406,4656300,TJX,110.41387133301913,109.19155999461529,110.91664162810208,109.19155999461529,109.60738407789029,103.07739216113248,-0.04420843490844106,0.055275867334284315,-0.09948430224272538
2024-08-19,110.82747882512413,111.64973825616966,110.76803282943364,111.44169616699219,7163100,TJX,111.1717365194299,109.80271566381721,111.64973825616966,109.80271566381721,109.71217561088613,103.21749795778074,0.10382915876409982,0.06498652562024741,0.038842633143852404
2024-08-20,111.9865783003402,112.43238171568957,111.31291493513261,112.25405883789062,6750600,TJX,111.99648344726324,110.48722609162355,112.43238171568957,110.48722609162355,109.82679800355871,103.34691805309127,0.2834336499608128,0.1086759504883605,0.1747576994724523
2024-08-21,118.77273791258389,119.7634188577607,116.81119387377946,119.10957336425781,11343400,TJX,118.61423100209547,111.24185476944339,119.7634188577607,111.24185476944339,110.0839937040725,103.53582761418197,0.9677980579879915,0.2805003719882867,0.6872976859997048
2024-08-22,117.91084728131615,119.93183739380832,117.63345781537927,117.89103698730469,7843800,TJX,118.34179486945212,114.92804288576943,119.93183739380832,114.92804288576943,110.33509897260154,103.73258570912616,1.3957467799846626,0.5035496535875619,0.8921971263971007
2024-08-23,119.01049678626723,119.41667959345476,117.36597038126054,118.35665130615234,4523900,TJX,118.53744951678371,116.63491887761077,119.41667959345476,116.63491887761077,110.59278306948539,103.94192259146051,1.7522713166139567,0.7532939861928409,0.9989773304211158
2024-08-26,118.55477812341293,119.52564870350133,118.55477812341293,119.01049041748047,3939600,TJX,118.91142384195192,117.58618419719724,119.52564870350133,117.58618419719724,110.84466772595064,104.16335931709499,2.0637888591318756,1.015392960780648,1.0483958983512276
2024-08-27,118.37646663111938,119.40677574380022,118.07926687599542,118.94115447998047,4680000,TJX,118.70091593272387,118.24880401957458,119.40677574380022,118.07926687599542,111.08074170537112,104.39771453062374,2.278805276527592,1.268075423930037,1.0107298525975552
2024-08-28,119.37705081555465,120.00117707393586,118.01981523467354,118.16841888427734,3906100,TJX,118.89161550211035,118.47485997614922,120.00117707393586,118.01981523467354,111.30137784244549,104.63707493967495,2.359653416123109,1.4863910223686514,0.8732623937544577
2024-08-29,118.18824446059571,118.82227968593921,116.13753512524805,116.27622985839844,5055000,TJX,117.35607228254536,118.6832377391298,118.82227968593921,116.13753512524805,111.47205113314865,104.86179292895454,2.245161484498226,1.6381451147945663,0.6070163697036597
2024-08-30,116.4050068464173,116.59323863784479,115.16665570975329,116.1771469116211,6369600,TJX,116.08551202640912,118.01965501083757,118.01965501083757,115.16665570975329,111.61425282161098,105.06942855543741,2.121969890069167,1.7349100698494864,0.38705982021968044
2024-09-03,116.76165871860648,117.1282133953215,115.57284458821086,116.44464111328125,5657500,TJX,116.47683945385502,117.05258351862335,117.1282133953215,115.57284458821086,111.76097369340057,105.28483781305063,2.022608834850402,1.7924498228496697,0.2301590120007324
2024-09-04,115.99881924119398,116.72201960070244,115.49357744033385,116.42481231689453,5540400,TJX,116.1598071497812,116.76471148623918,116.76471148623918,115.49357744033385,111.88990126722047,105.50374023066543,1.920130396607135,1.817985937601163,0.10214445900597213
2024-09-05,116.52389808895953,117.03904886627943,115.3747045389672,116.91026306152344,5387800,TJX,116.4619786389324,116.46225931801018,117.03904886627943,115.3747045389672,112.03178332644451,105.73744218557053,1.856684609559494,1.8257256719928292,0.03095893756666479
2024-09-06,116.5932431335689,117.03904653663949,114.33449178252573,114.54253387451172,4827100,TJX,115.62732883181147,116.4621189784713,117.03904653663949,114.33449178252573,112.1588483614857,105.96749402352756,1.5969388912897955,1.7799683158522226,-0.1830294245624271
2024-09-09,114.91898328525888,116.63286455128382,114.81991670787893,115.97901153564453,5752200,TJX,115.58769402001654,116.04472390514138,116.63286455128382,114.81991670787893,112.29010627085282,106.2055588367424,1.489826487934792,1.7219399502687365,-0.23211346233394448
2024-09-10,116.35547001014274,117.30653033630124,115.76106297501532,116.73193359375,5160200,TJX,116.53874922880232,115.81620896257897,117.30653033630124,115.76106297501532,112.44403835116134,106.45020820874102,1.4489905926429998,1.6673500787435893,-0.21835948610058953
2024-09-11,116.83100342044631,116.83100342044631,115.29544494191664,116.75174713134766,3561200,TJX,116.42729972853923,116.17747909569064,116.83100342044631,115.29544494191664,112.59041017230244,106.69848858887568,1.4020645113806722,1.614292965271006,-0.21222845389033385
2024-09-12,116.72202750578484,117.42541006291906,116.5437046350821,117.11830139160156,3287700,TJX,116.95236089884688,116.30238941211493,117.42541006291906,116.30238941211493,112.75078789355133,106.95302775485953,1.3785619156383575,1.5671467553444764,-0.18858483970611895
2024-09-13,117.7028005016186,118.89162216902875,117.26690602603439,118.6934814453125,3961000,TJX,118.13870253549857,116.6273751554809,118.89162216902875,116.6273751554809,112.9315357258554,107.20954580688108,1.4700934826247192,1.547736100800525,-0.07764261817580587
2024-09-16,119.23836444047906,119.62472942152465,118.36656789114731,118.49535369873047,3392200,TJX,118.93125386297038,117.38303884548974,119.62472942152465,117.38303884548974,113.1175213563538,107.47155510134287,1.509247984295527,1.5400384774995255,-0.030790493203998404
2024-09-17,118.4160897293809,119.11947227897777,116.37528944299294,116.74183654785156,3880100,TJX,117.6631719998008,118.15714635423006,119.11947227897777,116.37528944299294,113.26165795798909,107.71707227946719,1.3828434708986066,1.5085994761793418,-0.12575600528073516
2024-09-18,116.46444967824783,117.31643589709435,115.96910920488571,116.15734100341797,3183300,TJX,116.47683394591147,117.91015917701543,117.91015917701543,115.96910920488571,113.37569984213341,107.93341582819397,1.221423270579848,1.4511642350594431,-0.22974096447959513
2024-09-19,117.4154973336099,117.63344834166345,116.65267636371799,117.1876449584961,3186800,TJX,117.22231674937186,117.19349656146345,117.63344834166345,116.65267636371799,113.49719753454838,108.15364900285186,1.1632245884493813,1.3935763057374309,-0.2303517172880496
2024-09-20,116.66257972081179,117.39568143794128,116.45453764804375,116.83099365234375,7024800,TJX,116.83594811478514,117.20790665541764,117.39568143794128,116.45453764804375,113.5961584479936,108.38309945047428,1.07592039325867,1.3300451232416788,-0.2541247299830087
2024-09-23,117.42541465326094,117.45513387315722,115.35489504532967,116.03845977783203,3511600,TJX,116.56847583739497,117.02192738510139,117.45513387315722,115.35489504532967,113.66676666233565,108.620177741207,0.9320363940085059,1.2504433773950443,-0.3184069833865384
2024-09-24,116.13752758294164,116.66258726124008,115.20628509944142,116.5536117553711,3354400,TJX,116.14000292474856,116.79520161124819,116.79520161124819,115.20628509944142,113.73946801111553,108.85904471200962,0.8497800122457164,1.1703107043651788,-0.3205306921194624
2024-09-25,116.80128427428409,117.05886343486713,116.01864542511325,117.02913665771484,3743100,TJX,116.72698244799483,116.46760226799837,117.05886343486713,116.01864542511325,113.81240705238874,109.09119217502399,0.8135836368379614,1.0989652908597354,-0.28538165402177396
2024-09-26,117.39569080716124,117.74242762278062,116.41491879775332,116.97960662841797,3797900,TJX,117.13316096402829,116.5972923579966,117.74242762278062,116.41491879775332,113.89495059281678,109.32720468717397,0.7720019314111823,1.0335726189700247,-0.2615706875588424
2024-09-27,116.70221370369136,116.93997500471404,116.20687325088842,116.4050064086914,2998100,TJX,116.5635170919963,116.86522666101244,116.93997500471404,116.20687325088842,113.98935170402183,109.54394785751627,0.6847888748005033,0.9638158701361205,-0.27902699533561715
2024-09-30,116.46445140685962,116.76165871860648,115.45396015185293,116.44464111328125,5350400,TJX,116.28117784765007,116.71437187650437,116.76165871860648,115.45396015185293,114.09202662704988,109.7446882991902,0.6118174379383134,0.8934161836965591,-0.2815987457582456
2024-10-01,116.40500281981483,116.43472203673944,114.64159207153125,115.55301666259766,7888700,TJX,115.75858339767079,116.49777486207722,116.49777486207722,114.64159207153125,114.17990545985724,109.93759636888801,0.4765470689696798,0.8100423607511833,-0.3334952917815035
2024-10-02,114.91898847263646,115.54311474076863,114.33449034890413,115.36479187011719,4315500,TJX,115.0403463581066,116.12817912987401,116.12817912987401,114.33449034890413,114.24048638531855,110.115650570014,0.35012019167136543,0.7180579269352197,-0.3679377352638543
2024-10-03,114.42364922714086,114.77038604647304,113.17538911924923,113.98774719238281,4851700,TJX,114.08929289631149,115.58426274399031,115.58426274399031,113.17538911924923,114.30781413412998,110.28230093933064,0.13722810335146107,0.6018919622184681,-0.464663858867007
2024-10-04,114.03727708915258,114.46327017133262,112.82864520211639,113.6211929321289,6480000,TJX,113.73759634868263,114.8367778201509,114.8367778201509,112.82864520211639,114.37753639367065,110.44597523184484,-0.060372341060187296,0.46943910156273705,-0.5298114426229243
2024-10-07,113.24473726916,113.57166379749778,110.1835367537132,111.08505249023438,6345200,TJX,112.02124757765134,114.28718708441676,114.28718708441676,110.1835367537132,114.40834080665019,110.59383842483255,-0.4168126978180453,0.2921887416865806,-0.7090014395046259
2024-10-08,111.74880942821694,112.50172147620626,110.84728617409628,112.39274597167969,6289400,TJX,111.87264076254979,113.15421733103405,113.15421733103405,110.84728617409628,114.43168091908456,110.73879067354615,-0.587007654617679,0.11634946242572869,-0.7033571170434076
2024-10-09,112.36302969953078,113.16548639556362,112.13517731739847,112.91781616210938,3970800,TJX,112.64537739365056,112.51342904679191,113.16548639556362,112.13517731739847,114.4532972887471,110.88799016454195,-0.671775794701432,-0.04127558899970345,-0.6305002057017286
2024-10-10,112.67014708475236,112.7593047417288,111.17421674301633,111.54076385498047,3453100,TJX,112.03610810611949,112.57940322022124,112.7593047417288,111.17421674301633,114.4554224476862,111.02455618600628,-0.8403843415499637,-0.2010973395097555,-0.6392870020402082
2024-10-11,111.58039563630214,112.81874685663962,111.30300617227391,112.67015075683594,3865500,TJX,112.0930748555129,112.30775566317035,112.81874685663962,111.30300617227391,114.45562645888556,111.17067618678999,-0.8728144833311404,-0.3354407682740325,-0.5373737150571078
2024-10-14,112.95743707864159,114.28495346415403,112.59088996936615,114.16606903076172,4697500,TJX,113.49983738573087,112.20041525934163,114.28495346415403,112.20041525934163,114.4942826212919,111.33723161619217,-0.7689435983926245,-0.42214133429775097,-0.3468022640948735
2024-10-15,114.75057953478724,116.57342890694555,114.46328114407392,115.67191314697266,7378400,TJX,115.36480068319484,112.85012632253625,116.57342890694555,112.85012632253625,114.62577223022372,111.48141543699832,-0.5586760684622192,-0.4494482811306446,-0.10922778733157457
2024-10-16,115.2161988044972,116.40501293455299,114.9586196382766,116.30594635009766,4688700,TJX,115.72144443185611,114.10746350286556,116.40501293455299,114.10746350286556,114.77905582621068,111.65128074455706,-0.3369917246097742,-0.4269569698264706,0.08996524521669635
2024-10-17,116.9696986288321,117.45513017454257,116.11771241325287,116.38520050048828,2934400,TJX,116.73193542927896,114.91445396736083,117.45513017454257,114.91445396736083,114.95837423760953,111.81577542221103,-0.15314477968442475,-0.37219453179806145,0.2190497521136367
2024-10-18,116.76164838148681,117.03903781680161,116.04835694308005,116.61304473876953,3478100,TJX,116.61552197003451,115.8231946983199,117.03903781680161,115.8231946983199,115.13482125064019,111.97557635083066,0.010815697936905622,-0.29559248585106807,0.3064081837879737
2024-10-21,116.46444868580672,116.52389468174475,113.79952210146855,114.58216094970703,4495600,TJX,115.34250660468176,116.2193583341772,116.52389468174475,113.79952210146855,115.26542070971253,112.12812655457141,-0.022856317845523222,-0.2410452522499591,0.21818893440443587
2024-10-22,114.76047556077349,114.87935999362674,113.62119853535316,114.11653900146484,3900300,TJX,114.34439327280455,115.78093246942947,115.78093246942947,113.62119853535316,115.35971849776539,112.25600989636716,-0.08612068713203769,-0.21006033922637482,0.12393965209433713
2024-10-23,113.55184484635845,114.12643401073242,113.06640577464033,113.15557098388672,4156400,TJX,113.47506390390448,115.06266287111701,115.06266287111701,113.06640577464033,115.43480322559017,112.3696218977804,-0.2113637734495626,-0.21032102607101238,-0.0010427473785502017
2024-10-24,113.76979262709432,114.31467015354988,113.02678194099795,113.13575744628906,2847600,TJX,113.5617505419828,114.26886338751075,114.31467015354988,113.02678194099795,115.55703633229164,112.47227815619308,-0.30866056175798917,-0.22998893320840777,-0.0786716285495814
2024-10-25,113.50231091020366,113.74007221092735,112.51163000584357,112.7593002319336,2686900,TJX,113.12832833972705,113.91530696474678,113.91530696474678,112.51163000584357,115.62029117611945,112.56410883246659,-0.4114035148626556,-0.26627184953925737,-0.14513166532339822
2024-10-28,113.59148005651376,113.92830794768147,112.60079911783828,113.10604095458984,2798900,TJX,113.30665701915584,113.5218176522369,113.92830794768147,112.60079911783828,115.67814688984217,112.64276548386624,-0.4595515428112549,-0.3049277881936569,-0.15462375461759797
2024-10-29,112.10546405735973,113.89859422422259,111.72900044519017,113.0466079711914,3576500,TJX,112.69491667449097,113.41423733569637,113.89859422422259,111.72900044519017,115.7086104929434,112.71039305191476,-0.49677839480492025,-0.3432979095159096,-0.15348048528901065
2024-10-30,113.03669210792432,113.07632025194683,111.441695212923,111.89740753173828,3763700,TJX,112.3630287761331,113.05457700509368,113.07632025194683,111.441695212923,115.7159413995208,112.77136970153975,-0.6119575487186637,-0.39702983735646047,-0.21492771136220323
2024-10-31,111.30299836319804,112.50172135338619,110.99588970075598,111.9766616821289,3874200,TJX,111.69431777486727,112.70880289061338,112.70880289061338,110.99588970075598,115.57754313497622,112.83076841952436,-0.688901482965008,-0.45540416647817,-0.23349731648683797
2024-11-01,112.25405311538198,112.81874093990922,111.33271955343798,111.3426284790039,5067400,TJX,111.93703552193327,112.20156033274033,112.81874093990922,111.33271955343798,115.44944794802585,112.89227346031367,-0.7919126102396064,-0.5227058552304573,-0.26920675500914903
2024-11-04,111.68936868510683,112.47200754609496,110.68878636311457,111.63983917236328,4006800,TJX,111.62250044166991,112.0692979273368,112.47200754609496,110.68878636311457,115.31114896652358,112.95196601800448,-0.8398855736170816,-0.5861417989077822,-0.25374377470929943
2024-11-05,111.5110514800832,112.75931166243679,111.402075964893,112.6899642944336,2962800,TJX,112.09060085046164,111.84589918450337,112.75931166243679,111.402075964893,115.17473250669379,113.00970011632222,-0.7841292181081627,-0.6257392827478583,-0.15838993536030443
2024-11-06,115.05767857212976,115.86012767864487,113.01687834652567,114.55242919921875,11891300,TJX,114.62177844912976,111.9682500174825,115.86012767864487,111.9682500174825,115.09314975702188,113.08694573119651,-0.5829368193293334,-0.6171787900641533,0.03424197073481994
2024-11-07,114.71094327793709,116.48426301077231,114.44345520005321,115.76106262207031,6897600,TJX,115.34993102770824,113.29501423330613,116.48426301077231,113.29501423330613,115.02231606753385,113.16184695498968,-0.32224909060757057,-0.5581928501728368,0.23594375956526625
2024-11-08,115.42423509315148,117.5046634952452,115.38460694970358,116.73193359375,5785700,TJX,116.26135978296257,114.32247263050718,117.5046634952452,114.32247263050718,115.00042181754219,113.23623647534541,-0.03688581719461581,-0.4539314435771926,0.4170456263825768
2024-11-11,117.10838910913445,117.87121764016771,116.59323836314596,116.95978546142578,3537200,TJX,117.13315764346848,115.29191620673487,117.87121764016771,115.29191620673487,115.02137472988338,113.31781377574717,0.2052859655753707,-0.32208796174668,0.5273739273220507
2024-11-12,117.56410471514756,118.90152246542772,116.68239928786605,118.73310852050781,3943200,TJX,117.97028374723729,116.21253692510167,118.90152246542772,116.21253692510167,115.05124361575103,113.4061086545758,0.5341439201444302,-0.15084158536845793,0.6849855055128882
2024-11-13,118.79255057540199,120.78381374625816,118.77273272471844,120.00117492675781,4511000,TJX,119.5875679932841,117.09141033616947,120.78381374625816,117.09141033616947,115.11979883262109,113.50485004992078,0.8868653480672748,0.056699801318688625,0.8301655467485862
2024-11-14,119.42977205515677,121.33778456207288,119.16146087646484,119.16146087646484,5581000,TJX,119.77261959253984,118.33948916472679,121.33778456207288,118.33948916472679,115.18601165169322,113.60889748906885,1.0861215813388014,0.2625841573227112,0.8235374240160902
2024-11-15,118.98258492541021,119.85708876741538,118.59501253784042,119.22108459472656,5103300,TJX,119.16394270634814,119.05605437863332,119.85708876741538,118.59501253784042,115.25674392918398,113.70779614533481,1.2346128689047333,0.4569898996391156,0.7776229692656177
2024-11-18,119.26083986702197,120.21484615856271,118.71427020853966,118.92295837402344,5137600,TJX,119.27822865203694,119.10999854249073,120.21484615856271,118.71427020853966,115.33055462182438,113.8103304463386,1.3131003857860009,0.6282119968684927,0.6848883889175081
2024-11-19,118.62482802229634,119.151518250993,117.29318911376873,118.81363677978516,5794500,TJX,118.4707930417108,119.19411359726384,119.19411359726384,117.29318911376873,115.36919549808253,113.90661692462194,1.3509085366707012,0.7727513048289345,0.5781572318417667
2024-11-20,118.69439287646243,119.94652181115444,116.02118289578154,118.99251556396484,8991000,TJX,118.41365328684081,118.83245331948731,119.94652181115444,116.02118289578154,115.40892256924857,113.9996663707755,1.3794048708691236,0.8940820180369724,0.48532285283215115
2024-11-21,119.12170541643943,119.16145662330233,117.04474845301573,119.02232360839844,5204300,TJX,118.58755852528898,118.62305330316406,119.16145662330233,117.04474845301573,115.44162652177742,114.09620720766438,1.3883891947016878,0.9929434533699155,0.39544574133177224
2024-11-22,119.49933797871985,120.95022300195494,118.31676414137176,120.71172332763672,6398500,TJX,119.86951211242082,118.60530591422652,120.95022300195494,118.31676414137176,115.47624271331586,114.20388921958562,1.5143730249404825,1.097229367684029,0.4171436572564535
2024-11-25,121.17878672168167,124.64699812340005,121.09928430550468,124.01099395751953,8925200,TJX,122.73401577702649,119.23740901332367,124.64699812340005,119.23740901332367,115.552297951597,114.33490965397539,1.8590101726687749,1.2495855286809783,0.6094246439877966
2024-11-26,124.25943098314498,125.65069291298751,123.65323833929764,125.41218566894531,4725000,TJX,124.74388697609386,120.98571239517509,125.65069291298751,120.98571239517509,115.69391225112284,114.47778510455595,2.2196157078668506,1.4435915645181527,0.7760241433486978
2024-11-27,125.51157448630973,127.200959192883,125.38238115979794,125.57119750976562,4491100,TJX,125.91652808718908,122.86479968563447,127.200959192883,122.86479968563447,115.88270613394839,114.62920298804089,2.4895313514308697,1.6527795219006962,0.8367518295301735
2024-11-29,125.35256808289505,125.76994440541094,124.90538024902344,124.90538024902344,2846700,TJX,125.23331824658821,124.39066388641177,125.76994440541094,124.39066388641177,116.04292616389273,114.77006184922055,2.6195193664553784,1.8461274908116327,0.7733918756437457
2024-12-02,125.60100829153677,126.823333337655,125.28300619867342,125.40225982666016,4818800,TJX,125.77740191363134,124.81199106649998,126.823333337655,124.81199106649998,116.22175523986965,114.90895684393163,2.731146873121318,2.02313136727357,0.7080155058477482
2024-12-03,125.79975492389825,126.00845066527697,123.47436607529023,123.97124481201172,3916000,TJX,124.81345411911929,125.29469649006566,126.00845066527697,123.47436607529023,116.38665480550414,115.02671073391988,2.673325096570011,2.1531701131328584,0.5201549834371524
2024-12-04,123.98118955578073,124.95506767360253,123.37499686576653,124.71656799316406,4785500,TJX,124.25695552207847,125.05407530459247,125.05407530459247,123.37499686576653,116.54899385745074,115.14423093428313,2.657013871881631,2.253938864882613,0.4030750069990181
2024-12-05,124.78612804432916,126.01838521227607,124.46812594996324,125.13394165039062,4768000,TJX,125.10164521423977,124.65551541333548,126.01838521227607,124.46812594996324,116.71648711277562,115.26444708258218,2.6472498266551696,2.3326010572371243,0.3146487694180453
2024-12-06,125.65070052334909,126.34632773951904,124.89544270167312,125.3028793334961,4064400,TJX,125.54883757450934,124.87858031378762,126.34632773951904,124.87858031378762,116.88480064498525,115.38987561890103,2.6229083548120116,2.390662516752102,0.23224583805990973
2024-12-09,125.61094581298732,125.938887597943,124.73643438643884,125.11406707763672,6245800,TJX,125.35008371875148,125.21370894414848,125.938887597943,124.73643438643884,117.06053197752036,115.52494184077109,2.558884761250269,2.4243069656517355,0.13457779559853345
2024-12-10,125.37244374640069,126.60470086362042,124.16005844223729,126.40594482421875,6186000,TJX,125.6357869691193,125.28189633144999,126.60470086362042,124.16005844223729,117.24762415994974,115.66982539349982,2.5826185208793646,2.4559692766972616,0.126649244182103
2024-12-11,126.51525793407224,127.11151846666206,125.77987954745042,126.01837921142578,5440600,TJX,126.35625878990263,125.45884165028464,127.11151846666206,125.45884165028464,117.45957766779438,115.81974156382581,2.540864881723479,2.4729483977025053,0.06791648402097383
2024-12-12,126.14757171261988,126.25688563743377,125.06437216176424,125.63081359863281,4727700,TJX,125.77491077761267,125.90755022009364,126.25688563743377,125.06437216176424,117.67426895618449,115.95737767075153,2.4482792764443673,2.4680145734508776,-0.019735297006510333
2024-12-13,125.64075628614297,126.05813260076539,124.05074586250922,124.07061767578125,4595400,TJX,124.95506310629972,125.84123049885315,126.05813260076539,124.05074586250922,117.89158436038426,116.09969924725712,2.223380004656974,2.419087659692097,-0.1957076550351231
2024-12-16,124.42837414633532,124.62713019296999,122.59986400790393,122.94767761230469,6990500,TJX,123.65076148987848,125.39814680257643,125.39814680257643,122.59986400790393,118.08984766320816,116.23369202843942,1.9322599432965575,2.3217221164129893,-0.38946217311643183
2024-12-17,123.45449584421735,124.19981395885294,122.13279656797259,122.29179382324219,6813000,TJX,123.01972504857127,124.52445414622746,124.52445414622746,122.13279656797259,118.30981721262658,116.35907900963839,1.6298331548605063,2.183344324102493,-0.5535111692419865
2024-12-18,122.50048076056659,123.54392914332946,120.40365946091909,120.483154296875,5808500,TJX,121.73280591542253,123.77208959739937,123.77208959739937,120.40365946091909,118.50702051568403,116.4693507173843,1.2300365560638369,1.9926827704947618,-0.762646214430925
2024-12-19,121.64585839017722,122.51042255698883,120.25459638324851,120.44340515136719,7979800,TJX,121.21357062044544,122.75244775641096,122.75244775641096,120.25459638324851,118.67838438021992,116.56584083448351,0.8996172199739192,1.7740696603905934,-0.8744524404166742
2024-12-20,120.34402771323268,122.76879835839252,120.24465348290614,121.23841094970703,11714000,TJX,121.14897262605959,121.9830091884282,122.76879835839252,120.24465348290614,118.86064167061873,116.65803205915246,0.6939088896288865,1.558037506238252,-0.8641286166093656
2024-12-23,120.78128195016157,121.3675952091672,119.5490248292682,121.00984191894531,5436900,TJX,120.67693597688557,121.5659909072439,121.5659909072439,119.5490248292682,119.0323188930462,116.74397267596586,0.5066001737749559,1.347750039745593,-0.8411498659706371
2024-12-24,121.2284723676256,122.71910858154297,120.99991239394826,122.71910858154297,1476100,TJX,121.91665048116495,121.12146344206474,122.71910858154297,120.99991239394826,119.20065515495487,116.84746888812339,0.4904268660763904,1.1762854050117526,-0.6858585389353622
2024-12-26,122.67935509787706,124.4482497409438,122.6296717740618,124.22962188720703,2892800,TJX,123.49672462502242,121.51905696161484,124.4482497409438,121.51905696161484,119.36329363379141,116.99453293200757,0.5926633489173696,1.059560993792876,-0.46689764487550645
2024-12-27,123.14642614643357,123.98118637923282,122.91786616988506,123.16630554199219,3471500,TJX,123.3029460593859,122.50789079331864,123.98118637923282,122.50789079331864,119.514923666342,117.14698974627635,0.5811862028193104,0.963886035598163,-0.38269983277885256
2024-12-30,121.44710230810514,121.87441833336018,119.85709183567985,120.33409118652344,3976600,TJX,120.87817591591715,122.90541842635227,122.90541842635227,119.85709183567985,119.59784847607477,117.27811135684216,0.3396393027014568,0.8390366890188218,-0.49939738631736497
2024-12-31,121.12909944380336,121.12909944380336,119.59871200451765,120.05583953857422,3600100,TJX,120.47818760767464,121.89179717113471,121.89179717113471,119.59871200451765,119.67510178882758,117.40496151973387,0.1243259098644387,0.6960945331879452,-0.5717686233235065
2025-01-02,120.95021664285827,121.37753264366941,119.9962104139754,120.39371490478516,3424400,TJX,120.67941865132207,121.18499238940467,121.37753264366941,119.9962104139754,119.78184002976039,117.52363036973645,-0.01883071810061665,0.5531094829302329,-0.5719402010308495
2025-01-03,120.79122205989707,121.0297217269365,119.27076678038043,119.9763412475586,3897200,TJX,120.26701295369315,120.93220552036337,121.0297217269365,119.27076678038043,119.90029242337816,117.63000546057178,-0.16407063895626095,0.40967345855293413,-0.5737440975091951
2025-01-06,119.98627891388716,120.96016460381614,119.60865379179164,120.12540435791016,5963400,TJX,120.17012541685128,120.59960923702826,120.96016460381614,119.60865379179164,120.03419365363709,117.73449843961363,-0.264101774539256,0.2749184119344961,-0.539020186473752
2025-01-07,120.3340888450929,121.00984423044596,119.28070834918906,119.39002227783203,4500100,TJX,120.00366592564,120.38486732693977,121.00984423044596,119.28070834918906,120.16303196131024,117.86003414680094,-0.3981269979847042,0.14030932995065606,-0.5384363279353602
2025-01-08,119.41983766707327,121.24835542048993,118.76396165568387,120.8906021118164,5219200,TJX,120.08068921376587,120.19426662628987,121.24835542048993,118.76396165568387,120.302079178791,117.96118517745522,-0.3788910809020791,0.03646924778010903,-0.41536032868218814
2025-01-10,120.72166541034974,121.52660656568084,119.00246158549574,119.3105239868164,4355200,TJX,120.14031438708568,120.13747792002786,121.52660656568084,119.00246158549574,120.43875232614961,118.0584496079959,-0.4855484768527134,-0.06793429714645546,-0.4176141797062579
2025-01-13,119.31051561920755,119.44964105403173,117.15406379766517,119.1415786743164,4603700,TJX,118.76394978630522,120.13889615355677,120.13889615355677,117.15406379766517,120.5601329883859,118.13437174066465,-0.5770557666789529,-0.16975859105295496,-0.4072971756259979
2025-01-14,119.7477724938056,119.8471467222602,117.94907393894395,118.49563598632812,4652500,TJX,119.00990728533448,119.451422969931,119.8471467222602,117.94907393894395,120.69307055856993,118.20450597904535,-0.6937015698104858,-0.2745471868044611,-0.4191543830060247
2025-01-15,119.58876483517889,119.6682672487698,117.73044330353817,118.36644744873047,4906300,TJX,118.83848070905432,119.23066512763273,119.6682672487698,117.73044330353817,120.83595381725367,118.20674847611495,-0.787490939140028,-0.3771359372715745,-0.4103550018684535
2025-01-16,118.80370593849572,120.93034627062757,118.48570385841342,120.62227630615234,3840100,TJX,119.71050809342226,119.03457291834353,120.93034627062757,118.48570385841342,120.99142326868345,118.22043560835465,-0.6720462234740694,-0.4361179945120735,-0.2359282289619959
2025-01-17,121.81479413823583,122.07316562505423,120.71172272508925,121.08934783935547,4752400,TJX,121.42225758193369,119.3725405058829,122.07316562505423,119.3725405058829,121.18741841148871,118.24928368900615,-0.5366801703922306,-0.45623042968810495,-0.08044974070412564
2025-01-21,122.90792907925476,123.71287023579066,121.94398308194883,122.53030395507812,4859700,TJX,122.77377158801809,120.3973990439083,123.71287023579066,120.3973990439083,121.40108182623985,118.28790716646681,-0.309560066348638,-0.42689635702021156,0.11733629067157358
2025-01-22,122.63960789980807,122.71910273195085,120.59246244133969,121.80484771728516,4256800,TJX,121.93900519759595,121.58558531596319,122.71910273195085,120.59246244133969,121.54742636120918,118.32028805911554,-0.18596036771847935,-0.37870915915986514,0.1927487914413858
2025-01-23,121.73528916121278,122.30173061159016,121.4470985872639,121.83466339111328,3821400,TJX,121.82969543779502,121.76229525677957,122.30173061159016,121.4470985872639,121.6770216494109,118.34966885847238,-0.08462533221604929,-0.31989239377110196,0.23526706155505267
2025-01-24,121.80485472114204,122.70917767239371,121.54647565196042,121.96385955810547,4470300,TJX,122.0060919009004,121.79599534728729,122.70917767239371,121.54647565196042,121.79191629176965,118.39616905465593,0.006038852307639786,-0.2547061445553536,0.2607449968629934
2025-01-27,122.33154146667127,124.53768423476885,122.27191844540411,124.12030792236328,4734000,TJX,123.31536301730188,121.90104362409384,124.53768423476885,121.90104362409384,121.91556039924633,118.46846756456485,0.24902759741874547,-0.1539593961605338,0.40298699357927925
2025-01-28,123.83211575284736,124.66686836689236,122.92779283919766,123.56379699707031,3350800,TJX,123.74764348900192,122.60820332069787,124.66686836689236,122.60820332069787,122.03110759408162,118.54117560491632,0.39217143960586043,-0.04473322900725497,0.4369046686131154
2025-01-29,123.50417117573218,124.5178079918196,123.22592031069405,123.43460845947266,3930500,TJX,123.67062698442962,123.17792340484989,124.5178079918196,123.17792340484989,122.11276877390453,118.61628380326279,0.4895463449913251,0.062122685792461045,0.42742365919886405
2025-01-30,124.05075034439018,125.69045173309709,123.83212248166018,125.3028793334961,4334300,TJX,124.71905097316089,123.42427519463976,125.69045173309709,123.42427519463976,122.21169740151696,118.69885452660509,0.7092942027511384,0.19155698918419653,0.5177372135669419
2025-01-31,125.13393715439064,125.4320674241705,123.84205700946922,124.01099395751953,3268400,TJX,124.60476388638747,124.07166308390032,125.4320674241705,123.84205700946922,122.32051382511774,118.78862887715084,0.7703218196901815,0.30730995528539357,0.463011864404788
2025-02-03,123.18617535369319,124.5277464249141,122.3315433209932,123.53398895263672,5635800,TJX,123.3948635130593,124.3382134851439,124.5277464249141,122.3315433209932,122.40284652233818,118.86670057208129,0.7713052021481843,0.40010900465795174,0.3711961974902326
2025-02-04,123.53398989688556,124.60724979477303,123.48430657195262,124.35881042480469,5804900,TJX,123.99608917210398,123.86653849910161,124.60724979477303,123.48430657195262,122.51335244494605,118.94127397151429,0.8290835798919431,0.48590391970475005,0.3431796601871931
2025-02-05,124.35880847362326,124.77618478899716,123.15636285165499,124.72650146484375,4381500,TJX,124.25446439477979,123.9313138356028,124.77618478899716,123.15636285165499,122.63016866710483,119.0195456181767,0.8942347727154782,0.5675700903068958,0.3266646824085825
2025-02-06,125.15381629966527,126.68420369006489,125.01469086251691,125.37244415283203,4769200,TJX,125.55628875126978,124.0928891151913,126.68420369006489,124.0928891151913,122.76954327162446,119.10558489670093,0.986616636531096,0.6513793995517358,0.33523723697936014
2025-02-07,125.31281518091471,126.00844995747806,123.67311384259055,123.91162109375,3216700,TJX,124.72650001868334,124.82458893323053,126.00844995747806,123.67311384259055,122.8666830297497,119.17146287153278,0.9312192016275986,0.7073473599669085,0.22387184166069019
2025-02-10,124.33893787915619,124.87556782494057,122.80855045934909,124.18987274169922,3765000,TJX,124.05323222628627,124.77554447595693,124.87556782494057,122.80855045934909,122.8930673587349,119.22268265516594,0.8994011809370193,0.7457581241609307,0.15364305677608858
2025-02-11,123.69299945314535,124.0408130680203,123.1464297856503,123.90168762207031,2571300,TJX,123.69548248222156,124.4143883511216,124.4143883511216,123.1464297856503,122.87209926885745,119.28300575999013,0.8412338197881013,0.7648532632863648,0.07638055650173647
2025-02-12,123.05698829840705,123.77249488389337,122.82842074624479,123.63336944580078,3453300,TJX,123.32281834358649,124.05493541667158,124.05493541667158,122.82842074624479,122.82022507398538,119.3514656039669,0.7646700917805447,0.7648166289852009,-0.00014653720465618303
2025-02-13,124.09686251527773,125.71161960858667,123.82774013540465,125.44248962402344,2885700,TJX,124.76967797082312,123.68887688012904,125.71161960858667,123.68887688012904,122.81095226847009,119.4269392161814,0.8402873550883356,0.7799107742058279,0.06037658088250775
2025-02-14,126.14022077905902,126.33957011606448,122.95057815414334,123.93737030029297,4192900,TJX,124.84193483738996,124.22927742547608,126.33957011606448,122.95057815414334,122.79224292694525,119.50699908340745,0.7698892266690649,0.7779064646984754,-0.008017238029410456
2025-02-18,123.61841096720526,123.94734422857807,121.83421380817337,123.42903137207031,5121300,TJX,123.20725009400675,124.53560613143301,124.53560613143301,121.83421380817337,122.76011884644302,119.57338682597357,0.6654090779163226,0.7554069873420448,-0.08999790942572217
2025-02-19,123.51873618818794,123.59847896748612,122.60171704032896,123.02035522460938,3678700,TJX,123.1848218551531,123.87142811271988,123.87142811271988,122.60171704032896,122.73867617310451,119.64383501527762,0.543367455843466,0.7129990810423291,-0.1696316251988631
2025-02-20,122.69142392680187,122.98048580286574,121.55511592003498,122.581787109375,4662900,TJX,122.45220318976939,123.5281249839365,123.5281249839365,121.55511592003498,122.68568733261509,119.70108722269536,0.40657308798030556,0.6517138824299245,-0.2451407944496189
2025-02-21,122.53194082880218,122.67148688660649,120.27925680259138,120.71783447265625,5692800,TJX,121.55012974766407,122.99016408685294,122.99016408685294,120.27925680259138,122.60571317607818,119.74525691053174,0.1460733234719953,0.5505857706383387,-0.4045124471663434
2025-02-24,121.14644081363626,122.1133010620144,120.88728059337137,121.07666778564453,5293000,TJX,121.30592256366664,122.2701469172585,122.2701469172585,120.88728059337137,122.5248299529765,119.79268096524842,-0.03106170721176227,0.43425627506831854,-0.4653179822800808
2025-02-25,121.12650163381096,122.98047935922504,121.10656974205682,122.30268096923828,6373500,TJX,121.87905792608278,121.78803474046256,122.98047935922504,121.10656974205682,122.44969537211578,119.84865976603274,-0.07168711310509934,0.333067597433635,-0.40475471053873435
2025-02-26,125.47238787558446,127.16688770406863,122.60171628084333,124.485595703125,7545100,TJX,124.93164689090536,121.83354633327266,127.16688770406863,121.83354633327266,122.42120313413581,119.9403904009651,0.07143646062874609,0.28074137007265726,-0.20930490944391117
2025-02-27,125.5920005589988,126.05051012466728,122.75123063872132,123.09012603759766,5259600,TJX,124.37096683999627,123.382596612089,126.05051012466728,122.75123063872132,122.3931242553835,120.033696605784,0.0714367064963426,0.23888043735739434,-0.16744373086105174
2025-02-28,123.19977060013213,124.4955641254821,122.95058012254096,124.35601806640625,6043200,TJX,123.75048322864036,123.87678172604264,124.4955641254821,122.95058012254096,122.36903265783032,120.13030850910727,0.17160564551127777,0.22542547898817103,-0.05381983347689326
2025-03-03,124.02708637510811,125.5820325413874,122.66151980299746,123.13996887207031,4817500,TJX,123.85265189789082,123.8136324773415,125.5820325413874,122.66151980299746,122.37307046599057,120.23145906459936,0.15112319025674026,0.2105650212418849,-0.059441830985144634
2025-03-04,122.39239774135672,122.80106617636173,120.84741371499803,121.34579467773438,6264200,TJX,121.84666807761272,123.83314218761616,123.83314218761616,120.84741371499803,122.3496093265714,120.32971326959898,-0.009771525975267537,0.1664977117984544,-0.17626923777372194
2025-03-05,120.94708649410774,122.83097350008813,120.8075404351003,122.64158630371094,6704900,TJX,121.80679668325178,122.83990513261443,122.83990513261443,120.8075404351003,122.35108914192797,120.429054828806,-0.03234929045547119,0.1267283113476693,-0.15907760180314048
2025-03-06,121.16638016927922,122.42230235518595,119.76094977467304,120.25933074951172,4834100,TJX,120.90224076216248,122.3233509079331,122.42230235518595,119.76094977467304,122.34486254476231,120.51162346249112,-0.23970724939512422,0.05344119919911059,-0.29314844859423483
2025-03-07,119.6213983475718,120.18955232923044,116.87033336047683,118.8837890625,6230100,TJX,118.89126827494476,121.61279583504779,121.61279583504779,116.87033336047683,122.29970845774001,120.58017506417937,-0.5091653033756103,-0.059080101315833584,-0.4500852020597767
2025-03-10,118.39538139144773,119.40211307484647,116.61117661570361,117.22917175292969,5952200,TJX,117.90946070873187,120.25203205499628,120.25203205499628,116.61117661570361,122.24435895237693,120.63833892271155,-0.8464689737434128,-0.21655787580134941,-0.6299110979420633
2025-03-11,117.07965297495595,117.22916878231592,115.3552591301819,115.7439956665039,6518900,TJX,116.35201913848942,119.08074638186407,119.08074638186407,115.3552591301819,122.13306632552343,120.66686074023913,-1.2195674463248736,-0.41715978990605423,-0.8024076564188194
2025-03-12,117.01984928494453,117.01984928494453,114.48807313115026,114.96651458740234,4063700,TJX,115.87357157211042,117.71638276017674,117.71638276017674,114.48807313115026,121.98060326446519,120.67194844912831,-1.5600041425910973,-0.6457286604430629,-0.9142754821480344
2025-03-13,114.5977191755921,114.5977191755921,111.73700972709328,112.44470977783203,6018600,TJX,113.34428946402738,116.79497716614358,116.79497716614358,111.73700972709328,121.78143013255803,120.64817689945002,-2.010119839374056,-0.9186068962292615,-1.0915129431447945
2025-03-14,113.19228115417376,113.6308588322904,111.93636661087784,112.89325714111328,6411000,TJX,112.91319093461382,115.06963331508548,115.06963331508548,111.93636661087784,121.62213043293195,120.60998945450338,-2.3040856829237413,-1.1957026535681574,-1.1083830293555839
2025-03-17,113.52121265992308,114.70736175941096,113.01286195947259,114.149169921875,4358400,TJX,113.8476515751704,113.99141212484966,114.70736175941096,113.01286195947259,121.48951971228188,120.58231075055474,-2.407956641280265,-1.438153451110579,-0.969803190169686
2025-03-18,114.18904188589352,115.14593240617482,113.77040370914979,114.88677978515625,5874100,TJX,114.4980394465936,113.91953185001003,115.14593240617482,113.77040370914979,121.36589212818731,120.57386607897384,-2.4030552475795446,-1.6311338104043722,-0.7719214371751724
2025-03-19,115.35526283933876,117.88703147869785,114.93661704433165,117.47836303710938,6838200,TJX,116.4143185998694,114.20878564830181,117.88703147869785,114.20878564830181,121.28883824111082,120.59456533224449,-2.1650938934123047,-1.7379258270059588,-0.42716806640634597
2025-03-20,116.92017636203097,117.59797477242236,115.62438282300067,115.87357330322266,6841300,TJX,116.50402681516917,115.31155212408561,117.59797477242236,115.31155212408561,121.21551626907718,120.62485496135714,-2.0820009150054233,-1.8067408446058517,-0.27526007039957157
2025-03-21,114.96651498917004,115.9234131143979,113.61092578859194,115.7439956665039,7150700,TJX,115.06121238966594,115.90778946962739,115.9234131143979,113.61092578859194,121.1166671983577,120.63984957983398,-2.0035097500658594,-1.8460946256978534,-0.15741512436800598
2025-03-24,116.62114333623093,119.312397448268,116.60121144411733,119.21272277832031,4315200,TJX,117.93686875173414,115.48450092964666,119.312397448268,115.48450092964666,121.07379078911708,120.68793498395404,-1.6424742273037367,-1.8053705460190301,0.16289631871529342
2025-03-25,119.21272154482624,120.33906735718149,119.02334195529208,119.49181365966797,4134700,TJX,119.51673612924195,116.71068484069039,120.33906735718149,116.71068484069039,121.0613192239602,120.75003577505491,-1.3186303231825747,-1.7080225014517392,0.3893921782691645
2025-03-26,119.48185612672675,120.13971505071258,118.94360376818013,119.3124008178711,3004700,TJX,119.46939394087264,118.11371048496616,120.13971505071258,118.11371048496616,121.07542810705154,120.81778054771873,-1.0641914760152247,-1.5792562963644363,0.5150648203492116
2025-03-27,119.42203952329693,120.94708399717257,119.00340135491729,120.17958068847656,4003400,TJX,119.88802639096583,118.7915522129194,120.94708399717257,118.7915522129194,121.09299048916417,120.89303052386705,-0.7835405208812176,-1.4201131412677928,0.6365726203865751
2025-03-28,119.63136135907013,119.88055183712615,116.83046281922124,117.82722473144531,3742300,TJX,118.54240018671571,119.33978930194262,119.88055183712615,116.83046281922124,121.0870688787174,120.96151134798552,-0.7423803842758048,-1.2845665898693952,0.5421862055935904
2025-03-31,117.25906838001599,121.75446664276708,117.07965093524773,121.40560150146484,6828800,TJX,119.37469686487391,118.94109474432916,121.75446664276708,117.07965093524773,121.08035265414642,121.03588796141494,-0.41621768152897687,-1.1108968082013115,0.6946791266723347
2025-04-01,121.04677016394741,122.48210215952243,120.85738296538746,122.32262420654297,4781900,TJX,121.67721987385006,119.15789580460154,122.48210215952243,119.15789580460154,121.08545189998476,121.13643515573675,-0.08278107262958656,-0.9052736610869666,0.82249258845738
2025-04-02,121.60495419035013,125.05374951957923,121.41556699212667,124.52546691894531,5002000,TJX,123.14993440525033,120.4175578392258,125.05374951957923,120.4175578392258,121.09297515632939,121.24702849128462,0.3551271543935286,-0.6531934979908676,1.0083206523843962
2025-04-03,123.38916052651531,127.58552734942985,122.7312940008686,125.02384948730469,11388100,TJX,124.68245784102962,121.78374612223806,127.58552734942985,121.78374612223806,121.14784420919807,121.34763528520364,0.733927626552628,-0.37576927308216845,1.1096968996347965
2025-04-04,124.96404736402424,127.91446179878498,121.40560753647364,121.76444244384766,12964000,TJX,124.01213978578264,123.23310198163384,127.91446179878498,121.40560753647364,121.19149309615783,121.43425737278436,0.762335096982099,-0.14814839906931496,0.910483496051414
2025-04-07,119.65130445417611,123.58851108398761,115.99318995143003,118.74424743652344,12898300,TJX,119.4943132315293,123.62262088370824,123.62262088370824,115.99318995143003,121.14125752277042,121.46658690727003,0.5349768456291173,-0.011523350129628502,0.5465001957587458
2025-04-08,121.96379168080762,124.46566628144976,118.20599490548396,119.6413345336914,10926000,TJX,121.06919685035818,121.55846705761877,124.46566628144976,118.20599490548396,121.09633419943152,121.50594729933893,0.42231306276904945,0.07524393245010709,0.3470691303189424
2025-04-09,119.36224243303897,128.57232824312382,119.36224243303897,125.641845703125,12134400,TJX,123.23466470308169,121.31383195398848,128.57232824312382,119.36224243303897,121.08607462371312,121.55859110889737,0.8079042884287162,0.22177600364582895,0.5861282847828873
2025-04-10,125.56210046495548,128.01412627453124,123.40909106431832,127.05724334716797,7583200,TJX,126.01064028774326,122.2742483285351,128.01412627453124,122.2742483285351,121.1328748897794,121.62282183184197,1.2137080033458005,0.4201624035858233,0.7935455997599772
2025-04-11,126.12028172038627,128.60222432145224,125.49232446241825,127.73503112792969,6935500,TJX,126.98746540804662,124.14244430813918,128.60222432145224,124.14244430813918,121.17824317847712,121.69497028999703,1.5718824975057544,0.6505064223698095,0.9213760751359449
2025-04-14,128.84143627449097,130.77515677231742,128.21348662690752,130.17710876464844,7093500,TJX,129.50179710959108,125.5649548580929,130.77515677231742,125.5649548580929,121.2761838429412,121.79834883402947,2.029399961129954,0.9262851301218384,1.1031148310081156
2025-04-15,130.0873940861675,130.87484452858791,127.87458138350317,128.0839080810547,5020900,TJX,129.2301820198283,127.53337598384199,130.87484452858791,127.53337598384199,121.39289021307657,121.89786836770737,2.197747777402057,1.1805776595778823,1.0171701178241748
2025-04-16,128.31315532371465,128.85141526778665,125.12352028073472,125.90099334716797,5569600,TJX,127.047271054851,128.38177900183516,128.85141526778665,125.12352028073472,121.45391385073151,121.98363314783879,2.1304630076481743,1.3705547291919409,0.7599082784562334
2025-04-17,126.35950289187208,127.56559148466883,125.77141702030902,127.20675659179688,5554300,TJX,126.7258169971617,127.71452502834308,127.71452502834308,125.77141702030902,121.50334090277914,122.06675478494199,2.1576316889493086,1.5279701211434145,0.6296615678058941
2025-04-21,126.81802081551811,127.11704482490288,121.85414317095672,123.57854461669922,4946600,TJX,124.84193835701923,127.22017101275239,127.22017101275239,121.85414317095672,121.48905389489413,122.1292985832593,1.8648992823945605,1.5953559533936437,0.2695433290009168
2025-04-22,124.19653402626912,126.34954342918458,123.59847839368926,125.30294036865234,4989300,TJX,124.86187405444883,126.03105468488582,126.34954342918458,123.59847839368926,121.49176137560946,122.17922220267957,1.751856752829184,1.6266561132807518,0.1252006395484322
2025-04-23,126.77815036971003,127.69516950614836,124.40585214561928,125.09362030029297,5612900,TJX,125.99319808044267,125.44646436966732,127.69516950614836,124.40585214561928,121.53056069269256,122.21181402571374,1.6266285917013903,1.6266506089648796,-2.2017263489271244e-05
2025-04-24,124.28624875872606,126.61866804857448,123.51873780613518,126.09038543701172,4626200,TJX,125.12851001261186,125.719831225055,126.61866804857448,123.51873780613518,121.55922124330039,122.21566025607892,1.5894923100808143,1.6192189491880666,-0.029726639107252373
2025-04-25,125.68170531788049,126.35950371944557,124.7148526551491,126.15018463134766,4205800,TJX,125.7265615809557,125.42417061883343,126.35950371944557,124.7148526551491,121.60729610804778,122.21376059101658,1.547053366364068,1.604785832623267,-0.05773246625919892
2025-04-28,126.35950311917784,127.3762045190406,125.70164421752236,126.71833801269531,3573200,TJX,126.53892246710903,125.57536609989457,127.3762045190406,125.57536609989457,121.6426809979735,122.22681663322179,1.541496020752021,1.5921278702490178,-0.05063184949699684
2025-04-29,126.48908689817199,127.79485016111974,125.72157597492419,127.61542510986328,3886700,TJX,126.9052345360198,126.0571442835018,127.79485016111974,125.72157597492419,121.68394699194609,122.23809495944566,1.5911375723029693,1.591929810659808,-0.0007922383568388369
2025-04-30,127.5655982017123,128.4527081275868,126.11031905694198,128.26332092285156,5685800,TJX,127.59798657727316,126.4811894097608,128.4527081275868,126.11031905694198,121.7717617216114,122.2659402840272,1.6635819003684134,1.6062602286015293,0.057321671766884075
2025-05-01,127.44597916776159,128.36299830520943,126.92765871289811,127.21672058105469,4585300,TJX,127.48833919173096,127.03958799351699,128.36299830520943,126.92765871289811,121.85783206834296,122.29825412072374,1.6178925928077632,1.6085867014427762,0.009305891364987051
2025-05-02,128.58228402839094,129.3597570871611,127.81477311316114,128.79161071777344,4720700,TJX,128.63710623662166,127.26396359262398,129.3597570871611,127.26396359262398,121.98153012928002,122.33360873094756,1.689290865963656,1.6247275343469523,0.0645633316167038
2025-05-05,128.7916214468816,129.46941228919468,128.38294538699128,128.52249145507812,4869600,TJX,128.79161764453642,127.95053491462282,129.46941228919468,127.95053491462282,122.12635988721746,122.36603653164782,1.704510302711654,1.6406840880198927,0.0638262146917612
2025-05-06,127.21671508103911,128.45269767393256,127.06720688387868,128.04403686523438,3472100,TJX,127.69516412602118,128.37107627957963,128.45269767393256,127.06720688387868,122.25414471846454,122.38948733572053,1.6588424262991879,1.644315755675752,0.014526670623435933
2025-05-07,127.68520681304258,129.47936608435785,127.68520681304258,128.23341369628906,5967700,TJX,128.27079835168303,128.0331202028004,129.47936608435785,127.68520681304258,122.38197952697654,122.41583744954616,1.619265547526851,1.639305714045972,-0.020040166519120994
2025-05-08,128.65206957551896,129.84818084936325,127.31640463519247,127.67523193359375,4443600,TJX,128.37297174841711,128.1519592772417,129.84818084936325,127.31640463519247,122.45080602412679,122.4360045791313,1.5252775326893158,1.6165000777746408,-0.09122254508532501
2025-05-09,127.14695121432632,127.93440166778015,126.54889556852952,127.68521118164062,4131100,TJX,127.32886490806915,128.2624655128294,128.2624655128294,126.54889556852952,122.50996398548823,122.45154412043588,1.4350541843538167,1.580210899090476,-0.14515671473665925
2025-05-12,129.88803732336598,131.1140501693438,128.2134846761162,131.06422424316406,4810500,TJX,130.0699491029975,127.79566521044927,131.1140501693438,127.79566521044927,122.63635330297538,122.50269298040284,1.617563381484814,1.5876813955693436,0.02988198591547042
2025-05-13,131.2536087733628,132.0410592461016,129.94785302751404,130.3964080810547,5471800,TJX,130.9097322820083,128.93280715672338,132.0410592461016,128.93280715672338,122.77749491065774,122.57528268832414,1.6888480628125109,1.6079147290179772,0.08093333379453371
2025-05-14,130.07742553710938,131.0941269148762,129.57904459635418,130.8249969482422,5763100,TJX,130.39389849914548,129.92126971936585,131.0941269148762,129.57904459635418,122.94843951908838,122.64902442282988,1.7596411778983025,1.6382600187940424,0.12138115910426017
2025-05-15,131.13999938964844,133.17999267578125,130.91000366210938,133.0399932861328,4846400,TJX,132.06749725341797,130.15758410925565,133.17999267578125,130.15758410925565,123.15365353049172,122.75237133620983,1.9717478428496946,1.704957583605173,0.2667902592445217
2025-05-16,133.0,133.89999389648438,132.47999572753906,133.33999633789062,4874400,TJX,133.17999649047852,131.1125406813368,133.89999389648438,131.1125406813368,123.39920864505804,122.87203559491016,2.1393900848424323,1.7918440838526248,0.3475460009898075
2025-05-19,133.0800018310547,135.2899932861328,132.5500030517578,135.02999877929688,5118900,TJX,133.98749923706055,132.14626858590765,135.2899932861328,132.14626858590765,123.70113326430035,123.00042086102017,2.381168217514812,1.9097089105850624,0.4714593069297497
2025-05-20,134.8699951171875,135.85000610351562,134.25999450683594,134.92999267578125,7061100,TJX,134.97749710083008,133.0668839114841,135.85000610351562,133.0668839114841,124.04249399214231,123.14342647225962,2.5354820144276573,2.0348635313535817,0.5006184830740756
2025-05-21,131.14999389648438,133.0,129.9600067138672,131.02999877929688,12025600,TJX,131.2849998474121,134.02219050615707,134.02219050615707,129.9600067138672,124.34115360632077,123.2371099659221,2.3163781312132983,2.0911664513255253,0.22521167988777302
2025-05-22,130.38999938964844,131.36000061035156,129.1199951171875,129.5800018310547,5341800,TJX,130.11249923706055,132.6535951767846,132.6535951767846,129.1199951171875,124.62593215961977,123.30326771204247,2.0026488008441277,2.073462921229246,-0.07081412038511825
2025-05-23,128.0,128.1199951171875,124.91999816894531,125.69999694824219,8787100,TJX,126.68499755859375,131.38304720692258,131.38304720692258,124.91999816894531,124.8927463215111,123.33708822703454,1.4245112003494,1.9436725770532768,-0.5191613767038767
2025-05-27,126.63999938964844,128.24000549316406,126.36000061035156,127.95999908447266,7198200,TJX,127.30000114440918,129.03402238275817,129.03402238275817,126.36000061035156,125.180482525707,123.40130647931946,1.135605715668504,1.7820592047763224,-0.6464534891078184
2025-05-28,127.58999633789062,128.42999267578125,126.06999969482422,126.22000122070312,4344800,TJX,127.0774974822998,128.16701176358367,128.42999267578125,126.06999969482422,125.4450794438496,123.46729957806572,0.7575106406386851,1.577149491948795,-0.8196388513101098
2025-05-29,127.3499984741211,127.93000030517578,126.69999694824219,127.06999969482422,6410900,TJX,127.26249885559082,127.62225462294174,127.93000030517578,126.69999694824219,125.70036863202954,123.53313038010842,0.5204558516917643,1.3658107638973889,-0.8453549122056245
2025-05-30,127.1500015258789,127.29000091552734,126.19999694824219,126.9000015258789,9364900,TJX,126.88500022888184,127.44237673926628,127.44237673926628,126.19999694824219,125.90978226460979,123.5993102528603,0.3152369368836787,1.1556959984946469,-0.8404590616109682
2025-06-02,126.25,128.4600067138672,125.87999725341797,128.42999267578125,6271000,TJX,127.2549991607666,127.16368848407406,128.4600067138672,125.87999725341797,126.12480171152174,123.67015899029944,0.2729110191557709,0.9791390026268717,-0.7062279834711008
2025-06-03,128.24000549316406,128.39999389648438,126.83000183105469,128.1199951171875,5132600,TJX,127.89749908447266,127.20934382242032,128.39999389648438,126.83000183105469,126.38152744541787,123.74909732188779,0.21191044054489794,0.825693290210477,-0.6137828496655791
2025-06-04,128.22000122070312,129.07000732421875,127.55000305175781,128.07000732421875,4437200,TJX,128.2275047302246,127.55342145344649,129.07000732421875,127.55000305175781,126.58734016498767,123.83056547705237,0.15771540042155152,0.6920977122526919,-0.5343823118311404
2025-06-05,128.05999755859375,128.19000244140625,126.52999877929688,127.37000274658203,4693600,TJX,127.53750038146973,127.89046309183556,128.19000244140625,126.52999877929688,126.74775545003223,123.9045373369962,0.05761675139180511,0.5652015200805146,-0.5075847686887095
2025-06-06,127.94000244140625,128.7899932861328,127.30000305175781,128.4499969482422,4612900,TJX,128.11999893188477,127.71398173665264,128.7899932861328,127.30000305175781,126.92076754985248,123.99809782845199,0.06468866637112569,0.4650989493386368,-0.40041028296751113
2025-06-09,128.00999450683594,128.0800018310547,125.73999786376953,126.3499984741211,4754800,TJX,127.04499816894531,127.9169903342687,128.0800018310547,125.73999786376953,127.06390698541207,124.07844873728811,-0.09802909807777382,0.35247333985535473,-0.45050243793312855
2025-06-10,125.69999694824219,126.58000183105469,125.45999908447266,126.04000091552734,4684800,TJX,125.94499969482422,127.480994251607,127.480994251607,125.45999908447266,127.21195897557423,124.1495139271458,-0.2491265353192631,0.23215336482043117,-0.48127990013969424
2025-06-11,126.20999908447266,126.20999908447266,124.30000305175781,124.52999877929688,4145800,TJX,125.3125,126.71299697321561,126.71299697321561,124.30000305175781,127.33071503827676,124.20553384621158,-0.4851246803750513,0.08869775578133468,-0.573822436156386
2025-06-12,124.47000122070312,124.94000244140625,123.55999755859375,124.45999908447266,4087600,TJX,124.35750007629395,126.0127484866078,126.0127484866078,123.55999755859375,127.38432064232563,124.23488627115519,-0.6700790468249664,-0.06305760473992555,-0.6070214420850408
2025-06-13,123.5,124.97000122070312,123.25,123.91000366210938,3786600,TJX,123.90750122070312,125.18512428145087,125.18512428145087,123.25,127.39947197863471,124.24622356748203,-0.8512243642397692,-0.22069095663989433,-0.6305334075998749
2025-06-16,124.55999755859375,125.31999969482422,124.08000183105469,124.2699966430664,4930200,TJX,124.55749893188477,124.546312751077,125.31999969482422,124.08000183105469,127.3969728004518,124.27240850482492,-0.9547293823745804,-0.36749864178683156,-0.5872307405877488
2025-06-17,123.47000122070312,124.5999984741211,122.72000122070312,123.01000213623047,4264600,TJX,123.45000076293945,124.55190584148087,124.5999984741211,122.72000122070312,127.38573001999494,124.28861155807637,-1.1254553329414705,-0.5190899800177594,-0.6063653529237111
2025-06-18,123.44999694824219,123.5,122.41000366210938,122.54000091552734,4924800,TJX,122.97500038146973,124.00095330221016,124.00095330221016,122.41000366210938,127.45534376299375,124.29830064288205,-1.2838822538925143,-0.6720484347927104,-0.6118338190998039
2025-06-20,123.05000305175781,123.77999877929688,122.5,123.5,6729700,TJX,123.20750045776367,123.48797684183995,123.77999877929688,122.5,127.49810983514186,124.29722201728667,-1.3167936495641328,-0.8009974777469949,-0.5157961718171379
2025-06-23,123.44999694824219,124.97000122070312,122.72000122070312,124.76000213623047,4072700,TJX,123.97500038146973,123.34773864980181,124.97000122070312,122.72000122070312,127.51291654870961,124.29949558621136,-1.2270597447122213,-0.8862099311400402,-0.34084981357218114
