Date,Open,High,Low,Close,Volume,Ticker,HA_Close,HA_Open,HA_High,HA_Low,HA_50_MA,HA_100_MA,MACD_Line,Signal_Line,MACD_Hist
2022-01-03,42.36423653217097,42.88122924435427,41.79846783340896,42.1398811340332,154600,FSS,42.29595368599185,42.25205883310208,42.88122924435427,41.79846783340896,,,0.0,0.0,0.0
2022-01-04,42.237429576378844,43.23239951314025,42.237429576378844,42.88123321533203,183600,FSS,42.64712297030749,42.274006259546965,43.23239951314025,42.237429576378844,,,0.05913919736857309,0.01182783947371462,0.04731135789485848
2022-01-05,42.92999900719861,43.12509177888428,42.061840080336744,42.09110641479492,130800,FSS,42.55200932030364,42.46056461492723,43.12509177888428,42.061840080336744,,,0.04176931723137045,0.017816135025245785,0.023953182206124666
2022-01-06,42.09111294241295,42.3349780145681,41.74969960874432,41.96430206298828,223200,FSS,42.035023157178415,42.50628696761544,42.50628696761544,41.74969960874432,,,0.017568986299060896,0.01776670528000881,-0.00019771898094791268
2022-01-07,41.71068075650208,41.993565136330574,40.871788024902344,40.871788024902344,200300,FSS,41.36195548565934,42.270655062396926,42.270655062396926,40.871788024902344,,,-0.08874372030489752,-0.0035353798369724587,-0.08520834046792507
2022-01-10,40.910792413206316,40.910792413206316,40.06214322704773,40.637664794921875,188000,FSS,40.630348212095555,41.81630527402813,41.81630527402813,40.06214322704773,,,-0.1897023239354425,-0.040768768656666475,-0.14893355527877603
2022-01-11,40.63766946943854,41.02785501565735,39.954846624098195,40.910797119140625,217700,FSS,40.63279205708368,41.22332674306185,41.22332674306185,39.954846624098195,,,-0.24485076161217734,-0.08158516724776865,-0.16326559436440868
2022-01-12,41.09614252593124,41.29123532561491,40.44258220515378,40.598655700683594,155200,FSS,40.85715393934588,40.92805940007276,41.29123532561491,40.44258220515378,,,-0.31016807509209343,-0.12730174881663361,-0.18286632627545982
2022-01-13,40.715708185777544,41.29122982153075,40.67668888682491,40.82300567626953,85600,FSS,40.87665814260068,40.89260666970932,41.29122982153075,40.67668888682491,,,-0.33991106537757076,-0.16982361212882105,-0.17008745324874971
2022-01-14,40.374293697943244,40.95957200152904,40.315768472344196,40.81325149536133,107600,FSS,40.61572141679445,40.884632406155006,40.95957200152904,40.315768472344196,,,-0.3601184589172419,-0.20788258148650524,-0.1522358774307367
2022-01-18,40.46209253523241,40.72546726105575,39.65246242644425,40.18896484375,227900,FSS,40.257246766620604,40.750176911474725,40.750176911474725,39.65246242644425,,,-0.4216471929139871,-0.2506355037720016,-0.1710116891419855
2022-01-19,40.179204826615766,40.3450349977602,38.99889886215964,39.0086555480957,166800,FSS,39.63294855865783,40.50371183904767,40.50371183904767,38.99889886215964,,,-0.5592040970614818,-0.31234922242989765,-0.24685487463158412
2022-01-20,39.18423062599138,39.623188417394104,38.26729946701625,38.38435363769531,212800,FSS,38.86476803702426,40.06833019885275,40.06833019885275,38.26729946701625,,,-0.7104057658464527,-0.39196053111320867,-0.318445234733244
2022-01-21,38.31607548457123,39.662211603153835,38.04294781918083,38.44288635253906,273400,FSS,38.61603031486124,39.466549117938506,39.662211603153835,38.04294781918083,,,-0.8161035431594286,-0.47678913352245267,-0.3393144096369759
2022-01-24,37.857612443243674,39.03791841530607,37.457673902252054,38.833072662353516,311900,FSS,38.29656935578883,39.041289716399874,39.041289716399874,37.457673902252054,,,-0.8584888933406987,-0.5531290854861018,-0.3053598078545968
2022-01-25,38.257550825559974,38.706261631428944,37.116260438970606,38.06245803833008,430800,FSS,38.0356327335724,38.66892953609435,38.706261631428944,37.116260438970606,,,-0.9433869708311349,-0.6311806625551085,-0.31220630827602636
2022-01-26,38.63797796110632,38.969634568024695,36.9504323121375,37.486934661865234,339300,FSS,38.01124487578344,38.352281134833376,38.969634568024695,36.9504323121375,,,-1.0450624066361556,-0.713957011371318,-0.3311053952648376
2022-01-27,37.799083499427844,38.169759424681,36.66754979383678,37.086997985839844,191600,FSS,37.43084767594637,38.18176300530841,38.18176300530841,36.66754979383678,,,-1.1447168856918424,-0.8001089862354229,-0.34460789945641945
2022-01-28,36.9699411152277,37.252821730257594,36.17981705538103,37.21380615234375,125400,FSS,36.90409651330252,37.80630534062739,37.80630534062739,36.17981705538103,,,-1.1996327988982216,-0.8800137487679827,-0.31961905013023895
2022-01-31,36.96018695340377,38.06245803833008,36.96018695340377,38.06245803833008,360000,FSS,37.51132249586692,37.355200926964955,38.06245803833008,36.96018695340377,,,-1.161288332027972,-0.9362686654199806,-0.22501966660799155
2022-02-01,38.06245305099878,38.55993605821857,37.321101300881736,37.994171142578125,212300,FSS,37.9844153881693,37.43326171141594,38.55993605821857,37.321101300881736,,,-1.1234597034343068,-0.9737068730228459,-0.14975283041146092
2022-02-02,38.0039342039324,38.45264507023053,37.17479439789952,37.24307632446289,191000,FSS,37.71861249913134,37.70883854979262,38.45264507023053,37.17479439789952,,,-1.1409353251728618,-1.007152563452849,-0.1337827617200127
2022-02-03,36.96994333440957,37.29184326776105,36.443193929559456,36.55049514770508,174400,FSS,36.81386891985879,37.71372552446198,37.71372552446198,36.443193929559456,,,-1.1968735805193873,-1.0450967668661568,-0.15177681365323048
2022-02-04,36.31638407059447,36.75534192017568,35.64331784862693,35.84816360473633,492600,FSS,36.14080186103335,37.263797222160385,37.263797222160385,35.64331784862693,,,-1.2830867118622393,-1.0926947558653735,-0.19039195599686587
2022-02-07,35.731103344404026,36.21883337856319,35.594539530213034,35.68233108520508,215900,FSS,35.80670183459633,36.70229954159687,36.70229954159687,35.594539530213034,,,-1.3492393466733787,-1.1440036740269746,-0.2052356726464042
2022-02-08,36.0335015110377,36.54074130468023,35.98472924110942,36.33589553833008,279900,FSS,36.223716898789355,36.2545006880966,36.54074130468023,35.98472924110942,,,-1.3335561913995093,-1.1819141775014816,-0.15164201389802767
2022-02-09,36.75534444838789,37.23331791218718,36.55049867818819,36.696815490722656,182200,FSS,36.80899413237148,36.23910879344298,37.23331791218718,36.23910879344298,,,-1.277280262245931,-1.2009873944503715,-0.07629286779555944
2022-02-10,36.13104256997328,36.91140989653195,35.82864860295714,36.01398468017578,172800,FSS,36.22127143740954,36.52405146290723,36.91140989653195,35.82864860295714,,,-1.2731043680268286,-1.215410789165663,-0.05769357886116566
2022-02-11,36.34564493384779,36.413930570342856,35.584787178661706,36.160308837890625,249200,FSS,36.12616788018575,36.37266145015839,36.413930570342856,35.584787178661706,,,-1.243651761763651,-1.2210589836852606,-0.022592778078390552
2022-02-14,36.31637989799393,36.75533769714073,35.867669134903906,36.05300521850586,324000,FSS,36.248097987136106,36.24941466517207,36.75533769714073,35.867669134903906,,,-1.2149635212318657,-1.2198398911945816,0.0048763699627158985
2022-02-15,36.52122424920553,37.252819313083656,36.433432692696755,37.106502532958984,207100,FSS,36.82849469698623,36.24875632615409,37.252819313083656,36.24875632615409,,,-1.0946015695627622,-1.1947922268682178,0.10019065730545562
2022-02-16,36.80412391884453,37.24308188448825,36.570015484558866,36.96019744873047,139700,FSS,36.89435468415553,36.53862551157016,37.24308188448825,36.53862551157016,,,-0.9994978640674432,-1.155733354308063,0.15623549024061978
2022-02-17,36.628523823916865,36.75533467124956,36.24809500300355,36.38465881347656,241700,FSS,36.50415307791163,36.716490097862845,36.75533467124956,36.24809500300355,,,-0.9595080387672397,-1.1164882911998983,0.15698025243265867
2022-02-18,36.17981549648917,36.73582745946989,36.06276132562086,36.49196243286133,384200,FSS,36.36759167861031,36.61032158788724,36.73582745946989,36.06276132562086,,,-0.9086825816293498,-1.0749271492857886,0.1662445676564388
2022-02-22,36.521227376084845,36.7065671896301,35.662825106820854,35.74085998535156,187800,FSS,36.15786991447184,36.488956633248776,36.7065671896301,35.662825106820854,,,-0.9184237140818752,-1.043626462245006,0.12520274816313082
2022-02-23,35.94571521672575,36.17007438930569,35.28240182922857,35.4287223815918,273000,FSS,35.70672845421295,36.32341327386031,36.32341327386031,35.28240182922857,,,-0.9404891541770084,-1.0229990006314065,0.08250984645439807
2022-02-24,34.853195004496534,35.077550420091534,34.16061910577905,34.999515533447266,267700,FSS,34.772720015953595,36.01507086403663,36.01507086403663,34.16061910577905,,,-0.9812977899533593,-1.0146587584957971,0.03336096854243786
2022-02-25,35.126314674641165,35.692083288335105,34.862943736359945,35.23361587524414,445000,FSS,35.228739393645085,35.39389543999511,35.692083288335105,34.862943736359945,,,-0.9834128159031366,-1.008409569977265,0.02499675407412849
2022-02-28,34.823930780282936,35.45797769394659,34.687366944142624,35.22386932373047,571200,FSS,35.048286185525654,35.3113174168201,35.45797769394659,34.687366944142624,,,-0.9746404065440402,-1.00165573729062,0.027015330746579913
2022-03-01,35.945707544156384,36.00423649682598,32.48282451454181,32.82423782348633,718500,FSS,34.314251594752626,35.17980180117288,36.00423649682598,32.48282451454181,,,-1.1480840185295378,-1.0309413935384037,-0.11714262499113404
2022-03-02,32.726686939668475,34.17036749975974,32.668161712786414,33.750919342041016,493500,FSS,33.329033873563915,34.74702669796275,34.74702669796275,32.668161712786414,,,-1.1969659977385447,-1.064146314378432,-0.13281968336011274
2022-03-03,33.75091894242035,34.13135151807497,32.414539608882826,34.07282257080078,560500,FSS,33.592408160044734,34.038030285763334,34.13135151807497,32.414539608882826,,,-1.1959443165027892,-1.0905059148033034,-0.10543840169948582
2022-03-04,33.60460106844982,34.102084080384586,33.34122639586612,33.975276947021484,478700,FSS,33.7557971229305,33.815219222904034,34.102084080384586,33.34122639586612,,,-1.1892962762178172,-1.110263987086206,-0.07903228913161109
2022-03-07,34.063062329752015,34.238645432159785,32.81447468692761,32.892513275146484,658400,FSS,33.50217393099648,33.78550817291727,34.238645432159785,32.81447468692761,,,-1.2569087737370879,-1.1395929444163826,-0.11731582932070528
2022-03-08,33.07785295415737,34.502023854974304,32.99981807849821,33.9265022277832,353400,FSS,33.626549278853275,33.64384105195687,34.502023854974304,32.99981807849821,,,-1.213074332281309,-1.154289221989368,-0.058785110291941
2022-03-09,34.5800663600759,34.745892815272086,33.819204840164545,33.955772399902344,348700,FSS,34.27523410385372,33.63519516540507,34.745892815272086,33.63519516540507,,,-1.1625719574984075,-1.1559457690911759,-0.006626188407231615
2022-03-10,33.42902255994187,33.926505640430236,33.17540081609645,33.33147430419922,337600,FSS,33.46560083016694,33.9552146346294,33.9552146346294,33.17540081609645,,,-1.159557444063637,-1.1566681040856681,-0.002889339977968808
2022-03-11,33.67288457876261,33.799695439240914,32.76570634819701,32.804725646972656,169500,FSS,33.260753003293296,33.71040773239817,33.799695439240914,32.76570634819701,,,-1.1860011518457654,-1.1625347136376876,-0.02346643820807781
2022-03-14,32.99982134226079,32.99982134226079,32.35601401870179,32.56086349487305,236200,FSS,32.7291300495241,33.48558036784573,33.48558036784573,32.35601401870179,,,-1.2126568649269345,-1.172559143895537,-0.040097721031397526
2022-03-15,32.70717977279249,32.892519594879836,32.238959316772814,32.88276290893555,357600,FSS,32.68035539834517,33.107355208684915,33.107355208684915,32.238959316772814,37.12396640002529,,-1.1940429334279727,-1.1768559018020242,-0.01718703162594859
2022-03-16,33.11687144845954,33.78018462034031,32.921778682420786,33.594844818115234,250800,FSS,33.35341989233397,32.89385530351504,33.78018462034031,32.89385530351504,36.94511572415213,,-1.1090477871232522,-1.16329427886627,0.054246491743017655
2022-03-17,33.26232792841236,33.6535358843747,33.02760613950342,33.08628845214844,660400,FSS,33.25743960110972,33.1236375979245,33.6535358843747,33.02760613950342,36.757322056768174,,-1.0703860260542442,-1.1447126283038649,0.07432660224962073
2022-03-18,32.98848197626115,33.8100156338292,32.43101310835803,33.79045486450195,618200,FSS,33.254991395737584,33.19053859951711,33.8100156338292,32.43101310835803,36.57138169827685,,-0.9717245219400183,-1.1101150070310957,0.13839048509107732
2022-03-21,33.52638333830527,34.21099520385726,33.31122238060887,33.46770477294922,170600,FSS,33.62907642393016,33.22276499762735,34.21099520385726,33.22276499762735,36.403262763611885,,-0.9090982850292022,-1.069911662630717,0.16081337760151482
2022-03-22,33.68286940672967,34.05451652816181,33.174300643410675,33.65353012084961,444000,FSS,33.64130417478794,33.425920710778755,34.05451652816181,33.174300643410675,36.24884973739446,,-0.8348483761066916,-1.022899005325912,0.18805062921922033
2022-03-23,33.34057153165508,33.418810885565804,32.92980279840796,33.399253845214844,458900,FSS,33.27210976521092,33.53361244278335,33.53361244278335,32.92980279840796,36.101684968456766,,-0.787445576276653,-0.9758083195160602,0.18836274323940716
2022-03-24,33.536168406338334,33.536168406338334,32.831995716178525,33.44814682006836,280900,FSS,33.33811983723089,33.40286110399714,33.536168406338334,32.831995716178525,35.95579152405971,,-0.7374325974895726,-0.9281331751107627,0.19070057762119008
2022-03-25,33.59485090206475,33.89803723038418,33.31122907390783,33.79045486450195,357500,FSS,33.64864301771468,33.370490470614016,33.89803723038418,33.31122907390783,35.811621305627085,,-0.6625382248384426,-0.8750141850562987,0.21247596021785609
2022-03-28,33.67308727199816,33.770887368318235,33.086279232408685,33.28187942504883,366500,FSS,33.45303332444348,33.509566744164346,33.770887368318235,33.086279232408685,35.663148809263944,,-0.6368801249132972,-0.8273873730276984,0.19050724811440123
2022-03-29,33.62418861840282,34.17187514984578,33.62418861840282,33.986053466796875,333900,FSS,33.85157646336207,33.48130003430391,34.17187514984578,33.48130003430391,35.527865910195295,,-0.5533463039787847,-0.7725791592179156,0.21923285523913094
2022-03-30,33.95671455430288,34.01539312283669,33.3699027531217,33.428585052490234,212200,FSS,33.692648870687876,33.66643824883299,34.01539312283669,33.3699027531217,35.39657395227664,,-0.5260640522057898,-0.7232761378154905,0.19721208560970072
2022-03-31,33.301437750740696,33.44814161530748,32.9591337078639,33.008033752441406,346800,FSS,33.17918670658837,33.67954355976043,33.67954355976043,32.9591337078639,35.26749871523525,,-0.5322422885447367,-0.6850693679613398,0.15282707941660312
2022-04-01,33.02759303219844,33.26231472795592,32.65594599460933,33.203636169433594,660400,FSS,33.037372481049324,33.4293651331744,33.4293651331744,32.65594599460933,35.15095080411575,,-0.5154137363032874,-0.6511382416297293,0.13572450532644198
2022-04-04,33.24276377842372,33.26232081428698,32.773312839340576,33.13518142700195,189200,FSS,33.10339471476331,33.23336880711186,33.26232081428698,32.773312839340576,35.04069809211379,,-0.5018160895126158,-0.6212738112063066,0.11945772169369084
2022-04-05,33.10583426647509,33.30143817812974,32.401665407686366,32.528804779052734,303300,FSS,32.83443565783598,33.168381760937585,33.30143817812974,32.401665407686366,34.93145541815474,,-0.5338158869972105,-0.6037822263644874,0.06996633936727692
2022-04-06,32.206065578747825,32.4407873178213,32.039800926972234,32.15716552734375,317500,FSS,32.210954837721275,33.00140870938678,33.00140870938678,32.039800926972234,34.814961860237716,,-0.5824500175046907,-0.5995157845925281,0.017065767087837358
2022-04-07,32.03980545174166,32.147387818524635,31.707279832064867,32.02024841308594,342400,FSS,31.978680378854275,32.60618177355403,32.60618177355403,31.707279832064867,34.69431057029914,,-0.6248382369313532,-0.6045802750602931,-0.020257961871060104
2022-04-08,31.97133861323506,32.16694254053587,31.32584826472658,31.374752044677734,271600,FSS,31.709720365793814,32.29243107620415,32.29243107620415,31.32584826472658,34.57988802409608,,-0.7024203044813149,-0.6241482809444975,-0.07827202353681739
2022-04-11,31.316071588318227,31.932222689747398,31.316071588318227,31.59969711303711,341000,FSS,31.54101574485524,32.00107572099898,32.00107572099898,31.316071588318227,34.47262640872714,,-0.7372548499065275,-0.6467695947369035,-0.09048525516962391
2022-04-12,31.82463084285609,32.43099951449256,31.589905440152524,31.863752365112305,482500,FSS,31.92732204065337,31.771045732927114,32.43099951449256,31.589905440152524,34.36094639962286,,-0.735080871371494,-0.6644318500638217,-0.07064902130767237
2022-04-13,31.942002665048562,32.65595390303195,31.775741734525784,32.646175384521484,381200,FSS,32.254968421781946,31.849183886790243,32.65595390303195,31.775741734525784,34.246357460295116,,-0.6625851103285356,-0.6640625021167644,0.0014773917882288101
2022-04-14,32.76354091606315,33.05694501392049,32.39189373566491,32.58749771118164,544800,FSS,32.699969344207545,32.0520761542861,33.05694501392049,32.0520761542861,34.14598459719664,,-0.6029164497171138,-0.6518332916368343,0.048916841919720566
2022-04-18,32.47991633116123,32.98848519071974,32.29409460069847,32.607059478759766,462900,FSS,32.5923889003348,32.37602274924682,32.98848519071974,32.29409460069847,34.061554996806166,,-0.5477361734800823,-0.631013868005484,0.08327769452540168
2022-04-19,32.73419034830183,33.62418458599812,32.72440810093653,33.37968063354492,233800,FSS,33.11561591719535,32.484205824790806,33.62418458599812,32.484205824790806,34.0010512779294,,-0.4366281592547523,-0.5921367262553376,0.15550856700058535
2022-04-20,33.712218524967895,34.152322816162346,33.58507537841797,33.58507537841797,197700,FSS,33.75867302449154,32.799910870993074,34.152322816162346,32.799910870993074,33.9600907017273,,-0.3282171353076606,-0.5393528080658023,0.2111356727581417
2022-04-21,33.90781306618275,34.44572485302382,33.64375202825074,34.4163818359375,400300,FSS,34.1034179458487,33.27929194774231,34.44572485302382,33.27929194774231,33.91768472266849,,-0.17322431212467393,-0.4661271088775767,0.29290279675290276
2022-04-22,34.37726137092368,34.37726137092368,33.858910391974504,34.250118255615234,689600,FSS,34.21588784735927,33.6913549467955,34.37726137092368,33.6913549467955,33.86582259696824,,-0.06308031390588553,-0.3855177498832385,0.32243743597735297
2022-04-25,34.005613677861504,34.005613677861504,33.096058582039255,33.93715286254883,471400,FSS,33.761109700077775,33.953621397077384,34.005613677861504,33.096058582039255,33.816619362221616,,-0.0010321949317244616,-0.30862063889293573,0.30758844396121127
2022-04-26,33.536171955879546,33.83935455002742,33.0471639205853,33.29166793823242,445800,FSS,33.42858959118117,33.857365548577576,33.857365548577576,33.0471639205853,33.76266779644152,,-0.0038989082742801884,-0.24767629276920464,0.24377738449492445
2022-04-27,33.26231989326282,33.90781025308523,33.027598161055394,33.64374923706055,399800,FSS,33.460369386116,33.64297756987938,33.90781025308523,33.027598161055394,33.70691322442112,,0.021985780703161595,-0.1937438780747314,0.215729658777893
2022-04-28,33.87847349797146,34.57286395959713,33.125400733496534,34.2598991394043,370200,FSS,33.95915933261736,33.55167347799769,34.57286395959713,33.125400733496534,33.649526517133744,,0.09116681663366677,-0.13676173913305176,0.22792855576671853
2022-04-29,34.25989531158764,34.69022468939882,33.154740045999645,33.28187942504883,647400,FSS,33.84668486800874,33.75541640530753,34.69022468939882,33.154740045999645,33.58857312081081,,0.06631087820746018,-0.09614721566494938,0.16245809387240956
2022-05-02,33.135178644606356,34.416377043648104,32.968914007051914,33.682865142822266,534600,FSS,33.550833709532164,33.80105063665813,34.416377043648104,32.968914007051914,33.52950673344321,,0.07806863751692106,-0.061304045028575296,0.13937268254549634
2022-05-03,33.829572770965804,34.08385528324785,33.4481471371253,33.86869430541992,338300,FSS,33.807567374189716,33.67594217309515,34.08385528324785,33.4481471371253,33.4783062473548,,0.10121486490372433,-0.02880026304211537,0.1300151279458397
2022-05-04,34.02517551104028,35.03253073723953,33.81979305866009,35.012969970703125,327800,FSS,34.47261731941076,33.741754773642434,35.03253073723953,33.741754773642434,33.444601195453586,,0.20947717743844407,0.01885522505399652,0.19062195238444757
2022-05-05,34.4848466048348,34.87605454352633,32.98848314138518,33.360130310058594,299600,FSS,33.92737864995123,34.10718604652659,34.87605454352633,32.98848314138518,33.40901419936835,,0.16006041601179533,0.04709626324555628,0.11296415276623904
2022-05-06,33.37968623397562,33.56550792591682,32.734195840432406,33.076499938964844,220200,FSS,33.18897248482242,34.01728234823891,34.01728234823891,32.734195840432406,33.37733924874573,,0.09689374522262284,0.057055759640969594,0.039837985581653246
2022-05-09,32.71463030801727,33.54594227241218,32.52880491230867,33.05693435668945,367300,FSS,32.9615779623569,33.60312741653067,33.60312741653067,32.52880491230867,33.33199602011996,,0.044739198921696754,0.05459244749711503,-0.009853248575418277
2022-05-10,33.3992488654134,33.3992488654134,31.69749933426593,31.981124877929688,292200,FSS,32.6192804857556,33.28235268944378,33.3992488654134,31.69749933426593,33.28341590612456,,-0.08245203308318594,0.02718355138105484,-0.10963558446424078
2022-05-11,32.10826836751876,32.75375880435401,31.85398210798163,31.91266441345215,195400,FSS,32.15716842332664,32.95081658759969,32.95081658759969,31.85398210798163,33.24027424269604,,-0.186624892554363,-0.015578137406028722,-0.17104675514833426
2022-05-12,31.912659499804242,32.05935964464019,31.159586817642516,31.85397720336914,317700,FSS,31.746395791364023,32.553992505463164,32.553992505463164,31.159586817642516,33.20862148105204,,-0.27079662664746706,-0.06662183525431639,-0.20417479139315067
2022-05-13,32.19627672992278,32.43100215171373,31.550786483540183,31.990894317626953,223400,FSS,32.04223992070091,32.15019414841359,32.43100215171373,31.550786483540183,33.177618116265165,,-0.32273497755856084,-0.11784446371516528,-0.20489051384339557
2022-05-16,31.824646538820797,32.16695070030333,31.228056088092202,31.873546600341797,192400,FSS,31.773299981889533,32.09621703455725,32.16695070030333,31.228056088092202,33.13796817344435,,-0.3691105977132665,-0.16809769051478554,-0.20101290719848094
2022-05-17,32.342988085517064,33.5068257559315,32.30386655100695,33.41880416870117,240000,FSS,32.89312114028917,31.93475850822339,33.5068257559315,31.93475850822339,33.125787117630196,,-0.27796997445864235,-0.19007214730355693,-0.08789782715508543
2022-05-18,32.900455396555415,33.32100254630639,32.22562574573476,32.3723258972168,288700,FSS,32.70485239645334,32.413939824256275,33.32100254630639,32.22562574573476,33.1073531799822,,-0.28687550240367443,-0.20943281832358043,-0.077442684080094
2022-05-19,32.21541819886787,33.14706730964175,31.921214200993706,32.85286331176758,333800,FSS,32.53414075531772,32.55939611035481,33.14706730964175,31.921214200993706,33.07253131301148,,-0.252250062426036,-0.21799626714407155,-0.03425379528196443
2022-05-20,33.02938645869344,33.08822875467099,32.03889505194201,32.85286331176758,324700,FSS,32.75234339426851,32.54676843283627,33.08822875467099,32.03889505194201,33.058266164293514,,-0.2222472241253115,-0.21884645854031956,-0.003400765584991944
2022-05-23,33.37262686528473,33.460888446767996,32.34291090865139,32.45078659057617,289800,FSS,32.90680320282007,32.64955591355239,33.460888446767996,32.34291090865139,33.05118716828405,,-0.22828249125966948,-0.22073366508418957,-0.007548826175479917
2022-05-24,32.38213737125312,33.10784034359771,31.793725612615056,32.98035430908203,185200,FSS,32.566014409136976,32.77817955818623,33.10784034359771,31.793725612615056,33.0479248554763,,-0.18816474874896727,-0.21421988181714513,0.02605513306817786
2022-05-25,32.77440473397259,33.637406312456726,32.77440473397259,33.54914474487305,160700,FSS,33.18384013131873,32.6720969836616,33.637406312456726,32.6720969836616,33.057994550135774,35.090980475080535,-0.10921554536552947,-0.193219014526822,0.08400346916129253
2022-05-26,33.862970124678974,34.4513819491583,33.862970124678974,34.06891632080078,153100,FSS,34.06155962982926,32.92796855749017,34.4513819491583,32.92796855749017,33.07215734488568,35.00863653451891,-0.004652875172126869,-0.155505786655883,0.15085291148375612
2022-05-27,34.255236165229206,34.87306711810888,34.255236165229206,34.7553825378418,116500,FSS,34.53473049660227,33.49476409365971,34.87306711810888,33.49476409365971,33.09770316279554,34.92751260978186,0.13208330682508773,-0.09798796795968885,0.23007127478477657
2022-05-31,34.27485497459271,34.62790128192351,33.91200348806135,34.42195510864258,206000,FSS,34.30917871330504,34.01474729513099,34.62790128192351,33.91200348806135,33.118786909146884,34.845084303711864,0.21110937179476252,-0.03616850000879858,0.2472778718035611
2022-06-01,34.67693112388251,35.12804414124591,34.10813352207135,34.88287353515625,228400,FSS,34.698995580589006,34.16196300421801,35.12804414124591,34.10813352207135,33.14018529228006,34.77172402794597,0.30738699664338043,0.03254259932163722,0.2748443973217432
2022-06-02,34.931908803174274,35.8635579050568,34.618090709635894,35.7949104309082,186400,FSS,35.30211696219379,34.430479292403504,35.8635579050568,34.430479292403504,33.17340154802818,34.711125642711316,0.45207027848910997,0.11644813515513178,0.3356221433339782
2022-06-03,35.52031841011958,35.696841544804286,35.04959129796254,35.5105094909668,162100,FSS,35.4443151859633,34.86629812729865,35.696841544804286,34.86629812729865,33.216845656443226,34.659265312449996,0.5375870735753168,0.2006759228391688,0.33691115073614797
2022-06-06,35.41244888305664,35.62820024973278,35.10843593374092,35.41244888305664,225700,FSS,35.39038348739675,35.15530665663097,35.62820024973278,35.10843593374092,33.25789092944654,34.606841226753126,0.5906385645523002,0.2786684511817951,0.3119701133705051
2022-06-07,35.12804619647046,35.98123890809809,34.78480882426589,35.90278625488281,189100,FSS,35.449220045929316,35.27284507201386,35.98123890809809,34.78480882426589,33.293902470010835,34.55276188781896,0.6645874311380382,0.35585224717304376,0.30873518396499444
2022-06-08,35.63799758616369,35.755678423447534,35.147656399640255,35.54973602294922,198700,FSS,35.522767108050175,35.36103255897159,35.755678423447534,35.147656399640255,33.33529714568297,34.49922297747346,0.686787380119199,0.42203927376227485,0.2647481063569242
2022-06-09,35.48109177542334,35.96162408685289,35.314373811555235,35.60858154296875,318900,FSS,35.591417804200056,35.44189983351088,35.96162408685289,35.314373811555235,33.370093972499724,34.44897994134751,0.7010480952470814,0.47784103805923617,0.22320705718784528
2022-06-10,35.30456726401859,35.657613535219824,34.98094026841527,35.12804412841797,523600,FSS,35.267791299017915,35.51665881885547,35.657613535219824,34.98094026841527,33.40159682106633,34.39908538667149,0.6658983991552248,0.5154525102784339,0.1504458888767909
2022-06-13,34.137560681960096,34.4317646967739,33.745286168203684,34.36311721801758,480000,FSS,34.16943219123881,35.39222505893669,35.39222505893669,33.745286168203684,33.42140173075934,34.344450222997295,0.56975106720909,0.5263122216645651,0.04343884554452482
2022-06-14,34.29446771776016,34.824033416806735,33.794317555151935,34.67693328857422,464800,FSS,34.39743799457327,34.78082862508775,34.824033416806735,33.794317555151935,33.44860304102982,34.29977692257278,0.512962831942886,0.5236423437202293,-0.010679511777343276
2022-06-15,35.35360336303711,35.667421463634405,34.667124865102956,35.35360336303711,498800,FSS,35.260438263702895,34.58913330983051,35.667421463634405,34.58913330983051,33.49174391200861,34.2662210020612,0.5166042737063776,0.522234729717459,-0.005630456011081364
2022-06-16,34.990748912704156,35.10842975517779,33.09803154997331,33.931610107421875,863000,FSS,34.28220508131928,34.924785786766705,35.10842975517779,33.09803154997331,33.52069930047827,34.226077359316506,0.4001346675323276,0.49781471728043275,-0.09768004974810512
2022-06-17,34.13755926379381,34.588672317168324,33.28436279296875,33.28436279296875,635700,FSS,33.823739291724905,34.603495434043,34.603495434043,33.28436279296875,33.552954989558344,34.18395842489803,0.2526913479520374,0.4487900434147537,-0.1960986954627163
2022-06-21,33.71586707444543,34.41215078623562,33.029388542099916,34.22582244873047,258100,FSS,33.84580721287786,34.21361736288395,34.41215078623562,33.029388542099916,33.59029752623882,34.142304048268976,0.20939559890628345,0.4009111545130597,-0.19151555560677624
2022-06-22,33.902191906594126,34.22581890991222,33.68644057104873,33.95122528076172,304500,FSS,33.9414191670792,34.029712287880905,34.22581890991222,33.68644057104873,33.63493150226453,34.1074097631803,0.15118296618168614,0.350965516846785,-0.19978255066509887
2022-06-23,33.89238723554976,34.41214774331932,33.21571394248419,33.78451156616211,409700,FSS,33.826190121878845,33.98556572748005,34.41214774331932,33.21571394248419,33.68063498980499,34.07663069926607,0.09055279560396912,0.29888297259822183,-0.2083301769942527
2022-06-24,34.15717286104111,35.28495547791166,34.15717286104111,35.275150299072266,767400,FSS,34.718612874766535,33.905877924679444,35.28495547791166,33.905877924679444,33.73646080648726,34.04870360305507,0.16092993643074038,0.27129236536472556,-0.11036242893398518
2022-06-27,35.569349953212054,35.63799741972423,35.09862286526875,35.19668960571289,336900,FSS,35.37566496097948,34.31224539972299,35.63799741972423,34.31224539972299,33.79887473727121,34.02261609878317,0.20797578989961352,0.2586290502717032,-0.05065326037208967
2022-06-28,35.196692399872546,35.46147710929981,34.3827279147502,34.441566467285156,225000,FSS,34.87061597280193,34.84395518035123,35.46147710929981,34.3827279147502,33.8422876698431,33.994136133519866,0.18222723909723726,0.24334868803681,-0.06112144893957275
2022-06-29,34.529830410696036,34.529830410696036,33.88258010127255,34.098331451416016,142400,FSS,34.260143093520156,34.85728557657658,34.85728557657658,33.88258010127255,33.875642753706806,33.96859887525648,0.13259663832408108,0.22119827809426423,-0.08860163977018315
2022-06-30,33.764895850507514,34.91229248046875,33.33339693463438,34.91229248046875,398300,FSS,34.23071943651985,34.558714335048364,34.91229248046875,33.33339693463438,33.897944824093294,33.949498051011346,0.15713255583850128,0.20838513364311165,-0.05125257780461037
2022-07-01,34.667124520240414,35.569354356237554,34.13755881887978,34.78480911254883,213300,FSS,34.78971170197664,34.394716885784106,35.569354356237554,34.13755881887978,33.918565597643,33.93932814968515,0.16439555524407012,0.19958721796330336,-0.03519166271923324
2022-07-05,34.07871970566174,34.392537832447694,33.50992201273272,34.353309631347656,349800,FSS,34.08362229554745,34.592214293880374,34.592214293880374,33.50992201273272,33.91816968463697,33.91792720365274,0.13379087473672513,0.18642794931798773,-0.0526370745812626
2022-07-06,34.353310963870655,34.82403817230852,33.83355037265938,33.99045944213867,268600,FSS,34.250339737744305,34.337918294713916,34.82403817230852,33.83355037265938,33.918858722444675,33.89234065970646,0.0793428521261319,0.16501092987961657,-0.08566807775348467
2022-07-07,34.402347786708596,35.28495989193099,34.402347786708596,35.216312408447266,149800,FSS,34.82649196844886,34.29412901622911,35.28495989193099,34.29412901622911,33.9401663678121,33.878392865016856,0.13356879352277673,0.1587225026082486,-0.025153709085471876
2022-07-08,35.06920616602856,35.21631004419341,34.6965494924231,34.961334228515625,134000,FSS,34.98584998279017,34.560310492338985,35.21631004419341,34.560310492338985,33.97131157564428,33.8669896860429,0.15419121424044135,0.15781624493468716,-0.003625030694245801
2022-07-11,34.80441507515693,35.06919599343691,34.60827787483338,34.70634460449219,115300,FSS,34.797058386979856,34.77308023756458,35.06919599343691,34.60827787483338,33.99804535566155,33.85247929004134,0.14825016400607893,0.15590302874896553,-0.007652864742886595
2022-07-12,34.637700371277624,35.30456466987805,34.61808627531805,34.76519012451172,97600,FSS,34.83138536024636,34.78506931227221,35.30456466987805,34.61808627531805,34.01548987621413,33.832508196673935,0.14660026397780257,0.15404247579473296,-0.007442211816930389
2022-07-13,34.35331204194142,34.69655321414143,34.22582599093127,34.60829162597656,158400,FSS,34.47099571824767,34.808227336259286,34.808227336259286,34.22582599093127,34.02797609321891,33.80827460701485,0.13112082944027748,0.14945814652384187,-0.018337317083564397
2022-07-14,34.088517317155336,34.608281513815676,33.81392745243342,34.598472595214844,132100,FSS,34.27729971965482,34.63961152725348,34.63961152725348,33.81392745243342,34.04250541342137,33.78600607343229,0.1167155283664627,0.14290962289236606,-0.02619409452590335
2022-07-15,35.314373937259546,35.3928303301842,34.55925173089661,35.226112365722656,264900,FSS,35.12314209101576,34.45845562345415,35.3928303301842,34.45845562345415,34.068816907757885,33.77356157755634,0.15416736217117233,0.14516117074812732,0.009006191423045012
2022-07-18,35.402638084585604,35.559547140844444,34.588673524307566,34.745582580566406,185200,FSS,35.074110332576005,34.790798857234954,35.559547140844444,34.588673524307566,34.08084676802119,33.76272398173739,0.14342021363338375,0.14481297932517861,-0.0013927656917948616
2022-07-19,35.255535042742004,36.37351244406345,35.255535042742004,36.2362174987793,217100,FSS,35.78020000708169,34.93245459490548,36.37351244406345,34.93245459490548,34.1179031951638,33.763458697266074,0.25227671223034775,0.16630572590621245,0.0859709863241353
2022-07-20,36.29505842647003,36.55984315584421,35.99104923945321,36.49119567871094,226900,FSS,36.334286625119596,35.356327300993584,36.55984315584421,35.356327300993584,34.180809477969746,33.779074363357736,0.3550283341771632,0.2040502475604026,0.15097808661676057
2022-07-21,36.21660656539695,37.13844680786133,35.95182183020881,37.13844680786133,234200,FSS,36.611330502832104,35.845306963056586,37.13844680786133,35.845306963056586,34.25380452877925,33.7929002744496,0.48311840345031243,0.25986387873838457,0.22325452471192786
2022-07-22,37.03056893572938,37.1286394286962,36.324480091402236,36.74617385864258,168600,FSS,36.807465578617595,36.228318732944345,37.1286394286962,36.228318732944345,34.33756823063649,33.81049206838052,0.5466758190007042,0.31722626679084853,0.22944955220985563
2022-07-25,36.687334254304176,37.06979985241608,36.42254951537892,36.97173309326172,138100,FSS,36.78785417884022,36.51789215578097,37.06979985241608,36.42254951537892,34.43018194574676,33.8352280942214,0.6082349203388588,0.37542799750045064,0.2328069228384082
2022-07-26,36.65791134610476,37.22670522670962,36.65791134610476,37.07960510253906,130400,FSS,36.90553325536455,36.652873167310595,37.22670522670962,36.652873167310595,34.53336469502677,33.870993088039405,0.6581387079354428,0.4319701395874491,0.2261685683479937
2022-07-27,37.530723913203744,38.29565515146528,36.677531090449925,37.854347229003906,268700,FSS,37.58956434603071,36.779203211337574,38.29565515146528,36.677531090449925,34.64431118353336,33.91096464989926,0.7515397515204469,0.4958840619740487,0.2556556895463982
2022-07-28,38.09950782300907,39.992225058878105,38.02105518028722,39.8058967590332,305500,FSS,38.9796712053019,37.18438377868414,39.992225058878105,37.18438377868414,34.78843860800161,33.96320339072298,0.9718318165364437,0.5910736128865277,0.38075820364991597
2022-07-29,39.78628462754795,41.06117099802738,39.5999563185031,40.717933654785156,273500,FSS,40.291336399715895,38.08202749199302,41.06117099802738,38.08202749199302,34.93640291319015,34.03109501541017,1.2061053883150947,0.7140799679722412,0.49202542034285357
2022-08-01,40.16875658718825,41.12982504293853,40.070689828012384,40.94349670410156,232100,FSS,40.57819204056018,39.18668194585446,41.12982504293853,39.18668194585446,35.09386970607228,34.10061144302724,1.3939019013257195,0.8500443546429368,0.5438575466827826
2022-08-02,40.74735461088401,40.86503545613597,40.31585568428905,40.433536529541016,173800,FSS,40.59044557021251,39.88243699320732,40.86503545613597,39.88243699320732,35.254995802370175,34.16376355769083,1.4844704158126802,0.9769295668768856,0.5075408489357947
2022-08-03,40.62967224261095,41.14943271891309,40.168750316225896,41.070980072021484,135200,FSS,40.754708837442855,40.236441281709915,41.14943271891309,40.168750316225896,35.415043111233665,34.23665463776359,1.589361809003897,1.099416015302288,0.48994579370160896
2022-08-04,41.07098849577357,41.325964326725504,40.737556260831965,40.87485122680664,153200,FSS,41.00234007753442,40.49557505957638,41.325964326725504,40.49557505957638,35.57695384872795,34.314070508506,1.637783684290369,1.2070895490999043,0.43069413519046473
2022-08-05,40.27663973946542,40.688528434637846,40.16876403975341,40.590457916259766,142000,FSS,40.43109753252911,40.7489575685554,40.7489575685554,40.16876403975341,35.73425551119579,34.39109018333605,1.6343702035818382,1.292545679996291,0.34182452358554705
2022-08-08,40.610059981767535,40.727740827928976,40.168752132403846,40.649288177490234,201200,FSS,40.53896027989765,40.59002755054225,40.727740827928976,40.168752132403846,35.881357914167374,34.46967623215158,1.6177635349359107,1.3575892509842151,0.2601742839516956
2022-08-09,40.64928930299258,40.7081278571991,39.85493515214376,40.17856216430664,169800,FSS,40.34772861916052,40.564493915219956,40.7081278571991,39.85493515214376,36.007081293954,34.53961931941984,1.54876576745297,1.3958245542779661,0.15294121317500387
2022-08-10,40.992523366332485,40.992523366332485,40.53160518452714,40.61005783081055,201600,FSS,40.78167743700067,40.45611126719024,40.992523366332485,40.45611126719024,36.13202023276197,34.61486169777875,1.5114792419101946,1.4189554918044118,0.09252375010578273
2022-08-11,41.090598394715606,41.47306397253499,40.806199570847454,41.149436950683594,202900,FSS,41.12982472219541,40.61889435209545,41.47306397253499,40.61889435209545,36.26843315293977,34.693610031043335,1.508068711609745,1.4367781357654785,0.07129057584426657
2022-08-12,41.335766065310956,41.81629836272603,41.13962883042443,41.79668426513672,128600,FSS,41.52209438089953,40.87435953714543,41.81629836272603,40.87435953714543,36.40489512894599,34.77254021061302,1.5398429398878832,1.4573910965899595,0.08245184329792377
2022-08-15,41.55151847302419,42.237997004193595,41.42403243542662,42.06147384643555,139900,FSS,41.81875543976999,41.19822695902248,42.237997004193595,41.19822695902248,36.53522789849751,34.85431472326284,1.5683120261935883,1.4795752825106854,0.08873674368290296
2022-08-16,41.9241738421737,42.57142409571086,41.708422510659126,42.17914962768555,302600,FSS,42.095792519057305,41.50849119939623,42.57142409571086,41.50849119939623,36.66825744515939,34.94255155080131,1.5821316059779065,1.5000865472041296,0.08204505877377688
2022-08-17,41.73784863201145,41.91437178165254,41.17885990515027,41.63977813720703,145800,FSS,41.61771461400532,41.802141859226765,41.91437178165254,41.17885990515027,36.79280406769156,35.025347498569054,1.5319021366997774,1.5064496651032593,0.02545247159651809
2022-08-18,41.50218608578173,42.121329392591605,41.07959662625546,41.94443130493164,115000,FSS,41.66188585239011,41.709928236616044,42.121329392591605,41.07959662625546,36.917057383820776,35.10547992691581,1.4993938064946661,1.5050384933815408,-0.005644686886874695
2022-08-19,41.89530025851678,41.89530025851678,41.48253674050131,41.70857238769531,181200,FSS,41.745427411307546,41.685907044503075,41.89530025851678,41.48253674050131,37.041510589885924,35.188403867784444,1.4380222517510717,1.491635245055447,-0.05361299330437541
2022-08-22,41.62011883238152,41.67908611399793,40.745458107646186,41.040287017822266,165300,FSS,41.27123751796198,41.715667227905314,41.715667227905314,40.745458107646186,37.155106984161165,35.26260047833044,1.3202408930105065,1.457356374646459,-0.13711548163595255
2022-08-23,40.91253429239607,41.16805170706747,40.57839382770062,40.8240852355957,130700,FSS,40.870766265689966,41.493452372933646,41.493452372933646,40.57839382770062,37.267166483494606,35.33438165228047,1.1956697046115252,1.4050190406394725,-0.20934933602794725
2022-08-24,40.92236262288122,41.25650310655028,40.78477602647988,41.18770980834961,108800,FSS,41.037837891065244,41.182109319311806,41.25650310655028,40.78477602647988,37.404534597491136,35.41296816412523,1.1134524180273218,1.3467057161170424,-0.23325329808972062
2022-08-25,41.4039138529444,41.90512263610505,41.227015753251685,41.875640869140625,151000,FSS,41.60292327786044,41.10997360518853,41.90512263610505,41.10997360518853,37.54864430315688,35.498623672093345,1.0912259400198678,1.2956097608976076,-0.20438382087773976
2022-08-26,41.649606330551975,41.85598620260542,40.20493972827152,40.2442512512207,236600,FSS,40.9886958781624,41.356448441524485,41.85598620260542,40.20493972827152,37.663209455446065,35.57747668372734,0.9312370667609287,1.2227352220702719,-0.2914981553093432
2022-08-29,39.8806352569347,40.126326690260456,39.487527464031984,39.94942855834961,120200,FSS,39.860979492394186,41.17257215984344,41.17257215984344,39.487527464031984,37.77478494366757,35.64774212207292,0.7717586513374428,1.1325399079237062,-0.36078125658626337
2022-08-30,40.04770130169016,40.391667788749025,39.34010881522216,39.86097717285156,138600,FSS,39.910113769628225,40.51677582611882,40.51677582611882,39.34010881522216,37.89651243322564,35.724733711391984,0.6309602535005396,1.0322239770390729,-0.40126372353853323
2022-08-31,40.10666724671672,40.10666724671672,39.14355736630072,39.182865142822266,132300,FSS,39.63493925063911,40.21344479787352,40.21344479787352,39.14355736630072,38.01229507398085,35.80129630010984,0.45936328124990666,0.9176518378812397,-0.45828855663133305
2022-09-01,38.92734867234978,39.04527950269082,38.24923796274342,38.70131301879883,214300,FSS,38.73079478914571,39.924192024256314,39.924192024256314,38.24923796274342,38.108082586422185,35.87150704434336,0.28127188533373015,0.7903758473717378,-0.5091039620380077
2022-09-02,39.055107340880454,39.57597191918244,38.612862062627194,38.838897705078125,305300,FSS,39.020709756942054,39.32749340670101,39.57597191918244,38.612862062627194,38.21197297912345,35.94630398446422,0.14951162834665155,0.6622030035667206,-0.512691375220069
2022-09-06,38.61285678107686,38.88802991703863,37.48267497445762,37.8856086730957,176700,FSS,38.2172925864172,39.17410158182153,39.17410158182153,37.48267497445762,38.281946573356464,36.00920368992186,-0.03146902715289457,0.5234685974227976,-0.5549376245756922
2022-09-07,38.09199945966432,39.01580167949666,38.04286192113053,38.868385314941406,189300,FSS,38.50476209380823,38.69569708411937,39.01580167949666,38.04286192113053,38.344528516013035,36.071701626642124,-0.09450622995085922,0.39987363194806624,-0.49437986189892547
2022-09-08,38.367168150717056,38.5833740234375,37.905267140397484,38.5833740234375,131900,FSS,38.35979583449738,38.6002295889638,38.6002295889638,37.905267140397484,38.41431211324695,36.128299891545026,-0.1655533012093926,0.2867882453165745,-0.4523415465259671
2022-09-09,39.02562566804102,39.9789096118703,38.888039067684986,39.939598083496094,206800,FSS,39.4580431077731,38.480012711730595,39.9789096118703,38.480012711730595,38.518270113532004,36.196956433619405,-0.11114149981229104,0.2072022962908014,-0.31834379610309244
2022-09-12,40.16563552522649,40.21477306339135,39.52684003117559,40.1852912902832,160800,FSS,40.023134977519156,38.969027909751844,40.21477306339135,38.969027909751844,38.63411842435199,36.26603162422265,-0.047645143192660555,0.15623280839410902,-0.20387795158676958
2022-09-13,39.359756972199136,39.70372714173802,38.357335726408955,38.544063568115234,170700,FSS,38.99122085211534,39.496081443635504,39.70372714173802,38.357335726408955,38.71814860735477,36.31835710249888,-0.12827846962438372,0.09933055279041048,-0.2276090224147942
2022-09-14,38.58337036927257,38.58337036927257,37.983886586872856,38.47526931762695,137100,FSS,38.406474160761235,39.243651147875426,39.243651147875426,37.983886586872856,38.80460564465905,36.36138766464801,-0.19547872576084302,0.04036869708015978,-0.2358474228410028
2022-09-15,38.455618240610356,38.809414449661496,38.01337297929643,38.268890380859375,97500,FSS,38.386824012606915,38.82506265431833,38.82506265431833,38.01337297929643,38.8873353301563,36.403097026300486,-0.26236409830778484,-0.020177861997429148,-0.24218623631035568
2022-09-16,37.787328932166865,38.091983795166016,37.15835970009492,38.091983795166016,391000,FSS,37.78241405564846,38.60594333346262,38.60594333346262,37.15835970009492,38.94645377190029,36.443310069856196,-0.32588946997898205,-0.08132018359373974,-0.2445692863852423
2022-09-19,37.70871685762867,39.49735003676767,37.70871685762867,39.349937438964844,250000,FSS,38.566180297747465,38.19417869455554,39.49735003676767,37.70871685762867,39.018060378199436,36.49468597692186,-0.2715966417832476,-0.11937547523164133,-0.15222116655160628
2022-09-20,38.99614591429237,39.084594983234744,38.386832188774825,38.868385314941406,216400,FSS,38.83398960031084,38.3801794961515,39.084594983234744,38.3801794961515,39.09879900246605,36.548422179063806,-0.26437882170260707,-0.14837614452583447,-0.1160026771767726
2022-09-21,39.21235324019906,39.949427521037734,38.73079639384485,38.77993392944336,207800,FSS,39.16812777113125,38.60708454823117,39.949427521037734,38.60708454823117,39.185533850683754,36.60051186344894,-0.2627669213748547,-0.17125429989563853,-0.09151262147921616
2022-09-22,38.48509633643374,38.691476189038035,37.797159745466615,38.16078567504883,207500,FSS,38.28362948649681,38.88760615968121,38.88760615968121,37.797159745466615,39.26178652604873,36.644881309633824,-0.3079002856125044,-0.1985834970390117,-0.10931678857349267
2022-09-23,37.797164501708245,37.91509907428209,37.34509322036836,37.8463020324707,195200,FSS,37.72591470720735,38.58561782308901,38.58561782308901,37.34509322036836,39.33075882579978,36.68663211961057,-0.36483936257857863,-0.2318346701469251,-0.13300469243165353
2022-09-26,37.541643120230944,38.40647781616779,37.32543350900851,37.404056549072266,234600,FSS,37.66940274861988,38.15576626514818,38.40647781616779,37.32543350900851,39.38168403895187,36.725250473354876,-0.44057087896180747,-0.2735819119099016,-0.16698896705190586
2022-09-27,37.64975403972564,37.89544545639298,36.74560767693403,36.942161560058594,258700,FSS,37.30824218327781,37.91258450688403,37.91258450688403,36.74560767693403,39.42636667596591,36.75360672199355,-0.5317302612464871,-0.32521158177721876,-0.20651867946926838
2022-09-28,37.15837527921693,37.99372468786479,36.834060774171164,37.55147933959961,531000,FSS,37.384410020213124,37.61041334508092,37.99372468786479,36.834060774171164,39.45845087622853,36.788177035696165,-0.5484852790702845,-0.36986632123583196,-0.17861895783445259
2022-09-29,37.13871710889481,37.33527100083503,36.49009188975964,37.29595947265625,177400,FSS,37.065009868036434,37.49741168264703,37.49741168264703,36.49009188975964,39.473065341086865,36.826937409528306,-0.5757452365052629,-0.41104210428971816,-0.16470313221554472
2022-09-30,37.325428588067645,37.7873295151635,36.66697758463111,36.67680358886719,452200,FSS,37.11413481918236,37.281210775341734,37.7873295151635,36.66697758463111,39.48312142741388,36.86846297809656,-0.63993290629071,-0.45682026468991654,-0.18311264160079344
2022-10-03,37.22715898917715,38.34751108340477,36.863533047122054,38.18043899536133,154300,FSS,37.65466052876632,37.197672797262044,38.34751108340477,36.863533047122054,39.500065326416845,36.91881677852667,-0.5629815848775976,-0.4780525287274528,-0.08492905615014484
2022-10-04,38.89786407204467,39.32044982910156,38.89786407204467,39.32044982910156,255400,FSS,39.109156950573116,37.426166663014186,39.32044982910156,37.426166663014186,39.5464913818515,36.98833666379913,-0.40533530831679343,-0.463509084645321,0.05817377632852755
2022-10-05,38.73079549847974,39.50718128943048,38.73079549847974,39.26148986816406,168200,FSS,39.05756553863851,38.267661806793654,39.50718128943048,38.267661806793654,39.58953202751698,37.06144836127187,-0.28190742119075907,-0.42718875195440864,0.14528133076364957
2022-10-06,39.13373213733943,39.42856111459981,38.86838493311894,39.19269943237305,143600,FSS,39.15584440435781,38.66261367271608,39.42856111459981,38.66261367271608,39.62085762868353,37.13258440610845,-0.1874795965688989,-0.3792469208773067,0.19176732430840782
2022-10-07,39.89045723781371,40.450633349330744,39.163209019045034,40.4408073425293,315900,FSS,39.9862767371797,38.90922903853694,40.450633349330744,38.90922903853694,39.64098973932108,37.21471417366135,-0.011796999299200195,-0.30575693656168546,0.29395993726248526
2022-10-10,40.70615184666466,41.24667595894645,40.32287383901283,40.95184326171875,244600,FSS,40.806886226585675,39.44775288785832,41.24667595894645,39.44775288785832,39.65130073585848,37.29385182452431,0.1667468980901603,-0.21125616963131633,0.3780030677214766
2022-10-11,40.69632456221342,41.64960842236645,40.51942644901072,41.48253631591797,423400,FSS,41.08697393737714,40.127319557221995,41.64960842236645,40.127319557221995,39.66147637379482,37.377673039933555,0.34706595708529875,-0.09959174428799332,0.4466577013732921
2022-10-12,41.620123289911135,42.229440685013195,41.04029141325169,42.091854095458984,223300,FSS,41.74542737090875,40.607146747299566,42.229440685013195,40.607146747299566,39.684576009808744,37.46978590608946,0.532992952021111,0.026925194973827546,0.5060677570472835
2022-10-13,41.20736910877912,42.78962260110564,40.863402588253315,42.22944641113281,504700,FSS,41.77246017731772,41.176287059104155,42.78962260110564,40.863402588253315,39.70493103660624,37.559987073919956,0.6835642814744745,0.15825301227395694,0.5253112692005175
2022-10-14,42.504612063178044,42.504612063178044,41.0108079061122,41.4628791809082,210200,FSS,41.870727803344124,41.47437361821093,42.504612063178044,41.0108079061122,39.722298791122434,37.64962631992519,0.7325927032052135,0.2731209504602083,0.45947175274500524
2022-10-17,42.09185234682142,42.69133621226683,41.98374753124747,42.67168045043945,292500,FSS,42.35965413519379,41.67255071077753,42.69133621226683,41.67255071077753,39.760869923175726,37.747562717185765,0.8590852408405567,0.390313808536278,0.4687714323042787
2022-10-18,43.241689682992224,43.85100335154558,42.57340872433879,43.104103088378906,210800,FSS,43.19255121181388,42.01610242298566,43.85100335154558,42.01610242298566,39.81394174181405,37.847649827990715,0.9828941888424438,0.5088298845975112,0.4740643042449326
2022-10-19,42.563584700373404,43.40876007080078,42.563584700373404,43.40876007080078,185700,FSS,42.986172385587096,42.604326817399766,43.40876007080078,42.563584700373404,39.86671061714259,37.93689595554829,1.0929975491072952,0.6256634174994681,0.4673341316078271
2022-10-20,43.457887077893965,43.65443715823551,42.52425920046173,42.71098327636719,206400,FSS,43.086891678239596,42.79524960149343,43.65443715823551,42.52425920046173,39.912814901967366,38.02241756736466,1.1111419469200072,0.722759123383576,0.3883828235364313
2022-10-21,42.838752561034774,44.499625071808936,42.76012951370776,44.263763427734375,267900,FSS,43.59056764357146,42.94107063986651,44.499625071808936,42.76012951370776,39.962029760394884,38.11523145666733,1.2365635590256971,0.8255200105120002,0.41104354851369695
2022-10-24,44.263763537790645,44.87307716027703,44.07703567440133,44.15565872192383,378700,FSS,44.34238377359821,43.265819141718985,44.87307716027703,43.265819141718985,40.01843554824886,38.21166533859742,1.3121127252087916,0.9228385534513586,0.38927417175743306
2022-10-25,44.106533561100434,44.56843097349499,43.69376994375683,44.224464416503906,362400,FSS,44.14829972371404,43.8041014576586,44.56843097349499,43.69376994375683,40.065026433927734,38.300127166212626,1.3618395891625212,1.0106387605935911,0.3512008285689301
2022-10-26,44.64704345415548,45.099114750113245,43.841175926942626,44.29324722290039,241200,FSS,44.470145338527935,43.97620059068632,45.099114750113245,43.841175926942626,40.11251349031715,38.39038546773827,1.390766790899633,1.0866643666547997,0.30410242424483336
2022-10-27,44.53893469200264,45.19738956388952,44.27358754204402,44.40134811401367,290700,FSS,44.602814977987464,44.22317296460713,45.19738956388952,44.22317296460713,40.172215497596795,38.48250978264417,1.4062047916554121,1.1505724516549223,0.25563234000048984
2022-10-28,44.44066757554203,46.4061990384291,44.381700282032064,46.38654327392578,429500,FSS,45.403777542482246,44.4129939712973,46.4061990384291,44.381700282032064,40.24705333139864,38.582055357609704,1.5606381122216746,1.2325855837682729,0.3280525284534017
2022-10-31,46.24894966910391,46.61257188497729,45.84601593017578,45.84601593017578,314000,FSS,46.13838835360819,44.90838575688977,46.61257188497729,44.90838575688977,40.334912550244646,38.688211570065285,1.6207288389505479,1.3102142348047279,0.31051460414582
2022-11-01,46.35705413289378,47.12361389285131,46.062225186273245,47.10395812988281,302300,FSS,46.661712835475285,45.52338705524898,47.12361389285131,45.52338705524898,40.44272205659492,38.79891452037804,1.7496872893392563,1.3981088457116337,0.3515784436276226
2022-11-02,46.927053715842696,47.15308933622266,45.52169871825829,45.53152847290039,352200,FSS,46.283342560806005,46.09254994536214,47.15308933622266,45.52169871825829,40.550973582497235,38.90907003299592,1.7053476719718148,1.45955661096367,0.24579106100814485
2022-11-03,44.116353030586694,46.08188449106427,43.24169213050677,44.18514633178711,320600,FSS,44.40626899598621,46.18794625308407,46.18794625308407,43.24169213050677,40.618342204595656,39.01143840104339,1.5437707904473044,1.476399446860397,0.06737134358690744
2022-11-04,44.95170454594006,45.55118847086372,44.50945923332948,45.48239517211914,305000,FSS,45.1236868555631,45.297107624535144,45.55118847086372,44.50945923332948,40.68875747614971,39.1187008896533,1.5030706250577524,1.4817336824998681,0.02133694255788421
2022-11-07,45.90498558388329,46.53395504077355,45.55118932714409,46.48481750488281,237500,FSS,46.118736864170934,45.21039724004912,46.53395504077355,45.21039724004912,40.791358295869884,39.227283875657974,1.5340193354139444,1.4921908130826835,0.04182852233126089
2022-11-08,46.533947500852676,47.21205813271273,45.62980499031004,46.759986877441406,280500,FSS,46.533949375329215,45.66456705211003,47.21205813271273,45.62980499031004,40.924817693528574,39.34980131859807,1.562736031818325,1.5062998568298118,0.056436174988513166
2022-11-09,46.209638606100796,46.89757527059494,45.963947207992405,46.347225189208984,173000,FSS,46.35459656847428,46.09925821371962,46.89757527059494,45.963947207992405,41.0537073495055,39.47510989136556,1.5344990520844846,1.5119396958807465,0.022559356203738057
2022-11-10,47.693615456093184,48.3225848677934,47.54620285901223,48.194828033447266,251000,FSS,47.93930780408652,46.22692739109695,48.3225848677934,46.22692739109695,41.21979472057445,39.61604489727765,1.6422760150574973,1.5380069597160968,0.10426905534140052
2022-11-11,48.067068635444144,48.52896969871873,47.25137508107899,47.772239685058594,236200,FSS,47.90491327507512,47.08311759759174,48.52896969871873,47.08311759759174,41.40327709029304,39.755679838357615,1.6742905079420183,1.5652636693612811,0.10902683858073714
2022-11-14,47.772237355258,48.69603568780102,47.310336314509826,47.68378829956055,283000,FSS,47.86559941428234,47.49401543633343,48.69603568780102,47.310336314509826,41.58017488343984,39.89607393128165,1.6732369031486556,1.5868583161187562,0.08637858702989942
2022-11-15,48.07689271460706,49.157937154606934,47.95896188897278,48.84345245361328,256200,FSS,48.50931105295001,47.679807425307885,49.157937154606934,47.679807425307885,41.786015252770504,40.03398091306348,1.7458520238971076,1.6186570576744266,0.127194966222681
2022-11-16,48.51913737884979,48.87293360019904,48.20465268186231,48.45034408569336,197500,FSS,48.51176693665113,48.09455923912895,48.87293360019904,48.09455923912895,41.98615534962736,40.1653419328202,1.751489390872834,1.6452235243141082,0.10626586655872572
2022-11-17,48.01713801290152,48.59803033376546,47.87929979368123,48.578338623046875,226400,FSS,48.26820169084877,48.30316308789004,48.59803033376546,47.87929979368123,42.184323466754385,40.29931779000067,1.7461565287666545,1.6654101252046176,0.08074640356203688
2022-11-18,49.14938081880772,49.779504263708255,49.11000115509674,49.36598587036133,208300,FSS,49.35121802699351,48.285682389369406,49.779504263708255,48.285682389369406,42.3821869651388,40.450228539335406,1.7849113997938275,1.6893103801224596,0.09560101967136792
2022-11-21,48.05652114115371,49.33645228357465,47.889143478971796,48.45034408569336,230400,FSS,48.433115247348375,48.81845020818146,49.33645228357465,47.889143478971796,42.55038657053537,40.59225249744369,1.7218913825932418,1.6958265806166162,0.02606480197662564
2022-11-22,48.48972441225636,48.53895180770588,47.44608635200266,48.24358367919922,400400,FSS,48.17958656279103,48.625782727764914,48.625782727764914,47.44608635200266,42.73415388474889,40.72615124605183,1.6364003237830715,1.6839413292499072,-0.047541005466835706
2022-11-23,48.430655210774134,49.1296978326147,48.253433560821314,48.52911376953125,242400,FSS,48.58572509343535,48.40268464527797,49.1296978326147,48.253433560821314,42.937738903402376,40.87117227403071,1.5735490419066238,1.6618628717812507,-0.08831382987462688
2022-11-25,48.33219256909618,48.74570718138046,48.16481492426013,48.548797607421875,108400,FSS,48.44787807053966,48.494204869356665,48.74570718138046,48.16481492426013,43.138959984561026,41.01314765735866,1.507944622468706,1.6310792219187418,-0.12313459945003569
2022-11-28,48.42080966235227,48.529112195567485,46.747051775866815,46.85535430908203,278700,FSS,47.63808198571715,48.47104146994816,48.529112195567485,46.747051775866815,43.3360733431624,41.14126355753134,1.3042711005632412,1.5657175976476418,-0.2614464970844006
2022-11-29,46.94396739735305,47.11134131617645,46.59937182576954,46.67813491821289,156600,FSS,46.83320386437798,48.054561727832656,48.054561727832656,46.59937182576954,43.50141381449501,41.259737096347216,1.1156971807039966,1.4757135142589128,-0.36001633355491625
2022-11-30,46.609216198151096,47.83992004394531,46.235081177402826,47.83992004394531,456400,FSS,47.13103436586114,47.443882796105314,47.83992004394531,46.235081177402826,43.66735470980601,41.38307685613604,1.0479175990413196,1.3901543312153943,-0.3422367321740747
2022-12-01,47.85960726083757,48.33219704253612,47.6922296005097,48.194358825683594,204700,FSS,48.019598182391746,47.28745858098323,48.33219704253612,47.28745858098323,43.84438411803123,41.51495898435749,1.0111461760648837,1.3143527001852924,-0.3032065241204087
2022-12-02,47.71191565393645,48.86385616184248,47.5543857453811,48.64725112915039,252100,FSS,48.1943521725776,47.65352838168749,48.86385616184248,47.5543857453811,44.04259857175284,41.652192548900786,1.0069417842537476,1.2528705169989836,-0.24592873274523597
2022-12-05,48.076211690625904,48.381423808006005,46.38276217815694,46.58951950073242,285900,FSS,47.35747929438031,47.923940277132544,48.381423808006005,46.38276217815694,44.23522986349631,41.78299434464804,0.8280230934253083,1.1679010322842487,-0.33987793885894035
2022-12-06,46.74704851638261,47.01288096415457,45.92001548636196,46.05785369873047,291500,FSS,46.4344496664074,47.64070978575643,47.64070978575643,45.92001548636196,44.410530801852055,41.89610742040196,0.6359963845718184,1.0615201027417627,-0.4255237181699443
2022-12-07,46.06770908646821,46.5895263359466,45.723109742476076,45.910179138183594,266400,FSS,46.07263107576862,47.037579726081916,47.037579726081916,45.723109742476076,44.58581857970187,42.00609262783389,0.46651997953389923,0.94252007810019,-0.4760000985662908
2022-12-08,46.15630849622814,46.79627210961524,45.9889308549483,46.205535888671875,205200,FSS,46.28676183736589,46.55510540092527,46.79627210961524,45.9889308549483,44.763865616044924,42.11115824613672,0.3519840755740944,0.824412877594971,-0.47242880202087656
2022-12-09,46.048015985567375,46.37291985094481,44.90592295597405,44.9748420715332,279100,FSS,45.57542521600486,46.42093361914558,46.42093361914558,44.90592295597405,44.9340739230043,42.20356963204557,0.16006174859083444,0.6915426517941436,-0.5314809032033092
2022-12-12,45.34897618694408,45.959404236437734,44.95514945809074,45.93971252441406,351800,FSS,45.55081060147165,45.998179417575216,45.998179417575216,44.95514945809074,45.10280743865008,42.292964433031976,0.08484091031705532,0.570202303498726,-0.4853613931816707
2022-12-13,47.111339547484356,47.3870197502114,45.08314210663414,45.1717529296875,568600,FSS,46.18831358350435,45.774495009523434,47.3870197502114,45.08314210663414,45.273480499744835,42.38677291308084,-0.03632137691628401,0.44889756741572406,-0.4852189443320081
2022-12-14,45.50650337412437,46.077547965021786,44.66962256489583,44.80746078491211,752000,FSS,45.265283672238525,45.981404296513894,46.077547965021786,44.66962256489583,45.39660303417815,42.471547208014826,-0.159895518042255,0.32713895032412826,-0.48703446836638326
2022-12-15,44.42348074852029,44.64992978394976,43.82289672786357,44.29549026489258,625800,FSS,44.29794938130655,45.623343984376206,45.623343984376206,43.82289672786357,45.50141071103151,42.54547136927425,-0.2957316470964386,0.2025648308400149,-0.4982964779364535
2022-12-16,43.77367040421804,43.931200335157435,42.76941568605067,43.31092834472656,1243000,FSS,43.44630369253818,44.96064668284138,44.96064668284138,42.76941568605067,45.58721989679511,42.60403876273933,-0.4773263555470493,0.06658659356260206,-0.5439129491096514
2022-12-19,43.40938901419639,44.48256298755697,43.40938901419639,44.334877014160156,546300,FSS,43.90905450752748,44.203475187689776,44.48256298755697,43.40938901419639,45.66567545220207,42.653332595761576,-0.5324792804974408,-0.053226581249406504,-0.47925269924803426
2022-12-20,44.40378812114659,45.00437212940023,44.28564161723412,44.81730651855469,554800,FSS,44.627777096583905,44.05626484760863,45.00437212940023,44.05626484760863,45.74209326960203,42.69669700273026,-0.5311377167262776,-0.14880880834478072,-0.3823289083814969
2022-12-21,44.99453254503978,45.447430650761,44.787775204055315,45.22098159790039,227400,FSS,45.11267999943912,44.342020972096265,45.447430650761,44.342020972096265,45.822607390843274,42.74204188231904,-0.4918317818953497,-0.21741340305489454,-0.27441837884045517
2022-12-22,44.876383752817596,45.17175190435437,44.295491427277675,45.10283279418945,214000,FSS,44.861614969659776,44.727350485767694,45.17175190435437,44.295491427277675,45.884931142818296,42.78475357631353,-0.46485658901164584,-0.2669020402462448,-0.19795454876540103
2022-12-23,45.31943565406961,45.54588470319565,45.16190571746844,45.427738189697266,110900,FSS,45.36374106610774,44.794482727713735,45.54588470319565,44.794482727713735,45.95675676059409,42.83084389860017,-0.41250628851796023,-0.2960228899005879,-0.11648339861737234
2022-12-27,45.32928139247936,45.53603872095312,45.122524064005596,45.437583923339844,126900,FSS,45.356357025194484,45.07911189691074,45.53603872095312,45.07911189691074,46.0264693450311,42.87438406807677,-0.3660047548090475,-0.3100192628822798,-0.05598549192676766
2022-12-28,45.51634280746809,45.70340840798434,45.014217376708984,45.014217376708984,149600,FSS,45.312046492217604,45.217734461052615,45.70340840798434,45.014217376708984,46.08551719217157,42.923193557673656,-0.35917376482750285,-0.31985016327132443,-0.03932360155617842
2022-12-29,45.41788877789319,46.264613494248444,45.31943023191612,46.00862503051758,175800,FSS,45.75263938364383,45.26489047663511,46.264613494248444,45.26489047663511,46.136718955608174,42.97533034871111,-0.2704027345970914,-0.3099606775364778,0.039557942939386415
2022-12-30,45.89048562978242,46.028323859662486,45.33912895445205,45.752647399902344,152700,FSS,45.75264646094982,45.50876493013947,46.028323859662486,45.33912895445205,46.19204843711544,43.02937952712901,-0.2181911374616874,-0.29160676952151976,0.07341563205983237
2023-01-03,46.107084546279495,46.22523104812748,45.152057287166826,45.78217697143555,250500,FSS,45.816637463252334,45.63070569554465,46.22523104812748,45.152057287166826,46.24664335281569,43.079729127391516,-0.17244247146449965,-0.26777390991011574,0.09533143844561609
2023-01-04,46.07754853320599,47.022728129952505,45.84125551192429,46.41230010986328,322000,FSS,46.338458071236516,45.72367157939849,47.022728129952505,45.72367157939849,46.30160116136899,43.131815460881946,-0.08436810989452681,-0.23109274990699796,0.14672464001247115
2023-01-05,46.22523629556338,46.71751782425775,45.76249045673147,46.422149658203125,199200,FSS,46.281848558688935,46.0310648253175,46.71751782425775,45.76249045673147,46.34039045707081,43.17941300265983,-0.013616801561660452,-0.18759756023793048,0.17398075867627003
2023-01-06,47.09165308880265,48.64726077475075,47.09165308880265,48.48973083496094,303300,FSS,47.830074446829244,46.15645669200322,48.64726077475075,46.15645669200322,46.414025951533105,43.23952619273043,0.20690556295971874,-0.10869693559840064,0.3156024985581194
2023-01-09,48.686638973880775,48.686638973880775,47.81037854309707,47.99744415283203,219000,FSS,48.295275160922664,46.99326556941623,48.686638973880775,46.99326556941623,46.490528547981,43.30152101914908,0.3380508646461351,-0.019347375549493496,0.3573982401956286
2023-01-10,47.93837149606608,49.21830641081057,47.643003344898055,49.149383544921875,300000,FSS,48.487266199174144,47.64427036516945,49.21830641081057,47.643003344898055,46.568217572404734,43.37021653500077,0.5288402022065242,0.09029014000171004,0.43855006220481413
2023-01-11,49.03123781418533,49.29707028120067,48.440501502468955,49.23799514770508,322000,FSS,49.00170118639001,48.065768282171796,49.29707028120067,48.065768282171796,46.6401760452829,43.44361468834076,0.6793610908054077,0.20810433016244959,0.4712567606429582
2023-01-12,49.287221166433774,50.488385375837254,48.89339449579722,49.7991943359375,306200,FSS,49.617048843501436,48.5337347342809,50.488385375837254,48.5337347342809,46.70974925508076,43.52233090266271,0.8343165816087676,0.33334678045171323,0.5009698011570545
2023-01-13,49.69089716642497,50.34070861390633,49.326606142311405,50.12410354614258,164000,FSS,49.870578867196315,49.07539178889117,50.34070861390633,49.07539178889117,46.77392657571518,43.60832431615504,0.9721312583330786,0.46110367602798635,0.5110275823050923
2023-01-17,49.98625885655061,50.41946518022396,48.81463035827828,48.8244743347168,204800,FSS,49.51120718244241,49.47298532804374,50.41946518022396,48.81463035827828,46.838483868147904,43.69472872532256,0.9653531761277492,0.5619535760479389,0.40339960007981024
2023-01-18,48.81464203563738,49.51368096008643,48.20421018775961,48.21405792236328,236600,FSS,48.686647776461676,49.49209625524308,49.51368096008643,48.20421018775961,46.92409144375742,43.771216824176534,0.9003473503246866,0.6296323309032885,0.2707150194213981
2023-01-19,48.21404686582614,49.090307254092686,47.90883101187994,48.785091400146484,325400,FSS,48.49956913298631,49.089372015852376,49.090307254092686,47.90883101187994,46.991609089305875,43.84018328272779,0.8847090195007254,0.6806476686227759,0.20406135087794952
2023-01-20,48.942627639545755,50.11426005661592,48.29281618573428,50.084720611572266,361000,FSS,49.35860612336705,48.79447057441934,50.11426005661592,48.29281618573428,47.056406474489805,43.92388238517984,0.9660487370657691,0.7377278823113746,0.22832085475439445
2023-01-23,50.04534053140217,51.059439248694524,49.42506477194486,50.714839935302734,253500,FSS,50.31117112183607,49.076538348893195,51.059439248694524,49.076538348893195,47.13195090941994,44.02838430147426,1.0690332625545906,0.8039889583600178,0.2650443041945728
2023-01-24,50.76407247659575,51.728943819963995,50.46870055539711,51.35480880737305,247100,FSS,51.079131414832474,49.69385473536463,51.728943819963995,49.69385473536463,47.22644160634711,44.1400744779263,1.1885880770194817,0.8809087820919107,0.30767929492757096
2023-01-25,50.95113397381985,51.246502115259766,50.3899333783411,50.78376007080078,260500,FSS,50.84283238455538,50.38649307509856,51.246502115259766,50.38649307509856,47.28451209795648,44.25215340926547,1.223157470312195,0.9493585197359676,0.2737989505762274
2023-01-26,50.990517841333165,52.112919042132326,50.73452936224685,51.94554138183594,329000,FSS,51.44587690688707,50.61466272982697,52.112919042132326,50.61466272982697,47.355331370592715,44.37930423044288,1.3289803477573017,1.0252828853402345,0.3036974624170672
2023-01-27,51.6895593104089,52.86118796935327,51.55172108651073,52.63473892211914,206700,FSS,52.18430182209801,51.03026981835702,52.86118796935327,51.03026981835702,47.44170541874903,44.51094015109444,1.4517236555473403,1.1105710393816557,0.3411526161656846
2023-01-30,52.10307586430149,53.1762497608893,51.42372869805803,51.44342041015625,170700,FSS,52.036618683351264,51.60728582022752,53.1762497608893,51.42372869805803,47.512251571357055,44.649133412063776,1.4363122500918166,1.1757192815236879,0.26059296856812875
2023-01-31,51.591101487652516,52.427978515625,51.51233464671832,52.427978515625,314700,FSS,51.98984829140521,51.82195225178939,52.427978515625,51.51233464671832,47.58181319845214,44.783984274039746,1.4864098040875149,1.2378573860364532,0.24855241805106165
2023-02-01,52.11292176224595,53.45192809126967,51.94554409321302,52.78242492675781,351200,FSS,52.57320471837161,51.905900271597304,53.45192809126967,51.905900271597304,47.667913259002596,44.9261183628785,1.536995808771799,1.2976850705835226,0.23931073818827642
2023-02-02,52.82180700665784,53.93436050415039,52.56581852071791,53.93436050415039,229200,FSS,53.31408663391913,52.23955249498446,53.93436050415039,52.23955249498446,47.74717063114111,45.06467879813995,1.6510053934444002,1.3683491351556982,0.282656258288702
2023-02-03,53.648841890614655,54.5251023983632,53.61930244536013,53.944210052490234,356600,FSS,53.93436419670705,52.7768195644518,54.5251023983632,52.7768195644518,47.85719561012829,45.20379109033183,1.7222999847968339,1.4391393050839254,0.2831606797129085
2023-02-06,53.57007647838622,53.8752923821204,53.27470830860382,53.53069305419922,219400,FSS,53.56269255582741,53.355591880579425,53.8752923821204,53.27470830860382,47.964857729989006,45.34950580736895,1.7255431093853915,1.4964200659442186,0.22912304344117285
2023-02-07,53.22547866443275,53.70791244506836,52.42798125938158,53.70791244506836,258400,FSS,53.26732120348777,53.45914221820342,53.70791244506836,52.42798125938158,48.058489652190055,45.49811427779621,1.7225568694100275,1.5416474266373805,0.18090944277264698
2023-02-08,53.30423460400162,53.52083964304357,52.103066668673534,52.61503982543945,248200,FSS,52.885795185289545,53.3632317108456,53.52083964304357,52.103066668673534,48.14724799448506,45.64310398952304,1.613406223197849,1.5559991859494744,0.05740703724837459
2023-02-09,53.08764473445519,53.14671987720413,51.73879423274338,51.74864196777344,258000,FSS,52.43045020304403,53.124513448067574,53.14671987720413,51.73879423274338,48.243095358831596,45.78958435099699,1.4403885804178245,1.5328770648431445,-0.09248848442531998
2023-02-10,51.59110284356359,51.73878504048202,51.06928189818436,51.5714111328125,618400,FSS,51.492645228760615,52.7774818255558,52.7774818255558,51.06928189818436,48.336284186119244,45.91884900030713,1.2742806902039092,1.4811577899152975,-0.20687709971138823
2023-02-13,51.71909748380483,52.36890896754422,51.59110698735729,52.29014587402344,262600,FSS,51.992314828182444,52.13506352715821,52.36890896754422,51.59110698735729,48.43350979536567,46.05043225258584,1.1869524286206143,1.422316717656361,-0.23536428903574658
2023-02-14,52.1326161556883,52.23107096196581,51.128361357255166,51.9750862121582,190800,FSS,51.86678367176687,52.06368917767033,52.23107096196581,51.128361357255166,48.51045350515317,46.1774188115922,1.079873362574702,1.3538280466400292,-0.2739546840653273
2023-02-15,51.62064069052493,52.66427886911782,51.48280246531284,52.44767379760742,223400,FSS,52.05384895564075,51.9652364247186,52.66427886911782,51.48280246531284,48.58764344081444,46.31512100628365,1.0213725528301225,1.2873369478780479,-0.26596439504792535
2023-02-16,51.62064420331309,53.146716273997605,51.315428286852104,52.467369079589844,251300,FSS,52.13753946093816,52.00954269017967,53.146716273997605,51.315428286852104,48.683244644145596,46.459237253820945,0.9654701454353329,1.222963587389505,-0.2574934419541721
2023-02-17,52.77257970212466,53.08763958795507,52.06369683691129,52.585514068603516,408900,FSS,52.62735754889863,52.073541075558914,53.08763958795507,52.06369683691129,48.807102801795416,46.608816801823735,0.9200941257118984,1.1623896950539838,-0.2422955693420854
2023-02-21,52.02430481164352,52.299981227218154,51.463104248046875,51.463104248046875,259100,FSS,51.81262363373885,52.350449312228776,52.350449312228776,51.463104248046875,48.92190265295482,46.753860616328346,0.7845207442236415,1.0868159048879154,-0.30229516066427387
2023-02-22,51.669863741463125,52.48705280186404,51.482798130968646,52.04399871826172,329400,FSS,51.920928348139384,52.081536472983814,52.48705280186404,51.482798130968646,49.03458598317029,46.89922579960761,0.7157010356192259,1.0125929310341775,-0.29689189541495153
2023-02-23,51.315422883590664,52.201531092393786,51.11850953098888,51.69940185546875,314400,FSS,51.58371634061052,52.0012324105616,52.201531092393786,51.11850953098888,49.1547518056624,47.04441286433335,0.6261371149158208,0.9353017678105062,-0.3091646528946854
2023-02-24,51.05943185668507,52.35905456542969,50.84282681995786,52.35905456542969,339600,FSS,51.655091951875576,51.79247437558606,52.35905456542969,50.84282681995786,49.27683743267049,47.18982243566028,0.6014523548753843,0.8685318852234819,-0.2670795303480976
2023-02-27,52.752891951504964,53.186098357260185,51.738789418958014,51.9750862121582,315900,FSS,52.41321648497034,51.723783163730815,53.186098357260185,51.723783163730815,49.4013354906998,47.33740799522232,0.5446283311653559,0.8037511744118567,-0.2591228432465008
2023-02-28,51.95539093017578,52.408289017232434,51.77816928640407,51.95539093017578,468700,FSS,52.024310040997015,52.06849982435058,52.408289017232434,51.77816928640407,49.53651601807497,47.46655952612657,0.4923303603949023,0.7414670116084658,-0.24913665121356354
2023-03-01,53.058100579354736,57.25234115037615,51.67971460399675,57.035736083984375,932200,FSS,54.756473104428004,52.046404932673795,57.25234115037615,51.67971460399675,49.74568649253741,47.62354860178445,0.8510152632529824,0.7633766619373692,0.08763860131561318
2023-03-02,57.10465729883458,57.10465729883458,53.511000638911504,55.52935791015625,537700,FSS,55.81241828668423,53.4014390185509,57.10465729883458,53.4014390185509,49.993008784420326,47.79011434060772,1.0021710990529016,0.8111355493604757,0.19103554969242587
2023-03-03,55.71641709922392,55.8739470198846,54.95830318235389,55.43089294433594,468700,FSS,55.49489006144959,54.60692865261757,55.8739470198846,54.60692865261757,50.22472549549876,47.94520047385042,1.1013225275594465,0.8691729450002699,0.23214958255917661
2023-03-06,55.2635267933741,55.60812236943259,53.89498471158451,54.377418518066406,407500,FSS,54.7860130981144,55.050909357033575,55.60812236943259,53.89498471158451,50.42789021552938,48.084991742565705,1.08241674064638,0.9118217041294919,0.17059503651688812
2023-03-07,54.79092826549514,55.78533516695159,54.377409884072904,55.36197280883789,460800,FSS,55.07891153133938,54.918461227573985,55.78533516695159,54.377409884072904,50.627214846167384,48.224911118505325,1.1338092243441764,0.9562192081724289,0.17759001617174752
2023-03-08,55.48012890695048,56.05117730490136,54.27896448487095,54.46603012084961,294900,FSS,55.0690752043931,54.998686379456686,56.05117730490136,54.27896448487095,50.83136405086205,48.35814759684017,1.0896818763551295,0.9829117418089691,0.10677013454616036
2023-03-09,54.44633219254971,55.0370722356599,53.865439882520036,53.904823303222656,342800,FSS,54.313416903488076,55.033880791924894,55.0370722356599,53.865439882520036,51.01035756760966,48.483557164101875,0.9979225057113581,0.985913894589447,0.012008611121911095
2023-03-10,53.88513177039727,53.88513177039727,51.679712785120635,52.38859558105469,427000,FSS,52.959642976742465,54.67364884770649,54.67364884770649,51.679712785120635,51.16242328664062,48.59444631583586,0.7937062858521386,0.9474723728419854,-0.15376608698984673
2023-03-13,51.4040303307186,52.29998245823421,50.8526774865918,51.364646911621094,418000,FSS,51.480334296791426,53.81664591222447,53.81664591222447,50.8526774865918,51.28578904273209,48.685653117451835,0.5429802221802476,0.8665739427096378,-0.3235937205293903
2023-03-14,52.6150442652708,53.146709175523206,51.118508085936085,51.965232849121094,536100,FSS,52.21137359396279,52.64849010450795,53.146709175523206,51.118508085936085,51.414963726938474,48.77584134127333,0.3882646035235737,0.7709120748724251,-0.38264747134885135
2023-03-15,50.80345147188328,51.16774250165669,49.79920047401752,50.21271514892578,769800,FSS,50.49577739912082,52.42993184923537,52.42993184923537,49.79920047401752,51.509826345701896,48.850937391408664,0.12282201335221288,0.6412940625683827,-0.5184720492161699
2023-03-16,49.581481374825344,51.54422339034075,49.52230180559514,50.83408737182617,647900,FSS,50.37052348564685,51.46285462417809,51.54422339034075,49.52230180559514,51.60090406614978,48.92377370948274,-0.036977354480612235,0.5056397791585837,-0.542617133639196
2023-03-17,50.301480863338284,50.56778327234401,49.364491741825425,49.847782135009766,1183100,FSS,50.02038450312937,50.91668905491247,50.91668905491247,49.364491741825425,51.674542594787646,48.988071878078316,-0.24043451507025537,0.3564249203128159,-0.5968594353830713
2023-03-20,50.46914837034238,51.25819418157314,50.22257249494509,50.94257736206055,652700,FSS,50.72312310223029,50.46853677902092,51.25819418157314,50.22257249494509,51.76336808565847,49.05187927136463,-0.30976418670686456,0.22318709890887983,-0.5329512856157443
2023-03-21,51.8894324472039,52.372719099102184,51.31737455930026,51.849979400634766,590600,FSS,51.85737637656028,50.595829940625606,52.372719099102184,50.595829940625606,51.84391412425309,49.1289700378931,-0.2881668815021925,0.12091630282666538,-0.4090831843288579
2023-03-22,51.524495665526615,52.18531719390653,50.14366928278911,50.2422981262207,436700,FSS,51.02394506711074,51.226603158592944,52.18531719390653,50.14366928278911,51.89848752237685,49.19450803517893,-0.3962100416910843,0.017491033923115434,-0.4137010756141998
2023-03-23,50.21271118173527,51.218741206179054,49.601204063428014,50.11408233642578,402200,FSS,50.28668469694203,51.12527411285184,51.218741206179054,49.601204063428014,51.9344758923322,49.25134673236847,-0.4865720673305134,-0.08332158632761034,-0.40325048100290306
2023-03-24,49.63079617538926,50.64668766557623,48.822027535394845,50.61709976196289,346000,FSS,49.92915278458081,50.70597940489694,50.70597940489694,48.822027535394845,51.953024924296024,49.29660048478945,-0.5116967991438486,-0.168996628890858,-0.3427001702529906
2023-03-27,51.120111696117775,51.41600199064786,50.577641766621866,51.2680549621582,200300,FSS,51.09545260388643,50.31756609473887,51.41600199064786,50.31756609473887,51.98259299950372,49.34617112729224,-0.4736220653735401,-0.22992171618739443,-0.2437003491861457
2023-03-28,51.16942641489094,52.402305784624104,51.12011199259147,52.2938117980957,275700,FSS,51.746413997550555,50.706509349312654,52.402305784624104,50.706509349312654,52.0201097021108,49.397018138913,-0.35656727490465556,-0.2552508279308467,-0.10131644697380887
2023-03-29,52.83628527952762,53.36889014393955,52.195186413574405,52.510807037353516,310600,FSS,52.72779221859878,51.2264616734316,53.36889014393955,51.2264616734316,52.08444140283394,49.461462635490925,-0.24348407496795943,-0.2528974773382692,0.009413402370309798
2023-03-30,52.77710274603325,53.033543783006735,52.29381610030942,52.58970642089844,300600,FSS,52.67354226256196,51.97712694601519,53.033543783006735,51.97712694601519,52.164179292555936,49.544135368156674,-0.14581741108841584,-0.23148146408829856,0.08566405299988272
2023-03-31,52.95463952353604,53.57601185199218,52.88559857175755,53.4675178527832,323100,FSS,53.22094195001724,52.32533460428857,53.57601185199218,52.32533460428857,52.258606748896554,49.62510791910122,0.002388635361732838,-0.1847074441982923,0.18709607956002514
2023-04-03,53.37874004450187,54.019838772572584,52.84613905708737,53.645042419433594,276700,FSS,53.47244007339886,52.77313827715291,54.019838772572584,52.77313827715291,52.34088342789719,49.6986449511935,0.13263876669664398,-0.12123820201930505,0.253876968715949
2023-04-04,53.88176860769147,54.00012399034876,51.63299376250425,51.889434814453125,372900,FSS,52.8510802937494,53.122789175275884,54.00012399034876,51.63299376250425,52.391681611335464,49.7618162603777,0.09312656758228854,-0.07836524809898633,0.17149181568127486
2023-04-05,51.406138069793364,51.70202837135154,49.482845465991254,50.202850341796875,323700,FSS,50.69846556223326,52.986934734512644,52.986934734512644,49.482845465991254,52.38406829428347,49.80525495031529,-0.0734339060962057,-0.07737897969843022,0.003945073602224514
2023-04-06,50.2028523514455,50.2028523514455,49.49271258931913,49.83791732788086,230500,FSS,49.93408365502275,51.842700148372955,51.842700148372955,49.49271258931913,52.36589331969282,49.825202708824655,-0.2322046155744104,-0.10834410687362626,-0.12386050870078415
2023-04-10,49.74915283665397,50.715729924956065,49.60120955231827,50.47901916503906,503800,FSS,50.13627786974184,50.88839190169785,50.88839190169785,49.60120955231827,52.33970133894993,49.84751635477132,-0.3028093882347491,-0.14723716314585084,-0.15557222508889829
2023-04-11,50.67627714692558,51.25819638841479,50.429701260912346,50.46915054321289,180400,FSS,50.7083313348664,50.512334885719845,51.25819638841479,50.429701260912346,52.310181929205285,49.87594367397716,-0.3554629390603523,-0.18888231832875113,-0.16658062073160118
2023-04-12,50.69600421818038,51.208878755685234,50.47901623215561,50.765045166015625,211400,FSS,50.78723609300921,50.610333110293126,51.208878755685234,50.47901623215561,52.28519427739844,49.89872292437775,-0.3690607318874868,-0.22491800104049828,-0.1441427308469885
2023-04-13,51.02148243476806,51.02148243476806,50.035178880036526,50.765045166015625,194900,FSS,50.710797228897064,50.69878460165117,51.02148243476806,50.035178880036526,52.259613256148285,49.92071322730021,-0.3755084529698536,-0.25503609142636935,-0.12047236154348423
2023-04-14,50.61709865099115,51.00175643932025,50.1239468685283,50.64668655395508,159400,FSS,50.59737212819869,50.70479091527412,51.00175643932025,50.1239468685283,52.22009660434482,49.94400493167371,-0.38572250033016076,-0.28117337320712765,-0.1045491271230331
2023-04-17,50.67627171295722,51.20887271017393,50.67627171295722,51.031341552734375,129800,FSS,50.89818942220569,50.6510815217364,51.20887271017393,50.6510815217364,52.17177866011055,49.95947464562583,-0.3586445318314233,-0.2966676049319868,-0.06197692689943651
2023-04-18,51.11024292401849,51.5146271757254,50.70585867231159,51.1595573425293,149600,FSS,51.1225715286462,50.774635471971045,51.5146271757254,50.70585867231159,52.11554280674934,49.98636920843881,-0.3231144418635097,-0.3019569723182914,-0.0211574695452183
2023-04-19,51.07079417576554,51.10038583931781,50.02531487066753,50.11408233642578,241100,FSS,50.57764430554417,50.94860350030862,51.10038583931781,50.02531487066753,52.05584184174368,50.010349785866346,-0.3749949765138467,-0.3165645731574025,-0.05843040335644423
2023-04-20,49.818186794137006,50.8932577308175,49.768872372948735,50.567779541015625,185800,FSS,50.26202410972972,50.763123902926395,50.8932577308175,49.768872372948735,51.995735899868514,50.02711277602928,-0.3751763024234549,-0.328286919010613,-0.04688938341284188
2023-04-21,50.52832706594892,50.66640895180483,49.97599576007607,50.449424743652344,185100,FSS,50.40503913037054,50.51257400632806,50.66640895180483,49.97599576007607,51.94612077877013,50.0466843866276,-0.3804842618012927,-0.33872638756874895,-0.041757874232543735
2023-04-24,50.232441094321445,51.159565095145446,50.232441094321445,50.33106994628906,132000,FSS,50.48887930751935,50.4588065683493,51.159565095145446,50.232441094321445,51.90728936085963,50.07519235984562,-0.3897483247866802,-0.3489307750123352,-0.040817549774344986
2023-04-25,50.02531791428584,50.71572739835643,49.867509494719776,50.34093475341797,235800,FSS,50.237372390195006,50.47384293793432,50.71572739835643,49.867509494719776,51.88218390408832,50.10923404510378,-0.39177798126025465,-0.35750021626191913,-0.034277764998335514
2023-04-26,49.788599504892076,50.104216319309046,49.137639354850926,49.20668029785156,188600,FSS,49.5592838692259,50.355607664064664,50.355607664064664,49.137639354850926,51.8335232849092,50.13351654013743,-0.4793852985282072,-0.38187723271517676,-0.09750806581303045
2023-04-27,49.24613540414771,50.3902473449707,49.15736793621966,50.3902473449707,200300,FSS,49.79599950757719,49.95744576664528,50.3902473449707,49.15736793621966,51.7921076016254,50.151280553389284,-0.4481448248394315,-0.3951307511400277,-0.05301407369940381
2023-04-28,50.10422307059839,50.883403832252455,50.10422307059839,50.6762809753418,230700,FSS,50.442032737197756,49.876722637111236,50.883403832252455,49.876722637111236,51.75987127725654,50.17375735903549,-0.39574410912956637,-0.39525342273793546,-0.0004906863916309123
2023-05-01,50.38038534935406,51.938742946493136,50.38038534935406,51.129974365234375,244400,FSS,50.957372002608906,50.159377687154496,51.938742946493136,50.159377687154496,51.73626792808996,50.20975628611778,-0.31398744766596565,-0.3790002277235415,0.06501278005757588
2023-05-02,51.34696043599183,53.08285290236317,50.63682072761533,52.629154205322266,545600,FSS,51.92394706782315,50.5583748448817,53.08285290236317,50.5583748448817,51.722199718468445,50.264651260131934,-0.1267621849434164,-0.32855261916751655,0.20179043422410015
2023-05-03,53.20121135478824,54.18751489036981,52.72778610920302,52.85600662231445,522800,FSS,53.24312974416888,51.241160956352424,54.18751489036981,51.241160956352424,51.75080984067705,50.33635624681594,0.0394653468635795,-0.25494902596129737,0.29441437282487687
2023-05-04,52.35299351591206,52.35299351591206,50.015451425777634,51.10038757324219,395200,FSS,51.455456507710984,52.24214535026066,52.35299351591206,50.015451425777634,51.741500403868486,50.38804319351939,0.02920146220672848,-0.1981189283276922,0.22732039053442069
2023-05-05,51.711895150901654,52.20504692326391,51.27792294570467,52.01765060424805,270300,FSS,51.80312890602957,51.848800928985824,52.20504692326391,51.27792294570467,51.74588865517687,50.450320230419635,0.09399915661898461,-0.13969531133835686,0.23369446795734147
2023-05-08,52.13600482969606,52.27408672092926,51.33709762155481,52.25436019897461,141400,FSS,52.000387342788684,51.8259649175077,52.27408672092926,51.33709762155481,51.75279456299512,50.514815997832805,0.16257818222935327,-0.07924061262481484,0.24181879485416813
2023-05-09,51.75134818211608,52.34312880381592,51.53436019834974,51.810523986816406,231900,FSS,51.859840292774535,51.91317613014819,52.34312880381592,51.53436019834974,51.74172703915121,50.571531264925504,0.17904970750999638,-0.027582548597852596,0.20663225610784897
2023-05-10,52.39244018139082,52.42203184446935,50.74531516390552,51.16942596435547,195800,FSS,51.68230328853029,51.88650821146136,52.42203184446935,50.74531516390552,51.73488690410187,50.63570146108843,0.13877257358757333,0.005688475839232589,0.13308409774834074
2023-05-11,50.60723342978933,51.277920104030436,50.60723342978933,51.2680549621582,211900,FSS,50.94011048144182,51.78440574999583,51.78440574999583,50.60723342978933,51.65855965164214,50.70212307208977,0.11350280098204735,0.027251340867795543,0.0862514601142518
2023-05-12,51.287779842553725,51.9880543951085,51.189151001682305,51.62312316894531,187200,FSS,51.52202710207246,51.362258115718824,51.9880543951085,51.189151001682305,51.572751827949915,50.78288030618511,0.12073559619455665,0.04594819193314777,0.07478740426140888
2023-05-15,51.76120896927732,52.56011618562695,51.623127076625394,52.3431282043457,158200,FSS,52.071895108968846,51.44214260889564,52.56011618562695,51.44214260889564,51.5042919289003,50.86450871219953,0.18246271098052347,0.07325109574262291,0.10921161523790056
2023-05-16,52.214905745733766,52.23463226715598,51.5738107305335,51.67243957519531,146500,FSS,51.92394707965464,51.75701885893224,52.23463226715598,51.5738107305335,51.44705060853111,50.93747041203024,0.17524283663865958,0.09364944392183025,0.08159339271682933
2023-05-17,52.037371439065964,53.013813567697525,51.92888121361739,52.688331604003906,235200,FSS,52.417099456096196,51.84048296929344,53.013813567697525,51.84048296929344,51.39381436702624,51.01051460659681,0.24862899053061227,0.12464535324358667,0.1239836372870256
2023-05-18,52.451180428093075,53.913646900313815,52.144851539575015,53.74565887451172,201200,FSS,53.063834435623406,52.12879121269482,53.913646900313815,52.12879121269482,51.353709551650844,51.09253680125644,0.3876370815060568,0.1772436988960807,0.21039338260997612
2023-05-19,54.397836686473276,54.69428191317366,53.617194699541336,53.95316696166992,263700,FSS,54.16562006521455,52.596312824159114,54.69428191317366,52.596312824159114,51.35075361488537,51.18055559124751,0.5086823895762933,0.2435314370321232,0.2651509525441701
2023-05-22,53.864238529490045,54.53618312251795,53.50850648274524,54.0322265625,233900,FSS,53.98528867431331,53.380966444686834,54.53618312251795,53.380966444686834,51.3712665288368,51.26684490773871,0.6040282556282932,0.31563080075135724,0.28839745487693597
2023-05-23,53.67648917341759,53.67648917341759,52.63892891942614,52.88596725463867,317900,FSS,53.219468630225,53.68312755950007,53.68312755950007,52.63892891942614,51.40604921550546,51.345919129118776,0.5804064309037074,0.3685859267818273,0.21182050412188008
2023-05-24,52.846436212918825,52.846436212918825,51.9472168916462,52.16461181640625,269100,FSS,52.45117528347252,53.45129809486254,53.45129809486254,51.9472168916462,51.410845249295654,51.412904488117064,0.4977409614068904,0.39441693370683995,0.10332402770005045
2023-05-25,52.006515769421966,52.78715410968998,51.76935728903894,52.73774719238281,247100,FSS,52.32519359013342,52.95123668916753,52.95123668916753,51.76935728903894,51.4474335731159,51.4786299594089,0.47302250719062044,0.4101380484035961,0.06288445878702437
2023-05-26,52.86620618290748,53.67649165835605,52.7081017918323,53.538150787353516,170600,FSS,53.197237605112335,52.63821513965048,53.67649165835605,52.63821513965048,51.50396785550522,51.55243596082751,0.5121154864525721,0.4305335360133913,0.08158195043918082
2023-05-30,53.5776677894925,53.90375638583208,52.49069700618149,52.540103912353516,209500,FSS,53.12805627346489,52.91772637238141,53.90375638583208,52.49069700618149,51.56612129091192,51.62033194284978,0.4572915401597655,0.43588513684266617,0.02140640331709931
2023-05-31,52.461061293846065,52.88596753421833,51.779236842077154,52.362247467041016,479000,FSS,52.37212828429564,53.02289132292315,53.02289132292315,51.779236842077154,51.59910139455324,51.68123474010585,0.3949390277383671,0.42769591502180637,-0.032756887283439284
2023-06-01,52.648807223437416,54.061866760253906,52.37212550249625,54.061866760253906,445100,FSS,53.28616656161037,52.69750980360939,54.061866760253906,52.37212550249625,51.62767719825424,51.73579566125366,0.47716878039683763,0.43759048809681267,0.039578292300024964
2023-06-02,54.822744844610725,57.66862741512676,54.822744844610725,57.43146896362305,478100,FSS,56.186396516992815,52.99183818260988,57.66862741512676,52.99183818260988,51.730926227251885,51.81470687481436,0.8049561551940698,0.5110636215162642,0.29389253367780566
2023-06-05,57.19431563637168,57.19431563637168,55.208125337687044,56.24568557739258,505600,FSS,56.46061054695574,54.58911734980135,57.19431563637168,54.58911734980135,51.85440474425216,51.89444031829217,0.9580039290801352,0.6004516830290384,0.3575522460510968
2023-06-06,56.13699018479547,57.678506916323926,55.6923204470447,57.055973052978516,296800,FSS,56.64094765028565,55.524863948378545,57.678506916323926,55.524863948378545,51.98864064156624,51.97083278293114,1.1316340470822865,0.706688155839688,0.4249458912425985
2023-06-07,57.579695835910975,59.733870428464805,57.12514620212589,59.506595611572266,330200,FSS,58.486327019518484,56.082905799332096,59.733870428464805,56.082905799332096,52.13645812987889,52.059525564691306,1.4502641835577492,0.8554033613833003,0.5948608221744489
2023-06-08,59.378133922723144,60.16865583511512,59.11133207050852,60.01055145263672,285400,FSS,59.66716832024588,57.28461640942529,60.16865583511512,57.28461640942529,52.294873216332796,52.15749145922181,1.7235775577638037,1.029038200659401,0.6945393571044027
2023-06-09,59.67457772466475,59.783275191770706,58.92358286844156,59.40777587890625,352700,FSS,59.44730291594581,58.47589236483559,59.783275191770706,58.47589236483559,52.42926343027973,52.25685241655684,1.8699853971118259,1.197227639949886,0.6727577571619399
2023-06-12,59.3880095993506,60.67261185687349,59.06192098269881,60.52438735961914,278300,FSS,59.91173244963551,58.9615976403907,60.67261185687349,58.9615976403907,52.574027234021216,52.36910326328857,2.0524564389700046,1.3682733997539098,0.6841830392160948
2023-06-13,60.494748160868625,61.41373106072708,60.405814210253105,61.2556266784668,408200,FSS,60.892480027578905,59.4366650450131,61.41373106072708,59.4366650450131,52.72745799557245,52.4930323722345,2.230360745758759,1.5406908689548797,0.6896698768038791
2023-06-14,61.403849354677575,61.58171726152295,60.633090938018235,60.988826751708984,496600,FSS,61.15187107648193,60.164572536296006,61.58171726152295,60.164572536296006,52.881046615634105,52.61096502176565,2.323044060387403,1.6971615072413844,0.6258825531460186
2023-06-15,60.79119273739472,61.48290081573569,60.58368144474416,61.403846740722656,321600,FSS,61.06540543464931,60.658221806388966,61.48290081573569,60.58368144474416,53.045333118452106,52.718507364893775,2.4022927640162095,1.8381877585963495,0.56410500541986
2023-06-16,61.88804160183805,61.9078051199767,60.26747080952453,61.49277877807617,943600,FSS,61.38902407735386,60.861813620519136,61.9078051199767,60.26747080952453,53.25914428875451,52.821606291519004,2.444099942044005,1.9593701952858806,0.4847297467581244
2023-06-20,60.97893885475914,61.84851480875108,60.83071812239487,61.32479476928711,244800,FSS,61.24574163879805,61.1254188489365,61.84851480875108,60.83071812239487,53.48537744843003,52.92563538406142,2.43560142906216,2.054616442041137,0.38098498702102335
2023-06-21,60.87024588803095,62.56987088519548,60.76155218406625,62.253662109375,270000,FSS,61.61383276666692,61.18558024386728,62.56987088519548,60.76155218406625,53.71492854636852,53.027314942659224,2.475284587854766,2.1387500712038627,0.3365345166509033
2023-06-22,62.12520029535559,62.12520029535559,61.206217374799415,61.8583984375,299600,FSS,61.82875410075265,61.3997065052671,62.12520029535559,61.206217374799415,53.937337001686245,53.12375946544577,2.4466360052452174,2.2003272580121336,0.24630874723308382
2023-06-23,61.01846822032347,61.57183544298736,60.31688025963758,61.2556266784668,606600,FSS,61.0407026503538,61.614230303009876,61.614230303009876,60.31688025963758,54.14240633283314,53.21380030511579,2.3482242858961158,2.22990666358893,0.11831762230718557
2023-06-26,61.255629193780905,62.15484861159286,61.067877640602006,61.37420654296875,169200,FSS,61.46314049723613,61.327466476681835,62.15484861159286,61.067877640602006,54.35745319819992,53.3085332271741,2.253820058663827,2.2346893426039096,0.01913071605991723
2023-06-27,61.413729914312704,62.46117001366976,61.413729914312704,62.27342224121094,154600,FSS,61.890513020876526,61.39530348695898,62.46117001366976,61.39530348695898,54.58331601605348,53.40170631019915,2.2259043801089717,2.2329323501049223,-0.007027969995950567
2023-06-28,62.36236062838449,62.68844928475755,62.24378327784028,62.303070068359375,303900,FSS,62.39941581483542,61.64290825391775,62.68844928475755,61.64290825391775,54.81334054390608,53.49255960200831,2.1810317591321464,2.222552231910367,-0.041520472778220796
2023-06-29,62.24377838429719,63.350509031213754,62.24377838429719,63.14299774169922,361000,FSS,62.74526588537684,62.02116203437659,63.350509031213754,62.02116203437659,55.04579443104068,53.580668618895004,2.1880228618340283,2.2156463578950993,-0.027623496061071062
2023-06-30,63.65683687475426,63.94340225038249,63.27145767211914,63.27145767211914,367000,FSS,63.535788617343755,62.38321395987671,63.94340225038249,62.38321395987671,55.304957317276674,53.68039957951018,2.1788130038495197,2.2082796870859833,-0.02946668323646362
2023-07-03,62.886080127161314,63.81494671133692,62.886080127161314,63.70624923706055,115300,FSS,63.323339050680026,62.959501288610234,63.81494671133692,62.886080127161314,55.56618361609568,53.7809597579821,2.1814517527304957,2.202914100214886,-0.021462347484390243
2023-07-05,63.241810965717015,63.241810965717015,62.37223500947682,62.40188217163086,228500,FSS,62.81443477813543,63.14142016964513,63.241810965717015,62.37223500947682,55.81437152905099,53.880246153910555,2.054607225947919,2.173252725361493,-0.11864549941357394
2023-07-06,61.937445973026904,62.12519373338812,61.23585807064471,61.90780258178711,198200,FSS,61.80157508971171,62.977927473890276,62.977927473890276,61.23585807064471,56.04062544469483,53.97395740277723,1.8923995271313245,2.117082085715459,-0.22468255858413455
2023-07-07,62.14496317944412,62.97501213889591,61.88804496867597,62.006622314453125,316600,FSS,62.25366065036728,62.389751281801,62.97501213889591,61.88804496867597,56.28095120989828,54.08156755699329,1.7516309722354748,2.0439918630194622,-0.2923608907839874
2023-07-10,61.937449705498246,62.89595962140536,61.61135730418752,62.797142028808594,185900,FSS,62.31047716497493,62.32170596608414,62.89595962140536,61.61135730418752,56.535975075813255,54.18474918036122,1.6844420135934612,1.972081893134262,-0.28763987954080084
2023-07-11,62.98489188996959,63.94339801080437,62.52045864091712,63.07382583618164,225100,FSS,63.13064359446818,62.31609156552953,63.94339801080437,62.31609156552953,56.80266795755107,54.297387779588234,1.6346768139510672,1.9046008772976233,-0.26992406334655605
2023-07-12,64.11139040148137,64.55606395851981,63.08371372191411,63.09359359741211,292100,FSS,63.71119041983185,62.72336757999886,64.55606395851981,62.72336757999886,57.06805111120376,54.413961194230154,1.5786351049966214,1.839407722837423,-0.26077261784080163
2023-07-13,63.13311767578125,63.74577547407844,62.82679254613858,63.13311767578125,300700,FSS,63.20970084294488,63.21727899991535,63.74577547407844,62.82679254613858,57.31309768801047,54.52468280805022,1.5198905574521078,1.7755042897603601,-0.25561373230825235
2023-07-14,63.34062966119403,63.34062966119403,62.37223980861093,62.98489761352539,313200,FSS,63.0095991861311,63.21348992143012,63.34062966119403,62.37223980861093,57.53481073037663,54.62850522442254,1.444721114296236,1.7093476546675355,-0.2646265403712995
2023-07-17,62.76749715939999,63.044178873151516,62.21412996239129,62.727970123291016,329300,FSS,62.688444029558454,63.111544553780604,63.111544553780604,62.21412996239129,57.72371701608442,54.737263428380736,1.348867977397056,1.6372517192134397,-0.2883837418163837
2023-07-18,62.46117079400695,63.054065050951884,61.96709413130572,62.84654998779297,407300,FSS,62.58221999101438,62.89999429166953,63.054065050951884,61.96709413130572,57.94625228575049,54.84387634480949,1.2678570134346359,1.563372778057679,-0.2955157646230431
2023-07-19,62.71809352179495,63.192406671336485,61.26550690978873,61.63112258911133,329500,FSS,62.20178242300788,62.741107141341956,63.192406671336485,61.26550690978873,58.15422535609005,54.95005700563346,1.0929812005956379,1.4692944625652709,-0.376313261969633
2023-07-20,62.30306244079716,63.73588542518697,61.67064495597821,62.836666107177734,362000,FSS,62.636564732285024,62.47144478217491,63.73588542518697,61.67064495597821,58.36694890387999,55.05987173343756,1.0396833235949288,1.3833722347712025,-0.34368891117627376
2023-07-21,62.95524686363292,63.47896691492061,62.23389539522539,62.283302307128906,325600,FSS,62.73785287022696,62.55400475722997,63.47896691492061,62.23389539522539,58.58450915542903,55.16311809729012,0.9419345034497937,1.295084688506921,-0.35315018505712725
2023-07-24,62.40187896735021,63.00464928078071,61.81886840166685,61.897918701171875,128500,FSS,62.280828837742405,62.64592881372846,63.00464928078071,61.81886840166685,58.796479666413276,55.26568328525757,0.8238735219098814,1.200842455187513,-0.3769689332776316
2023-07-25,61.47301630714973,62.016499871951474,61.3939660027541,61.54218673706055,185500,FSS,61.60641722972896,62.46337882573543,62.46337882573543,61.3939660027541,59.009805801379024,55.33418272651059,0.6936092512368575,1.0993958143973819,-0.4057865631605244
2023-07-26,61.32479262424646,61.660764883161654,61.03822727439119,61.225975036621094,234100,FSS,61.3124399546051,62.0348980277322,62.0348980277322,61.03822727439119,59.205614058429674,55.38918294318979,0.5584211057886179,0.9912008726756292,-0.43277976688701125
2023-07-27,63.14299787766134,64.09162414848959,60.78130830558071,61.00858688354492,289100,FSS,62.25612930381914,61.67366899116865,64.09162414848959,60.78130830558071,59.409298742326676,55.456795335613485,0.42879918924288063,0.8787205359890795,-0.4499213467461989
2023-07-28,61.42360991211754,61.7892255832208,60.583681102135685,60.67261505126953,209100,FSS,61.117282912185885,61.964899147493895,61.964899147493895,60.583681102135685,59.5931654589773,55.520108033754205,0.29555578436892205,0.7620875856650481,-0.46653180129612604
2023-07-31,60.09948158150001,60.395926808607086,58.87417363758928,60.36628341674805,445200,FSS,59.9339663611111,61.54109102983989,61.54109102983989,58.87417363758928,59.74350279707761,55.568658582051924,0.16335793466972603,0.6423416554659838,-0.47898372079625773
2023-08-01,60.593559868093415,61.196333982360585,60.12912661227988,61.15680694580078,260100,FSS,60.76895685213367,60.7375286954755,61.196333982360585,60.12912661227988,59.89760524540781,55.62565739852932,0.12098419793901627,0.5380701639605903,-0.417085966021574
2023-08-02,60.850481910172306,61.087636590807975,60.21806063296392,60.26747131347656,215500,FSS,60.60591261185519,60.75324277380459,61.087636590807975,60.21806063296392,60.02641109634062,55.688582355613,0.015462511050749583,0.43354863337862215,-0.41808612232787257
2023-08-03,59.96114288127735,60.07972022247966,59.03228013109878,59.753631591796875,222700,FSS,59.70669370666317,60.67957769282989,60.67957769282989,59.03228013109878,60.14083919698762,55.75605286291221,-0.10837744947775718,0.3251634168073463,-0.43354086628510347
2023-08-04,59.635052832312056,59.980908764587895,59.00263529495788,59.506595611572266,221600,FSS,59.531298125857525,60.19313569974653,60.19313569974653,59.00263529495788,60.26707578690027,55.83656250120286,-0.22387456285017038,0.21535582087584296,-0.4392303837260133
2023-08-07,59.556007751274755,60.129134781232445,59.16074487098889,59.9315071105957,227200,FSS,59.694348628522945,59.862216912802026,60.129134781232445,59.16074487098889,60.411939253801286,55.91139225154847,-0.2779164031731298,0.11670137606604841,-0.39461777923917823
2023-08-08,59.46706495918293,59.486828477212406,58.36033433607127,59.160736083984375,155800,FSS,59.118740964112746,59.778282770662486,59.778282770662486,58.36033433607127,60.54781020128086,55.997621887198385,-0.3785757456837828,0.017645951716082162,-0.396221697399865
2023-08-09,59.26943907987241,59.50659754885403,58.913703261152975,59.23979568481445,208300,FSS,59.23238389367347,59.448511867387616,59.50659754885403,58.913703261152975,60.66851312705208,56.08624049127865,-0.44681890062523877,-0.07524701875218202,-0.37157188187305673
2023-08-10,59.34848699957183,59.79315295731314,58.60737204399554,58.953224182128906,242000,FSS,59.17555904575235,59.34044788053055,59.79315295731314,58.60737204399554,60.78946318249784,56.17779223670488,-0.5180542113990185,-0.16380845728154933,-0.35424575411746917
2023-08-11,58.953227983861495,59.27932039470656,58.953227983861495,59.13109588623047,256600,FSS,59.079218062165005,59.25800346314145,59.27932039470656,58.953227983861495,60.92360497805522,56.261353186304234,-0.5537724048529995,-0.2418012467958394,-0.31197115805716014
2023-08-14,59.07180836778752,60.25759318807941,58.77536310509105,59.99079132080078,320500,FSS,59.52388899543969,59.16861076265323,60.25759318807941,58.77536310509105,61.04835942673181,56.33801831249302,-0.5068662550309639,-0.2948142484428643,-0.21205200658809964
2023-08-15,59.84256296516135,60.65284833927254,59.30895929845235,60.52438735961914,181600,FSS,60.08218949062635,59.34624987904646,60.65284833927254,59.30895929845235,61.126275286204475,56.42860075672818,-0.42177410315603936,-0.3202062193854993,-0.10156788377054005
2023-08-16,60.57379986022668,61.53230982006896,59.822804969596596,59.89197540283203,431000,FSS,60.45522251318107,59.71421968483641,61.53230982006896,59.71421968483641,61.20616752552898,56.530286134890574,-0.4007487373777252,-0.3363147229839445,-0.06443401439378071
2023-08-17,59.92167355556012,60.53534010725101,59.25851465998252,59.38718795776367,309100,FSS,59.77567907013933,60.08472109900874,60.53534010725101,59.25851465998252,61.268862153926065,56.62875139774616,-0.41997687960953556,-0.35304715430906275,-0.06692972530047281
2023-08-18,58.991261390484055,59.87217436045204,58.991261390484055,59.684112548828125,239700,FSS,59.38470242256207,59.93020008457404,59.93020008457404,58.991261390484055,61.28682966198693,56.71164389593291,-0.40656930993861096,-0.36375158543497244,-0.04281772450363852
2023-08-21,59.684125628741995,59.89197988907644,59.04076666450644,59.13974380493164,420600,FSS,59.43915399681413,59.657451253568055,59.89197988907644,59.04076666450644,61.2822693755183,56.78857129592554,-0.4348569621603815,-0.37797266078005426,-0.05688430138032724
2023-08-22,59.34758802971628,59.78309643570972,58.981368141186984,58.99126434326172,341900,FSS,59.27582923746868,59.54830262519109,59.78309643570972,58.981368141186984,61.27883990194876,56.854051666114245,-0.46390853321196346,-0.3951598352664361,-0.06874869794552735
2023-08-23,59.2090219997237,59.2090219997237,58.59535549044509,58.64484405517578,328900,FSS,58.91456088626707,59.412065931329884,59.412065931329884,58.59535549044509,61.258896470681385,56.916461852351304,-0.5090176955274757,-0.41793140731864403,-0.09108628820883163
2023-08-24,58.25882965588818,59.04076183883839,57.249247047978194,57.3977165222168,385400,FSS,57.98663876623039,59.16331340879847,59.16331340879847,57.249247047978194,61.20077964545441,56.96411882051342,-0.6380448174007114,-0.46195408933505755,-0.17609072806565385
2023-08-25,57.82332267483241,58.100465448707396,57.16016756478884,57.8629150390625,411500,FSS,57.736717681847786,58.57497608751443,58.57497608751443,57.16016756478884,61.13247657756173,57.00676159659792,-0.6947534235940367,-0.5085139561868534,-0.18623946740718333
2023-08-28,58.06086736185485,58.684433821943735,58.06086736185485,58.67453384399414,373100,FSS,58.37017559741189,58.15584688468111,58.684433821943735,58.06086736185485,61.078571980816974,57.06195254963454,-0.6665213052769516,-0.5401154260048731,-0.12640587927207858
2023-08-29,58.476585981067984,59.595041964478824,58.14005843299449,59.56534957885742,206400,FSS,58.94425898934968,58.2630112410465,59.595041964478824,58.14005843299449,61.029676679056905,57.144410483905716,-0.5657442160049371,-0.5452411840048859,-0.020503032000051213
2023-08-30,59.70391176544448,60.55512862251393,59.63462702365839,60.307682037353516,192300,FSS,60.05033736224258,58.60363511519809,60.55512862251393,58.60363511519809,61.005768593525794,57.24557302097791,-0.42112317540176036,-0.5204175822842608,0.09929440688250046
2023-08-31,60.44625362396558,61.07971629989796,60.27799175255527,60.32748031616211,433500,FSS,60.53286049814523,59.32698623872034,61.07971629989796,59.32698623872034,60.98414914815535,57.34953884726194,-0.30143761792562884,-0.47662158941253446,0.17518397148690562
2023-09-01,60.970838648649476,61.178696655113825,59.753401871291274,59.763301849365234,258800,FSS,60.41655975610495,59.92992336843278,61.178696655113825,59.753401871291274,60.95590526126241,57.44662113147432,-0.24923738514122107,-0.4311447485582718,0.18190736341705072
2023-09-05,59.248611702213076,59.47626211034372,56.180271742082695,57.05128479003906,400000,FSS,57.98910758616964,60.17324156226887,60.17324156226887,56.180271742082695,60.89487335997872,57.51863984640593,-0.4218426959812689,-0.42928433804287125,0.00744164206160236
2023-09-06,57.33833376911898,58.13016223499109,56.72466718003509,56.89292907714844,207500,FSS,57.2715230653234,59.081174574219254,59.081174574219254,56.72466718003509,60.811041011340464,57.58424710477019,-0.5648998175141031,-0.45640743393711763,-0.10849238357698548
2023-09-07,56.793943405035066,56.902820510690916,55.91303413307103,56.28915023803711,265600,FSS,56.47473707170853,58.17634881977133,58.17634881977133,55.91303413307103,60.702725492357104,57.64302075420529,-0.7187086968491201,-0.5088676865195182,-0.2098410103296019
2023-09-08,56.48710510115482,56.67516314309237,55.794253920525925,56.45741271972656,206100,FSS,56.35348372112492,57.325542945739926,57.325542945739926,55.794253920525925,60.58180685048289,57.697573697194485,-0.8176011684799676,-0.5706143829116082,-0.2469867855683594
2023-09-11,56.8137349339854,57.58576703708256,56.68506165822418,57.30862808227539,210800,FSS,57.098297927891885,56.83951333343242,57.58576703708256,56.68506165822418,60.46886749133319,57.757330961186945,-0.817860413132955,-0.6200635889558775,-0.19779682417707745
2023-09-12,57.05128811800064,57.4966927580359,56.655375819096925,56.7939453125,142000,FSS,56.999325501908366,56.96890563066215,57.4966927580359,56.655375819096925,60.33813822902449,57.82154777315058,-0.8498004934199912,-0.6660109698487003,-0.18378952357129086
2023-09-13,56.566290647257865,56.714756332307445,55.90313183835033,56.140682220458984,235000,FSS,56.331215259593655,56.984115566285254,56.984115566285254,55.90313183835033,60.198295753202764,57.88223968464922,-0.9172525922302555,-0.7162592943250113,-0.20099329790524412
2023-09-14,56.68506969894346,57.88271038151293,56.586088789804066,57.8728141784668,556900,FSS,57.25667076218181,56.65766541293945,57.88271038151293,56.586088789804066,60.087140472883696,57.95075600096733,-0.8214708884686672,-0.7373016131537425,-0.08416927531492469
2023-09-15,58.189539375782616,59.74350361526627,57.24924160505255,59.04075622558594,1612400,FSS,58.55576020542185,56.95716808756063,59.74350361526627,56.95716808756063,60.02222417519789,58.03142480994636,-0.6438975853129776,-0.7186208075855895,0.07472322227261197
2023-09-18,59.07044860731645,59.48615705448446,58.2885164987078,59.04075622558594,349700,FSS,58.97146959652366,57.75646414649124,59.48615705448446,57.75646414649124,59.956580354121016,58.11876578200965,-0.4974353382786063,-0.6743837137241929,0.17694837544558661
2023-09-19,58.7735131364794,59.06054830166281,58.10045813226656,58.605247497558594,337500,FSS,58.634941766991844,58.36396687150745,59.06054830166281,58.10045813226656,59.883069646161346,58.209522360987314,-0.41175837274355587,-0.6218586455280656,0.2101002727845097
2023-09-20,58.941780945499424,59.288208460230884,58.397399166047784,58.62504959106445,379700,FSS,58.813109540710634,58.49945431924965,59.288208460230884,58.397399166047784,59.7967189650862,58.29969346131864,-0.3383604877541586,-0.5651590139732842,0.22679852621912555
2023-09-21,58.328112451820694,58.53596668821079,57.70454596691496,58.2093391418457,399600,FSS,58.19449106219804,58.65628192998014,58.65628192998014,57.70454596691496,59.68638497793353,58.37721804456864,-0.3101611494493852,-0.5141594410685044,0.2039982916191192
2023-09-22,58.17964237156455,58.75372028592986,57.81342246714191,58.34790802001953,205100,FSS,58.27367328616396,58.42538649608909,58.75372028592986,57.81342246714191,59.58766442679791,58.45038105740419,-0.2734791231802163,-0.4660233774908468,0.19254425431063055
2023-09-25,57.991585666435675,59.41687673151268,57.991585666435675,58.90218734741211,269800,FSS,58.57555885294904,58.34952989112652,59.41687673151268,57.991585666435675,59.498983620134275,58.51689717525545,-0.19740705798439961,-0.4123001135895574,0.2148930556051578
2023-09-26,58.60525180945786,58.92198315524572,58.258828079919724,58.555763244628906,305100,FSS,58.58545657231305,58.46254437203778,58.92198315524572,58.258828079919724,59.416923870989365,58.57032044353689,-0.16319175518422924,-0.3624784419084918,0.19928668672426259
2023-09-27,58.90218488058626,60.59472243316757,58.90218488058626,59.85238265991211,237600,FSS,59.56286871356305,58.524000472175416,60.59472243316757,58.524000472175416,59.35653684544033,58.65139456559542,-0.031091131484195955,-0.29620097982363264,0.2651098483394367
2023-09-28,59.71381191553216,61.139102890903274,59.71381191553216,59.82268524169922,435500,FSS,60.097352990916704,59.04343459286923,61.139102890903274,59.04343459286923,59.314448256798514,58.73433680644428,0.07039179824083419,-0.22288242421073928,0.2932742224515735
2023-09-29,60.11962421896405,60.11962421896405,58.99126461475324,59.119937896728516,448200,FSS,59.587612737352465,59.57039379189297,60.11962421896405,58.99126461475324,59.25346921689986,58.81020906038992,0.09303941311900843,-0.15969805674478976,0.2527374698637982
2023-10-02,59.020958784895186,59.496055761109176,58.69432748989705,59.01105880737305,317800,FSS,59.05560021081861,59.57900326462271,59.57900326462271,58.69432748989705,59.17982416371169,58.882166659570366,0.10103748131578527,-0.10755094913267477,0.20858843044846004
2023-10-03,58.83290643116452,59.22882252955053,58.209343673449794,58.28852462768555,207700,FSS,58.6398993154626,59.31730173772066,59.31730173772066,58.209343673449794,59.10700557326609,58.951742619839685,0.04851429555396436,-0.07633790019534695,0.1248521957493113
2023-10-04,58.526070884545256,59.21892211963717,58.07076627102255,59.169429779052734,155700,FSS,58.74629726356443,58.978600526591634,59.21892211963717,58.07076627102255,59.0498031739428,59.02980448766091,0.07708241798007975,-0.04565383656026161,0.12273625454034137
2023-10-05,59.21892484334197,59.81279520031486,58.43699264526367,58.43699264526367,246600,FSS,58.976426333546044,58.86244889507803,59.81279520031486,58.43699264526367,59.00308290152162,59.10434847997565,0.04015838450192177,-0.028491392347824936,0.06864977684974671
2023-10-06,58.466680132905665,60.921349858905145,58.26872210525152,60.248294830322266,391600,FSS,59.47626173184615,58.91943761431204,60.921349858905145,58.26872210525152,58.94748555008218,59.17839214620442,0.15526299543394373,0.008259485208528795,0.14700351022541494
2023-10-09,60.030542468974296,60.525435634338514,59.367383664003924,60.446250915527344,234500,FSS,60.09240317071102,59.19784967307909,60.525435634338514,59.19784967307909,58.92698795525267,59.26007670711498,0.2594666604205855,0.05850092025094015,0.20096574016964538
2023-10-10,60.70359687073377,61.55480993505635,60.574923591816045,60.58481979370117,193500,FSS,60.85453754782684,59.64512642189506,61.55480993505635,59.64512642189506,58.94539937898698,59.344451088032294,0.34920475107161764,0.11664168641507565,0.23256306465654197
2023-10-11,60.57492627304549,61.515224074630524,60.4462529884323,61.47563171386719,155600,FSS,61.00300876249388,60.24983198486095,61.515224074630524,60.24983198486095,58.95008041719419,59.42384283130099,0.48659475018670406,0.19063229916940133,0.29596245101730273
2023-10-12,61.64389381139501,61.71317855511933,60.54523033843038,61.29747009277344,185000,FSS,61.299943199429535,60.62642037367741,61.71317855511933,60.54523033843038,58.963961028945675,59.49518606264315,0.5744789250165567,0.2674016243388324,0.3070773006777243
2023-10-13,61.36675493909823,61.5647129682424,59.55544406967187,59.585140228271484,242000,FSS,60.51801305132099,60.96318178655348,61.5647129682424,59.55544406967187,58.98018741583883,59.56051330641322,0.5001911648230717,0.31395953243568026,0.18623163238739143
2023-10-16,60.277990988698356,60.77288416996604,59.87217873108826,60.248294830322266,181400,FSS,60.29283718001873,60.740597418937234,60.77288416996604,59.87217873108826,58.99541819692205,59.631246991911155,0.48918954130432724,0.34900553420940966,0.14018400709491757
2023-10-17,59.84248545674328,61.41624600004929,59.84248545674328,61.26778030395508,263500,FSS,60.592249304372736,60.51671729947798,61.41624600004929,59.84248545674328,59.01337621043905,59.71265773212017,0.5563217026400764,0.390468767895543,0.1658529347445334
2023-10-18,60.72339385954791,60.72339385954791,58.724028663090294,58.733924865722656,202700,FSS,59.72618531197719,60.55448330192536,60.72339385954791,58.724028663090294,59.02552509739634,59.786667649338604,0.40044735872629644,0.3924644860616937,0.007982872664602736
2023-10-19,58.47658197690449,59.61483406470009,57.090879514843685,57.19975662231445,210200,FSS,58.095513044690684,60.140334306951274,60.140334306951274,57.090879514843685,59.00278768041669,59.83565040373438,0.15137629084417625,0.34424684701819025,-0.192870556174014
2023-10-20,57.19975456790479,57.90250197631262,57.08097748634703,57.486793518066406,337100,FSS,57.417506887157714,59.117923675820975,59.117923675820975,57.08097748634703,58.967626637244784,59.878544909871316,-0.022592414996012167,0.27087899461534976,-0.2934714096113619
2023-10-23,57.466993367423996,57.61545904551076,56.506899457709025,56.566287994384766,168200,FSS,57.03890996625714,58.267715281489345,58.267715281489345,56.506899457709025,58.92682047532664,59.92521272669094,-0.23206585975143668,0.17029002374199248,-0.40235588349342916
2023-10-24,57.080981250377995,57.21955452133318,56.49701088501978,57.179962158203125,115700,FSS,56.99437720373352,57.65331262387324,57.65331262387324,56.49701088501978,58.87623023949251,59.96229483311215,-0.3445845414660269,0.0673151107003886,-0.4118996521664155
2023-10-25,56.83353225309526,57.98168808114363,56.83353225309526,57.7342414855957,266400,FSS,57.34574851823246,57.323844913803384,57.98168808114363,56.83353225309526,58.82150142004463,59.97388835312456,-0.38459729969581957,-0.023067371378853035,-0.3615299283169665
2023-10-26,57.79362421530014,58.20933644455259,57.16016155713953,57.31852722167969,328600,FSS,57.62041235966799,57.33479671601792,58.20933644455259,57.16016155713953,58.76480521697437,59.98548637125168,-0.44472584301222184,-0.1073990657055268,-0.337326777306695
2023-10-27,57.170059433114204,57.278936538623626,56.46731201212569,56.68506622314453,154800,FSS,56.900343551752016,57.47760453784295,57.47760453784295,56.46731201212569,58.70729850660662,59.98808033026635,-0.5372995011288779,-0.19337915279019705,-0.3439203483386809
2023-10-30,57.38781261676827,57.8035248507498,57.05128510382524,57.486793518066406,147100,FSS,57.432354022352435,57.18897404479748,57.8035248507498,57.05128510382524,58.668251538602426,59.97754060029469,-0.5397501954871515,-0.26265336132958794,-0.2770968341575636
2023-10-31,57.24924274960325,57.655055002885994,56.70486101116083,57.447200775146484,179000,FSS,57.26408988469914,57.31066403357496,57.655055002885994,56.70486101116083,58.62475025636013,59.953509815939206,-0.5386776512373856,-0.3178582193111475,-0.22081943192623815
2023-11-01,57.328426858640555,57.84311624316729,56.82363745259182,57.27893829345703,352600,FSS,57.318529711964175,57.28737695913705,57.84311624316729,56.82363745259182,58.58560426585004,59.9322220838994,-0.5451212102506915,-0.3633108174990563,-0.18181039275163519
2023-11-02,59.555444779231586,63.09888183834996,59.47626383207175,62.60398864746094,627700,FSS,61.18364477427856,57.30295333555061,63.09888183834996,57.30295333555061,58.63098594361028,59.94494120714583,-0.11916703354285119,-0.3144820607078153,0.19531502716496413
2023-11-03,63.60367187816607,64.24703450496249,62.31694662457321,63.6927490234375,283600,FSS,63.46510050778482,59.24329905491459,64.24703450496249,59.24329905491459,58.740555178441355,59.970667411947886,0.3027684572154712,-0.191031957123158,0.4938004143386292
2023-11-06,63.99959971052438,63.99959971052438,63.17807509038845,63.82143783569336,324400,FSS,63.74967808678264,61.354199781349706,63.99959971052438,61.354199781349706,58.860814386540056,59.99664548205089,0.640160117821857,-0.024793542134155015,0.664953659956012
2023-11-07,63.51459022616615,64.14805290558678,62.55450000455349,63.30673599243164,220000,FSS,63.380969782184515,62.55193893406617,64.14805290558678,62.55193893406617,58.96103027023551,60.01980112552624,0.8561442049561592,0.15139400728390784,0.7047501976722513
2023-11-08,63.19785690307617,63.22755306106013,62.3466438141535,63.19785690307617,237100,FSS,62.99247767034149,62.96645435812535,63.22755306106013,62.3466438141535,59.041994643855354,60.03583566145612,1.006920366324131,0.3224992790919525,0.6844210872321785
2023-11-09,63.39582476864305,64.45489596182883,63.158274360722444,64.04907989501953,359400,FSS,63.76451874655346,62.979466014233424,64.45489596182883,62.979466014233424,59.11627827154156,60.06102343253367,1.1814787899289954,0.49429518125936106,0.6871836086696343
2023-11-10,64.48458343703541,65.00916900425939,63.712551277613656,64.85079956054688,378700,FSS,64.51427581986384,63.37199238039344,65.00916900425939,63.37199238039344,59.19590657797594,60.09002786306564,1.3687317869842275,0.6691825024043344,0.6995492845798931
2023-11-13,64.67264167398119,65.80100515088019,64.56377211409783,64.76172637939453,193600,FSS,64.94978632958843,63.943134100128646,65.80100515088019,63.943134100128646,59.2865711094456,60.121238185354,1.4927363396052797,0.8338932698445235,0.6588430697607562
2023-11-14,65.76140094435564,67.9092352970467,65.36548493359278,67.83995056152344,404700,FSS,66.71901793412964,64.44646021485855,67.9092352970467,64.44646021485855,59.461169316404806,60.17802133819177,1.8184360083003739,1.0308018175356937,0.7876341907646802
2023-11-15,67.77067640139681,69.03760179236178,67.77067640139681,68.4635238647461,380100,FSS,68.26061961497538,65.5827390744941,69.03760179236178,65.5827390744941,59.68095124739784,60.24599612936915,2.102634633223971,1.2451683806733491,0.857466252550622
2023-11-16,68.59238769975937,68.98887701989767,67.71020293271415,67.9580078125,250200,FSS,68.3123688662178,66.92167934473474,68.98887701989767,66.92167934473474,59.917703883288034,60.310214687822565,2.261009658461006,1.4483366362308805,0.8126730222301257
2023-11-17,68.46352414435343,68.71132899612283,67.82914432881607,68.503173828125,251500,FSS,68.37679282435434,67.61702410547628,68.71132899612283,67.61702410547628,60.15817006535262,60.36998845791775,2.4028151904947563,1.6392323470836558,0.7635828434111005
2023-11-20,68.57256704206861,69.76202744710794,67.96792252682559,69.71247100830078,304300,FSS,69.00374700607573,67.99690846491531,69.76202744710794,67.96792252682559,60.3962790469163,60.43257326912475,2.583002032637843,1.8279862841944934,0.7550157484433497
2023-11-21,69.42500564916243,69.42500564916243,68.25536648893963,68.6915054321289,190100,FSS,68.94922080484835,68.50032773549552,69.42500564916243,68.25536648893963,60.63527695297509,60.48670759099979,2.6132935919711215,1.985047745749819,0.6282458462213025
2023-11-22,69.06816779995815,69.06816779995815,68.26528250935125,68.94921875,159400,FSS,68.83770921481688,68.72477427017193,69.06816779995815,68.26528250935125,60.88540683207956,60.541851292641155,2.6278034989487793,2.113598896389611,0.5142046025591682
2023-11-24,69.02851723328263,69.74219639909086,69.02851723328263,69.37544250488281,56900,FSS,69.29366834263473,68.78124174249442,69.74219639909086,68.78124174249442,61.12614678368862,60.60664362828615,2.643225936441027,2.2195243043998945,0.42370163204113265
2023-11-27,69.09790228760266,69.74219639909086,69.09790228760266,69.37544250488281,166000,FSS,69.32836086979475,69.03745504256457,69.74219639909086,69.03745504256457,61.34159879697608,60.68191148608698,2.6251868098444646,2.3006568054888086,0.32453000435565604
2023-11-28,69.30605451793363,69.30605451793363,67.82913981709943,67.84896087646484,229500,FSS,68.57255243235788,69.18290795617966,69.30605451793363,67.82913981709943,61.53362045369276,60.74510040390689,2.459366317966584,2.3323987079843636,0.12696760998222034
2023-11-29,68.39412952271812,68.79061874257677,67.63089401347258,67.68045043945312,220800,FSS,68.12402317955515,68.87773019426876,68.87773019426876,67.63089401347258,61.72340208194403,60.803235864052695,2.2879805835659823,2.3235150831006877,-0.03553449953470533
2023-11-30,67.82913941267017,68.50316886312653,67.42273585526993,68.33466339111328,296500,FSS,68.02242688054498,68.50087668691197,68.50316886312653,67.42273585526993,61.907588428740716,60.85215369691346,2.179818085993489,2.294775683679248,-0.11495759768575908
2023-12-01,68.08685856917852,69.62324400161967,67.84896048375005,69.44482421875,259600,FSS,68.75097181832456,68.26165178372847,69.62324400161967,67.84896048375005,62.11871804386325,60.902551510898384,2.1587939948180406,2.2675793459070066,-0.10878535108896603
2023-12-04,68.998776356912,70.0395596510805,68.998776356912,69.67280578613281,294600,FSS,69.42747953775933,68.50631180102651,70.0395596510805,68.50631180102651,62.34179416889515,60.96472929784653,2.1359070513257308,2.2412448869907515,-0.10533783566502075
2023-12-05,69.38536472098065,69.55387022032592,68.69151409873268,68.85010528564453,169100,FSS,69.12021358142094,68.96689566939293,69.55387022032592,68.69151409873268,62.552687263464584,61.02583544179943,2.0280063342905095,2.1985971764507033,-0.17059084216019382
2023-12-06,69.35562962400158,70.37658449900236,68.8600198740086,68.88975524902344,191600,FSS,69.37049731150898,69.04355462540693,70.37658449900236,68.8600198740086,62.768388078248506,61.09265597461893,1.9235205122186017,2.143581843604283,-0.2200613313856814
2023-12-07,68.90956831414721,70.56491043443769,68.75097714500544,70.50543212890625,193800,FSS,69.68272200562414,69.20702596845796,70.56491043443769,68.75097714500544,62.97078514408973,61.16366099476503,1.9486238441789112,2.1045902437192088,-0.15596639954029756
2023-12-08,70.29727061497844,71.95260502332412,70.26753524610086,71.7741928100586,258600,FSS,71.0729009236155,69.44487398704105,71.95260502332412,69.44487398704105,63.1902961027437,61.2523721797711,2.047296835588142,2.0931315620929953,-0.04583472650485332
2023-12-11,71.93279260567304,73.04296107234613,71.93279260567304,72.47796630859375,329200,FSS,72.34662814807149,70.25888745532828,73.04296107234613,70.25888745532828,63.44547641095809,61.349472813928976,2.1574151924376395,2.105988288161924,0.05142690427571539
2023-12-12,72.50769084759892,73.66741557427758,72.11120162856952,73.11233520507812,227500,FSS,72.84966081388103,71.30275780169988,73.66741557427758,71.30275780169988,63.72135762301934,61.45059089336551,2.2697092564416863,2.138732481817877,0.13097677462380952
2023-12-13,73.39980119085067,74.51987641473842,72.00217817650912,74.232421875,411600,FSS,73.53856941427455,72.07620930779046,74.51987641473842,72.00217817650912,64.01933102499557,61.56316829913084,2.421174946849547,2.195220974824211,0.22595397202533585
2023-12-14,75.11459584115049,76.20493553685475,74.47030179656066,75.99678039550781,312500,FSS,75.44665339251843,72.8073893610325,76.20493553685475,72.8073893610325,64.35333814757466,61.701570660758726,2.6529994586699956,2.286776671593368,0.3662227870766275
2023-12-15,76.15539372392385,76.15539372392385,74.65865020618367,75.33267974853516,648100,FSS,75.57552935064163,74.12702137677547,76.15539372392385,74.12702137677547,64.68532020791656,61.84420155471909,2.7514180478458172,2.3797049468438582,0.371713101001959
2023-12-18,75.58047823685624,75.79854771191768,74.70820789901427,74.9659194946289,241900,FSS,75.26328833560427,74.85127536370855,75.79854771191768,74.70820789901427,65.00106073999173,61.97427314503695,2.767914209448648,2.4573467993648164,0.3105674100838316
2023-12-19,75.54083653345586,77.0970508324855,75.54083653345586,76.7005615234375,345600,FSS,76.21982135570869,75.05728184965642,77.0970508324855,75.05728184965642,65.32360910369168,62.125298529472175,2.8876713730088284,2.5434117140936188,0.3442596589152096
2023-12-20,76.61135225269032,77.65212813849091,74.90645358748831,75.11460876464844,276100,FSS,76.0711356858295,75.63855160268255,77.65212813849091,74.90645358748831,65.62794106645174,62.28667022271936,2.822075524692366,2.599144476213368,0.2229310484789977
2023-12-21,75.89767631883265,76.27433700391701,75.16417601107695,75.59040069580078,278000,FSS,75.73164750740685,75.85484364425602,76.27433700391701,75.16417601107695,65.92251384135,62.4362971292721,2.7764772730868543,2.6346110355880654,0.1418662374987889
2023-12-22,76.10582771523177,76.68073680784131,75.39214850542741,76.16529846191406,151800,FSS,76.08600287260364,75.79324557583143,76.68073680784131,75.39214850542741,66.21823503481347,62.591098031879575,2.754972170999423,2.658683262670337,0.0962889083290861
2023-12-26,76.21485405621124,77.8404531604708,76.21485405621124,77.15650939941406,197900,FSS,76.85666766807682,75.93962422421754,77.8404531604708,75.93962422421754,66.54500812714859,62.76259777149371,2.7857987080135445,2.6841063517389787,0.10169235627456574
2023-12-27,77.09705287336676,77.85038182425933,76.60144311453833,76.99793243408203,220700,FSS,77.1367025615616,76.39814594614718,77.85038182425933,76.39814594614718,66.88188543477945,62.938651815850754,2.7655535451005306,2.700395790411289,0.06515775468924145
2023-12-28,76.66090410427579,77.11687167925508,76.37345713567255,76.68073272705078,151000,FSS,76.70799141156355,76.76742425385439,77.11687167925508,76.37345713567255,67.20420027692326,63.108788243681154,2.6928719901764424,2.69889103036432,-0.006019040187877689
2023-12-29,76.53205171286659,76.61135108268918,75.82828682110043,76.06617736816406,217700,FSS,76.25946674620506,76.73770783270896,76.73770783270896,75.82828682110043,67.53486590560782,63.280195501502085,2.5562153929865303,2.6703559028887622,-0.1141405099022319
2024-01-02,74.99566388068611,76.49239973867104,73.97470154018522,74.6189956665039,343100,FSS,75.02044020651157,76.49858728945702,76.49858728945702,73.97470154018522,67.87336444884424,63.43807606463046,2.304572904537366,2.597199303218483,-0.29262639868111684
2024-01-03,74.40092779752467,74.94610150753321,72.35901819713642,72.61673736572266,398100,FSS,73.58069621697925,75.7595137479843,75.7595137479843,72.35901819713642,68.19662823544067,63.58212743634274,1.9214298607665796,2.4620454147281023,-0.5406155539615227
2024-01-04,72.76542579607268,73.16190753890821,71.85349812529927,72.08148193359375,238300,FSS,72.46557834846848,74.67010498248177,74.67010498248177,71.85349812529927,68.5051616030849,63.71599103920576,1.5566514887448193,2.280966629531446,-0.7243151407866266
2024-01-05,71.49665459694134,72.60682307842158,71.49665459694134,71.5065689086914,363100,FSS,71.7766752952489,73.56784166547513,73.56784166547513,71.49665459694134,68.80080756491522,63.83851890220386,1.2072548421401734,2.0662242720531916,-0.8589694299130182
2024-01-08,71.57595135100817,72.27971621146781,71.25876144823194,72.24006652832031,414500,FSS,71.83862388475706,72.67225848036202,72.67225848036202,71.25876144823194,69.0906650722457,63.95608324614516,0.9782657713845424,1.8486325719194618,-0.8703668005349194
2024-01-09,71.15964091651053,72.24006642167072,70.6640312215041,72.22024536132812,271400,FSS,71.57099598025337,72.25544118255954,72.25544118255954,70.6640312215041,69.36967674465741,64.06724098081588,0.7861288761733789,1.6361318327702454,-0.8500029565968665
2024-01-10,72.02199730172023,72.89426755518625,72.02199730172023,72.82488250732422,201300,FSS,72.44078616648773,71.91321858140645,72.89426755518625,71.91321858140645,69.68048559695212,64.19389205177937,0.6748687006751624,1.443879206351229,-0.7690105056760665
2024-01-11,72.82489320246926,73.11234774651444,71.76428870801485,72.71585845947266,223100,FSS,72.6043470291178,72.17700237394709,73.11234774651444,71.76428870801485,69.98392545708744,64.32608849784494,0.5713111610610611,1.2693655972931954,-0.6980544362321344
2024-01-12,73.57820892333984,74.03416887499345,72.84470122674672,73.57820892333984,122400,FSS,73.50882198710497,72.39067470153245,74.03416887499345,72.39067470153245,70.30882009913554,64.46678517774784,0.552457158070041,1.1259839094485646,-0.5735267513785236
2024-01-16,73.01321766511846,73.53856268699164,72.65637811018513,73.52864837646484,197200,FSS,73.18420170969002,72.9497483443187,73.53856268699164,72.65637811018513,70.62613353909006,64.60586890247005,0.5274361473369709,1.006274357026246,-0.47883820968927515
2024-01-17,72.58699812876488,73.39979771343344,71.84358359782155,72.0616455078125,169800,FSS,72.4730062369581,73.06697502700436,73.39979771343344,71.84358359782155,70.85192076834365,64.74145335597696,0.3847962531397968,0.8819787362489562,-0.49718248310915936
2024-01-18,72.63655570774014,73.35023487870676,72.4482216036229,73.33041381835938,273300,FSS,72.94135650210728,72.76999063198123,73.35023487870676,72.4482216036229,71.04144588823011,64.89100053333574,0.3698684946740656,0.7795566879339781,-0.40968819325991257
2024-01-19,73.68724745874073,73.90531693936718,72.54735118485439,73.56830596923828,290900,FSS,73.42705538805015,72.85567356704425,73.90531693936718,72.54735118485439,71.23499343425546,65.04790391039775,0.37293508347131876,0.6982323670414463,-0.32529728357012755
2024-01-22,74.35137455748321,75.02540409953687,74.07383431588543,74.20269012451172,431900,FSS,74.4133257743543,73.1413644775472,75.02540409953687,73.1413644775472,71.45564055409885,65.20833541216717,0.4216938525112539,0.6429246641354078,-0.22123081162415392
2024-01-23,75.01548421225557,75.20381831751622,73.8458450221601,73.95487976074219,213600,FSS,74.50500682816852,73.77734512595075,75.20381831751622,73.77734512595075,71.68589113725538,65.36394289055536,0.4353211912303152,0.6014039695543894,-0.16608277832407414
2024-01-24,74.62890987166185,74.80732966696648,73.74672520665662,74.59917449951172,323600,FSS,74.44553481119917,74.14117597705963,74.80732966696648,73.74672520665662,71.8995114585483,65.50789486504493,0.4924336871515891,0.5796099130738294,-0.08717622592224028
2024-01-25,75.71923443539957,76.5915046129942,75.0848547494394,76.2544937133789,674900,FSS,75.91252187780302,74.2933553941294,76.5915046129942,74.2933553941294,72.12747637970709,65.66169147884152,0.6636164211060702,0.5964112146802776,0.06720520642579264
2024-01-26,76.66090996383613,77.17634832173025,76.06617979599281,76.42301940917969,187700,FSS,76.58161437268473,75.10293863596621,77.17634832173025,75.10293863596621,72.36011294056901,65.8233420250073,0.8036150126601598,0.6378519742762541,0.16576303838390571
2024-01-29,76.32389243585122,77.8503711920567,75.91748885916108,77.6917724609375,221500,FSS,76.94588123700163,75.84227650432547,77.8503711920567,75.84227650432547,72.56465020662645,66.01290976151563,1.0053535826771167,0.7113522959564267,0.29400128672069004
2024-01-30,77.3151104546927,78.90105992589798,77.24572540165258,78.03870391845703,436800,FSS,77.87514992517507,76.39407887066355,78.90105992589798,76.39407887066355,72.75694081283045,66.21894603011415,1.1796292898979175,0.8050076947447249,0.3746215951531926
2024-01-31,77.82063392705172,78.30632929507985,75.89766595224138,76.30406951904297,349700,FSS,77.08217467335398,77.13461439791931,78.30632929507985,75.89766595224138,72.93233692897317,66.4250204061306,1.1643516236373301,0.876876480523246,0.2874751431140842
2024-02-01,77.10696073493165,78.92089411545976,76.4031958437637,78.28651428222656,365100,FSS,77.67939124409541,77.10839453563665,78.92089411545976,76.4031958437637,73.11838889736799,66.6382794813603,1.2972567195146212,0.960952528321521,0.3363041911931002
2024-02-02,77.56291905019091,78.87132837256698,77.47371293299443,78.59378814697266,182100,FSS,78.12543712568124,77.39389288986604,78.87132837256698,77.39389288986604,73.3008226997601,66.8485508733382,1.411112966526261,1.050984615962469,0.360128350563792
2024-02-05,77.94949458551537,78.02879395409407,76.90871116953096,77.56291961669922,207300,FSS,77.6124798314599,77.75966500777363,78.02879395409407,76.90871116953096,73.47408788029233,67.05468241663371,1.4020009927782269,1.1211878913256206,0.2808131014526063
2024-02-06,77.53318157210552,78.2666818001703,77.27546241430836,77.7314224243164,165400,FSS,77.70168705272515,77.68607241961676,78.2666818001703,77.27546241430836,73.6513674370505,67.26838713456503,1.3923265821271116,1.1754156294859188,0.21691095264119276
2024-02-07,77.85037034143825,78.3558943383525,76.99792107699604,77.0078353881836,371200,FSS,77.5530052862426,77.69387973617096,78.3558943383525,76.99792107699604,73.81655417592266,67.47135047980564,1.311157903297243,1.2025640842481837,0.10859381904905918
2024-02-08,77.38450930289792,77.80081969535337,76.88889953214479,77.27547454833984,360200,FSS,77.33742576968399,77.62344251120678,77.80081969535337,76.88889953214479,73.97673547392043,67.65916713544826,1.253972371083492,1.2128457416152454,0.041126629468246634
2024-02-09,77.71159943283328,78.34597921902756,77.2060754411335,77.99905395507812,408600,FSS,77.81567701201811,77.48043414044538,78.34597921902756,77.2060754411335,74.16159796551364,67.84760920960319,1.2526000421534604,1.2207966017228884,0.03180344043057204
2024-02-12,78.20720871210355,80.1400834316195,77.74133440473213,79.04974365234375,474000,FSS,78.78459255019973,77.64805557623174,80.1400834316195,77.64805557623174,74.37480935292653,68.04910571743528,1.3210659136607603,1.2408504641104627,0.08021544955029758
2024-02-13,77.12677605566746,77.89001919854611,75.36240680315835,76.34371185302734,407400,FSS,76.68072847759981,78.21632406321574,78.21632406321574,75.36240680315835,74.54797538486763,68.22778190680417,1.1437865992134846,1.2214376911310671,-0.07765109191758257
2024-02-14,77.42415461273222,78.58387959572026,77.04749393073054,78.31625366210938,280300,FSS,77.8429454503231,77.44852627040777,78.58387959572026,77.04749393073054,74.7298148575076,68.42426645068542,1.1492117068614647,1.2069924942771468,-0.057780787415682155
2024-02-15,78.6334422560948,80.0607931483908,78.6334422560948,79.81298828125,264400,FSS,79.2851664854576,77.64573586036543,80.0607931483908,77.64573586036543,74.92696859646156,68.63438138267836,1.2597633510543034,1.2175466656325782,0.042216685421725186
2024-02-16,79.20833988658373,80.75463961353425,79.12904052561106,79.23807525634766,281000,FSS,79.58252382051917,78.46545117291151,80.75463961353425,78.46545117291151,75.13621480124353,68.84445103235406,1.2861596019134254,1.2312692528887477,0.05489034902467771
2024-02-20,78.24685668945312,78.94070719867773,77.89001712402236,78.24685668945312,276700,FSS,78.33110942540159,79.02398749671534,79.02398749671534,77.89001712402236,75.31542704352138,69.04190756088495,1.213111769165721,1.2276377561441425,-0.014525986978421557
2024-02-21,78.24686926588883,80.17974425396909,78.06844945449645,80.11035919189453,507900,FSS,79.15135554156222,78.67754846105846,80.17974425396909,78.06844945449645,75.50479971424015,69.23779242916494,1.2907113959066692,1.240252484096648,0.050458911810021156
2024-02-22,80.34822792729825,80.97270087874313,80.00130271116362,80.81410217285156,304700,FSS,80.53408342251413,78.91445200131034,80.97270087874313,78.91445200131034,75.69402336421813,69.4421597334809,1.3929389037042057,1.2707897680181597,0.12214913568604602
2024-02-23,81.17095447662308,82.30094396557438,80.84385026603093,82.11260986328125,209400,FSS,81.60708964287741,79.72426771191223,82.30094396557438,79.72426771191223,75.87923259411424,69.66235450253616,1.5607423919137062,1.3287802927972692,0.23196209911643706
2024-02-26,81.80532547788086,82.43970520828464,81.37910088754053,81.3890151977539,380600,FSS,81.75328669286498,80.66567867739482,82.43970520828464,80.66567867739482,76.0573051116939,69.88933136735663,1.6167034718430386,1.3863649286064232,0.2303385432366154
2024-02-27,84.25364929871427,85.22504764161597,80.397806424036,83.50032043457031,647400,FSS,83.34420594973413,81.2094826851299,85.22504764161597,80.397806424036,76.25341784240311,70.13637443369934,1.8105468613702413,1.471201315159187,0.3393455462110544
2024-02-28,83.44084377257023,84.16443721327497,80.79428996786187,81.53770446777344,494100,FSS,82.48431885537012,82.27684431743202,84.16443721327497,80.79428996786187,76.39417115166015,70.37375464961741,1.785223492721201,1.5340057506715898,0.2512177420496111
2024-02-29,82.43971157650543,82.43971157650543,80.71499202389089,81.19078063964844,388700,FSS,81.69629895413755,82.38058158640106,82.43971157650543,80.71499202389089,76.51658654373006,70.60095337582331,1.7173639840691521,1.5706773973511023,0.1466865867180498
2024-03-01,81.48814581444977,81.51788118640965,80.05088071209333,80.09053039550781,628000,FSS,80.78685952711514,82.0384402702693,82.0384402702693,80.05088071209333,76.62705796756028,70.814059353776,1.5568573525833216,1.5679133883975462,-0.011056035814224652
2024-03-04,79.78325372546432,80.89342226410697,79.28764398609957,79.366943359375,481200,FSS,79.83281583376146,81.41264989869222,81.41264989869222,79.28764398609957,76.69931785712133,71.0114634804065,1.3556402868264712,1.5254587680833314,-0.16981848125686017
2024-03-05,79.02001385106124,80.1797387645095,78.16756453970507,78.75238037109375,419100,FSS,79.0299243815924,80.62273286622684,80.62273286622684,78.16756453970507,76.75849363103659,71.19321734874417,1.1335177287002267,1.4470705602067104,-0.3135528315064837
2024-03-06,78.91097163959844,79.65438613873114,78.54421776422777,78.77220153808594,695500,FSS,78.97044427016083,79.82632862390962,79.82632862390962,78.54421776422777,76.82326956629167,71.37289170382083,0.9481536782052444,1.3472871838064173,-0.3991335056011729
2024-03-07,79.29756070360726,80.39781496336218,79.07949120168759,80.28878021240234,667600,FSS,79.76591177026484,79.39838644703522,80.39781496336218,79.07949120168759,76.89686774424489,71.55755138952918,0.9131008983816429,1.2604499267214626,-0.34734902833981973
2024-03-08,80.6654297019861,81.75577706017759,79.39667011689453,79.7733383178711,231900,FSS,80.39780379923234,79.58214910865003,81.75577706017759,79.39667011689453,76.967690466868,71.7563492970083,0.8341143140742702,1.1751828041920243,-0.3410684901177541
2024-03-11,79.28764450685534,79.3669438806516,76.750125044611,77.18626403808594,253100,FSS,78.14774436755097,79.98997645394118,79.98997645394118,76.750125044611,76.98791130298778,71.93489836888362,0.5563483659978914,1.0514159165531978,-0.4950675505553064
2024-03-12,77.44397056383117,77.8008101600313,76.35363071428809,77.56291961669922,332000,FSS,77.29033276371244,79.06886041074608,79.06886041074608,76.35363071428809,76.99955813003078,72.10187920347703,0.3624319187505165,0.9136191169926615,-0.551187198242145
2024-03-13,77.52326212591554,78.27659092674591,77.03756677648693,78.0882568359375,352400,FSS,77.73141916627146,78.17959658722927,78.27659092674591,77.03756677648693,77.0289971784321,72.28193154201996,0.248280042598509,0.7805513021138311,-0.5322712595153221
2024-03-14,78.02869699145464,78.42579111950607,76.29141680842761,77.24443817138672,781200,FSS,77.49758577269375,77.95550787675037,78.42579111950607,76.29141680842761,77.07854008975575,72.4759522693,0.08870223997851667,0.6421814896867682,-0.5534792497082516
2024-03-15,76.98633922039161,77.88972104510977,76.82749852763966,77.71102905273438,721100,FSS,77.35364696146885,77.72654682472206,77.88972104510977,76.82749852763966,77.15399910464554,72.6753136700431,-0.00011303068437484853,0.5137225856125397,-0.5138356162969145
2024-03-18,77.71103363226948,78.94201877787505,77.33379832566465,78.11805725097656,282300,FSS,78.02622699669644,77.54009689309547,78.94201877787505,77.33379832566465,77.2652120776101,72.8851868403475,-0.03722687045298301,0.4035326943994352,-0.4407595648524182
2024-03-19,78.12797950652688,79.95460972028059,78.12797950652688,79.43838500976562,649900,FSS,78.912238435775,77.78316194489595,79.95460972028059,77.78316194489595,77.40792334042061,73.10436545266792,0.039444863995839796,0.33071512831871613,-0.29127026432287634
2024-03-20,79.51779426620851,81.2054424164117,79.11077827619056,80.56016540527344,422600,FSS,80.09854509102105,78.34770019033547,81.2054424164117,78.34770019033547,77.57312176454589,73.3318934183958,0.18855255229117063,0.30228261311320703,-0.1137300608220364
2024-03-21,81.0565288957356,82.23787423637262,80.69914494803052,81.74150848388672,213400,FSS,81.43376414100636,79.22312264067827,82.23787423637262,79.22312264067827,77.77037712776095,73.57002693620917,0.39746426247130273,0.3213189429848262,0.07614531948647651
2024-03-22,81.68195867265469,82.06912340892399,80.91755863728596,81.75144958496094,175600,FSS,81.60502257595638,80.32844339084232,82.06912340892399,80.32844339084232,77.95366185595033,73.81707372645121,0.5574050433252324,0.3685361630529075,0.18886888027232496
2024-03-25,81.97978304568906,82.4265092671729,81.25508559476776,81.28486633300781,254400,FSS,81.73656106015939,80.96673298339935,82.4265092671729,80.96673298339935,78.13630613657115,74.0601157968293,0.6391422612934434,0.4226573827010147,0.2164848785924287
2024-03-26,81.72166204757744,82.5654823622105,81.10616575126329,81.79115295410156,226200,FSS,81.79611577878819,81.35164702177937,82.5654823622105,81.10616575126329,78.30205201240481,74.30543605577019,0.7362852564122733,0.4853829574432665,0.2509022989690068
2024-03-27,83.36960221355616,84.18364181393788,82.67468555658483,83.92552947998047,364100,FSS,83.53836476601484,81.57388140028378,84.18364181393788,81.57388140028378,78.50913527353131,74.56763440631069,0.9742673799354691,0.583159841941707,0.3911075379937621
2024-03-28,84.14392697705777,85.12672907541756,83.84610448715941,84.25312805175781,375200,FSS,84.34247214784813,82.55612308314932,85.12672907541756,82.55612308314932,78.74652459174912,74.79922268004638,1.1757510678525733,0.7016780871238804,0.47407298072869297
2024-04-01,84.35239422202957,84.82890108624743,83.96522955462504,84.541015625,328200,FSS,84.42188512197552,83.44929761549872,84.82890108624743,83.44929761549872,78.97613516414648,75.00879052618829,1.3431751759909645,0.8299775048972973,0.5131976710936672
2024-04-02,84.09429096596284,84.38218403212181,82.32722997100306,83.31996154785156,475100,FSS,83.53091662923482,83.93559136873712,84.38218403212181,82.32722997100306,79.17821238897018,75.20660291161282,1.3616350474266739,0.9363090134031726,0.4253260340235012
2024-04-03,82.76402512877691,84.89839172363281,82.76402512877691,84.89839172363281,439100,FSS,83.83120842620485,83.73325399898597,84.89839172363281,82.76402512877691,79.36657004200718,75.41110529805303,1.4864953590420242,1.046346282530943,0.44014907651108115
2024-04-04,85.91099869680423,87.8269711020349,84.51124342182787,84.76935577392578,526700,FSS,85.7546422486482,83.7822312125954,87.8269711020349,83.7822312125954,79.59156275041678,75.63872694383608,1.5570868053846283,1.1484943871016802,0.4085924182829481
2024-04-05,84.89840498747303,86.20881042565675,83.83618245480852,85.91099548339844,337700,FSS,85.21359833783418,84.7684367306218,86.20881042565675,83.83618245480852,79.80692402094948,75.8532177397489,1.685719889110885,1.2559394875035212,0.42978040160736386
2024-04-08,86.01025610067549,86.48677055069723,84.76934173221706,84.82890319824219,154900,FSS,85.523817895458,84.99101753422799,86.48677055069723,84.76934173221706,79.99914994130259,76.06331316050483,1.680969560005181,1.3409455020038532,0.34002405800132784
2024-04-09,84.8686264024695,85.36499222609316,83.17105619454955,84.16378784179688,323500,FSS,84.39211566622728,85.257417714843,85.36499222609316,83.17105619454955,80.15535996717344,76.25773645387122,1.605033808653161,1.3937631633337149,0.21127064531944617
2024-04-10,82.5654806878389,83.75676308487492,79.57736419395806,83.36959838867188,408400,FSS,82.31730158883593,84.82476669053514,84.82476669053514,79.57736419395806,80.26278837421012,76.41371929041829,1.4638948583856006,1.407789502344092,0.05610535604150857
2024-04-11,83.31003373699214,84.43182528804239,82.67468612132696,84.32262420654297,265500,FSS,83.68479233822612,83.57103413968554,84.43182528804239,82.67468612132696,80.37898122247114,76.5679610176508,1.4126581978251096,1.4087632414402955,0.0038949563848140745
2024-04-12,83.29018067177617,83.94537957294091,82.26766836117885,82.9427261352539,188700,FSS,83.11148868528745,83.62791323895583,83.94537957294091,82.26766836117885,80.49956750270981,76.71595221584148,1.2463395071085017,1.3762784945739368,-0.12993898746543509
2024-04-15,83.82626631387194,83.97517000819477,82.54564152510348,82.85338592529297,184500,FSS,83.30011594311578,83.36970096212164,83.97517000819477,82.54564152510348,80.61198199669022,76.8651854470291,1.0947026870104821,1.319963333061246,-0.2252606460507638
2024-04-16,82.40665124456062,82.71439561319437,81.48341056471843,82.62505340576172,240500,FSS,82.30737770705879,83.33490845261872,83.33490845261872,81.48341056471843,80.69562080831777,76.99822175403894,0.9452091063213857,1.245012487713274,-0.29980338139188834
2024-04-17,83.33980816253086,83.33980816253086,81.88049918869804,81.98969268798828,238100,FSS,82.637452050437,82.82114307983875,83.33980816253086,81.88049918869804,80.7961202526973,77.13510406649482,0.766628846456868,1.1493357594619928,-0.3827069130051248
2024-04-18,82.19817775862847,82.8335253631793,80.85798406802384,80.92747497558594,316300,FSS,81.70429054135438,82.72929756513787,82.8335253631793,80.85798406802384,80.8761723224699,77.26376987976019,0.5332437102863992,1.026117349626874,-0.4928736393404749
2024-04-19,80.5998729731019,81.57274560247318,79.87517564498877,80.25241088867188,366700,FSS,80.57505127730893,82.21679405324613,82.21679405324613,79.87517564498877,80.93661324229123,77.37658370910694,0.29046399028179337,0.878986677757858,-0.5885226874760646
2024-04-22,80.55024191206776,81.93013823861483,80.08365684537581,81.40399169921875,252400,FSS,80.99200717381929,81.39592266527754,81.93013823861483,80.08365684537581,81.00970487037394,77.49322017214719,0.18880582427871673,0.7409505070620298,-0.5521446827833131
2024-04-23,81.73158537796753,83.24053391002194,81.73158537796753,83.15119171142578,245500,FSS,82.4637240943457,81.19396491954842,83.24053391002194,81.19396491954842,81.10266581202049,77.63213188876706,0.24638525844918036,0.6420374573394599,-0.3956521988902796
2024-04-24,83.02213436992675,84.19355786759827,81.80107884057229,82.72431945800781,250700,FSS,82.93527263402628,81.82884450694706,84.19355786759827,81.80107884057229,81.18567941369702,77.78024438331177,0.2546370540827354,0.5645573766881151,-0.3099203226053797
2024-04-25,81.60253461175444,82.86330798703601,81.01682660237528,82.4959945678711,352100,FSS,81.9946659422592,82.38205857048666,82.86330798703601,81.01682660237528,81.2919581629902,77.91996677392892,0.239986338011704,0.4996431689528329,-0.2596568309411289
2024-04-26,82.77395131819314,84.02479515269428,82.77395131819314,83.27031707763672,307500,FSS,83.21075371667932,82.18836225637293,84.02479515269428,82.18836225637293,81.39931432831732,78.06456459291246,0.2875422867349471,0.45722299250925574,-0.16968070577430866
2024-04-29,83.29018726340539,84.60059274338187,83.29018726340539,84.56088256835938,356800,FSS,83.935462459638,82.69955798652612,84.60059274338187,82.69955798652612,81.49232024780093,78.20964442213125,0.42447547902037286,0.4506734898114792,-0.02619801079110634
2024-04-30,82.5952675718056,84.0049522252841,79.6865636286791,80.7090835571289,746000,FSS,81.74896674572443,83.31751022308205,84.0049522252841,79.6865636286791,81.53564910630503,78.33593195377429,0.21965597374389745,0.40446998659796285,-0.1848140128540654
2024-05-01,80.87784162300875,81.82093357797423,79.68655920343362,79.75605010986328,506700,FSS,80.53534612856997,82.53323848440324,82.53323848440324,79.68655920343362,81.5797338403684,78.44758044194491,-0.019343810784434368,0.3197072271214834,-0.3390510379059178
2024-05-02,80.09358126704765,81.72166039317389,79.8851085516957,81.71173095703125,548200,FSS,80.85302029223712,81.5342923064866,81.72166039317389,79.8851085516957,81.61376713538189,78.55928342481101,-0.05036518338116025,0.2456927450209547,-0.296057928402115
2024-05-03,82.69454171732598,82.69454171732598,80.92747318397694,81.39405822753906,258000,FSS,81.92765371154199,81.19365629936186,82.69454171732598,80.92747318397694,81.64163854116245,78.6678309526903,-0.09943712969555918,0.17666677007765194,-0.27610389977321115
2024-05-06,82.12868085486875,83.79647008853497,81.9996209117183,83.5879898071289,257900,FSS,82.87819041556273,81.56065500545193,83.79647008853497,81.56065500545193,81.66706055661616,78.7731465753652,0.038263860363812796,0.14898618813488412,-0.11072232777107133
2024-05-07,83.68726945542552,85.6230928734224,83.56813894741788,85.26570892333984,307300,FSS,84.53605254990141,82.21942271050733,85.6230928734224,82.21942271050733,81.7227158737569,78.89001049272541,0.27954833922073874,0.17509861835205506,0.10444972086868368
2024-05-08,84.81899134924348,85.24586624534251,84.11415281362713,84.7594223022461,242800,FSS,84.7346081776148,83.37773763020436,85.24586624534251,83.37773763020436,81.7505239183145,79.0019708803588,0.4250156125487763,0.22508201719139934,0.19993359535737695
2024-05-09,84.88848180247676,86.76474393306658,84.88848180247676,86.58605194091797,267000,FSS,85.78193986973452,84.05617290390958,86.76474393306658,84.05617290390958,81.8164763386018,79.10532374513097,0.6798562609756402,0.31603686594824754,0.3638193950273927
2024-05-10,87.17175852168447,87.41994141926261,85.91099273452154,87.0724868774414,734500,FSS,86.8937948882275,84.91905638682205,87.41994141926261,84.91905638682205,81.9204262572836,79.21850640050683,0.9105740145259063,0.4349442956637793,0.47562971886212696
2024-05-13,87.4993595663835,87.4993595663835,85.62309751373688,85.67273712158203,212400,FSS,86.57363844202148,85.90642563752478,87.4993595663835,85.62309751373688,82.03616183558171,79.331609901571,0.9692979262186583,0.5418150217747552,0.42748290444390313
2024-05-14,86.36765198142251,86.36765198142251,85.39477164955737,86.13932037353516,401200,FSS,86.06734899648438,86.24003203977313,86.36765198142251,85.39477164955737,82.16085249883618,79.43008517797875,1.0414808751227014,0.6417481924443444,0.39973268267835693
2024-05-15,86.69525388440017,87.46958333341914,86.35772119634969,86.81437683105469,226800,FSS,86.83423381130592,86.15369051812876,87.46958333341914,86.15369051812876,82.31693868743045,79.53771615923353,1.1400163972271713,0.7414018334009098,0.3986145638262615
2024-05-16,86.56585340754535,86.56585340754535,85.18406102271821,85.86004638671875,294600,FSS,86.04395355613191,86.49396216471735,86.56585340754535,85.18406102271821,82.45840887314988,79.64083921972076,1.128096028419236,0.8187406724045752,0.3093553560146609
2024-05-17,86.09862722567537,86.27756475097988,85.61152246737073,85.86004638671875,133900,FSS,85.96194020768618,86.26895786042462,86.27756475097988,85.61152246737073,82.58232944189831,79.7395985930716,1.105900912932455,0.8761727205101512,0.2297281924223039
2024-05-20,85.78052030768725,87.03308303439825,85.40276666569117,87.02313995361328,205700,FSS,86.30987749034749,86.1154490340554,87.03308303439825,85.40276666569117,82.7005709157206,79.8341306912943,1.1686911108311762,0.9346763985743562,0.2340147122568199
2024-05-21,86.73484713499236,86.73484713499236,85.73080838551425,85.93956756591797,647500,FSS,86.28501755535424,86.21266326220145,86.73484713499236,85.73080838551425,82.86331637947667,79.92561384123223,1.1181284701569751,0.9713668128908801,0.14676165726609502
2024-05-22,85.66122131518253,86.40679306116803,85.52204852934642,86.24774169921875,189800,FSS,85.95945115122893,86.24884040877785,86.40679306116803,85.52204852934642,83.036698747227,80.01812843862888,1.0903553523973954,0.9951645207921832,0.09519083160521224
2024-05-23,86.77461159741203,86.89390580770028,85.28346809837508,85.75069427490234,187700,FSS,86.17566994459743,86.10414578000339,86.89390580770028,85.28346809837508,83.20558376279352,80.1172904706128,1.016519578396455,0.9994355323130376,0.017084046083417292
2024-05-24,86.08868472865564,86.44655978168973,85.65128778499586,86.23780059814453,229900,FSS,86.10608322337144,86.13990786230042,86.44655978168973,85.65128778499586,83.37775371180707,80.22814690078141,0.9859442532880109,0.9967372765080323,-0.010793023220021403
2024-05-28,86.51614693428533,86.88396507100114,84.97530316099378,85.70098876953125,203900,FSS,86.01910098395288,86.12299554283592,86.88396507100114,84.97530316099378,83.55106279225674,80.35253094845115,0.9079307985326039,0.9789759809129467,-0.07104518238034274
2024-05-29,84.78641805407109,85.3232306098457,84.49812940832096,85.11447143554688,231600,FSS,84.93056237694616,86.0710482633944,86.0710482633944,84.49812940832096,83.68914949986176,80.47718078873592,0.789674648665283,0.941115714463414,-0.151441065798131
2024-05-30,85.73080926270953,87.47047670155544,85.40276345263173,86.73484802246094,322800,FSS,86.33472435983941,85.50080532017029,87.47047670155544,85.40276345263173,83.83759921834304,80.62276127938182,0.8172854880539404,0.9163496691815194,-0.09906418112757898
2024-05-31,87.77866219371855,91.48663528132703,87.6295463068148,91.47669219970703,542300,FSS,89.59288399539184,85.91776484000485,91.48663528132703,85.91776484000485,84.02748599643044,80.80030388048817,1.2078708893147905,0.9746539132081736,0.23321697610661685
2024-06-03,91.78484537920808,92.35147954814664,84.81623334171297,86.7845458984375,497500,FSS,88.9342760418763,87.75532441769835,92.35147954814664,84.81623334171297,84.17749623444784,80.9739366811044,1.1258179131151564,1.0048867131895702,0.12093119992558621
2024-06-04,86.36702782908291,86.58573008681292,84.24960681299761,84.95541381835938,328000,FSS,85.5394446368132,88.34480022978732,88.34480022978732,84.24960681299761,84.256184675665,81.10492326580766,0.9027878893272572,0.9844669484171077,-0.08167905908985051
2024-06-05,85.42263484037855,87.25176709594771,84.60747675529274,86.92372131347656,240800,FSS,86.05140000127389,86.94212243330026,87.25176709594771,84.60747675529274,84.34248145448728,81.23939379552921,0.874777068142933,0.9625289723622728,-0.08775190421933976
2024-06-06,86.78455760184279,87.55995103397272,85.64134603052503,86.07874298095703,124800,FSS,86.51614941182439,86.49676121728707,87.55995103397272,85.64134603052503,84.436882127148,81.3694670697764,0.775456619684789,0.925114501826776,-0.14965788214198705
2024-06-07,85.79046506266744,86.1185108914889,84.6373103682571,85.26358795166016,141100,FSS,85.4524685685184,86.50645531455572,86.50645531455572,84.6373103682571,84.47516420319808,81.4921497383647,0.6237777290151598,0.8648471472644528,-0.24106941824929295
2024-06-10,84.4384871667625,84.79636220847993,83.61338595478354,84.30924987792969,343400,FSS,84.28937130198892,85.97946194153707,85.97946194153707,83.61338595478354,84.47410218628089,81.610313389015,0.4217028802554381,0.7762182938626498,-0.3545154136072117
2024-06-11,83.85197601076747,84.60749091353159,82.70876436755768,84.33908081054688,243800,FSS,83.8768280256009,85.134416621763,85.134416621763,82.70876436755768,84.4632010443534,81.71966810424993,0.2609560745099486,0.6731658499921096,-0.412209775482161
2024-06-12,86.19803330268637,87.65935512848543,85.59163434661535,85.64134216308594,246200,FSS,86.27259123521827,84.50562232368195,87.65935512848543,84.50562232368195,84.51803453647308,81.84812346272162,0.2359250830371451,0.5857176966011167,-0.3497926135639716
2024-06-13,85.14429507112297,85.27352477697546,84.25955053761061,85.10453033447266,228000,FSS,84.94547518004542,85.38910677945012,85.38910677945012,84.25955053761061,84.54031987154987,81.95344495677853,0.17080270643218398,0.5027346985673302,-0.33193199213514624
2024-06-14,83.57361640186764,83.60343805623403,82.38070472112716,83.30521392822266,259000,FSS,83.21574327686287,85.16729097974778,85.16729097974778,82.38070472112716,84.48954189211416,82.04055232126548,-0.02570078008375276,0.39704760283711366,-0.4227483829208664
2024-06-17,83.285336128454,84.88583080443723,83.20580665259624,84.55777740478516,151500,FSS,83.98368774756815,84.19151712830532,84.88583080443723,83.20580665259624,84.46494368030885,82.13593385062917,-0.07944402318288724,0.3017492776331135,-0.3811933008160007
2024-06-18,84.47825787061684,84.70689563965264,83.72274299758219,84.5080795288086,151200,FSS,84.35399400916506,84.08760243793674,84.70689563965264,83.72274299758219,84.44154720258298,82.22034857194278,-0.12460971060988868,0.21647747998451305,-0.34108719059440173
2024-06-20,84.09055072442874,85.2934131828087,82.71870140344542,83.72274017333984,232100,FSS,83.95635137100568,84.2207982235509,85.2934131828087,82.71870140344542,84.43283191667857,82.294095941926,-0.22122403298341453,0.12893717739092755,-0.3501612103743421
2024-06-21,83.51397994753385,83.84202575683594,82.68887871538874,83.84202575683594,636500,FSS,83.47172754414862,84.08857479727828,84.08857479727828,82.68887871538874,84.4559204357848,82.35935440499746,-0.2848822842167351,0.046173285069395026,-0.3310555692861301
2024-06-24,84.18003261925807,85.63141157665143,83.5537549958329,84.85601806640625,192700,FSS,84.55530431453717,83.78015117071345,85.63141157665143,83.5537549958329,84.47333067531103,82.42615594889108,-0.2506221853116841,-0.0131858090068208,-0.2374363763048633
2024-06-25,84.50807989338543,84.64725268844636,83.06663653832786,84.23966979980469,241500,FSS,84.11540972999109,84.16772774262532,84.64725268844636,83.06663653832786,84.4934090962051,82.49648829945747,-0.27009151729090775,-0.0645669506636382,-0.20552456662726953
2024-06-26,83.69291730091945,84.09054950342043,82.87775915083546,82.96722412109375,315900,FSS,83.40711251906727,84.1415687363082,84.1415687363082,82.87775915083546,84.49554902772412,82.55376551220718,-0.38377293959584335,-0.12840814845007922,-0.25536479114576416
2024-06-27,83.56368298702279,84.28937619270889,82.62923817662839,83.06663513183594,304800,FSS,83.387233122049,83.77434062768774,84.28937619270889,82.62923817662839,84.51714613602392,82.60638347217086,-0.46053587713058164,-0.1948336941861797,-0.26570218294440195
2024-06-28,83.9613237741934,84.80630362106592,83.0169358719856,83.17598724365234,811800,FSS,83.74013762772432,83.58078687486837,84.80630362106592,83.0169358719856,84.53919984756969,82.6676600501335,-0.5067062622663911,-0.25720820780222203,-0.24949805446416912
2024-07-01,83.722746602298,84.05080002522878,81.4562094699559,81.86378479003906,264600,FSS,82.77338522188043,83.66046225129634,84.05080002522878,81.4562094699559,84.5605817411802,82.71837703182504,-0.641782329401579,-0.33412303212209343,-0.30765929727948554
2024-07-02,81.66496713874335,83.50404275395476,81.66496713874335,82.7087631225586,241500,FSS,82.38568503850001,83.21692373658838,83.50404275395476,81.66496713874335,84.59679441640402,82.76670382934762,-0.6728917192421022,-0.40187676954609525,-0.271014949696007
2024-07-03,82.99704958117587,84.18002591556592,82.69882541563405,83.8619155883789,111600,FSS,83.4344541251887,82.8013043875442,84.18002591556592,82.69882541563405,84.64564335543142,82.82767411290268,-0.5976075206273066,-0.44102291976233754,-0.15658460086496906
2024-07-05,83.45432946427968,84.20984430616392,82.44035520582432,83.34497833251953,193300,FSS,83.36237682719687,83.11787925636645,84.20984430616392,82.44035520582432,84.66361641008844,82.88314111105444,-0.573050992030403,-0.46742853421595065,-0.10562245781445234
2024-07-08,84.07067293289192,84.81624470689215,82.86781804762667,82.95728302001953,159800,FSS,83.67800467685757,83.24012804178166,84.81624470689215,82.86781804762667,84.67847105094506,82.93207523232104,-0.5782083123088455,-0.4895844898345296,-0.08862382247431588
2024-07-09,82.73858669515532,83.11634032278657,82.60934940291052,82.92745971679688,242400,FSS,82.84793403441232,83.45906635931962,83.45906635931962,82.60934940291052,84.69553641278813,82.99374728788916,-0.578038746262024,-0.5072753411200285,-0.07076340514199553
2024-07-10,83.31515096396386,84.537891906027,83.2654507338834,84.4782485961914,279900,FSS,83.89918555001643,83.15350019686596,84.537891906027,83.15350019686596,84.70930504945487,83.0543096888861,-0.44760890503418693,-0.4953420539028602,0.04773314886867325
2024-07-11,86.48631734172423,88.57391658827567,85.35304896261496,88.2160415649414,346800,FSS,87.15733111438907,83.5263428734412,88.57391658827567,83.5263428734412,84.7737424225499,83.1330313351754,-0.04214780793220996,-0.40470320470873017,0.3625553967765202
2024-07-12,89.63761224505078,91.35740123518582,88.93180517040652,90.2042465209961,365000,FSS,90.0327662929098,85.34183699391514,91.35740123518582,85.34183699391514,84.93941841349358,83.23753375989932,0.43460470404586715,-0.23684162295781072,0.6714463270036779
2024-07-15,91.03928789201773,94.34962846110398,90.9199936752075,93.45494079589844,509800,FSS,92.44096270605691,87.68730164341247,94.34962846110398,87.68730164341247,85.17753074504333,83.37863229270586,1.062490634744023,0.02302482858255604,1.039465806161467
2024-07-16,94.20050678180849,98.82305311358509,94.1010987327661,98.62422943115234,439500,FSS,96.43722201482801,90.06413217473468,98.82305311358509,90.06413217473468,85.48921477949514,83.55149095743853,1.954680806225852,0.4093560241112153,1.5453247821146368
2024-07-17,97.70966608181953,99.19086653329443,93.63387527796519,93.81281280517578,601800,FSS,96.08680517456372,93.25067709478134,99.19086653329443,93.25067709478134,85.77239780875557,83.70701817495903,2.2475979241895487,0.777004404126882,1.4705935200626667
2024-07-18,92.87836392254675,95.17472262110687,91.83456037719297,92.729248046875,361900,FSS,93.1542237419304,94.66874113467253,95.17472262110687,91.83456037719297,85.97791847528295,83.82248951594957,2.365039526784514,1.0946114286584085,1.2704280981261056
2024-07-19,92.75906160111154,93.02747167074037,91.1287453607252,91.43692016601562,420600,FSS,92.08804969964818,93.91148243830146,93.91148243830146,91.1287453607252,86.12895841827788,83.92583714601739,2.327008478187423,1.3410908385642115,0.9859176396232117
2024-07-22,91.70533172025978,95.45306931090118,91.6755100616514,95.27413177490234,456800,FSS,93.52701071692867,92.99976606897482,95.45306931090118,91.6755100616514,86.30480646906415,84.02766519368933,2.576795808021828,1.5882318324557347,0.9885639755660931
2024-07-23,94.34962741821909,97.80907623964386,94.34962741821909,96.92433166503906,437000,FSS,95.85816568528027,93.26338839295175,97.80907623964386,93.26338839295175,86.50633098537506,84.16140366198843,2.874772814848626,1.8455400289343131,1.0292327859143129
2024-07-24,96.42728814850662,97.20268162321531,93.49470870762657,93.97187042236328,344700,FSS,95.27413722542795,94.560777039116,97.20268162321531,93.49470870762657,86.67393783211908,84.29718204470133,2.8399456661963427,2.044421156386719,0.7955245098096237
2024-07-25,95.70159246660872,99.38969429438075,92.18250026117222,95.81094360351562,613900,FSS,95.77118265641933,94.91745713227198,99.38969429438075,92.18250026117222,86.85788871640703,84.44702527599436,2.9270020779573116,2.2209373407008375,0.7060647372564741
2024-07-26,98.4353538007498,100.30425858827327,97.83889789202144,98.71370697021484,482700,FSS,98.82305431281483,95.34431989434566,100.30425858827327,95.34431989434566,87.11300282273365,84.63692766078492,3.193411990179584,2.415432270596587,0.7779797195829969
2024-07-29,99.22068560929249,99.22068560929249,96.72551095809968,96.79509735107422,302500,FSS,97.99049488193972,97.08368710358025,99.22068560929249,96.72551095809968,87.33612804414632,84.8265333657884,3.2126940658618395,2.5748846296496377,0.6378094362122018
2024-07-30,98.5248157840045,99.4592680774736,97.81900881625464,98.15699768066406,325400,FSS,98.49002258959919,97.53709099275999,99.4592680774736,97.53709099275999,87.58504942481567,85.02172914898276,3.2998308287612304,2.7198738694719564,0.5799569592892739
2024-07-31,99.66804944127931,101.57671160318101,97.62020688641152,99.3797607421875,434400,FSS,99.56118216826484,98.01355679117958,101.57671160318101,97.62020688641152,87.85703426402725,85.21968185296276,3.4280378151000974,2.861506658597585,0.5665311565025126
2024-08-01,98.87276012980544,99.52886695032844,94.53850215191255,96.49687194824219,437600,FSS,97.35925029507216,98.7873694797222,99.52886695032844,94.53850215191255,88.07802172012174,85.38929631792116,3.2594448913175285,2.941094305141574,0.3183505861759546
2024-08-02,92.36144138845397,93.34559407454987,90.97964129418453,92.9380111694336,369700,FSS,92.40617198165549,98.07330988739719,98.07330988739719,90.97964129418453,88.20044480864777,85.53188059406222,2.8063140211975366,2.9141382483527667,-0.1078242271552301
2024-08-05,88.93180675166825,90.82059023318592,87.19213915265046,90.46271514892578,334300,FSS,89.3518128216076,95.23974093452634,95.23974093452634,87.19213915265046,88.26829204205532,85.65249539464118,2.221856659539398,2.775681930590093,-0.553825271050695
2024-08-06,90.51241015254412,93.28593028624194,90.02529783307442,92.2023696899414,219600,FSS,91.50650199045047,92.29577687806696,93.28593028624194,90.02529783307442,88.3749086829724,85.79024622288296,1.877404027215448,2.596026349915164,-0.7186223226997162
2024-08-07,93.46486975352487,94.31979261998285,90.06506444794427,90.40306091308594,577100,FSS,92.06319693363449,91.90113943425871,94.31979261998285,90.06506444794427,88.49405095717766,85.93590233449237,1.4426042102641645,2.3653419219849643,-0.9227377117207998
2024-08-08,91.85444670855256,93.65375754776174,90.91005121711987,93.60405731201172,248100,FSS,92.50557819636147,91.9821681839466,93.65375754776174,90.91005121711987,88.62378050142583,86.08742164684128,1.3408592890882716,2.1604453954056257,-0.8195861063173542
2024-08-09,93.63388158725661,94.1110433024051,92.6994291505968,93.74323272705078,310700,FSS,93.54689669182733,92.24387319015403,94.1110433024051,92.24387319015403,88.79610718772345,86.2426283437926,1.2569664718272122,1.979749610689943,-0.7227831388627308
2024-08-12,93.80286892803689,93.80286892803689,91.64568312368105,92.56024932861328,595700,FSS,92.95291757709202,92.89538494099068,93.80286892803689,91.64568312368105,88.92847105206849,86.38303513520576,1.082545030829067,1.800308694717768,-0.717763663888701
2024-08-13,93.27599571216102,93.72333571637736,92.07314089800246,92.99765014648438,191600,FSS,93.0175306182563,92.92415125904135,93.72333571637736,92.07314089800246,88.99696398452579,86.51222499047812,0.9684457331156295,1.6339361023973404,-0.6654903692817109
2024-08-14,93.46486707563079,93.76309879607295,92.07313927182794,92.73918151855469,183200,FSS,93.0100716655216,92.97084093864882,93.76309879607295,92.07313927182794,89.07847989699869,86.62798806572327,0.8473966978287706,1.4766282214836266,-0.629231523654856
2024-08-15,95.21448681358625,96.2781689302267,93.84263745084903,95.24430847167969,244800,FSS,95.14490041658541,92.9904563020852,96.2781689302267,92.9904563020852,89.27058901259414,86.76338684412957,0.9427399547868873,1.3698505681442787,-0.4271106133573914
2024-08-16,95.10496611577928,96.01072372009834,94.35845934122484,94.73668670654297,218600,FSS,95.05270897091135,94.0676783593353,96.01072372009834,94.0676783593353,89.45061519198688,86.89654832323707,0.9662015685205176,1.2891207682195267,-0.32291919969900906
2024-08-19,94.73668472097648,95.51305053522387,94.07975512808441,94.61724090576172,192300,FSS,94.73668282251163,94.56019366512334,95.51305053522387,94.07975512808441,89.61502586020062,87.0259539936743,0.9640438906880178,1.224105392713225,-0.2600615020252073
2024-08-20,94.11956436035422,94.11956436035422,91.66106769300745,91.98953247070312,831600,FSS,92.97243222110475,94.64843824381748,94.64843824381748,91.66106769300745,89.76542513325235,87.12029466822521,0.7417493802939248,1.127634190229365,-0.38588480993544017
2024-08-21,92.52702602292088,93.01474165909445,91.57149825672258,92.84553527832031,377000,FSS,92.48970030426456,93.81043523246112,93.81043523246112,91.57149825672258,89.92943171329787,87.20176694978937,0.6274191544640786,1.0275911830763078,-0.4001720286122292
2024-08-22,92.78581420625567,93.72143843645978,91.72079820556223,92.04926300048828,190600,FSS,92.56932846219149,93.15006776836285,93.72143843645978,91.72079820556223,90.10328172202969,87.28324138319154,0.46717381970522354,0.915507710402091,-0.44833389069686747
2024-08-23,92.76590704749105,94.1096253394758,91.75066115824495,93.52236938476562,551800,FSS,93.03714073249435,92.85969811527717,94.1096253394758,91.75066115824495,90.2385727119752,87.37830362422413,0.45381432233274666,0.8231690327882222,-0.3693547104554755
2024-08-26,94.02999421536386,94.25891870621393,93.0246963027981,93.21381378173828,236800,FSS,93.63185575152855,92.94841942388575,94.25891870621393,92.94841942388575,90.41230032340486,87.47631009747738,0.4135616842942085,0.7412475630894195,-0.32768587879521105
2024-08-27,92.84553564876968,92.84553564876968,91.38238114055137,91.71084594726562,250800,FSS,92.19607459633909,93.29013758770715,93.29013758770715,91.38238114055137,90.59190694979439,87.54072442095429,0.25741689351640673,0.644481429174817,-0.38706453565841026
2024-08-28,91.7307504519798,93.1839493056702,91.6511212450726,92.3876724243164,211900,FSS,92.23837335675975,92.74310609202311,93.1839493056702,91.6511212450726,90.75700066197824,87.61097217114354,0.1861395610932135,0.5528130555584964,-0.36667349446528286
2024-08-29,93.25362838750777,94.04989772131881,92.29810063061879,93.21381378173828,209600,FSS,93.20386013029591,92.49073972439143,94.04989772131881,92.29810063061879,90.93399798440085,87.68777259349191,0.1940772629367018,0.4810658970341375,-0.2869886340974357
2024-08-30,93.3332485353884,94.47789375319186,92.06916709601693,94.04989624023438,400100,FSS,93.48255140620789,92.84729992734367,94.47789375319186,92.06916709601693,91.12452198510488,87.77867695089171,0.26478058998257836,0.43780883562382567,-0.1730282456412473
2024-09-03,92.83557789803105,93.10432458583006,88.09775376660478,88.26696014404297,268100,FSS,90.57615409862721,93.16492566677579,93.16492566677579,88.09775376660478,91.26661051619448,87.86126547598964,-0.1441593476689178,0.321415198965277,-0.4655745466341948
2024-09-04,87.71951589136407,88.52574833405338,87.07254945872027,87.28157043457031,240100,FSS,87.64984602967701,91.87053988270151,91.87053988270151,87.07254945872027,91.32850135049726,87.90091601290415,-0.5415176306567275,0.1488286330408761,-0.6903462636976037
2024-09-05,86.92325142262877,87.03273969137665,84.61405741661288,84.68373107910156,469800,FSS,85.81344490242996,89.76019295618926,89.76019295618926,84.61405741661288,91.36246205394602,87.92793557507555,-1.0539021299505862,-0.09171751955741637,-0.9621846103931698
2024-09-06,84.68372427086561,85.36055733513797,82.65322507804855,82.89210510253906,405800,FSS,83.8974029466478,87.78681892930962,87.78681892930962,82.65322507804855,91.37226786249765,87.93390844511089,-1.586254426616577,-0.3906249009692485,-1.1956295256473286
2024-09-09,83.7182483185761,84.26568966596528,82.3446785658447,82.98169708251953,529800,FSS,83.3275784082264,85.8421109379787,85.8421109379787,82.3446785658447,91.37107476822119,87.94411045212257,-1.9781156472354553,-0.7081230502224899,-1.2699925970129655
2024-09-10,83.55898802454759,83.64857278569033,81.51854074432624,82.48402404785156,454300,FSS,82.80253140060393,84.58484467310255,84.58484467310255,81.51854074432624,91.35232264367878,87.94576124562424,-2.30228720863704,-1.0269558819053999,-1.27533132673164
2024-09-11,82.48402154455017,84.29554427971924,81.21993253405887,84.25572967529297,586400,FSS,83.06380700840532,83.69368803685325,84.29554427971924,81.21993253405887,91.35813107940929,87.95935641029473,-2.388698242775291,-1.2993043540793783,-1.089393888695913
2024-09-12,84.76335796645776,86.42557786441937,83.98698455648974,85.698974609375,338900,FSS,85.21872374918547,83.37874752262928,86.42557786441937,83.37874752262928,91.41479185362299,88.0057931350135,-2.3140469130391637,-1.5022528658713354,-0.8117940471678282
2024-09-13,86.72417778743201,87.50055121329065,85.96772305535377,86.57488250732422,267000,FSS,86.69183364085016,84.29873563590738,87.50055121329065,84.29873563590738,91.47993944393622,88.06279139968382,-2.159315504286539,-1.6336653935543763,-0.5256501107321627
2024-09-16,86.93319682396114,87.56026736179027,85.75870014619998,86.26631927490234,193100,FSS,86.62962090171344,85.49528463837876,87.56026736179027,85.49528463837876,91.54528432542655,88.1044503677575,-2.0380943392828357,-1.7145511827000683,-0.32354315658276733
2024-09-17,87.21190515165736,89.10304966540696,86.21656273647969,88.5257568359375,319300,FSS,87.76431859737038,86.0624527700461,89.10304966540696,86.0624527700461,91.62701060383681,88.15274082739093,-1.7396543123821715,-1.719571808636489,-0.020082503745682434
2024-09-18,88.76463349079299,91.20321927706885,87.80910572006964,89.05328369140625,429200,FSS,89.20756054483444,86.91338568370824,91.20321927706885,86.91338568370824,91.75420313404524,88.22486977341669,-1.4439267437202261,-1.6644427956532366,0.2205160519330105
2024-09-19,91.57149432241754,91.75065624549838,90.03866622358352,91.37242889404297,273100,FSS,91.1833114213856,88.06047311427133,91.75065624549838,88.06047311427133,91.89988565147263,88.30459535046376,-1.010773313433205,-1.5337088992092305,0.5229355857760254
2024-09-20,91.2928041572627,91.52172865172172,89.84955315233964,91.14350128173828,1081900,FSS,90.95189681076559,89.62189226782846,91.52172865172172,89.62189226782846,91.97577696540016,88.37475969397502,-0.6781513378259945,-1.3625973869325834,0.6844460491065889
2024-09-23,91.40229026289873,91.99949415700087,90.92452259130131,91.59140014648438,227800,FSS,91.47942678942132,90.28689453929702,91.99949415700087,90.28689453929702,92.0047101753304,88.472064294412,-0.3740920305434514,-1.164896315654757,0.7908042851113055
2024-09-24,92.39763519116953,92.6763298432555,91.18331626948662,92.47726440429688,264900,FSS,92.18363642705214,90.88316066435917,92.6763298432555,90.88316066435917,91.99956364975031,88.58854719739682,-0.06093853526245141,-0.9441047595762959,0.8831662243138445
2024-09-25,92.78581001615572,93.29343671322128,92.258279814475,92.56683349609375,336200,FSS,92.72609000998645,91.53339854570565,93.29343671322128,91.53339854570565,91.92534100965348,88.7072778945743,0.19224921377923465,-0.7168339649051898,0.9090831786844245
2024-09-26,94.00013584249051,94.76654612600792,92.06916921486791,92.3677749633789,380400,FSS,93.30090653668631,92.12974427784604,94.76654612600792,92.06916921486791,91.86962303689592,88.82101042282575,0.3725454964440047,-0.4989580726353509,0.8715035690793556
2024-09-27,93.17399290395319,94.35845266581984,92.16869505905916,92.56683349609375,283800,FSS,93.06699353123147,92.71532540726618,94.35845266581984,92.16869505905916,91.86787843268193,88.92289845398246,0.5254370481905823,-0.2940790484701643,0.8195160966607467
2024-09-30,92.45735150684824,93.70152946080395,92.31800418351396,93.02469635009766,458400,FSS,92.87539537531595,92.89115946924883,93.70152946080395,92.31800418351396,91.88362534619529,89.00629188223658,0.6757606620072778,-0.10011110637467589,0.7758717683819537
2024-10-01,92.36776692695143,93.16403619726887,90.13819474480105,92.26822662353516,284800,FSS,91.98455612313913,92.88327742228239,93.16403619726887,90.13819474480105,91.85277625431951,89.07879136169181,0.7254894335394937,0.06500900160815803,0.6604804319313357
2024-10-02,91.80042209723929,93.37305713295828,91.43214271876072,92.45734405517578,210400,FSS,92.26574150103352,92.43391677271076,93.37305713295828,91.43214271876072,91.78092777063458,89.14362937800483,0.7712693267678077,0.206261066640088,0.5650082601277197
2024-10-03,92.11894267352275,92.22843094564482,89.64053461606153,89.7500228881836,285900,FSS,90.93448278085317,92.34982913687213,92.34982913687213,89.64053461606153,91.69413468174307,89.18403625693108,0.5823787303431232,0.28148459938069503,0.3008941309624281
2024-10-04,91.90991061972859,91.90991061972859,89.8495522216409,90.27754974365234,176800,FSS,90.9867308011876,91.64215595886265,91.90991061972859,89.8495522216409,91.59844564463845,89.22816718052275,0.4698326420666774,0.3191542079178915,0.1506784341487859
2024-10-07,90.1780151499944,91.71084327615709,89.08314008669518,91.20321655273438,249600,FSS,90.54380376639526,91.31444338002512,91.71084327615709,89.08314008669518,91.43286063371005,89.27293172822185,0.45014365577040394,0.345352097488394,0.10479155828200992
2024-10-08,91.5316835223204,91.95968104558807,90.6259259135528,90.75531768798828,194700,FSS,91.21815204236239,90.92912357321019,91.95968104558807,90.6259259135528,91.29741377691849,89.3167709105324,0.39385814560672827,0.3550533071120609,0.03880483849466737
2024-10-09,90.7453646927509,92.33791101235168,90.61597291467267,91.45205688476562,193200,FSS,91.28782637613521,91.0736378077863,92.33791101235168,90.61597291467267,91.15336985264923,89.36920963873244,0.40085173430281884,0.3642129925502125,0.03663874175260634
2024-10-10,89.93914037527804,90.11830231203596,88.36649755194294,89.7500228881836,291800,FSS,89.54349078186013,91.18073209196075,91.18073209196075,88.36649755194294,90.95301602492113,89.40502514447418,0.26598813900344,0.344568021840858,-0.07857988283741801
2024-10-11,89.76992817136721,92.15874371485377,89.76992817136721,91.86014556884766,348500,FSS,90.88968640660896,90.36211143691044,92.15874371485377,89.76992817136721,90.82362474715187,89.4508232336368,0.3256234489614229,0.340779107264971,-0.015155658303548092
2024-10-14,91.67102941070773,92.86544479346618,91.02405536094602,92.82563018798828,141000,FSS,92.09653993827706,90.6258989217597,92.86544479346618,90.6258989217597,90.81743210628429,89.50893845746603,0.4456541776751948,0.3617541213470158,0.08390005632817898
2024-10-15,92.49716660514953,94.0498982699189,92.49716660514953,92.74600219726562,254500,FSS,92.94755841937089,91.36121943001838,94.0498982699189,91.36121943001838,90.88934701823956,89.57881953014744,0.528264576379911,0.39505621235359484,0.13320836402631614
2024-10-16,93.59203833709657,94.76654259354152,92.83557603789659,93.08441162109375,234900,FSS,93.56964214740711,92.15438892469464,94.76654259354152,92.15438892469464,90.9306098213787,89.65275925217554,0.6139633376490252,0.43883763741268095,0.17512570023634427
2024-10-17,93.61195409694386,93.94041131178379,92.63651522094901,93.71148681640625,158700,FSS,93.47509186152072,92.86201553605088,93.94041131178379,92.63651522094901,90.95884771993641,89.72644933855703,0.724132601088229,0.49589663014779056,0.2282359709404384
2024-10-18,94.21911027961795,94.29873189610184,88.26695969899271,88.35653686523438,555300,FSS,91.28533468498672,93.1685536987858,94.29873189610184,88.26695969899271,90.93444284970892,89.77911167556736,0.3750198330216108,0.47172127072255465,-0.09670143770094386
2024-10-21,88.43616271750687,89.1826694499459,87.16212577582837,87.46073150634766,399100,FSS,88.0604223624072,92.22694419188626,92.22694419188626,87.16212577582837,90.82471336312052,89.81041027542199,0.025764446699014343,0.38252990591784664,-0.3567654592188323
2024-10-22,86.75404466979035,86.86352534420956,84.50456878586958,84.58419799804688,432300,FSS,85.6765841994791,90.14368327714672,90.14368327714672,84.50456878586958,90.67918669556828,89.80382887381839,-0.47762936315264426,0.21049805210374847,-0.6881274152563928
2024-10-23,84.0467090630261,84.99228124222017,83.7580588750746,84.35526275634766,371600,FSS,84.28807798416713,87.91013373831291,87.91013373831291,83.7580588750746,90.5045976428865,89.75078081370613,-0.8848457934209506,-0.00857071700119135,-0.8762750764197592
2024-10-24,85.00223752868911,85.05200008947529,83.84763676687425,84.55432891845703,386100,FSS,84.61405082587392,86.09910586124002,86.09910586124002,83.84763676687425,90.33667722609353,89.7075785615461,-1.1779263706603729,-0.24244184773302765,-0.9354845229273452
2024-10-25,85.40037830436262,85.53972562852465,84.53442770947603,84.9624252319336,287800,FSS,85.10923921857423,85.35657834355698,85.53972562852465,84.53442770947603,90.13596400213329,89.70327650736371,-1.361569551517519,-0.46626738848992594,-0.895302163027593
2024-10-28,85.76865080148715,86.55497219056127,85.10177323143962,85.3506088256836,385000,FSS,85.69400126229291,85.2329087810656,86.55497219056127,85.10177323143962,89.94878984796092,89.69970251997391,-1.4589668617871467,-0.6648072831493701,-0.7941595786377766
2024-10-29,84.49460771202436,85.0022344141438,84.00689210857738,84.13628387451172,340200,FSS,84.41000452731431,85.46345502167927,85.46345502167927,84.00689210857738,89.74225628205699,89.67864107112881,-1.6155181196498631,-0.8549494504494688,-0.7605686692003943
2024-10-30,84.14625177382217,85.48996256477871,84.05666700436628,84.3851318359375,415400,FSS,84.51950329472616,84.9367297744968,85.48996256477871,84.05666700436628,89.57319770352942,89.66931141839088,-1.6999106567260185,-1.0239416917047788,-0.6759689650212397
2024-10-31,83.18075570592543,84.85293107365325,79.62738399873619,81.19007110595703,500300,FSS,82.21278547106797,84.72811653461147,84.85293107365325,79.62738399873619,89.3676594068655,89.64854556008169,-2.0015346040436413,-1.2194602741725513,-0.7820743298710899
2024-11-01,82.30486362427033,83.27034694544832,81.12040376502806,81.45881652832031,570800,FSS,82.03860771576676,83.47045100283972,83.47045100283972,81.12040376502806,89.15704499193698,89.63016335698335,-2.1936017700550394,-1.414288573349049,-0.7793131967059905
2024-11-04,81.13035981262468,81.75742278049627,80.52320035112658,81.18012237548828,898300,FSS,81.14777632993395,82.75452935930323,82.75452935930323,80.52320035112658,88.91925770388578,89.57891520793048,-2.341315444847666,-1.5996939476487724,-0.7416214971988937
2024-11-05,80.53315572112983,84.28559315756992,80.53315572112983,84.2159194946289,744900,FSS,82.39195602361463,81.95115284461859,84.28559315756992,80.53315572112983,88.69445970932752,89.55338001636619,-2.1881920244848345,-1.717393563015985,-0.4707984614688496
2024-11-06,89.78983140581649,91.70088687238005,88.54565348323196,89.95903778076172,586100,FSS,89.99885238554755,82.17155443411662,91.70088687238005,82.17155443411662,88.65051526511168,89.62121110745304,-1.5851463814380082,-1.6909441267003897,0.1057977452623815
2024-11-07,89.90927493040034,89.98890413971536,88.09775218471012,88.24705505371094,1137800,FSS,89.06074657713418,86.08520340983208,89.98890413971536,86.08520340983208,88.58696272951914,89.67198169574868,-1.231178800223745,-1.5989910614050609,0.36781226118131594
2024-11-08,88.81440533650958,90.52638787878986,87.85886995375152,89.92918395996094,398200,FSS,89.28221178225297,87.57297499348313,90.52638787878986,87.57297499348313,88.5085297625583,89.72126387347957,-0.8056363232726937,-1.4403201137785875,0.6346837905058937
2024-11-11,91.23308505083551,92.21847186838772,89.83960421755239,90.46666717529297,286500,FSS,90.93945707801714,88.42759338786806,92.21847186838772,88.42759338786806,88.45766787599449,89.79109493054968,-0.42017690309056377,-1.2362914716409827,0.816114568550419
2024-11-12,90.18797441425721,91.68098799675498,89.9291832670102,90.77522277832031,848400,FSS,90.64334211408568,89.6835252329426,91.68098799675498,89.6835252329426,88.45901163630366,89.86281107624906,-0.08877631891046178,-1.0067884410948786,0.9180121221844169
2024-11-13,91.45205353862772,92.01939838153505,90.60601404921991,91.9795913696289,485000,FSS,91.51426433475291,90.16343367351413,92.01939838153505,90.16343367351413,88.53630000240517,89.93240067645121,0.2679546967072355,-0.7518398135344558,1.0197945102416912
2024-11-14,92.43745011182432,92.55688633806143,89.55095567395793,90.2974624633789,621900,FSS,91.21068864680564,90.83884900413352,92.55688633806143,89.55095567395793,88.64424487729269,90.00335346561934,0.41020427258482073,-0.5194309963106005,0.9296352688954213
2024-11-15,90.63632633100217,90.63632633100217,87.80580599396953,89.01176452636719,446800,FSS,89.52255579558526,91.02476882546958,91.02476882546958,87.80580599396953,88.75674793427144,90.06450789838455,0.41441587953544,-0.3326616211413924,0.7470775006768324
2024-11-18,89.201132349476,90.65625605410348,88.89216996677057,90.22769165039062,399300,FSS,89.74431250518516,90.27366231052741,90.65625605410348,88.89216996677057,88.88508261621062,90.1280786922159,0.5099899190395405,-0.16413131310520584,0.6741212321447463
2024-11-19,88.95196646707747,91.12468707261489,88.95196646707747,91.04495239257812,294100,FSS,90.01839309983698,90.0089874078563,91.12468707261489,88.95196646707747,89.02939985019528,90.19086124693702,0.6442526027111057,-0.00245452994194353,0.6467071326530492
2024-11-20,91.23431796598905,91.42368592513479,90.00842200527929,91.35391998291016,451600,FSS,91.00508646982831,90.01369025384665,91.42368592513479,90.00842200527929,89.18822543942373,90.27317825941651,0.7667492412527821,0.1513862242970016,0.6153630169557804
2024-11-21,92.17118224166936,94.57313050583328,91.66288317013158,94.50336456298828,346100,FSS,93.22764012015563,90.50938836183748,94.57313050583328,90.50938836183748,89.34840376684315,90.38159781023307,1.105222252295917,0.3421534298967847,0.7630688223991322
2024-11-22,94.89205842236484,95.76911704631011,94.70269046790958,95.54985809326172,538200,FSS,95.22843100746157,91.86851424099655,95.76911704631011,91.86851424099655,89.51913571417535,90.49953757905578,1.4412934998039901,0.5619814438782258,0.8793120559257643
2024-11-25,96.70598012225298,98.66940278830356,95.96845338202309,97.21427917480469,456600,FSS,97.13952886684608,93.54847262422905,98.66940278830356,93.54847262422905,89.72933387347803,90.63730909945228,1.8209465178914854,0.8137744586808777,1.0071720592106077
2024-11-26,96.58638409089853,97.60297457501548,96.04818644498354,97.3936767578125,254400,FSS,96.90780546717752,95.34400074553756,97.60297457501548,95.34400074553756,89.91220361087417,90.76960710735548,2.111954854719727,1.0734105378886476,1.0385443168310793
2024-11-27,97.68271711952474,98.27074328134053,96.67608768565958,97.55314636230469,312800,FSS,97.54567361220738,96.12590310635754,98.27074328134053,96.12590310635754,90.07896587222163,90.91658450313344,2.3286061998327483,1.3244496702774677,1.0041565295552806
2024-11-29,98.41026967189134,99.0082645363681,97.084716796875,97.084716796875,264800,FSS,97.89699195050235,96.83578835928246,99.0082645363681,96.83578835928246,90.21323948280394,91.0565625671383,2.4344428587350677,1.546448307968988,0.8879945507660798
2024-12-02,97.18438426789977,98.83883702958839,97.04485238211583,97.78237915039062,361100,FSS,97.71261320749866,97.3663901548924,98.83883702958839,97.04485238211583,90.3484538107386,91.1621153880694,2.5452743563465674,1.746213517644504,0.7990608387020635
2024-12-03,97.87207719238138,98.13121110213847,96.95515117806264,98.00164794921875,218100,FSS,97.74002185545031,97.53950168119553,98.13121110213847,96.95515117806264,90.47366571205919,91.2391879436948,2.620593703312281,1.9210895547780595,0.6995041485342213
2024-12-04,98.21094301033786,99.55643338961649,97.60297939532973,99.3670654296875,213500,FSS,98.68435530624289,97.63976176832293,99.55643338961649,97.60297939532973,90.603680089643,91.30162186969666,2.758662464154014,2.0886041366532506,0.6700583275007634
2024-12-05,99.0580989171772,99.24746686919357,97.1744109441124,97.26410675048828,266900,FSS,98.18602087024286,98.16205853728292,99.24746686919357,97.1744109441124,90.71287870684813,91.3191098582508,2.6676408583342948,2.2044114809894597,0.46322937734483505
2024-12-06,97.70264499777166,98.01160737454012,96.84551620681638,97.49334716796875,241000,FSS,97.51327893677423,98.17403970376289,98.17403970376289,96.84551620681638,90.7971261548499,91.3333745958729,2.584214153649654,2.2803720155214986,0.3038421381281555
2024-12-09,98.58967008312551,98.94846852693125,96.9551472186404,97.88204193115234,283200,FSS,98.09383193996237,97.84365932026856,98.94846852693125,96.9551472186404,90.89766292302451,91.38277067785322,2.520408606545004,2.3283793337262,0.19202927281880422
2024-12-10,98.00164464377546,98.93850049466869,96.65615427189722,97.06478118896484,373900,FSS,97.66527014982655,97.96874563011546,98.93850049466869,96.65615427189722,90.99346041851473,91.43854288235501,2.3765013112139286,2.338003729223746,0.03849758199018272
2024-12-11,98.2508117215426,98.69930598625953,96.96511853105852,97.04485321044922,560900,FSS,97.74002236232747,97.81700788997101,98.69930598625953,96.96511853105852,91.10856974329849,91.480672998809,2.2350810979394566,2.3174192029668883,-0.08233810502743166
2024-12-12,97.02491186172145,98.06143984063019,96.78571543702473,97.0049819946289,341900,FSS,97.21926228350132,97.77851512614924,98.06143984063019,96.78571543702473,91.20764015894785,91.49428396479121,2.0956301660727803,2.273061395588067,-0.17743122951528667
2024-12-13,96.78571221720372,97.03487736911622,94.87212567545582,96.1478500366211,215600,FSS,96.21014132459922,97.49888870482528,97.49888870482528,94.87212567545582,91.31315332982278,91.50364400578293,1.894116713788307,2.197272459228115,-0.30315574543980794
2024-12-16,96.30732015460215,97.69267791139168,94.92196239781262,97.31394958496094,269600,FSS,96.55897751219186,96.85451501471225,97.69267791139168,94.92196239781262,91.42459826404286,91.51152195434067,1.8076726144154804,2.1193524902655883,-0.3116798758501078
2024-12-17,96.84551692288237,97.26411258558325,95.28075995180926,95.38042449951172,352600,FSS,96.19270348994665,96.70674626345206,97.26411258558325,95.28075995180926,91.53757625851387,91.48521844611196,1.5651041808605726,2.0085028283845854,-0.4433986475240128
2024-12-18,96.15782541825274,97.16444722673701,91.69278224163217,92.2309799194336,361800,FSS,94.31150870151389,96.44972487669935,97.16444722673701,91.69278224163217,91.59944339169691,91.44842858430769,1.105983997973894,1.8279990623024471,-0.7220150643285532
2024-12-19,93.12797585831814,94.07480045752395,91.21438158430527,91.46354675292969,368200,FSS,92.47017616326926,95.38061678910663,95.38061678910663,91.21438158430527,91.62309038743959,91.38823012004441,0.6724509069543956,1.596889431232837,-0.9244385242784414
2024-12-20,90.37719127421174,93.05821095172483,89.71939157183643,91.49345397949219,750000,FSS,91.16206194431629,93.92539647618794,93.92539647618794,89.71939157183643,91.65546181068872,91.30423891780492,0.32751073226940264,1.3430136914401503,-1.0155029591707476
2024-12-23,91.03498072143358,91.1346528702247,90.00842146179089,90.3472900390625,235200,FSS,90.63133627312791,92.54372921025211,92.54372921025211,90.00842146179089,91.6502948080191,91.23695977758548,-0.03790573866928071,1.066829805418264,-1.1047355440875448
2024-12-24,91.49344996285868,93.35720049660017,90.58648512890022,93.2774658203125,162300,FSS,92.17865035216789,91.58753274169001,93.35720049660017,90.58648512890022,91.65193701629693,91.23468456129059,-0.09002250413497848,0.8354593435076156,-0.9254818476425941
2024-12-26,92.52001549795762,93.88543580361478,91.61305060233276,93.69607543945312,193300,FSS,92.92864433583956,91.88309154692895,93.88543580361478,91.61305060233276,91.65155873462629,91.27045287643291,-0.09643547037597955,0.6490803807308967,-0.7455158511068762
2024-12-27,92.77913508241181,93.486770826388,90.92535329251707,92.35057830810547,497600,FSS,92.38545937735559,92.40586794138426,93.486770826388,90.92535329251707,91.62787507922525,91.27924245030198,-0.20769399890164664,0.477725504804388,-0.6854195037060347
2024-12-30,91.45358435442047,92.33064299842134,90.1479537182469,91.88214874267578,452700,FSS,91.45358245344113,92.39566365936992,92.39566365936992,90.1479537182469,91.58744489106365,91.27314630550005,-0.3298630791893373,0.316207788005643,-0.6460708671949803
2024-12-31,92.31071724148487,92.87881353922108,91.49345576747983,92.08148193359375,371400,FSS,92.19111712044489,91.92462305640552,92.87881353922108,91.49345576747983,91.60556053977284,91.27000169474087,-0.4059192484675549,0.1717823807110034,-0.5777016291785583
2025-01-02,92.75920939229512,93.12797658213573,90.56655893292528,91.94194793701172,319000,FSS,92.09892321109196,92.0578700884252,93.12797658213573,90.56655893292528,91.68633055674653,91.25552195993352,-0.4720124720058436,0.04302341016763401,-0.5150358821734776
2025-01-03,92.19110900611521,95.67942123877903,91.64294261370115,95.54985809326172,332800,FSS,93.76583273796427,92.07839664975859,95.67942123877903,91.64294261370115,91.84811552751621,91.26365111154226,-0.23060535579503494,-0.011702343024899779,-0.21890301277013516
2025-01-06,95.53989370552418,96.60632033245464,92.96850731777566,93.31733703613281,395800,FSS,94.60801459797183,92.92211469386143,96.60632033245464,92.92211469386143,92.05451425979233,91.2795559513394,-0.21693359288464364,-0.05274859299684855,-0.16418499988779509
2025-01-07,93.2176682317643,93.59640414061484,91.09478381077535,91.74261474609375,443500,FSS,92.41286773231207,93.76506464591662,93.76506464591662,91.09478381077535,92.2104905979211,91.27358391200731,-0.32936879217011494,-0.10807263283150183,-0.22129615933861313
2025-01-08,91.0947849786782,92.5997446900663,89.75925575293901,92.5399398803711,294000,FSS,91.49843132551365,93.08896618911434,93.08896618911434,89.75925575293901,92.33827444005986,91.23711922109658,-0.35010127329563545,-0.15647836092432857,-0.19362291237130688
2025-01-10,90.76588548177834,92.99840321828479,90.21771908035343,92.77913665771484,367100,FSS,91.69028610953285,92.29369875731399,92.99840321828479,90.21771908035343,92.45820013700468,91.20349499248282,-0.34327368768512656,-0.19383742627648817,-0.1494362614086384
2025-01-13,91.66288425253592,94.66283503813047,91.53331349720985,94.61299896240234,298500,FSS,93.11800793756964,91.99199243342342,94.66283503813047,91.53331349720985,92.63236020520979,91.1873082436334,-0.18772147878232204,-0.19261423677765496,0.004892757995332925
2025-01-14,95.72925822587469,97.32391374095685,95.2707876366161,96.79568481445312,284200,FSS,96.27991110447519,92.55500018549654,97.32391374095685,92.55500018549654,92.86756836140475,91.22038303246708,0.11040657597784787,-0.1320100742265544,0.24241665020440226
2025-01-15,98.5896706562293,98.77903861487128,94.81232584259027,95.68939208984375,366600,FSS,96.96760680088366,94.41745564498586,98.77903861487128,94.41745564498586,93.16266478800105,91.26516209743328,0.25447322118033355,-0.05471341514517681,0.30918663632551036
2025-01-16,96.26744932375895,98.21094216956104,95.59968850771828,97.51327514648438,595300,FSS,96.89783878688065,95.69253122293476,98.21094216956104,95.59968850771828,93.45984940942336,91.30844720068016,0.5099409138638009,0.058217450656618736,0.45172346320718215
2025-01-17,99.03817137340788,99.03817137340788,95.80898539762504,96.87541198730469,1096300,FSS,97.69018503293637,96.29518500490771,99.03817137340788,95.80898539762504,93.7906975834834,91.35497764368459,0.6533987012582969,0.17725370077695438,0.47614500048134256
2025-01-21,97.91194283150418,99.47669979107044,97.5930117188511,98.78900909423828,318400,FSS,98.442665858916,96.99268501892203,99.47669979107044,96.99268501892203,94.11171178018941,91.40308574475847,0.9109998856531547,0.32400293775219446,0.5869969479009602
2025-01-22,99.16773853389998,99.4667397821019,97.76244331283561,98.89864349365234,268800,FSS,98.82389128062246,97.71767543891902,99.4667397821019,97.71767543891902,94.28821255809093,91.4693639116013,1.1111881743983645,0.4814399850814285,0.629748189316936
2025-01-23,98.61957040660384,101.43015319616966,98.2906781639753,100.98165893554688,452800,FSS,99.83051517557392,98.27078335977075,101.43015319616966,98.27078335977075,94.50360793005973,91.54528532978944,1.4215342116644223,0.6694588303980272,0.7520753812663951
2025-01-24,100.87202942392017,101.3803285144988,98.1112826063024,98.95844268798828,330000,FSS,99.83052080817741,99.05064926767233,101.3803285144988,98.1112826063024,94.71457411057821,91.61155193656825,1.4870868283876888,0.8329844299959596,0.6541023983917292
2025-01-27,98.09134133260407,98.71924242131459,96.37708376329513,97.01494598388672,292900,FSS,97.55065337527512,99.44058503792488,99.44058503792488,96.37708376329513,94.84679803652338,91.65223295625894,1.3664620835743193,0.9396799607116315,0.4267821228626878
2025-01-28,97.18438648360114,98.18104717844787,96.52658677512183,98.00164794921875,227400,FSS,97.4734170965974,98.4956192066,98.4956192066,96.52658677512183,94.98339953617361,91.72120558623863,1.3350945675381922,1.0187628820769437,0.31633168546124857
2025-01-29,97.59301024777224,99.06807137400668,96.7358814697026,97.14451599121094,203400,FSS,97.63536977067312,97.9845181515987,99.06807137400668,96.7358814697026,95.105821644892,91.82106082364858,1.2269289265002783,1.0603960909616106,0.1665328355386677
2025-01-30,98.23087558095088,99.73583535819563,98.14117976835895,98.60961151123047,181200,FSS,98.67937555468399,97.80994396113591,99.73583535819563,97.80994396113591,95.25519538304958,91.94972013017113,1.2450753868111661,1.0973319501315217,0.1477434366796444
2025-01-31,99.1577645667909,99.40692972584178,97.64284374548512,97.98170471191406,297700,FSS,98.54731068750797,98.24465975790994,99.40692972584178,97.64284374548512,95.43569048088803,92.09621920757974,1.1950143744390544,1.1168684349930285,0.07814593944602599
2025-02-03,96.03822110860563,97.16444490881815,94.14456434757149,96.50665283203125,707300,FSS,95.96347079925663,98.39598522270896,98.39598522270896,94.14456434757149,95.56007364676945,92.22257813149002,1.0245064298897546,1.0983960339723737,-0.07388960408261913
2025-02-04,96.54652116492638,97.2142819842149,96.12791790747741,96.53655242919922,535100,FSS,96.60631837145448,97.17972801098279,97.2142819842149,96.12791790747741,95.69183215220181,92.36061600119854,0.881627450545281,1.0550423172869552,-0.17341486674167417
2025-02-05,97.46344269688016,97.80230365694679,96.39701614032185,97.3936767578125,223600,FSS,97.26410981299033,96.89302319121863,97.80230365694679,96.39701614032185,95.81701261906504,92.5026190292444,0.8280127841044163,1.0096364106504474,-0.18162362654603115
2025-02-06,97.94184620020975,98.57971606046667,95.99836082603893,97.48338317871094,344000,FSS,97.50082656635658,97.07856650210448,98.57971606046667,95.99836082603893,95.90247634798905,92.62544005741611,0.7837270159491396,0.9644545317101859,-0.1807275157610463
2025-02-07,97.69267314662383,97.90197857366984,96.43688620785157,97.32391357421875,270500,FSS,97.33886287559099,97.28969653423053,97.90197857366984,96.43688620785157,95.94468498535166,92.73191034976351,0.7273776050309806,0.9170391463743449,-0.18966154134336433
2025-02-10,97.60297998179718,97.95180969645914,95.26082892173257,97.1744155883789,321100,FSS,96.99750854709195,97.31427970491076,97.95180969645914,95.26082892173257,95.94184457895658,92.83558922621731,0.6630142374351635,0.8662341645865087,-0.20321992715134518
2025-02-11,96.58638709057632,98.87870201964687,95.91861867714178,98.77903747558594,369400,FSS,97.54068631573773,97.15589412600136,98.87870201964687,95.91861867714178,95.95450219592777,92.93335290340097,0.733035404965662,0.8395944126623394,-0.10655900769667737
2025-02-12,96.16779261130708,97.96178498371403,95.55982895198684,96.37709045410156,426400,FSS,96.51662425027737,97.34829022086954,97.96178498371403,95.55982895198684,95.93392120868917,93.00644354045541,0.587933304821675,0.7892621910942066,-0.20132888627253154
2025-02-13,96.62624858576876,96.96511716645146,95.5996893157926,96.77574920654297,339500,FSS,96.49170106863895,96.93245723557345,96.96511716645146,95.5996893157926,95.90581539105192,93.05952743692792,0.4993510663871348,0.7312799661527922,-0.23192889976565745
2025-02-14,97.4734162355168,97.96177783305627,96.11795712062087,96.77574920654297,260800,FSS,97.08222509893423,96.7120791521062,97.96177783305627,96.11795712062087,95.89320762888063,93.12083071980962,0.4242584172844346,0.6698756563791207,-0.24561723909468614
2025-02-18,97.33388360395375,98.5697406919678,97.08471843921366,98.20097351074219,354700,FSS,97.79732906146934,96.89715212552022,98.5697406919678,96.89715212552022,95.894353773001,93.1840097425301,0.47428339832488575,0.6307572047682738,-0.15647380644338804
2025-02-19,97.15448728828224,100.0248673345667,96.24752241160934,98.89864349365234,436900,FSS,98.08138013202765,97.34724059349477,100.0248673345667,96.24752241160934,95.88229426951669,93.24298717957986,0.5637264060579525,0.6173510450262095,-0.05362463896825698
2025-02-20,98.659435358614,99.05810113836387,95.79902416703712,96.79568481445312,363500,FSS,97.57806136961702,97.71431036276121,99.05810113836387,95.79902416703712,95.87013507950418,93.29150689317616,0.4596212165559166,0.585805079332151,-0.1261838627762344
2025-02-21,98.09134275022316,98.19100729789642,93.29740729070564,93.3970718383789,389300,FSS,95.74420729430103,97.64618586618911,98.19100729789642,93.29740729070564,95.83475364665472,93.31593990075231,0.10170504758337984,0.4889850729823968,-0.38728002539901696
2025-02-24,93.61633497925945,93.84557027404378,90.46688368141444,90.47685241699219,604700,FSS,92.10141033792746,96.69519658024507,96.69519658024507,90.46688368141444,95.71490521461402,93.30628406881925,-0.41282461183716634,0.3086231360184842,-0.7214477478556505
2025-02-25,90.34729589788196,91.34395661908547,89.06160265505929,90.44696044921875,744900,FSS,90.29995390531137,94.39830345908626,94.39830345908626,89.06160265505929,95.5675988897237,93.28052965411922,-0.8136261303299221,0.08417328274880291,-0.897799413078725
2025-02-26,88.31409970782927,89.00179798104064,79.62321773115536,79.71292114257812,1208100,FSS,84.16300914065084,92.34912868219882,92.34912868219882,79.62321773115536,95.29605862529019,93.20231418429434,-1.9746489612419538,-0.3275911660493484,-1.6470577951926053
2025-02-27,79.32422174375684,84.55669043726854,78.97539201830627,81.39727783203125,940900,FSS,81.06339550784072,88.25606891142483,88.25606891142483,78.97539201830627,94.97294128977695,93.0902907243624,-2.727414475062915,-0.8075558278520617,-1.919858647210853
2025-02-28,82.04510341543603,82.15473669392864,78.80595634195842,81.00857543945312,800300,FSS,81.00359297269407,84.65973220963278,84.65973220963278,78.80595634195842,94.66881032273886,92.99098182628082,-3.317113977606212,-1.3094674578028918,-2.00764651980332
2025-03-03,81.53680354660705,82.84243414000163,79.6331857010897,79.84248352050781,744500,FSS,80.96372672705155,82.83166259116342,82.84243414000163,79.6331857010897,94.35690530703607,92.89075178553946,-3.8343489662656225,-1.814443759495438,-2.0199052067701846
2025-03-04,78.68636192157615,81.24777970425006,77.44053600385698,79.79265594482422,802900,FSS,79.29183339362686,81.89769465910749,81.89769465910749,77.44053600385698,94.01888790510968,92.77823208181178,-4.199868619073072,-2.291528731410965,-1.9083398876621072
2025-03-05,79.56342280340792,81.2477741585315,79.51358672853362,80.61988067626953,578200,FSS,80.23616609168565,80.59476402636717,81.2477741585315,79.51358672853362,93.7373810529131,92.66841222230501,-4.3723932275211865,-2.7077016306330095,-1.664691596888177
2025-03-06,79.77271684000776,80.18134373967266,78.73618888400148,79.36408233642578,557000,FSS,79.51358295002692,80.41546505902642,80.41546505902642,78.73618888400148,93.47824918864826,92.55066978804392,-4.557911882588911,-3.07774368102419,-1.4801682015647213
2025-03-07,79.22455942068405,80.5401512821546,78.22789868914825,80.32088470458984,730600,FSS,79.57837352414418,79.96452400452667,80.5401512821546,78.22789868914825,93.24657542024481,92.45101861546677,-4.574993125622171,-3.3771935699437865,-1.197799555678385
2025-03-10,79.20462376822283,81.81586982766488,79.20462376822283,80.2212142944336,882600,FSS,80.11158291463605,79.77144876433542,81.81586982766488,79.20462376822283,93.03618035307495,92.34323758054703,-4.544190108004031,-3.6105928775558356,-0.9335972304481954
2025-03-11,80.48034594415496,81.3175372242201,79.12488687783477,80.00194549560547,594300,FSS,80.23117888545383,79.94151583948573,81.3175372242201,79.12488687783477,92.79723092374068,92.2245839700188,-4.485762575497432,-3.785626817144155,-0.700135758353277
2025-03-12,80.47038395459401,80.66972065983221,78.01859950954767,78.67639923095703,712100,FSS,79.45877583873272,80.08634736246978,80.66972065983221,78.01859950954767,92.52783355379853,92.08969614421241,-4.494607799625214,-3.927423013640367,-0.5671847859848471
2025-03-13,78.09832999633784,78.19799454164423,74.93891752622903,75.19804382324219,639700,FSS,76.60832147186332,79.77256160060125,79.77256160060125,74.93891752622903,92.21229079568872,91.920082937457,-4.727792861883486,-4.087496983288991,-0.640295878594495
2025-03-14,75.94693164783294,77.21504801345263,75.088209459193,77.06526947021484,658500,FSS,76.32886464767336,78.19044153623229,78.19044153623229,75.088209459193,91.90979643957334,91.7486206653185,-4.707657256636352,-4.211529037958464,-0.4961282186778888
2025-03-17,76.65587427615517,78.77272553463148,76.33635027657886,78.25350189208984,471800,FSS,77.50461299486383,77.25965309195283,78.77272553463148,76.33635027657886,91.61606635706174,91.61081344841729,-4.543445210248862,-4.277912272416543,-0.2655329378323188
2025-03-18,77.67436478423465,78.28345861852455,77.18509531044637,77.41474914550781,285300,FSS,77.63941696467835,77.38213304340833,78.28345861852455,77.18509531044637,91.32687623213346,91.50660339443999,-4.42992094616551,-4.308314007166337,-0.12160693899917252
2025-03-19,77.36482427440592,78.45320026159033,76.1965577660579,77.70431518554688,784000,FSS,77.42972437190025,77.51077500404334,78.45320026159033,76.1965577660579,91.00015406481218,91.4241347961642,-4.267394719588083,-4.300130149650687,0.03273543006260393
2025-03-20,76.86556752749055,77.41474534554618,75.5774842830247,75.76719665527344,602400,FSS,76.40624845283372,77.4702496879718,77.4702496879718,75.5774842830247,90.63611874190941,91.34531650085087,-4.245956051954209,-4.289295330111392,0.04333927815718219
2025-03-21,74.78866291314453,75.87703897496473,74.11966069433467,75.24797821044922,2103800,FSS,75.00833519822328,76.93824907040276,76.93824907040276,74.11966069433467,90.28802809122764,91.24925934457437,-4.222191546677706,-4.275874573424654,0.05368302674694814
2025-03-24,76.42622183112705,78.09373749601775,76.21653491680426,78.02384185791016,356300,FSS,77.19008402546481,75.97329213431303,78.09373749601775,75.97329213431303,90.00186114522667,91.17006779264325,-3.934020072983529,-4.207503673336429,0.2734836003529004
2025-03-25,77.76422697318841,79.81118265160079,77.74426005555927,78.97242736816406,512700,FSS,78.57302426212813,76.58168807988892,79.81118265160079,76.58168807988892,89.73951590827858,91.09885802264162,-3.587741925277143,-4.083551323724572,0.4958093984474292
2025-03-26,78.96244434954136,79.88107488235573,78.87257417891118,79.25201416015625,591500,FSS,79.24202689274114,77.57735617100852,79.88107488235573,77.57735617100852,89.461996287382,91.0471782462959,-3.2532522144619094,-3.91749150187204,0.6642392874101306
2025-03-27,79.26199783222016,80.85962550539237,78.57302870666932,78.76274108886719,845100,FSS,79.36434828328726,78.40969153187483,80.85962550539237,78.40969153187483,89.12368503095824,90.9956266961815,-2.993143857379465,-3.7326219729735253,0.7394781155940602
2025-03-28,78.27347234207903,79.25201892010358,74.58895510405803,75.06824493408203,427400,FSS,76.79567282508067,78.88701990758105,79.25201892010358,74.58895510405803,88.72024635144219,90.94145556972163,-3.0499629989942463,-3.5960901781776697,0.5461271791834235
2025-03-31,74.02978546877328,74.37926364744725,72.94140948118111,73.44066619873047,837800,FSS,73.69778119903303,77.84134636633087,77.84134636633087,72.94140948118111,88.25624519968524,90.85804730455429,-3.1895573481051684,-3.5147836121631695,0.32522626405800104
2025-04-01,73.03127480611015,74.96839338151605,72.5919264402111,74.91846466064453,675100,FSS,73.87751482212045,75.76956378268196,75.76956378268196,72.5919264402111,87.77999179546892,90.78534468947618,-3.1446908514655263,-3.440765060023641,0.2960742085581147
2025-04-02,73.5604819210173,77.21504469974892,73.5604819210173,76.95542907714844,398900,FSS,75.32285940473298,74.8235393024012,77.21504469974892,73.5604819210173,87.31759566638524,90.71465372328734,-2.9112092171525035,-3.3348538914494137,0.4236446742969102
2025-04-03,73.05124766423336,74.20951930493405,72.29237530912066,72.83157348632812,646300,FSS,73.09617894115405,75.07319935356709,75.07319935356709,72.29237530912066,86.80304141959589,90.5456269888434,-3.0240743745265206,-3.2726979880648353,0.24862361353831464
2025-04-04,69.51650983114388,72.18253894114324,67.49950837573418,71.26390838623047,880900,FSS,70.11561638356294,74.08468914736056,74.08468914736056,67.49950837573418,86.20874344375565,90.35617568690768,-3.2030950115136534,-3.258777392754599,0.05568238124094549
2025-04-07,67.97879569734896,73.24095808702903,66.37118847613746,70.55496215820312,1150100,FSS,69.53647610467965,72.10015276546176,73.24095808702903,66.37118847613746,85.60286254968571,90.15871833013196,-3.3634049531380725,-3.279702904831294,-0.08370204830677874
2025-04-08,72.60191304218088,73.36078540775982,67.88892827393246,69.12709045410156,752800,FSS,70.7446792944937,70.8183144350707,73.36078540775982,67.88892827393246,85.06674306807007,89.95677055229673,-3.56457880455973,-3.3366780847769815,-0.2279007197827485
2025-04-09,69.14705768236934,77.60446797807616,69.14705768236934,76.47614288330078,803500,FSS,73.0936815565289,70.7814968647822,77.60446797807616,69.14705768236934,84.57914835726869,89.78127394672116,-3.095322468107142,-3.288406961443014,0.19308449333587197
2025-04-10,75.07823264335332,75.62741049854952,72.78164854183183,74.0896987915039,829900,FSS,74.39424761880964,71.93758921065555,75.62741049854952,71.93758921065555,84.11432591423143,89.61007377956172,-2.8827687705955185,-3.207279323273515,0.32451055267799633
2025-04-11,73.95989009451651,76.63590641476394,73.36078355494979,76.14663696289062,580800,FSS,75.02580425678022,73.1659184147326,76.63590641476394,73.1659184147326,83.64125448827335,89.44822493566147,-2.5192997942510544,-3.069683417469023,0.5503836232179684
2025-04-14,77.03531729898592,77.65439078740756,74.78866194584795,76.04679107666016,484800,FSS,76.38129027722539,74.09586133575641,77.65439078740756,74.09586133575641,83.19793408006771,89.31681228047788,-2.213785598076484,-2.8985038535905154,0.6847182555140314
2025-04-15,76.07674679216159,76.84559884319582,75.04827909537859,75.4277114868164,273700,FSS,75.8495840543881,75.2385758064909,76.84559884319582,75.04827909537859,82.79565634517034,89.1778649959699,-1.99857956438791,-2.7185189957499944,0.7199394313620844
2025-04-16,75.1481276897571,75.99686263602679,73.86004436836048,74.87852478027344,551200,FSS,74.97088986860446,75.5440799304395,75.99686263602679,73.86004436836048,82.36294777511334,89.02738996365757,-1.8510047788075497,-2.5450161523615056,0.6940113735539559
2025-04-17,74.53902954482295,75.7971586076397,74.4092179225476,74.98835754394531,972200,FSS,74.93344090473889,75.25748489952198,75.7971586076397,74.4092179225476,81.91633439694832,88.86667350800668,-1.7055278485151177,-2.377118491592228,0.6715906430771104
2025-04-21,74.05974260163178,74.28940405279177,71.81308728320897,72.59192657470703,406800,FSS,73.1885401280849,75.09546290213044,75.09546290213044,71.81308728320897,81.43008866818288,88.66628250808597,-1.7632822642250687,-2.2543512461187962,0.4910689818937275
2025-04-22,73.30087938954294,74.10967288343225,72.51205281362782,73.52054595947266,558400,FSS,73.36078776151892,74.14200151510767,74.14200151510767,72.51205281362782,80.95052716590143,88.44760607562655,-1.7143591659057051,-2.1463528300761783,0.43199366417047314
2025-04-23,77.11519717102155,79.58151899577415,75.30788264447418,75.34782409667969,649000,FSS,76.83810572698738,73.75139463831329,79.58151899577415,73.75139463831329,80.54733910949935,88.24459184422795,-1.5107264692013018,-2.019227557901203,0.5085010886999011
2025-04-24,75.62741044812668,76.75573558004128,74.93844131257235,76.60595703125,823900,FSS,75.98188609299758,75.29475018265033,76.75573558004128,74.93844131257235,80.11616310504455,88.03533265048617,-1.2336050457298313,-1.8621030554669287,0.6284980097370974
2025-04-25,76.13665088140995,77.01533997859138,74.74871778954063,75.14812469482422,527800,FSS,75.76220833609155,75.63831813782396,77.01533997859138,74.74871778954063,79.70107478676081,87.81749799772498,-1.1187232616339458,-1.7134270967003322,0.5947038350663865
2025-04-28,75.32785765288405,76.14663838310874,73.99983292640586,74.94841766357422,491900,FSS,75.10568665649322,75.70026323695775,76.14663838310874,73.99983292640586,79.2733544985179,87.58958494478492,-1.0318982280217028,-1.5771213229646064,0.5452230949429036
2025-04-29,74.48910169283549,76.02681331683198,74.23947333085007,75.54753112792969,800600,FSS,75.07572986711182,75.4029749467255,76.02681331683198,74.23947333085007,78.83322459388145,87.36321611138105,-0.9043208657498809,-1.4425612315216614,0.5382403657717805
2025-04-30,78.6329359217996,82.07780435305715,77.38479408177103,81.30895233154297,1308400,FSS,79.85112167204268,75.23935240691866,82.07780435305715,75.23935240691866,78.47430044609293,87.18432710954696,-0.33446088914325856,-1.220941163045981,0.8864802739027224
2025-05-01,81.37884432421123,85.33295658211699,80.66990070500101,84.1147689819336,1121600,FSS,82.8741176483157,77.54523703948067,85.33295658211699,77.54523703948067,78.17015519641869,87.02622473296769,0.33964795226509636,-0.9088233399837655,1.2484712922488619
2025-05-02,84.71387510522615,86.89063467092096,84.37438419825358,86.4512939453125,923700,FSS,85.60754697992829,80.20967734389819,86.89063467092096,80.20967734389819,77.93074490862492,86.90043999406454,1.0503147287689245,-0.5169957262332275,1.567310455002152
2025-05-05,85.58258477109784,87.97901851550685,85.1831778773542,87.22014617919922,724900,FSS,86.49123183578952,82.90861216191324,87.97901851550685,82.90861216191324,77.74568539945469,86.79021952305472,1.6564684813965727,-0.08230288470726752,1.7387713661038402
2025-05-06,86.60107390400934,87.49972990453824,85.40285320654917,87.19019317626953,332700,FSS,86.67346254784158,84.69992199885138,87.49972990453824,84.69992199885138,77.63712644365296,86.67601582913349,2.1101087206130558,0.35617943635679716,1.7539292842562586
2025-05-07,88.36844092523073,88.57812783698863,87.2201489263205,88.11881256103516,773800,FSS,88.07138256239375,85.68669227334648,88.57812783698863,85.68669227334648,77.59255501679462,86.58007695325918,2.5155559390618265,0.788054736897803,1.7275012021640235
2025-05-08,88.86769833956981,90.92463363864127,88.68796561123956,89.45681762695312,564800,FSS,89.48427880410094,86.87903741787011,90.92463363864127,86.87903741787011,77.69898041006361,86.4975195176769,2.91128215889907,1.2127002212980564,1.6985819376010134
2025-05-09,89.45681880946557,90.14579554684782,88.81777079318907,89.42686462402344,325100,FSS,89.46181244338148,88.18165811098552,90.14579554684782,88.18165811098552,77.86694874877443,86.41994501927572,3.1857576510290073,1.6073117072442467,1.5784459437847607
2025-05-12,93.46086002353087,94.73895605656907,91.57367015942708,93.49081420898438,462000,FSS,93.31607511212785,88.8217352771835,94.73895605656907,88.8217352771835,78.11319839156312,86.39100435715098,3.688687332255583,2.023586832246514,1.665100500009069
2025-05-13,94.39946535007572,94.74894354460096,93.49081442625679,94.25967407226562,382800,FSS,94.22472434829977,91.06890519465568,94.74894354460096,91.06890519465568,78.37841834398807,86.36766182551206,4.10201778576031,2.439273022949273,1.662744762811037
2025-05-14,94.25967598595071,94.82882837660499,93.40095376593851,93.63060760498047,352700,FSS,94.03001643336867,92.64681477147772,94.82882837660499,92.64681477147772,78.67318200478292,86.3460349549463,4.328923604810953,2.817203139321609,1.511720465489344
2025-05-15,93.26116161120046,94.31958347420331,92.86175469106907,94.04000091552734,323600,FSS,93.62062517300005,93.3384156024232,94.31958347420331,92.86175469106907,78.9408711864092,86.33912611966116,4.490024512261087,3.151767413909505,1.338257098351582
2025-05-16,94.22000122070312,95.44000244140625,93.4800033569336,95.36000061035156,332300,FSS,94.62500190734863,93.47952038771163,95.44000244140625,93.47952038771163,79.24309956555562,86.36067437710194,4.670373922388762,3.4554887156053566,1.2148852067834057
2025-05-19,94.37999725341797,96.1500015258789,94.01000213623047,96.11000061035156,298900,FSS,95.16250038146973,94.05226114753013,96.1500015258789,94.01000213623047,79.55478210270213,86.40067876147349,4.818278743173835,3.7280467211190524,1.0902320220547823
2025-05-20,95.54000091552734,96.4800033569336,94.87999725341797,95.29000091552734,245300,FSS,95.54750061035156,94.60738076449994,96.4800033569336,94.60738076449994,79.86350045661645,86.4498404048457,4.8138363479832975,3.9452046464919017,0.8686317014913958
2025-05-21,94.02999877929688,94.94000244140625,93.05000305175781,93.16999816894531,275000,FSS,93.79750061035156,95.07744068742575,95.07744068742575,93.05000305175781,80.13482689111441,86.46602890742756,4.586380276833353,4.073439772560192,0.5129405042731605
2025-05-22,92.08000183105469,93.45999908447266,92.0199966430664,93.0999984741211,292100,FSS,92.66499900817871,94.43747064888865,94.43747064888865,92.0199966430664,80.39895135450332,86.46339245415095,4.35032349014206,4.128816516076566,0.2215069740654938
2025-05-23,91.4800033569336,92.58999633789062,91.4800033569336,92.05000305175781,368200,FSS,91.9000015258789,93.55123482853368,93.55123482853368,91.4800033569336,80.70478495558363,86.45853787563618,4.032042059581258,4.109461624777505,-0.07741956519624704
2025-05-27,93.61000061035156,95.66999816894531,92.4800033569336,95.45999908447266,512400,FSS,94.30500030517578,92.72561817720629,95.66999816894531,92.4800033569336,81.06430766873369,86.48705205415352,4.008749544690843,4.089319208760173,-0.08056966406932986
2025-05-28,95.0199966430664,95.4800033569336,93.93000030517578,94.01000213623047,255000,FSS,94.61000061035156,93.51530924119103,95.4800033569336,93.51530924119103,81.40641542104343,86.51124088905259,3.829147395618449,4.037284846131828,-0.20813745051337929
2025-05-29,94.47000122070312,94.58000183105469,93.45999908447266,93.87999725341797,182600,FSS,94.09749984741211,94.0626549257713,94.58000183105469,93.45999908447266,81.73557707869811,86.5312266554158,3.634425693920079,3.9567130156894788,-0.3222873217693998
2025-05-30,93.61000061035156,94.81999969482422,93.0199966430664,94.06999969482422,417400,FSS,93.8799991607666,94.08007738659171,94.81999969482422,93.0199966430664,82.06458257447544,86.53236831964381,3.455604889409088,3.856491390433401,-0.400886501024313
2025-06-02,93.77999877929688,94.22000122070312,92.55000305175781,93.98999786376953,444700,FSS,93.63500022888184,93.98003827367916,94.22000122070312,92.55000305175781,82.40915760999641,86.5226381759529,3.2697410943444396,3.7391413312156088,-0.46940023687116916
2025-06-03,94.4800033569336,97.16000366210938,93.5999984741211,97.11000061035156,448800,FSS,95.5875015258789,93.8075192512805,97.16000366210938,93.5999984741211,82.82074093654951,86.55438451388858,3.335748413102678,3.6584627475930227,-0.3227143344903447
2025-06-04,97.55999755859375,98.5,96.76000213623047,98.20999908447266,502400,FSS,97.75749969482422,94.6975103885797,98.5,94.6975103885797,83.2320892499367,86.61697519758168,3.4371984879787334,3.614209895670165,-0.17701140769143153
2025-06-05,98.30999755859375,99.69000244140625,98.0,99.37999725341797,458500,FSS,98.84499931335449,96.22750504170196,99.69000244140625,96.22750504170196,83.63752875096125,86.6885223296199,3.5708449990028583,3.6055369163367037,-0.03469191733384536
2025-06-06,100.69999694824219,101.06999969482422,98.94000244140625,99.26000213623047,605800,FSS,99.99250030517578,97.53625217752823,101.06999969482422,97.53625217752823,84.05253821920992,86.75726725329596,3.6252881535737203,3.6094871637841073,0.015800989789612974
2025-06-09,99.83000183105469,101.16000366210938,99.26000213623047,100.45999908447266,327000,FSS,100.1775016784668,98.76437624135201,101.16000366210938,98.76437624135201,84.46880128711354,86.79624315903588,3.7223554739255036,3.6320608258123865,0.09029464811311705
2025-06-10,100.80999755859375,101.12999725341797,99.5999984741211,100.7300033569336,360700,FSS,100.5674991607666,99.4709389599094,101.12999725341797,99.4709389599094,84.94423781382724,86.8322420826347,3.7775241657487015,3.6611534937996497,0.11637067194905182
2025-06-11,100.70999908447266,102.44000244140625,100.2300033569336,101.20999908447266,443700,FSS,101.14750099182129,100.019219060338,102.44000244140625,100.019219060338,85.49323220968301,86.87473870468412,3.81598904882415,3.69212060480455,0.12386844401960007
2025-06-12,100.69000244140625,101.2699966430664,98.72000122070312,99.22000122070312,336500,FSS,99.97500038146973,100.58336002607965,101.2699966430664,98.72000122070312,86.01518192087,86.89758685816945,3.6438920302056346,3.6824748898847672,-0.038582859679132664
2025-06-13,97.80000305175781,99.79000091552734,97.25,99.63999938964844,581700,FSS,98.6200008392334,100.27918020377469,100.27918020377469,97.25,86.48112474956001,86.89936020797262,3.501036476044831,3.6461872071167805,-0.1451507310719493
2025-06-16,100.6500015258789,101.66000366210938,100.4800033569336,101.38999938964844,259900,FSS,101.04500198364258,99.44959052150404,101.66000366210938,99.44959052150404,87.04010121040977,86.92157131500282,3.4888158968471004,3.614712945062845,-0.12589704821574443
2025-06-17,101.01000213623047,101.91000366210938,100.45999908447266,101.44999694824219,582600,FSS,101.20750045776367,100.2472962525733,101.91000366210938,100.2472962525733,87.66193889189378,86.93534116782472,3.4442689132968525,3.5806241387096467,-0.1363552254127942
2025-06-18,101.0,103.37999725341797,100.76000213623047,102.18000030517578,370100,FSS,101.82999992370605,100.72739835516849,103.37999725341797,100.72739835516849,88.30780936827432,86.95533595898002,3.4283503886946676,3.550169388706651,-0.12181900001198365
2025-06-20,102.8499984741211,103.5,100.2300033569336,101.02999877929688,684900,FSS,101.90250015258789,101.27869913943726,103.5,100.2300033569336,88.9309657854362,86.99885442675313,3.285071076600687,3.4971497262854587,-0.21207864968477175
2025-06-23,100.9800033569336,102.98999786376953,100.43000030517578,102.94000244140625,353100,FSS,101.83500099182129,101.59059964601258,102.98999786376953,100.43000030517578,89.50579217414204,87.04247026570538,3.28774346237509,3.455268473503385,-0.1675250111282951
