Date,Open,High,Low,Close,Volume,Ticker,HA_Close,HA_Open,HA_High,HA_Low,HA_50_MA,HA_100_MA,MACD_Line,Signal_Line,MACD_Hist
2022-01-03,45.52800451119594,45.816436372165086,44.723839665394394,45.02564239501953,2607000,TSCO,45.273480735943735,45.27682345310774,45.816436372165086,44.723839665394394,,,0.0,0.0,0.0
2022-01-04,45.046654559382446,45.76486332153966,44.83653882103895,45.13642883300781,3091500,TSCO,45.196121383742216,45.27515209452574,45.76486332153966,44.83653882103895,,,0.008837664568865478,0.0017675329137730956,0.007070131655092382
2022-01-05,45.19373956710833,45.44205885932035,43.82990347324949,43.88529968261719,3901000,TSCO,44.587750395573835,45.23563673913398,45.44205885932035,43.82990347324949,,,-0.08414412777521818,-0.015414799224025161,-0.06872932855119301
2022-01-06,43.77642028539727,44.475531017863524,43.55102456610624,44.18328094482422,3865500,TSCO,43.99656420354781,44.91169356735391,44.91169356735391,43.55102456610624,,,-0.13226361792258956,-0.03878456296373804,-0.09347905495885152
2022-01-07,44.093500815017606,44.234853135847224,43.02382756516204,43.62360763549805,4260000,TSCO,43.74394728788123,44.45412888545086,44.45412888545086,43.02382756516204,,,-0.213103099347002,-0.07364827024039083,-0.13945482910661117
2022-01-10,43.05056840501085,43.44023635588879,42.14325469847269,43.434505462646484,4900000,TSCO,43.017141230504706,44.09903808666604,44.09903808666604,42.14325469847269,,,-0.28909542366087493,-0.11673770092448765,-0.17235772273638728
2022-01-11,43.4688842425978,43.541469479949455,42.32662585001435,43.13079071044922,5050000,TSCO,43.116942570752705,43.558089658585374,43.558089658585374,42.32662585001435,,,-0.36956699218849565,-0.16730355917728926,-0.2022634330112064
2022-01-12,43.24731274593449,44.08968117627029,43.172814778002575,43.72484588623047,2852500,TSCO,43.55866364660946,43.33751611466904,44.08968117627029,43.172814778002575,,,-0.38101391086219394,-0.21004562951427022,-0.17096828134792372
2022-01-13,44.23867724050926,44.75441399286211,43.92541629321165,44.08395767211914,2729500,TSCO,44.25061629967554,43.44808988063925,44.75441399286211,43.44808988063925,,,-0.3569931615372184,-0.23943513591885987,-0.11755802561835851
2022-01-14,43.917767360301596,44.091588659256416,42.332357537793065,42.39921188354492,4339000,TSCO,43.185231360224,43.84935309015739,44.091588659256416,42.332357537793065,,,-0.46850086344479536,-0.285248281424047,-0.18325258202074834
2022-01-18,41.87583463909066,42.418313016535954,41.15953496526856,42.29606246948242,4760500,TSCO,41.9374362725944,43.5172922251907,43.5172922251907,41.15953496526856,,,-0.5587538496686051,-0.3399493950729586,-0.21880445459564646
2022-01-19,42.542472945353104,42.997086175134854,42.114605099242176,42.14898681640625,3853500,TSCO,42.45078775903409,42.72736424889255,42.997086175134854,42.114605099242176,,,-0.6348298442526641,-0.39892548490889973,-0.23590435934376436
2022-01-20,42.576857650586305,42.926409353545466,40.01918874356977,40.091773986816406,6664500,TSCO,41.40355743362949,42.58907600396332,42.926409353545466,40.01918874356977,,,-0.851307161523664,-0.48940182023185264,-0.3619053412918114
2022-01-21,40.16435706880909,40.689642779942865,39.59513694010714,39.942779541015625,6084500,TSCO,40.09797908246868,41.99631671879641,41.99631671879641,39.59513694010714,,,-1.0230959879790902,-0.5961406537813002,-0.42695533419778997
2022-01-24,39.30862474225925,41.53392761338918,39.113788918550334,41.48235321044922,6947500,TSCO,40.359673621161996,41.047147900632545,41.53392761338918,39.113788918550334,,,-1.0232141662673655,-0.6815553562785133,-0.34165880998885223
2022-01-25,40.880662298181015,41.19201414324715,39.73267282574623,40.56357955932617,4953000,TSCO,40.59223220662514,40.70341076089727,41.19201414324715,39.73267282574623,,,-1.0849386807848944,-0.7622320211797895,-0.3227066596051049
2022-01-26,40.88639130894383,40.88639130894383,39.14052724214824,39.56266784667969,5485000,TSCO,40.118994426678896,40.647821483761206,40.88639130894383,39.14052724214824,,,-1.20077917857202,-0.8499414526582356,-0.3508377259137845
2022-01-27,41.91404640124306,41.91404640124306,39.646718196745745,39.96952819824219,8820000,TSCO,40.86108479936851,40.38340795522005,41.91404640124306,39.646718196745745,,,-1.2453972137099711,-0.9290326048685827,-0.3163646088413884
2022-01-28,40.56930820401107,41.05830315626143,39.56266747544429,41.037288665771484,5930500,TSCO,40.556891875372074,40.62224637729428,41.05830315626143,39.56266747544429,,,-1.1809843297136098,-0.9794229498375882,-0.20156137987602163
2022-01-31,41.01054577186574,41.74785998958467,40.4948127367349,41.700103759765625,5438000,TSCO,41.23833056448773,40.589569126333174,41.74785998958467,40.4948127367349,,,-1.0641857455264585,-0.9963755089753623,-0.06781023655109619
2022-02-01,41.73066979694772,42.55584561697146,41.591230195726624,42.08213424682617,4452000,TSCO,41.98996996411799,40.91394984541046,42.55584561697146,40.91394984541046,,,-0.9300740438989195,-0.9831152159600738,0.05304117206115433
2022-02-02,42.19292449951172,42.85764989371219,41.97325966606221,42.19292449951172,5040000,TSCO,42.30418963969946,41.45195990476422,42.85764989371219,41.45195990476422,,,-0.8055636701144024,-0.9476049067909396,0.14204123667653712
2022-02-03,41.91212931032894,42.689556151181975,41.61797016619356,41.919769287109375,3348000,TSCO,42.03485622870346,41.87807477223184,42.689556151181975,41.61797016619356,,,-0.7206227540917922,-0.9022084762511101,0.1815857221593179
2022-02-04,41.90831043737414,41.912128604055574,40.96470227675892,41.43650817871094,3280500,TSCO,41.55541237422489,41.95646550046765,41.95646550046765,40.96470227675892,,,-0.6844121219338817,-0.8586492053876644,0.17423708345378275
2022-02-07,41.57212569918299,41.967524545543874,41.213021295799464,41.5663948059082,5088500,TSCO,41.57976658660863,41.75593893734627,41.967524545543874,41.213021295799464,,,-0.6378810738065681,-0.8144955790714452,0.1766145052648771
2022-02-08,41.629435706468385,42.571131241229516,41.629435706468385,42.3953971862793,5062000,TSCO,42.05634996011139,41.66785276197745,42.571131241229516,41.629435706468385,,,-0.5280245804144741,-0.757201379340051,0.22917679892557696
2022-02-09,42.78696696249013,43.228209286437306,42.56348399733219,42.87483215332031,3634000,TSCO,42.863373099894986,41.862101361044424,43.228209286437306,41.862101361044424,,,-0.3976917796121029,-0.6852994593944615,0.28760767978235857
2022-02-10,42.309431697219416,43.069665758089045,41.96752001060662,42.13370132446289,4194500,TSCO,42.37007969759449,42.362737230469705,43.069665758089045,41.96752001060662,,,-0.35016863393947517,-0.6182732943034642,0.26810466036398906
2022-02-11,42.040114241847135,42.35719334256918,41.67336617971888,41.91595458984375,3640500,TSCO,41.99665708849474,42.3664084640321,42.3664084640321,41.67336617971888,,,-0.32631498429162065,-0.5598816323010956,0.2335666480094749
2022-02-14,42.022912690288514,42.20628668264729,40.97806857973052,41.62751388549805,3557000,TSCO,41.70869545954109,42.181532776263424,42.20628668264729,40.97806857973052,,,-0.3269170530419174,-0.51328871644926,0.18637166340734257
2022-02-15,41.92740839119797,42.418312368532135,41.71347084794465,41.929317474365234,3685500,TSCO,41.99712727051,41.94511411790226,42.418312368532135,41.71347084794465,,,-0.2995877088991321,-0.47054851493923444,0.17096080604010233
2022-02-16,41.71539131748657,42.019099545436426,40.62088531688662,41.0774040222168,4790500,TSCO,41.3581950505066,41.97112069420613,42.019099545436426,40.62088531688662,,,-0.342720632503962,-0.44498293845217995,0.10226230594821795
2022-02-17,40.895153738335836,41.19824946671094,40.522995491121556,40.952701568603516,4524500,TSCO,40.89227506619296,41.664657872356365,41.664657872356365,40.522995491121556,,,-0.3825563594626047,-0.43249762265426495,0.04994126319166026
2022-02-18,40.93544050030376,41.4073488287898,40.745523138741994,41.08698654174805,5286000,TSCO,41.0438247523959,41.27846646927466,41.4073488287898,40.745523138741994,,,-0.39869487862992514,-0.425737073849397,0.027042195219471876
2022-02-22,40.88939867034257,40.95845753099499,38.34568063077888,38.43584060668945,8873000,TSCO,39.657344359701476,41.16114561083528,41.16114561083528,38.34568063077888,,,-0.6182829112172001,-0.46424624132295766,-0.15403666989424247
2022-02-23,38.725520934592275,38.78115149346795,36.67865372244819,36.79183578491211,7486500,TSCO,37.74429048385513,40.40924498526837,40.40924498526837,36.67865372244819,,,-0.9144245417767394,-0.554281901413714,-0.36014264036302535
2022-02-24,35.87103011176882,37.64741367705048,35.80964403648682,37.48051834106445,8986500,TSCO,36.70215154159264,39.076767734561756,39.076767734561756,35.80964403648682,,,-1.0810859054932678,-0.6596427022296248,-0.42144320326364293
2022-02-25,37.49777813142795,38.531762113870464,37.30018796394258,38.49531173706055,4210000,TSCO,37.95625998657539,37.8894596380772,38.531762113870464,37.30018796394258,,,-1.1183888009695693,-0.7513919219776137,-0.36699687899195554
2022-02-28,38.09821760752895,39.18975307851517,38.01572676818401,39.093833923339844,6712500,TSCO,38.599382844392,37.922859812326294,39.18975307851517,37.922859812326294,,,-1.087124185118526,-0.8185383746057963,-0.2685858105127298
2022-03-01,39.090005248773586,39.780604975496715,39.057393096988974,39.36048889160156,5781500,TSCO,39.32212305321521,38.261121328359145,39.780604975496715,38.261121328359145,,,-1.0289686147172716,-0.8606244226280914,-0.16834419208918028
2022-03-02,39.45448913529442,39.93791226178309,38.976825184115455,39.84391403198242,4496000,TSCO,39.55328515329385,38.79162219078718,39.93791226178309,38.79162219078718,,,-0.9331151667119215,-0.8751225714448574,-0.05799259526706413
2022-03-03,40.06451190511201,41.47449229203928,39.9263905261491,41.1790657043457,5501500,TSCO,40.661115106911524,39.17245367204052,41.47449229203928,39.17245367204052,,,-0.7408746946478431,-0.8482729960854546,0.10739830143761153
2022-03-04,41.244300557499606,42.68305522811006,40.906671653206345,42.57371139526367,7569000,TSCO,41.85193470851992,39.91678438947602,42.68305522811006,39.91678438947602,,,-0.4705621364087733,-0.7727308241501184,0.3021686877413451
2022-03-07,42.502726878278025,45.39366421856846,42.502726878278025,43.63838195800781,12116500,TSCO,43.50937498328308,40.88435954899797,45.39366421856846,40.88435954899797,,,-0.16848527652781087,-0.6518817146256569,0.48339643809784605
2022-03-08,43.42736643125854,44.89873306915817,41.8888582099231,42.067264556884766,9077000,TSCO,43.07055556680615,42.19686726614053,44.89873306915817,41.8888582099231,,,-0.055226614584988454,-0.5325506946175232,0.4773240800325348
2022-03-09,42.495057943866,43.5904281725704,41.9157193199586,43.13386535644531,4911500,TSCO,42.78376769821008,42.63371141647334,43.5904281725704,41.9157193199586,,,0.11922313151276143,-0.4021959293914663,0.5214190609042277
2022-03-10,42.723334848422795,43.99327673778096,42.31664711721384,43.920379638671875,5040000,TSCO,43.23840958552237,42.70873955734171,43.99327673778096,42.31664711721384,,,0.31728349491211816,-0.25830004453074945,0.5755835394428677
2022-03-11,44.12372606385143,44.430660093070756,43.312267806262696,43.454227447509766,4563000,TSCO,43.83022035267366,42.97357457143204,44.430660093070756,42.97357457143204,,,0.43165729719883217,-0.12030857618483312,0.5519658733836653
2022-03-14,43.60002284772286,44.34241859064471,42.932437839993305,43.03602981567383,4704500,TSCO,43.47772727350868,43.40189746205285,44.34241859064471,42.932437839993305,,,0.48298673522915436,0.0003504860979643783,0.48263624913118996
2022-03-15,43.318020747768145,43.75924159012102,42.48738236429744,43.715118408203125,3702000,TSCO,43.31994077759743,43.43981236778076,43.75924159012102,42.48738236429744,41.81144165740263,,0.5718702939420979,0.11465444766679109,0.45721584627530676
2022-03-16,44.02397770608812,44.31173159525159,42.56028720158744,43.569332122802734,4004500,TSCO,43.61633215643247,43.3798765726891,44.31173159525159,42.56028720158744,41.778298685812395,,0.623361694167393,0.21639589696691147,0.4069657972004815
2022-03-17,43.475322376663954,44.66852888565939,43.28157043551938,44.62057113647461,3666500,TSCO,44.01149820857933,43.49810436456079,44.66852888565939,43.28157043551938,41.75460622230915,,0.7404596447887641,0.321208646531282,0.41925099825748213
2022-03-18,45.171142866863335,45.17689472415983,44.05466784903702,44.79898452758789,6582000,TSCO,44.800422491912016,43.75480128657006,45.17689472415983,43.75480128657006,41.758859664235914,,0.8379971741132479,0.42456635204767523,0.4134308220655727
2022-03-21,44.762526748264314,45.18839829014522,44.0373940240092,44.42681884765625,2740500,TSCO,44.603784477518744,44.27761188924104,45.18839829014522,44.0373940240092,41.771004069715325,,0.875177210665079,0.514688523771156,0.360488686893923
2022-03-22,44.547669632338376,44.64358512121676,43.908862377730195,44.469017028808594,2537000,TSCO,44.392283540023485,44.440698183379894,44.64358512121676,43.908862377730195,41.78397079475817,,0.8976995761390398,0.5912907342447329,0.30640884189430695
2022-03-23,44.52274027252018,44.850775416062554,44.14482642913766,44.52849578857422,4274000,TSCO,44.51170947657365,44.41649086170169,44.850775416062554,44.14482642913766,41.813862159679545,,0.9098598538433649,0.6550045581644593,0.2548552956789055
2022-03-24,44.7375942378211,45.033020894440746,44.50739554478326,44.760616302490234,3087500,TSCO,44.759656744883834,44.464100169137666,45.033020894440746,44.464100169137666,41.84671644316218,,0.9275350998347207,0.7095106664985117,0.21802443333620902
2022-03-25,45.080970976839346,45.221009649931524,44.000946539473304,44.5438346862793,3246500,TSCO,44.711690463130864,44.61187845701075,45.221009649931524,44.000946539473304,41.8697769794926,,0.9135199060865133,0.750312514416112,0.16320739167040133
2022-03-28,44.4249054531133,44.63783758376148,43.9702562949734,44.54959487915039,2982000,TSCO,44.39564855274964,44.661784460070805,44.661784460070805,43.9702562949734,41.87267762455408,,0.8925883604890359,0.7787676836306968,0.11382067685833908
2022-03-29,44.78939324002942,44.99465625541895,44.173607852803336,44.76445388793945,3751500,TSCO,44.68052780904779,44.52871650641022,44.99465625541895,44.173607852803336,41.902583553530555,,0.8831568042634856,0.7996455077572546,0.08351129650623101
2022-03-30,44.33282160256682,44.69730342862307,44.029722183741676,44.66852951049805,3008500,TSCO,44.43209418135741,44.604622157729004,44.69730342862307,44.029722183741676,41.95247671170582,,0.8580508562650806,0.8113265774588199,0.04672427880626073
2022-03-31,44.82583915956348,46.33556991045855,44.58220849737473,44.768287658691406,11183500,TSCO,45.127976306522044,44.518358169543205,46.33556991045855,44.518358169543205,42.00602048265558,,0.8365605116063719,0.8163733642883303,0.02018714731804161
2022-04-01,44.833512153076384,44.986979163783154,43.41202044467312,43.49067306518555,5619500,TSCO,44.18079620667955,44.823167238032624,44.986979163783154,43.41202044467312,42.06156525811658,,0.7082719205928854,0.7947530755492414,-0.086481154956356
2022-04-04,43.546305242528085,43.705527761788844,43.08973880315229,43.67675018310547,5087500,TSCO,43.50458049764367,44.50198172235609,44.50198172235609,43.08973880315229,42.12969728642009,,0.6145332000535007,0.7587091004500932,-0.14417590039659256
2022-04-05,43.62303941746034,44.660861780592214,42.75595061485751,43.06672286987305,5630000,TSCO,43.526643670695776,44.00328110999988,44.660861780592214,42.75595061485751,42.19303668741076,,0.48542480769152974,0.7040522418983806,-0.21862743420685082
2022-04-06,42.76938302513116,43.30843673503995,42.128658278825064,43.14729690551758,5630000,TSCO,42.83844373612844,43.76496239034783,43.76496239034783,42.128658278825064,42.237960918000816,,0.3851671605910738,0.6402752256369193,-0.2551080650458455
2022-04-07,42.92093084042122,44.76445236775254,42.878724940100156,44.30980682373047,6446500,TSCO,43.7184787430011,43.301703063238136,44.76445236775254,42.878724940100156,42.30995060432726,,0.3949641865596476,0.591213017821465,-0.19624883126181736
2022-04-08,44.21389013879032,45.708275344961955,44.21389013879032,45.34571075439453,4257500,TSCO,44.87044159423428,43.51009090311962,45.708275344961955,43.51009090311962,42.39013774022458,,0.4807751137782006,0.5691254370128122,-0.08835032323461156
2022-04-11,44.96970398881659,45.59124837304331,44.662770026284996,45.10206985473633,3781500,TSCO,45.081448060720305,44.19026624867695,45.59124837304331,44.19026624867695,42.48062886393154,,0.5230912372527357,0.5599185970607969,-0.03682735980806129
2022-04-12,45.503010865588124,46.308713588538524,45.05220357867049,45.40517807006836,4087000,TSCO,45.56727652571637,44.63585715469863,46.308713588538524,44.63585715469863,42.56720778315612,,0.5744633142777573,0.562827540504189,0.011635773773568281
2022-04-13,45.48382351007421,45.99026863228932,45.18072774169311,45.537540435791016,3866500,TSCO,45.548090079961916,45.1015668402075,45.99026863228932,45.1015668402075,42.63837018547301,,0.6187243232948632,0.5740068970623239,0.04471742623253927
2022-04-14,45.38023799749058,45.825293420241294,43.74773145814532,43.78226089477539,5547500,TSCO,44.683880942663144,45.3248284600847,45.825293420241294,43.74773145814532,42.68596401153228,,0.5063284630045146,0.5604712102507621,-0.05414274724624746
2022-04-18,43.50026504259962,43.66716036421977,41.18291071390162,41.729637145996094,10973500,TSCO,42.519993316679276,45.00435470137393,45.00435470137393,41.18291071390162,42.69566675329179,,0.24875683793987946,0.49812833578858556,-0.2493714978487061
2022-04-19,41.73347034012359,42.61974290198574,41.69126810444411,42.51999282836914,6059000,TSCO,42.14111854373064,43.7621740090266,43.7621740090266,41.69126810444411,42.7073808766819,,0.1071691879738168,0.41993650622563183,-0.31276731825181503
2022-04-20,42.63700630572419,42.81157441009769,42.063423300530346,42.412559509277344,6136000,TSCO,42.4811408814074,42.951646276378625,42.951646276378625,42.063423300530346,42.72540836257788,,-0.013552787602058913,0.3332386474600937,-0.3467914350621526
2022-04-21,41.96558794051475,42.39529771358612,41.43612809861332,42.04615783691406,11416500,TSCO,41.96079289740706,42.71639357889301,42.71639357889301,41.43612809861332,42.72349722132379,,-0.1372097077135379,0.23914897642536737,-0.3763586841389053
2022-04-22,41.51861613346282,41.62796360863821,39.615622465941705,39.64248275756836,10722000,TSCO,40.601171241402774,42.33859323815004,42.33859323815004,39.615622465941705,42.678253184153945,,-0.4242744268630645,0.106464295767681,-0.5307387226307455
2022-04-25,39.32787104376593,40.37720428813966,39.08040584212872,40.27745056152344,9169000,TSCO,39.76573293388944,41.46988223977641,41.46988223977641,39.08040584212872,42.62616624887985,,-0.5936949440936203,-0.03356755220457927,-0.560127391889041
2022-04-26,40.23141621841544,40.48079874342038,39.46983666650472,39.492855072021484,5022000,TSCO,39.91872667509051,40.617807586832924,40.617807586832924,39.46983666650472,42.58460764061176,,-0.7822548761964185,-0.18330501700294713,-0.5989498591934714
2022-04-27,39.4429793765429,40.012724237264024,39.122613377749225,39.38351058959961,4620500,TSCO,39.490456895288936,40.26826713096172,40.26826713096172,39.122613377749225,42.54024286932672,,-0.9297950680234734,-0.3326030272070524,-0.5971920408164211
2022-04-28,39.76909853905506,40.44626996387309,38.90968251709246,39.9935417175293,5054000,TSCO,39.77964818438748,39.87936201312533,40.44626996387309,38.90968251709246,42.49589328760427,,-0.986129828417539,-0.46330838744914976,-0.5228214409683893
2022-04-29,39.652078392244604,40.06452168558242,38.5471144086825,38.64495086669922,6668500,TSCO,39.22716633830218,39.82950509875641,40.06452168558242,38.5471144086825,42.45327271336018,,-1.1266086991239135,-0.5959684497841026,-0.5306402493398109
2022-05-02,38.777317141559884,39.77677187486659,38.64111301331229,39.57918167114258,6254500,TSCO,39.193595925220336,39.52833571852929,39.77677187486659,38.64111301331229,42.41929913054073,,-1.1493061125807316,-0.7066359823434284,-0.44267013023730317
2022-05-03,39.54464451992232,39.79019243288078,39.13220130299906,39.45640182495117,5607500,TSCO,39.48086002018833,39.360965821874814,39.79019243288078,39.13220130299906,42.38803983589657,,-1.163785884499994,-0.7980659627747415,-0.3657199217252525
2022-05-04,39.51779448302634,40.87214097164931,39.37200027103578,40.78965377807617,5343000,TSCO,40.1378973759469,39.42091292103157,40.87214097164931,39.37200027103578,42.397650896221485,,-1.055511636785738,-0.8495550975769409,-0.20595653920879708
2022-05-05,40.68222676580212,40.87214050098297,38.731275133708905,39.17633056640625,5163500,TSCO,39.86549324172506,39.77940514848923,40.87214050098297,38.731275133708905,42.44007495137888,,-1.0873509110256094,-0.8971142602666746,-0.1902366507589348
2022-05-06,38.80608747053698,39.28183408510223,38.21332057319849,38.85788345336914,5862000,TSCO,38.789781395551714,39.82244919510715,39.82244919510715,38.21332057319849,42.48182754845807,,-1.1253079364868626,-0.9427529955107122,-0.18255494097615033
2022-05-09,38.43777209858216,38.85213269408348,37.84692241451254,38.0291633605957,6848000,TSCO,38.29149764194347,39.306115295329434,39.306115295329434,37.84692241451254,42.48853230156542,,-1.2083310500297557,-0.995868606414521,-0.2124624436152347
2022-05-10,38.39364151282408,38.47229412434591,37.03545697679619,37.996543884277344,6082000,TSCO,37.97448412456088,38.79880646863646,38.79880646863646,37.03545697679619,42.4760343271688,,-1.2622096180100684,-1.0491368087336306,-0.2130728092764378
2022-05-11,37.85458848318673,38.28237732134533,36.680565785122134,36.74770736694336,5122000,TSCO,37.391309739149385,38.38664529659867,38.38664529659867,36.680565785122134,42.43741806088749,,-1.3896603023630547,-1.1172415074595154,-0.27241879490353926
2022-05-12,36.54436244880071,37.83157087933839,36.54436244880071,37.70112228393555,4478000,TSCO,37.15535451521884,37.888977517874025,37.888977517874025,36.54436244880071,42.38945944812599,,-1.3976223516845252,-1.1733176763045174,-0.22430467538000776
2022-05-13,38.12891278480715,38.74470175071868,38.01573073116067,38.7216796875,3870500,TSCO,38.40275623854663,37.522166016546436,38.74470175071868,37.522166016546436,42.344292270758686,,-1.306521117658498,-1.1999583645753136,-0.10656275308318452
2022-05-16,38.875146692483305,39.76717480441679,38.1557694189203,39.44297790527344,4354500,TSCO,39.06026720527346,37.96246112754653,39.76717480441679,37.96246112754653,42.28845892069376,,-1.162716918440701,-1.192510075348391,0.029793156907690133
2022-05-17,39.55616275508612,39.98586893682474,38.729355226294444,39.82856369018555,5393000,TSCO,39.524987652097714,38.51136416641,39.98586893682474,38.51136416641,42.20877117407005,,-1.0060404955455553,-1.155216159387824,0.14917566384226877
2022-05-18,37.39227830763081,37.45749895913474,33.647679880947535,34.842803955078125,15573000,TSCO,35.8350652756978,39.018175909253856,39.018175909253856,33.647679880947535,42.064061368247884,,-1.2695478867269188,-1.1780825048556431,-0.09146538187127562
2022-05-19,34.44953934333633,36.01873883784951,34.11191046688699,35.25140380859375,8029000,TSCO,34.957898114166646,37.42662059247583,37.42662059247583,34.11191046688699,41.90754397656702,,-1.4289369041899675,-1.2282533847225081,-0.20068351946745944
2022-05-20,35.42596966438917,35.47393107353648,33.27551443456715,34.52243423461914,9839000,TSCO,34.67446235177798,36.192259353321234,36.192259353321234,33.27551443456715,41.73626503189214,,-1.5956815772864559,-1.3017390232352977,-0.2939425540511582
2022-05-23,34.46679634779425,34.518592322425285,33.3790991752495,33.92390823364258,6809500,TSCO,34.0720990197779,35.43336085254961,35.43336085254961,33.3790991752495,41.54110260523421,,-1.755883249137547,-1.3925678684157476,-0.36331538072179925
2022-05-24,33.4533912804947,33.56523792731333,32.3773624659962,32.884521484375,11563000,TSCO,33.07012828954481,34.75272993616376,34.75272993616376,32.3773624659962,41.33295062555493,,-1.9443013566645888,-1.5029145660655159,-0.44138679059907293
2022-05-25,32.670475090255934,34.43879173964619,32.10546354546394,34.08782958984375,9069500,TSCO,33.32563999130245,33.911429112854286,34.43879173964619,32.10546354546394,41.133064609829034,41.47225313361583,-1.9737747104826866,-1.5970865949489501,-0.3766881155337365
2022-05-26,35.04043794628419,35.97184100708764,34.94594815383366,35.848426818847656,7850500,TSCO,35.451663481513286,33.61853455207837,35.97184100708764,33.61853455207837,40.96977123633065,41.37403496107153,-1.8339267077645616,-1.6444546175120724,-0.18947209025248912
2022-05-27,36.170462142581776,37.109578068941985,36.16853483047573,37.10765075683594,5814000,TSCO,36.63905644970885,34.535099016795826,37.109578068941985,34.535099016795826,40.822322401153244,41.2884643117312,-1.6030088221742034,-1.6361654584444987,0.0331566362702953
2022-05-31,36.83189454467277,36.98230580752726,35.973769858556096,36.129966735839844,8437500,TSCO,36.47948423664899,35.58707773325234,36.98230580752726,35.58707773325234,40.65590363604798,41.20738165014194,-1.4818142317521108,-1.6052952131060212,0.12348098135391039
2022-06-01,36.44814765835897,37.39112193283606,36.35944348217482,36.76633071899414,7827000,TSCO,36.741260948090996,36.033280984950665,37.39112193283606,36.033280984950665,40.49865316545943,41.13482861758738,-1.3192103547680532,-1.5480782414384275,0.2288678866703744
2022-06-02,36.856967880217034,37.67845164711465,36.66027168289919,37.66109848022461,3836500,TSCO,37.21419742261387,36.38727096652083,37.67845164711465,36.38727096652083,40.355091443111235,41.0695311189347,-1.1054029333887314,-1.4595431798284884,0.35414024643975694
2022-06-03,37.45283920178203,37.92914654119398,37.219505652449946,37.495262145996094,5659500,TSCO,37.524188385355515,36.800734194567355,37.92914654119398,36.800734194567355,40.215341021286875,41.01460159048322,-0.9385219212677427,-1.3553389281163393,0.41681700684859657
2022-06-06,37.75365526608282,38.43437163683164,37.33905878020594,38.39194869995117,3985500,TSCO,37.97975859576789,37.162461289961435,38.43437163683164,37.162461289961435,40.07974305830456,40.96322975073336,-0.7255487317261853,-1.2293808888383086,0.5038321571121234
2022-06-07,37.99085808149493,38.906835538750826,37.4875535955212,38.781490325927734,5540000,TSCO,38.29168438542367,37.571109942864666,38.906835538750826,37.4875535955212,39.951342936750414,40.91055995812151,-0.5193464879137153,-1.08737400865339,0.5680275207396748
2022-06-08,38.60985837022232,39.00903273927433,38.06798563765019,38.24925231933594,4180000,TSCO,38.484032266620694,37.93139716414417,39.00903273927433,37.93139716414417,39.833110611027834,40.85289411779095,-0.39433127761310516,-0.9487654624453331,0.554434184832228
2022-06-09,37.950362315985544,39.46991968868882,37.8346610235074,38.885623931884766,5709500,TSCO,38.535141740016634,38.20771471538244,39.46991968868882,37.8346610235074,39.710202889647206,40.806393221588884,-0.2411263970020272,-0.807237649356672,0.5661112523546448
2022-06-10,38.45173053795019,38.58093034578114,37.537680609305724,37.66109848022461,4886000,TSCO,38.05785999331542,38.37142822769954,38.58093034578114,37.537680609305724,39.58271820588637,40.7675974587961,-0.2160291459776147,-0.6889959486808606,0.47296680270324587
2022-06-13,36.639067404509895,37.47019525220774,36.36138357707573,37.03052520751953,6216500,TSCO,36.87529286032822,38.21464411050748,38.21464411050748,36.36138357707573,39.41766453696249,40.71184250980904,-0.24420632837111356,-0.6000380246189112,0.35583169624779765
2022-06-14,37.83272427087658,38.0660578111273,36.82032984020222,37.057518005371094,6606500,TSCO,37.4441574818943,37.544968485417854,38.0660578111273,36.82032984020222,39.28293176246679,40.67224851029168,-0.2613462186984208,-0.5322996634348132,0.2709534447363924
2022-06-15,37.030519773143276,38.36688288138724,37.028592460743816,37.8211555480957,5211000,TSCO,37.56178766584251,37.49456298365608,38.36688288138724,37.028592460743816,39.164075905830764,40.64688659612543,-0.2108796482395192,-0.4680156603957544,0.25713601215623516
2022-06-16,37.22914109862279,37.32941650864167,36.50600175911532,36.762474060058594,6422000,TSCO,36.9567583566096,37.5281753247493,37.5281753247493,36.50600175911532,39.03267819954904,40.612857443479896,-0.25339034965229246,-0.425090598247062,0.17170024859476957
2022-06-17,36.62170916688409,37.107660444056265,35.89856970606963,36.394161224365234,9851500,TSCO,36.5055251353438,37.24246684067945,37.24246684067945,35.89856970606963,38.90601982753335,40.57199037276709,-0.31318989634549865,-0.40271045786674936,0.08952056152125071
2022-06-21,36.90903842575871,37.93686251279485,36.567716497898346,37.67845916748047,6072500,TSCO,37.273019150983096,36.87399598801163,37.93686251279485,36.567716497898346,38.77711063569299,40.54353062001013,-0.254021159445287,-0.3729725981824569,0.1189514387371699
2022-06-22,37.18286163226768,37.69966456147413,36.88396637830506,37.02666473388672,3975500,TSCO,37.1982893264834,37.073507569497366,37.69966456147413,36.88396637830506,38.623667590337966,40.506902665281274,-0.25676405646888867,-0.3497308898397433,0.09296683337085465
2022-06-23,37.29664296943287,38.35146418501896,37.07295331279587,38.33218002319336,4469000,TSCO,37.763310122610264,37.135898447990385,38.35146418501896,37.07295331279587,38.47730483157577,40.47896684775366,-0.1518432939476071,-0.3101533706613161,0.158310076713709
2022-06-24,38.49222965526373,39.24815176967917,38.449803034189564,39.14016342163086,5845500,TSCO,38.83258697019083,37.449604285300325,39.24815176967917,37.449604285300325,38.34261104046526,40.45490941181069,-0.003455493305459356,-0.24881379519014477,0.2453583018846854
2022-06-27,39.30599763183587,39.575972159862225,38.89525574183046,39.05145263671875,3918000,TSCO,39.20716954256183,38.14109562774558,39.575972159862225,38.14109562774558,38.21579262971726,40.427081407595125,0.10576549009132918,-0.17789793813385,0.2836634282251792
2022-06-28,39.11509047724576,39.60296899448198,37.587820516198626,37.65145492553711,4441000,TSCO,38.48933372836587,38.6741325851537,39.60296899448198,37.587820516198626,38.09190168543131,40.388932848481794,0.07845145180262847,-0.1266280601465543,0.20507951194918278
2022-06-29,37.85007494572575,37.96384888957287,37.24842252964506,37.71123123168945,3597000,TSCO,37.69339439915829,38.58173315675978,38.58173315675978,37.24842252964506,37.99536970708089,40.34551823018634,0.060926010878588954,-0.08911724594152566,0.1500432568201146
2022-06-30,37.512612109935986,37.79222688273779,37.02280626847899,37.38148498535156,4696000,TSCO,37.427282561626086,38.13756377795903,38.13756377795903,37.02280626847899,37.901092987438794,40.30423693206035,0.020196394938167828,-0.06725451776558697,0.0874509127037548
2022-07-01,37.489473829183055,38.019775305959854,37.115369252192494,37.855865478515625,4466500,TSCO,37.62012096646276,37.78242316979256,38.019775305959854,37.115369252192494,37.80387258913991,40.26464047585889,0.025897887374711104,-0.048624036737527354,0.07452192411223846
2022-07-05,37.77294177192679,38.32445837606275,37.18093321866925,38.18754196166992,5804500,TSCO,37.86646883208218,37.70127206812766,38.32445837606275,37.18093321866925,37.72198610783341,40.2227416645786,0.056528258881463955,-0.027593577613729093,0.08412183649519304
2022-07-06,38.36688016273735,38.4575153321689,37.52032664164714,38.09497833251953,5444500,TSCO,38.10992511726823,37.783870450104914,38.4575153321689,37.52032664164714,37.67216118535072,40.17520718475234,0.07249822330489053,-0.007575217430005169,0.0800734407348957
2022-07-07,38.096911722288354,39.33685402963589,38.096911722288354,39.23079299926758,4534500,TSCO,38.69036761837005,37.94689778368657,39.33685402963589,37.94689778368657,37.650653879040334,40.138410063960094,0.17479041131675643,0.028897908319347153,0.14589250299740927
2022-07-08,39.23079072227347,39.46990985481952,38.92225156715198,39.3310661315918,3452000,TSCO,39.23850456895919,38.31863270102831,39.46990985481952,38.31863270102831,37.63704943691771,40.11082853876473,0.2609409462542942,0.07530651590633657,0.18563443034795762
2022-07-11,39.261647997160686,39.658891350916264,38.937679294049246,39.223079681396484,4402000,TSCO,39.27032458088067,38.778568634993746,39.658891350916264,38.778568634993746,37.63264679062954,40.08644482997813,0.3168498143948568,0.12361517560404063,0.1932346387908162
2022-07-12,39.34649481200804,39.53161978960837,37.77294353663653,37.89828872680664,7274000,TSCO,38.6373367162649,39.02444660793721,39.53161978960837,37.77294353663653,37.609800561267086,40.05284692443568,0.25136090485798945,0.1491643214548304,0.10219658340315904
2022-07-13,37.452835682132985,38.36109634077713,37.315919265455065,38.09112548828125,6110000,TSCO,37.8052441941616,38.83089166210105,38.83089166210105,37.315919265455065,37.58136211838428,40.01731741587223,0.2125704079326809,0.16184553875040053,0.05072486918228036
2022-07-14,38.10269368276598,38.9820298737475,37.826933559028035,38.91067886352539,7144500,TSCO,38.45558399476673,38.31806792813133,38.9820298737475,37.826933559028035,37.566601879775206,39.992950505157964,0.24513401539891078,0.1785032340801026,0.06663078131880817
2022-07-15,39.1324500409015,39.39471168272302,38.90490209502288,39.18451690673828,4884500,TSCO,39.15414518134642,38.38682596144903,39.39471168272302,38.38682596144903,37.560067582998364,39.974053709447475,0.28969789346608366,0.20074216595729882,0.08895572750878483
2022-07-18,39.396637281289294,39.75531235439587,39.068813921352906,39.240440368652344,6224000,TSCO,39.3653009814226,38.77048557139773,39.75531235439587,38.77048557139773,37.54461565510788,39.97113327566468,0.325772343119084,0.22574820138965587,0.10002414172942811
2022-07-19,39.72060322581543,39.928867006678615,39.25008148675702,39.65311050415039,5282500,TSCO,39.638165555850364,39.06789327641016,39.928867006678615,39.06789327641016,37.54006910139039,39.99007202638463,0.38324285045823814,0.25724713120337234,0.1259957192548658
2022-07-20,39.74952576011217,40.17376619112211,39.209580384036556,39.977073669433594,8470000,TSCO,39.777486501176114,39.35302941613026,40.17376619112211,39.209580384036556,37.55982320350287,40.02082537598047,0.44974537679546245,0.29574678032179036,0.1539985964736721
2022-07-21,38.26275634765625,38.57129925913207,37.02667210130276,38.26275634765625,12414500,TSCO,38.03087101393683,39.56525795865319,39.56525795865319,37.02667210130276,37.554610670942736,40.02157148625408,0.3599685341338841,0.3085911310842091,0.051377403049674975
2022-07-22,38.374594445816626,38.70241776785646,37.21371611524482,37.582035064697266,7614000,TSCO,37.96819084840379,38.79806448629501,38.79806448629501,37.21371611524482,37.5544848054196,40.015259566294205,0.23122579398767584,0.29311806366490245,-0.06189226967722661
2022-07-25,37.983139538268546,37.983139538268546,36.96110118107723,37.38534164428711,5924500,TSCO,37.57818047547536,38.3831276673494,38.3831276673494,36.96110118107723,37.55822222014612,39.9978201405168,0.1120332797778687,0.25690110688749573,-0.14486782710962703
2022-07-26,36.50793751743979,36.7798394138047,35.18893102760403,35.41262435913086,9053000,TSCO,35.972333079494845,37.980654071412374,37.980654071412374,35.18893102760403,37.534561791431635,39.962010619778816,-0.1399956618494329,0.17752175314011,-0.3175174149895429
2022-07-27,35.65173823311515,36.3768049445463,35.18699846861131,36.047054290771484,6781500,TSCO,35.81564898426106,36.97649357545361,36.97649357545361,35.18699846861131,37.482819646345924,39.91355595855231,-0.28524904707499843,0.08496759309708833,-0.3702166401720868
2022-07-28,36.313168429471055,37.088374722726,35.842646707208566,36.79526138305664,6004000,TSCO,36.509862810615566,36.39607127985734,37.088374722726,35.842646707208566,37.43181155845277,39.86013523957327,-0.3361148196241288,0.0007511105528449006,-0.3368659301769737
2022-07-29,36.633275365357484,37.07873094806709,36.311237656150865,36.924461364746094,5993000,TSCO,36.736926333580385,36.45296704523645,37.07873094806709,36.311237656150865,37.37605033208242,39.79241075307624,-0.36183000106347407,-0.0717651117704189,-0.2900648892930552
2022-08-01,36.83575060879559,37.73244364077416,36.7200493499174,37.38919448852539,5928000,TSCO,37.169359522003134,36.59494668940842,37.73244364077416,36.59494668940842,37.40273621700853,39.73339879262821,-0.3407810763505026,-0.12556830468643565,-0.21521277166406694
2022-08-02,37.21179175593747,37.3814872064554,36.32281151656707,36.33052444458008,6081500,TSCO,36.811653730885006,36.882153105705775,37.3814872064554,36.32281151656707,37.439811329342895,39.67367765295496,-0.4048585197379637,-0.18142634769674126,-0.22343217204122245
2022-08-03,36.40572541610083,37.08258349686273,36.40572541610083,36.81646728515625,5078000,TSCO,36.67762540355516,36.84690341829539,37.08258349686273,36.40572541610083,37.479874590378444,39.60806981113528,-0.4116832015512628,-0.22747771846764558,-0.18420548308361723
2022-08-04,36.84540202052096,36.96110330293358,36.13768842564087,36.222537994384766,5111000,TSCO,36.54168293587004,36.762264410925276,36.96110330293358,36.13768842564087,37.52926626870028,39.53518443696725,-0.4597176027878831,-0.2739256953316931,-0.18579190745619
2022-08-05,35.861928532145555,36.575423997281064,35.77707897142874,36.515647888183594,4500000,TSCO,36.18251984725974,36.65197367339766,36.65197367339766,35.77707897142874,37.59151409985458,39.46223236270476,-0.4687304600601081,-0.3128866482773761,-0.155843811782732
2022-08-08,36.81646920977415,37.54925248639219,36.69691331755676,37.01123809814453,5505000,TSCO,37.0184682779669,36.4172467603287,37.54925248639219,36.4172467603287,37.66537066558787,39.39921763770845,-0.4309158960450503,-0.33649249783091095,-0.09442339821413936
2022-08-09,37.165511841063896,37.165511841063896,36.37680699376543,36.76826477050781,5065000,TSCO,36.869023861600255,36.7178575191478,37.165511841063896,36.37680699376543,37.69371787318961,39.331744554760135,-0.41576086608922935,-0.35234617148257463,-0.06341469460665472
2022-08-10,37.22335924651462,37.82887007048628,36.99774230972269,37.08258819580078,5721500,TSCO,37.28313995563109,36.79344069037403,37.82887007048628,36.79344069037403,37.70659954330805,39.26446097223065,-0.37407501819632927,-0.35669194082532557,-0.017383077371003697
2022-08-11,37.19057654884009,37.65917094712086,37.11344359075195,37.58396530151367,4868000,TSCO,37.38678909705664,37.038290323002556,37.65917094712086,37.038290323002556,37.724745640516204,39.19032463828209,-0.2971563082154276,-0.344784814303346,0.04762850608791841
2022-08-12,37.90021639855344,37.98892426337297,37.4605500896998,37.975425720214844,3561000,TSCO,37.831279117960264,37.2125397100296,37.98892426337297,37.2125397100296,37.74654600391359,39.12259958468651,-0.2022783532261343,-0.31628352208790367,0.11400516886176937
2022-08-15,38.071836814010354,38.47101110834072,37.803793305665785,38.22224807739258,5811500,TSCO,38.14222232635236,37.52190941399493,38.47101110834072,37.52190941399493,37.76510650198836,39.0600989725498,-0.10594907392147235,-0.2742166324546174,0.16826755853314507
2022-08-16,38.29167404919857,39.8613668816402,38.29167404919857,39.479549407958984,6072000,TSCO,38.98106609699908,37.83206587017365,39.8613668816402,37.83206587017365,37.79424405622123,39.00479253875405,0.07102752254669298,-0.20516780145435534,0.2761953240010483
2022-08-17,39.33299445245424,39.63382068812311,39.024455289421084,39.510406494140625,4852500,TSCO,39.37541923103477,38.40656598358636,39.63382068812311,38.40656598358636,37.822157268926574,38.950950163615566,0.2113365036055157,-0.12186694044238114,0.3332034440478968
2022-08-18,39.53162122124965,39.88644165578207,39.350354539983535,39.57211685180664,4426500,TSCO,39.585133567205474,38.890992607310565,39.88644165578207,38.890992607310565,37.84802625256221,38.89968459465631,0.3237795628402793,-0.03273763978584905,0.35651720262612835
2022-08-19,39.273217306069924,39.338782710186315,38.72941727054852,39.20186996459961,4595000,TSCO,39.13582181285109,39.23806308725802,39.338782710186315,38.72941727054852,37.86106204348682,38.84708632725732,0.37865081696107694,0.04954005156353614,0.3291107653975408
2022-08-22,38.96275149690328,39.14594549109206,38.644572067198865,38.75062942504883,5165500,TSCO,38.87597462006076,39.18694245005456,39.18694245005456,38.644572067198865,37.8678787010877,38.789040795367455,0.3813296104310311,0.11589796333703514,0.2654316470939959
2022-08-23,38.78726867396133,38.99939073620825,38.35531162179839,38.573219299316406,4765500,TSCO,38.67879758282109,39.03145853505766,39.03145853505766,38.35531162179839,37.88029745287781,38.73150782938209,0.3649303689552639,0.1657044444606809,0.19922592449458298
2022-08-24,38.56743609274679,38.87212066220584,38.28010837018502,38.368812561035156,3745000,TSCO,38.5221194215432,38.85512805893937,38.87212066220584,38.28010837018502,37.91323398410211,38.6654492605323,0.33161725911614326,0.19888700739177337,0.1327302517243699
2022-08-25,38.34374528432545,38.65228446932827,38.071843426430995,38.631072998046875,3962000,TSCO,38.4247365445329,38.68862374024128,38.68862374024128,38.071843426430995,37.93284556535488,38.607888663910835,0.32265919072327875,0.22364144405807446,0.0990177466652043
2022-08-26,38.69084829527308,38.79305470268986,36.84347152709961,36.84347152709961,4181000,TSCO,37.79271151304054,38.556680142387094,38.79305470268986,36.84347152709961,37.93746404229884,38.550769974064806,0.1693630461151443,0.21278576446948844,-0.043422718354344136
2022-08-29,36.517574507040216,37.271565586773086,36.16275409361385,36.66413116455078,4553000,TSCO,36.65400633799448,38.17469582771382,38.17469582771382,36.16275409361385,37.93140900192654,38.482043600737796,0.03302281220328496,0.17683317401624776,-0.1438103618129628
2022-08-30,36.80490025220848,37.02087692419496,35.977627209579076,36.2707405090332,3703500,TSCO,36.518536223753934,37.414351082854154,37.414351082854154,35.977627209579076,37.93166922369474,38.41884452561405,-0.10555437847781945,0.12035566351743432,-0.22591004199525377
2022-08-31,36.282317784284594,36.42501615518456,35.701876703528505,35.70380401611328,6125500,TSCO,36.028253664777736,36.96644365330404,36.96644365330404,35.701876703528505,37.90677391397064,38.341942274831815,-0.25814905575744973,0.04465471966245751,-0.3028037754199072
2022-09-01,35.45119030201045,36.30352958809276,35.27956385038609,36.282318115234375,5301000,TSCO,35.82915046393092,36.49734865904089,36.49734865904089,35.27956385038609,37.87939113671959,38.25152936352878,-0.3286121476476964,-0.02999865379957328,-0.29861349384812313
2022-09-02,36.76440824146944,36.88782244386151,35.89663948750981,36.17625427246094,3850500,TSCO,36.431281111325426,36.163249561485905,36.88782244386151,35.89663948750981,37.85275055649389,38.16502769403483,-0.38853433931973314,-0.10170579090360526,-0.28682854841612787
2022-09-06,36.3131677675905,36.849254886809454,35.73658501755619,36.261104583740234,5701000,TSCO,36.2900280639241,36.297265336405665,36.849254886809454,35.73658501755619,37.80189937836856,38.07225520941691,-0.42428549782888325,-0.16622173228866086,-0.25806376554022237
2022-09-07,36.4905783253948,37.969639801772395,36.4905783253948,37.846221923828125,6287000,TSCO,37.19925459409753,36.293646700164885,37.969639801772395,36.293646700164885,37.76174107939927,37.988766854558264,-0.32101239548198635,-0.19717986492732598,-0.12383253055466037
2022-09-08,37.53961105464456,38.56936233478044,37.35063144692451,38.526939392089844,5521500,TSCO,37.99663605710984,36.74645064713121,38.56936233478044,36.74645064713121,37.75188712597415,37.92189440570273,-0.1821399116111735,-0.1941718742640955,0.012031962652922001
2022-09-09,38.471013254605566,38.95310613409648,38.37459247186131,38.74483871459961,5500500,TSCO,38.635887643790745,37.371543352120526,38.95310613409648,37.371543352120526,37.7707369908668,37.883053348973846,-0.05387873286134237,-0.16611324598354488,0.1122345131222025
2022-09-12,39.05338315498744,39.61646730840406,38.69663176120795,39.07844924926758,6920000,TSCO,39.11123286846676,38.00371549795564,39.61646730840406,38.00371549795564,37.804415997003616,37.85275449222121,0.07383760348723456,-0.118123076089389,0.19196067957662355
2022-09-13,38.57322010785301,38.604071819176056,37.261926746617,37.335205078125,6181500,TSCO,37.94360593794277,38.5574741832112,38.604071819176056,37.261926746617,37.81088569643322,37.807379142786566,0.03399659291720525,-0.08769914228807016,0.12169573520527541
2022-09-14,37.50296770517264,37.73437389650114,36.174321370938195,36.44814682006836,7150500,TSCO,36.96495244817008,38.25054006057698,38.25054006057698,36.174321370938195,37.79285536875497,37.75742073829419,-0.06836778173811098,-0.08383287017807833,0.015465088439967356
2022-09-15,36.44815228225909,36.79333246978751,35.875427849765984,36.24567413330078,5329500,TSCO,36.340646683778346,37.60774625437353,37.60774625437353,35.875427849765984,37.757469800085175,37.714815492717946,-0.16394033767187466,-0.0998543636768376,-0.06408597399503706
2022-09-16,36.025843150397684,36.99774572979507,35.728875165518126,36.64292526245117,7948000,TSCO,36.34884732704052,36.974196469075935,36.99774572979507,35.728875165518126,37.71063939425858,37.680646636649456,-0.20526130609035675,-0.12093575215954144,-0.08432555393081531
2022-09-19,36.41922052718417,37.25999202076554,36.36522636503459,37.21371078491211,5769000,TSCO,36.814537424474096,36.661521898058226,37.25999202076554,36.36522636503459,37.66216005136888,37.649604744143296,-0.1897633757821353,-0.13470127688406022,-0.05506209889807509
2022-09-20,36.84347429487681,36.94374971933087,36.22639221341365,36.71620178222656,6517500,TSCO,36.68245450246197,36.73802966126616,36.94374971933087,36.22639221341365,37.610402649800506,37.62152472021502,-0.21514590494824404,-0.15079020249689698,-0.06435570245134706
2022-09-21,37.123084664265654,37.46440656299448,36.61206731147318,36.631351470947266,5408000,TSCO,36.95772750242014,36.71024208186407,37.46440656299448,36.61206731147318,37.576810465523614,37.59330551339535,-0.23934938248872584,-0.16850203849526277,-0.07084734399346307
2022-09-22,36.50021516830993,36.5252849396636,35.929418110415945,36.33244705200195,7321000,TSCO,36.32184131759786,36.833984792142104,36.833984792142104,35.929418110415945,37.54714240799234,37.56425226318831,-0.2794288198794561,-0.19068739477210145,-0.08874142510735467
2022-09-23,36.01426728163384,36.30159495880518,35.30076820827861,35.78864669799805,5321500,TSCO,35.85131928667892,36.57791305486998,36.57791305486998,35.30076820827861,37.49505711383058,37.530829496802895,-0.35102579969439063,-0.2227550757565593,-0.12827072393783132
2022-09-26,35.792511981463655,36.37102207306658,35.65945385121794,35.88507080078125,4794500,TSCO,35.92701467663235,36.21461617077445,36.37102207306658,35.65945385121794,37.4305145037363,37.49529104336733,-0.39542805431661066,-0.25728967146856957,-0.13813838284804109
2022-09-27,36.293880435656725,36.80104311083687,35.971842729778956,36.363304138183594,7681000,TSCO,36.357517603614035,36.0708154237034,36.80104311083687,35.971842729778956,37.370358836180124,37.457487245644,-0.38756017499062523,-0.28334377217298073,-0.1042164028176445
2022-09-28,36.58506901334162,37.17322298457027,36.216750039151044,37.07487487792969,6642000,TSCO,36.762479228748155,36.21416651365872,37.17322298457027,36.21416651365872,37.31284510963808,37.42645710551424,-0.3202157640860719,-0.290718170555599,-0.029497593530472876
2022-09-29,36.926396449318815,37.03052650898725,35.9525665111968,36.15504837036133,5174000,TSCO,36.51613445996605,36.48832287120344,37.03052650898725,35.9525665111968,37.24761806881388,37.403720636158376,-0.3371803400314164,-0.3000106044507625,-0.037169735580653895
2022-09-30,35.8734982351048,36.18010640753171,34.98065976838843,35.84457015991211,6085500,TSCO,35.71970864273426,36.50222866558474,36.50222866558474,34.98065976838843,37.20139482138983,37.37800274616629,-0.371396656035472,-0.3142878147677044,-0.05710884126776761
2022-10-03,36.06055872710951,37.780663296377675,35.93521351427275,37.43355941772461,6747000,TSCO,36.80249873887114,36.1109686541595,37.780663296377675,35.93521351427275,37.17808097919918,37.36628289230939,-0.26721489266858356,-0.3048732303478802,0.03765833767929666
2022-10-04,37.76137091244094,38.36495064291019,37.74979968337575,38.16054153442383,6723000,TSCO,38.00916569328768,36.456733696515315,38.36495064291019,36.456733696515315,37.18670068355542,37.372461451850775,-0.12455294462257882,-0.26880917320281994,0.14425622858024112
2022-10-05,37.85200798847293,39.22308113672297,37.74016133983762,38.874046325683594,6050000,TSCO,38.42232419767927,37.23294969490149,39.22308113672297,37.23294969490149,37.23570050591911,37.38513114867538,0.045556404797402195,-0.20593605760277553,0.25149246240017775
2022-10-06,39.04759878659748,39.24429131287977,38.4131635985548,38.58285903930664,5381000,TSCO,38.821978184334675,37.82763694629038,39.24429131287977,37.82763694629038,37.295827089920586,37.389323368133255,0.15508518386506864,-0.1337318093092067,0.28881699317427534
2022-10-07,38.27625007951773,38.34181180155946,37.381484294323265,37.52996826171875,4893000,TSCO,37.8823786092798,38.324807565312526,38.34181180155946,37.381484294323265,37.32327740589387,37.37754448217332,0.15513969023454166,-0.07595750940045704,0.2310971996349987
2022-10-10,37.610965102806475,37.92914823283502,37.00931253837533,37.72473907470703,3545500,TSCO,37.568541237180966,38.10359308729616,38.10359308729616,37.00931253837533,37.33990970396588,37.35798001802415,0.1689516938081681,-0.026975668758732013,0.1959273625669001
2022-10-11,37.724733669984,39.04952550950511,37.724733669984,38.7139892578125,5757500,TSCO,38.3032455268214,37.836067162238564,39.04952550950511,37.724733669984,37.36258742406224,37.38266182053539,0.25676223322259517,0.029771911637533427,0.22699032158506174
2022-10-12,38.762199421566415,39.46605465439305,38.47101708823907,39.26357650756836,8294000,TSCO,38.990711917941724,38.06965634452998,39.46605465439305,38.06965634452998,37.40616858780338,37.42298995857314,0.36647531698111635,0.09711259270625001,0.26936272427486635
2022-10-13,38.557793414480265,39.45448286311739,37.5878219578501,39.12666320800781,8364500,TSCO,38.6816903608639,38.530184131235856,39.45448286311739,37.5878219578501,37.44624988694956,37.463062238663994,0.4373346456932907,0.16515700330365818,0.27217764238963255
2022-10-14,39.53162389404404,39.53162389404404,38.23575627245034,38.31289291381836,5363500,TSCO,38.90297424358919,38.605937246049876,39.53162389404404,38.23575627245034,37.49347571310394,37.51137099090211,0.4229511943422182,0.2167158415113702,0.20623535283084798
2022-10-17,38.935754597652355,39.2520067163973,38.52115437052412,38.897186279296875,5811500,TSCO,38.901525490967664,38.75445574481954,39.2520067163973,38.52115437052412,37.5478558259781,37.56968496291634,0.4534724488564166,0.26406716298037947,0.1894052858760371
2022-10-18,39.531620762980815,39.76880892805396,38.81040867123824,39.11509323120117,7405500,TSCO,39.30648289836854,38.827990617893605,39.76880892805396,38.81040867123824,37.59361611838612,37.629493391987005,0.4896002262048498,0.30917377562527354,0.18042645057957624
2022-10-19,39.234650602326816,39.39084749843988,37.63602960385503,37.857791900634766,7037000,TSCO,38.52982990131412,39.067236758131074,39.39084749843988,37.63602960385503,37.62683223918041,37.66027505618501,0.41202843307134174,0.32974470711448717,0.08228372595685457
2022-10-20,38.25889130878498,38.3745925702981,36.116470429133265,36.548423767089844,12535500,TSCO,37.32459451882655,38.7985333297226,38.7985333297226,36.116470429133265,37.62766133044432,37.667130436876185,0.2421063117515203,0.31221702804189383,-0.07011071629037352
2022-10-21,36.257245663789284,38.463301205600345,36.1666104850814,38.060272216796875,8804500,TSCO,37.23685739281698,38.06156392427458,38.463301205600345,36.1666104850814,37.62466269635952,37.67470416843786,0.2268206934661663,0.29513776112674833,-0.06831706766058204
2022-10-24,38.44787784570667,40.545945176715485,38.44787784570667,40.077354431152344,9963500,TSCO,39.379763824820294,37.64921065854578,40.545945176715485,37.64921065854578,37.65563239049672,37.701089197205164,0.3731667738069504,0.31074356366278877,0.062423210144161634
2022-10-25,40.08891778588474,41.39249818209062,40.031068989766226,41.32307815551758,7551000,TSCO,40.70889077831479,38.51448724168304,41.39249818209062,38.51448724168304,37.706965759535976,37.736036130762166,0.5829467432676694,0.3651841995837649,0.21776254368390446
2022-10-26,41.53519556808476,42.50323968311854,41.0588882770369,41.64511489868164,5583000,TSCO,41.68560960673046,39.61168900999891,42.50323968311854,39.61168900999891,37.761056629730604,37.77765034297592,0.7663505422341146,0.44541746811383487,0.3209330741202797
2022-10-27,41.88037755800785,42.065498858622526,41.18616256599068,41.57183837890625,6148500,TSCO,41.675969340381826,40.64864930836468,42.065498858622526,40.64864930836468,37.80706763191754,37.814612450422054,0.8954642174281986,0.5354268179767077,0.36003739945149094
2022-10-28,41.59305106895807,43.2128836457606,41.59305106895807,43.029685974121094,4948000,TSCO,42.357167939449454,41.162309324373254,43.2128836457606,41.162309324373254,37.86250831936242,37.85526728596231,1.1027124694928077,0.6488839482799277,0.45382852121288
2022-10-31,42.63822891344778,42.9390551785469,41.93051534594138,42.379825592041016,7798500,TSCO,42.47190625749427,41.759738631911354,42.9390551785469,41.759738631911354,37.92923000825529,37.89514602587106,1.2006792180442432,0.7592430022327908,0.4414362158114523
2022-11-01,42.65365495599934,42.993049541252525,42.02115071056288,42.52638244628906,5081500,TSCO,42.54855941352595,42.115822444702815,42.993049541252525,42.02115071056288,38.00268170412459,37.935280202606144,1.2754419841365845,0.8624827986135496,0.4129591855230349
2022-11-02,42.15034851854641,42.343186425454114,40.76192220934977,40.76770782470703,5452500,TSCO,41.50579124451433,42.33219092911438,42.343186425454114,40.76192220934977,38.05922157735845,37.969759515118135,1.1791887172834592,0.9258239823475316,0.2533647349359276
2022-11-03,40.528589532178884,41.265227483282054,40.302968918848556,40.7484245300293,6210000,TSCO,40.7113026160847,41.91899108681436,41.91899108681436,40.302968918848556,38.103005241249285,38.0081196126757,1.0888002970420914,0.9584192452864436,0.13038105175564774
2022-11-04,41.07625164478113,41.11288897541305,39.0572445266424,39.83245086669922,9345500,TSCO,40.26970900338395,41.315146851449526,41.315146851449526,39.0572445266424,38.1399046904263,38.036375127890594,0.9325060539429799,0.9532366070177509,-0.020730553074771008
2022-11-07,39.68203130084362,40.57679712689359,38.748700835972045,40.30104064941406,9166000,TSCO,39.82714247828083,40.79242792741674,40.79242792741674,38.748700835972045,38.18059330973111,38.059028676014975,0.8368068312876744,0.9299506518717356,-0.09314382058406123
2022-11-08,40.5093084544906,41.06660708041474,39.548980807557456,39.946224212646484,6190000,TSCO,40.26778013877732,40.309785202848786,41.06660708041474,39.548980807557456,38.25286878574676,38.092138893836655,0.7239881025559001,0.8887581420085686,-0.16477003945266855
2022-11-09,39.697459666680466,40.129413033393014,39.11509133971835,39.223079681396484,5421000,TSCO,39.54126093029708,40.28878267081305,40.28878267081305,39.11509133971835,38.31332327987763,38.12249625178619,0.5696600407711117,0.8249385217610773,-0.25527848098996564
2022-11-10,40.7079291011429,41.56605394733791,40.1390592838338,40.609580993652344,6268000,TSCO,40.75565583149174,39.91502180055507,41.56605394733791,39.91502180055507,38.40787132321191,38.15732261859127,0.5528599826208662,0.7705228139330351,-0.2176628313121689
2022-11-11,41.09938440486702,41.353929403558034,40.01178438430613,40.3126106262207,6381500,TSCO,40.69442720473797,40.3353388160234,41.353929403558034,40.01178438430613,38.50517685802805,38.19228399737381,0.509707201396111,0.7183596914256504,-0.20865249002953934
2022-11-14,40.51509172124163,41.903518084973314,40.35310919718453,41.03189468383789,7998000,TSCO,40.95090342180934,40.514883010380686,41.903518084973314,40.35310919718453,38.59556930423773,38.22415993036581,0.5274681984641774,0.6801813928333558,-0.1527131943691784
2022-11-15,41.66439772172758,41.938223188087115,40.866049069968824,41.6913948059082,5895500,TSCO,41.54001619642293,40.732893216095015,41.938223188087115,40.732893216095015,38.70056906688771,38.251234222628135,0.5879821723041516,0.661741548727515,-0.07375937642336339
2022-11-16,41.04538953612952,42.52830925027344,40.410954362552594,42.2506217956543,10372000,TSCO,41.55881873615246,41.136454706258974,42.52830925027344,40.410954362552594,38.7877603497288,38.274750714564036,0.6733034538701546,0.6640539297560429,0.009249524114111618
2022-11-17,41.718393584519816,42.03657299270361,40.71756676075689,41.436851501464844,5086000,TSCO,41.47734620986129,41.34763672120572,42.03657299270361,40.71756676075689,38.85737455278384,38.304630839378994,0.6675614891347195,0.6647554416317782,0.0028060475029412224
2022-11-18,41.961363210992786,42.50323585349189,41.575687449600146,42.39717483520508,6028500,TSCO,42.10936533732247,41.412491465533506,42.50323585349189,41.412491465533506,38.926844106654464,38.34879054876063,0.7320622500633363,0.6782168033180899,0.053845446745246384
2022-11-21,41.72224812148434,42.71535833758491,41.68946542113433,42.50902557373047,4851500,TSCO,42.15902436348351,41.76092840142799,42.71535833758491,41.68946542113433,38.9877999365548,38.39610796677921,0.7831770105585747,0.6992088447661868,0.08396816579238786
2022-11-22,42.88120235102461,43.22252424452365,42.58808901643345,43.1068229675293,3444500,TSCO,42.949659644877755,41.95997638245575,43.22252424452365,41.95997638245575,39.0879210106935,38.449403353563355,0.861986634832995,0.7317644027795485,0.13022223205344652
2022-11-23,43.239882894079344,43.851175685411945,43.072114748115446,43.5349235534668,4162000,TSCO,43.42452422026838,42.45481801366675,43.851175685411945,42.45481801366675,39.217112446135474,38.504983907445215,0.9480593315349424,0.7750233885306272,0.17303594300431513
2022-11-25,43.85502944109564,43.98615656607205,43.05475343614857,43.19938278198242,2081500,TSCO,43.52383055632467,42.93967111696757,43.98615656607205,42.93967111696757,39.36077612358639,38.55912296183578,0.9779243248834746,0.8156035758011968,0.16232074908227778
2022-11-28,43.15888993116127,43.47900035374102,42.74814432803632,42.786712646484375,5019500,TSCO,43.043186814855744,43.231750836646114,43.47900035374102,42.74814432803632,39.4946629133427,38.602651153800636,0.9572588322264011,0.8439346270862377,0.11332420514016339
2022-11-29,42.69029558807859,42.769359537584364,42.11564014786255,42.23326873779297,3994000,TSCO,42.45214100282962,43.13746882575093,43.13746882575093,42.11564014786255,39.60741498490981,38.63478751813935,0.8860096149814964,0.8523496246652895,0.03365999031620692
2022-11-30,42.28340891050485,43.791394876608614,42.07707244936417,43.64098358154297,10044500,TSCO,42.94821495450515,42.794804914290275,43.791394876608614,42.07707244936417,39.73273019395067,38.67156642187559,0.9323869438211716,0.868357088496466,0.06402985532470562
2022-12-01,44.01701340013756,44.315912341575135,43.04125630699814,43.317012786865234,5039500,TSCO,43.67279870889402,42.87150993439771,44.315912341575135,42.87150993439771,39.86703161808015,38.72192104180188,0.9322531415552149,0.8811362991082158,0.0511168424469991
2022-12-02,43.12803730520855,43.55035048847552,42.572665989421125,43.37679672241211,3594500,TSCO,43.156962626379325,43.272154321645864,43.55035048847552,42.572665989421125,40.00373404425578,38.77543822612406,0.9262934321704677,0.8901677257206662,0.03612570644980151
2022-12-05,42.7847805072383,43.07789380945242,42.37982056537367,42.60736846923828,4737500,TSCO,42.71246583782567,43.21455847401259,43.21455847401259,42.37982056537367,40.14095697527871,38.81800704455465,0.849689201690822,0.8820720209146974,-0.032382819223875425
2022-12-06,42.537949223129914,42.719215889003706,41.38863845297431,41.870731353759766,4408500,TSCO,42.129133729716926,42.96351215591913,42.96351215591913,41.38863845297431,40.264999356340404,38.84775693003835,0.7212254996336611,0.8499027166584902,-0.12867721702482904
2022-12-07,41.77624275234218,42.70764588078652,41.70875003854744,41.91122817993164,3118000,TSCO,42.02596671290195,42.54632294281803,42.70764588078652,41.70875003854744,40.378368338526165,38.874363587353145,0.6155887220512071,0.8030399177370335,-0.18745119568582647
2022-12-08,41.85530436049998,42.456956813956836,41.66053915755153,42.33161163330078,3661500,TSCO,42.07610299132728,42.286144827859985,42.456956813956836,41.66053915755153,40.484640813777744,38.89874296170791,0.5593444712562103,0.754300828440869,-0.19495635718465865
2022-12-09,42.00572229641772,42.60158549924925,41.693324817759816,42.10021209716797,4242000,TSCO,42.10021117764869,42.18112390959364,42.60158549924925,41.693324817759816,40.5963223481314,38.921970208472636,0.49044494457425003,0.7015296516675452,-0.2110847070932952
2022-12-12,42.21784020107484,42.29497683318106,40.89883395229047,41.3577880859375,4718000,TSCO,41.692359768120966,42.14066754362116,42.29497683318106,40.89883395229047,40.715775370639136,38.95858509601448,0.3716500102999234,0.6355537233940208,-0.26390371309409744
2022-12-13,42.48395256650245,42.55915820130838,40.67128233580669,41.30571746826172,5456500,TSCO,41.75502764296981,41.916513655871064,42.55915820130838,40.67128233580669,40.81482594872111,38.996453463960144,0.2701879468766677,0.5624805680905502,-0.29229262121388255
2022-12-14,41.63354464360172,41.82830985857313,40.71756736486709,41.521697998046875,5154000,TSCO,41.4252799662722,41.83577064942044,41.83577064942044,40.71756736486709,40.8831482341808,39.03492445886811,0.20484502837263108,0.49095346014696645,-0.28610843177433537
2022-12-15,41.11866907827132,41.411782396336584,40.605720771657104,41.27101135253906,4978000,TSCO,41.10179589970102,41.63052530784632,41.63052530784632,40.605720771657104,40.936737668221234,39.08621908707017,0.13131822274209526,0.4190264126659922,-0.28770818992389696
2022-12-16,40.8834132231188,41.37900474450029,40.24126502482167,40.59415817260742,8066000,TSCO,40.774460291262045,41.366160603773665,41.37900474450029,40.24126502482167,40.975787310359784,39.135807200140185,0.018221261267875377,0.3388653823863689,-0.3206441211184935
2022-12-19,40.78506049238661,41.09167235602015,40.515089632873874,40.777347564697266,4621500,TSCO,40.79229251149447,41.070310447517855,41.09167235602015,40.515089632873874,41.03398558840408,39.17863149714897,-0.055981720133743806,0.25989596188234637,-0.3158776820160902
2022-12-20,40.70599316389993,40.75998733131508,40.02720776864806,40.53437042236328,4626500,TSCO,40.506889671556586,40.93130147950616,40.93130147950616,40.02720776864806,41.09275255709158,39.21633113052874,-0.13286278278405916,0.18134421294906528,-0.31420699573312444
2022-12-21,41.05310309714581,41.52941039324297,40.609578501533704,41.31536102294922,3824000,TSCO,41.12686325371793,40.71909557553137,41.52941039324297,40.609578501533704,41.14922491162952,39.255906167845886,-0.1292818833005711,0.119218993699138,-0.24850087699970913
2022-12-22,40.89690539085919,41.10324182955673,40.26439753236795,41.08395767211914,5289500,TSCO,40.837125606225754,40.92297941462465,41.10324182955673,40.26439753236795,41.1861531853952,39.29616088659929,-0.14346256401874058,0.06668268215556229,-0.21014524617430286
2022-12-23,41.17074032311817,41.866882688642804,40.931621151005146,41.85723876953125,3643000,TSCO,41.456620733074345,40.8800525104252,41.866882688642804,40.8800525104252,41.241651792839406,39.34395083989448,-0.0912516415511746,0.035095817414214914,-0.12634745896538951
2022-12-27,42.00572074411485,43.17623931395181,41.68175204686619,43.020042419433594,5287500,TSCO,42.47093863109161,41.16833662174977,43.17623931395181,41.16833662174977,41.31301108058946,39.4032433968467,0.043453522101394526,0.03676735835165084,0.006686163749743686
2022-12-28,43.19552404677641,43.45971296261405,42.32582802425774,42.40489196777344,3945500,TSCO,42.84648925035541,41.81963762642069,43.45971296261405,41.81963762642069,41.391910355777206,39.46988309087765,0.09942472799758661,0.049298832280838,0.050125895716748615
2022-12-29,42.615094438114184,43.91674406123889,42.59195197334027,43.77018737792969,3989000,TSCO,43.22349446265576,42.33306343838805,43.91674406123889,42.33306343838805,41.47025058706296,39.53193335272454,0.2510562214273335,0.0896503101101371,0.16140591131719642
2022-12-30,43.36329183113191,43.606269274904385,43.00847142236899,43.38257598876953,3595000,TSCO,43.340152129293706,42.77827895052191,43.606269274904385,42.77827895052191,41.56645703162254,39.596644635401475,0.3360742183247325,0.13893509175305618,0.19713912657167632
2023-01-03,43.463570888562444,43.59855632526779,42.65365459025305,43.03740310668945,5517500,TSCO,43.188296227693186,43.05921553990781,43.59855632526779,42.65365459025305,41.683731065799876,39.655696198122094,0.3713186957470782,0.1854118125518606,0.18590688319521761
2023-01-04,43.29387037553112,43.4519982560884,42.43381462808158,42.71150207519531,4494500,TSCO,42.972796333724105,43.1237558838005,43.4519982560884,42.43381462808158,41.79844984461802,39.71155627048877,0.3687025351383042,0.22206995706914934,0.14663257806915486
2023-01-05,42.6170179194698,42.80985583691267,42.100214948938614,42.35282897949219,5644000,TSCO,42.46997942120332,43.0482761087623,43.0482761087623,42.100214948938614,41.86025415654568,39.75794327352121,0.333838999560939,0.24442376556750728,0.08941523399343171
2023-01-06,42.56494786728572,43.33822679165085,42.449246596719924,42.74042892456055,4621500,TSCO,42.77321254505426,42.75912776498281,43.33822679165085,42.449246596719924,41.90154059188047,39.804253175708226,0.3336394844039461,0.2622669093347951,0.07137257506915101
2023-01-09,42.564950917298304,42.91977136012506,41.78395900934338,41.938228607177734,6121500,TSCO,42.301727473486125,42.76617015501853,42.91977136012506,41.78395900934338,41.913862949215584,39.837459789473094,0.2656878220321346,0.26295109187426297,0.002736730157871625
2023-01-10,42.00764845863109,42.765497834361305,41.35007449618696,42.75971221923828,5594000,TSCO,42.22073325210441,42.53394881425233,42.765497834361305,41.35007449618696,41.92475822745003,39.86591292968379,0.2749530149019819,0.2653514764798068,0.009601538422175093
2023-01-11,42.95063094934009,43.34016144609258,42.58231192667567,42.732723236083984,5055000,TSCO,42.901456889548086,42.37734103317837,43.34016144609258,42.37734103317837,41.935644006452,39.89907616290722,0.2769257341363982,0.26766632801112505,0.00925940612527315
2023-01-12,43.02390613958138,43.372940975302996,42.50709948000411,42.56687927246094,5269000,TSCO,42.867706466837355,42.63939896136323,43.372940975302996,42.50709948000411,41.94356001063887,39.936395009447075,0.26208574516623884,0.2665502114421478,-0.004464466275908963
2023-01-13,42.24290736445667,43.26301461792057,42.17155635197435,42.63436508178711,6859000,TSCO,42.57796085403467,42.753552714100294,43.26301461792057,42.17155635197435,41.94414803944904,39.973414871786815,0.2528557244074747,0.2638113140352132,-0.01095558962773846
2023-01-17,42.70378821741753,43.25530111891884,42.208196795344996,42.229408264160156,6007500,TSCO,42.599173598960384,42.66575678406748,43.25530111891884,42.208196795344996,41.966015686537965,40.012618631948214,0.21043843238512494,0.25313673770519557,-0.04269830532007063
2023-01-18,42.21013187335218,42.47817544640047,41.37900406564352,41.407928466796875,5397000,TSCO,41.868809963048264,42.63246519151393,42.63246519151393,41.37900406564352,41.98916583347724,40.04608553736326,0.1092762005849579,0.22436463028114806,-0.11508842969619015
2023-01-19,41.450357534426416,41.61234007536042,39.8478779394153,39.89030456542969,5935000,TSCO,40.70022002865795,42.2506375772811,42.2506375772811,39.8478779394153,41.99777605398272,40.068840372204505,-0.09229128598389025,0.1610334470281404,-0.2533247330120306
2023-01-20,39.9790003321177,41.12445278750062,39.76880559331784,40.89497756958008,7202000,TSCO,40.44180907062906,41.475428802969525,41.475428802969525,39.76880559331784,42.01006938582968,40.095331347780395,-0.1690179228679014,0.09502317304893204,-0.26404109591683345
2023-01-23,41.795525028251234,41.87266165658722,40.983681508822414,41.55255126953125,6601000,TSCO,41.551104865798024,40.9586189367993,41.87266165658722,40.9586189367993,42.03573588037009,40.144302333058434,-0.17474923299040057,0.04106869184106553,-0.2158179248314661
2023-01-24,41.45998811169468,41.79745165997774,40.84290980736174,41.43299102783203,5082000,TSCO,41.383335151716544,41.25486190129866,41.79745165997774,40.84290980736174,42.07257736479849,40.192950322338056,-0.1867857005667659,-0.004502186640500761,-0.18228351392626516
2023-01-25,41.1630209253343,41.309577576945806,40.54208430731227,41.23244094848633,7195000,TSCO,41.06178093951968,41.3190985265076,41.3190985265076,40.54208430731227,42.07869986695904,40.243285595085474,-0.2100856663870303,-0.04561888258980667,-0.16446678379722363
2023-01-26,44.5299596191677,45.38615716604471,41.93822819422415,43.72004699707031,11542000,TSCO,43.89359799412672,41.19043973301364,45.38615716604471,41.19043973301364,42.14268328274682,40.32393007038743,-0.02750497856558809,-0.04199610178496296,0.014491123219374867
2023-01-27,44.19442488017514,44.24456443171655,42.85806532903885,43.5175666809082,6755500,TSCO,43.70365533045968,42.54201886357018,44.24456443171655,42.54201886357018,42.19773832091983,40.396653812578776,0.09970373998888249,-0.01365613343019387,0.11335987341907636
2023-01-30,43.509843145842474,43.73931834083103,42.84262535017483,42.96218490600586,6488000,TSCO,43.26349293571354,43.12283709701493,43.73931834083103,42.84262535017483,42.23220785570564,40.466388461296674,0.15392850621469023,0.01986079449878295,0.13406771171590728
2023-01-31,43.12803338493493,43.97651797766593,43.12803338493493,43.96494674682617,6114000,TSCO,43.54938287359049,43.19316501636423,43.97651797766593,43.12803338493493,42.2720191384544,40.529889744091605,0.27465052396457423,0.0708187403919412,0.20383178357263304
2023-02-01,43.822246504071764,44.53188733048059,43.23216524966661,44.358333587646484,5866000,TSCO,43.986158167966366,43.37127394497736,44.53188733048059,43.23216524966661,42.3221953776165,40.58978496520017,0.39748466735012045,0.13615192578357707,0.2613327415665434
2023-02-02,44.75944134874552,44.99855684728806,44.08643775586403,44.52610778808594,5546500,TSCO,44.59263593499589,43.67871605647186,44.99855684728806,43.67871605647186,42.371860789569965,40.64935244811222,0.5025762011789823,0.20943678086265813,0.2931394203163241
2023-02-03,44.2349187816884,44.803788605315795,44.04208454567419,44.074867248535156,4802000,TSCO,44.288914795303384,44.13567599573388,44.803788605315795,44.04208454567419,42.414458598206366,40.70112926738059,0.5431891125487809,0.2761872471998827,0.2670018653488982
2023-02-06,43.96494371789098,44.8732080366169,43.909022236146804,44.8192138671875,4961500,TSCO,44.39159696446055,44.21229539551863,44.8732080366169,43.909022236146804,42.44329734459802,40.76560917764576,0.6281962336278823,0.3465890444854826,0.28160718914239974
2023-02-07,44.63602033975086,44.998553704617166,43.57349001987068,44.878997802734375,4803000,TSCO,44.52176546674327,44.301946179989585,44.998553704617166,43.57349001987068,42.46524216952752,40.841177307831494,0.692407411854532,0.41575271795929253,0.2766546938952395
2023-02-08,44.72279812565021,44.94070581834256,44.52417827058936,44.591670989990234,3666500,TSCO,44.69483830114309,44.41185582336642,44.94070581834256,44.41185582336642,42.488662324423885,40.92471922400514,0.7119039748405029,0.47498296933553463,0.2369210055049683
2023-02-09,44.58588068690314,45.23959634009892,44.58588068690314,45.077613830566406,4228500,TSCO,44.8722428861179,44.55334706225476,45.23959634009892,44.55334706225476,42.52524344584913,41.00995317959591,0.7578308650339878,0.5315525484752253,0.22627831655876252
2023-02-10,45.14896464513403,45.26081128706188,44.73243714302079,44.93105697631836,4748000,TSCO,45.01831751288377,44.71279497418633,45.26081128706188,44.71279497418633,42.57656697605021,41.09199098048001,0.773486077068533,0.5799392541938868,0.1935468228746462
2023-02-13,45.12389858416628,45.87018045840592,44.88671041647731,45.735191345214844,5607500,TSCO,45.40399520106609,44.86555624353505,45.87018045840592,44.86555624353505,42.625682580981426,41.17920638746605,0.8410843714569296,0.6321682776464954,0.2089160938104342
2023-02-14,45.50957335134948,45.94538503662597,45.285880054291134,45.89331817626953,4254000,TSCO,45.65853915463403,45.134775722300574,45.94538503662597,45.134775722300574,42.665397389896235,41.266214503988195,0.8970750972133814,0.6851496415598727,0.21192545565350873
2023-02-15,45.82389767093186,46.215355419594104,45.60598999152292,46.20571517944336,3994500,TSCO,45.962739565373056,45.3966574384673,46.215355419594104,45.3966574384673,42.721512928676106,41.36262348646594,0.9556399555696089,0.73924770436182,0.21639225120778893
2023-02-16,45.75061421726546,45.883672320524354,45.45171531298268,45.69854736328125,4117500,TSCO,45.69613730351344,45.67969850192018,45.883672320524354,45.45171531298268,42.78118635798985,41.46107166663429,0.9501757885415358,0.7814333211977632,0.16874246734377263
2023-02-17,45.29938034519988,46.118940565093325,45.15089636429531,46.08808517456055,5747000,TSCO,45.664325612287264,45.687917902716805,46.118940565093325,45.15089636429531,42.851890195641275,41.558444775990836,0.9661407732393457,0.8183748116060797,0.14776596163326594
2023-02-21,45.609849180052024,45.74290730079412,45.017836908372296,45.13161087036133,6088500,TSCO,45.37555106489494,45.67612175750203,45.74290730079412,45.017836908372296,42.91888188268113,41.648625110603646,0.8913388563771321,0.8329676205602903,0.05837123581684178
2023-02-22,45.21260003325424,45.50957165058482,44.80185813728865,44.8944206237793,4240000,TSCO,45.104612611226756,45.52583641119848,45.52583641119848,44.80185813728865,42.97945207507912,41.732046444428434,0.8036544989215386,0.82710499623254,-0.02345049731100135
2023-02-23,44.869349879352875,45.027477763524075,44.42582529243742,44.93105697631836,6179500,TSCO,44.813427477908185,45.31522451121262,45.31522451121262,44.42582529243742,43.03371640108431,41.81501937460786,0.7287200304745838,0.8074280030809488,-0.07870797260636497
2023-02-24,44.75286435561667,44.82259632254201,44.39453255863714,44.654083251953125,4400000,TSCO,44.65601912218724,45.064325994560406,45.064325994560406,44.39453255863714,43.092989588165636,41.904382479402386,0.6396114172921443,0.7738646859231879,-0.1342532686310436
2023-02-27,44.861324923416745,45.486954487589585,44.80127970621812,45.40754318237305,3378500,TSCO,45.13927557489937,44.86017255837382,45.486954487589585,44.80127970621812,43.16067454680423,41.98775024776267,0.6226130234386318,0.7436143534262767,-0.1210013299876449
2023-02-28,45.525696742895164,45.73682479773168,45.15574237383109,45.18092346191406,3881000,TSCO,45.399796844093,44.999724066636595,45.73682479773168,44.999724066636595,43.24016488436064,42.061656559270716,0.5841219619676323,0.7117158751345478,-0.12759391316691548
2023-03-01,44.73349278634593,44.80903605537023,43.55390133925876,43.72822570800781,6612500,TSCO,44.206163972245676,45.199760455364796,45.199760455364796,43.55390133925876,43.302252245811545,42.119494957016386,0.4314237657802522,0.6556574532636887,-0.22423368748343653
2023-03-02,43.581019573758645,44.35772838640169,43.329219752872355,44.25701141357422,3508500,TSCO,43.88124478165172,44.702962213805236,44.702962213805236,43.329219752872355,43.364387935619334,42.17008762298955,0.34905425222243736,0.5943368130554385,-0.24528256083300115
2023-03-03,44.384844842599236,44.60371637710589,44.150475264623964,44.580474853515625,3081000,TSCO,44.42987783446118,44.292103497728476,44.60371637710589,44.150475264623964,43.43713964207866,42.23556261524136,0.306345258151417,0.5367385020746342,-0.23039324392321725
2023-03-06,44.580481460538664,44.92331892156208,44.18921768631042,44.29574966430664,3462000,TSCO,44.49719193317945,44.36099066609483,44.92331892156208,44.18921768631042,43.51694568731113,42.30484912220136,0.2466795610004553,0.4787267138597985,-0.2320471528593432
2023-03-07,44.619211580615506,44.748988763307146,44.084619583717654,44.26475524902344,4427500,TSCO,44.42939379416593,44.429091299637136,44.748988763307146,44.084619583717654,43.58299629812008,42.366110604874805,0.1946492801216877,0.4219112271121763,-0.22726194699048863
2023-03-08,44.280256161143406,44.53593143546822,43.947101739733945,44.249263763427734,3526500,TSCO,44.253138274943325,44.429242546901534,44.53593143546822,43.947101739733945,43.65131655149443,42.41873486844481,0.150430801606511,0.3676151420110433,-0.21718434040453227
2023-03-09,44.518489943673906,44.87682539635153,43.90061121453629,43.95096969604492,5327000,TSCO,44.31172406265166,44.34119041092243,44.87682539635153,43.90061121453629,43.70841861808598,42.47503520546269,0.09027684523950796,0.31214748265673625,-0.2218706374172283
2023-03-10,43.95096811082438,44.601778773363954,43.77277202033367,44.014888763427734,5329000,TSCO,44.08510191698743,44.32645723678705,44.601778773363954,43.77277202033367,43.74070188380389,42.52685648219667,0.04721783813077707,0.2591615537515444,-0.21194371562076736
2023-03-13,43.64687671822021,44.55142317143062,43.62557106234554,44.14854049682617,3994000,TSCO,43.99310286220563,44.20577957688724,44.55142317143062,43.62557106234554,43.7636341560409,42.57777225590906,0.02360573051748105,0.21205038910473176,-0.1884446585872507
2023-03-14,44.520425201630744,44.63857606666941,43.927723923375424,44.481685638427734,3845500,TSCO,44.39210270752583,44.099441219546435,44.63857606666941,43.927723923375424,43.787006320938296,42.628628454000626,0.03141288564316369,0.17592288841241815,-0.14451000276925446
2023-03-15,44.28412247394187,44.99303879056942,44.15240942879387,44.82258987426758,5704000,TSCO,44.56304014189318,44.24577196353613,44.99303879056942,44.15240942879387,43.811464081190294,42.68896055640642,0.0643662609152642,0.1536115629129874,-0.08924530199772318
2023-03-16,44.739307468551814,45.754261363109805,44.739307468551814,45.57993698120117,5580000,TSCO,45.20320332035365,44.404406052714656,45.754261363109805,44.404406052714656,43.85176222304351,42.76774664442169,0.14986606761129906,0.15286246385264973,-0.002996396241350674
2023-03-17,45.672901564357126,45.7251996076055,44.83033634583224,45.022090911865234,5550500,TSCO,45.31263210741503,44.80380468653415,45.7251996076055,44.80380468653415,43.89855893851732,42.848504391567666,0.1706446790915166,0.15641890690042312,0.014225772191093472
2023-03-20,45.12862936187802,45.50051963349569,44.770297570504695,44.97367477416992,5311500,TSCO,45.09328033501208,45.05821839697459,45.50051963349569,44.770297570504695,43.951024956793496,42.905639556669584,0.1811172932944416,0.16135858417922683,0.019758709115214768
2023-03-21,45.32425651646078,45.86853525633645,45.32425651646078,45.64772415161133,4612500,TSCO,45.541193110217336,45.07574936599333,45.86853525633645,45.07574936599333,44.006384568096756,42.95396257998861,0.24102863888128923,0.17729259511963932,0.0637360437616499
2023-03-22,45.39204666228223,45.533442753768355,44.30930054087868,44.324798583984375,4447500,TSCO,44.88989713522841,45.308471238105334,45.533442753768355,44.30930054087868,44.058147961331606,42.9860054552736,0.17968843827532055,0.17777176375077558,0.0019166745245449701
2023-03-23,44.23182223816084,44.32479571313979,43.55195878218838,43.89285659790039,4606000,TSCO,44.000358332847355,45.099184186666875,45.099184186666875,43.55195878218838,44.093740462946464,43.00924934519825,0.09512523448587729,0.16124245789779593,-0.06611722341191864
2023-03-24,43.93353571573154,44.37322204169056,43.50934743317412,44.00907897949219,4080500,TSCO,43.956296042522105,44.549771259757115,44.549771259757115,43.50934743317412,44.11483724600595,43.02524062622897,0.03705926498311385,0.1364058193148595,-0.09934655433174566
2023-03-27,44.12916663583724,44.936867713076005,43.89866881346314,44.50492858886719,4698000,TSCO,44.36740793781089,44.25303365113961,44.936867713076005,43.89866881346314,44.14483127542541,43.04419564303213,0.030698610821595196,0.11526437761620666,-0.08456576679461146
2023-03-28,44.646329167779875,44.75867243822032,44.338359574331015,44.45457458496094,4444500,TSCO,44.54948394132304,44.31022079447525,44.75867243822032,44.31022079447525,44.184261737171184,43.06420488831011,0.021348506983763116,0.09648120348971795,-0.07513269650595483
2023-03-29,44.63276884011802,44.77610449818179,44.3112407805029,44.634708404541016,8097500,TSCO,44.58870563083593,44.429852367899144,44.77610449818179,44.3112407805029,44.22405237780868,43.095034032173324,0.028149288650155313,0.08281482052180543,-0.054665531871650117
2023-03-30,44.72574737113429,44.92718870764116,44.56304560574233,44.62502670288086,4544000,TSCO,44.71025209684966,44.50927899936754,44.92718870764116,44.50927899936754,44.280881220484716,43.13502352698097,0.032384417303070734,0.07272873987805849,-0.040344322574987754
2023-03-31,44.770292729192185,45.82592189830407,44.63857968139937,45.52569580078125,5183500,TSCO,45.19012252741922,44.6097655481086,45.82592189830407,44.6097655481086,44.37067927045994,43.18422766222133,0.10718173197985692,0.07961933829841818,0.027562393681438743
2023-04-03,45.638040720017756,46.8776773325755,45.638040720017756,46.80794906616211,5287000,TSCO,46.24042695969328,44.89994403776391,46.8776773325755,44.89994403776391,44.486651628241226,43.24836050703545,0.26685018223301427,0.1170655070853374,0.14978467514767685
2023-04-04,46.79632564731873,46.873804781467356,45.90920951112261,46.40700149536133,4124000,TSCO,46.496585358817505,45.57018549872859,46.873804781467356,45.57018549872859,44.58556123810162,43.31064855923585,0.3569210970713783,0.1650366250825456,0.1918844719888327
2023-04-05,46.00993253802938,46.271419087632864,45.04921265268574,45.42691421508789,5152000,TSCO,45.68936962335897,46.033385428773045,46.271419087632864,45.04921265268574,44.671681927534465,43.37212964616648,0.34523840004747086,0.20107698007553065,0.1441614199719402
2023-04-06,45.080199650044264,45.69033485941003,44.48749835299509,45.63997268676758,4932500,TSCO,45.224501387304244,45.86137752606601,45.86137752606601,44.48749835299509,44.754936336490154,43.4168181017246,0.3491470665012173,0.230690997360668,0.11845606914054929
2023-04-10,45.39786516539271,46.445747321185934,45.39786516539271,46.20556640625,5520500,TSCO,45.86176101455534,45.542939456685126,46.445747321185934,45.39786516539271,44.794299596898725,43.46849143982277,0.3933491153738231,0.263222620963299,0.1301264944105241
2023-04-11,46.13970302296366,46.92609849064411,45.70970713419683,46.48641586303711,4690000,TSCO,46.31548112771043,45.70235023562023,46.92609849064411,45.70235023562023,44.846536112843744,43.52213721688178,0.44590168451487244,0.2997584336736137,0.14614325084125873
2023-04-12,46.67429937256013,46.67429937256013,44.96785949400713,45.06083297729492,5404000,TSCO,45.84432280410557,46.00891568166533,46.67429937256013,44.96785949400713,44.89815271021159,43.565180282958615,0.3682721374349569,0.3134611744258824,0.05481096300907451
2023-04-13,45.11894641456145,45.85885521899808,44.958180521483506,45.723270416259766,4202000,TSCO,45.4148131428257,45.92661924288545,45.92661924288545,44.958180521483506,44.935461315596285,43.60374022702535,0.3560984459657206,0.32198862873385004,0.034109817231870565
2023-04-14,45.71357836109879,46.246234464668994,45.66709162064959,46.0893440246582,3391500,TSCO,45.92906211776889,45.67071619285558,46.246234464668994,45.66709162064959,44.97431939459234,43.648257386104426,0.3717050046473602,0.3319319039165521,0.03977310073080814
2023-04-17,46.37988399153446,46.7343440067174,46.21718224502702,46.72659683227539,5258000,TSCO,46.514501768888564,45.799889155312236,46.7343440067174,45.799889155312236,45.01275671127019,43.69230875042008,0.43053139277311914,0.35165180168786553,0.07887959108525361
2023-04-18,46.95128095799546,47.51880491075556,46.769209423179156,47.49555969238281,5861500,TSCO,47.18371374607825,46.157195462100404,47.51880491075556,46.157195462100404,45.07065269028569,43.742555644246025,0.5330558692588738,0.3879326152020672,0.14512325405680665
2023-04-19,47.49362646890097,47.85002238373898,47.12367207405949,47.80740737915039,7190500,TSCO,47.56868207646246,46.67045460408933,47.85002238373898,46.67045460408933,45.13419439252572,43.788745868561875,0.6321833415837688,0.43678276047840753,0.19540058110536124
2023-04-20,47.60015864635726,48.5027692000185,47.47038145626479,48.22966003417969,6119500,TSCO,47.95074233420506,47.11956834027589,48.5027692000185,47.11956834027589,45.202773929874965,43.83400804970124,0.7363269195434015,0.49669159229140636,0.2396353272519951
2023-04-21,48.32069064265604,48.64996955114293,47.97785325607395,48.150238037109375,5303000,TSCO,48.27468787174558,47.535155337240475,48.64996955114293,47.535155337240475,45.27437092128701,43.88151662285544,0.803194043027041,0.5579920824385334,0.24520196058850763
2023-04-24,47.84226651399537,48.595733646749785,47.73185912945438,48.41753387451172,4606000,TSCO,48.14684829117782,47.904921604493026,48.595733646749785,47.73185912945438,45.339863029388205,43.93255323761867,0.867752351383615,0.6199441362275497,0.24780821515606521
2023-04-25,48.134748898004766,48.27420912825053,47.27474968643542,47.33285903930664,5965000,TSCO,47.75414168799934,48.02588494783542,48.27420912825053,47.27474968643542,45.39457951289052,43.98557324447036,0.821916539437126,0.660338616869465,0.1615779225676609
2023-04-26,47.26119573237818,47.598221883604346,46.99389785574744,47.104305267333984,5234500,TSCO,47.239405184765985,47.89001331791738,47.89001331791738,46.99389785574744,45.43128771256452,44.02848514677297,0.7584065107810929,0.6799521956517907,0.07845431512930223
2023-04-27,46.873802442438624,46.95127787831273,44.63857829998127,46.31015396118164,10493000,TSCO,46.193453145478564,47.56470925134168,47.56470925134168,44.63857829998127,45.441985992381404,44.05369169113882,0.6366540307360751,0.6712925626686476,-0.03463853193257249
2023-04-28,46.312090828987756,46.312090828987756,45.339752106087865,46.17650604248047,7063500,TSCO,46.03510995163596,46.87908119841012,46.87908119841012,45.339752106087865,45.44343340010667,44.08247316439139,0.5233472220211013,0.6417034945391383,-0.11835627251803704
2023-05-01,46.33533331986961,46.606502876928005,45.93438659386916,46.28303527832031,5242000,TSCO,46.289814517246775,46.45709557502304,46.606502876928005,45.93438659386916,45.455306944381334,44.11824665118559,0.4371080690832514,0.600784409447961,-0.16367634036470957
2023-05-02,46.21524932594547,46.90286005249049,45.6922762264287,46.86412048339844,6135500,TSCO,46.41862652206578,46.37345504613491,46.90286005249049,45.6922762264287,45.47039296257691,44.16114157910909,0.41091486796628374,0.5628105011516256,-0.15189563318534183
2023-05-03,46.64524664618518,47.615649529500324,46.573578816326076,47.127540588378906,3390500,TSCO,46.99050389509762,46.39604078410034,47.615649529500324,46.39604078410034,45.502692019180955,44.210786950931045,0.4067239083093668,0.5315931825831739,-0.12486927427380712
2023-05-04,47.094614250038425,47.29799513888762,45.70970976331788,45.8704719543457,4268500,TSCO,46.493197776647406,46.69327233959898,47.29799513888762,45.70970976331788,45.53046372248937,44.25495789878425,0.2985263832614464,0.48497982271882845,-0.18645343945738202
2023-05-05,45.90339977497956,46.87961399327367,45.90339977497956,46.55033874511719,4564000,TSCO,46.309188072087494,46.59323505812319,46.87961399327367,45.90339977497956,45.560378934372956,44.29704766772863,0.26458862035654107,0.440901582246371,-0.17631296188982992
2023-05-08,46.583262080577384,47.20308407530126,46.42443576540644,46.62200164794922,3334000,TSCO,46.70819589230858,46.45121156510534,47.20308407530126,46.42443576540644,45.60142246977538,44.34720602897051,0.2407006488437844,0.4008613955658537,-0.1601607467220693
2023-05-09,46.521283893004714,46.89123828735652,46.3217821279642,46.81763458251953,3311500,TSCO,46.63798472271124,46.57970372870696,46.89123828735652,46.3217821279642,45.63139665273162,44.39603559976792,0.2348480203725174,0.36765872052718646,-0.13281070015466906
2023-05-10,46.94352866873694,47.452943214471816,46.79825715296047,47.23600387573242,4866000,TSCO,47.107683227975414,46.6088442257091,47.452943214471816,46.6088442257091,45.665554380409276,44.452859632384964,0.26096048561147,0.3463190735440432,-0.08535858793257317
2023-05-11,47.282493909709224,47.54010869972256,46.28690996466393,46.83893585205078,3232500,TSCO,46.98711210653662,46.85826372684225,47.54010869972256,46.28690996466393,45.72117334309509,44.51171279445332,0.24677011904503132,0.32640928264424085,-0.07963916359920953
2023-05-12,46.83119202415349,47.048131393520684,46.236554788141405,46.470924377441406,3620000,TSCO,46.64670064581425,46.92268791668944,47.048131393520684,46.236554788141405,45.77648246037834,44.57043519799883,0.20348307468317017,0.30182404105202676,-0.09834096636885659
2023-05-15,46.31015199952652,46.41087264798221,44.7121801020197,44.845829010009766,6923500,TSCO,45.56975843988455,46.784694281251845,46.784694281251845,44.7121801020197,45.79928007248681,44.618209857282736,0.037612590961430215,0.24898175103390746,-0.21136916007247725
2023-05-16,44.18728095719016,44.25120162050916,43.01930835138453,43.832820892333984,8267000,TSCO,43.82265295535446,46.1772263605682,46.1772263605682,43.01930835138453,45.7857892929303,44.65136749012071,-0.17358131411619127,0.16446913800388774,-0.338050452120079
2023-05-17,43.81344716942406,43.890922605615366,43.31952694787237,43.56357955932617,6432500,TSCO,43.64686907055949,44.99993965796133,44.99993965796133,43.31952694787237,45.770138798458184,44.67656754828913,-0.35854643082302573,0.05986602423850505,-0.4184124550615308
2023-05-18,43.56358257320293,44.72380788166465,43.30209972535975,44.65795135498047,6924500,TSCO,44.06186038380195,44.32340436426041,44.72380788166465,43.30209972535975,45.766313240635355,44.70881489606489,-0.4120758071556949,-0.03452234204033494,-0.37755346511536
2023-05-19,44.441015795129495,44.56691754417101,43.369892229257324,43.4318733215332,6841500,TSCO,43.95242472252276,44.19263237403118,44.56691754417101,43.369892229257324,45.75912725383277,44.73377293595938,-0.547125551313492,-0.13704298389496636,-0.41008256741852567
2023-05-22,43.75146088454571,44.22601130714916,43.12583133463344,43.1510124206543,5780500,TSCO,43.56357898674565,44.07252854827696,44.22601130714916,43.12583133463344,45.74869679522794,44.74469933951591,-0.6691035645976768,-0.24345510003550846,-0.42564846456216837
2023-05-23,42.69777235332113,43.092904093039266,42.24259170194584,42.32975387573242,6031000,TSCO,42.590755506009664,43.8180537675113,43.8180537675113,42.24259170194584,45.720649848104024,44.74214200207246,-0.8225587744340643,-0.35927583491521964,-0.4632829395188447
2023-05-24,42.7713774055108,42.837230234613784,41.95786498916819,42.320072174072266,5583000,TSCO,42.47163620084126,43.204404636760486,43.204404636760486,41.95786498916819,45.68224051797033,44.73462341945432,-0.9341856554988937,-0.4742577990319545,-0.4599278564669392
2023-05-25,42.29488908884351,42.29488908884351,41.16565628139113,41.42326736450195,7580500,TSCO,41.794675455895025,42.83802041880087,42.83802041880087,41.16565628139113,45.62687322425036,44.71916865272033,-1.0825366080310914,-0.5959135608317819,-0.4866230471993095
2023-05-26,41.074884204807574,41.46803776739338,40.759581031821845,41.16441345214844,7812500,TSCO,41.11672911404281,42.31634793734795,42.31634793734795,40.759581031821845,45.54514374012414,44.69845298158382,-1.2070787022194907,-0.7181465891093237,-0.48893211311016693
2023-05-30,41.230592043438655,41.960457602594275,40.9658947576493,41.91374588012695,9032500,TSCO,41.51767257095229,41.716538525695384,41.960457602594275,40.9658947576493,45.4692445493949,44.683901743956106,-1.231122728172572,-0.8207418169219735,-0.4103809112505986
2023-05-31,41.62763515801926,41.719109641384335,40.681729380682505,40.792667388916016,11753000,TSCO,41.20528539225053,41.617105548323835,41.719109641384335,40.681729380682505,45.39148465053966,44.67125480366658,-1.3253615144355777,-0.9216657564246943,-0.4036957580108834
2023-06-01,41.05541731134766,41.06709616813036,39.975215866137646,40.15622329711914,9568000,TSCO,40.563488160683704,41.41119547028718,41.41119547028718,39.975215866137646,45.291930551548994,44.64915755982287,-1.4348619552757427,-1.024304996194904,-0.41055695908083867
2023-06-02,40.566900970362745,41.28898184756614,40.489046863619635,41.10408020019531,7711000,TSCO,40.86225247043596,40.98734181548544,41.28898184756614,40.489046863619635,45.211377658253134,44.63476280979237,-1.4286886792751972,-1.1051817328109628,-0.3235069464642344
2023-06-05,40.726490926998366,41.063202843790435,39.99662547158773,40.3956184387207,7757000,TSCO,40.545484420274306,40.9247971429607,41.063202843790435,39.99662547158773,45.14228018000168,44.61801032147407,-1.4640861827055076,-1.1769626227898717,-0.2871235599156359
2023-06-06,40.33917649102116,42.24071787966957,40.33917649102116,42.20763397216797,9845500,TSCO,41.28167620846997,40.7351407816175,42.24071787966957,40.33917649102116,45.08878778332063,44.60181251466329,-1.3305862789333958,-1.2076873540185766,-0.12289892491481913
2023-06-07,42.207634435814924,42.59883902454064,42.013002904682175,42.39253234863281,6489000,TSCO,42.303002178417636,41.00840849504374,42.59883902454064,41.00840849504374,45.047499668132765,44.59616547177909,-1.1960792327964214,-1.2053657297741456,0.009286496977724212
2023-06-08,42.33803711675241,43.02508506678851,42.32635825937205,42.711727142333984,5445000,TSCO,42.60030189631174,41.65570533673069,43.02508506678851,41.65570533673069,45.008516027232545,44.596388882201865,-1.0516028543277969,-1.174613154684876,0.12301030035707905
2023-06-09,42.3964287224593,42.738976374120014,42.23488480315735,42.27770233154297,5378000,TSCO,42.41199805781991,42.12800361652121,42.738976374120014,42.12800361652121,44.964981875772224,44.59451712679045,-0.9610480942308257,-1.131900142594066,0.1708520483632403
2023-06-12,42.277705942590664,42.74287421488301,41.769720138255536,42.71757125854492,6626000,TSCO,42.37696788856853,42.27000083717056,42.74287421488301,41.769720138255536,44.91831619160661,44.59959870604566,-0.8440592584483682,-1.0743319657649264,0.23027270731655824
2023-06-13,42.89857517854557,43.01924680865873,42.18427901671104,42.33025360107422,6453000,TSCO,42.608088651247385,42.32348436286954,43.01924680865873,42.18427901671104,44.86667551408316,44.61867739227156,-0.7736795648164829,-1.0142014855752377,0.24052192075875478
2023-06-14,42.4606518223298,42.81877249471114,42.299107915174694,42.43729782104492,4723500,TSCO,42.503957513315136,42.46578650705847,42.81877249471114,42.299107915174694,44.7919461251556,44.63929887669841,-0.7011827780153084,-0.9515977440632519,0.25041496604794355
2023-06-15,42.41004945783648,43.01340384655295,42.18427555156155,42.955013275146484,7152500,TSCO,42.64068553277436,42.484872010186805,43.01340384655295,42.18427555156155,44.71482812863474,44.650194683368184,-0.5950933757440069,-0.880296870399403,0.2852034946553961
2023-06-16,43.317027012254606,43.3676292029977,42.404208929648114,42.61051559448242,7793500,TSCO,42.92484518484571,42.56277877148058,43.3676292029977,42.404208929648114,44.659537639864475,44.66560978369947,-0.5326745037525811,-0.8107723970700387,0.2780978933174576
2023-06-20,42.32636091523473,42.48595960182146,41.822269324901356,42.23683166503906,9131000,TSCO,42.21785537674916,42.743811978163144,42.743811978163144,41.822269324901356,44.59940471965338,44.67717052807176,-0.5075100086293887,-0.7501199193819087,0.24260991075252003
2023-06-21,42.240717907019885,43.06790097771121,41.91763380068734,42.908302307128906,6882000,TSCO,42.53363874813684,42.48083367745615,43.06790097771121,41.91763380068734,44.532842274325006,44.66357093561186,-0.4284460366296514,-0.6857851428314573,0.2573391062018059
2023-06-22,43.02702815603595,43.132126730345334,42.49179424182056,42.74870681762695,5197000,TSCO,42.849913986457196,42.50723621279649,43.132126730345334,42.49179424182056,44.46353093149994,44.655033522171834,-0.3743500174262522,-0.6234981177504163,0.24914810032416412
2023-06-23,42.81682708293121,43.0503819439863,42.50930860405399,42.56575393676758,6623500,TSCO,42.73556789193477,42.67857509962684,43.0503819439863,42.50930860405399,44.401355833256524,44.649754271734054,-0.3422955311397118,-0.5672576004282754,0.22496206928856366
2023-06-26,42.72340630254054,42.912198411614185,42.52877476473532,42.63582229614258,4574000,TSCO,42.70005044375816,42.70707149578081,42.912198411614185,42.52877476473532,44.347060579275166,44.64126094743573,-0.3076913148552123,-0.5153443433136629,0.20765302845845057
2023-06-27,42.68253228409423,43.46883935871014,42.676692855599285,43.4279670715332,4704000,TSCO,43.06400789248421,42.703560969769484,43.46883935871014,42.676692855599285,44.28975949476948,44.63203944468091,-0.21388225944610895,-0.4550519265401521,0.24116966709404314
2023-06-28,42.624141641911436,42.62803583166427,41.81447685463634,42.15702819824219,9356500,TSCO,42.30592063161356,42.88378443112685,42.88378443112685,41.81447685463634,44.20558787202397,44.609172291647084,-0.23933316878189004,-0.4119081749884997,0.17257500620660965
2023-06-29,42.157025028767265,42.35165654373513,41.843670851147294,42.31662368774414,6353000,TSCO,42.167244027848454,42.59485253137021,42.59485253137021,41.843670851147294,44.10525847765938,44.58795558397254,-0.2438146322752175,-0.37828946644584327,0.13447483417062578
2023-06-30,42.489852673084506,43.262539485742764,42.24267367242613,43.032875061035156,7875500,TSCO,42.756985223072135,42.38104827960933,43.262539485742764,42.24267367242613,44.009024540591575,44.57160946655865,-0.18741037438181962,-0.34011364803303856,0.15270327365121894
2023-07-03,43.114609996732064,43.149642853079506,42.273802882956396,43.01924133300781,4184000,TSCO,42.88932426644394,42.56901675134073,43.149642853079506,42.273802882956396,43.90779617923635,44.55528505455566,-0.14217086431501968,-0.30052509128943483,0.15835422697441515
2023-07-05,42.8207234089627,42.96475276231601,42.421730397233745,42.89079284667969,4830000,TSCO,42.774499853798034,42.72917050889234,42.96475276231601,42.421730397233745,43.79779241887741,44.53608167008221,-0.11535322582943053,-0.26349071819743397,0.14813749236800344
2023-07-06,42.5696495468559,43.00173017542091,42.43146333717049,42.600791931152344,5292000,TSCO,42.650908747649915,42.751835181345186,43.00173017542091,42.43146333717049,43.68787362800685,44.51386832869753,-0.11616166499726432,-0.23402490755740005,0.11786324256013572
2023-07-07,42.42756474147054,42.62219627046528,42.15508282825049,42.20763397216797,6349500,TSCO,42.353119453088574,42.701371964497554,42.701371964497554,42.15508282825049,43.579853183308636,44.48721634809958,-0.14683430591671964,-0.21658678722926397,0.06975248131254433
2023-07-10,42.1881710960303,43.06984685008453,42.1881710960303,43.067901611328125,6066000,TSCO,42.628522663368315,42.52724570879306,43.06984685008453,42.1881710960303,43.487635532880674,44.4594616227226,-0.10056691313238986,-0.19338281240988917,0.09281589927749931
2023-07-11,43.13991916918818,43.573945027343136,43.10488259550052,43.39877700805664,6819500,TSCO,43.30438095002212,42.57788418608069,43.573945027343136,42.57788418608069,43.42985408897155,44.435920040676486,-0.03677685109073536,-0.1620616201460584,0.12528476905532304
2023-07-12,43.77635920556722,43.86978263981629,42.95696077323543,42.970584869384766,4846500,TSCO,43.39342187200093,42.9411325680514,43.86978263981629,42.9411325680514,43.37702032737885,44.41022686374276,-0.02053755028445181,-0.1337568061737371,0.11321925588928528
2023-07-13,42.87910974403769,42.87910974403769,42.06166027503253,42.11031723022461,5661500,TSCO,42.48254924833313,43.167277220026165,43.167277220026165,42.06166027503253,43.300875022000575,44.37809098319096,-0.07620574394148605,-0.12224659372728688,0.046040849785800836
2023-07-14,42.266023019387795,42.51125675397585,41.76193145384568,41.83394241333008,6100500,TSCO,42.09328841013485,42.82491323417965,42.82491323417965,41.76193145384568,43.21436825976195,44.34238061116943,-0.14099897799551542,-0.1259970705809326,-0.015001907414582821
2023-07-17,41.42910616786481,41.592599021421805,40.510448655260014,41.030113220214844,9947500,TSCO,41.14056676619037,42.459100822157254,42.459100822157254,40.510448655260014,43.097369517183814,44.30003076818239,-0.2542792083661851,-0.15165349813798312,-0.102625710228202
2023-07-18,40.85884106084995,41.67823575119731,40.85884106084995,41.30065155029297,7821500,TSCO,41.17414235579754,41.79983379417381,41.79983379417381,40.85884106084995,42.99098840876681,44.2607260656281,-0.31855235160345075,-0.18503326883107665,-0.1335190827723741
2023-07-19,41.45636061506522,41.95072601535756,41.00092597960629,41.09823989868164,8132000,TSCO,41.376563127177675,41.486988074985675,41.95072601535756,41.00092597960629,42.89233590986861,44.226357422120785,-0.38142537504775476,-0.2243116900744123,-0.15711368497334247
2023-07-20,40.96394185144959,41.93514679723732,40.96394185144959,41.73078536987305,9104000,TSCO,41.39845396750239,41.431775601081675,41.93514679723732,40.96394185144959,42.7861410713725,44.19378177057394,-0.37587867064215175,-0.2546250861879602,-0.12125358445419154
2023-07-21,41.615955506605495,42.29716401485205,41.47192988007244,41.979915618896484,6770000,TSCO,41.84124125510662,41.41511478429203,42.29716401485205,41.41511478429203,42.6902062020204,44.16080142737601,-0.34737580634937615,-0.2731752302202434,-0.07420057612913272
2023-07-24,42.15119043663941,42.29716501768451,41.612062303380206,41.77944564819336,6245000,TSCO,41.95996585147437,41.62817801969932,42.29716501768451,41.612062303380206,42.587251854490376,44.126403117449826,-0.33707771026326583,-0.2859557262288479,-0.05112198403441792
2023-07-25,40.905552415756226,41.71521719305112,40.59803393456581,41.401859283447266,10794000,TSCO,41.155165706705105,41.79407193558684,41.79407193558684,40.59803393456581,42.47061292649375,44.09589313479442,-0.3552889095457701,-0.29982236289223235,-0.05546654665353773
2023-07-26,41.6179053450513,41.92347862991128,41.250054714578035,41.752201080322266,7235000,TSCO,41.635909942465716,41.474618821145974,41.92347862991128,41.250054714578035,42.37039711242678,44.07343978640256,-0.337560572941797,-0.3073700049021453,-0.0301905680396517
2023-07-27,42.35750459626596,44.03716648554513,41.98770501376023,43.51750183105469,14795500,TSCO,42.9749694816565,41.55526438180584,44.03716648554513,41.55526438180584,42.31850133326222,44.058890702874514,-0.17900229408604673,-0.28169646273892557,0.10269416865287884
2023-07-28,43.850319524477335,44.00796925106497,43.33843958241137,43.59535217285156,7084000,TSCO,43.69802013270131,42.26511693173117,44.00796925106497,42.26511693173117,42.316008676809155,44.050898984869725,-0.04652552647354469,-0.2346622754858494,0.1881367490123047
2023-07-31,43.630385032950166,43.898976480852504,43.149647473353966,43.59535217285156,5756500,TSCO,43.56859029000205,42.981568532216244,43.898976480852504,42.981568532216244,42.314443101198,44.04229094982809,0.057797018253893384,-0.17617041673790085,0.23396743499179423
2023-08-01,43.37152912762054,44.12085816835869,43.37152912762054,43.634281158447266,4731000,TSCO,43.62454939551176,43.27507941110915,44.12085816835869,43.27507941110915,42.3056968814322,44.03600506103378,0.1419779963841279,-0.1125407341134951,0.25451873049762297
2023-08-02,43.566159072579325,44.62689706368572,43.404615154847335,43.9865608215332,6171000,TSCO,43.89605802816139,43.449814403310455,44.62689706368572,43.404615154847335,42.30456954754497,44.03184840068888,0.2344158526994633,-0.04314941675090343,0.27756526945036675
2023-08-03,44.16757039687463,44.918844685169404,43.82890949756262,44.20844268798828,5136500,TSCO,44.28094181689873,43.67293621573592,44.918844685169404,43.67293621573592,42.31891680414803,44.033806799687994,0.3218672468210073,0.02985391596347871,0.2920133308575286
2023-08-04,44.20843788786142,44.2823977940777,43.186623296392106,43.26837158203125,4309000,TSCO,43.73645764009062,43.97693901631733,44.2823977940777,43.186623296392106,42.34183084682965,44.031240347466834,0.31172386627783055,0.08622790602634908,0.22549596025148147
2023-08-07,43.26837034748286,43.505819393627206,43.21776444411623,43.363739013671875,3182500,TSCO,43.33892329972454,43.856698328203976,43.856698328203976,43.21776444411623,42.359176588807316,44.02070855338882,0.30783202289165246,0.13054872939940976,0.1772832934922427
2023-08-08,43.26642237841183,43.37541514224415,42.867429419830955,43.16326904296875,5923000,TSCO,43.168133995863926,43.59781081396426,43.59781081396426,42.867429419830955,42.3866457596067,44.006759491928534,0.2852828941097272,0.16149556234147325,0.12378733176825393
2023-08-09,43.19246227659811,43.77830209182561,43.08736370293146,43.62843704223633,3718000,TSCO,43.42164127839788,43.38297240491409,43.77830209182561,43.08736370293146,42.432744002893806,43.98894387150897,0.30147252940324876,0.18949095575382835,0.11198157364942041
2023-08-10,43.89313348860091,44.05662263064654,42.94722778129406,43.260581970214844,5266000,TSCO,43.539391467689086,43.402306841655985,44.05662263064654,42.94722778129406,42.47317838082853,43.97121146511172,0.2813765680685023,0.20786807821676315,0.07350848985173916
2023-08-11,43.50387005649829,43.60118767276734,43.17689177532424,43.309242248535156,4214000,TSCO,43.39779793828126,43.470849154672536,43.60118767276734,43.17689177532424,42.51702863174914,43.954256641144404,0.26630703004468614,0.21955586858234777,0.046751161462338375
2023-08-14,43.29172923011838,43.48052134512962,42.871327471101495,43.29367446899414,4154000,TSCO,43.23431312883591,43.4343235464769,43.48052134512962,42.871327471101495,42.570445131112194,43.93118784133059,0.25022369983420845,0.22568943483271992,0.02453426500148853
2023-08-15,43.032864099771714,43.348163509455524,42.93360124961117,43.2177619934082,2927000,TSCO,43.13309771306165,43.3343183376564,43.348163509455524,42.93360124961117,42.61586203596471,43.91361984710892,0.22871555190365456,0.22629465824690687,0.0024208936567476913
2023-08-16,43.28200044915811,43.412401990696594,42.871328586126964,42.99005126953125,4156000,TSCO,43.13894557387823,43.23370802535902,43.412401990696594,42.871328586126964,42.667731259036785,43.90500571951923,0.19109303578664338,0.21925433375485417,-0.02816129796821079
2023-08-17,43.16132842974023,43.41045636474997,42.505422825466674,42.6241455078125,5725500,TSCO,42.925338281942345,43.18632679961863,43.41045636474997,42.505422825466674,42.70060450050623,43.894696141913435,0.1302499434691171,0.20145345569770678,-0.07120351222858967
2023-08-18,42.48984747983794,43.01924570521623,42.48984747983794,42.686424255371094,3462500,TSCO,42.6713412300658,43.055832540780486,43.055832540780486,42.48984747983794,42.7079712815392,43.87773547483599,0.0860646294248042,0.1783756904431263,-0.0923110610183221
2023-08-21,42.69226463983716,42.86354217789155,41.90985171008385,41.96629333496094,6442000,TSCO,42.357987965693376,42.863586885423146,42.863586885423146,41.90985171008385,42.703125002926825,43.855820515079685,-0.006980628841212422,0.14130442658625855,-0.14828505542747097
2023-08-22,41.67434918522452,41.847568255265756,40.603877531851886,41.84562301635742,8691500,TSCO,41.492854497174896,42.61078742555826,42.61078742555826,40.603877531851886,42.68474213171393,43.824862003743085,-0.08942590641581916,0.09515835998584302,-0.18458426640166217
2023-08-23,41.52836670310124,42.10447285494089,41.32400528793153,41.76581573486328,7170000,TSCO,41.68066514520923,42.05182096136657,42.10447285494089,41.32400528793153,42.67081607684674,43.79456613422667,-0.15936707903459535,0.04425327218175535,-0.2036203512163507
2023-08-24,41.42132598095979,42.05971699361816,41.18387691025049,41.18971633911133,5811000,TSCO,41.46365905598494,41.8662430532879,42.05971699361816,41.18387691025049,42.64792748494149,43.75730149951232,-0.2583047919550481,-0.01625834064560534,-0.24204645130944275
2023-08-25,41.56327332212534,42.015071063582155,41.25620932717413,41.76472473144531,5944000,TSCO,41.64981961108174,41.66495105463642,42.015071063582155,41.25620932717413,42.63084472689683,43.71139542602622,-0.28700683440505514,-0.0704080393974953,-0.21659879500755985
2023-08-28,41.92314748559364,42.96364656402694,41.75103600606475,42.83260726928711,8378000,TSCO,42.36760933124311,41.65738533285908,42.96364656402694,41.65738533285908,42.625383202866196,43.67010566575047,-0.22103624544939038,-0.10053368060787433,-0.12050256484151604
2023-08-29,42.87563468779072,43.70881429621258,42.756327647429366,43.53474807739258,5030000,TSCO,43.21888117720631,42.0124973320511,43.70881429621258,42.0124973320511,42.63126392271341,43.64540078128894,-0.11081972245349903,-0.10259088897699928,-0.008228833476499747
2023-08-30,43.65405468467103,43.679481388708524,43.26875581047621,43.605159759521484,5224500,TSCO,43.55186291084431,42.615689254628705,43.679481388708524,42.615689254628705,42.65794407339532,43.628674396524346,-0.017587956603662747,-0.08559030250233197,0.06800234589866923
2023-08-31,43.31569608098797,43.32938680927852,42.22630207520273,42.73481750488281,10897500,TSCO,42.90155061758801,43.083776082736506,43.32938680927852,42.22630207520273,42.665302310784334,43.599072292554666,-0.0137717050217816,-0.07122658300622191,0.05745487798444031
2023-09-01,42.85608347882373,43.153366294738646,42.51381150779802,43.12989807128906,7084000,TSCO,42.91328983816236,42.99266335016226,43.153366294738646,42.51381150779802,42.66656982781844,43.56505037965919,0.02089157664339325,-0.05280295107629888,0.07369452771969212
2023-09-05,42.88737277580823,43.03601604320793,42.427755974962125,42.65267562866211,6146000,TSCO,42.7509551056601,42.95297659416231,43.03601604320793,42.427755974962125,42.66687757209294,43.53411670267473,0.009742310996088577,-0.04029389866182139,0.05003620965790997
2023-09-06,42.41992312942382,42.58812508888474,41.739296282353315,42.195003509521484,5942500,TSCO,42.23558700254584,42.8519658499112,42.8519658499112,41.739296282353315,42.6575883032687,43.50232444127193,-0.035613348926794686,-0.03935778871481605,0.0037444397880213656
2023-09-07,42.50207503849236,43.11424830536384,42.29280087913888,42.83260726928711,6125500,TSCO,42.685432873070546,42.54377642622852,43.11424830536384,42.29280087913888,42.65001680288043,43.46988814882495,-0.019879582002708673,-0.03546214737239458,0.015582565369685906
2023-09-08,42.80913394831647,43.0360083138699,42.40036690160449,42.51771545410156,4930500,TSCO,42.69080615447311,42.614604649649536,43.0360083138699,42.40036690160449,42.65771451333762,43.4316511926808,-0.032445583692343405,-0.034858834636384346,0.0024132509440409414
2023-09-11,42.65658055346915,42.83847324776458,42.421883431524414,42.57443618774414,3660000,TSCO,42.62284335512557,42.65270540206132,42.83847324776458,42.421883431524414,42.666826499883165,43.386042488771274,-0.03739626058091261,-0.03536631982529,-0.002029940755622607
2023-09-12,42.574437595097386,42.76610778812498,42.36320868618729,42.46099853515625,3658500,TSCO,42.541188151141476,42.63777437859345,42.76610778812498,42.36320868618729,42.66251055844455,43.33576754951806,-0.0498979852945709,-0.03827265291914619,-0.011625332375424714
2023-09-13,42.470786937259575,42.69961984827721,42.013124845668564,42.2243537902832,5116000,TSCO,42.351971355372136,42.58948126486746,42.69961984827721,42.013124845668564,42.65176350022311,43.279779839729734,-0.07800178931599788,-0.04621848019851653,-0.031783309117481354
2023-09-14,42.226302117072464,42.257596809100605,41.80775379710901,42.23217010498047,5265500,TSCO,42.13095570706564,42.4707263101198,42.4707263101198,41.80775379710901,42.63889261728846,43.218342518082935,-0.09850800623082989,-0.056676385404979206,-0.041831620825850686
2023-09-15,41.950532392944574,42.01507653460456,41.51242905248978,41.62782287597656,8621500,TSCO,41.77646521400387,42.30084100859272,42.30084100859272,41.51242905248978,42.62140374661554,43.1546386873112,-0.16166156759483385,-0.07767342184295015,-0.08398814575188371
2023-09-18,41.604346252409144,41.62195021555237,40.847442985234565,40.97261428833008,4806000,TSCO,41.26158843538154,42.038653111298295,42.038653111298295,40.847442985234565,42.599573126261404,43.089713154785024,-0.26156590821825887,-0.1144519191180119,-0.14711398910024698
2023-09-19,40.73205394846054,41.15842504472343,40.46997160568134,41.10170364379883,4060000,TSCO,40.86553856066603,41.65012077333992,41.65012077333992,40.46997160568134,42.564313444207365,43.025974488544016,-0.32656000532779217,-0.15687353635996798,-0.1696864689678242
2023-09-20,40.982397542117205,40.99217503516335,40.55407172217638,40.59318542480469,4889000,TSCO,40.78045743106541,41.25782966700298,41.25782966700298,40.55407172217638,42.513834973828224,42.97184453139988,-0.41432538087094173,-0.20836390526216275,-0.20596147560877898
2023-09-21,40.387826073476546,40.49148391776463,39.781520758966195,40.01426315307617,6288000,TSCO,40.168773475820885,41.0191435490342,41.0191435490342,39.781520758966195,42.44934200590462,42.913181166641735,-0.5245476041167549,-0.2716006450330812,-0.25294695908367376
2023-09-22,40.022080794765515,40.514950708764275,40.022080794765515,40.104225158691406,3770500,TSCO,40.16583436424668,40.59395851242754,40.59395851242754,40.022080794765515,42.403007708222894,42.851941365111735,-0.5977498400680474,-0.33683048404007443,-0.260919356027973
2023-09-25,40.0944529015223,40.669467254524854,40.039689985088145,40.358489990234375,4122500,TSCO,40.290525032842424,40.37989643833711,40.669467254524854,40.039689985088145,42.36695244067705,42.790660350219504,-0.6280068208177099,-0.3950657513956015,-0.23294106942210835
2023-09-26,40.13943652343416,40.59905330424863,39.683729247650206,39.70915222167969,4282500,TSCO,40.03284282425317,40.33521073558977,40.59905330424863,39.683729247650206,42.3447979618383,42.72108373951106,-0.696354683901518,-0.45532353789678487,-0.24103114600473313
2023-09-27,39.5292174415538,40.11987724143918,39.288648589594295,39.70524215698242,5952000,TSCO,39.66074635739242,40.18402677992147,40.18402677992147,39.288648589594295,42.3145300418702,42.652759225318505,-0.7422798275595355,-0.512714795829335,-0.2295650317302005
2023-09-28,40.14334065470531,40.2098395357594,39.646561259939666,39.785423278808594,3547000,TSCO,39.94629118230324,39.92238656865695,40.2098395357594,39.646561259939666,42.285924602972706,42.58913025642067,-0.7634058212478152,-0.562853000913031,-0.20055282033478417
2023-09-29,40.30177503756166,40.366315451804596,39.535090425364544,39.713069915771484,6715500,TSCO,39.97906270762557,39.934338875480094,40.366315451804596,39.535090425364544,42.25753677777518,42.52183892457383,-0.7770295225136934,-0.6056883052331635,-0.17134121728052987
2023-10-02,39.86366063171412,40.09249349478934,39.13804834275021,39.80107498168945,6137500,TSCO,39.72381936273578,39.956700791552834,40.09249349478934,39.13804834275021,42.215188339927764,42.452697270974085,-0.7718279781044615,-0.6389162398074232,-0.13291173829703828
2023-10-03,39.59571309094064,39.94189450556733,39.327762804301706,39.806941986083984,4654000,TSCO,39.66807809672341,39.84026007714431,39.94189450556733,39.327762804301706,42.169350584832735,42.37830121966155,-0.7584889104463315,-0.6628307739352048,-0.09565813651112665
2023-10-04,39.82649984396099,40.48756796953263,39.779559676000744,40.29198455810547,4976000,TSCO,40.09640301189995,39.75416908693386,40.48756796953263,39.75416908693386,42.14817533093663,42.30939412871519,-0.7007014709466901,-0.670404913337502,-0.030296557609188146
2023-10-05,39.70328826351867,40.19420351706679,39.53117676361404,40.12770462036133,5877500,TSCO,39.889093291140206,39.925286049416904,40.19420351706679,39.53117676361404,42.11323899791012,42.24181805516845,-0.6605461618602178,-0.6684331630420451,0.007887001181827391
2023-10-06,40.04359565996381,40.36043712223922,39.47249091999951,39.990787506103516,4280500,TSCO,39.966827802076516,39.907189670278555,40.36043712223922,39.47249091999951,42.053076164318526,42.18578874879037,-0.6324800209855681,-0.6612425346307498,0.028762513645181675
2023-10-09,39.922341278139044,40.18051037773679,39.184992930897586,39.879310607910156,5109000,TSCO,39.79178879867089,39.93700873617753,40.18051037773679,39.184992930897586,41.974951537637914,42.14548010722354,-0.612175873763185,-0.6514292024572369,0.03925332869405185
2023-10-10,39.79716440023348,40.23331295755664,39.62896242359089,40.100318908691406,5149500,TSCO,39.93993967251811,39.86439876742421,40.23331295755664,39.62896242359089,41.90237852528824,42.108410813243125,-0.5716614110763345,-0.6354756441810565,0.063814233104722
2023-10-11,40.16095078549193,40.254831134290164,39.64852210265311,39.95949935913086,4443500,TSCO,40.00595084539152,39.90216921997116,40.254831134290164,39.64852210265311,41.83000655428584,42.06785171785902,-0.5446381190663843,-0.6173081391581221,0.07267002009173784
2023-10-12,39.844104494847656,39.844104494847656,38.097551786052264,38.480892181396484,8066500,TSCO,39.066663239286015,39.95406003268134,39.95406003268134,38.097551786052264,41.73341865850833,42.01899410302665,-0.6352108917090078,-0.6208886896682992,-0.014322202040708554
2023-10-13,38.03496358421299,39.38839458360476,38.03496358421299,39.26126480102539,8251000,TSCO,38.67989663826403,39.51036163598368,39.51036163598368,38.03496358421299,41.621397754935636,41.97015727954184,-0.6366816482909883,-0.624047281392837,-0.012634366898151228
2023-10-16,39.505749960808394,40.44845929823782,39.351242427033505,40.225494384765625,5473500,TSCO,39.882736517711336,39.095129137123855,40.44845929823782,39.095129137123855,41.54432333248805,41.94307708965884,-0.5536597198640791,-0.6099697690870854,0.05631004922300631
2023-10-17,40.16094966430232,40.9315436891576,40.16094966430232,40.56580352783203,6886500,TSCO,40.454811636398574,39.4889328274176,40.9315436891576,39.4889328274176,41.48664109922152,41.922908844014415,-0.4551573688591901,-0.5790072890415064,0.12384992018231633
2023-10-18,40.55602483129896,40.91981022932909,40.10227232520374,40.557979583740234,5482500,TSCO,40.53402174239301,39.97187223190809,40.91981022932909,39.97187223190809,41.43395885415211,41.9103023068794,-0.3734203159611553,-0.5378898944254362,0.1644695784642809
2023-10-19,40.364357799585775,40.473883631968654,39.474456681031,39.53508758544922,4439500,TSCO,39.96194642450866,40.25294698715055,40.473883631968654,39.474456681031,41.36476495707433,41.89875447998406,-0.3867240343125644,-0.5076567224028619,0.12093268809029745
2023-10-20,39.62896715503186,39.62896715503186,38.05257098372661,38.191436767578125,11062500,TSCO,38.87548551534211,40.1074467058296,40.1074467058296,38.05257098372661,41.271486838027386,41.87233260942796,-0.499925884197971,-0.5061105547618837,0.0061846705639126975
2023-10-23,38.13079868884189,39.026567693855675,37.86089364373704,38.75861740112305,7594500,TSCO,38.44421935688942,39.49146611058586,39.49146611058586,37.86089364373704,41.17241526639955,41.84472194907435,-0.5376744524100374,-0.5124233342915144,-0.025251118118522986
2023-10-24,38.856410636657515,39.27104569299413,38.645181738557234,38.76839828491211,5312500,TSCO,38.88525908828024,38.96784273373764,39.27104569299413,38.645181738557234,41.08543418558844,41.82793965835032,-0.5603419558362077,-0.5220070586004532,-0.03833489723575456
2023-10-25,38.60802396009315,38.979632129109426,38.3537680952571,38.73906326293945,8721000,TSCO,38.67012186184978,38.926550911008945,38.979632129109426,38.3537680952571,40.9961746685642,41.80601835226445,-0.5740558482410094,-0.5324168165285644,-0.041639031712444985
2023-10-26,36.61894394603575,37.95477474024706,36.182795409956704,36.92405319213867,17250000,TSCO,36.92014182209454,38.79833638642936,38.79833638642936,36.182795409956704,40.871798593528524,41.76976492628266,-0.7230455320039084,-0.5705425596236333,-0.1525029723802751
2023-10-27,36.787146640168906,37.61837154542824,36.57396297939549,36.732383728027344,9921500,TSCO,36.927966223255,37.85923910426195,37.85923910426195,36.57396297939549,40.75185115235478,41.7262278264305,-0.8468253778782682,-0.6257991232745603,-0.22102625460370784
2023-10-30,37.09421042809269,37.53818544086859,36.3901153146072,37.39345169067383,6735000,TSCO,37.10399071856058,37.39360266375847,37.53818544086859,36.3901153146072,40.640504142124676,41.674237711831935,-0.8814186916954654,-0.6769230369587413,-0.20449565473672404
2023-10-31,37.30935421849098,37.794397706114395,37.20373789505902,37.66140365600586,4560500,TSCO,37.492223368917564,37.24879669115953,37.794397706114395,37.20373789505902,40.54318885018916,41.623156926557996,-0.877101972332639,-0.7169588240335208,-0.16014314829911813
2023-11-01,37.5029793556638,37.618373172731474,36.785193478980545,37.27023696899414,5211000,TSCO,37.29419574409249,37.370510030038545,37.618373172731474,36.785193478980545,40.45921567512751,41.57197890342072,-0.8949286433361152,-0.7525527878940398,-0.14237585544207543
2023-11-02,37.61641721444903,38.43981938869155,37.432569760136225,38.169918060302734,5315500,TSCO,37.914681105894886,37.33235288706552,38.43981938869155,37.33235288706552,40.383895994341216,41.527356035593975,-0.8269273595639532,-0.7674277022280225,-0.05949965733593077
2023-11-03,38.62953420272949,39.184989792022876,38.4261280356768,38.97571563720703,6534000,TSCO,38.804091916909044,37.623516996480205,39.184989792022876,37.623516996480205,40.33070465155971,41.4893160682506,-0.6999461782849821,-0.7539313974394144,0.05398521915443233
2023-11-06,38.94246717618921,39.15565457170795,38.66669785746718,38.9698486328125,4553500,TSCO,38.933667059544206,38.213804456694625,39.15565457170795,38.213804456694625,40.27638160052895,41.45361316371289,-0.5929509263140105,-0.7217353032143337,0.12878437690032318
2023-11-07,39.09698048163791,39.116539198890614,38.64714117615719,38.9581184387207,3743500,TSCO,38.954694823851604,38.57373575811941,39.116539198890614,38.57373575811941,40.208123310381126,41.41675325662366,-0.5033012039131464,-0.6780484833540963,0.17474727944094992
2023-11-08,39.06177617663328,39.78738854382875,38.68039051735131,39.01874923706055,4562000,TSCO,39.13707611871847,38.764215290985504,39.78738854382875,38.68039051735131,40.12648720921136,41.37887556596239,-0.4224905462795121,-0.6269368959391795,0.20444634965966735
2023-11-09,38.920954707718074,39.018748291345666,37.939131749026,38.15427017211914,6985500,TSCO,38.50827623005222,38.950645704851986,39.018748291345666,37.939131749026,40.02561547559552,41.341779774495414,-0.4233239388264991,-0.5862143045166435,0.16289036569014437
2023-11-10,38.28922115596302,38.958115811295976,37.86480858457858,38.83098602294922,6481000,TSCO,38.4857828936967,38.7294609674521,38.958115811295976,37.86480858457858,39.937300121117694,41.301301215951014,-0.3651696464386731,-0.5420053729010494,0.17683572646237633
2023-11-13,38.65691818250733,38.98745415815899,38.342031418727,38.35376739501953,7931000,TSCO,38.58504278860321,38.607621930574396,38.98745415815899,38.342031418727,39.85073518012651,41.25865250397248,-0.3535144116512754,-0.5043071806510947,0.1507927689998193
2023-11-14,38.87010273356635,40.62252335991122,38.87010273356635,40.43280792236328,8477000,TSCO,39.6988841873518,38.5963323595888,40.62252335991122,38.5963323595888,39.78969376176035,41.22828566692665,-0.17450477638413986,-0.43834669979770374,0.2638419234135639
2023-11-15,40.50321492905089,41.28163536819517,40.29003127837407,40.583404541015625,7271500,TSCO,40.66457152915894,39.1476082734703,41.28163536819517,39.1476082734703,39.75827345229261,41.207930877780655,-0.02025299824663307,-0.35472795948748964,0.33447496124085657
2023-11-16,40.43476356089744,40.53646664582776,39.46076337897024,39.71501922607422,5511000,TSCO,40.036753202942414,39.906089901314616,40.53646664582776,39.46076337897024,39.70529985889005,41.17765833088524,0.03155743526459531,-0.27747088053707264,0.30902831580166795
2023-11-17,40.09640451940454,40.09640451940454,39.58593434664711,39.62700653076172,4932000,TSCO,39.851437479054475,39.97142155212852,40.09640451940454,39.58593434664711,39.64851248538168,41.15311349935965,0.06476907060869053,-0.20902289030792,0.2737919609166105
2023-11-20,39.51356687299871,39.63874190634152,38.9111748484361,39.25539779663086,4739000,TSCO,39.329720356101795,39.91142951559149,39.91142951559149,38.9111748484361,39.5826500254012,41.12473826264218,0.06040747198056806,-0.1551368178502224,0.21554428983079046
2023-11-21,39.116539721004514,39.116539721004514,37.89023461904279,38.61780548095703,6051000,TSCO,38.68527988550221,39.62057493584665,39.62057493584665,37.89023461904279,39.50553186008842,41.08402120926648,0.005439795771096101,-0.12302149512595871,0.12846129089705483
2023-11-22,38.83880570943651,39.21628180943261,38.725366658118354,38.811424255371094,4768000,TSCO,38.89796960808964,39.15292741067443,39.21628180943261,38.725366658118354,39.43645182514277,41.04410766268293,-0.022242667069633626,-0.1028657295146937,0.08062306244506007
2023-11-24,39.057180370984575,39.29900440618633,38.835020850740605,38.964778900146484,2846500,TSCO,39.0389961320145,39.02544850938203,39.29900440618633,38.835020850740605,39.37461263364174,41.006752625465104,-0.03144430968846734,-0.08858144554944843,0.057137135860981084
2023-11-27,38.93135943725984,39.19087555915398,38.81732848978883,38.88417434692383,6237000,TSCO,38.95593445828162,39.03222232069827,39.19087555915398,38.81732848978883,39.318202018527295,40.96980288257142,-0.0447252269866425,-0.07981020183688725,0.035084974850244754
2023-11-28,38.80356477915078,39.568350952537756,38.73082406979663,39.30490493774414,4236500,TSCO,39.10191118480733,38.99407838948994,39.568350952537756,38.73082406979663,39.27500847351581,40.93729079988861,-0.021058260622204727,-0.06805981359395075,0.04700155297174602
2023-11-29,39.43662569506791,40.37639000742741,39.34422047506407,39.35798263549805,4206000,TSCO,39.62880470326436,39.04799478714864,40.37639000742741,39.04799478714864,39.25027379636778,40.90729362028757,0.0019583329100427704,-0.054056184293152044,0.056014517203194815
2023-11-30,39.38551116580646,39.96548686231747,38.90973039961702,39.91240692138672,7132500,TSCO,39.54328383728192,39.3383997452065,39.96548686231747,38.90973039961702,39.22553032449211,40.86968264916017,0.06419653773799183,-0.03040563988692327,0.0946021776249151
2023-12-01,39.98908004944686,41.33384559314459,39.916335595726025,41.30042266845703,6708000,TSCO,40.63492097669363,39.44084179124421,41.33384559314459,39.44084179124421,39.23485327450956,40.84209764020709,0.22295198245224412,0.020265884580910207,0.2026860978713339
2023-12-04,41.17656889632478,42.44466025794025,41.092027222272336,41.68183898925781,6823000,TSCO,41.59877384144879,40.03788138396892,42.44466025794025,40.03788138396892,39.26351206405361,40.83325988613825,0.37521863871729266,0.0912564354081867,0.28396220330910593
2023-12-05,40.78335719177371,40.936709661641075,40.39801669040263,40.73420715332031,4827000,TSCO,40.71307267428443,40.818327612708856,40.936709661641075,40.39801669040263,39.271963016882445,40.819457728779746,0.41464531823800144,0.15593421197414967,0.25871110626385174
2023-12-06,40.89738564688969,41.5186515449732,40.61820879554568,41.18049240112305,6280000,TSCO,41.05368459713291,40.765700143496645,41.5186515449732,40.61820879554568,39.29237985234004,40.81858890708917,0.47641096648222003,0.22002956287576375,0.2563814036064563
2023-12-07,41.05271038485117,41.29060079886525,40.69685911468171,41.09989547729492,5467000,TSCO,41.03501644392326,40.90969237031477,41.29060079886525,40.69685911468171,39.31986525407066,40.81719764797043,0.5129442870920329,0.2786125077190176,0.2343317793730153
2023-12-08,41.32008319465888,41.831251819421226,41.22767797695434,41.69363021850586,5857500,TSCO,41.518160802385076,40.97235440711901,41.831251819421226,40.97235440711901,39.3513026464723,40.8186136247225,0.5830851952778957,0.3395070452307932,0.24357815004710248
2023-12-11,41.79783211585979,42.59210755943941,41.76834284193617,42.480045318603516,6172500,TSCO,42.15958195895972,41.24525760475204,42.59210755943941,41.24525760475204,39.39491303149898,40.82622490463708,0.6941280208412337,0.4104312403528813,0.2836967804883524
2023-12-12,42.53313034438268,42.590143942396935,42.18907255489268,42.32866287231445,4694000,TSCO,42.41025242849668,41.70241978185588,42.590143942396935,41.70241978185588,39.44864169281419,40.83191501637098,0.7611410021815814,0.48057319271862137,0.28056780946296006
2023-12-13,42.43089572036696,43.47485877707581,42.067177171954384,43.34313201904297,5614500,TSCO,42.82901592211003,42.056336105176285,43.47485877707581,42.056336105176285,39.51186044932193,40.840605517077336,0.8858963924045682,0.5616378326558108,0.3242585597487574
2023-12-14,43.82284752668622,44.40479196840546,43.41587753286639,44.05876922607422,9280500,TSCO,43.92557156350807,42.44267601364316,44.40479196840546,42.44267601364316,39.588443820354094,40.86830957564536,1.0306314024859802,0.6554365466218447,0.3751948558641355
2023-12-15,43.56726081226639,43.56726081226639,42.49577341921136,42.721866607666016,14331000,TSCO,43.088040412852536,43.18412378857562,43.56726081226639,42.49577341921136,39.65242276278834,40.88283088034923,1.0256351883749133,0.7294762749724585,0.2961589134024548
2023-12-18,42.82999816794015,42.89487907078818,42.03572272035912,42.41713333129883,6381000,TSCO,42.54443332259657,43.13608210071408,43.13608210071408,42.03572272035912,39.70397487319874,40.878525518758636,0.9857234180833956,0.780725703594646,0.2049977144887496
2023-12-19,42.53902131562445,42.82409677948399,42.37977399611532,42.493804931640625,4893000,TSCO,42.559174255716094,42.840257711655326,42.840257711655326,42.37977399611532,39.75932258233964,40.86713705998878,0.9493364502972597,0.8144478529351687,0.1348885973620909
2023-12-20,42.05734433736362,42.24411597145646,41.209985279145045,41.243408203125,8418500,TSCO,41.68871344777253,42.69971598368571,42.69971598368571,41.209985279145045,39.79429805784473,40.848338291566485,0.8102627456225804,0.8136108314726511,-0.0033480858500707367
2023-12-21,41.73098121755894,42.037682378978715,41.46950018727613,41.62088394165039,4564500,TSCO,41.71476193136605,42.19421471572912,42.19421471572912,41.46950018727613,39.82847427956422,40.829240416925025,0.7221801271345001,0.795324690605021,-0.0731445634705209
2023-12-22,41.8155225607548,42.33258980964819,41.548142904455155,41.66413879394531,5024500,TSCO,41.840098517200865,41.95448832354758,42.33258980964819,41.548142904455155,39.88394298512252,40.80868082181542,0.6483900851729558,0.765937769518608,-0.11754768434565221
2023-12-26,41.58157101101267,41.7919370995029,41.4085615059471,41.4301872253418,4248500,TSCO,41.55306421045112,41.897293420374226,41.897293420374226,41.4085615059471,39.94140633656626,40.781402045750944,0.5645255102412889,0.7256553176631443,-0.16112980742185534
2023-12-27,41.430182585636345,42.03178775737047,41.09005846895994,41.805694580078125,4146500,TSCO,41.58943084801122,41.725178815412676,42.03178775737047,41.09005846895994,39.97554022317226,40.759931777830154,0.5223413101998133,0.6849925161704782,-0.16265120597066485
2023-12-28,41.90988915820298,42.814265528728015,41.81355404208804,42.446617126464844,6384500,TSCO,42.24608146387097,41.65730483171195,42.814265528728015,41.65730483171195,40.01136561972171,40.749003359471615,0.5344661279964669,0.654887238535676,-0.12042111053920912
2023-12-29,42.55475441932119,42.66485170773603,42.11633021726708,42.275577545166016,5352000,TSCO,42.40287847237258,41.95169314779146,42.66485170773603,41.95169314779146,40.048742754321296,40.7413508042367,0.5242306639102168,0.6287559236105842,-0.10452525970036741
2024-01-02,41.927587255699336,43.18584618772063,41.825353529977235,42.57834243774414,6647000,TSCO,42.37928235278534,42.17728581008202,43.18584618772063,41.825353529977235,40.097089472886836,40.73092721498058,0.534389472208872,0.6098826333302418,-0.07549316112136983
2024-01-03,42.56065183264052,42.56065183264052,41.63268471351198,41.80765914916992,5912500,TSCO,42.14041188199073,42.27828408143368,42.56065183264052,41.63268471351198,40.162388000219806,40.71693741912359,0.4747797352094878,0.5828620537060911,-0.10808231849660332
2024-01-04,41.80765994123323,42.46234881098316,41.80765994123323,42.27754211425781,6250000,TSCO,42.08880270192686,42.209347981712206,42.46234881098316,41.80765994123323,40.23527966712055,40.703847466760045,0.46014989591260047,0.5583196221473931,-0.09816972623479259
2024-01-05,42.01605769808583,43.17208287348306,41.99836188549051,43.038394927978516,7144500,TSCO,42.556224346259484,42.14907534181953,43.17208287348306,41.99836188549051,40.30869897228013,40.69706657893428,0.5041387090005927,0.547483439518033,-0.043344730517440366
2024-01-08,42.89880445590075,43.98208892494576,42.82409505286636,43.94670104980469,6451500,TSCO,43.41292237087939,42.352649844039505,43.98208892494576,42.352649844039505,40.403554982460726,40.69986482551246,0.6053151767337255,0.5590497869611716,0.0462653897725539
2024-01-09,43.807113970217955,44.14330443362629,43.21140740349308,43.413909912109375,6739000,TSCO,43.643933929861674,42.88278610745945,44.14330443362629,42.88278610745945,40.53803082461607,40.7049147090723,0.6351844532699218,0.5742767202229216,0.060907733047000145
2024-01-10,43.39621230037389,43.52793529814174,43.09147607429126,43.25859069824219,6102000,TSCO,43.31855359276227,43.26336001866056,43.52793529814174,43.09147607429126,40.66584257200621,40.70884686218049,0.6389576021191914,0.5872128966021757,0.05174470551701571
2024-01-11,43.26448978186208,43.60854379100253,43.08558169710904,43.56529235839844,4562500,TSCO,43.38097690709302,43.29095680571142,43.60854379100253,43.08558169710904,40.79138229577686,40.71594321895077,0.6590984340549397,0.6015900040927286,0.05750842996221117
2024-01-12,43.53383483440821,44.04303852310313,43.19764437773166,43.954566955566406,5081000,TSCO,43.68227117270236,43.33596685640222,44.04303852310313,43.19764437773166,40.91518325185256,40.729186051020854,0.6984204390886006,0.620956091091903,0.07746434799669766
2024-01-16,43.64197215832205,44.107920717349664,43.44340328401264,44.092193603515625,8185000,TSCO,43.8213724408,43.50911901455229,44.107920717349664,43.44340328401264,41.04572678578671,40.75247123045711,0.7322478344460919,0.6432144397627407,0.08903339468335114
2024-01-17,43.406038908623714,44.756703001720915,43.406038908623714,44.73311233520508,11566000,TSCO,44.07547328854336,43.665245727676144,44.756703001720915,43.406038908623714,41.16894262943968,40.77641931189046,0.8015334950524462,0.6748782508206819,0.12665524423176433
2024-01-18,44.86091323103852,45.3878090406544,44.5070269223674,45.267879486083984,7105000,TSCO,45.00590717003608,43.87035950810975,45.3878090406544,43.87035950810975,41.29297893450222,40.811841793030965,0.8893423352551437,0.7177710677075743,0.17157126754756946
2024-01-19,45.32882020192405,45.910764575635696,45.00639191715614,45.4271240234375,8425500,TSCO,45.41827517953834,44.43813333907292,45.910764575635696,44.43813333907292,41.42267109690211,40.84952634871553,0.9607067476785645,0.7663582037017723,0.19434854397679213
2024-01-22,45.554914364547116,45.889139865200235,45.30523052723842,45.71023178100586,7930500,TSCO,45.61487913449791,44.92820425930563,45.889139865200235,44.92820425930563,41.55587478311503,40.88199904674807,1.0282549061903552,0.818737544199489,0.20951736199086624
2024-01-23,45.48610393714679,45.637487701941296,44.51685035226947,44.90415954589844,8212500,TSCO,45.136150384314,45.27154169690177,45.637487701941296,44.51685035226947,41.67585626842694,40.90117173881915,1.005157189332735,0.8560214732261382,0.1491357161065967
2024-01-24,45.10272686499117,45.1204226777682,44.430345977981844,44.438209533691406,6649000,TSCO,44.772926263608156,45.203846040607885,45.203846040607885,44.430345977981844,41.80114926909806,40.91338237234679,0.9384361031932116,0.8725043992195529,0.06593170397365866
2024-01-25,44.432311420364016,44.585660133163174,43.96832787920723,44.497188568115234,7256500,TSCO,44.370872000212415,44.98838615210802,44.98838615210802,43.96832787920723,41.91885105122837,40.92807558617304,0.880172199668209,0.8740379593092842,0.006134240358924847
2024-01-26,44.71345588608908,44.83731533454031,44.253405970426286,44.75080871582031,5392000,TSCO,44.63874647671899,44.67962907616022,44.83731533454031,44.253405970426286,42.03992512499069,40.9453301525586,0.8447251964422691,0.8681754067358812,-0.02345021029361216
2024-01-29,44.50898927464267,45.28163900349854,44.2534068165892,44.49916076660156,10098500,TSCO,44.635798965332995,44.65918777643961,45.28163900349854,44.2534068165892,42.13866342055032,40.96417859115533,0.7872523495732437,0.8519907953033538,-0.06473844573011
2024-01-30,44.16689702048157,45.128287033787586,43.986020236324585,44.78422927856445,6416500,TSCO,44.51635839228955,44.6474933708863,45.128287033787586,43.986020236324585,42.21569915781292,40.98698630505277,0.7559927371734858,0.8327911836773803,-0.07679844650389445
2024-01-31,44.78816066681017,44.88253083204151,44.09218538561304,44.15706253051758,10741500,TSCO,44.47998485374558,44.58192588158792,44.88253083204151,44.09218538561304,42.304563790828986,41.004931824859526,0.6728558901537127,0.8008041249726467,-0.12794823481893403
2024-02-01,44.29272218065475,46.282348091287965,43.5987155536454,46.18207931518555,15048000,TSCO,45.088966285193415,44.53095536766675,46.282348091287965,43.5987155536454,42.40931436695177,41.02891342616672,0.76159211089346,0.7929617221568095,-0.03136961126334947
2024-02-02,46.01890101724744,46.11523614600533,44.53454880385156,45.7967414855957,9582000,TSCO,45.61635686317501,44.809960826430085,46.11523614600533,44.53454880385156,42.535047097093226,41.05884856124722,0.7916964785041216,0.7927086734262719,-0.0010121949221503224
2024-02-05,45.53918606912255,45.979575188001085,44.96707020494459,45.40746307373047,6563000,TSCO,45.473323633949676,45.21315884480255,45.979575188001085,44.96707020494459,42.670807972062185,41.0881699160753,0.7752067908878502,0.7892082969185876,-0.014001506030737465
2024-02-06,45.72203163333282,46.20174232085963,45.29736959027933,45.96385192871094,4939000,TSCO,45.79624886829568,45.34324123937611,46.20174232085963,45.29736959027933,42.808773557266306,41.12261269120453,0.7978375506639921,0.7909341476676686,0.006903402996323527
2024-02-07,46.213540450456684,46.61460808248805,45.88127987547923,45.89700698852539,4642500,TSCO,46.15160884923734,45.569745053835895,46.61460808248805,45.569745053835895,42.95102581161076,41.16281922262625,0.8011436771898843,0.7929760535721118,0.008167623617772568
2024-02-08,45.973679196031604,46.20370225693648,45.31505673555412,45.57850646972656,5961000,TSCO,45.767736164562194,45.86067695153662,46.20370225693648,45.31505673555412,43.087261845736364,41.20273193213184,0.7691966559918626,0.7882201740560619,-0.01902351806419933
2024-02-09,45.57851026172499,46.23909397865526,45.480206434866865,46.21746826171875,4962500,TSCO,45.87881973424147,45.814206558049406,46.23909397865526,45.480206434866865,43.22280001672505,41.248904245120436,0.7863724757136836,0.7878506343875863,-0.001478158673902663
2024-02-12,46.39834212137489,46.68144887504069,46.095570853672456,46.43962860107422,6195000,TSCO,46.40374761279056,45.84651314614544,46.68144887504069,45.84651314614544,43.35829887491557,41.304286335641685,0.8085899971455817,0.7919985069391854,0.016591490206396275
2024-02-13,45.623725877269564,46.18797820920007,45.28163681537264,45.8714485168457,5685500,TSCO,45.741197354671996,46.125130379468004,46.18797820920007,45.28163681537264,43.48225714526338,41.353893734877744,0.7714572793301784,0.787890261417384,-0.016432982087205672
2024-02-14,46.22533217219684,46.3708210870805,45.4035324228648,46.29807662963867,5254000,TSCO,46.074440577945204,45.93316386707,46.3708210870805,45.4035324228648,43.59104753728841,41.41295040589898,0.7676061700471166,0.7838334431433306,-0.016227273096213968
2024-02-15,46.53990185639965,47.01371394286443,46.449461582711194,46.724708557128906,3495500,TSCO,46.68194648477605,46.0038022225076,47.01371394286443,46.0038022225076,43.69271099015496,41.47811152710428,0.7898745866758787,0.7850416718498403,0.004832914826038426
2024-02-16,46.51433926197514,46.929172771528485,46.35115829020815,46.49467849731445,3486500,TSCO,46.57233720525656,46.342874353641825,46.929172771528485,46.342874353641825,43.8098962807744,41.540929648828424,0.7799699557681947,0.7840273286335112,-0.004057372865316489
2024-02-20,46.243028493725916,46.68538634806471,46.191913502732895,46.480918884277344,3798500,TSCO,46.40031180720022,46.457605779449196,46.68538634806471,46.191913502732895,43.91682882497574,41.60460433865789,0.7622237378544483,0.7796666104776987,-0.017442872623250394
2024-02-21,46.55758909631679,46.55758909631679,45.96974612779599,46.27644729614258,2758000,TSCO,46.340342904143036,46.42895879332471,46.55758909631679,45.96974612779599,44.022935354180134,41.6714003041254,0.7233225716280316,0.7683978027077653,-0.04507523107973366
2024-02-22,46.270551406810256,47.186721312844796,46.099506874995356,47.127742767333984,4853000,TSCO,46.6711305904961,46.38465084873387,47.186721312844796,46.099506874995356,44.12599474994236,41.738648698207335,0.7525110679088911,0.7652204557479905,-0.012709387839099362
2024-02-23,47.39042846658894,48.097512085714804,47.234398794317684,48.00863265991211,5319000,TSCO,47.68274300163338,46.52789071961499,48.097512085714804,46.52789071961499,44.23645797079584,41.8156855011474,0.8370743419766669,0.7795912329937258,0.05748310898294107
2024-02-26,47.93160853447111,48.7394232365454,47.864454515616,47.93753433227539,7362000,TSCO,48.11825515472698,47.105316860624185,48.7394232365454,47.105316860624185,44.350618025320436,41.89962985906732,0.8881166491758279,0.8012963162301463,0.08682033294568159
2024-02-27,48.09159316238491,49.904729045258655,48.07381576919801,49.6143913269043,8315500,TSCO,48.92113232593647,47.61178600767558,49.904729045258655,47.61178600767558,44.47246035339696,41.99216040135945,1.0517524432860128,0.8513875416413197,0.20036490164469312
2024-02-28,49.37737451122304,50.07260652787585,49.37540050119467,49.890899658203125,4347500,TSCO,49.67907029962417,48.26645916680603,50.07260652787585,48.26645916680603,44.58753032811929,42.0879870742367,1.1900289871137133,0.9191158307357985,0.2709131563779148
2024-02-29,50.26222052185285,50.49330779611326,49.642042281619524,50.23061752319336,6845500,TSCO,50.15704703069475,48.9727647332151,50.49330779611326,48.9727647332151,44.72891046047613,42.19066661163223,1.311903727352714,0.9976734100591816,0.31423031729353246
2024-03-01,50.343198460346,50.343198460346,49.426752969034176,49.855350494384766,4499000,TSCO,49.992125096027735,49.56490588195493,50.343198460346,49.426752969034176,44.877864295944754,42.290919584571746,1.3625033337620351,1.0706393947997523,0.2918639389622828
2024-03-04,49.3319492742877,50.04101071107608,49.03173774013032,50.02125930786133,4577500,TSCO,49.60648925833886,49.77851548899133,50.04101071107608,49.03173774013032,45.01881059599721,42.389066589168436,1.3998546876220388,1.1364824533642097,0.2633722342578291
2024-03-05,49.88694938483041,49.88694938483041,48.907301672185575,48.95470428466797,4821500,TSCO,49.40897618162859,49.69250237366509,49.88694938483041,48.907301672185575,45.17321585067433,42.48375695425953,1.3280844964869871,1.1748028619887654,0.15328163449822174
2024-03-06,49.150240670243484,49.55513500397309,48.942856594546704,49.50773239135742,3554000,TSCO,49.288991165030176,49.55073927764684,49.55513500397309,48.942856594546704,45.324700435347616,42.57658735745592,1.3008356259434493,1.2000094147797022,0.10082621116374701
2024-03-07,49.572916237345545,49.782274339357365,48.784852921443246,49.19764709472656,4306000,TSCO,49.33442264821818,49.41986522133851,49.782274339357365,48.784852921443246,45.47458691796796,42.67926495154525,1.2399263091089452,1.2079927936455508,0.0319335154633944
2024-03-08,49.509706443718784,49.70129090443885,49.07518688943149,49.47415542602539,2498500,TSCO,49.440084915903626,49.377143934778346,49.70129090443885,49.07518688943149,45.63232733207701,42.78686683432164,1.2001327646942528,1.2064207878552913,-0.006288023161038492
2024-03-11,49.42872840216975,49.470208985864204,48.614991687838234,49.15814208984375,3068000,TSCO,49.16801779142899,49.408614425340986,49.470208985864204,48.614991687838234,45.783899070945374,42.879719647058806,1.1300697185805717,1.1911505740003474,-0.061080855419775704
2024-03-12,49.262820251339804,49.835599631410545,49.004085539002325,49.31417465209961,2908000,TSCO,49.35417001846307,49.28831610838499,49.835599631410545,49.004085539002325,45.92606084203722,42.96871323087946,1.0747457732460362,1.1678696138494853,-0.09312384060344914
2024-03-13,49.41095367464295,50.60193726562174,49.335899851146614,50.102237701416016,6116000,TSCO,49.86275712320683,49.321243063424035,50.60193726562174,49.321243063424035,46.0752584150539,43.062000584687596,1.082018415185864,1.150699374116761,-0.06868095893089698
2024-03-14,50.58415819555779,50.635508827197214,49.32602439765225,50.1417350769043,9044500,TSCO,50.17185662432789,49.592000093315434,50.635508827197214,49.32602439765225,46.231109900484746,43.16409968668579,1.0785364476256944,1.1362667888185478,-0.05773034119285336
2024-03-15,49.92052697205948,51.2774178230387,49.813873918131584,50.78956985473633,7290000,TSCO,50.45034714199152,49.88192835882166,51.2774178230387,49.813873918131584,46.39730860568476,43.279848302952274,1.1151965242916404,1.1320527359131665,-0.016856211621526063
2024-03-18,51.06608350507362,51.10361230149253,50.181240980312374,50.50713348388672,3952000,TSCO,50.71451756769131,50.16613775040659,51.10361230149253,50.16613775040659,46.56982290300006,43.4025512850603,1.1086794775742064,1.1273780842453744,-0.018698606671168072
2024-03-19,50.47552802941461,51.081884402764636,50.402448217498275,50.6355094909668,4153500,TSCO,50.64884253516108,50.44032765904895,51.081884402764636,50.402448217498275,46.73167526677808,43.52018711952912,1.1011798264079644,1.1221384326778925,-0.02095860626992807
2024-03-20,50.793518348164895,50.85079854667719,49.97582985832042,50.763893127441406,4358500,TSCO,50.59600997015098,50.54458509710501,50.85079854667719,49.97582985832042,46.87533701876351,43.639446000612125,1.0929964031741761,1.1163100267771493,-0.023313623602973177
2024-03-21,50.562433904514705,52.936497485535014,50.562433904514705,52.57110595703125,5640500,TSCO,51.65811781289892,50.57029753362799,52.936497485535014,50.562433904514705,47.03562069642427,43.786825760520166,1.2182942157853702,1.1367068645787934,0.08158735120657679
2024-03-22,52.41112004527244,52.539502276340144,51.684285017902475,51.9390754699707,6169500,TSCO,52.14349570237144,51.11420767326346,52.539502276340144,51.11420767326346,47.21211953861644,43.93898105531133,1.252159936489754,1.1597974789609855,0.09236245752876848
2024-03-25,51.8383451680143,52.13856045896268,51.06015573053994,51.091758728027344,3813000,TSCO,51.53220502138607,51.628851687817445,52.13856045896268,51.06015573053994,47.375144100902304,44.08326319833958,1.1968310609152084,1.1672041953518302,0.029626865563378235
2024-03-26,51.093733578615755,51.30704345537886,50.77377064706854,50.969303131103516,3226000,TSCO,51.03596270304167,51.58052835460175,51.58052835460175,50.77377064706854,47.5222179315091,44.21870059168083,1.130074588719971,1.1597782740254583,-0.029703685305487282
2024-03-27,51.27149179249387,51.528256259188105,50.96140268267547,51.43937683105469,4080500,TSCO,51.30013189135303,51.308245528821715,51.528256259188105,50.96140268267547,47.67179312052015,44.35875995315344,1.1023929231645937,1.1483012038532854,-0.04590828068869168
2024-03-28,51.70206208040718,52.101030608731286,51.24581335574701,51.69218826293945,3235000,TSCO,51.685273576956234,51.304188710087374,52.101030608731286,51.24581335574701,47.82398912628841,44.49646587786405,1.0883094199520187,1.136302847073032,-0.0479934271210134
2024-04-01,51.68626248346869,51.9489489742215,50.8448708349649,51.004852294921875,4469000,TSCO,51.37123364689424,51.494731143521804,51.9489489742215,50.8448708349649,47.95129565582557,44.622137295163895,1.0100427300153854,1.1110508236615029,-0.10100809364611751
2024-04-02,50.9574520768126,51.12138533177519,50.22469498924084,50.738216400146484,4338500,TSCO,50.76043719949378,51.43298239520802,51.43298239520802,50.22469498924084,48.05813889622468,44.74040499656339,0.9159421154673879,1.0720290820226799,-0.15608696655529197
2024-04-03,50.75006757433222,50.983128854490424,49.7506684372752,49.800048828125,4334000,TSCO,50.320978423555715,51.0967097973509,51.0967097973509,49.7506684372752,48.15226088200584,44.85406783256043,0.7569388975780171,1.0090110451337475,-0.2520721475557304
2024-04-04,50.46565393412017,50.534781958311356,49.58871126472941,49.87312316894531,4682000,TSCO,50.11556758152656,50.708844110453306,50.708844110453306,49.58871126472941,48.25184922595009,44.96385274718851,0.6295669347092954,0.9331222230488572,-0.3035552883395618
2024-04-05,49.87312679238769,50.226670513675636,49.511687030269684,49.869178771972656,6142500,TSCO,49.870165777076416,50.41220584598993,50.41220584598993,49.511687030269684,48.35379401621945,45.07747164265876,0.5222848815954251,0.8509547547581708,-0.32866987316274576
2024-04-08,49.651911850387336,50.208887812830035,49.26676893771094,49.29244613647461,5068000,TSCO,49.60500368435073,50.14118581153318,50.208887812830035,49.26676893771094,48.45847664990222,45.1886638505653,0.38627286471040634,0.7580183767486179,-0.3717455120382116
2024-04-09,49.630187913577316,50.11013606118533,49.00408391062364,50.00743103027344,3951500,TSCO,49.68795972891493,49.87309474794195,50.11013606118533,49.00408391062364,48.559460914946136,45.29969301996841,0.3323446052350292,0.6728836224459003,-0.3405390172108711
2024-04-10,49.169994218241065,50.149641976385965,48.72559706007519,50.02915954589844,4538000,TSCO,49.518598200150166,49.78052723842844,50.149641976385965,48.72559706007519,48.65711689964248,45.397890160096395,0.2880390458641813,0.5959147071295565,-0.30787566126537524
2024-04-11,50.3135736059405,50.3135736059405,48.737447078483626,49.41490173339844,5393500,TSCO,49.69487400594076,49.64956271928931,50.3135736059405,48.737447078483626,48.7606872119155,45.488193184864215,0.2010435935552337,0.516940484414692,-0.31589689085945827
2024-04-12,48.94087476965657,49.098882209576026,48.22786539649119,48.368099212646484,4959500,TSCO,48.65893039709257,49.672218362615034,49.672218362615034,48.22786539649119,48.84426612278244,45.574414956805725,0.0470880541243659,0.4229699983566268,-0.3758819442322609
2024-04-15,49.04753789539704,49.132465539679316,47.70249858939355,47.791378021240234,4722500,TSCO,48.41847001142754,49.1655743798538,49.1655743798538,47.70249858939355,48.91085619730713,45.66008528212945,-0.1200752476401945,0.31436094915726254,-0.43443619679745704
2024-04-16,47.892104213664794,48.69991889020904,47.892104213664794,48.35822677612305,5517500,TSCO,48.21058852341542,48.79202219564067,48.79202219564067,47.892104213664794,48.96274083051194,45.74889396380259,-0.20445656347488494,0.21059744663083305,-0.41505401010571796
2024-04-17,48.561665938961504,49.055439743715276,48.46488669515562,48.861881256103516,6100000,TSCO,48.73596840848398,48.50130535952805,49.055439743715276,48.46488669515562,49.02799372600262,45.8494008490324,-0.2280597263272668,0.12286601203921309,-0.3509257383664799
2024-04-18,49.32207376520516,49.40700140564129,48.60906433253728,48.85397720336914,4133500,TSCO,49.04802917668822,48.61863688400601,49.40700140564129,48.60906433253728,49.093029332170474,45.95090144471838,-0.24458378432059646,0.04937605276725118,-0.2939598370878477
2024-04-19,49.00408333504958,50.04298145950604,49.00408333504958,49.92842483520508,6424000,TSCO,49.49489324120257,48.83333303034711,50.04298145950604,48.83333303034711,49.15989502000977,46.055460415810266,-0.16903178181198086,0.005694485851404777,-0.17472626766338564
2024-04-22,50.46762792692388,50.596010157747074,49.91065194626193,50.04495620727539,5352500,TSCO,50.25481155955207,49.16411313577484,50.596010157747074,49.16411313577484,49.24963652790958,46.168449186822976,-0.0986163794328192,-0.01516768720544002,-0.08344869222737918
2024-04-23,50.36492445868291,51.28136996065098,50.248393819013494,50.554534912109375,5048000,TSCO,50.61230578761419,49.709462347663454,51.28136996065098,49.709462347663454,49.344306248977034,46.28355313285105,-0.0016736304090230192,-0.012468875846156621,0.010795245437133602
2024-04-24,49.975828674119974,51.02263039881936,49.55513472759637,50.98312759399414,6607500,TSCO,50.38418034863246,50.16088406763882,51.02263039881936,49.55513472759637,49.42391490369387,46.39110688930472,0.10848746815494792,0.011722392954064288,0.09676507520088364
2024-04-25,50.97720160972124,52.545428297342596,49.62623658064752,52.3913688659668,11477500,TSCO,51.38505883841954,50.272532208135644,52.545428297342596,49.62623658064752,49.53679213336882,46.5095246393161,0.30589803182362374,0.07055752072797618,0.23534051109564758
2024-04-26,52.27286712901102,54.24796226664374,52.14843667781624,54.09785461425781,7997500,TSCO,53.1917801719322,50.82879552327759,54.24796226664374,50.82879552327759,49.67913892524855,46.635093231268485,0.593208327646245,0.17508768211162995,0.41812064553461503
2024-04-29,53.995151120857166,54.93924788942268,53.679136191174045,54.88394546508789,5331000,TSCO,54.374370166635444,52.0102878476049,54.93924788942268,52.0102878476049,49.832987398885756,46.76284919452035,0.8742568799649817,0.3149215216823003,0.5593353582826814
2024-04-30,54.77925964655702,55.18020217344923,53.79171217150646,53.93589401245117,4837500,TSCO,54.42176700099097,53.19232900712017,55.18020217344923,53.19232900712017,49.98997599480043,46.89993613778742,1.0088605372127475,0.45370932478838977,0.5551512124243577
2024-05-01,54.03069929698011,54.23413157566386,52.81799036329514,53.558650970458984,7468000,TSCO,53.66036805159952,53.807048004055574,54.23413157566386,52.81799036329514,50.13517711968842,47.02600297233208,1.0727287948153261,0.577513218793777,0.4952155760215491
2024-05-02,53.606056158072626,53.606056158072626,52.571106021724795,52.675785064697266,6347000,TSCO,53.114750850641826,53.73370802782755,53.73370802782755,52.571106021724795,50.270665278618395,47.146800316399265,1.0401151489467182,0.6700336048243652,0.37008154412235295
2024-05-03,52.920700080106165,53.69295998447829,52.630358594955894,53.36904525756836,5675500,TSCO,53.15326597927718,53.424229439234686,53.69295998447829,52.630358594955894,50.40030798639402,47.263151368168195,1.0580127905157681,0.7476294419626459,0.3103833485531222
2024-05-06,53.414472266960445,53.55470232911751,52.87329588669039,53.23671340942383,3408500,TSCO,53.26979597304804,53.28874770925593,53.55470232911751,52.87329588669039,50.5120490458223,47.374253508309074,1.0494216467020294,0.8079878829105227,0.24143376379150672
2024-05-07,53.3413931862436,53.90034696682341,52.99772706153729,53.35324478149414,3204500,TSCO,53.39817799902461,53.27927184115198,53.90034696682341,52.99772706153729,50.617647502708266,47.48413276401435,1.0400274224353154,0.8543957908154813,0.1856316316198341
2024-05-08,52.93254715143303,53.137957222574215,52.56122981526124,52.66591262817383,4167500,TSCO,52.82441170436058,53.338724920088296,53.338724920088296,52.56122981526124,50.69571309027675,47.584086721836854,0.9659851954949801,0.8767136717513812,0.08927152374359892
2024-05-09,52.6738095464609,53.4164441780662,52.53752750989173,53.268310546875,3051500,TSCO,52.974022945323455,53.081568312224434,53.4164441780662,52.53752750989173,50.76161214319073,47.67457123565501,0.9450210602615385,0.8903751494534127,0.054645910808125864
2024-05-10,53.28411569966988,53.762086081372,53.007599830069275,53.61000442504883,4657500,TSCO,53.41595150903999,53.027795628773944,53.762086081372,53.007599830069275,50.82679023275764,47.77785034661689,0.9450843285197337,0.9013169852666769,0.043767343253056756
2024-05-13,53.84109050318343,54.07809979510001,53.32953935783194,53.657405853271484,3967500,TSCO,53.72653387734672,53.22187356890697,54.07809979510001,53.22187356890697,50.901478408384015,47.889671352164385,0.938145016403368,0.9086825914940152,0.029462424909352802
2024-05-14,53.84306688586128,54.526451116484075,53.57642859530953,54.21636199951172,4734500,TSCO,54.04057714929165,53.47420372312685,54.526451116484075,53.47420372312685,50.99016016620307,48.004485381100146,0.9666062163951423,0.9202673164742406,0.04633889992090168
2024-05-15,54.052425662300855,54.587676223030186,54.001071263827704,54.504722595214844,3018500,TSCO,54.286473936093394,53.75739043620925,54.587676223030186,53.75739043620925,51.08771012129237,48.13046298598335,1.0008925463434224,0.9363923624480771,0.06450018389534529
2024-05-16,54.198586120651186,55.01825241826661,54.198586120651186,54.55410385131836,3965500,TSCO,54.49238212772184,54.02193218615132,55.01825241826661,54.02193218615132,51.19177794054621,48.25823918794691,1.0202881181989838,0.9531715135982585,0.06711660460072533
2024-05-17,54.694330601467385,56.51734398204323,54.117603212820725,56.42253875732422,10907000,TSCO,55.437954138413886,54.25715715693658,56.51734398204323,54.117603212820725,51.31384857035012,48.39421774415904,1.1729058024031076,0.9971183713592283,0.17578743104387928
2024-05-20,56.55882396328703,56.861013279499545,55.57522817795111,56.10060119628906,5299500,TSCO,56.27391665425669,54.847555647675236,56.861013279499545,54.847555647675236,51.45052520511718,48.5414262685971,1.2534299854160338,1.0483806941705895,0.20504929124544424
2024-05-21,56.38106017967322,56.839282906692354,55.814210393554355,56.42451477050781,9284000,TSCO,56.36476706260694,55.560736150965965,56.839282906692354,55.560736150965965,51.59446019054074,48.689179630743055,1.3280738898747657,1.1043193333114247,0.22375455656334098
2024-05-22,56.272431688005845,56.6477008033572,55.57719964495029,55.84778594970703,3628000,TSCO,56.08627952150509,55.962751606786455,56.6477008033572,55.57719964495029,51.729102380601574,48.8275816113194,1.3254139787187285,1.1485382623928855,0.17687571632584298
2024-05-23,55.97419204169282,56.4146373784372,55.36191365262948,55.94654083251953,4554500,TSCO,55.924320976319756,56.02451556414577,56.4146373784372,55.36191365262948,51.85033365766383,48.96279603635886,1.3161034523254642,1.1820513003794013,0.1340521519460629
2024-05-24,55.883340088831005,55.90703951138172,55.34018594110232,55.69768142700195,3950000,TSCO,55.70706174207925,55.97441827023276,55.97441827023276,55.34018594110232,51.96103776001886,49.09607383025181,1.2739585180749202,1.2004327439185052,0.07352577415641504
2024-05-28,55.58509728186348,55.74705651668898,55.23155736023462,55.67002868652344,5393000,TSCO,55.558434961327634,55.840740006156004,55.840740006156004,55.23155736023462,52.06319951640558,49.23025406104517,1.224215020284042,1.2051891991916126,0.01902582109242945
2024-05-29,55.36191580160419,55.57127388855862,54.921466680568244,55.504119873046875,3758500,TSCO,55.33969406094448,55.69958748374182,55.69958748374182,54.921466680568244,52.155703046270645,49.362762974635345,1.1580561349536396,1.195762586344018,-0.037706451390378426
2024-05-30,55.796432952382105,56.092696444708025,55.40536423838516,55.46066665649414,3651000,TSCO,55.68879007299236,55.51964077234315,56.092696444708025,55.40536423838516,52.25650199702727,49.49408863190268,1.0895586760671705,1.1745218042886485,-0.084963128221478
2024-05-31,55.62262733710448,56.39291319062011,55.07157338451095,56.34748458862305,6606000,TSCO,55.858649625214646,55.60421542266776,56.39291319062011,55.07157338451095,52.36175479012854,49.61854590444603,1.0942192635360044,1.1584612961381198,-0.06424203260211536
2024-06-03,55.38561283723581,55.56337168607233,51.87982001575058,52.84564208984375,9901500,TSCO,53.91861165722562,55.7314325239412,55.7314325239412,51.87982001575058,52.40696466701508,49.72129268171967,0.806051726595733,1.0879793822296424,-0.2819276556339094
2024-06-04,52.42494691347765,54.014899045063736,52.41309908559427,53.27029037475586,5895000,TSCO,53.03080885472288,54.82502209058341,54.82502209058341,52.41309908559427,52.42471093006211,49.818415234339284,0.6049687420161902,0.991377254186952,-0.3864085121707618
2024-06-05,53.31769257919456,53.43817123758382,52.85354403653412,53.4006462097168,5513000,TSCO,53.25251351575733,53.92791547265314,53.92791547265314,52.85354403653412,52.45911709994954,49.917130600425914,0.45092961851609914,0.8832877270527815,-0.43235810853668233
2024-06-06,53.19128719321999,53.45989950169461,52.96810348982364,53.28016662597656,3417000,TSCO,53.2248642026787,53.590214494205235,53.590214494205235,52.96810348982364,52.502895129942274,50.012556530725675,0.31549398950949836,0.7697289795441249,-0.45423499003462653
2024-06-07,53.19918645677941,53.88454471037378,53.0411789965176,53.511253356933594,4773000,TSCO,53.409040880151096,53.40753934844197,53.88454471037378,53.0411789965176,52.545073309718234,50.10843321511919,0.22422234999937274,0.6606276536351745,-0.43640530363580177
2024-06-10,53.50335054196934,54.09785155292452,53.19918346684399,54.04254913330078,3164000,TSCO,53.71073367375966,53.408290114296534,54.09785155292452,53.19918346684399,52.58558251165431,50.20478581897136,0.1925405593241507,0.5670102347729697,-0.37446967544881904
2024-06-11,53.92009430603601,55.11502969536103,53.60407939385607,54.966896057128906,5581000,TSCO,54.4015248630955,53.5595118940281,55.11502969536103,53.5595118940281,52.64618833597833,50.29874199590195,0.2392615256894075,0.5014604929562573,-0.26219896726684977
2024-06-12,55.30266279940949,55.47054407465413,54.58570156027625,55.28488540649414,4295000,TSCO,55.1609484602085,53.9805183785618,55.47054407465413,53.9805183785618,52.73419856119263,50.39616872870865,0.298506316088023,0.46086965758261045,-0.16236334149458742
2024-06-13,55.4784476913955,55.75693381024763,54.80888906567092,55.59497833251953,5420500,TSCO,55.409812224958394,54.57073341938515,55.75693381024763,54.57073341938515,52.83597523722068,50.49411805961326,0.36625815091417024,0.44194735624892245,-0.07568920533475221
2024-06-14,55.44289277735122,55.74705986341599,54.86221735041788,55.3520393371582,4658000,TSCO,55.35105233208583,54.990272822171775,55.74705986341599,54.86221735041788,52.94068493223186,50.59626707909098,0.3957864418070969,0.43271517336055737,-0.03692873155346049
2024-06-17,55.111077019660996,57.291582138875796,55.06367440687851,57.18887710571289,4498500,TSCO,56.16380266778205,55.1706625771288,57.291582138875796,55.06367440687851,53.066557670045974,50.71017584313271,0.5609391248494333,0.4583599636583326,0.10257916119110072
2024-06-18,57.177024477021426,57.352809319878254,56.61017467837012,57.2738037109375,5102500,TSCO,57.10345304655183,55.66723262245543,57.352809319878254,55.66723262245543,53.216526657290004,50.83750165359611,0.6907145558566512,0.5048308820979963,0.1858836737586549
2024-06-20,57.265909963680414,57.26986175142356,55.29081473748335,55.34809494018555,8794500,TSCO,56.29367034819322,56.38534283450363,57.26986175142356,55.29081473748335,53.34864086967556,50.95405089231085,0.6309012787127841,0.5300449614209539,0.1008563172918302
2024-06-21,55.08342423803131,56.2191053679213,55.08342423803131,55.610774993896484,8777500,TSCO,55.499182209470106,56.339506591348425,56.339506591348425,55.08342423803131,53.468252549861965,51.06268472475222,0.5978038005774309,0.5435967292522493,0.054207071325181544
2024-06-24,55.452769366545944,56.37118887148502,54.38621622512191,54.78321075439453,6208500,TSCO,55.24834630438686,55.919344400409265,56.37118887148502,54.38621622512191,53.57932199583089,51.170004603873195,0.4990436285102291,0.5346861091038453,-0.03564248059361619
2024-06-25,54.453369285695324,54.453369285695324,51.82846706083452,52.25311279296875,13781500,TSCO,53.24707960629848,55.58384535239806,55.58384535239806,51.82846706083452,53.671084980015,51.25767555139873,0.2141491420360353,0.4705787156902833,-0.256429573654248
2024-06-26,52.25113881787239,53.29794053895902,51.802793662957434,52.73503875732422,7274000,TSCO,52.52172794427827,54.415462479348264,54.415462479348264,51.802793662957434,53.75315013867202,51.33200316798957,0.02694500144745149,0.38185197284171696,-0.35490697139426547
2024-06-27,52.573079774333216,53.118204166353145,52.34001849960701,52.843666076660156,10605500,TSCO,52.71874212923838,53.468595211813266,53.468595211813266,52.34001849960701,53.84331321078848,51.40302702065021,-0.11136654763016907,0.2832082687473398,-0.39457481637750885
2024-06-28,53.76011361273413,54.625204729803954,53.033278550831405,53.32756805419922,8505000,TSCO,53.686541236892175,53.09366867052582,54.625204729803954,53.033278550831405,53.942324667356644,51.48515919667963,-0.17985929530746603,0.19059475593637865,-0.3704540512438447
2024-07-01,53.534950292639394,54.04847545642236,52.67183321546543,52.881195068359375,5070500,TSCO,53.28411350822164,53.390104953709,54.04847545642236,52.67183321546543,54.027046353987316,51.56003784307889,-0.26708012731185704,0.09905977928673151,-0.3661399065985885
2024-07-02,52.83181690389313,52.96414715296174,52.4111192002894,52.543453216552734,3718500,TSCO,52.68763411842425,53.33710923096532,53.33710923096532,52.4111192002894,54.09090117153175,51.62539809577076,-0.359314258772109,0.007384971674963422,-0.3666992304470724
2024-07-03,52.24916153877238,52.30446395499884,51.09372906067957,51.67835998535156,3832500,TSCO,51.83142863495059,53.01237167469478,53.01237167469478,51.09372906067957,54.12243351303972,51.68603502047465,-0.4964930040430815,-0.09339062346864556,-0.4031023805744359
2024-07-05,51.717864815850845,51.994380695163954,51.41370149252092,51.8521728515625,5409000,TSCO,51.74452996377455,52.42190015482269,52.42190015482269,51.41370149252092,54.14507799656291,51.744692122769976,-0.5844457752095735,-0.19160165381683117,-0.3928441213927424
2024-07-08,52.045730857468605,52.22348971855762,50.74019437745667,51.5341796875,6263000,TSCO,51.63589866024572,52.083215059298624,52.22348971855762,50.74019437745667,54.17011236279519,51.797013633244525,-0.6720612668440396,-0.28769357642227283,-0.3843676904217667
2024-07-09,51.38407392425658,51.4769013717158,50.60193647096384,50.81129455566406,4339500,TSCO,51.06855158065007,51.85955685977217,51.85955685977217,50.60193647096384,54.16378221763979,51.850287175504306,-0.7907131153440616,-0.3882974842066306,-0.402415631137431
2024-07-10,50.94560336262983,51.23001527398763,50.603911253221845,51.20433807373047,4669000,TSCO,50.99596699089244,51.464054220211125,51.464054220211125,50.603911253221845,54.119865954019005,51.899502439633785,-0.8433090907579341,-0.4792998055168914,-0.36400928524104276
2024-07-11,51.3287750816102,52.18004061910234,51.2043408609732,51.90945053100586,5732000,TSCO,51.6556517731729,51.23001060555178,52.18004061910234,51.2043408609732,54.06549158614975,51.94923949251775,-0.818658116604297,-0.5471714677343725,-0.27148664886992446
2024-07-12,52.18201143913495,53.769989549090766,52.16028602644561,53.538902282714844,4743000,TSCO,52.91279732434654,51.44283118936234,53.769989549090766,51.44283118936234,54.035312192616864,52.01264409370865,-0.6600304829674926,-0.5697432707809965,-0.09028721218649605
2024-07-15,53.55470127012796,54.31116152116108,52.79231522166813,53.493473052978516,6095000,TSCO,53.53791276648392,52.17781425685444,54.31116152116108,52.17781425685444,54.032863086914546,52.084020103301484,-0.5318518426558825,-0.5621649851559737,0.030313142500091206
2024-07-16,53.5882778087078,55.94061593801145,53.49347258509951,55.92876434326172,5980000,TSCO,54.73778266877012,52.85786351166918,55.94061593801145,52.85786351166918,54.06532372327712,52.16799450094776,-0.23109774127626537,-0.49595153638003203,0.26485379510376666
2024-07-17,55.41721704963918,55.93666423582575,55.02219653973504,55.06959915161133,4831000,TSCO,55.36141924420282,53.79782309021965,55.93666423582575,53.79782309021965,54.10948678857563,52.254897387484824,-0.061367987776868915,-0.40903482665939944,0.3476668388825305
2024-07-18,55.0063968968822,55.0063968968822,53.13400691390227,53.31373977661133,6645500,TSCO,54.1151351210695,54.579621167211236,55.0063968968822,53.13400691390227,54.12639357153606,52.31922130867919,-0.06775804001777885,-0.34077946933107534,0.2730214293132965
2024-07-19,53.28016564000798,53.64160916215539,52.67776102549396,53.021427154541016,3967500,TSCO,53.155240745549584,54.347378144140364,54.347378144140364,52.67776102549396,54.12153482646655,52.36959116458741,-0.09531070561364174,-0.29168571658758863,0.19637501097394688
2024-07-22,53.100429143236475,53.633705693508524,51.94499661764704,53.54087448120117,5528000,TSCO,53.0550014838983,53.75130944484498,53.75130944484498,51.94499661764704,54.12614662205731,52.41092985616702,-0.07437399641114695,-0.24822337255230031,0.17384937614115337
2024-07-23,53.685056057466724,53.752210070223484,53.03130085608698,53.39866638183594,4008000,TSCO,53.46680834140328,53.403155464371636,53.752210070223484,53.03130085608698,54.13600232997891,52.44880723658482,-0.06846726070144626,-0.21227215018212953,0.14380488948068326
2024-07-24,53.216961497585785,53.35324353820647,51.844271040891726,51.850196838378906,6554500,TSCO,52.56616822876572,53.43498190288746,53.43498190288746,51.844271040891726,54.11900666437343,52.47289844856553,-0.18658385857558102,-0.20713449186081984,0.020550633285238817
2024-07-25,50.661185064137506,52.86934129377131,49.90472483828743,50.84684371948242,11680500,TSCO,51.07052372891967,53.00057506582659,53.00057506582659,49.90472483828743,54.06588646140488,52.483682434894455,-0.3570386058980546,-0.2371153146682668,-0.11992329122978779
2024-07-26,51.24581446821919,52.69948454524668,51.23791466063456,51.850196838378906,4857000,TSCO,51.75835262811984,52.03554939737313,52.69948454524668,51.23791466063456,54.02024197098145,52.50520106859226,-0.406477391541884,-0.27098773004299026,-0.13548966149889374
2024-07-29,51.92525192435087,52.41507391126684,51.43542617023996,52.35581970214844,3598000,TSCO,52.03289292700153,51.896951012746484,52.41507391126684,51.43542617023996,53.97517035079961,52.531440236045995,-0.4002446744488424,-0.2968391189241607,-0.10340555552468167
2024-07-30,52.197810035552735,52.35779526324193,51.384073361062946,51.696136474609375,5968500,TSCO,51.908953783616745,51.964921969874005,52.35779526324193,51.384073361062946,53.9235017839175,52.55763986223185,-0.4434246017215173,-0.32615621548363205,-0.11726838623788527
2024-07-31,51.84426835684383,52.62640577515251,51.38209384871938,52.008201599121094,2863000,TSCO,51.965242394959205,51.936937876745375,52.62640577515251,51.38209384871938,53.85404754904841,52.58394805969926,-0.44730767325078347,-0.35038650703706237,-0.0969211662137211
2024-08-01,52.17608570170846,52.32026755029814,50.38467530069465,50.61378479003906,3743000,TSCO,51.37370333568508,51.95109013585229,52.32026755029814,50.38467530069465,53.75604328267698,52.60328424389708,-0.5564879713471953,-0.391606799899089,-0.16488117144810632
2024-08-02,49.99360464641835,50.007430250994986,49.05148199079076,49.924476623535156,4402000,TSCO,49.74424837793481,51.66239673576868,51.66239673576868,49.05148199079076,53.62363290898354,52.609046549762134,-0.6906738937210832,-0.45142021866348786,-0.23925367505759537
2024-08-05,49.39712474365813,51.11743300351598,48.885573618816935,50.59205627441406,6070500,TSCO,49.99804691010128,50.703322556851745,51.11743300351598,48.885573618816935,53.50186825675546,52.61548531867852,-0.7346801696564782,-0.5080722088620859,-0.22660796079439227
2024-08-06,51.198418776004914,51.8166230221166,50.62761337832029,51.35642623901367,3682500,TSCO,51.249770353863866,50.35068473347651,51.8166230221166,50.35068473347651,53.40837724430634,52.629355450985095,-0.6998102157955657,-0.546419810248782,-0.15339040554678374
2024-08-07,51.551956246496694,51.87587096496729,49.67956620488556,49.76251983642578,4040000,TSCO,50.71747831319383,50.80022754367019,51.87587096496729,49.67956620488556,53.30858557572864,52.63481166787375,-0.7916646348768381,-0.5954687751743932,-0.1961958597024449
2024-08-08,50.13383797928126,51.73958975954975,49.79214586258359,51.5341796875,3619500,TSCO,50.79993832222865,50.758852928432006,51.73958975954975,49.79214586258359,53.21341564294666,52.63830757967612,-0.7132795376625012,-0.6190309276720148,-0.09424860999048634
2024-08-09,51.5341791516832,52.07338152700629,50.88042391339663,51.455177307128906,3109500,TSCO,51.48579047480376,50.779395625330324,52.07338152700629,50.779395625330324,53.13633757122384,52.64602030874725,-0.6500403546590761,-0.6252328130694271,-0.02480754158964893
2024-08-12,51.49665564053616,52.40520136644864,51.188540526586195,51.79291915893555,3882500,TSCO,51.72082917312663,51.132593050067044,52.40520136644864,51.132593050067044,53.05697835322653,52.6567401751269,-0.5661437489748451,-0.6134150002505108,0.04727125127566567
2024-08-13,51.595409231561206,52.53753197295671,50.85672632447703,51.41962814331055,3848000,TSCO,51.60232391807637,51.42671111159684,52.53753197295671,50.85672632447703,52.97185183908377,52.66680331460615,-0.5237392101669727,-0.5954798422338032,0.07174063206683057
2024-08-14,51.55985094384681,52.21558389068039,51.03842601602067,51.80476379394531,2810000,TSCO,51.6546561611233,51.514517514836605,52.21558389068039,51.03842601602067,52.926572729161705,52.6667686980884,-0.45382467104843727,-0.5671488079967301,0.1133241369482928
2024-08-15,52.54345628360577,53.175486113727004,51.61911096181575,51.94499969482422,3102000,TSCO,52.320763263493184,51.584586837979955,53.175486113727004,51.584586837979955,52.912371817337124,52.66854137369962,-0.38268962214131363,-0.5302569708256468,0.1475673486843332
2024-08-16,52.21361721110678,52.282745240243685,51.81069686471234,52.0398063659668,5094000,TSCO,52.0867164205074,51.95267505073657,52.282745240243685,51.81069686471234,52.88905587543212,52.67408648769083,-0.31503297333784985,-0.4872121713280875,0.17217919799023762
2024-08-19,51.917351120602895,52.35582249677675,51.69614142226513,52.13066101074219,3072000,TSCO,52.02499401259674,52.01969573562199,52.35582249677675,51.69614142226513,52.86505847163049,52.68397680078638,-0.25118784408424233,-0.44000730587931847,0.18881946179507614
2024-08-20,52.03585748531871,52.403223038773824,51.96870346749729,52.02400588989258,2621500,TSCO,52.107947470370604,52.022344874109365,52.403223038773824,51.96870346749729,52.83903660343488,52.69205495657655,-0.20681229269595036,-0.3933683032426449,0.18655601054669452
2024-08-21,51.76526204000858,53.16362960515514,51.36629352915606,52.85551452636719,3056000,TSCO,52.28767492517174,52.065146172239984,53.16362960515514,51.36629352915606,52.81057542846311,52.6980789700587,-0.1033571142804206,-0.33536606545020003,0.23200895116977943
2024-08-22,52.87922083388988,52.90489426657397,52.304467454910345,52.395320892333984,1990500,TSCO,52.62097586192704,52.17641054870586,52.90489426657397,52.17641054870586,52.77496444843974,52.71057639220904,-0.05783523174918059,-0.27985989870999617,0.22202466696081558
2024-08-23,52.8752697439464,53.22683567057573,52.48024922451926,53.16560745239258,2554000,TSCO,52.936990522858494,52.39869320531645,53.22683567057573,52.39869320531645,52.730485289692744,52.73234192544269,0.039936512708734995,-0.21590061642624994,0.2558371291349849
2024-08-26,53.246588737761755,54.23216228983326,53.02340503804872,53.884544372558594,4121000,TSCO,53.59667510955059,52.66784186408747,54.23216228983326,52.66784186408747,52.69422254738459,52.76509889230263,0.17343428319232146,-0.13803363650253567,0.3114679196948571
2024-08-27,53.57840457768525,54.00304654412115,53.270289481183035,53.90824508666992,3088500,TSCO,53.689996422414836,53.132258486819026,54.00304654412115,53.132258486819026,52.661001429191174,52.80084318071152,0.277940749703248,-0.05483875926137893,0.33277950896462694
2024-08-28,53.77591454628224,54.421773768268515,53.77196652586355,53.97145080566406,3148500,TSCO,53.98527641151959,53.41112745461693,54.421773768268515,53.41112745461693,52.61743090406592,52.84199428705595,0.36169367113779316,0.02846772681845549,0.33322594431933766
2024-08-29,54.3625149153678,54.84838885622832,53.93786919052438,54.060325622558594,2862000,TSCO,54.30227464616978,53.69820193306826,54.84838885622832,53.69820193306826,52.561407336058274,52.888966996674135,0.43027992066200227,0.10883016558716485,0.3214497550748374
2024-08-30,53.9200930229059,53.92601882035756,52.49012614439963,52.843666076660156,6812000,TSCO,53.29497601608081,54.00023828961902,54.00023828961902,52.49012614439963,52.501433449416034,52.9250371595458,0.3820566490134354,0.16347546227241896,0.21858118674101643
2024-09-03,52.69554111843406,53.18931492386587,52.43482860944119,53.001678466796875,5317000,TSCO,52.8303407796345,53.647607152849915,53.647607152849915,52.43482860944119,52.448056620819315,52.958154585340644,0.3525259385416959,0.20128555752627436,0.15124038101542153
2024-09-04,53.080676203643115,54.016873038146706,52.794286534882794,53.85688781738281,4919000,TSCO,53.43718089851386,53.238973966242206,54.016873038146706,52.794286534882794,52.411833312701866,52.99557765426637,0.39359378094200537,0.23974720220942058,0.15384657873258478
2024-09-05,53.82923710221702,53.82923710221702,52.794287018681764,53.487545013427734,3414000,TSCO,53.485076559135884,53.33807743237803,53.82923710221702,52.794287018681764,52.416593251758606,53.043839115886804,0.39182079810888837,0.27016192138931416,0.1216588767195742
2024-09-06,53.655435299424774,54.129457680986846,53.134010302986994,53.44409942626953,4937500,TSCO,53.590750677417034,53.41157699575696,54.129457680986846,53.134010302986994,52.43797370642139,53.09556192254669,0.382500769869651,0.29262969108538156,0.08987107878426942
2024-09-09,53.55667563014905,54.490898508502895,53.55667563014905,53.87861633300781,5491500,TSCO,53.8707165254522,53.501163836587,54.490898508502895,53.501163836587,52.461013194345654,53.152163202567074,0.40550208765712625,0.31520417039973053,0.09029791725739572
2024-09-10,53.75221267436753,53.92404573463189,52.95229781418833,53.47964859008789,3206000,TSCO,53.527051203318905,53.6859401810196,53.92404573463189,52.95229781418833,52.45782339367419,53.20007403051542,0.38707547010490373,0.32957843034076517,0.05749703976413856
2024-09-11,53.479647533785304,54.63508008677819,52.756764288881335,54.5620002746582,3407000,TSCO,53.858373046025754,53.606495692169254,54.63508008677819,52.756764288881335,52.46930858443027,53.2481774692088,0.45456898993592176,0.3545765422597965,0.09999244767612525
2024-09-12,54.66272861831709,55.31648380642408,54.360539334241516,55.201927185058594,2504500,TSCO,54.88541973601032,53.732434369097504,55.31648380642408,53.732434369097504,52.51326429678199,53.302082734156876,0.5533165554202455,0.39432454489188634,0.15899201052835915
2024-09-13,55.63645224500251,56.5509199333374,55.50214421795967,55.88728713989258,2703000,TSCO,55.89420088404803,54.30892705255391,56.5509199333374,54.30892705255391,52.594519741763946,53.358476627401835,0.6790498688728377,0.45126960968807667,0.22778025918476102
2024-09-16,56.1420766597521,56.70103044107432,55.71743091226127,55.97222137451172,3185500,TSCO,56.13318984689985,55.10156396830097,56.70103044107432,55.10156396830097,52.68229293942645,53.41368546799468,0.7765957956343925,0.5163348468773399,0.26026094875705263
2024-09-17,55.67595391408308,55.986046796969596,54.623230128843346,54.6607551574707,3515000,TSCO,55.23649649934168,55.617376907600416,55.986046796969596,54.623230128843346,52.75430489620837,53.46220862950178,0.7395521848074509,0.5609783144633621,0.17857387034408878
2024-09-18,54.81481225303212,55.243406001111836,54.265736082072166,54.41189193725586,2091500,TSCO,54.68396156836799,55.42693670347105,55.42693670347105,54.265736082072166,52.82661309596273,53.49519765680127,0.6822491310107139,0.5852324777728325,0.09701665323788145
2024-09-19,55.255256176634575,55.255256176634575,53.94774201939584,54.11167526245117,3919000,TSCO,54.64248240877904,55.05544913591952,55.255256176634575,53.94774201939584,52.89954340432047,53.50970467916973,0.6056297486384139,0.5893119319459488,0.016317816692465126
2024-09-20,54.11168152568324,54.459299453659604,53.5705051133999,54.293392181396484,4168000,TSCO,54.10871956853481,54.848965772349274,54.848965772349274,53.5705051133999,52.9486047602277,53.50704817318872,0.5531944910416442,0.5820884437650878,-0.02889395272344364
2024-09-23,54.4652237673224,55.12885660548531,53.90034794604995,54.68050765991211,4177000,TSCO,54.543733994692445,54.47884267044204,55.12885660548531,53.90034794604995,52.981223493634616,53.50826784312574,0.5366895326232921,0.5730086615367287,-0.03631912891343658
2024-09-24,54.68050410980758,55.075524617332924,54.22623316318976,54.82271194458008,3096500,TSCO,54.70124345872759,54.51128833256725,55.075524617332924,54.22623316318976,53.0044901074795,53.518676597197015,0.5289861089058121,0.5642041510105454,-0.03521804210473334
2024-09-25,55.008374174205045,55.56535018755683,54.627183013879126,55.4725227355957,3126500,TSCO,55.16835752780918,54.60626589564742,55.56535018755683,54.60626589564742,53.01310160466027,53.53921266396869,0.5687590895055408,0.5651151387095446,0.0036439507959962203
2024-09-26,55.73915976569594,56.367237803200844,55.4942468900023,56.34551239013672,3830500,TSCO,55.98653921225895,54.8873117117283,56.367237803200844,54.8873117117283,53.025604004021396,53.56754539629851,0.6630788719387439,0.5847078853553844,0.0783709865833595
2024-09-27,56.730653295266166,57.248130238762414,56.511417627960995,56.5153694152832,3567500,TSCO,56.751392644318194,55.436925461993624,57.248130238762414,55.436925461993624,53.07832915448636,53.60236136301121,0.7429695311566249,0.6163602145156325,0.1266093166409924
2024-09-30,56.67732580463582,57.5779716779982,56.67732580463582,57.46144104003906,4362000,TSCO,57.09851608182723,56.094159053155906,57.5779716779982,56.094159053155906,53.157194661211925,53.639364743839245,0.8725651398559293,0.6676011995836919,0.2049639402722374
2024-10-01,57.30738000494867,58.626745780601155,56.99729090482366,58.29295349121094,7800500,TSCO,57.806092545396105,56.59633756749157,58.626745780601155,56.59633756749157,53.252216482441874,53.6891815522496,1.0304878762254361,0.7401785349120408,0.29030934131339536
2024-10-02,58.2929531278744,58.92893470606877,58.069765677260285,58.87165451049805,5482000,TSCO,58.54082700542538,57.201215056443836,58.92893470606877,57.201215056443836,53.35369685572232,53.74484959285061,1.188637248125012,0.829870277554635,0.358766970570377
2024-10-03,58.32850472093011,58.85388146762221,57.20665296107485,57.64314651489258,7218000,TSCO,58.00804641612994,57.87102103093461,58.85388146762221,57.20665296107485,53.462534419469605,53.79077054192151,1.2009970897288014,0.9040956399894684,0.29690144973933297
2024-10-04,58.08951748240515,58.7590760717011,57.80905360146794,58.259376525878906,3859000,TSCO,58.22925592036327,57.93953372353228,58.7590760717011,57.80905360146794,53.605709063298484,53.83579776235169,1.2461520993861939,0.9725069318688135,0.2736451675173803
2024-10-07,58.057919451654726,58.27122932362333,57.52661689821849,58.04014205932617,3646000,TSCO,57.97397693320568,58.084394821947775,58.27122932362333,57.52661689821849,53.73002154940019,53.87513176019082,1.249840003074965,1.0279735461100439,0.22186645696492113
2024-10-08,58.040142929602546,60.07449220212585,57.937437895841015,59.983638763427734,4827000,TSCO,59.008927947749285,58.02918587757672,60.07449220212585,57.937437895841015,53.86954224981515,53.922356300307385,1.3935229695050424,1.1010834307890436,0.2924395387159988
2024-10-09,59.95796210471843,60.43593625984772,58.95658895829796,59.44246292114258,5552000,TSCO,59.698237561001676,58.519056912663004,60.43593625984772,58.519056912663004,54.02532792536285,53.97441485464018,1.4470437680984034,1.1702754982509156,0.2767682698474878
2024-10-10,59.31013125039669,59.49184190383449,58.42726648628203,58.72747802734375,4080500,TSCO,58.98917941696424,59.10864723683234,59.49184190383449,58.42726648628203,54.165806665802954,54.00992710742568,1.4154496584528502,1.2193103302913026,0.19613932816154755
2024-10-11,59.10669436949944,60.05473906896771,58.84005609142496,59.91845703125,2661000,TSCO,59.47998664028553,59.04891332689829,60.05473906896771,58.84005609142496,54.327932331894964,54.04198780728597,1.4695728303133535,1.269362830295713,0.20021000001764055
2024-10-14,59.95993600346731,60.51296398165733,59.55306765292163,59.991539001464844,2892000,TSCO,60.00437665987778,59.26444998359191,60.51296398165733,59.26444998359191,54.53313489753382,54.078383903258676,1.5010596568273158,1.3157021956020336,0.18535746122528218
2024-10-15,59.76045030427815,60.761823424914176,59.343704378667155,59.41481018066406,4017000,TSCO,59.82019707213089,59.63441332173484,60.761823424914176,59.343704378667155,54.72957790077441,54.11572307876493,1.462615872444438,1.3450849309705146,0.1175309414739234
2024-10-16,59.187669728625785,60.00141016085831,58.99806305062602,59.805877685546875,4018500,TSCO,59.49825515641425,59.72730519693286,60.00141016085831,58.99806305062602,54.894547596825426,54.151462420565885,1.447024379400709,1.3654728206565536,0.08155155874415532
2024-10-17,60.16534396494895,60.18114357979683,58.89140677976834,58.92103576660156,3849000,TSCO,59.53973252277892,59.61278017667355,60.18114357979683,58.89140677976834,55.07099268101712,54.18978912837288,1.3477328357109712,1.3619248236674373,-0.014191987956466035
2024-10-18,59.154100803725015,59.27063144683466,58.71957746299379,58.782779693603516,4117000,TSCO,58.981772351789246,59.576256349726236,59.576256349726236,58.71957746299379,55.234629361608334,54.22402250227749,1.2435525624874089,1.3382503714314316,-0.09469780894402269
2024-10-21,58.723526725430546,58.95263621423716,57.737953210433325,58.18629837036133,6194500,TSCO,58.40010363011559,59.27901435075774,59.27901435075774,57.737953210433325,55.37291562471457,54.25462659796921,1.1001757464269843,1.2906354464305423,-0.19045970000355794
2024-10-22,57.67672857114346,57.80708482240632,57.01112170889512,57.562171936035156,4650500,TSCO,57.51427675962002,58.839558990436664,58.839558990436664,57.01112170889512,55.48878457644443,54.27288146483548,0.9255180040809563,1.217611957960625,-0.29209395387966874
2024-10-23,57.37453684480286,57.98286724758413,57.173078562097565,57.6905517578125,5576000,TSCO,57.555258603074265,58.17691787502834,58.17691787502834,57.173078562097565,55.60784327014439,54.28984755461408,0.7883718042185137,1.1317639272122029,-0.34339212299368915
2024-10-24,55.99789445616842,56.81163492743353,54.01095154237037,54.17488479614258,11095000,TSCO,55.24884143052873,57.8660882390513,57.8660882390513,54.01095154237037,55.679726975532496,54.30314985234711,0.3914847184469963,0.9837080854591617,-0.5922233670121654
2024-10-25,54.96886869139459,55.10120271086388,53.62778124192719,53.87466812133789,4129000,TSCO,54.393130191380884,56.55746483479001,56.55746483479001,53.62778124192719,55.72117431409025,54.31677306571369,0.05212302512651945,0.7973910733926333,-0.7452680482661138
2024-10-28,54.38226758546744,54.38226758546744,53.25843802611549,53.325592041015625,4394500,TSCO,53.8371413095165,55.47529751308545,55.47529751308545,53.25843802611549,55.75618281187043,54.32261934365128,-0.2581535788981597,0.5862821429344747,-0.8444357218326344
2024-10-29,52.9503270274733,53.967499845754965,52.77256815883445,53.09055709838867,5293000,TSCO,53.19523803261285,54.656219411300974,54.656219411300974,52.77256815883445,55.77958769227075,54.32232308195063,-0.5170550893960169,0.3656146964683764,-0.8826697858643933
2024-10-30,52.83774643955144,53.574455324698086,52.72713782743545,52.92070007324219,5507000,TSCO,53.01500991623179,53.925728721956915,53.925728721956915,52.72713782743545,55.79772894118798,54.31838277231142,-0.7275556356450963,0.14698063004568188,-0.8745362656907781
2024-10-31,52.72121401242482,53.1873365672119,52.401247316737035,52.44075012207031,5783000,TSCO,52.68763700461101,53.47036931909435,53.47036931909435,52.401247316737035,55.805728182776775,54.308151805619936,-0.9224730895161244,-0.06691011386667937,-0.8555629756494451
2024-11-01,52.72516216084012,53.546802431234774,52.61850910681478,52.650108337402344,5469500,TSCO,52.885145509073006,53.07900316185268,53.546802431234774,52.61850910681478,55.8110115757197,54.292988012079725,-1.0479727403057808,-0.2631226391544997,-0.7848501011512812
2024-11-04,52.96019505608788,54.184755598705394,52.60665513489504,53.39866638183594,4962000,TSCO,53.28756804288106,52.98207433546284,54.184755598705394,52.60665513489504,55.818023126120146,54.274254207906445,-1.074641936208323,-0.4254264985652644,-0.6492154376430587
2024-11-05,53.43620002367572,54.627183667971735,53.43620002367572,54.55410385131836,5259500,TSCO,54.013421891660386,53.13482118917195,54.627183667971735,53.13482118917195,55.82635806176233,54.260290304573466,-0.9911183236238728,-0.5385648635769861,-0.4525534600468867
2024-11-06,54.72000932301601,57.147401369684424,54.72000932301601,57.07037353515625,12038500,TSCO,55.914448387718174,53.57412154041617,57.147401369684424,53.57412154041617,55.8708471010684,54.26592426512979,-0.7136567341575457,-0.573583237693098,-0.14007349646444767
2024-11-07,57.362685171456945,57.82288193499036,56.647701714286086,57.13752746582031,6264500,TSCO,57.24269907163843,54.74428496406718,57.82288193499036,54.74428496406718,55.935995554270775,54.27671322916835,-0.48278244897673517,-0.5554230799498255,0.07264063097309037
2024-11-08,57.4732915006953,58.107295310830445,56.83730991330864,56.993343353271484,6009500,TSCO,57.352810019526466,55.9934920178528,58.107295310830445,55.9934920178528,55.997006261737916,54.279206798898095,-0.3078981097480664,-0.5059180859094737,0.19801997616140732
2024-11-11,57.10394597582659,57.10394597582659,55.2809326903751,55.61274719238281,4271500,TSCO,56.27539295860277,56.67315101868964,57.10394597582659,55.2809326903751,56.056614600588354,54.279024025002194,-0.27750468176518694,-0.4602354050806164,0.18273072331542944
2024-11-12,55.51597246687152,55.855690570751825,55.0636755098745,55.14268112182617,4191000,TSCO,55.394504917331005,56.47427198864621,56.47427198864621,55.0636755098745,56.10789788334228,54.2779772520808,-0.28802786852652673,-0.4257938977697985,0.13776602924327175
2024-11-13,55.043923093707114,55.38166718123034,54.71210857088555,55.0557746887207,2853000,TSCO,55.04836838363593,55.93438845298861,55.93438845298861,54.71210857088555,56.14012163304472,54.27597747287329,-0.29992286856133177,-0.40061969192810515,0.10069682336677338
2024-11-14,55.158482457144025,55.723358284870216,54.64495726503156,54.72593688964844,3558000,TSCO,55.06318372417356,55.491378418312266,55.723358284870216,54.64495726503156,56.171683776345475,54.29413851405204,-0.33213623582444285,-0.38692300070737273,0.054786764882929884
2024-11-15,54.552125720609915,55.128853100682925,54.23808483109481,54.44546890258789,4994000,TSCO,54.591133138743885,55.27728107124291,55.27728107124291,54.23808483109481,56.19169142557201,54.3148325659967,-0.37596311528812265,-0.38473102362352274,0.008767908335400088
2024-11-18,54.222282672975005,54.88591548392703,54.089952419682206,54.67457962036133,3266500,TSCO,54.46818254923639,54.9342071049934,54.9342071049934,54.089952419682206,56.203640746047704,54.33232697019668,-0.38773929561206444,-0.3853326780212311,-0.0024066175908333265
2024-11-19,54.28943329494923,54.60939996904349,53.74430893347913,53.890464782714844,5137500,TSCO,54.13340174504667,54.70119482711489,54.70119482711489,53.74430893347913,56.21576775688226,54.33679557527822,-0.45509743766545085,-0.3992856299500751,-0.05581180771537575
2024-11-20,53.52507831895006,53.68308577731174,52.902922303503146,53.32756805419922,4822000,TSCO,53.35966361349104,54.41729828608078,54.41729828608078,52.902922303503146,56.205793568231556,54.33755107633092,-0.5475880579288628,-0.4289461155458327,-0.11864194238303011
2024-11-21,53.81146767901148,54.323015079940696,53.43422454489519,54.04452896118164,4316500,TSCO,53.90330906625725,53.88848094978591,54.323015079940696,53.43422454489519,56.186151354836504,54.34970782580925,-0.556618436690151,-0.45448057977469636,-0.10213785691545463
2024-11-22,54.2084590306706,55.98999567456502,54.2084590306706,55.640403747558594,4001500,TSCO,55.01182937086621,53.89589500802158,55.98999567456502,53.89589500802158,56.16850392457286,54.3815118331684,-0.4300440389523743,-0.449593271610232,0.019549232657857685
2024-11-25,56.42560907107705,57.14339528910567,56.25310241767258,56.70717239379883,8781000,TSCO,56.632319792913535,54.453862189443896,57.14339528910567,54.453862189443896,56.17848652349314,54.43038973145979,-0.24087692320188125,-0.40785000192856186,0.1669730787266806
2024-11-26,56.47517750626771,56.91536766657416,55.50953662673368,55.55712127685547,3936500,TSCO,56.11430076910776,55.543090991178715,56.91536766657416,55.50953662673368,56.196042608888455,54.475173752548415,-0.18166600226233243,-0.362613201995316,0.18094719973298357
2024-11-27,55.79109361904837,56.85786034094484,55.75342149392628,55.9080810546875,3653500,TSCO,56.07761412715175,55.828695880143236,56.85786034094484,55.75342149392628,56.22391566006413,54.52526437801343,-0.10520862036283773,-0.31113228566882034,0.2059236653059826
2024-11-29,56.326461951573606,56.903468368759285,56.02506981561874,56.24715042114258,3819500,TSCO,56.37553763927355,55.953155003647495,56.903468368759285,55.953155003647495,56.25857676467402,54.57906008449724,-0.01705888599089178,-0.25231760573323464,0.23525871974234286
2024-12-02,56.302667323458834,57.660909845943316,55.612640774503035,57.55582046508789,5956000,TSCO,56.78300960224827,56.16434632146053,57.660909845943316,55.612640774503035,56.3120625653483,54.630333662788,0.15659403060944754,-0.1705352784646982,0.3271293090741457
2024-12-03,57.15726964800873,57.41305509028611,56.08059042350201,56.50689697265625,6112500,TSCO,56.78945303361327,56.4736779618544,57.41305509028611,56.08059042350201,56.35697694612671,54.66910021988067,0.2071875296253154,-0.0949907168466955,0.30217824647201086
2024-12-04,56.51086777021901,57.0482165418683,56.05283053057417,56.681392669677734,4920500,TSCO,56.5733268780848,56.63156549773383,57.0482165418683,56.05283053057417,56.39441861451385,54.69945436099667,0.2583850841195101,-0.024315556653454376,0.2827006407729645
2024-12-05,56.863811132142715,57.46461366026442,55.27357541376122,56.00920867919922,5766000,TSCO,56.402802221341894,56.602446187909315,57.46461366026442,55.27357541376122,56.41910750838451,54.71610455652239,0.2419310539657431,0.02893376547038512,0.21299728849535798
2024-12-06,56.6258708418648,57.13942348277031,55.87833954837145,56.007225036621094,5348000,TSCO,56.412714727406915,56.502624204625604,57.13942348277031,55.87833954837145,56.427631018687464,54.726617511354426,0.22612443145766292,0.06837189866784069,0.15775253278982224
2024-12-09,56.007226472691244,56.48905602740265,55.317199896058185,56.2590446472168,7367000,TSCO,56.018131760842216,56.457669466016256,56.48905602740265,55.317199896058185,56.41296580101795,54.74564747775216,0.2312515829708417,0.10094783552844089,0.1303037474424008
2024-12-10,56.31258178193875,57.1255448188436,55.99136460194789,56.453365325927734,3844000,TSCO,56.470714132164495,56.23790061342923,57.1255448188436,55.99136460194789,56.400409762024694,54.778802211618306,0.24813460102824791,0.1303851886284023,0.11774941239984563
2024-12-11,56.73294663207517,57.28219347690257,56.469230389409745,56.608028411865234,4081000,TSCO,56.77309972756318,56.35430737279687,57.28219347690257,56.35430737279687,56.379749905668035,54.81598319405496,0.27087208811634866,0.15848256852599157,0.11238951959035709
2024-12-12,56.58224683166975,56.960968745998976,56.11033358638068,56.56440353393555,3603000,TSCO,56.554488174496235,56.56370355018002,56.960968745998976,56.11033358638068,56.34002312904945,54.84685999238589,0.28211944998167837,0.18320994481712893,0.09890950516454944
2024-12-13,56.75673893437625,56.94907440458637,56.25309880867996,56.600093841552734,3838000,TSCO,56.63975149729883,56.559095862338125,56.94907440458637,56.25309880867996,56.31265723067282,54.88759582507122,0.29056353923045464,0.2046806636997941,0.08588287553066054
2024-12-16,56.84794982464539,56.98079881429217,54.79174608865623,54.82942199707031,5853500,TSCO,55.86247918116602,56.59942367981848,56.98079881429217,54.79174608865623,56.26532169588888,54.935515379593674,0.15261783763781978,0.19426809848739923,-0.04165026084957946
2024-12-17,54.93649167562314,55.17046654895849,54.14533922148199,54.56966781616211,6116000,TSCO,54.70549131555643,56.230951430492254,56.230951430492254,54.14533922148199,56.199951983535904,54.964986766468044,0.022080355147913622,0.15983054981950212,-0.1377501946715885
2024-12-18,54.71838183505283,54.71838183505283,52.567001304632484,52.582862854003906,7128000,TSCO,53.64665695718551,55.46822137302434,55.46822137302434,52.567001304632484,56.092706563724626,54.98112440676988,-0.23893579313056534,0.08007728122948864,-0.319013074360054
2024-12-19,52.55114400810855,52.90408809293988,52.02569326852532,52.35285949707031,7494000,TSCO,52.45844621666102,54.557439165104924,54.557439165104924,52.02569326852532,55.947910736837805,54.98661933110033,-0.45906055551859737,-0.027750286120128566,-0.4313102693984688
2024-12-20,52.20811229230402,53.96292396955655,52.20811229230402,53.457298278808594,10938900,TSCO,52.9591117082433,53.50794269088297,53.96292396955655,52.20811229230402,55.82730938266339,54.996558024233174,-0.5381881382706268,-0.12983785655022823,-0.4083502817203986
2024-12-23,52.87236336452827,53.4572967920484,52.28742615504576,53.229270935058594,5348600,TSCO,52.96158931167025,53.233527199563135,53.4572967920484,52.28742615504576,55.69694143609108,55.01243688399301,-0.6122397004607265,-0.2263182253323279,-0.3859214751283986
2024-12-24,53.2292695328864,54.03232005484091,52.86244566669288,54.02240753173828,2000600,TSCO,53.53661069653962,53.09755825561669,54.03232005484091,52.86244566669288,55.567586116824316,55.05036050717908,-0.6000100597011979,-0.3010565922061019,-0.298953467495096
2024-12-26,54.12154613412191,55.11296481854842,53.48703878120288,55.013824462890625,3416500,TSCO,54.433843549190954,53.31708447607815,55.11296481854842,53.31708447607815,55.459859046365516,55.09471847356996,-0.5045033203281477,-0.3417459378305111,-0.1627573824976366
2024-12-27,54.60734652252304,55.093139591743174,53.804295974146264,54.0918083190918,3466600,TSCO,54.39914760187607,53.87546401263455,55.093139591743174,53.804295974146264,55.35787689527476,55.12621224605008,-0.49747792265711155,-0.3728923347958312,-0.12458558786128032
2024-12-30,53.536610249429266,53.61592556143696,52.10896867095089,52.138710021972656,3997200,TSCO,52.85005362594744,54.13730580725531,54.13730580725531,52.10896867095089,55.22408331733813,55.14753799917763,-0.6421071427972009,-0.4267352963961052,-0.21537184640109575
2024-12-31,52.14862361816106,53.17970000370623,51.99991307802967,52.604679107666016,4204800,TSCO,52.483228951890744,53.49367971660138,53.49367971660138,51.99991307802967,55.09411244934015,55.16437090547425,-0.710931850967917,-0.4835746073104676,-0.22735724365744941
2025-01-02,52.66415917930678,53.17969734631793,51.52402996742241,51.930511474609375,4838600,TSCO,52.32459949191413,52.98845433424606,53.17969734631793,51.52402996742241,54.972602366576126,55.172758995645346,-0.8105323098529951,-0.5489661478189731,-0.26156616203402194
2025-01-03,51.989996888713314,52.23785157144701,50.839951312107466,51.484375,6346100,TSCO,51.63804369306695,52.65652691308009,52.65652691308009,50.839951312107466,54.855077705245066,55.171931140844755,-0.9149192564143789,-0.6221567695380543,-0.29276248687632456
2025-01-06,51.90076976351958,53.33832769948495,51.484375706157635,53.18961715698242,6099000,TSCO,52.478272581536146,52.14728530307352,53.33832769948495,51.484375706157635,54.7535379848143,55.18069062747935,-0.8502467575061559,-0.6677747671316747,-0.18247199037448114
2025-01-07,53.427551300298,53.7448049708294,52.82278530898438,53.40772247314453,3537100,TSCO,53.35071601331408,52.31277894230483,53.7448049708294,52.31277894230483,54.715575476470015,55.197651226001256,-0.7724892843371478,-0.6887176705727693,-0.08377161376437847
2025-01-08,53.3878965335907,54.03232021406631,52.99133131495841,53.92326354980469,4148400,TSCO,53.58370290310503,52.83174747780946,54.03232021406631,52.83174747780946,54.69938693070449,55.21028062239738,-0.6616391065442357,-0.6833019577670627,0.021662851222826962
2025-01-10,53.774552662177285,55.32116343414507,53.69523734978804,54.12154769897461,6356700,TSCO,54.22812528627125,53.20772519045724,55.32116343414507,53.20772519045724,54.70720661023959,55.23169471105501,-0.5514330908861638,-0.656928184390883,0.1054950935047192
2025-01-13,53.53661053835116,54.19094673809697,53.18961550135046,54.10171890258789,4980400,TSCO,53.75472292009662,53.717925238364245,54.19094673809697,53.18961550135046,54.718396307989266,55.24899200013001,-0.46038699296397567,-0.6176199461055015,0.15723295314152586
2025-01-14,54.190947329708635,54.35949047949346,52.5848500549735,52.72364807128906,3845400,TSCO,53.46473398386617,53.73632407923043,54.35949047949346,52.5848500549735,54.72739078934195,55.26255986526497,-0.4937395809295353,-0.5928438730703083,0.09910429214077299
2025-01-15,53.48704107278677,53.95300530269661,52.35682432923179,52.64433288574219,4975400,TSCO,53.11030089761434,53.6005290315483,53.95300530269661,52.35682432923179,54.73584406720202,55.2707861249894,-0.5205710013344387,-0.5783892987231344,0.057818297388695705
2025-01-16,52.46587833717184,53.26892888468616,52.17836977449747,53.07064437866211,4715300,TSCO,52.745955343754396,53.355414964581314,53.355414964581314,52.17836977449747,54.73306026389564,55.27203591980767,-0.5016525819733388,-0.5630419553731754,0.06138937339983652
2025-01-17,53.635754456636846,54.25043682292234,53.05081722547001,53.19953155517578,5583000,TSCO,53.53413501505125,53.05068515416785,54.25043682292234,53.05068515416785,54.737991603339054,55.27800736472959,-0.4708320218748199,-0.5445999686735044,0.07376794679868448
2025-01-21,53.63575243414905,56.570354785019454,53.556440901402475,56.39189910888672,7910500,TSCO,55.038611807364425,53.29241008460955,56.570354785019454,53.29241008460955,54.758495401653136,55.292426731707735,-0.18665745316115334,-0.4730114655710342,0.28635401240988084
2025-01-22,56.34232598680846,57.621253223043205,56.223353020956075,56.97683334350586,4867200,TSCO,56.7909413935784,54.16551094598699,57.621253223043205,54.16551094598699,54.776025261770336,55.323436181419375,0.08477501059451242,-0.3614541703379249,0.4462291809324373
2025-01-23,57.00657676267032,57.81953981568533,56.768634604293155,56.88760757446289,5468100,TSCO,57.12058968927792,55.478226169782694,57.81953981568533,55.478226169782694,54.773583074123124,55.35478931419695,0.2893519506435922,-0.23129294614162146,0.5206448967852136
2025-01-24,56.92726043219696,57.522113926531446,56.74880854405507,57.44279861450195,3384300,TSCO,57.16024537932136,56.299407929530304,57.522113926531446,56.299407929530304,54.769731781319024,55.383369021528466,0.4906243148373761,-0.08690949394582195,0.577533808783198
2025-01-27,56.917349831290984,58.21610974491668,56.88760847925666,57.43288803100586,4213600,TSCO,57.363489021617546,56.729826654425835,58.21610974491668,56.729826654425835,54.79149370257932,55.42405415158383,0.6419345899258388,0.058859322828510204,0.5830752670973286
2025-01-28,57.15529108440134,58.454047195408045,56.86777874610127,56.88760757446289,4134900,TSCO,57.341181150093384,57.04665783802169,58.454047195408045,56.86777874610127,54.830427227234566,55.46916255528842,0.7096688762689141,0.18902123351659098,0.5206476427523231
2025-01-29,56.74880994289084,57.90876804519791,56.451381297410975,56.66949462890625,6908800,TSCO,56.9446134786015,57.19391949405754,57.90876804519791,56.451381297410975,54.86835212913388,55.5042368810893,0.7372503314361012,0.298667053100493,0.4385832783356082
2025-01-30,53.5762687018035,54.95434012174216,53.040901683680445,53.82412338256836,9205400,TSCO,53.84890847244861,57.06926648632952,57.06926648632952,53.040901683680445,54.844066624099376,55.50787520022242,0.5234768384098061,0.34362901016235564,0.17984782824745044
2025-01-31,54.05214719364476,54.42888735312842,52.85253149171976,53.89352035522461,9309300,TSCO,53.806771598429386,55.45908747938907,55.45908747938907,52.85253149171976,54.82837939329309,55.51003540943256,0.3555608762972895,0.3460153833893424,0.009545492907947095
2025-02-03,53.040903051617924,54.74614450948669,52.931846384154824,54.111637115478516,6833900,TSCO,53.707632765184485,54.632929538909224,54.74614450948669,52.931846384154824,54.81316839761205,55.50840457182987,0.23735043812343548,0.324282394336161,-0.08693195621272554
2025-02-04,54.18103710989592,54.418975495991575,53.27884618352811,53.576271057128906,6172500,TSCO,53.86378246163613,54.170281152046854,54.418975495991575,53.27884618352811,54.80777601194384,55.511771884413044,0.09932331024852914,0.2792905775186347,-0.17996726727010554
2025-02-05,53.83403327346767,53.83403327346767,53.00124143553941,53.14995574951172,4063600,TSCO,53.45481593299662,54.01703180684149,54.01703180684149,53.00124143553941,54.809679058333955,55.507736313282756,-0.043957550206954465,0.21464095197351685,-0.2585985021804713
2025-02-06,53.14995865207242,53.29866919220381,52.3072504634786,52.604679107666016,7711000,TSCO,52.840139353855214,53.73592386991905,53.73592386991905,52.3072504634786,54.78841566408592,55.48728350946121,-0.19921154563746057,0.13187045245132137,-0.3310819980887819
2025-02-07,52.71373026899934,52.93184359242181,52.0494815577941,52.49562072753906,6337900,TSCO,52.54766903668858,53.288031611887135,53.288031611887135,52.0494815577941,54.73913245740236,55.45381819098761,-0.32727888810012473,0.040040584341032144,-0.36731947244115687
2025-02-10,52.69390639331263,54.14137681443887,52.594762252299844,53.962921142578125,4881800,TSCO,53.34824165065737,52.917850324287855,54.14137681443887,52.594762252299844,54.673450894557234,55.425968709025184,-0.30683726987715687,-0.02933498650260566,-0.2775022833745512
2025-02-11,53.85386353253152,54.58751503529087,53.42755318857012,54.498287200927734,5753000,TSCO,54.091804739330065,53.13304598747261,54.58751503529087,53.13304598747261,54.633000973961686,55.41452179142507,-0.24461777208623658,-0.07239154361933185,-0.17222622846690472
2025-02-12,53.962918623857995,55.45004663197763,53.60600729679535,55.390560150146484,4078900,TSCO,54.602383175694364,53.61242536340134,55.45004663197763,53.60600729679535,54.60349635493254,55.413706007498334,-0.12190416650511793,-0.08229406819648907,-0.039610098308628855
2025-02-13,55.519447492089306,56.55052385318476,55.3013341667139,56.500953674316406,7402400,TSCO,55.968064796576094,54.10740426954786,56.55052385318476,54.10740426954786,54.59534689807859,55.4269618313763,0.06420659382988703,-0.05299393579121386,0.11720052962110089
2025-02-14,56.719064841314214,56.877691687410966,56.1043862854346,56.64966583251953,4901300,TSCO,56.587702161669824,55.03773453306198,56.877691687410966,55.03773453306198,54.591440749267015,55.45175165730765,0.22115124666890296,0.0018351007008095045,0.21931614596809346
2025-02-18,56.90743579715776,57.26434335798149,56.15395545528462,57.22468948364258,4424500,TSCO,56.88760602351661,55.8127183473659,57.26434335798149,55.8127183473659,54.59340380906509,55.475190377595894,0.387464171955223,0.0789609149516922,0.30850325700353076
2025-02-19,56.99666337940337,57.56177174231419,55.9358418788568,57.363487243652344,4111700,TSCO,56.964441061056675,56.350162185441256,57.56177174231419,55.9358418788568,54.60122609272452,55.497822353619185,0.5244229612606119,0.16805332421347616,0.35636963704713576
2025-02-20,57.43289030166179,57.49237679004464,56.73889639837868,57.24452209472656,2643200,TSCO,57.22717139620292,56.65730162324897,57.49237679004464,56.65730162324897,54.61771347622173,55.518410492303126,0.616260428622482,0.25769474509527734,0.35856568352720464
2025-02-21,57.28416877030345,57.45271190855213,55.61858512459501,55.886268615722656,4037300,TSCO,56.56043360479331,56.942236509725944,57.45271190855213,55.61858512459501,54.620667853769476,55.52414943622846,0.5728392445709574,0.32072364499041334,0.252115599580544
2025-02-24,55.91601622529478,56.07464306610852,54.84528221333039,55.57893371582031,6781900,TSCO,55.6037188051385,56.751335057259624,56.751335057259624,54.84528221333039,54.612379594655394,55.51267269783667,0.507774971665782,0.3581339103254871,0.14964106134029492
2025-02-25,55.57893766382216,57.15529366099224,55.281509006951886,56.520782470703125,5910600,TSCO,56.134130700617355,56.17752693119906,57.15529366099224,55.281509006951886,54.605647926024446,55.50302884402458,0.5261453141191481,0.3917361910842193,0.1344091230349288
2025-02-26,56.719867475824884,57.06827189136542,54.66927067288048,54.888267517089844,4009000,TSCO,55.83641938929016,56.15582881590821,57.06827189136542,54.66927067288048,54.586914319258995,55.4833321124635,0.40431296146110185,0.3942515451595958,0.010061416301506032
2025-02-27,54.69913766679105,55.276487819706745,54.31091874034598,54.47018814086914,3184100,TSCO,54.68918309192823,55.99612410259918,55.99612410259918,54.31091874034598,54.54960821760763,55.44481567332854,0.27090164704233644,0.36958156553614396,-0.09867991849380753
2025-02-28,54.68918103754039,55.276487662287366,54.06205991073755,55.09730911254883,5014400,TSCO,54.78125943077853,55.342653597263705,55.342653597263705,54.06205991073755,54.51243837627723,55.41254780347503,0.21331665887624496,0.3383285842041642,-0.12501192532791922
2025-03-03,55.14708565195449,55.72443582172092,54.370643979120814,54.64936828613281,4846300,TSCO,54.97288343473226,55.06195651402112,55.72443582172092,54.370643979120814,54.494646461348545,55.37998407861872,0.13003608474282657,0.2966700843118967,-0.1666339995690701
2025-03-04,54.529910911135005,55.81402256806286,54.02224089182598,54.84844970703125,5203100,TSCO,54.803656019513774,55.01741997437669,55.81402256806286,54.02224089182598,54.49660975542769,55.3482808694818,0.07918701796076277,0.25317347104166993,-0.17398645308090716
2025-03-05,54.65932034119668,54.90817902127812,53.902791624553224,54.69913864135742,4735500,TSCO,54.54235740709636,54.91053799694524,54.91053799694524,53.902791624553224,54.51452376442591,55.30361516407526,0.026534735123796338,0.20784572385809522,-0.18131098873429888
2025-03-06,54.340782165527344,54.62945914912189,53.84306479958453,54.340782165527344,4877800,TSCO,54.28852206994028,54.7264477020208,54.7264477020208,53.84306479958453,54.5511252814915,55.249518009164646,-0.0436062849443104,0.1575553220976141,-0.2011616070419245
2025-03-07,54.12178363843682,56.859229066606915,53.87292496314863,56.630279541015625,6108600,TSCO,55.37105430230199,54.50748488598054,56.859229066606915,53.87292496314863,54.599364133372674,55.21333675801803,0.08457482939962091,0.14295922355801546,-0.058384394158394554
2025-03-10,56.719868681737815,59.457314103427564,56.500871832872384,56.94881820678711,7456100,TSCO,57.406718206206214,54.939269594141265,59.457314103427564,54.939269594141265,54.68826671126339,55.19260407367724,0.20944830452379648,0.15625703975117167,0.05319126477262481
2025-03-11,56.45109940387425,56.94881674045706,53.594202955127884,53.67383575439453,8280500,TSCO,55.16698871346343,56.172993900173736,56.94881674045706,53.594202955127884,54.72087427160187,55.144230194213094,0.04364461157239674,0.13373455411541668,-0.09008994254301994
2025-03-12,53.205984184174405,53.614112249385734,52.101051086404674,52.1209602355957,4248700,TSCO,52.76052693889013,55.66999130681859,55.66999130681859,52.101051086404674,54.687407939395854,55.07363349288069,-0.2106320509184556,0.06486123310864222,-0.27549328402709783
2025-03-13,51.98160098515554,52.56890760706434,51.35447606410126,51.424156188964844,4827900,TSCO,51.83228521132149,54.21525912285436,54.21525912285436,51.35447606410126,54.636070691584756,54.99697379342976,-0.4630368010237973,-0.040718373717845674,-0.4223184273059516
2025-03-14,52.091101153198785,52.17073395687388,51.25493582955854,51.5933837890625,4445300,TSCO,51.77753868217343,53.02377216708793,53.02377216708793,51.25493582955854,54.614620392709284,54.919351855023706,-0.6420134000897235,-0.16097737899222125,-0.48103602109750226
2025-03-17,51.991554596696204,53.225895311439416,51.6431539661101,52.887447357177734,7407800,TSCO,52.437012807855865,52.40065542463068,53.225895311439416,51.6431539661101,54.613696069828585,54.853904259584375,-0.6716906970570875,-0.2631200426051945,-0.408570654451893
2025-03-18,52.59876867345957,52.6186778227449,52.02141473603089,52.409637451171875,2649500,TSCO,52.41212467085181,52.418834116243275,52.6186778227449,52.02141473603089,54.61544657340733,54.794024469991726,-0.725403435649568,-0.3555767212140692,-0.3698267144354988
2025-03-19,52.7381308844994,52.84762931100412,51.71283434046813,52.55895233154297,3503700,TSCO,52.46438671687866,52.41547939354754,52.84762931100412,51.71283434046813,54.63197343388358,54.74352556956432,-0.7473082012334515,-0.4339230172179457,-0.31338518401550586
2025-03-20,52.33995970207991,52.85758241785619,51.553565357397964,51.603336334228516,3084800,TSCO,52.08861095289065,52.4399330552131,52.85758241785619,51.553565357397964,54.624180201310665,54.68885909306248,-0.8321851974027936,-0.5135754532549153,-0.31860974414787835
2025-03-21,51.414205063774524,52.30014136143546,50.876669400941324,52.22050476074219,6332700,TSCO,51.70288014672337,52.264272004051875,52.30014136143546,50.876669400941324,54.591223483978844,54.65339948022442,-0.8399678675297864,-0.5788539361098896,-0.2611139314198968
2025-03-24,52.73812950742344,53.38516357590236,52.539041809638995,53.28561782836914,3391300,TSCO,52.98698818033348,51.983576075387624,53.38516357590236,51.983576075387624,54.579289189523415,54.63933806011395,-0.7515268331173957,-0.6133885155113908,-0.1381383176060048
2025-03-25,53.13630592794179,53.47475388151908,52.27027499546686,52.58881759643555,3243400,TSCO,52.86753810034082,52.48528212786056,53.47475388151908,52.27027499546686,54.552077445804805,54.6296420280222,-0.7292562197221315,-0.636562056353539,-0.09269416336859249
2025-03-26,52.6784016892905,53.82315309555748,52.618678038471614,53.62406539916992,2454500,TSCO,53.18607455562238,52.67641011410069,53.82315309555748,52.618678038471614,54.540704478515316,54.629550393252295,-0.6209132509496271,-0.6334322952727567,0.012519044323129558
2025-03-27,53.663883942448095,54.4403217848876,53.25575587177067,53.912742614746094,4651400,TSCO,53.81817605346311,52.93124233486154,54.4403217848876,52.93124233486154,54.547773319907265,54.63758205462461,-0.5059248422534139,-0.6079308046688882,0.10200596241547422
2025-03-28,53.833110706010025,53.96251448370568,53.0765782032133,53.225894927978516,3599700,TSCO,53.52452458022688,53.37470919416232,53.96251448370568,53.0765782032133,54.55605779355951,54.64595093038077,-0.4648599518517642,-0.5793166341054634,0.1144566822536992
2025-03-31,53.29557402635755,55.166988502927495,53.22589390208537,54.84844970703125,7950200,TSCO,54.134226534600415,53.4496168871946,55.166988502927495,53.22589390208537,54.58382321737644,54.658441740636036,-0.29795448609296926,-0.5230442045029646,0.22508971840999537
2025-04-01,54.63940897791853,55.18689729246498,54.281051885551555,54.87831497192383,4992100,TSCO,54.74641828196472,53.79192171089751,55.18689729246498,53.79192171089751,54.6080688827147,54.67303024302688,-0.16141018852877664,-0.45071740130812704,0.2893072127793504
2025-04-02,54.310919062354515,55.69457269959351,54.0023329357004,55.3660774230957,3245900,TSCO,54.84347553018603,54.26916999643112,55.69457269959351,54.0023329357004,54.60416615717113,54.68133077941213,-0.013681780502899699,-0.3633102771470816,0.3496284966441819
2025-04-03,55.38598473242414,55.93347304444501,54.37064090782887,55.5153923034668,7008400,TSCO,55.3013727470412,54.55632276330857,55.93347304444501,54.37064090782887,54.57437478424039,54.67520002300537,0.11412692599145657,-0.26782283651937394,0.3819497625108305
2025-04-04,53.26570733579786,55.54525363352411,52.0512796247697,52.1607780456543,7533400,TSCO,53.25575465993649,54.928847755174885,55.54525363352411,52.0512796247697,54.49707808365357,54.63533057888834,-0.054643195480821305,-0.22518690831166344,0.17054371283084213
2025-04-07,49.9409586292121,52.0612356693808,48.59712326133853,49.12470245361328,9293400,TSCO,49.931005003386176,54.09230120755569,54.09230120755569,48.59712326133853,54.35249327613486,54.561112528726945,-0.4284418484725592,-0.2658378963438426,-0.1626039521287166
2025-04-08,50.39885873380305,50.60789910451777,47.20351053634378,47.80077362060547,8787900,TSCO,49.002760498817516,52.011653105470934,52.011653105470934,47.20351053634378,54.185278705678854,54.48838620412909,-0.8220340692789918,-0.3770771309308724,-0.4449569383481194
2025-04-09,47.054198157961004,51.463974129632966,46.755568511014054,51.14543533325195,7510200,TSCO,49.104794032964996,50.507206802144225,51.463974129632966,46.755568511014054,54.02055096333629,54.42548909528542,-0.8542255122720164,-0.47250680719910126,-0.3817187050729151
2025-04-10,50.72735151777157,51.81237549516795,49.82150609057143,51.08570861816406,5802900,TSCO,50.861735430418754,49.806000417554614,51.81237549516795,49.806000417554614,53.898893402372636,54.38362276575325,-0.8744764889000933,-0.5529007435392997,-0.3215757453607936
2025-04-11,51.035937135536045,51.61328728254722,49.47310497223486,51.43410873413086,4341700,TSCO,50.88910953111225,50.33386792398669,51.61328728254722,49.47310497223486,53.839697423545914,54.34188202382265,-0.8525844928033663,-0.6128374933921131,-0.23974699941125321
2025-04-14,52.051282445667695,52.47931967926013,51.33456823178603,51.931827545166016,3863700,TSCO,51.94924947546997,50.61148872754947,52.47931967926013,50.61148872754947,53.80254698108673,54.3154631871899,-0.7860125167156298,-0.6474724980568165,-0.13854001865881327
2025-04-15,52.0313724833515,52.0313724833515,50.587991401719215,50.76716995239258,4318500,TSCO,51.354476580203695,51.28036910150972,52.0313724833515,50.587991401719215,53.7554838573871,54.28432612749958,-0.8178047363927377,-0.6815389457240008,-0.1362657906687369
2025-04-16,50.76717116088903,50.84680776187604,49.01520770927817,49.13465881347656,4745100,TSCO,49.94096136137995,51.31742284085671,51.31742284085671,49.01520770927817,53.67702743538198,54.242401723662915,-0.9636222673194652,-0.7379556100430937,-0.22566665727637147
2025-04-17,49.383515254109,50.26945151482496,49.26406415533253,49.93100357055664,4481900,TSCO,49.712008623705785,50.62919210111833,50.62919210111833,49.26406415533253,53.60217128919616,54.20592517376505,-1.0033592437791015,-0.7910363367902953,-0.21232290698880618
2025-04-21,49.96086478310589,50.10022882679795,48.67675694312533,49.36360549926758,5128300,TSCO,49.52536401307419,50.17060036241206,50.17060036241206,48.67675694312533,53.535875782380536,54.16214572323322,-1.0683204333727687,-0.84649315610679,-0.22182727726597873
2025-04-22,49.612467086628705,50.87666964918692,49.612467086628705,50.05045700073242,5938100,TSCO,50.03801520579419,49.84798218774313,50.87666964918692,49.612467086628705,53.48568270576265,54.1124075815825,-1.0522497876854473,-0.8876444824225215,-0.16460530526292583
2025-04-23,51.44406536192981,51.91192088389692,50.21968114226462,50.4984016418457,6627800,TSCO,51.01851725748426,49.942998696768655,51.91192088389692,49.942998696768655,53.43908821789919,54.056269556228216,-0.9919338997483393,-0.9085023658876851,-0.08343153386065427
2025-04-24,47.88040580667617,48.89574961935833,46.6361124770091,48.77629852294922,12588000,TSCO,48.04714160649821,50.48075797712646,50.48075797712646,46.6361124770091,53.318194955242554,53.97559796460211,-1.0707495195415078,-0.9409517966184496,-0.12979772292305813
2025-04-25,48.98533900860483,49.90114087602532,48.72652766621668,49.69209671020508,6949000,TSCO,49.326276065262974,49.26394979181234,49.90114087602532,48.72652766621668,53.212672813033926,53.908084583983225,-1.0472422492332214,-0.962209887141404,-0.08503236209181742
2025-04-28,49.69209659088887,50.090271975295096,48.029722525148976,48.77629852294922,6417600,TSCO,49.14709740357054,49.295112928537655,50.090271975295096,48.029722525148976,53.076253465173814,53.8358001816262,-1.0899456136533132,-0.9877570324437859,-0.10218858120952734
2025-04-29,48.398033006819766,49.71200647869491,48.188992635676435,49.64232635498047,3468600,TSCO,48.9853396190429,49.2211051660541,49.71200647869491,48.188992635676435,52.92420621432127,53.75782348179415,-1.0418967916135315,-0.998584984277735,-0.04331180733579654
2025-04-30,49.373560699275636,50.64771972576782,49.124702018740415,50.3889045715332,10114500,TSCO,49.88372175382927,49.1032223925485,50.64771972576782,49.1032223925485,52.78412852892753,53.688766168996295,-0.9328221383631927,-0.9854324150948266,0.052610276731633876
2025-05-01,49.71200818070763,50.39886056266886,48.955479469928356,50.12013626098633,5554500,TSCO,49.796621118572794,49.49347207318888,50.39886056266886,48.955479469928356,52.64077213007785,53.62099911140119,-0.85817454434045,-0.9599808409439513,0.10180629660350127
2025-05-02,50.67757883518955,51.29474726658802,50.15995235175532,50.6078987121582,6274500,TSCO,50.68504429142277,49.64504659588084,51.29474726658802,49.64504659588084,52.50992958798225,53.56382153210199,-0.7510003700771151,-0.9181847467705841,0.16718437669346908
2025-05-05,50.58799225502678,51.33456829633153,50.319224424483224,51.00607681274414,4759200,TSCO,50.81196544714642,50.165045443651806,51.33456829633153,50.165045443651806,52.39496022482931,53.50781403929939,-0.6267100959485319,-0.8598898166061737,0.2331797206576418
2025-05-06,50.77712238394242,50.9762100834292,50.42872175780208,50.787078857421875,3519100,TSCO,50.7422832706489,50.48850544539911,50.9762100834292,50.42872175780208,52.29773151413952,53.45505555439746,-0.5396596030136891,-0.7958437738876768,0.2561841708739877
2025-05-07,51.05584742083227,51.28479694950588,50.18981648512702,50.727352142333984,4106800,TSCO,50.81445324944979,50.615394358024005,51.28479694950588,50.18981648512702,52.19133796511617,53.39849294557032,-0.4700722071542103,-0.7306894605409835,0.2606172533867732
2025-05-08,50.94634713233127,51.71283229019311,50.627808339100625,51.18524932861328,4164200,TSCO,51.11805927255957,50.714923803736895,51.71283229019311,50.627808339100625,52.09697076278156,53.34194254102027,-0.37366780856221027,-0.6592851301452288,0.28561732158301856
2025-05-09,51.2151164381078,51.414204138977816,50.30927100656715,51.065799713134766,3590100,TSCO,51.00109782419688,50.916491538148236,51.414204138977816,50.30927100656715,52.02320905742694,53.286408637517276,-0.3034077184948316,-0.5881096478151494,0.2847019293203178
2025-05-12,52.23046184198518,52.967081420555246,51.812377278046846,52.47932052612305,6582100,TSCO,52.37231026667758,50.95879468117256,52.967081420555246,50.95879468117256,51.975030074144904,53.243734225211064,-0.1321435065114045,-0.49691641955440047,0.36477291304299597
2025-05-13,52.38972867665108,52.638587348574944,51.444064963883996,52.071189880371094,9814500,TSCO,52.135892717370275,51.665552473925075,52.638587348574944,51.444064963883996,51.91829025979768,53.20646836057312,-0.029013665370577257,-0.4033358687176358,0.37432220334705857
2025-05-14,51.95173500028052,52.07118989688489,51.08570788494977,51.14543533325195,6486500,TSCO,51.56351702884179,51.90072259564768,52.07118989688489,51.08570788494977,51.85348747998423,53.17504861770596,-0.02173265780398026,-0.3270152265349047,0.30528256873092446
2025-05-15,51.14543700191486,51.94178401884888,50.79703257137478,51.931827545166016,5637700,TSCO,51.454020284326134,51.73211981224473,51.94178401884888,50.79703257137478,51.791720737528834,53.153122250977376,0.046951643180698,-0.2522218525917842,0.2991734957724822
2025-05-16,51.93182509616609,52.8973979446353,51.69292290099308,52.748085021972656,5247100,TSCO,52.31755774094178,51.59307004828543,52.8973979446353,51.59307004828543,51.752301450948856,53.151713366220186,0.16534362480078357,-0.16870875711327066,0.33405238191405423
2025-05-19,52.31009230517017,52.94716990048538,52.01146265702642,52.66844940185547,4766100,TSCO,52.48429356613436,51.95531389461361,52.94716990048538,51.95531389461361,51.6945662362255,53.14696518479909,0.24986391848466383,-0.08499422199368377,0.3348581404783476
2025-05-20,52.50918090832676,52.7978578853316,51.1553890963005,51.36442947387695,4914000,TSCO,51.95671434095895,52.21980373037398,52.7978578853316,51.1553890963005,51.585566158920564,53.13691643509198,0.20921168801665146,-0.026153039991616722,0.2353647280082682
2025-05-21,50.91648709418884,50.91648709418884,49.71200820539847,49.811553955078125,5460800,TSCO,50.339134087213566,52.08825903566647,52.08825903566647,49.71200820539847,51.48900906639557,53.104941668998705,0.05110136135814258,-0.01070215972166486,0.061803521079807446
2025-05-22,49.82150737928151,49.901143980220674,48.6867123968734,49.443241119384766,4831000,TSCO,49.463151218940084,51.21369656144002,51.21369656144002,48.6867123968734,51.42306155199656,53.055234745696204,-0.10273768330264232,-0.029109264437860355,-0.07362841886478197
2025-05-23,48.98534170027076,49.75182689097705,48.885799747101466,49.473106384277344,3690100,TSCO,49.27401868065665,50.33842389019005,50.33842389019005,48.885799747101466,51.37189622138327,53.00398345648402,-0.21971363524427545,-0.06723013859914338,-0.15248349664513206
2025-05-27,49.91109552575695,50.578038753022625,49.682145999167844,50.150001525878906,6118200,TSCO,50.08032045095658,49.80622128542335,50.578038753022625,49.682145999167844,51.33795185675893,52.976286124734095,-0.2548602685153014,-0.104756164582375,-0.15010410393292642
2025-05-28,50.130001068115234,50.31999969482422,48.93000030517578,49.060001373291016,5199500,TSCO,49.61000061035156,49.94327086818996,50.31999969482422,48.93000030517578,51.281411612808846,52.9475538413187,-0.3664439931532826,-0.15709373029655652,-0.20935026285672606
2025-05-29,49.189998626708984,49.790000915527344,48.52000045776367,48.970001220703125,5663800,TSCO,49.11750030517578,49.77663573927076,49.790000915527344,48.52000045776367,51.21551912549532,52.91548284945133,-0.4568706386669348,-0.21704911197063217,-0.2398215266963026
2025-05-30,49.0,49.2599983215332,48.25,48.400001525878906,7785200,TSCO,48.72749996185303,49.44706802222327,49.44706802222327,48.25,51.14078139039481,52.88637741213918,-0.5679812837286562,-0.287235546322237,-0.28074573740641917
2025-06-02,48.040000915527344,48.08000183105469,47.2400016784668,47.86000061035156,6610800,TSCO,47.8050012588501,49.08728399203815,49.08728399203815,47.2400016784668,51.055109196513996,52.83964469891232,-0.6916380583492412,-0.36811604872763787,-0.3235220096216033
2025-06-03,47.93000030517578,49.220001220703125,47.849998474121094,49.04999923706055,7440800,TSCO,48.51249980926514,48.446142625444125,49.220001220703125,47.849998474121094,50.99130158976484,52.791262536871834,-0.6857095661538324,-0.4316347522128768,-0.2540748139409556
2025-06-04,49.25,50.220001220703125,49.08000183105469,49.34000015258789,7022200,TSCO,49.472500801086426,48.47932121735463,50.220001220703125,48.47932121735463,50.921011842179894,52.750150515851644,-0.6501164058885394,-0.4753310829480093,-0.17478532294053006
2025-06-05,49.36000061035156,52.029998779296875,49.36000061035156,51.45000076293945,10694300,TSCO,50.55000019073486,48.975911009220525,52.029998779296875,48.975911009220525,50.874661083987775,52.71336926489628,-0.44650215578496955,-0.4695652975154014,0.023063141730431835
2025-06-06,51.77000045776367,51.97999954223633,50.61000061035156,50.939998626708984,6995100,TSCO,51.32499980926514,49.762955599977694,51.97999954223633,49.762955599977694,50.83743958906063,52.68907203378797,-0.3225709090978768,-0.44016641983189647,0.11759551073401969
2025-06-09,50.95000076293945,51.06999969482422,50.20000076293945,50.5099983215332,4970100,TSCO,50.68249988555908,50.54397770462141,51.06999969482422,50.20000076293945,50.774726065702545,52.6612496928049,-0.25609977539297546,-0.4033530909441123,0.14725331555113685
2025-06-10,50.63999938964844,51.52000045776367,50.5,51.47999954223633,5136600,TSCO,51.03499984741211,50.61323879509025,51.52000045776367,50.5,50.72493557104625,52.640496682302874,-0.12372372111916263,-0.3474272169791224,0.22370349585995974
2025-06-11,51.54999923706055,51.900001525878906,50.880001068115234,51.310001373291016,4278900,TSCO,51.410000801086426,50.824119321251175,51.900001525878906,50.824119321251175,50.67045105637597,52.6271371368762,-0.032161438841939116,-0.28437406135168575,0.25221262250974663
2025-06-12,51.209999084472656,52.09000015258789,50.9900016784668,51.7400016784668,4552000,TSCO,51.507500648498535,51.1170600611688,52.09000015258789,50.9900016784668,50.60567270370665,52.606870793210675,0.0742439227720908,-0.21265046452693045,0.2868943872990213
2025-06-13,51.47999954223633,51.88999938964844,51.09000015258789,51.540000915527344,3688300,TSCO,51.5,51.31228035483367,51.88999938964844,51.09000015258789,50.53880319310293,52.57148467513703,0.14080938542299037,-0.14195849453694628,0.2827678799599367
2025-06-16,52.11000061035156,52.150001525878906,51.38999938964844,51.689998626708984,4224000,TSCO,51.83500003814697,51.40614017741683,52.150001525878906,51.38999938964844,50.46947573892504,52.52192526158271,0.20332277744689264,-0.0729022401401785,0.27622501758707113
2025-06-17,51.310001373291016,52.04999923706055,50.65999984741211,50.97999954223633,4923700,TSCO,51.25,51.6205701077819,52.04999923706055,50.65999984741211,50.42936064572631,52.463219364689934,0.19334533394704323,-0.01965272532273415,0.21299805926977738
2025-06-18,51.09000015258789,52.380001068115234,51.0099983215332,52.029998779296875,4237600,TSCO,51.6274995803833,51.43528505389095,52.380001068115234,51.0099983215332,50.46329053726626,52.40789190670055,0.267085505854304,0.037694920912673485,0.22939058494163053
2025-06-20,52.369998931884766,52.68000030517578,51.880001068115234,52.52000045776367,5733400,TSCO,52.36250019073486,51.531392317137126,52.68000030517578,51.531392317137126,50.5304853311046,52.35788201839173,0.3609038883276625,0.1023367143956713,0.25856717393199125
2025-06-23,52.66999816894531,53.7400016784668,52.4900016784668,53.65999984741211,4457500,TSCO,53.140000343322754,51.94694625393599,53.7400016784668,51.94694625393599,50.61118945731176,52.31587021032402,0.5212355764673191,0.18611648681000087,0.33511908965731824
