Date,Open,High,Low,Close,Volume,Ticker,HA_Close,HA_Open,HA_High,HA_Low,HA_50_MA,HA_100_MA,MACD_Line,Signal_Line,MACD_Hist
2022-01-03,198.30114313914666,199.77147769917295,193.88047154623519,195.24440002441406,490900,JBHT,196.7993731022422,196.77277158178038,199.77147769917295,193.88047154623519,,,0.0,0.0,0.0
2022-01-04,196.42457654179952,202.0447199667809,195.33149699257632,200.874267578125,691500,JBHT,198.66876526982043,196.7860723420113,202.0447199667809,195.33149699257632,,,0.44910624360088036,0.08982124872017608,0.3592849948807043
2022-01-05,200.53562738718878,201.91890625316177,195.92149487702287,196.71470642089844,582700,JBHT,198.77268373456795,197.72741880591587,201.91890625316177,195.92149487702287,,,0.4640352453487253,0.16466404804588594,0.29937119730283934
2022-01-06,197.12100172096297,198.13669342089634,192.52621928999113,195.35079956054688,495100,JBHT,195.78367849809933,198.2500512702419,198.2500512702419,192.52621928999113,,,0.3616419188798261,0.20405962221267399,0.15758229666715212
2022-01-07,195.09930968458815,195.09930968458815,190.94948720690536,193.57093811035156,522800,JBHT,193.6797611716083,197.01686488417062,197.01686488417062,190.94948720690536,,,0.13531470218484287,0.19031063820710778,-0.05499593602226491
2022-01-10,192.9808630826932,192.9808630826932,187.3994074210875,191.51052856445312,792800,JBHT,191.21791553773176,195.34831302788945,195.34831302788945,187.3994074210875,,,-0.20791239378382897,0.11066603180892044,-0.3185784255927494
2022-01-11,191.91682462816524,193.3001038138441,188.77302574091846,192.54559326171875,690200,JBHT,191.63388686116164,193.2831142828106,193.3001038138441,188.77302574091846,,,-0.39188387609954134,0.01015605022722809,-0.40203992632676944
2022-01-12,193.79341447516364,196.50192082367053,193.63863931006674,196.17303466796875,636800,JBHT,195.02675231921742,192.45850057198612,196.50192082367053,192.45850057198612,,,-0.24218661899817562,-0.040312483617852654,-0.20187413538032295
2022-01-13,197.17908551854794,199.42328160765842,196.79216228395833,197.5176544189453,777400,JBHT,197.7280459572775,193.7426264456018,199.42328160765842,193.7426264456018,,,-0.014879367698426904,-0.035225860433967505,0.0203464927355406
2022-01-14,195.09933156997107,196.6954082341684,190.95919130097732,195.4669189453125,1034700,JBHT,194.5552125126073,195.73533620143962,196.6954082341684,190.95919130097732,,,-0.00021150924683865924,-0.028222990196541738,0.02801148094970308
2022-01-18,195.31211872304476,195.47656180141402,192.58426178025857,193.9385223388672,949600,JBHT,194.32786616089612,195.14527435702348,195.47656180141402,192.58426178025857,,,-0.11064056300551783,-0.04470650475833696,-0.06593405824718088
2022-01-19,196.56963527280357,196.7534141712815,188.289341282101,194.09327697753906,1351000,JBHT,193.92641692593128,194.7365702589598,196.7534141712815,188.289341282101,,,-0.18355309191949232,-0.07247582219056803,-0.11107726972892429
2022-01-20,195.6506831507665,198.62037091193645,193.4935576718495,193.86114501953125,851700,JBHT,195.40643918852092,194.33149359244555,198.62037091193645,193.4935576718495,,,-0.25710416858015606,-0.10940149146848564,-0.1477026771116704
2022-01-21,192.9324833056601,197.08230538958352,191.0268566651941,192.44882202148438,870500,JBHT,193.37261684548054,194.86896639048325,197.08230538958352,191.0268566651941,,,-0.4244636368213719,-0.1724139205390629,-0.252049716282309
2022-01-24,190.56256912927176,196.82114808808757,189.4888403574766,196.0472869873047,845500,JBHT,193.22996114053515,194.1207916179819,196.82114808808757,189.4888403574766,,,-0.26369150057089996,-0.19066943654543034,-0.07302206402546962
2022-01-25,193.87080853317715,194.48022654099367,186.1999468139792,189.546875,1084000,JBHT,191.0244642220375,193.67537637925852,194.48022654099367,186.1999468139792,,,-0.6532767774181139,-0.28319090471996705,-0.3700858726981468
2022-01-26,194.22870243245455,194.4608651749847,187.6605883351982,189.111572265625,1033300,JBHT,191.36543205206561,192.34992030064802,194.4608651749847,187.6605883351982,,,-0.9857876622779429,-0.4237102562315622,-0.5620774060463807
2022-01-27,189.94351786335454,192.4392126197264,180.70558157481176,181.96310424804688,976000,JBHT,186.2628540764849,191.85767617635682,192.4392126197264,180.70558157481176,,,-1.8053160018207848,-0.7000314053494068,-1.105284596471378
2022-01-28,182.18556011438173,185.66792785961377,178.79993054658476,185.6292266845703,575500,JBHT,183.07066130128763,189.06026512642086,189.06026512642086,178.79993054658476,,,-2.1343689965339934,-0.9868989235863241,-1.1474700729476692
2022-01-31,184.7586509467479,187.95081907220822,183.2786482744282,186.24832153320312,674500,JBHT,185.55910995664686,186.06546321385423,187.95081907220822,183.2786482744282,,,-2.3184642723125535,-1.2532119933315702,-1.0652522789809833
2022-02-01,187.7959945963444,190.90110639909935,184.4490521621035,185.8710174560547,614300,JBHT,187.25429265340048,185.81228658525055,190.90110639909935,184.4490521621035,,,-2.4663755484094736,-1.495844704347151,-0.9705308440623226
2022-02-02,185.8710450171712,189.5952431983507,182.35967376424156,189.38243103027344,586600,JBHT,186.8020982525092,186.5332896193255,189.5952431983507,182.35967376424156,,,-2.2740408437225312,-1.651483932222227,-0.6225569115003042
2022-02-03,187.93817412534963,190.23541769857331,186.64899925042758,187.3759765625,501100,JBHT,188.04964190921262,186.66769393591736,190.23541769857331,186.64899925042758,,,-2.2574953107705653,-1.7726862079318948,-0.4848091028386705
2022-02-04,187.20151552521864,187.56015294521177,182.0738937589808,183.77987670898438,520200,JBHT,185.1538597345989,187.358667922565,187.56015294521177,182.0738937589808,,,-2.5056742084730104,-1.919283808040118,-0.5863904004328924
2022-02-07,183.91559810429453,183.91559810429453,180.60058287004108,180.8332061767578,511800,JBHT,182.316246313847,186.25626382858195,186.25626382858195,180.60058287004108,,,-2.9066237097169676,-2.116751788375488,-0.7898719213414798
2022-02-08,181.46322394673453,184.8945501120782,180.3485166052454,183.10133361816406,370300,JBHT,182.45190607055557,184.28625507121447,184.8945501120782,180.3485166052454,,,-3.00670077422933,-2.2947415855462565,-0.7119591886830734
2022-02-09,184.5553114606125,189.760479366363,184.38084399525374,188.42283630371094,497400,JBHT,186.77986778148505,183.36908057088502,189.760479366363,183.36908057088502,,,-2.626336997729851,-2.3610606679829758,-0.2652763297468752
2022-02-10,185.73784951523865,189.77984154174254,184.69100042493397,185.6312255859375,611600,JBHT,186.45997926696316,185.07447417618505,189.77984154174254,184.69100042493397,,,-2.521094016446,-2.3930673376755807,-0.12802667877041918
2022-02-11,185.7960039831341,188.08355980301954,182.26774142606249,184.1385040283203,572100,JBHT,185.0714523101341,185.7672267215741,188.08355980301954,182.26774142606249,,,-2.528985776259219,-2.4202510253923086,-0.10873475086691053
2022-02-14,185.09811378223225,187.6958388125869,183.55691071829293,186.58114624023438,649800,JBHT,185.73300238833662,185.41933951585412,187.6958388125869,183.55691071829293,,,-2.311493778851826,-2.3984995760842125,0.08700579723238633
2022-02-15,188.4906450550259,193.20145765599892,186.53264909089782,187.08514404296875,518600,JBHT,188.82747396122286,185.57617095209537,193.20145765599892,185.57617095209537,,,-2.074547303413084,-2.3337091215499868,0.25916181813690287
2022-02-16,186.79443214698063,186.79443214698063,181.03676858858734,185.1369171142578,676500,JBHT,184.9406374992016,187.2018224566591,187.2018224566591,181.03676858858734,,,-2.020678027186875,-2.2711029026773644,0.2504248754904892
2022-02-17,184.14817557870055,185.31133619396724,181.2305789401014,182.07386779785156,416100,JBHT,183.1909896276552,186.07122997793036,186.07122997793036,181.2305789401014,,,-2.19979089837895,-2.2568405018176816,0.057049603438731555
2022-02-18,183.5860131621518,185.03028019961118,179.65064468670366,182.5100860595703,681400,JBHT,182.69425602700923,184.63110980279276,185.03028019961118,179.65064468670366,,,-2.2802546153481273,-2.261523324523771,-0.018731290824356428
2022-02-22,182.539134772579,184.81698778254275,181.65706555709016,183.34364318847656,771000,JBHT,183.0892078251721,183.66268291490098,184.81698778254275,181.65706555709016,,,-2.250815595677892,-2.2593817787545953,0.008566183076703204
2022-02-23,184.08032922978515,185.5342836741016,182.7232962075228,182.9656219482422,734500,JBHT,183.82588276491293,183.37594537003656,185.5342836741016,182.7232962075228,,,-2.2322560570298435,-2.253956634409645,0.021700577379801356
2022-02-24,179.94144316071356,183.6441884368631,179.3210897122437,183.11106872558594,620600,JBHT,181.50444750885157,183.60091406747475,183.6441884368631,179.3210897122437,,,-2.1806737005570653,-2.239300047639129,0.05862634708206382
2022-02-25,183.2370728436899,191.41799432635227,182.98505933289832,190.07066345214844,632100,JBHT,186.92769748877222,182.55268078816317,191.41799432635227,182.55268078816317,,,-1.560227845354774,-2.1034856071822583,0.5432577618274843
2022-02-28,187.1627440279833,197.47612908154076,186.72656056309864,196.70068359375,1109800,JBHT,192.01652931659316,184.7401891384677,197.47612908154076,184.7401891384677,,,-0.5274526729135118,-1.788279020328509,1.2608263474149972
2022-03-01,195.87675128723345,198.70711426187285,191.49549760219907,194.2095489501953,686800,JBHT,195.07222802537518,188.37835922753044,198.70711426187285,188.37835922753044,,,0.08898952963198781,-1.4128253103364097,1.5018148399683975
2022-03-02,196.2838529917448,200.36462503578906,195.21761380007823,196.49710083007812,780700,JBHT,197.09079816442255,191.7252936264528,200.36462503578906,191.7252936264528,,,0.7534257125898591,-0.979575105751156,1.733000818341015
2022-03-03,197.3791794109485,200.37432220391105,194.46156784432347,195.0625457763672,727000,JBHT,196.81940380888756,194.40804589543768,200.37432220391105,194.40804589543768,,,1.1509718834136038,-0.553465707918204,1.704437591331808
2022-03-04,193.86060001883303,197.98013776923324,193.40502642555757,197.59242248535156,786000,JBHT,195.70954667474385,195.61372485216262,197.98013776923324,193.40502642555757,,,1.6511367190103101,-0.11254522253250122,1.7636819415428113
2022-03-07,197.6893458270148,201.11098426727648,192.84283077957443,193.8121337890625,793500,JBHT,196.36382366573204,195.66163576345323,201.11098426727648,192.84283077957443,,,1.7226258911383923,0.2544890002016775,1.4681368909367147
2022-03-08,192.56173386547837,193.3274767131356,185.20472778516685,187.928466796875,1035000,JBHT,189.75560129016395,196.01272971459264,196.01272971459264,185.20472778516685,,,1.2896525093418632,0.4615217020297146,0.8281308073121485
2022-03-09,195.4017928591601,195.41149535524008,190.36142009757927,193.24993896484375,828400,JBHT,193.6061618192058,192.8841655023783,195.41149535524008,190.36142009757927,,,1.360236357409434,0.6412646331056585,0.7189717243037755
2022-03-10,190.1966333868639,196.74911625769894,189.43087574413516,195.68289184570312,494900,JBHT,193.01487930860029,193.24516366079206,196.74911625769894,189.43087574413516,,,1.5941175353382278,0.8318352135521724,0.7622823217860554
2022-03-11,197.2337597952692,201.0915961789061,191.90259357917338,192.26124572753906,730500,JBHT,195.62229882022194,193.13002148469616,201.0915961789061,191.90259357917338,,,1.4862393657669202,0.962716043995122,0.5235233217717982
2022-03-14,192.8912978273391,194.80082592876053,187.43411718100762,189.3533477783203,773100,JBHT,191.1198971788569,194.37616015245905,194.80082592876053,187.43411718100762,,,1.1528131644184896,1.0007354680797955,0.15207769633869406
2022-03-15,191.2531985284824,193.9478600510842,191.0108727455837,192.87193298339844,647000,JBHT,192.2709660771372,192.74802866565796,193.9478600510842,191.0108727455837,190.41893940736,,1.1591291977908327,1.032414214022003,0.12671498376882973
2022-03-16,194.2871107454314,211.48253783237942,194.2871107454314,211.36622619628906,1914700,JBHT,202.85574637988282,192.50949737139757,211.48253783237942,192.50949737139757,190.54006687291286,,2.626196440945165,1.3511706594066355,1.2750257815385295
2022-03-17,209.68932199042837,211.25958813416992,206.46154119132285,209.64085388183594,891400,JBHT,209.26282629943927,197.6826218756402,211.25958813416992,197.6826218756402,190.75194809350523,,3.608043396212878,1.8025452067678842,1.8054981894449937
2022-03-18,209.80561503882151,210.09640887423384,204.92033480737166,208.46798706054688,1368900,JBHT,208.32258644524347,203.47272408753975,210.09640887423384,203.47272408753975,190.94294614771871,,4.242617379454117,2.290559641305131,1.9520577381489863
2022-03-21,207.99305300981678,209.7668793897527,206.39369408181344,207.39208984375,581000,JBHT,207.88642908128324,205.8976552663916,209.7668793897527,205.8976552663916,191.1850011593824,,4.605615253537337,2.753570763751572,1.852044489785765
2022-03-22,207.45992887393516,209.08836567532487,204.5423320423665,207.28546142578125,541100,JBHT,207.09402200435196,206.8920421738374,209.08836567532487,204.5423320423665,191.45328637603728,,4.829023682755633,3.1686613475523844,1.6603623352032484
2022-03-23,206.7717448358019,206.93652458830908,203.6505876638623,203.72811889648438,661800,JBHT,205.27174399611442,206.9930320890947,206.9930320890947,203.6505876638623,191.7343629452049,,4.665250555928537,3.467979189227615,1.1972713667009223
2022-03-24,205.25962842938733,206.74266105633498,201.42119626213184,202.0415496826172,750900,JBHT,203.86625885761782,206.13238804260456,206.74266105633498,201.42119626213184,191.97901038513407,,4.349231894705042,3.644229730323101,0.7050021643819413
2022-03-25,203.01081939841896,203.48576839487689,198.30000630310155,202.76849365234375,773200,JBHT,201.89127193718528,204.9993234501112,204.9993234501112,198.30000630310155,192.11630077749342,,4.110064862616895,3.73739675678186,0.37266810583503496
2022-03-28,202.98177347680016,204.13524657633798,200.69421748177504,203.10777282714844,608700,JBHT,202.7297525905154,203.44529769364823,204.13524657633798,200.69421748177504,192.2163349101582,,3.9029099441548567,3.7704993942564595,0.13241054989839718
2022-03-29,204.61990208754432,205.4147229842264,199.8315421318506,202.797607421875,624400,JBHT,203.16594365637408,203.0875251420818,205.4147229842264,199.8315421318506,192.3885495330335,,3.671388936458726,3.750677302696913,-0.07928836623818691
2022-03-30,202.59405051807104,203.09809230847986,199.405049592122,199.928466796875,912000,JBHT,201.25641480388697,203.12673439922793,203.12673439922793,199.405049592122,192.52712050589332,,3.219281328589034,3.6443981078753374,-0.42511677928630354
2022-03-31,202.09000354628654,202.09000354628654,193.16271571268453,194.62635803222656,1099200,JBHT,197.99227020937104,202.19157460155745,202.19157460155745,193.16271571268453,192.60843757156215,,2.4054187562566085,3.396602237551592,-0.9911834812949833
2022-04-01,194.98503377178196,195.89618113928262,175.00769438081633,175.93821716308594,2746700,JBHT,185.45678161374173,200.09192240546423,200.09192240546423,175.00769438081633,192.40944442006654,,0.24957309599344057,2.7671964092399617,-2.517623313246521
2022-04-04,176.22897307561436,176.45190862052533,170.40346746892493,171.69264221191406,1908300,JBHT,173.69424784424467,192.77435200960298,192.77435200960298,170.40346746892493,192.0158770400418,,-1.7810022532634378,1.857556676739282,-3.63855893000272
2022-04-05,171.62483646456275,172.29365809451508,166.1482788463519,167.7670135498047,1912000,JBHT,169.45844673880862,183.23429992692382,183.23429992692382,166.1482788463519,191.5404467520073,,-3.664768106743935,0.7530917200426386,-4.417859826786573
2022-04-06,165.14018274878953,166.84616586004714,160.33244712162917,165.46975708007812,2085800,JBHT,164.44713820263598,176.34637333286622,176.34637333286622,160.33244712162917,191.00890023161926,,-5.2821462219362445,-0.45395586835313806,-4.828190353583106
2022-04-07,166.68135659102813,167.96082890764248,161.68943708101355,167.29200744628906,1736900,JBHT,165.90590750649332,170.3967557677511,170.3967557677511,161.68943708101355,190.4997097407078,,-6.343762707794468,-1.6319172362414043,-4.7118454715530635
2022-04-08,165.11107454662118,169.36631425583226,162.2516335667861,167.8638916015625,1683300,JBHT,166.14822849270053,168.1513316371222,169.36631425583226,162.2516335667861,190.09741722903212,,-7.057599535236562,-2.717053696040436,-4.3405458391961265
2022-04-11,167.62159447458185,169.12401738547172,163.47297798166343,165.46005249023438,916900,JBHT,166.41966058298786,167.14978006491137,169.12401738547172,163.47297798166343,189.76439721466613,,-7.728204163506689,-3.7192837895336868,-4.008920373973002
2022-04-12,166.1869985587307,168.658724199036,161.86391540498312,163.0658416748047,1084500,JBHT,164.94386995938862,166.7847203239496,168.658724199036,161.86391540498312,189.35209241472094,,-8.35652712348471,-4.646732456323892,-3.7097946671608186
2022-04-13,167.05941212850212,167.5634391424909,163.75408467289483,166.7007598876953,1111400,JBHT,166.26942395789578,165.86429514166912,167.5634391424909,163.75408467289483,188.93239504081083,,-8.463606882855316,-5.410107341630177,-3.05349954122514
2022-04-14,166.55536041494923,168.55212251801225,165.4309652222212,166.72982788085938,1092400,JBHT,166.8170690090105,166.06685954978246,168.55212251801225,165.4309652222212,188.53269445594088,,-8.44873110646472,-6.017832094597086,-2.430899011867634
2022-04-18,166.49719580674437,169.44387069073395,163.3954288787576,166.18701171875,1769100,JBHT,166.38087677374648,166.44196427939647,169.44387069073395,163.3954288787576,188.09931915323156,,-8.384096034116567,-6.491084882500982,-1.8930111516155845
2022-04-19,166.82674889005185,169.3275525393393,162.88167836858167,168.54241943359375,2070700,JBHT,166.89459980789164,166.41142052657148,169.3275525393393,162.88167836858167,187.73413395469743,,-8.050014994094226,-6.802870904819631,-1.2471440892745953
2022-04-20,169.56990101789572,171.14986993741016,167.1272528580559,167.26295471191406,1083600,JBHT,168.77749463131897,166.65301016723157,171.14986993741016,166.65301016723157,187.46335892104685,,-7.798598088750964,-7.0020163416058985,-0.7965817471450656
2022-04-21,168.4842655466246,169.31785198221024,164.8009109483468,166.08038330078125,907100,JBHT,167.17085294449072,167.71525239927527,169.31785198221024,164.8009109483468,187.1577378585256,,-7.6070823001108465,-7.123029533306888,-0.48405276680395826
2022-04-22,165.79930160342954,165.83806722044994,163.09493761651,164.1514892578125,738100,JBHT,164.7209489245505,167.44305267188298,167.44305267188298,163.09493761651,186.71655948138687,,-7.524215810443167,-7.203266788734144,-0.32094902170902273
2022-04-25,163.8897617467788,169.44386409138826,162.61997711558794,168.7071990966797,972500,JBHT,166.16520051260866,166.08200079821674,169.44386409138826,162.61997711558794,186.31066390629977,,-7.01012742472048,-7.164638915931412,0.15451149121093177
2022-04-26,169.60865939151378,171.17894053666578,165.82838305953936,166.72982788085938,1242700,JBHT,168.3364527171446,166.1236006554127,171.17894053666578,165.82838305953936,185.97596391443997,,-6.685203146288416,-7.068751762002813,0.383548615714397
2022-04-27,166.26452918668795,168.94950242450867,165.26614835930272,166.5262451171875,662200,JBHT,166.7516062719217,167.23002668627865,168.94950242450867,165.26614835930272,185.5963359921117,,-6.3706884118976745,-6.929139091981785,0.5584506800841105
2022-04-28,167.68941786918816,169.51171222982433,166.03190324259398,169.23060607910156,932200,JBHT,168.11590985517702,166.99081647910018,169.51171222982433,166.03190324259398,185.18210470999077,,-5.835940797827476,-6.710499433150924,0.8745586353234476
2022-04-29,168.8235012330592,171.34369494171995,165.3340193176712,165.6054229736328,792200,JBHT,167.7766596165208,167.5533631671386,171.34369494171995,165.3340193176712,184.83882515233717,,-5.63966093997135,-6.496331734515009,0.8566707945436596
2022-05-02,166.5456716607552,167.2435563103992,161.58282955489958,164.9075469970703,1082400,JBHT,165.0699011307811,167.6650113918297,167.6650113918297,161.58282955489958,184.47640338239967,,-5.477281802288843,-6.292521748069777,0.8152399457809336
2022-05-03,165.2467969458369,167.78638125745857,163.8897784513767,167.39865112304688,649000,JBHT,166.08040194442978,166.3674562613054,167.78638125745857,163.8897784513767,184.14412630074807,,-5.088921957276881,-6.051801789911198,0.9628798326343171
2022-05-04,167.27265637008284,173.15631896402454,167.27265637008284,172.9527587890625,816900,JBHT,170.16359762331317,166.2239291028676,173.15631896402454,166.2239291028676,183.88561409671092,,-4.2835952910209585,-5.698160490133151,1.4145651991121921
2022-05-05,170.74274244567525,172.75889475468418,168.97861841928756,170.27748107910156,914800,JBHT,170.68943417468714,168.1937633630904,172.75889475468418,168.1937633630904,183.6228851249064,,-3.8172379163612504,-5.321975975378771,1.5047380590175203
2022-05-06,169.9963653201977,171.81864490752704,165.2855521361876,170.39376831054688,662000,JBHT,169.3735826686148,169.44159876888875,171.81864490752704,165.2855521361876,183.38026782810164,,-3.399080445770579,-4.937396869457133,1.5383164236865534
2022-05-09,168.38733919769578,171.2758583541244,166.80737037909472,167.2047882080078,634700,JBHT,168.4188390347307,169.40759071875178,171.2758583541244,166.80737037909472,183.01009065902088,,-3.287119809518657,-4.607341457469437,1.3202216479507802
2022-05-10,168.8816594452047,170.24838024024635,162.71689170435974,166.85581970214844,803700,JBHT,167.17568777298982,168.91321487674122,170.24838024024635,162.71689170435974,182.51327382814878,,-3.189779250990739,-4.323829016173698,1.1340497651829589
2022-05-11,166.8558374892462,168.67813207689457,163.8703821226189,164.39381408691406,786300,JBHT,165.94954144391843,168.04445132486552,168.67813207689457,163.8703821226189,181.93082009651962,,-3.273563828276849,-4.113775978594329,0.8402121503174795
2022-05-12,164.17033962477595,167.93040595693535,162.91697429715154,167.72637939453125,1115300,JBHT,165.68602481834853,166.996996384392,167.93040595693535,162.91697429715154,181.30272462959817,,-3.0360557793517557,-3.8982319387458144,0.8621761593940587
2022-05-13,168.41618230856105,175.0327382943666,168.2315769867254,171.42813110351562,906600,JBHT,170.77715717329215,166.34151060137026,175.0327382943666,166.34151060137026,180.78187969688625,,-2.5200786157523964,-3.622601274147131,1.1025226583947347
2022-05-16,171.05890028103602,171.05890028103602,167.26968821534035,168.55218505859375,458600,JBHT,169.48491845900153,168.5593338873312,171.05890028103602,167.26968821534035,180.25738713257138,,-2.3165243559375597,-3.361385890505217,1.0448615345676573
2022-05-17,172.0499631550467,173.9057122870432,170.0679019885653,173.8862762451172,525300,JBHT,172.4774634189431,169.02212617316638,173.9057122870432,169.02212617316638,179.77965992763563,,-1.705133837146974,-3.0301354798335685,1.3250016426865945
2022-05-18,171.7293407622442,172.90497671862494,155.90207169266017,158.22418212890625,1886500,JBHT,164.6901428256089,170.74979479605474,172.90497671862494,155.90207169266017,179.2783507583445,,-2.4560902680242123,-2.9153264374716974,0.45923616944748513
2022-05-19,157.68008689726628,159.4192495972887,152.47233905714205,156.05752563476562,1397400,JBHT,156.4073002966157,167.7199688108318,167.7199688108318,152.47233905714205,178.5343735278927,,-3.1892955080671754,-2.970120251590793,-0.21917525647638225
2022-05-20,157.73837296963646,159.79814856505905,153.5410776144106,159.71070861816406,1060800,JBHT,157.69707694181756,162.06363455372374,162.06363455372374,153.5410776144106,177.82801748055707,,-3.4359768056295366,-3.063291562398542,-0.3726852432309946
2022-05-23,160.65315380953183,162.606053384636,159.75927383821744,161.2069549560547,498500,JBHT,161.05635899711,159.88035574777064,162.606053384636,159.75927383821744,177.13669868409485,,-3.4707305154477694,-3.1447793530083876,-0.3259511624393818
2022-05-24,159.69125295947384,160.07017417482498,154.93044642553858,157.33999633789062,1102400,JBHT,158.007967474432,160.46835737244032,160.46835737244032,154.93044642553858,176.47446009000632,,-3.7668820523332727,-3.269199892873365,-0.4976821594599077
2022-05-25,157.2040026113448,163.82055918608089,156.9125212785734,162.4506072998047,816300,JBHT,160.09692259395095,159.23816242343617,163.82055918608089,156.9125212785734,175.83097922034258,183.12495931385132,-3.5482981135885154,-3.325019537016395,-0.22327857657212036
2022-05-26,163.849709319049,168.97972751356895,163.37362263789242,168.2607421875,820600,JBHT,166.1159504145026,159.66754250869354,168.97972751356895,159.66754250869354,175.09618330103498,182.81812508697388,-2.873119901438571,-3.2346396099008303,0.36151970846225945
2022-05-27,168.72714046352584,170.53430721250078,167.09485364572973,169.89305114746094,449400,JBHT,169.0623381173043,162.89174646159807,170.53430721250078,162.89174646159807,174.2921735373923,182.52206081544875,-2.181179334983028,-3.02394755491727,0.8427682199342419
2022-05-31,168.98942382773018,169.1740291543052,165.11277127107664,167.6777801513672,1515100,JBHT,167.7385011011198,165.9770422894512,169.1740291543052,165.11277127107664,173.4804918305098,182.2117189891143,-1.7909206876195185,-2.77734218145772,0.9864214938382014
2022-06-01,168.48422565195762,170.10678687906645,166.77420964227568,167.99842834472656,890600,JBHT,168.34091262950656,166.8577716952855,170.10678687906645,166.77420964227568,172.68958150147427,181.93729133042834,-1.4391743622933006,-2.509708617624836,1.0705342553315353
2022-06-02,168.43565919453832,172.67181271500218,168.43565919453832,172.37062072753906,524700,JBHT,170.47843795790448,167.59934216239603,172.67181271500218,167.59934216239603,171.95726982054532,181.70527809829127,-0.7984099074994617,-2.1674488755997614,1.3690389681002997
2022-06-03,170.77719859213778,175.47000260791177,170.19423586240066,174.3040771484375,539200,JBHT,172.68637855272192,169.03889006015027,175.47000260791177,169.03889006015027,171.3055625116775,181.51996272844121,-0.13305194600815184,-1.7605694896814397,1.6275175436732878
2022-06-06,174.48864997160192,176.52900431987612,173.52678091985274,175.92662048339844,482800,JBHT,175.1177639236823,170.8626343064361,176.52900431987612,170.8626343064361,170.73059261299878,181.3548014990664,0.5191898220062399,-1.3046176273439039,1.8238074493501437
2022-06-07,173.19642556684022,174.8870052884228,170.14561951204527,171.554443359375,753600,JBHT,172.44587343167083,172.9901991150592,174.8870052884228,170.14561951204527,170.1416846428885,181.12899271019094,0.6755110967734197,-0.9085918825204392,1.584102979293859
2022-06-08,170.17478959259583,170.27195498349963,162.5866380792257,164.0051727294922,1051000,JBHT,166.75963884620333,172.71803627336502,172.71803627336502,162.5866380792257,169.42228236800224,180.8193086390802,0.18806587893055848,-0.6892603302302397,0.8773262091607982
2022-06-09,163.1793001495007,165.25851187363554,161.3041298020746,161.34298706054688,833100,JBHT,162.77123222143945,169.73883755978417,169.73883755978417,161.3041298020746,168.61438813930354,180.50146883616853,-0.40834693347105144,-0.6330776508784021,0.22473071740735062
2022-06-10,159.97302775447665,161.92594217866576,157.65091750323796,159.07916259765625,729900,JBHT,159.65726250850918,166.2550348906118,166.2550348906118,157.65091750323796,167.78240509339602,180.15476279964463,-1.0515583882787496,-0.7167737983584717,-0.33478458992027793
2022-06-13,155.74661834741863,157.98128890687184,153.81313974384668,155.8632049560547,676300,JBHT,155.85106298854797,162.9561486995605,162.9561486995605,153.81313974384668,166.93958094897954,179.77400926027084,-1.800059044927906,-0.9334308476723586,-0.8666281972555473
2022-06-14,157.08737177416216,159.70096302063112,154.89157381903226,156.8347625732422,541800,JBHT,157.12866779676693,159.40360584405423,159.70096302063112,154.89157381903226,166.37301867264006,179.39123154635325,-2.288474518197262,-1.2044395817773395,-1.0840349364199224
2022-06-15,158.0978562209233,160.1382105751883,155.45511802841185,156.93194580078125,646400,JBHT,157.65578265632615,158.26613682041057,160.1382105751883,155.45511802841185,166.0522493688817,179.03406320446175,-2.637304223910064,-1.4910125102038845,-1.1462917137061797
2022-06-16,153.8908585315975,154.2503437671294,150.956638870956,152.1128387451172,695000,JBHT,152.8026699787,157.96095973836836,157.96095973836836,150.956638870956,165.71913383367948,178.62979029284338,-3.264979294377241,-1.845805867038556,-1.4191734273386851
2022-06-17,153.28845225998663,153.63822683613574,149.5478078990964,150.4805450439453,968300,JBHT,151.738758009791,155.3818148585342,155.3818148585342,149.5478078990964,165.4649662298226,178.23693323072092,-3.849751234074631,-2.246594940445771,-1.6031562936288601
2022-06-21,152.83183350358757,156.09639195171576,151.7242162529025,154.22120666503906,543200,JBHT,153.71841209331123,153.5602864341626,156.09639195171576,151.7242162529025,165.22121632155896,177.86046303113338,-3.965633721510102,-2.5904026966586375,-1.3752310248514643
2022-06-22,152.9484195165876,153.49251011826667,149.81988373157586,151.1121063232422,578600,JBHT,151.84322992241806,153.6393492637369,153.6393492637369,149.81988373157586,164.9351163501533,177.5162667895927,-4.259251837547197,-2.9241725248363495,-1.3350793127108473
2022-06-23,152.10312646825665,153.46335287860904,150.67488132470865,153.02613830566406,567600,JBHT,152.3168747443096,152.74128959307748,153.46335287860904,150.67488132470865,164.65306063337977,177.20872892402292,-4.2880697265848084,-3.1969519651860416,-1.0911177613987668
2022-06-24,153.78398591735353,160.03134665329367,153.60910601255793,157.54405212402344,1030400,JBHT,156.24212267680716,152.52908216869355,160.03134665329367,152.52908216869355,164.4790256877281,176.91555905122456,-3.9013775717840815,-3.3378370865056497,-0.5635404852784318
2022-06-27,158.37960308618295,159.95359614789,156.84448210396985,157.5537567138672,530900,JBHT,158.1828595129775,154.38560242275037,159.95359614789,154.38560242275037,164.31729439882977,176.62484471982032,-3.5531793342542812,-3.3809055360553764,-0.17227379819890487
2022-06-28,157.12627193783726,159.71071700099208,152.85126184455683,153.171875,438900,JBHT,155.71503144584653,156.28423096786395,159.71071700099208,152.85126184455683,164.09525364756647,176.3139740517537,-3.5894341927459266,-3.4226112673934868,-0.1668229253524398
2022-06-29,153.37589286111523,154.12402470160015,150.1307711171892,152.83180236816406,383700,JBHT,152.61562276201715,155.99963120685524,155.99963120685524,150.1307711171892,163.8199485673319,175.9596338602817,-3.6040620645568424,-3.458901426826158,-0.14516063773068444
2022-06-30,151.9476549779312,153.8908438719902,149.66440209726994,152.99697875976562,580600,JBHT,152.12496992673925,154.30762698443618,154.30762698443618,149.66440209726994,163.52455596970884,175.62934496220313,-3.5612742512375632,-3.479375991708439,-0.08189825952912422
2022-07-01,152.9192613796045,155.6202929674745,151.63676431844928,155.3288116455078,623000,JBHT,153.87628257775904,153.21629845558772,155.6202929674745,151.63676431844928,163.2265317286376,175.34494532484226,-3.3011515547460135,-3.443731104315954,0.14257954956994068
2022-07-05,154.21145012325337,155.4065069738733,152.3557014324186,155.18304443359375,587300,JBHT,154.28917574078477,153.54629051667337,155.4065069738733,152.3557014324186,162.9688981845635,175.06331802154455,-3.07135991423155,-3.369256866299074,0.29789695206752365
2022-07-06,155.9506303677026,157.73837554374433,153.7742681409043,156.9999542236328,657200,JBHT,156.115807068996,153.91773312872908,157.73837554374433,153.7742681409043,162.79679534745242,174.75667741441964,-2.711383803349804,-3.2376822537092202,0.5262984503594161
2022-07-07,157.99096825916214,162.22712049736666,157.31085513440883,161.47898864746094,639600,JBHT,159.75198313459964,155.01677009886254,162.22712049736666,155.01677009886254,162.66853099989225,174.489597453096,-2.0411503857627054,-2.9983758801199176,0.9572254943572123
2022-07-08,160.21593125374076,162.76151899066366,159.18604342922455,160.9932098388672,515600,JBHT,160.78917587812404,157.3843766167311,162.76151899066366,157.3843766167311,162.51758546311183,174.2467746887759,-1.5315293466206015,-2.7050065734200546,1.173477226799453
2022-07-11,160.48799201997602,161.78021464204514,159.18605878884736,159.39981079101562,504800,JBHT,160.21351906047104,159.08677624742757,161.78021464204514,159.08677624742757,162.38682371888282,173.99157985549726,-1.2419090337695593,-2.4123870654899555,1.1704780317203962
2022-07-12,158.57395635214877,162.4797558507524,157.87440707545866,159.4386749267578,625800,JBHT,159.59169855127942,159.65014765394932,162.4797558507524,157.87440707545866,162.21633949280488,173.69922210139782,-0.9977454498097416,-2.1294587423539126,1.131713292544171
2022-07-13,157.47604523256476,158.64195571853142,155.36768685431392,158.15615844726562,916000,JBHT,157.41046156316892,159.62092310261437,159.62092310261437,155.36768685431392,162.00901553173782,173.4239203420375,-0.897387882965262,-1.8830445704761827,0.9856566875109207
2022-07-14,156.92223793156117,161.45958291782563,155.34825942946605,160.8474884033203,725400,JBHT,158.6443921705433,158.51569233289166,161.45958291782563,155.34825942946605,161.88050535253308,173.17845436746637,-0.5938405291657887,-1.625203762214104,1.0313632330483153
2022-07-15,163.80112942383477,165.7831907023863,162.40203083317652,162.81982421875,897200,JBHT,163.70154379453692,158.5800422517175,165.7831907023863,158.5800422517175,161.8329281895352,172.98852724514165,-0.19191378488218902,-1.3385457667477212,1.1466319818655322
2022-07-18,162.60607264318003,166.38557503938148,162.60607264318003,163.32505798339844,938200,JBHT,163.730694577285,161.1407930231272,166.38557503938148,161.1407930231272,161.70427012861467,172.79494211266277,0.16547668585195652,-1.0377412762277858,1.2032179620797423
2022-07-19,164.05374842221255,170.06790633329513,164.05374842221255,169.50439453125,1220600,JBHT,166.91994942724256,162.4357438002061,170.06790633329513,162.4357438002061,161.62888043366576,172.6258827792861,0.9365362187531616,-0.6428857772315963,1.579421995984758
2022-07-20,165.287664303839,168.79512131152003,165.08363774535172,168.21217346191406,1204000,JBHT,166.8446492056562,164.67784661372434,168.79512131152003,164.67784661372434,161.57830176440658,172.47928479625415,1.4268867507514926,-0.2289312716349786,1.6558180223864711
2022-07-21,169.02833456744617,170.4760160368873,165.95809169519507,167.00741577148438,894100,JBHT,168.11746451775323,165.76124790969027,170.4760160368873,165.76124790969027,161.57227427406704,172.29118246654394,1.6986976737272812,0.15659451743747338,1.5421031562898078
2022-07-22,168.00816501993953,169.64045193466833,167.09486356859074,168.81459045410156,665200,JBHT,168.38951774432505,166.93935621372174,169.64045193466833,166.93935621372174,161.59655087349375,172.05491235082124,2.03645865445867,0.5325673448417128,1.5038913096169573
2022-07-25,168.81455283175012,169.4169367078127,167.6583529467735,168.3967742919922,581600,JBHT,168.57165419458215,167.66443697902338,169.4169367078127,167.6583529467735,161.64899312850702,171.78990661251333,2.244548633217164,0.874963602516803,1.369585030700361
2022-07-26,166.85193235267462,167.7457975833766,163.2084526933888,164.64642333984375,805000,JBHT,165.61315149232095,168.11804558680277,168.11804558680277,163.2084526933888,161.64753566198647,171.47513014579232,2.08282989522732,1.1165368610589066,0.9662930341684135
2022-07-27,164.81160306377092,167.25030026618316,162.227157770554,166.67706298828125,579400,JBHT,165.24153102219734,166.86559853956186,167.25030026618316,162.227157770554,161.53682313896456,171.15935141792542,2.0943795750795573,1.3121054038630369,0.7822741712165204
2022-07-28,167.0657010841408,175.07164652807705,166.9491144674767,174.3526611328125,772000,JBHT,170.85978080312677,166.05356478087958,175.07164652807705,166.05356478087958,161.56432038584708,170.91085375920923,2.691859323529485,1.5880561877963266,1.1038031357331584
2022-07-29,174.40121718126122,178.9482724406241,173.49764138947342,178.0641326904297,568400,JBHT,176.2278159254471,168.4566727920032,178.9482724406241,168.4566727920032,161.63932743597715,170.70949368180638,3.425365583195827,1.9555180668762269,1.4698475163196
2022-08-01,177.2965905335699,178.1127413204339,175.3048185028277,176.40272521972656,498900,JBHT,176.77921889413952,172.34224435872514,178.1127413204339,172.34224435872514,161.88110895734778,170.57972985784613,3.8284805401638664,2.330110561533755,1.4983699786301115
2022-08-02,176.29583221797392,176.8496482404793,172.98269116760846,173.6239471435547,456400,JBHT,174.9380296924041,174.56073162643233,176.8496482404793,172.98269116760846,162.25172354526353,170.39304853657814,3.8790130326787846,2.639891055762761,1.2391219769160235
2022-08-03,174.8675965406294,174.8675965406294,172.42889936783342,173.5073699951172,371300,JBHT,173.91786561105235,174.7493806594182,174.8675965406294,172.42889936783342,162.57613931864825,170.20207839960264,3.8650991385324573,2.8849326723167006,0.9801664662157568
2022-08-04,173.62421945873163,177.0908587565807,172.90362005353427,176.4384307861328,447900,JBHT,175.01428226374486,174.33362313523526,177.0908587565807,172.90362005353427,162.85529778398094,169.99599823403787,4.043968040823245,3.1167397460180095,0.9272282948052353
2022-08-05,174.64668563189693,178.93129296209153,174.64668563189693,178.7852325439453,331800,JBHT,176.75247419245767,174.67395269949006,178.93129296209153,174.64668563189693,163.23018791834144,169.85232400417385,4.325231645340125,3.358438125882433,0.966793519457692
2022-08-08,179.1844791832891,182.7679818452701,179.07736325119794,182.16424560546875,676800,JBHT,180.79851747130647,175.71321344597385,182.7679818452701,175.71321344597385,163.64421981588856,169.73759951811556,4.76585537862627,3.6399215764312007,1.1259338021950693
2022-08-09,181.62865416300883,182.62189471399904,178.77548353437444,179.56423950195312,721900,JBHT,180.64756797833385,178.25586545864016,182.62189471399904,178.25586545864016,163.9348521671652,169.51551773410011,4.849353766776545,3.88180801450027,0.9675457522762754
2022-08-10,182.3492162104762,186.19564177441407,181.68705592480424,185.91323852539062,499900,JBHT,184.0362881087713,179.451716718487,186.19564177441407,179.451716718487,164.23433116699454,169.2632523521934,5.36598229763257,4.17864287112673,1.1873394265058401
2022-08-11,186.53646531854557,190.83081959739286,186.0885368303404,187.8315887451172,690300,JBHT,187.821852622849,181.74400241362915,190.83081959739286,181.74400241362915,164.6359981974291,169.05824501396947,5.862628231955142,4.515439943292413,1.3471882886627293
2022-08-12,188.1042712939946,190.08103499812515,187.61738338935868,190.01287841796875,591500,JBHT,188.9538920248618,184.7829275182391,190.08103499812515,184.7829275182391,165.0482577853362,168.8689196434053,6.358933730105377,4.884138700655006,1.4747950294503713
2022-08-15,189.52596559942168,190.76265001640942,187.95818615823913,189.03907775878906,672900,JBHT,189.32146988321483,186.86840977155043,190.76265001640942,186.86840977155043,165.4251184238424,168.69119412219388,6.597628483991031,5.226836657322211,1.3707918266688193
2022-08-16,188.65930086102634,192.0675156555536,188.46453384300065,189.54542541503906,877500,JBHT,189.68419394365492,188.09493982738263,192.0675156555536,188.09493982738263,165.7650747316611,168.5353186216693,6.749845799539713,5.531438485765712,1.2184073137740015
2022-08-17,187.48105264229375,188.11400096565424,181.3267973437417,183.7320098876953,760400,JBHT,185.16346520984627,188.88956688551878,188.88956688551878,181.3267973437417,165.96598875738434,168.34829068519153,6.328434813249402,5.69083775126245,0.637597061986952
2022-08-18,183.97546167825908,187.11102106082902,183.21591771439583,186.78968811035156,440500,JBHT,185.27302214095886,187.02651604768252,187.11102106082902,183.21591771439583,166.22253173157011,168.18210818722932,6.1700679464447035,5.786683790298901,0.38338415614580246
2022-08-19,186.40989249517676,186.40989249517676,184.2286442333786,184.77395629882812,538300,JBHT,185.45559638064006,186.14976909432067,186.40989249517676,184.2286442333786,166.59645088225884,168.00936662513053,5.814878057898454,5.792322643818812,0.022555414079642233
2022-08-22,183.2256430944456,184.04361113340977,181.20018781322122,182.6900634765625,498300,JBHT,182.78987637940978,185.80268273748038,185.80268273748038,181.20018781322122,166.99682376541827,167.8056059523609,5.3040925006185375,5.694676615178757,-0.3905841145602196
2022-08-23,181.8428669522777,185.06606191829562,181.8428669522777,183.88778686523438,583700,JBHT,183.15989567202132,184.29627955844506,185.06606191829562,181.8428669522777,167.46687642868852,167.6246407610423,4.93900377306403,5.543542046755812,-0.6045382736917819
2022-08-24,184.03389867165555,185.08557834658265,182.87510306154218,183.75149536132812,561300,JBHT,183.93651886027712,183.7280876152332,185.08557834658265,182.87510306154218,168.0285855461231,167.48408324755133,4.585808396200434,5.351995316644737,-0.7661869204443024
2022-08-25,185.26084013831863,185.8061521918297,182.0668568032059,184.39418029785156,752300,JBHT,184.38200735780146,183.83230323775516,185.8061521918297,182.0668568032059,168.5736523373438,167.47333550499192,4.308096760873838,5.143215605490557,-0.8351188446167193
2022-08-26,184.6279054518889,184.8616021442686,177.48037948425963,177.80172729492188,707800,JBHT,181.19290359383476,184.10715529777832,184.8616021442686,177.48037948425963,169.04439475609396,167.5483220624878,3.515527613180552,4.817678007028556,-1.3021503938480041
2022-08-29,176.01968601631972,176.01968601631972,170.7028791410114,171.06317138671875,865400,JBHT,173.4513556400924,182.65002944580652,182.65002944580652,170.7028791410114,169.45736846932178,167.58825115150066,2.3169572670322225,4.3175338590292895,-2.000576591997067
2022-08-30,171.5500661863468,172.08564580212942,167.25571171066937,170.45944213867188,1028400,JBHT,170.33771645945438,178.05069254294946,178.05069254294946,167.25571171066937,169.82934763831506,167.64715693406882,1.3033416168777308,3.7146954105989782,-2.4113537937212475
2022-08-31,171.02424628678136,171.043711104308,167.93737882392332,169.4564666748047,1182600,JBHT,169.86545072245434,174.1942045012019,174.1942045012019,167.93737882392332,170.15228841089794,167.68675236622843,0.41433596659771865,3.0546235217987263,-2.6402875552010077
2022-09-01,168.1516010205437,170.06020816049528,166.18458456756886,169.21302795410156,1168300,JBHT,168.40235542567734,172.02982761182813,172.02982761182813,166.18458456756886,170.48347092096313,167.70929363555825,-0.3063198222144763,2.382434852996086,-2.6887546752105624
2022-09-02,171.08266466885001,171.0923970772841,163.3411503930556,164.31492614746094,1010700,JBHT,167.45778457166267,170.21609151875273,171.0923970772841,163.3411503930556,170.78628911751017,167.71967487544495,-1.2581771248367772,1.6543124574295136,-2.912489582266291
2022-09-06,164.12015134106247,166.3111466847639,161.705191744868,162.82504272460938,955300,JBHT,163.74038312382595,168.83693804520772,168.83693804520772,161.705191744868,170.93625432645055,167.7076400070893,-2.10844716917191,0.9017605321092289,-3.0102077012811392
2022-09-07,163.19508876303556,166.63251627487395,160.40035686892787,165.931396484375,710700,JBHT,164.0398395978031,166.28866058451683,166.63251627487395,160.40035686892787,171.05339392814705,167.6853441634884,-2.5027849704312644,0.2208514316011303,-2.723636402032395
2022-09-08,165.07444998655353,166.97330950515743,161.65648799442945,165.3957977294922,667000,JBHT,164.77501130390814,165.16425009115997,166.97330950515743,161.65648799442945,171.2345935253083,167.66492358643737,-2.825943148782585,-0.38850748447561284,-2.4374356643069723
2022-09-09,166.466963884106,169.8946587338056,166.28194411156372,169.4954071044922,580800,JBHT,168.03474345849187,164.96963069753406,169.8946587338056,164.96963069753406,171.54297593923778,167.68146225328482,-2.719890909328143,-0.8547841694461189,-1.865106739882024
2022-09-12,170.35232406825455,170.86842400278383,168.7748121822321,169.98228454589844,548700,JBHT,169.99446119979223,166.50218707801298,170.86842400278383,166.50218707801298,171.90036576469885,167.71246086720382,-2.5669664140384896,-1.197220618364593,-1.3697457956738965
2022-09-13,166.51564025878906,168.268439443767,165.4152689923734,166.51564025878906,808900,JBHT,166.67874723842962,168.2483241389026,168.268439443767,165.4152689923734,172.15641505791223,167.69147339327495,-2.6944420213839635,-1.4966648989684672,-1.1977771224154963
2022-09-14,166.59358808530192,168.00556021375064,162.7861206284058,167.86923217773438,969500,JBHT,166.31362527629818,167.46353568866613,168.00556021375064,162.7861206284058,172.3969040486225,167.68290111659303,-2.655631338204472,-1.7284581868156683,-0.9271731513888037
2022-09-15,168.14183581690676,172.6017299738804,167.87891223706418,169.46617126464844,1551100,JBHT,169.52216232312495,166.88858048248215,172.6017299738804,166.88858048248215,172.66503115370514,167.73091325057877,-2.467569350566947,-1.8762804195659242,-0.591288931001023
2022-09-16,164.9673804815345,166.32092840210822,159.08576566421127,162.10447692871094,1715500,JBHT,163.11963786914123,168.20537140280356,168.20537140280356,159.08576566421127,172.73238424839593,167.70045762414412,-2.8793645568451893,-2.0768972470217775,-0.8024673098234119
2022-09-19,161.0040826658316,167.10966092008172,160.90671400376098,165.162109375,775100,JBHT,163.54564174116857,165.6625046359724,167.10966092008172,160.90671400376098,172.78751356565684,167.65254951438433,-2.925269157993455,-2.246571629216113,-0.678697528777342
2022-09-20,164.32466402363556,164.86997608686505,160.8190652476756,162.76661682128906,654800,JBHT,163.1950805448663,164.60407318857048,164.86997608686505,160.8190652476756,172.84714479534472,167.61698425711376,-3.118991323770416,-2.421055568126974,-0.6979357556434422
2022-09-21,164.53886555872606,165.25946485725717,160.81903560659154,160.88720703125,588200,JBHT,162.87614326345619,163.8995768667184,165.25946485725717,160.81903560659154,172.91283368958827,167.56458659119656,-3.385148316404809,-2.613874117782541,-0.771274198622268
2022-09-22,160.39062587455908,161.89023413718607,159.26104232894176,159.3486785888672,423900,JBHT,160.22264523238852,163.3878600650873,163.3878600650873,159.26104232894176,172.96907736297263,167.48904644735524,-3.677830299583036,-2.8266653541426403,-0.8511649454403956
2022-09-23,157.12843745850344,158.0437889351188,154.5089786162939,156.93368530273438,629400,JBHT,156.65372257816264,161.8052526487379,161.8052526487379,154.5089786162939,172.92926397112504,167.40488466182904,-4.0578759867266285,-3.0729074806594383,-0.9849685060671902
2022-09-26,156.56366601308073,159.2318169532646,156.43707040910473,157.68350219726562,583200,JBHT,157.47901389317892,159.22948761345026,159.2318169532646,156.43707040910473,172.8048133730979,167.31887078131655,-4.249574525104691,-3.308240889548489,-0.9413336355562021
2022-09-27,157.59586267123944,159.8550295270054,156.72920285436894,158.55990600585938,720900,JBHT,158.18500026461828,158.3542507533146,159.8550295270054,156.72920285436894,172.69389948684457,167.1990848077296,-4.281424933403628,-3.502877698319517,-0.7785472350841105
2022-09-28,159.1539028020544,163.38008577442397,158.08274358848698,162.4550018310547,461300,JBHT,160.767933499005,158.26962550896644,163.38008577442397,158.08274358848698,172.57085916827978,167.09986980097278,-3.9468678947800413,-3.5916757376116224,-0.3551921571684189
2022-09-29,160.7606436722869,161.714954656979,159.66028711931193,160.94566345214844,449400,JBHT,160.77038722518157,159.51877950398574,161.714954656979,159.51877950398574,172.44937392867033,167.01383784653845,-3.760175066884784,-3.6253756034662548,-0.13479946341852944
2022-09-30,158.4916957795755,160.97482628803232,152.1816346701858,152.31796264648438,1023000,JBHT,155.99152984606948,160.14458336458364,160.97482628803232,152.1816346701858,172.20685523523662,166.88956475465184,-4.2593043962860975,-3.7521613620302237,-0.5071430342558738
2022-10-03,154.71346619173593,159.29020836573994,152.82433922228643,157.78085327148438,1229500,JBHT,156.15221676281166,158.06805660532655,159.29020836573994,152.82433922228643,171.96210921560635,166.77933004455005,-4.166034910531749,-3.834936071730529,-0.3310988388012204
2022-10-04,160.04006251712178,163.84751469399893,159.53369492854134,163.62355041503906,645300,JBHT,161.76120563867528,157.11013668406912,163.84751469399893,157.11013668406912,171.82590024448822,166.7374466864976,-3.57940024316963,-3.7838289060183494,0.20442866284871952
2022-10-05,161.31572658510538,164.2370544195681,161.31572658510538,162.12396240234375,426000,JBHT,162.24811749803064,159.4356711613722,164.2370544195681,159.4356711613722,171.75859956460243,166.70306761329445,-3.1986205561559586,-3.6667872360458715,0.4681666798899129
2022-10-06,162.47449606877078,163.8377762276551,160.57562139645705,160.78012084960938,532800,JBHT,161.91700363562308,160.8418943297014,163.8377762276551,160.57562139645705,171.69210901687092,166.61446607791774,-2.971038411777556,-3.5276374711922087,0.5565990594146526
2022-10-07,158.85203205070374,159.77711597857248,155.25879740015296,155.86253356933594,688500,JBHT,157.4376197496913,161.37944898266224,161.37944898266224,155.25879740015296,171.42366579580224,166.49399309082466,-3.1511614901151006,-3.4523422749767874,0.30118078486168676
2022-10-10,156.87526009593265,160.07897538408926,155.39511697640958,157.97561645507812,537700,JBHT,157.5812422278774,159.40853436617675,160.07897538408926,155.39511697640958,171.05073432185083,166.345030878914,-3.08780787125923,-3.379435394233276,0.29162752297404637
2022-10-11,156.70974216589232,162.04604458196133,156.70974216589232,159.35841369628906,727000,JBHT,158.70598565250876,158.49488829702707,162.04604458196133,156.70974216589232,170.68926965701823,166.285189307183,-2.892674539566059,-3.282083223299833,0.389408683733774
2022-10-12,160.63406713947046,164.06174735612527,157.87827976293997,161.1696319580078,772200,JBHT,160.9359315541359,158.60043697476792,164.06174735612527,157.87827976293997,170.40922769425285,166.33047561975818,-2.5623426999591743,-3.1381351186317015,0.5757924186725272
2022-10-13,156.99214370001508,163.56513068644006,154.4992799018052,161.86102294921875,866400,JBHT,159.22939430936975,159.76818426445192,163.56513068644006,154.4992799018052,170.1154582682192,166.34579879343372,-2.2191815192023796,-2.954344398745837,0.7351628795434575
2022-10-14,162.9418637723355,162.9613434436588,157.90744598634842,158.920166015625,669500,JBHT,160.68270480449192,159.49878928691084,162.9613434436588,157.90744598634842,169.82882671903414,166.34206225150757,-2.1596315002727238,-2.7954018190512144,0.6357703187784907
2022-10-17,161.8415164004444,163.8377595328997,160.57560503410897,161.4033203125,973500,JBHT,161.91455031998828,160.0907470457014,163.8377595328997,160.0907470457014,169.5320682415848,166.3811280799631,-1.8902779346908574,-2.614377042179143,0.7240991074882857
2022-10-18,165.58084054720965,166.6519999356994,160.6438046679569,163.4872283935547,1257900,JBHT,164.09096838610517,161.00264868284484,166.6519999356994,160.6438046679569,169.19791725988074,166.42106853788465,-1.4914666282996336,-2.389794959403241,0.8983283311036074
2022-10-19,167.00254918792558,167.4602250012134,160.2055982851859,163.55538940429688,1691100,JBHT,164.55594046965544,162.54680853447502,167.4602250012134,160.2055982851859,168.8760847097072,166.40546843843617,-1.1565735112866378,-2.1431506697799203,0.9865771584932825
2022-10-20,162.24076770476793,164.00329931976248,155.6385697396947,156.28126525878906,1108300,JBHT,159.54097550575355,163.55137450206524,164.00329931976248,155.6385697396947,168.38617845764682,166.31025481232066,-1.4612845507467398,-2.006777445973284,0.5454928952265443
2022-10-21,156.32023964855955,161.10148274936762,155.76519512763952,160.98463439941406,851600,JBHT,158.5428879812452,161.5461750039094,161.5461750039094,155.76519512763952,167.80059916481474,166.2182986811219,-1.3081679174448766,-1.8670555402676028,0.5588876228227262
2022-10-24,162.3186739990552,164.61678524807195,159.9621385853526,161.88047790527344,661100,JBHT,162.1945189344383,160.0445314925773,164.61678524807195,159.9621385853526,167.26541170300624,166.15683474417125,-1.1018335470977263,-1.7140111416336277,0.6121775945359014
2022-10-25,161.91945930182908,164.35389910954078,160.90673887962325,162.84454345703125,621400,JBHT,162.5061601870061,161.1195252135078,164.35389910954078,160.90673887962325,166.72910550908207,166.07711196646224,-0.8507135428724268,-1.5413516218813876,0.6906380790089608
2022-10-26,164.49017805166153,165.98005358063034,159.8355317172063,165.13287353515625,718800,JBHT,163.8596592211636,161.81284270025697,165.98005358063034,159.8355317172063,166.21261481463225,165.98884477314667,-0.4617275100492293,-1.325426799514956,0.8636992894657267
2022-10-27,166.52539042289987,167.15835359369302,160.98461872812769,161.71495056152344,561400,JBHT,164.095828326561,162.8362509607103,167.15835359369302,160.98461872812769,165.79126207696655,165.87862541717547,-0.42435934536302966,-1.1452133086845708,0.7208539633215412
2022-10-28,162.58160476849972,164.77260019266762,161.09171421011797,164.6752166748047,440200,JBHT,163.2802839615225,163.46603964363564,164.77260019266762,161.09171421011797,165.35140731337782,165.78696952247395,-0.15409970478742707,-0.9469905879051421,0.792890883117715
2022-10-31,163.92536813219758,168.12233826295153,162.50366418809648,166.5837860107422,760200,JBHT,165.28378914849696,163.3731618025791,168.12233826295153,162.50366418809648,164.94797116873494,165.77221102549692,0.21164884616325708,-0.7152627010914623,0.9269115472547194
2022-11-01,167.74259506436803,168.73585042890684,164.76284382938945,168.09315490722656,557300,JBHT,167.33361105747272,164.32847547553803,168.73585042890684,164.32847547553803,164.63884586229622,165.81783481385722,0.6161975220275053,-0.44897065646766876,1.065168178495174
2022-11-02,166.59357519818735,170.64448632450785,163.10745585128424,163.22430419921875,873500,JBHT,165.89245539329954,165.8310432665054,170.64448632450785,163.10745585128424,164.29349705672178,165.88018674270515,0.5377310717435648,-0.25163031082542203,0.7893613825689869
2022-11-03,161.36968474422466,166.95299160680693,160.08121900304243,164.7079620361328,539700,JBHT,163.27796434755172,165.86174932990247,166.95299160680693,160.08121900304243,163.88032596646727,165.95445575629518,0.588480990030007,-0.08360805065433624,0.6720890406843432
2022-11-04,166.7285002827494,169.1785334769373,164.1906361033331,169.11019897460938,564100,JBHT,167.30196720940728,164.5698568387271,169.1785334769373,164.1906361033331,163.53872516349938,166.0561887504216,0.9727115821838197,0.12765587591329494,0.8450557062705247
2022-11-07,169.87154386029403,174.1371177408065,169.09065691868466,172.98532104492188,701300,JBHT,171.52115989117675,165.9359120240672,174.1371177408065,165.9359120240672,163.34529028944624,166.19484252277007,1.5717884610508293,0.4164823929408018,1.1553060681100273
2022-11-08,174.26404033176016,176.80191952060161,171.78473995936594,173.6002960205078,750300,JBHT,174.1127489580589,168.72853595762197,176.80191952060161,168.72853595762197,163.35851815580557,166.4079433125637,2.072296401679381,0.7476451946885176,1.3246512069908634
2022-11-09,171.32596854822802,174.90827241992085,166.34782666116232,166.57232666015625,682700,JBHT,169.78859857236685,171.42064245784042,174.90827241992085,166.34782666116232,163.34753579806383,166.58844171818942,1.8801806067400548,0.9741522770988251,0.9060283296412297
2022-11-10,171.55046651905437,178.63698398462182,171.50165828658535,178.10989379882812,746400,JBHT,174.94975064727242,170.60462051510365,178.63698398462182,170.60462051510365,163.44922179656018,166.80075510372907,2.6286117003227787,1.305044161743616,1.3235675385791628
2022-11-11,180.57944306899523,184.68885208362695,179.2129018899296,180.96987915039062,991100,JBHT,181.3627690482356,172.77718558118804,184.68885208362695,172.77718558118804,163.70843006901134,167.09595049498722,3.4131806284643744,1.7266714550877678,1.6865091733766067
2022-11-14,181.67266710289616,184.67907244358614,180.83321616429973,181.819091796875,792300,JBHT,182.25101187691425,177.06997731471182,184.67907244358614,177.06997731471182,164.00429461511638,167.39529186631327,4.05671819777109,2.1926808036244325,1.8640373941466577
2022-11-15,185.45996453301467,186.17251706848123,181.57507049895707,184.64979553222656,631200,JBHT,184.46433690816988,179.66049459581302,186.17251706848123,179.66049459581302,164.41877369080325,167.6775140086269,4.7404950164551565,2.7022436461905777,2.038251370264579
2022-11-16,183.27348449672186,183.27348449672186,174.66424543431933,176.09912109375,1220000,JBHT,179.32758388037826,182.06241575199147,183.27348449672186,174.66424543431933,164.72452857645476,167.8889612523009,4.540089776554737,3.0698128722634097,1.4702769042913273
2022-11-17,173.5514830098424,175.1815766761502,168.09505928763303,174.98635864257812,701700,JBHT,172.95361940405093,180.69499981618486,180.69499981618486,168.09505928763303,164.8881007384576,168.06134713188297,4.242570834356314,3.3043644646819907,0.9382063696743237
2022-11-18,177.19233001197395,177.3875480227304,171.77494457195,175.9429168701172,615900,JBHT,175.57443486919288,176.8243096101179,177.3875480227304,171.77494457195,165.03889456667162,168.29093525295468,4.037430201675704,3.4509776120807336,0.5864525895949706
2022-11-21,176.1869582865418,177.64136014621388,173.9614400049831,177.3778076171875,644500,JBHT,176.29189151373157,176.1993722396554,177.64136014621388,173.9614400049831,165.1648431729504,168.53260446882462,3.945161102314131,3.549814310127413,0.395346792186718
2022-11-22,178.3441673562965,178.51985912310113,172.15564977274764,172.65347290039062,1381200,JBHT,175.41828728813397,176.2456318766935,178.51985912310113,172.15564977274764,165.3396339739445,168.74802451592836,3.4510413906218105,3.530059726226293,-0.07901833560448246
2022-11-23,172.65346680820826,177.1142591623536,172.65346680820826,176.05030822753906,530800,JBHT,174.6178752515773,175.83195958241373,177.1142591623536,172.65346680820826,165.5057189734501,168.9513115110363,3.2955550740471438,3.4831587957904633,-0.18760372174331952
2022-11-25,177.06546308628967,178.34417330659556,174.64472655528786,178.23680114746094,254800,JBHT,177.0727910239085,175.2249174169955,178.34417330659556,174.64472655528786,165.65673154746574,169.16088135058544,3.3106002147981144,3.4486470795919937,-0.1380468647938793
2022-11-28,177.42662813032464,179.5740563706768,171.32597125762996,171.98971557617188,647500,JBHT,175.07909283370083,176.148854220452,179.5740563706768,171.32597125762996,165.89592064675696,169.31415244757645,2.786317071924117,3.3161810780584187,-0.5298640061343018
2022-11-29,172.47776064764918,175.90389893107942,171.79449008636917,175.53297424316406,581200,JBHT,173.92728097706546,175.6139735270764,175.90389893107942,171.79449008636917,166.1035534314749,169.44553349856585,2.626454137729638,3.178235689992663,-0.5517815522630247
2022-11-30,175.08397232368887,180.5599226963081,172.35088987625656,179.4959716796875,1048700,JBHT,176.87268914398527,174.77062725207094,180.5599226963081,172.35088987625656,166.37710560345727,169.612125199401,2.78741084647109,3.1000707212883487,-0.31265987481725865
2022-12-01,179.38856492799385,180.10111736480206,176.21622386863774,178.44174194335938,493500,JBHT,178.53691202619825,175.8216581980281,180.10111736480206,175.8216581980281,166.69032097871212,169.8015773341502,2.797653065561775,3.0395871901430342,-0.24193412458125918
2022-12-02,176.02101534616378,179.33976636791903,174.6251774598427,178.5100860595703,400400,JBHT,177.12401130837395,177.17928511211318,179.33976636791903,174.6251774598427,167.0283483002318,169.99871283160223,2.7792474622614805,2.9875192445667236,-0.20827178230524312
2022-12-05,176.81164618095966,177.094710056831,173.04388056058076,173.39527893066406,596200,JBHT,175.08637893225887,177.15164821024356,177.15164821024356,173.04388056058076,167.39700142731374,170.16313269921937,2.3251359797372686,2.855042591600833,-0.5299066118635642
2022-12-06,172.61442699923802,174.2542913567668,171.39429559108768,173.44412231445312,643600,JBHT,172.9267840653864,176.11901357125123,176.11901357125123,171.39429559108768,167.70595683075788,170.25538510192789,1.9467496923668648,2.6733840117540395,-0.7266343193871747
2022-12-07,173.38554757439735,174.13713775112367,171.68711939829194,172.0873260498047,452900,JBHT,172.82428269340443,174.52289881831882,174.52289881831882,171.68711939829194,167.9987424793336,170.3463209830891,1.5198735578754565,2.442681920978323,-0.9228083631028663
2022-12-08,172.1947016253793,174.9668364922711,171.33572438441163,173.6588592529297,463300,JBHT,173.03903043874794,173.67359075586162,174.9668364922711,171.33572438441163,168.2441644181285,170.40751179320415,1.2934704196157725,2.2128396207058127,-0.9193692010900403
2022-12-09,173.21957852030403,175.40604391875098,172.67294727651384,173.72714233398438,628700,JBHT,173.7564280123883,173.3563105973048,175.40604391875098,172.67294727651384,168.5038852338726,170.47662958127145,1.1067957232330343,1.991630841211257,-0.8848351179782228
2022-12-12,174.56662682995562,182.67805756398505,174.38116448392046,182.4438018798828,1072600,JBHT,178.517412689436,173.55636930484656,182.67805756398505,173.55636930484656,168.95440289073994,170.5806290629883,1.6432736231959097,1.9219593976081877,-0.27868577441227793
2022-12-13,190.07691145154902,190.77970820230786,178.34414075608296,179.8473358154297,1068500,JBHT,184.7620240563424,176.03689099714126,190.77970820230786,176.03689099714126,169.52659903661052,170.74435412610845,1.8377388032310193,1.905115278732754,-0.06737647550173476
2022-12-14,180.38421587279376,185.26474111343114,180.38421587279376,182.79519653320312,840600,JBHT,182.20709234805545,180.39945752674183,185.26474111343114,180.38421587279376,169.93551677079816,170.88070850764322,2.2043116505084868,1.9649545530879007,0.23935709742058608
2022-12-15,180.42326450357464,181.20415156844513,176.23578014565683,177.0361785888672,514000,JBHT,178.72484370163593,181.30327493739864,181.30327493739864,176.23578014565683,170.26505129487023,171.01182542973635,2.006983399676159,1.9733603224055525,0.033623077270606316
2022-12-16,174.70328101072667,176.68477310848496,173.6588563322806,174.38116455078125,1118100,JBHT,174.8570187505684,180.0140593195173,180.0140593195173,173.6588563322806,170.52385159716917,171.10798030702006,1.617713896416916,1.9022310372078253,-0.2845171407909093
2022-12-19,174.97655981011545,177.26065660610845,174.01022548698268,175.2401123046875,830000,JBHT,175.3718885519735,177.43553903504284,177.43553903504284,174.01022548698268,170.8825369732148,171.15310138450852,1.362815230113256,1.7943478757889115,-0.43153264567565564
2022-12-20,174.49830447333582,174.58615035349138,170.61339563907177,171.8042449951172,743300,JBHT,172.87552386525402,176.4037137935082,176.4037137935082,170.61339563907177,171.18842260596233,171.11957846390658,0.873491358825703,1.61017657239627,-0.736685213570567
2022-12-21,174.14689580761646,175.68914348768283,171.55045294519405,173.7174072265625,436500,JBHT,173.77597486676396,174.6396188293811,175.68914348768283,171.55045294519405,171.48982239024744,171.08954602363283,0.6327805680595588,1.414697371528928,-0.7819168034693691
2022-12-22,172.0482618609644,172.87795706826455,169.04185667501056,172.22396850585938,443400,JBHT,171.54801102752472,174.20779684807252,174.20779684807252,169.04185667501056,171.70206397971523,171.05564583698404,0.31784360534555844,1.1953266182922542,-0.8774830129466957
2022-12-23,172.3899000293698,173.5124147916381,170.89646061089678,173.12197875976562,371800,JBHT,172.48018854791758,172.87790393779864,173.5124147916381,170.89646061089678,171.96707986448618,171.0412690663527,0.13911211799981515,0.9840837182337664,-0.8449716002339512
2022-12-27,173.60027171505556,174.6837488078185,170.867174869924,173.96142578125,354400,JBHT,173.27815529351201,172.6790462428581,174.6837488078185,170.867174869924,172.21898887426659,171.02390779665038,0.06445943740004623,0.8001588620670224,-0.7356994246669761
2022-12-28,174.1273603037929,174.99609310788338,170.18390288484426,170.29127502441406,240200,JBHT,172.39965783023365,172.97860076818506,174.99609310788338,170.18390288484426,172.42869102447148,170.98037963302812,-0.28753926945447006,0.5826192357627239,-0.870158505217194
2022-12-29,170.93551450527963,174.34212654978683,170.60364235722278,172.5460968017578,362400,JBHT,172.10684505351176,172.68912929920936,174.34212654978683,170.60364235722278,172.58900855781962,170.8934629088502,-0.38017310860419684,0.39006076688933977,-0.7702338754935366
2022-12-30,171.64809710819677,172.05805948514404,167.93889454805807,170.19369506835938,459000,JBHT,170.45968655243956,172.39798717636057,172.39798717636057,167.93889454805807,172.7070834794753,170.79158409459123,-0.63607299996292,0.18483401351888784,-0.8209070134818078
2023-01-03,171.46260208263664,171.5797299125424,166.52351333254677,168.47572326660156,578700,JBHT,169.51039214858184,171.42883686440007,171.5797299125424,166.52351333254677,172.90647181233183,170.6463251349893,-0.9663618562962881,-0.04540516044414736,-0.9209566958521408
2023-01-04,166.80659253547535,172.54609503472648,165.66455140649435,170.79885864257812,801600,JBHT,168.9540244048186,170.46961450649096,172.54609503472648,165.66455140649435,173.11469454080336,170.45764685280903,-1.0288011655246407,-0.24208436146024606,-0.7867168040643947
2023-01-05,168.1536012017962,168.39762743537057,164.22965519555012,165.15695190429688,1033000,JBHT,166.48445893425344,169.7118194556548,169.7118194556548,164.22965519555012,173.20049334079962,170.23295252190292,-1.5160632568282608,-0.49688014053384905,-1.0191831162944118
2023-01-06,165.8500127772034,172.3606316795688,165.8304865058142,171.83352661132812,765500,JBHT,168.96866439347863,168.09813919495411,172.3606316795688,165.8304865058142,173.32974342492912,170.02942446700558,-1.3479399812849806,-0.6670921086840754,-0.6808478726009052
2023-01-09,169.71535917926118,176.46024781087635,169.71535917926118,173.39527893066406,648800,JBHT,172.3215612750157,168.5334017942164,176.46024781087635,168.5334017942164,173.49898146600614,169.8557981403192,-1.0762740962680368,-0.7489285062008677,-0.3273455900671691
2023-01-10,173.39529248642805,173.63931873766958,170.39865786615562,171.18930053710938,444900,JBHT,172.15564240684066,170.42748153461605,173.63931873766958,170.39865786615562,173.66017774761175,169.72571991228918,-1.0271407066805693,-0.804570946296808,-0.2225697603837613
2023-01-11,172.47774673647626,176.80189953656495,171.5894876313641,176.36264038085938,688600,JBHT,174.30794357131617,171.29156197072837,176.80189953656495,171.29156197072837,173.8807309398076,169.6160691265927,-0.5642524998763463,-0.7565072570127157,0.19225475713636941
2023-01-12,176.43097546600674,177.16305420238024,172.96579980166965,175.3572540283203,577900,JBHT,175.47927087459422,172.79975277102227,177.16305420238024,172.79975277102227,174.08464057432957,169.51630587153227,-0.27536233178642533,-0.6602782719674577,0.38491594018103237
2023-01-13,172.7315588029244,173.42458505812058,170.88672082640684,172.57537841796875,562200,JBHT,172.40456077635514,174.13951182280823,174.13951182280823,170.88672082640684,174.1860595687072,169.4124527155017,-0.26780185183761773,-0.5817829879414897,0.313981136103872
2023-01-17,172.84866113527713,173.75643156227184,171.1990414363169,172.07752990722656,1205500,JBHT,172.4704160102731,173.27203629958169,173.75643156227184,171.1990414363169,174.3176187810467,169.30555791888423,-0.29854093704418005,-0.5251345777620279,0.22659364071784782
2023-01-18,172.77060148838754,182.63902457594915,172.77060148838754,180.59896850585938,2156000,JBHT,177.1947990146459,172.8712261549274,182.63902457594915,172.77060148838754,174.59595547438855,169.2381407204279,0.3605507896740221,-0.3479975042748179,0.70854829394884
2023-01-19,179.30075392981402,184.75717803851532,178.27584056323693,180.41351318359375,1747600,JBHT,180.68682142879,175.03301258478666,184.75717803851532,175.03301258478666,174.86365255877618,169.20118886113778,0.858030198977076,-0.10679196362443912,0.9648221626015151
2023-01-20,182.2192643376454,184.9914137064111,179.9547086058162,184.58145141601562,878300,JBHT,182.9367095164721,177.85991700678835,184.9914137064111,177.85991700678835,175.09196355128213,169.2186269203642,1.570500248180025,0.2286664787364537,1.3418337694435714
2023-01-23,184.68882714090486,191.21895685129454,183.73223355056768,188.99343872070312,863800,JBHT,187.15836406586754,180.39831326163022,191.21895685129454,180.39831326163022,175.35287585343826,169.3556970046219,2.4627592426795957,0.6754850315250821,1.7872742111545135
2023-01-24,188.43706972800467,191.3165764456724,185.5673186982508,187.29502868652344,759400,JBHT,188.15399838961284,183.77833866374888,191.3165764456724,183.77833866374888,175.72018384978318,169.53385982392354,2.9982712243309777,1.1400422700862614,1.8582289542447163
2023-01-25,185.49898767385037,185.7137319654164,182.28760877681725,184.10316467285156,655900,JBHT,184.4008732722339,185.96616852668086,185.96616852668086,182.28760877681725,175.90920630228243,169.6792140494213,3.1290419299548944,1.537842202059988,1.5911997278949064
2023-01-26,185.47946491383678,185.63563038469806,179.2811925856724,184.2105255126953,525400,JBHT,183.6517033492256,185.1835208994574,185.63563038469806,179.2811925856724,175.95498498830221,169.83170752865678,3.204403410987311,1.8711544438454526,1.3332489671418584
2023-01-27,182.99041972321072,189.6376929053026,182.99041972321072,187.031494140625,702800,JBHT,185.66250662308727,184.4176121243415,189.6376929053026,182.99041972321072,176.0232148832257,170.01375474917106,3.451964423015795,2.1873164396795213,1.2646479833362738
2023-01-30,185.65518237739062,185.95777256772027,181.1162997340829,181.35055541992188,582800,JBHT,183.51995252477892,185.04005937371437,185.95777256772027,181.1162997340829,176.0043271955579,170.21155044318056,3.1534035581613296,2.380533863375883,0.7728696947854465
2023-01-31,181.3603275450989,184.64979691129827,180.96987657507808,184.5326690673828,689400,JBHT,182.8781675247145,184.28000594924663,184.64979691129827,180.96987657507808,176.0753388684446,170.39993372244967,3.13739595149832,2.5319062810003707,0.6054896704979491
2023-02-01,185.3720891051118,192.4781317378211,183.60534158132867,191.27752685546875,991700,JBHT,188.1832723199326,183.57908673698057,192.4781317378211,183.57908673698057,176.37993192676223,170.63401633260995,3.6271519128318914,2.750955407366675,0.8761965054652165
2023-02-02,192.4976690191388,195.8457019401994,191.4239475870372,192.6343231201172,813800,JBHT,193.10041041662316,185.88117952845658,195.8457019401994,185.88117952845658,176.73045143771083,170.88467300219122,4.077763243673928,3.0163169746281255,1.0614462690458026
2023-02-03,189.862182980084,193.76660307862883,187.92949920167487,193.1614227294922,746000,JBHT,191.17992699746998,189.49079497253987,193.76660307862883,187.92949920167487,177.0282121473856,171.09652766016802,4.426383904840236,3.298330360670548,1.128053544169688
2023-02-06,191.7655929874561,193.25903243138973,191.0627962027603,192.3707733154297,530800,JBHT,192.11454873425896,190.3353609850049,193.25903243138973,190.3353609850049,177.36213737630808,171.3508856751263,4.586004880930318,3.5558652647225024,1.0301396162078156
2023-02-07,193.09311238539158,195.48456683163192,191.46300380917404,195.12339782714844,615900,JBHT,193.79102021333648,191.22495485963194,195.48456683163192,191.22495485963194,177.7456002755433,171.6256596244967,4.878384468477833,3.820369105473569,1.0580153630042641
2023-02-08,194.830560207557,195.17218801447314,192.08769269924048,193.00523376464844,614200,JBHT,193.77391867147978,192.50798753648422,195.17218801447314,192.08769269924048,178.07962282849473,171.86817718798025,4.882892317342936,4.032873747847442,0.8500185694954938
2023-02-09,194.87356802598845,194.87356802598845,186.91116106348255,187.13613891601562,551000,JBHT,190.94860900786875,193.14095310398199,194.87356802598845,186.91116106348255,178.39701315197806,172.1464668993675,4.362588708815338,4.098816740041022,0.2637719687743161
2023-02-10,185.17978620158286,187.31223249838519,184.69069479439432,186.441650390625,558000,JBHT,185.90609097124684,192.04478105592537,192.04478105592537,184.69069479439432,178.6365893518617,172.3700713916683,3.84982652678886,4.049018697390589,-0.19919217060172922
2023-02-13,186.05036156435992,187.7817492622863,185.83516015892798,187.6741485595703,543500,JBHT,186.83535488628613,188.9754360135861,188.9754360135861,185.83516015892798,178.83584266670772,172.6064741350825,3.50253604976902,3.9397221678662757,-0.4371861180972556
2023-02-14,186.97963586933068,190.3934992077055,184.62222666979824,190.10983276367188,611400,JBHT,188.02629862762657,187.90539544993612,190.3934992077055,184.62222666979824,179.0256303987363,172.8579756887242,3.384827025083297,3.82874313930968,-0.4439161142263832
2023-02-15,187.95781636404104,189.20011268153849,186.64705501298204,188.20236206054688,572500,JBHT,188.0018365297771,187.96584703878136,189.20011268153849,186.64705501298204,179.24318690316434,173.13576760169806,3.1018684223015214,3.6833681959080486,-0.5814997736065273
2023-02-16,184.9743759780123,186.92095022404564,183.46796608693174,183.84945678710938,720100,JBHT,184.80318726902476,187.98384178427924,187.98384178427924,183.46796608693174,179.43752306989964,173.4172622486067,2.4975879746934027,3.4462121516651196,-0.948624176971717
2023-02-17,183.0473688547865,184.5537639369497,181.94201741357094,184.24075317382812,619600,JBHT,183.44597584478382,186.39351452665198,186.39351452665198,181.94201741357094,179.64790690548762,173.67693186812278,2.0269008631182714,3.16234989395575,-1.1354490308374787
2023-02-21,182.6560609522301,182.8223502288279,179.4378462681729,179.98562622070312,591000,JBHT,181.2254709174835,184.9197451857179,184.9197451857179,179.4378462681729,179.8159306699692,173.90733657465137,1.2955899975252692,2.788997914669654,-1.4934079171443848
2023-02-22,180.875786383239,182.11806780120776,178.01949437855808,178.59661865234375,618600,JBHT,179.90249180383714,183.0726080516007,183.0726080516007,178.01949437855808,179.95319989727096,174.09868215769973,0.5970570632168801,2.350609744379099,-1.753552681162219
2023-02-23,179.6726205805996,181.91266768874786,178.02928054003985,180.9149169921875,477200,JBHT,180.1323714503937,181.48754992771893,181.91266768874786,178.02928054003985,180.08071876603108,174.29230199995186,0.227904836231005,1.9260687627494804,-1.6981639265184754
2023-02-24,178.05859404121972,180.3084172156024,177.4032134293831,179.53564453125,371800,JBHT,178.8264673043638,180.8099606890563,180.8099606890563,177.4032134293831,180.08689985832964,174.5206513745348,-0.17394163292081544,1.5060666836154213,-1.6800083165362367
2023-02-27,181.3942408723288,181.91267661956834,179.34984217654358,180.01499938964844,343500,JBHT,180.6679397645223,179.81821399671006,181.91267661956834,179.34984217654358,180.00501817249327,174.7658086045519,-0.44855723534220715,1.1151418998238956,-1.5636991351661027
2023-02-28,179.38895401255974,180.30844828866168,175.82836900089828,176.84567260742188,1174900,JBHT,178.09286097738539,180.24307688061617,180.30844828866168,175.82836900089828,179.92273354507984,174.929125157939,-0.9114239351338256,0.7098287328323514,-1.621252667966177
2023-03-01,176.11202852372173,178.8802876982308,174.8208349614748,178.17599487304688,702100,JBHT,176.99728651411854,179.16796892900078,179.16796892900078,174.8208349614748,179.88818240132952,175.0766168480999,-1.157559613950525,0.3363510634757761,-1.4939106774263011
2023-03-02,177.03154233037662,182.74414198003046,174.8404221217466,181.79530334472656,564700,JBHT,179.10285244422005,178.08262772155967,182.74414198003046,174.8404221217466,179.97309907520253,175.24847533618583,-1.0484896310780414,0.0593829245650126,-1.107872555643054
2023-03-03,182.23546036746242,182.96909747447646,179.8095711795172,182.5680389404297,500100,JBHT,181.89554199047143,178.59274008288986,182.96909747447646,178.59274008288986,180.10357214397249,175.49305455859366,-0.8894446154258162,-0.13038258343315315,-0.7590620319926631
2023-03-06,181.57029461041165,184.1722645559935,181.16925098830228,181.433349609375,454900,JBHT,182.0862899410206,180.24414103668065,184.1722645559935,180.24414103668065,180.2877874654878,175.73810503572508,-0.8452171040396763,-0.2733494875544578,-0.5718676164852186
2023-03-07,180.73883808088382,180.73883808088382,176.16093486745825,177.08042907714844,784200,JBHT,178.67976002659358,181.1652154888506,181.1652154888506,176.16093486745825,180.3858631686844,175.93784277946594,-1.1481753400938146,-0.4483146580623292,-0.6998606820314854
2023-03-08,176.513086024954,180.36712870514282,176.513086024954,179.58457946777344,649500,JBHT,178.24447005570605,179.92248775772208,180.36712870514282,176.513086024954,180.519792349248,176.11092816448163,-1.1726898774642223,-0.5931897019427078,-0.5795001755215144
2023-03-09,180.0149878955679,182.0300421695175,175.64250938132815,175.69142150878906,614600,JBHT,178.34474023880065,179.08347890671405,182.0300421695175,175.64250938132815,180.6370833830657,176.30208162377596,-1.489097743898867,-0.7723713103339397,-0.7167264335649274
2023-03-10,175.96528005293257,176.40545926961536,171.2308795084791,171.6221466064453,783600,JBHT,173.8059413593681,178.71410957275737,178.71410957275737,171.2308795084791,180.6476391043828,176.43331398932466,-2.0446403922167065,-1.026825126710493,-1.0178152655062134
2023-03-13,169.74405826359555,171.96453737495247,168.0224619274374,169.7636260986328,840600,JBHT,169.87367091615454,176.26002546606273,176.26002546606273,168.0224619274374,180.59711936610123,176.51290519528638,-2.604851904858549,-1.3424304823401043,-1.2624214225184447
2023-03-14,172.01346680625184,173.60789476391392,161.09694219515876,164.6477508544922,1674800,JBHT,167.84151365495416,173.06684819110865,173.60789476391392,161.09694219515876,180.51181273813006,176.55041064797481,-3.42218314472467,-1.7583810148170176,-1.6638021299076524
2023-03-15,162.68158480254056,167.1029753933205,160.79369909655483,165.08792114257812,1222900,JBHT,163.9165451087485,170.4541809230314,170.4541809230314,160.79369909655483,180.38094990925626,176.54401669436578,-3.9884298407870062,-2.2043907800110154,-1.7840390607759908
2023-03-16,164.882496807548,168.9419645413311,163.52282325957862,167.9442138671875,701400,JBHT,166.3228746189113,167.18536301588995,168.9419645413311,163.52282325957862,180.31719955866288,176.61183568549734,-4.158765811627262,-2.5952657863342647,-1.5635000252929974
2023-03-17,167.89527194771165,168.41370756585678,162.48592300677618,163.84559631347656,1179100,JBHT,165.6601247084553,166.75411881740064,168.41370756585678,162.48592300677618,180.25132156473555,176.68300805276948,-4.571781823702679,-2.9905689938079476,-1.5812128298947314
2023-03-20,164.08038305919592,164.82379659038008,161.29255619695735,162.04576110839844,719500,JBHT,163.06062423873294,166.20712176292795,166.20712176292795,161.29255619695735,180.18284487082516,176.6916691058124,-4.986846387144595,-3.3898244724752775,-1.5970219146693179
2023-03-21,164.1782182951537,167.07364631605324,164.1782182951537,166.66281127929688,631000,JBHT,165.52322354641439,164.63387300083045,167.07364631605324,164.1782182951537,180.11393605388392,176.7218397394065,-4.886897568377606,-3.6892390916557436,-1.197658476721862
2023-03-22,166.03674775342637,168.31591538490986,163.21957661650524,163.3565216064453,560100,JBHT,165.2321903403217,165.0785482736224,168.31591538490986,163.21957661650524,179.97214863519,176.73556505059804,-5.016648552438625,-3.95472098381232,-1.0619275686263046
2023-03-23,164.08041311102198,166.6725919535019,161.97731081677458,162.33924865722656,714500,JBHT,163.76739113463125,165.15536930697203,166.6725919535019,161.97731081677458,179.80438360974583,176.73228067867876,-5.142285501114259,-4.192233887272708,-0.9500516138415511
2023-03-24,161.21430162645396,162.89677720257137,160.08939739950924,162.47616577148438,535600,JBHT,161.66916050000475,164.46138022080163,164.46138022080163,160.08939739950924,179.55160794831963,176.7161694440636,-5.171195300778436,-4.388026169973854,-0.7831691308045823
2023-03-27,164.33471474033962,166.23239181060188,163.17067478945387,165.57701110839844,541000,JBHT,164.82869811219845,163.0652703604032,166.23239181060188,163.0652703604032,179.33859649307166,176.71161853370063,-4.88755354656459,-4.487931645292001,-0.3996219012725888
2023-03-28,165.22487241586487,167.87573963927142,165.22487241586487,167.56272888183594,554700,JBHT,166.47205333820926,163.9469842363008,167.87573963927142,163.9469842363008,179.21994634430877,176.703002956508,-4.451223648412679,-4.480590045916137,0.029366397503458153
2023-03-29,169.35280283201436,169.46040354333462,166.4769428438966,167.3279571533203,591100,JBHT,168.15452659314147,165.20951878725504,169.46040354333462,165.20951878725504,179.13362855596608,176.7256236685064,-4.077371773236109,-4.399946391380132,0.32257461814402255
2023-03-30,168.98105680889864,168.98105680889864,165.72370671577454,166.0465087890625,388800,JBHT,167.4330822806586,166.68202269019827,168.98105680889864,165.72370671577454,178.93839422128636,176.76717484783745,-3.840225908372048,-4.288002294778515,0.447776386406467
2023-03-31,167.42578393236124,172.05258473708253,167.18123821439247,171.63197326660156,874000,JBHT,169.57289503760944,167.05755248542843,172.05258473708253,167.05755248542843,178.71611569346277,176.78988412611946,-3.165100490018176,-4.063421933826447,0.8983214438082712
2023-04-03,170.75160250441974,171.6026168405131,168.23768024426124,169.636474609375,492700,JBHT,170.05709354964227,168.31522376151895,171.6026168405131,168.23768024426124,178.45852337412617,176.77524346270417,-2.759271630744564,-3.802591873210071,1.0433202424655068
2023-04-04,169.86143768460119,169.92014119049492,166.8290799523674,167.4062042236328,580700,JBHT,168.5042157627741,169.1861586555806,169.92014119049492,166.8290799523674,178.0854404080643,176.71915813075128,-2.5877831634441577,-3.5596301312568883,0.9718469678127306
2023-04-05,166.829106831968,168.0714033705564,164.56950658225549,166.54542541503906,621900,JBHT,166.50386054995474,168.84518720917737,168.84518720917737,164.56950658225549,177.65243765127113,176.68631075052716,-2.4926018115331487,-3.3462244673121404,0.8536226557789917
2023-04-06,166.3106275990074,167.2007625164345,165.32265351489298,166.32040405273438,562700,JBHT,166.28861192076732,167.67452387956604,167.67452387956604,165.32265351489298,177.29019242424184,176.59969936326212,-2.4075742306866346,-3.1584944199870395,0.7509201893004049
2023-04-10,164.92163290741829,170.43858353176506,164.14886010479253,170.34075927734375,513500,JBHT,167.4624589553299,166.98156790016668,170.43858353176506,164.14886010479253,176.9664075363639,176.46069626233307,-1.992808339106574,-2.9253572038109468,0.9325488647043727
2023-04-11,171.0743985955493,172.942731427335,170.87876501009055,171.69065856933594,551100,JBHT,171.6466384005777,167.2220134277483,172.942731427335,167.2220134277483,176.68609017191372,176.3546525275697,-1.5374549666942698,-2.6477767563876116,1.1103217896933417
2023-04-12,172.49275316015132,172.79598744315712,170.91787823876976,171.64173889160156,414400,JBHT,171.96208943341995,169.434325914163,172.79598744315712,169.434325914163,176.45493291008654,176.22963005282222,-1.1670781965985384,-2.351637044429797,1.1845588478312585
2023-04-13,171.89607105509518,172.5123310376476,169.03000241893648,170.81028747558594,649300,JBHT,171.0621729968163,170.69820767379147,172.5123310376476,169.03000241893648,176.21861301952856,176.14697594398658,-0.9299235387231022,-2.067294343288458,1.1373708045653559
2023-04-14,170.16469962076098,174.0480719053971,170.16469962076098,172.91339111328125,614900,JBHT,171.8227155650501,170.8801903353039,174.0480719053971,170.16469962076098,175.89140188443093,176.13566690559657,-0.5657522369393178,-1.7669859220186301,1.2012336850793124
2023-04-17,173.40245817872616,173.57852390717653,170.35051788596272,172.7959747314453,1328000,JBHT,172.5318686758277,171.351452950177,173.57852390717653,170.35051788596272,175.48003104961504,176.10524124366293,-0.2833520709937716,-1.4702591518136585,1.186907080819887
2023-04-18,172.619946322795,176.1120516916648,170.21360969921,171.103759765625,2120900,JBHT,172.5123418698237,171.94166081300233,176.1120516916648,170.21360969921,175.10667934706208,176.06744574722387,-0.19386080354067303,-1.2149794821590614,1.0211186786183883
2023-04-19,170.58532425839473,174.90889111148232,169.7636541616206,174.5176239013672,1051800,JBHT,172.4438733582162,172.22700134141303,174.90889111148232,169.7636541616206,174.71326583954124,176.03770160792465,0.15079371943525643,-0.9418248418401979,1.0926185612754544
2023-04-20,173.18727617073984,179.34983109643684,173.18727617073984,176.6109161376953,1271000,JBHT,175.58382489390294,172.3354373498146,179.34983109643684,172.3354373498146,174.34912193315256,176.0473611043479,0.5860900201697916,-0.6362418694382,1.2223318896079918
2023-04-21,177.02174930019322,177.86298713749645,169.98861231027763,172.57101440429688,1380600,JBHT,174.36109078806604,173.95963112185876,177.86298713749645,169.98861231027763,173.96086537548425,176.02024410198948,0.598183678534923,-0.38935675984357543,0.9875404383784985
2023-04-24,173.03076153200246,174.27305791490173,172.14061156764606,172.57101440429688,625000,JBHT,173.00386135471177,174.1603609549624,174.27305791490173,172.14061156764606,173.60197042242115,175.99949178719962,0.6008418589801465,-0.19131703607883105,0.7921588950589775
2023-04-25,170.49725066401476,170.7907084644735,166.74103261061734,168.78543090820312,783000,JBHT,169.2036056618272,173.5821111548371,173.5821111548371,166.74103261061734,173.26792071623277,175.95225503404723,0.2940934096806984,-0.09423494692692516,0.38832835660762355
2023-04-26,166.60407748936726,167.02468886791982,160.8034465654674,162.00660705566406,1028900,JBHT,164.10970499460464,171.39285840833213,171.39285840833213,160.8034465654674,172.8134077183991,175.82462519255344,-0.49034894093801995,-0.17345774572914413,-0.3168911952088758
2023-04-27,163.15110474828467,167.06383599873553,162.15336902605705,166.35955810546875,654600,JBHT,164.6819669696365,167.75128170146837,167.75128170146837,162.15336902605705,172.3465210852393,175.68607574198776,-0.7521085456726553,-0.28918790571784636,-0.4629206399548089
2023-04-28,166.2323835627872,172.091688846258,165.8411014963357,171.4656524658203,966900,JBHT,168.9077065928003,166.21662433555244,172.091688846258,165.8411014963357,171.96463848649978,175.60391269483208,-0.5412960528791757,-0.3396095351501123,-0.20168651772906343
2023-05-01,171.43634138363228,172.9329601287267,171.18201918559035,172.6199493408203,532700,JBHT,172.0428175096924,167.56216546417636,172.9329601287267,167.56216546417636,171.70943109131312,175.57347708060638,-0.27788029154095284,-0.3272636864282804,0.04938339488732757
2023-05-02,172.1405904330335,172.1405904330335,168.34525163902921,171.47543334960938,552200,JBHT,171.0254664636764,169.8024914869344,172.1405904330335,168.34525163902921,171.46102090369098,175.55446390458928,-0.1596341155287746,-0.29373777224837927,0.13410365671960467
2023-05-03,171.85694339522522,174.86974829579597,170.58530273397545,171.12330627441406,506300,JBHT,172.10882517485268,170.41397897530538,174.86974829579597,170.41397897530538,171.27868798883836,175.54730932940376,-0.09326181706725833,-0.2536425812121551,0.16038076414489677
2023-05-04,170.82984680461007,172.38515390361962,169.66580686259783,171.15264892578125,568600,JBHT,171.0083641241522,171.26140207507905,172.38515390361962,169.66580686259783,171.10080543524467,175.52700266625783,-0.03785719147333566,-0.21048550326439122,0.17262831179105556
2023-05-05,171.5047760126454,175.77942967101802,171.03525249197642,175.2120819091797,532500,JBHT,173.38288502120488,171.13488309961562,175.77942967101802,171.03525249197642,170.96581570666086,175.523267236346,0.32981182373856655,-0.10242603786379967,0.4322378616023662
2023-05-08,176.47398067716824,176.68918210936837,173.69594482171308,174.4002227783203,453800,JBHT,175.3148325966425,172.25888406041025,176.68918210936837,172.25888406041025,170.89558301250648,175.49124143541806,0.549349362839024,0.02792904227676507,0.521420320562259
2023-05-09,173.79372453417753,174.15564736942366,171.38740336737175,172.07212829589844,555600,JBHT,172.85222589171786,173.78685832852636,174.15564736942366,171.38740336737175,170.73926873505036,175.3721434537718,0.5293743779201066,0.12821810940543338,0.4011562685146732
2023-05-10,173.70568963106683,174.13609241705475,170.3603065116387,172.75685119628906,487100,JBHT,172.73973493901232,173.31954211012211,174.13609241705475,170.3603065116387,170.63220621428292,175.27746987968138,0.562313474348997,0.21503718239414613,0.3472762919548509
2023-05-11,174.17860256035485,174.88457422717937,172.1489452393327,172.9039306640625,565100,JBHT,173.52901317273233,173.02963852456722,174.88457422717937,172.1489452393327,170.5628407474552,175.22551157439233,0.5934451630048727,0.29071877851629147,0.30272638448858125
2023-05-12,173.2569408232675,174.29628398939036,171.35473995177472,172.58038330078125,558400,JBHT,172.87208701630345,173.27932584864976,174.29628398939036,171.35473995177472,170.4382254388969,175.2056622570497,0.5852631332512317,0.3496276494632795,0.23563548378795218
2023-05-15,172.7470508249325,172.7470508249325,170.63895047103608,172.11952209472656,477700,JBHT,172.0631435539069,173.0757064324766,173.0757064324766,170.63895047103608,170.24157747016554,175.172574807069,0.5354191888501418,0.386785957340652,0.14863323150948982
2023-05-16,171.2272769126458,171.97246265527585,167.56994652161816,167.69741821289062,636100,JBHT,169.61677607560762,172.56942499319177,172.56942499319177,167.56994652161816,169.9921871928573,175.13998732917258,0.1375055986589473,0.3369298856043111,-0.1994242869453638
2023-05-17,168.62890286586088,169.3054603583581,165.89327361518312,168.76617431640625,755300,JBHT,168.14845278895208,171.0931005343997,171.0931005343997,165.89327361518312,169.7815610481045,175.08371210839448,-0.09056018139455091,0.2514318722045387,-0.34199205359908963
2023-05-18,168.77595687208546,171.05074261350873,164.72642741057396,167.364013671875,973000,JBHT,167.97928514201078,169.6207766616759,171.05074261350873,164.72642741057396,169.5762573498306,175.04802484953927,-0.38006544303561896,0.1251324091565072,-0.5051978521921261
2023-05-19,167.9425499110102,167.9425499110102,163.89301957408978,165.08924865722656,632500,JBHT,166.21684201333417,168.80003090184334,168.80003090184334,163.89301957408978,169.33369938532124,174.98539138419346,-0.7840173108114072,-0.05669753483707571,-0.7273197759743315
2023-05-22,166.37373533979138,167.16796485368928,162.883105229054,165.55992126464844,647400,JBHT,165.49618167179577,167.50843645758874,167.50843645758874,162.883105229054,169.16750419156983,174.90757164797628,-1.0540226139090976,-0.2561625506514801,-0.7978600632576175
2023-05-23,165.42262090188075,169.81532201851124,165.18729201722613,168.1974639892578,741500,JBHT,167.155674731719,166.50230906469227,169.81532201851124,165.18729201722613,169.1131442678811,174.85513181699116,-1.043151307946573,-0.4135603021104987,-0.6295910058360743
2023-05-24,166.9326174142279,166.9326174142279,163.8832162862054,164.97158813476562,640200,JBHT,165.6800098123567,166.82899189820563,166.9326174142279,163.8832162862054,169.06991419102917,174.7908634645796,-1.28008096479644,-0.586864434647687,-0.693216530148753
2023-05-25,164.72645079872802,168.13863737606283,164.34405070783245,167.63858032226562,470700,JBHT,166.21192980122223,166.25450085528115,168.13863737606283,164.34405070783245,169.1158218848786,174.7483858970674,-1.238370282530127,-0.7171656042241751,-0.521204678305952
2023-05-26,167.66798087431326,168.39356699638765,165.91286648797134,166.95220947265625,502300,JBHT,167.23165595783212,166.23321532825167,168.39356699638765,165.91286648797134,169.13399751165704,174.72559853515995,-1.2463317213783114,-0.8229988276550024,-0.42333289372330896
2023-05-30,167.13851654469477,168.95245948280512,165.2363159264934,167.91311645507812,411600,JBHT,167.31010210226785,166.7324356430419,168.95245948280512,165.2363159264934,169.1669970595333,174.7091593121344,-1.1617125569621578,-0.8907415735164336,-0.27097098344572423
2023-05-31,166.8639345666067,167.7464065095983,162.10844867053598,163.71649169921875,1407400,JBHT,165.10882036148993,167.02126887265487,167.7464065095983,162.10844867053598,169.20796098198844,174.6954029264068,-1.4169500860840003,-0.995983276029947,-0.42096681005405334
2023-06-01,164.7558911953242,166.2462777950345,163.48121903615623,166.0305633544922,357700,JBHT,165.12848784525178,166.0650446170724,166.2462777950345,163.48121903615623,169.20006626796516,174.65700116092452,-1.4161766211737756,-1.0800219450587127,-0.3361546761150629
2023-06-02,167.04047677807296,170.46247830101024,166.2854763065291,169.22702026367188,583600,JBHT,168.25386291232104,165.5967662311621,170.46247830101024,165.5967662311621,169.26049971940517,174.61632417729757,-1.1444438496864962,-1.0929063259842695,-0.05153752370222664
2023-06-05,169.3250481792036,169.34466265804053,164.65778967261227,166.19720458984375,764800,JBHT,167.38117627492502,166.92531457174158,169.34466265804053,164.65778967261227,169.33277542221103,174.56857951597843,-1.1602004061236357,-1.1063651420121428,-0.053835264111492975
2023-06-06,165.52066011600203,170.3546046661402,165.28534619745668,168.207275390625,478500,JBHT,167.34197159255598,167.15324542333332,170.3546046661402,165.28534619745668,169.44623164406204,174.49891979619082,-0.9989761012058125,-1.0848873338508767,0.08591123264506417
2023-06-07,168.20726936053063,172.1783561697361,167.0796686825534,171.9332275390625,634900,JBHT,169.84963043797066,167.24760850794465,172.1783561697361,167.0796686825534,169.5466502905775,174.44262339182455,-0.5640494675491823,-0.9807197605905378,0.4166702930413555
2023-06-08,171.93323574850797,172.5019210327357,168.2857203530063,168.8838348388672,746200,JBHT,170.4011779932793,168.54861947295765,172.5019210327357,168.2857203530063,169.62523278367888,174.42258956399382,-0.46012346606684673,-0.8766005016857996,0.4164770356189529
2023-06-09,168.65833026793987,169.1387878630704,166.4914011322897,166.72671508789062,617900,JBHT,167.75380858779766,169.4748987331185,169.4748987331185,166.4914011322897,169.61721842357204,174.37542348976905,-0.5455343172219216,-0.810387264793024,0.26485294757110245
2023-06-12,166.72667734674872,167.1483063575368,163.6380626869044,165.6383056640625,839100,JBHT,165.7878380138131,168.61435366045808,168.61435366045808,163.6380626869044,169.5843135382351,174.26135387976075,-0.6930594188343377,-0.7869216956012868,0.09386227676694903
2023-06-13,166.48157793924258,167.9425501722885,165.67756369606903,166.45216369628906,690000,JBHT,166.6384638759723,167.2010958371356,167.9425501722885,165.67756369606903,169.52562491500237,174.1208703042326,-0.7358205024973756,-0.7767014569805045,0.040880954483128895
2023-06-14,167.5405127695637,172.4038714160707,165.85402658289738,170.99192810058594,801800,JBHT,169.19758471727943,166.91977985655393,172.4038714160707,165.85402658289738,169.5084347383551,173.9834790562406,-0.39879090898463687,-0.7011193473813311,0.3023284383966942
2023-06-15,169.91336466771557,174.28646626939022,167.84447830932214,173.48243713378906,523700,JBHT,171.38168659505425,168.05868228691668,174.28646626939022,167.84447830932214,169.56598415500073,173.82571228153253,0.06848132686045005,-0.5471992125329749,0.6156805393934249
2023-06-16,174.52180669626952,175.76704952064227,172.31564874948702,173.23731994628906,987300,JBHT,173.96045622817195,169.72018444098546,175.76704952064227,169.72018444098546,169.71511606856507,173.6837768599181,0.4142438861195785,-0.35491059280246423,0.7691544789220428
2023-06-20,172.36464791513131,172.8254909552372,169.74667583537126,170.5507049560547,412700,JBHT,171.37187991544863,171.8403203345787,172.8254909552372,169.74667583537126,169.81678142845868,173.55348692635027,0.46610288476691153,-0.19070789728858908,0.6568107820555006
2023-06-21,168.97208087113412,173.2078961144837,168.64850926147756,172.92355346679688,661700,JBHT,170.93800992847306,171.60610012501365,173.2078961144837,168.64850926147756,169.88629244792156,173.42634999214272,0.690708501261895,-0.014424617578492263,0.7051331188403872
2023-06-22,172.8353098406913,175.1591246161586,171.59005213030684,173.13926696777344,723600,JBHT,173.18093838873256,171.27205502674337,175.1591246161586,171.27205502674337,169.91697844768464,173.30153430979917,0.8760181552744655,0.1636639369920993,0.7123542182823661
2023-06-23,171.63906855561376,172.34504020214865,169.98199663420445,171.7665252685547,2211900,JBHT,171.4331576651304,172.22649670773797,172.34504020214865,169.98199663420445,169.90639981231885,173.18066636120273,0.9017142084204579,0.31127399127777106,0.5904402171426868
2023-06-26,171.45277931532524,174.41393752332158,171.45277931532524,173.10003662109375,603100,JBHT,172.60488319376645,171.8298271864342,174.41393752332158,171.45277931532524,169.93725401625787,173.07793351789323,1.0179474723878457,0.452608687499786,0.5653387848880597
2023-06-27,173.22751911280068,178.61054985572864,172.50193289533738,175.28660583496094,696800,JBHT,174.90665192470692,172.2173551901003,178.61054985572864,172.2173551901003,169.99893274345098,172.94516731394094,1.2718400527005542,0.6164549605399396,0.6553850921606146
2023-06-28,175.57093569106095,176.00236449368208,173.65893528077635,175.3650360107422,423200,JBHT,175.14931786906538,173.5620035574036,176.00236449368208,173.5620035574036,170.05128172731574,172.7656563884654,1.4625213754842434,0.7856682435288004,0.676853131955443
2023-06-29,176.0906180943062,179.0125624520701,175.35523212479902,178.9145050048828,587100,JBHT,177.34322941901453,174.3556607132345,179.0125624520701,174.3556607132345,170.14789947829956,172.6272894126808,1.878397187733583,1.004214032369757,0.874183155363826
2023-06-30,179.20863351956444,179.20863351956444,176.4729897752113,177.50253295898438,731500,JBHT,178.09819744333114,175.84944506612453,179.20863351956444,175.84944506612453,170.26098596000185,172.4871258997715,2.0701836331252537,1.2174079525208565,0.8527756806043971
2023-07-03,176.8848232442968,180.60098185984288,175.99256635227033,178.8556671142578,310900,JBHT,178.08350964266697,176.97382125472785,180.60098185984288,175.99256635227033,170.31097965497713,172.33005079406485,2.30479415819039,1.4348851936547633,0.8699089645356266
2023-07-05,176.75736915224667,179.01255569929086,173.99231082970067,175.99256896972656,765800,JBHT,176.4387011627412,177.5286654486974,179.01255569929086,173.99231082970067,170.35253186247064,172.15669861897743,2.233945069054414,1.5946971687346936,0.6392479003197205
2023-07-06,173.49225884615743,175.72783097755087,172.48232998686413,175.55133056640625,797900,JBHT,174.31343759424468,176.9836833057193,176.9836833057193,172.48232998686413,170.37872338726132,171.9903469048412,2.1177799548618736,1.6993137259601296,0.418466228901744
2023-07-07,175.72784461885522,178.6890031833268,175.07090156938858,176.11024475097656,460600,JBHT,176.39949853063678,175.64856044998197,178.6890031833268,175.07090156938858,170.5226412446375,171.89528098043513,2.047218903424749,1.7688947614530537,0.2783241419716955
2023-07-10,175.41406013401738,178.39483296744413,175.13951723639462,177.29666137695312,518900,JBHT,176.5612679287023,176.02402949030937,178.39483296744413,175.13951723639462,170.77167250331945,171.79254011085925,2.0632488201439685,1.8277655731912368,0.2354832469527317
2023-07-11,176.99270867401853,181.87568280575397,176.99270867401853,181.7580108642578,590500,JBHT,179.40477775451222,176.29264870950584,181.87568280575397,176.29264870950584,171.06612871901697,171.70632490212813,2.4081861918298273,1.943849696918955,0.46433649491087237
2023-07-12,183.5425495738876,184.85643568462208,180.2774338188472,181.0912628173828,726600,JBHT,182.44192047368492,177.84871323200903,184.85643568462208,177.84871323200903,171.33681299663465,171.65072574156721,2.5978046736924796,2.0746406922736598,0.5231639814188198
2023-07-13,181.15986462196005,183.09147950103753,180.36565022262195,180.4833221435547,512100,JBHT,181.27507912229356,180.14531685284697,183.09147950103753,180.14531685284697,171.5214582288867,171.61544466009988,2.6682648587359665,2.1933655255661213,0.47489933316984523
2023-07-14,180.7774753811083,181.38540461822683,179.03216055752102,179.72833251953125,492500,JBHT,180.23084326909685,180.71019798757027,181.38540461822683,179.03216055752102,171.70556576499507,171.58329333434304,2.6328340381643613,2.2812592280857693,0.35157481007859204
2023-07-17,179.43416237920613,181.41480595642713,176.85540432892915,179.8067626953125,891100,JBHT,179.3777838399687,180.47052062833356,181.41480595642713,176.85540432892915,171.85094493829743,171.56481646356792,2.581327579794049,2.3412728984274254,0.24005468136662378
2023-07-18,181.7874035559804,185.0525190178616,181.40500345475823,184.50343322753906,1381100,JBHT,183.18708981403483,179.92415223415114,185.0525190178616,179.92415223415114,172.09451945209506,171.59766244366986,2.8862198548121114,2.4502622897043627,0.43595756510774875
2023-07-19,191.19055885977102,192.49464515240297,186.013442654048,191.42587280273438,2237900,JBHT,190.2811298672391,181.555621024093,192.49464515240297,181.555621024093,172.43248434901577,171.6991500278383,3.644421576510638,2.689094147065618,0.95532742944502
2023-07-20,190.9356027415294,191.3278175560931,187.5822446247031,188.30783081054688,932800,JBHT,189.5383739332181,185.91837544566604,191.3278175560931,185.91837544566604,172.71695517574724,171.80626909412683,3.9481897000998174,2.9409132576724577,1.0072764424273597
2023-07-21,186.768409113577,193.32805391079046,186.2977663142039,191.77883911132812,959300,JBHT,189.5432671124749,187.7283746894421,193.32805391079046,186.2977663142039,173.05077600016241,171.8950223676064,4.418080604967344,3.2363467271314352,1.1817338778359083
2023-07-24,190.1904064926418,195.76953661825254,189.44522082847905,194.47525024414062,883200,JBHT,192.47010354587852,188.6358209009585,195.76953661825254,188.6358209009585,173.4453833722997,172.03879479329132,4.95097857686892,3.579273097078932,1.3717054797899877
2023-07-25,194.0536412591236,196.60297015267952,193.91636981840495,195.86758422851562,750400,JBHT,195.1101413646809,190.5529622234185,196.60297015267952,190.5529622234185,173.87700593613866,172.21992334179694,5.4231392023046965,3.948046318124085,1.4750928841806115
2023-07-26,196.35784740895113,199.2209482309808,195.92643355478123,198.87777709960938,1021600,JBHT,197.59575157358063,192.8315517940497,199.2209482309808,192.8315517940497,174.37147922728423,172.40485233309056,5.971392807935018,4.352715616086272,1.6186771918487466
2023-07-27,199.04445613980775,199.91711350176507,195.53421221152306,196.2107696533203,820600,JBHT,197.67663787660405,195.21365168381516,199.91711350176507,195.21365168381516,174.8837491137382,172.56266329195188,6.1201334399022755,4.706199180849473,1.4139342590528026
2023-07-28,198.220858832767,202.19194642997812,197.52468680046422,201.5349884033203,908000,JBHT,199.8681201166324,196.4451447802096,202.19194642997812,196.4451447802096,175.48877599455867,172.74048159370798,6.591647015490253,5.083288747777629,1.508358267712624
2023-07-31,201.56439964018728,201.58399916052886,199.28959851742692,199.96615600585938,807900,JBHT,200.6010383310006,198.15663244842102,201.58399916052886,198.15663244842102,176.13782770539964,172.95969437675205,6.760798975877236,5.418790793397551,1.3420081824796855
2023-08-01,199.4464631519282,200.71132030633004,196.43627637820856,199.89749145507812,591100,JBHT,199.12288782288624,199.37883538971082,200.71132030633004,196.43627637820856,176.76069975901714,173.16847855442384,6.810801784370199,5.697192991592081,1.113608792778118
2023-08-02,198.78952845233894,201.20158590573706,198.31887068850983,200.8976287841797,530100,JBHT,199.80190345769137,199.25086160629854,201.20158590573706,198.31887068850983,177.4324009879043,173.38305018661273,6.852144833979679,5.928183360069601,0.9239614739100785
2023-08-03,200.11159797032528,205.15197448097675,199.3943562908307,204.6017608642578,953500,JBHT,202.31492240159764,199.52638253199495,205.15197448097675,199.3943562908307,178.1687758025003,173.66813999703507,7.101935311326912,6.162933750321063,0.9390015610058491
2023-08-04,204.9260076385749,205.55482537461643,202.01771623925947,202.8921661376953,944200,JBHT,203.84767884753654,200.9206524667963,205.55482537461643,200.9206524667963,178.90261588481667,174.0078800763489,7.080328438624463,6.3464126879817435,0.7339157506427192
2023-08-07,203.88451308530497,205.45656490923798,201.26116341047214,203.50132751464844,689900,JBHT,203.52589222991588,202.38416565716642,205.45656490923798,201.26116341047214,179.65953353316786,174.36472386209851,7.031306543487744,6.483391459082944,0.5479150844048002
2023-08-08,201.77208413184675,201.77208413184675,199.74807751191773,201.51663208007812,733700,JBHT,201.20221946392235,202.95502894354115,202.95502894354115,199.74807751191773,180.35933932642186,174.73758060565027,6.754446943759774,6.53760255601831,0.21684438774146386
2023-08-09,201.48717019625192,201.48717019625192,199.36490457988666,199.8758087158203,629600,JBHT,200.5537634220527,202.07862420373175,202.07862420373175,199.36490457988666,181.02578147570628,175.07988949368166,6.329668505299793,6.496015745874607,-0.16634724057481431
2023-08-10,200.5635686188097,202.8626819527447,198.06793757042828,198.88343811035156,517100,JBHT,200.09440656308357,201.3161938128922,202.8626819527447,198.06793757042828,181.6814675649226,175.42423231222793,5.845568443901442,6.365926285479975,-0.5203578415785328
2023-08-11,198.3234244672841,199.99372026200615,197.8812745576886,199.61053466796875,433100,JBHT,198.9522384887369,200.7053001879879,200.7053001879879,197.8812745576886,182.35833592746752,175.78314845472795,5.457673609010072,6.184275750185995,-0.7266021411759223
2023-08-14,199.41400272975946,199.4532972755135,197.17382382468213,198.80482482910156,648400,JBHT,198.71148716476415,199.8287693383624,199.8287693383624,197.17382382468213,183.0299959138578,176.11503109091146,5.0272985391540885,5.952880307979614,-0.9255817688255252
2023-08-15,198.00900950051195,198.12690814807365,195.53303295632756,196.05377197265625,541700,JBHT,196.93068064439237,199.27012825156328,199.27012825156328,195.53303295632756,183.6035322684992,176.43201599395218,4.413361734745308,5.644976593332753,-1.2316148585874451
2023-08-16,195.82778216598928,197.13454706510367,188.41952276677998,189.33326721191406,1535300,JBHT,192.67877980244674,198.10040444797784,198.10040444797784,188.41952276677998,184.10948433904966,176.72112988063037,3.345953753400096,5.185172025346223,-1.8392182719461267
2023-08-17,189.63786031695645,190.05052057478062,186.08111119556858,186.72958374023438,846900,JBHT,188.12476895688502,195.3895921252123,195.3895921252123,186.08111119556858,184.52514028633624,176.98568596519917,2.2638336762189795,4.6009043555207745,-2.337070679301795
2023-08-18,184.8922176384663,188.13456489216418,184.2044506433658,187.6727752685547,633300,JBHT,186.22600211063775,191.75718054104865,191.75718054104865,184.2044506433658,184.85266771978957,177.19965900518352,1.4654604763992722,3.9738155796964745,-2.5083551032972022
2023-08-21,187.49594944378575,189.0778212152391,186.23831393517412,188.2721405029297,490000,JBHT,187.77105627428216,188.99159132584322,189.0778212152391,186.23831393517412,185.2000652854096,177.41264903454422,0.8710666151641817,3.353265786790016,-2.4821991716258345
2023-08-22,188.2721544397043,189.68699823967512,186.79836131343455,187.11277770996094,577100,JBHT,187.96757292569373,188.3813238000627,189.68699823967512,186.79836131343455,185.60434057216753,177.6107794978698,0.30296195276125104,2.7432050199842632,-2.440243067223012
2023-08-23,186.78852544196505,187.52542194205293,185.5407098373342,187.22084045410156,424900,JBHT,186.76887441886345,188.1744483628782,188.1744483628782,185.5407098373342,186.02396130026855,177.80413741925184,-0.1369664607313723,2.1671707238411364,-2.3041371845725087
2023-08-24,187.2208319424669,187.66296682397927,185.89441230573274,186.05162048339844,541000,JBHT,186.70745788889434,187.47166139087082,187.66296682397927,185.89441230573274,186.425341180527,177.97548304776467,-0.5733499565924376,1.6190665877544217,-2.1924165443468593
2023-08-25,186.08110278572067,186.6313164379529,183.9195427267237,184.38133239746094,510500,JBHT,185.25332358696454,187.08955963988257,187.08955963988257,183.9195427267237,186.7464559579207,178.12744534813788,-1.0419543097026178,1.0868624082630138,-2.1288167179656314
2023-08-28,185.4031587365505,187.2601373402496,182.96649181034485,183.55601501464844,503100,JBHT,184.79645072544832,186.17144161342355,187.2601373402496,182.96649181034485,187.01475124052857,178.29036769776468,-1.4630576333072725,0.5768783999489566,-2.039936033256229
2023-08-29,183.83110357242109,187.12256532471454,183.56581665763446,185.75685119628906,713000,JBHT,185.0690841877648,185.48394616943594,187.12256532471454,183.56581665763446,187.23692379972042,178.47601993414276,-1.6007435887833878,0.14135400220248776,-1.7420975909858756
2023-08-30,185.83548190883747,187.2601455575235,185.83548190883747,186.69027709960938,437800,JBHT,186.40534661870194,185.27651517860036,187.2601455575235,185.27651517860036,187.53759313378552,178.6771872811221,-1.615913782822787,-0.2100995548025672,-1.4058142280202197
2023-08-31,186.5232361704926,186.64114980372582,183.47740633688818,184.5974884033203,1002000,JBHT,185.30982017860674,185.84093089865115,186.64114980372582,183.47740633688818,187.82502933878814,178.85566089335484,-1.7763303974257383,-0.5233457233272014,-1.2529846740985369
2023-09-01,185.91407693081763,189.09747523240515,183.84094082857533,188.38021850585938,685100,JBHT,186.80817787441435,185.57537553862895,189.09747523240515,183.84094082857533,188.0975741285018,179.00727628809324,-1.580013601286197,-0.7346792989190005,-0.8453343023671964
2023-09-05,187.66296278204314,187.76122163901712,183.71319360839658,183.84092712402344,772800,JBHT,185.74457628837007,186.19177670652164,187.76122163901712,183.71319360839658,188.3838025009666,179.1451011566427,-1.7703070068357363,-0.9418048405023477,-0.8285021663333886
2023-09-06,184.05708681538184,184.95119145106233,181.06037154822005,182.33766174316406,958600,JBHT,183.10157788945708,185.96817649744585,185.96817649744585,181.06037154822005,188.5937363948804,179.26549520556912,-2.0191414488951125,-1.1572721621809008,-0.8618692867142117
2023-09-07,182.6913817536081,184.24377883814387,179.409739621687,182.8092803955078,575100,JBHT,182.2885451522367,184.53487719345145,184.53487719345145,179.409739621687,188.74137425943104,179.37015350144102,-2.1534650486248097,-1.3565107394696827,-0.796954309155127
2023-09-08,182.99595794580986,182.99595794580986,180.58876579274735,181.40426635742188,584400,JBHT,181.99623701044723,183.4117111728441,183.4117111728441,180.58876579274735,188.8783126422587,179.46479718478722,-2.3462443158543635,-1.554457454746619,-0.7917868611077445
2023-09-11,182.15097182686728,182.8485737113286,180.35294273646872,180.95228576660156,388700,JBHT,181.57619351031656,182.70397409164565,182.8485737113286,180.35294273646872,188.9629719240847,179.5554357011921,-2.5065998080699785,-1.744885925411291,-0.7617138826586876
2023-09-12,180.56912010375876,181.41409537055245,178.13245316852505,178.73179626464844,709200,JBHT,179.71186622687117,182.1400838009811,182.1400838009811,178.13245316852505,188.9952452997555,179.6281156298787,-2.780802278673093,-1.9520691960636514,-0.8287330826094417
2023-09-13,178.83003727261897,189.67716215127095,177.98506201936237,186.04180908203125,1827300,JBHT,183.1335176313209,180.92597501392612,189.67716215127095,177.98506201936237,189.09624545952857,179.70361255725285,-2.3808082940988697,-2.037817015670695,-0.3429912784281748
2023-09-14,187.83980554667568,189.99154552209313,186.29724348172016,187.34854125976562,1507400,JBHT,187.86928395256365,182.0297463226235,189.99154552209313,182.0297463226235,189.32485711532502,179.83869448889786,-1.9360502316747557,-2.0174636588715074,0.08141342719675171
2023-09-15,187.74155622813583,191.64219575221014,186.72955302588943,190.96424865722656,1539900,JBHT,189.2693884158655,184.94951513759358,191.64219575221014,184.94951513759358,189.62397613175742,180.00134975950937,-1.277097310813673,-1.8693903892599406,0.5922930784462677
2023-09-18,191.23935690116838,193.420571487576,190.79722205088487,190.94459533691406,880900,JBHT,191.60043644413582,187.10945177672954,193.420571487576,187.10945177672954,189.9279948900274,180.22531806733244,-0.7478376255963042,-1.6450798365272135,0.8972422109309093
2023-09-19,190.80705632245287,191.31797540619422,187.70226226369726,189.08763122558594,633700,JBHT,189.72873130448255,189.35494411043268,191.31797540619422,187.70226226369726,190.19134415754303,180.48150833043124,-0.47278700217756864,-1.4106212696572846,0.937834267479716
2023-09-20,190.35510689083185,192.71316966439124,189.9522665444212,190.296142578125,956000,JBHT,190.82917141944233,189.5418377074576,192.71316966439124,189.5418377074576,190.41983203084163,180.74298037492932,-0.15549814941414297,-1.1595966456086564,1.0040984961945134
2023-09-21,189.519929973467,189.65748336973667,185.87474248402717,186.64112854003906,820300,JBHT,187.92332109181746,190.18550456344997,190.18550456344997,185.87474248402717,190.52946004320427,180.93313651991946,-0.19670602963867623,-0.9670185224146604,0.7703124927759841
2023-09-22,187.0341315714534,188.95005920652417,185.7077120590683,186.17933654785156,509100,JBHT,186.96780984622436,189.0544128276337,189.0544128276337,185.7077120590683,190.6433146576829,181.0823864432848,-0.26358784936641655,-0.8263323878050116,0.5627445384385951
2023-09-25,185.72736169885525,188.6749472074766,185.72736169885525,187.13238525390625,440900,JBHT,186.81551396477334,188.01111133692905,188.6749472074766,185.72736169885525,190.77500807159643,181.24028691829574,-0.2369576079366027,-0.7084574318313299,0.4714998238947272
2023-09-26,186.1793599286334,186.76886812535074,182.98614180510612,183.22193908691406,604800,JBHT,184.7890772365011,187.4133126508512,187.4133126508512,182.98614180510612,190.88323393952706,181.36708943891227,-0.5253375106455564,-0.6718334475941753,0.14649593694861884
2023-09-27,184.72520593527395,186.64114879493425,180.4020858757578,182.3474884033203,781600,JBHT,183.52898225232155,186.10119494367615,186.64114879493425,180.4020858757578,190.8900717882928,181.49229562019391,-0.8150461782894354,-0.7004759937332273,-0.11457018455620804
2023-09-28,182.52434469034046,184.08656158735837,180.8049196170675,183.12368774414062,744600,JBHT,182.63487840972675,184.81508859799885,184.81508859799885,180.8049196170675,190.73714675914255,181.58481555407914,-0.9708185923804251,-0.7545445134626669,-0.21627407891775818
2023-09-29,184.57781539577556,185.98282403662574,183.3201800416593,185.22628784179688,692100,JBHT,184.7767768289644,183.7249835038628,185.98282403662574,183.3201800416593,190.64191481705748,181.67943499640234,-0.9140702640930556,-0.7864496635887447,-0.1276206005043109
2023-10-02,184.07673860666648,184.8431097127919,181.02107407094212,184.1455078125,834400,JBHT,183.52160755072512,184.2508801664136,184.8431097127919,181.02107407094212,190.5214816258225,181.78612881299247,-0.945408638693948,-0.8182414586097854,-0.1271671800841626
2023-10-03,182.612789066033,184.6269759467282,181.92502195833669,183.5461883544922,781400,JBHT,183.17774383139752,183.88624385856934,184.6269759467282,181.92502195833669,190.3356344315329,181.8905089019163,-1.006996568279959,-0.8559924805438202,-0.15100408773613894
2023-10-04,184.15535075397102,184.6761047682823,180.73615500691764,184.0472869873047,576500,JBHT,183.40372437911893,183.53199384498345,184.6761047682823,180.73615500691764,190.10150609182165,181.98925601398017,-1.0037997951867226,-0.8855539434724007,-0.11824585171432189
2023-10-05,183.70339749085892,184.35187004952775,180.75581130658097,182.84860229492188,379700,JBHT,182.9149202854724,183.4678591120512,184.35187004952775,180.75581130658097,189.80788946605946,182.08968434667182,-1.085477457879989,-0.9255386463539185,-0.1599388115260706
2023-10-06,182.01344456423132,185.069109469424,181.58112953061715,183.3693389892578,305700,JBHT,183.0082556383826,183.19138969876178,185.069109469424,181.58112953061715,189.51452182129503,182.1991354675166,-1.0955595660501558,-0.959542830293166,-0.1360167357569898
2023-10-09,182.38677129002193,187.0439468115097,182.10182962777174,186.43478393554688,313200,JBHT,184.49183291621256,183.0998226685722,187.0439468115097,182.10182962777174,189.20699607728665,182.34788603592264,-0.8464367255558329,-0.9369216093456995,0.09048488378986652
2023-10-10,186.4348008621658,189.16622915631746,185.78632839147457,188.18370056152344,344600,JBHT,187.39276474287033,183.79582779239237,189.16622915631746,183.79582779239237,188.94283060552402,182.54032915546185,-0.502094293745273,-0.8499561462256142,0.3478618524803412
2023-10-11,188.79286891782405,190.50247411908254,188.2328353986409,190.37474060058594,675600,JBHT,189.47572975903336,185.59429626763136,190.50247411908254,185.59429626763136,188.74988744424695,182.75529360163208,-0.051804644125240884,-0.6903258458055396,0.6385212016802987
2023-10-12,191.10183884700263,191.68152720218976,187.5254348533585,189.51014709472656,578800,JBHT,189.95473699931938,187.53501301333236,191.68152720218976,187.5254348533585,188.55294411507955,182.99267255149192,0.23260633609683623,-0.5057394094250645,0.7383457455219007
2023-10-13,190.36494002907787,192.23173860538685,187.76124491072088,188.06582641601562,849200,JBHT,189.6059374903003,188.74487500632586,192.23173860538685,187.76124491072088,188.2987644168536,183.23377010967695,0.3375682027999005,-0.33707788698007146,0.674646089779972
2023-10-16,189.85397042597705,196.55482172994795,189.85397042597705,193.34194946289062,1028800,JBHT,192.40117801119817,189.1754062483131,196.55482172994795,189.1754062483131,188.0698344001268,183.48622514247174,0.8368436610467427,-0.10229357737470862,0.9391372384214514
2023-10-17,193.3420005317856,196.7022469587639,192.1334944026913,192.58544921875,1352400,JBHT,193.69079777799772,190.78829212975563,196.7022469587639,190.78829212975563,187.87313251108847,183.76633302212815,1.1581296141457642,0.14979106092938593,1.0083385532163782
2023-10-18,182.09201395826966,183.78196422640826,175.35186765409713,175.54837036132812,2521500,JBHT,179.1935540500258,192.23954495387667,192.23954495387667,175.35186765409713,187.43295920281054,183.8961492646162,0.037568105991454104,0.12734646994179957,-0.08977836395034547
2023-10-19,176.28527136236374,179.86167469929165,175.25361338220847,175.68592834472656,1501800,JBHT,176.7716219471476,185.71654950195125,185.71654950195125,175.25361338220847,186.95731637331244,183.99154892450937,-0.8298195396816084,-0.06408673198288202,-0.7657328076987263
2023-10-20,177.79838447141825,179.06583978609476,172.85625175336224,173.19032287597656,1240300,JBHT,175.72769972171295,181.24408572454942,181.24408572454942,172.85625175336224,186.469982236485,184.07572490070382,-1.6990197605544495,-0.39107333769719554,-1.307946422857254
2023-10-23,171.94249836260497,173.22960838016797,169.56478104145418,169.66302490234375,997800,JBHT,171.0999781716427,178.4858927231312,178.4858927231312,169.56478104145418,185.91293703014315,184.1356364788053,-2.642034931379328,-0.8412656564336222,-1.800769274945706
2023-10-24,170.7929502881236,171.2449050536564,166.40104619657677,169.65321350097656,1188800,JBHT,169.52302875983332,174.79293544738695,174.79293544738695,166.40104619657677,185.32916786204453,184.17958188795117,-3.351538496876799,-1.3433202245222575,-2.0082182723545414
2023-10-25,169.16195895092142,169.16195895092142,166.2045530577748,167.0691680908203,635000,JBHT,167.89940976260948,172.15798210361015,172.15798210361015,166.2045530577748,184.74854244440886,184.17603735645403,-4.075357864422841,-1.8897277525023743,-2.185630111920467
2023-10-26,165.24165351622864,167.45234287645627,164.14122627664048,164.84864807128906,1182200,JBHT,165.4209676851536,170.02869593310982,170.02869593310982,164.14122627664048,184.20338620206297,184.15643527055633,-4.773145485973686,-2.4664112991966367,-2.306734186777049
2023-10-27,165.5364303807453,166.16524814602815,161.6554450328808,163.08010864257812,987400,JBHT,164.1093080505581,167.72483180913173,167.72483180913173,161.6554450328808,183.72307698393644,184.12410863513634,-5.40653043750217,-3.054435126857743,-2.3520953106444265
2023-10-30,164.4654455002671,167.16739888323428,163.45344234165864,166.7449188232422,930600,JBHT,165.45780138710055,165.9170699298449,167.16739888323428,163.45344234165864,183.3077129694657,184.08019034462765,-5.548809796082594,-3.5533100607027137,-1.9954997353798802
2023-10-31,167.02986379574972,169.73181747479862,165.83117769148683,168.8671875,762700,JBHT,167.8650116155088,165.68743565847274,169.73181747479862,165.68743565847274,182.90959207629024,184.05482868084994,-5.427750142168264,-3.928198076995824,-1.4995520651724403
2023-11-01,169.24054720427128,172.13900350483115,168.4938308837537,169.92831420898438,702200,JBHT,169.95042395046013,166.77622363699078,172.13900350483115,166.77622363699078,182.54924909678556,184.07679483447657,-5.186399848018198,-4.179838431200299,-1.006561416817899
2023-11-02,171.27438789922195,172.67939656118966,169.08333838887222,169.44688415527344,699000,JBHT,170.62100175113932,168.36332379372544,172.67939656118966,168.36332379372544,182.2262916434311,184.12512647184982,-4.97660814209388,-4.339192373379015,-0.6374157687148649
2023-11-03,171.45124144304074,172.7088768571154,169.9086643381011,172.62045288085938,561200,JBHT,171.67230887977914,169.49216277243238,172.7088768571154,169.49216277243238,181.9255886632488,184.17546492188788,-4.502365760287688,-4.37182705076075,-0.13053870952693813
2023-11-06,172.71870126688077,173.7601942081007,169.15213253476261,171.77548217773438,493200,JBHT,171.85162754686962,170.58223582610577,173.7601942081007,169.15213253476261,181.65755474244688,184.20200535018378,-4.146904397466159,-4.326842520101832,0.1799381226356731
2023-11-07,170.25257561600523,172.59099877004505,169.86939001441203,171.86392211914062,340900,JBHT,171.14422162990073,171.2169316864877,172.59099877004505,169.86939001441203,181.38451016053594,184.19963070053225,-3.814095819901638,-4.224293180061793,0.4101973601601552
2023-11-08,172.06040351722922,173.98616616848324,171.85408090699997,171.9425048828125,627400,JBHT,172.46078886888125,171.1805766581942,173.98616616848324,171.1805766581942,181.13234425415828,184.18463402693934,-3.503614168925367,-4.080157377834508,0.5765432089091416
2023-11-09,172.37587423920218,172.37587423920218,169.02723101982951,169.1651153564453,611100,JBHT,170.7360237136698,171.82068276353772,172.37587423920218,169.02723101982951,180.8189577960576,184.17827546492154,-3.441990226031095,-3.952523947473826,0.510533721442731
2023-11-10,170.20910786679295,171.60765323923485,168.8597950906064,171.19400024414062,549000,JBHT,170.46763911019372,171.27835323860376,171.60765323923485,168.8597950906064,180.52211417468936,184.1735717567388,-3.1926360321407117,-3.8005463644072033,0.6079103322664916
2023-11-13,170.01211554652906,171.91296562913465,169.54921493187578,171.00686645507812,515700,JBHT,170.6202906406544,170.87299617439874,171.91296562913465,169.54921493187578,180.19835643001417,184.147965279258,-2.9758177946630155,-3.635600650458366,0.6597828557953505
2023-11-14,174.27669303786527,178.59052620899294,173.65622109541542,175.83282470703125,614700,JBHT,175.5890662623262,170.74664340752656,178.59052620899294,170.74664340752656,179.9952462294933,184.18952436522991,-2.387056776031386,-3.38589187557297,0.998835099541584
2023-11-15,176.2661982556729,182.1657092832701,176.2661982556729,179.1913299560547,1043100,JBHT,178.47235893766765,173.1678548349264,182.1657092832701,173.1678548349264,179.90266185045752,184.24819912266895,-1.6306589008163144,-3.034845280621639,1.4041863798053247
2023-11-16,179.81180765333664,180.50122930840467,173.5971241593802,175.97071838378906,652100,JBHT,177.47021987622765,175.82010688629703,180.50122930840467,173.5971241593802,179.80629534493733,184.27383480218418,-1.276371358753721,-2.6831504962480555,1.4067791374943344
2023-11-17,176.87681523134296,177.1525838897348,174.12897216084403,175.38963317871094,880700,JBHT,175.88700111515817,176.64516338126234,177.1525838897348,174.12897216084403,179.68411062703152,184.28121163464508,-1.0306044819444935,-2.352641293387343,1.3220368114428496
2023-11-20,175.48811611924538,176.72909012951897,174.00093404354948,175.17295837402344,564600,JBHT,175.34777466658431,176.26608224821024,176.72909012951897,174.00093404354948,179.55954225015688,184.26125708712078,-0.8435919049670986,-2.050831415703294,1.2072395107361955
2023-11-21,174.98582094926255,178.85645567575122,173.87288779153494,177.59579467773438,485000,JBHT,176.32773977357078,175.80692845739728,178.85645567575122,173.87288779153494,179.4918597210909,184.24355251042323,-0.49418380584302213,-1.7395018937312399,1.2453180878882177
2023-11-22,178.0586782785742,178.9746359630025,176.91621459372416,178.4033966064453,380400,JBHT,178.08823136043654,176.06733411548402,178.9746359630025,176.06733411548402,179.3909539956732,184.2435997276009,-0.1503752118646844,-1.4216765573579289,1.2713013454932445
2023-11-24,178.15717483659577,180.6292492005855,178.15717483659577,180.2845458984375,230900,JBHT,179.30703619305365,177.07778273796026,180.6292492005855,177.07778273796026,179.219709040483,184.27228307790404,0.27076736468029594,-1.083187772950284,1.3539551376305798
2023-11-27,179.25040238643248,179.4375343319076,176.75862601705805,176.92605590820312,446400,JBHT,178.09315466090032,178.19240946550696,179.4375343319076,176.75862601705805,178.9961843653837,184.31008024857056,0.3297229754056161,-0.8006056232791039,1.13032859868472
2023-11-28,176.85714084041845,178.67918281866793,175.77375315628518,177.89126586914062,427300,JBHT,177.30033567112804,178.14278206320364,178.67918281866793,175.77375315628518,178.7101823499235,184.31908861997545,0.44915254792437054,-0.550653989038409,0.9998065369627795
2023-11-29,178.8170494466106,181.55504892812425,178.65946306666027,179.29965209960938,520200,JBHT,179.5828033852511,177.72155886716584,181.55504892812425,177.72155886716584,178.5072637915389,184.34930397454096,0.6499540769958685,-0.3105323758315535,0.960486452827422
2023-11-30,179.2504061364594,183.3475618835048,178.27535730828916,182.47100830078125,1127400,JBHT,180.83608340725866,178.65218112620846,183.3475618835048,178.27535730828916,178.30740203129525,184.36361703106843,1.0528560081055218,-0.037854699044138455,1.0907107071496602
2023-12-01,182.5104142383944,188.69553751143138,181.9194877959305,186.93258666992188,835000,JBHT,185.01450655391955,179.74413226673357,188.69553751143138,179.74413226673357,178.24922574053727,184.38934289187077,1.7124309407512897,0.31220242891494715,1.4002285118363424
2023-12-04,185.95751718329794,189.7887477203307,185.75069821120448,187.3659210205078,786100,JBHT,187.21572103383522,182.37931941032656,189.7887477203307,182.37931941032656,178.25418396428947,184.44874931098622,2.2442450277341663,0.698610948678791,1.5456340790553753
2023-12-05,185.61283100038864,186.73560775149332,182.79603809452735,185.56358337402344,569000,JBHT,185.1770150551082,184.7975202220809,186.73560775149332,182.79603809452735,178.2214139860962,184.4982110288463,2.491556821773486,1.05720012329773,1.4343566984757559
2023-12-06,186.95227401586018,186.95227401586018,184.06653160138003,185.23855590820312,446300,JBHT,185.8024088853259,184.98726763859455,186.95227401586018,184.06653160138003,178.2416806190727,184.56245727929985,2.6309976965049486,1.3719596379391736,1.259038058565775
2023-12-07,186.90302599747142,186.93257156579403,183.84985369250677,186.03631591796875,518900,JBHT,185.93044179343525,185.39483826196022,186.93257156579403,183.84985369250677,178.28970980989496,184.5898907990939,2.773902340489485,1.652348178449236,1.1215541620402492
2023-12-08,185.65220049699403,186.92270496488212,182.88465550949212,183.80059814453125,721000,JBHT,184.8150397789749,185.66264002769773,186.92270496488212,182.88465550949212,178.3333130372799,184.53522989821124,2.6759053891434235,1.8570596205880736,0.8188457685553499
2023-12-11,185.4256808631861,190.0448282377685,184.8642850285246,189.7592010498047,624500,JBHT,187.52349879482097,185.23883990333633,190.0448282377685,184.8642850285246,178.38824747659706,184.5150811468273,3.043962648889618,2.0944402262483828,0.9495224226412353
2023-12-12,189.89709951585687,191.81763667277184,189.08949556988517,190.0645294189453,463300,JBHT,190.2171902943648,186.38116934907865,191.81763667277184,186.38116934907865,178.52215913146986,184.52182037864614,3.3219942448172333,2.339951029962153,0.9820432148550804
2023-12-13,189.7690583710469,193.12754502559645,185.937827577512,193.0487518310547,688400,JBHT,190.4707957013025,188.29917982172174,193.12754502559645,185.937827577512,178.66802016886794,184.50182730020043,3.7400254113126152,2.6199659062322453,1.1200595050803699
2023-12-14,194.57534296504798,198.86947449253682,193.35408598940307,198.68234252929688,1039300,JBHT,196.3703114940712,189.38498776151212,198.86947449253682,189.38498776151212,178.927351911167,184.5144290014943,4.474324581374617,2.99083764126072,1.483486940113897
2023-12-15,198.9482547316809,204.50304698543485,197.51030528801547,199.16493225097656,2340900,JBHT,200.03163481402694,192.87764962779164,204.50304698543485,192.87764962779164,179.26968620173807,184.53878783389874,5.037137930800782,3.400097699168733,1.637040231632049
2023-12-18,200.13998496980636,200.44529919975466,195.21552312350525,195.4617462158203,818400,JBHT,197.81563837722166,196.4546422209093,200.44529919975466,195.21552312350525,179.56583385651487,184.54017783890492,5.125274427623054,3.7451330448595974,1.380141382763457
2023-12-19,195.993566693208,197.44135956903202,195.32384714621492,195.85568237304688,809300,JBHT,196.15361394537547,197.13514029906548,197.44135956903202,195.32384714621492,179.7990694770981,184.50303277719235,5.167344659298209,4.02957536774732,1.1377692915508888
2023-12-20,193.9942468054355,201.0263775624136,193.25557754512997,194.59503173828125,808700,JBHT,195.7178084128151,196.64437712222048,201.0263775624136,193.25557754512997,179.965570350497,184.45420047801053,5.040853825395175,4.2318310592768915,0.8090227661182832
2023-12-21,195.33369630348193,198.71186975918002,194.3291019256991,197.60879516601562,643500,JBHT,196.49586578859416,196.18109276751778,198.71186975918002,194.3291019256991,180.10597307108821,184.4279302576676,5.124719869132065,4.410408821247926,0.7143110478841388
2023-12-22,198.85960498850181,200.376332495861,197.96334940183957,198.65277099609375,378400,JBHT,198.96301447057402,196.33847927805596,200.376332495861,196.33847927805596,180.2861386205133,184.41954136779646,5.215305640622944,4.57138818512293,0.6439174555000138
2023-12-26,198.29822900283955,200.41575664555947,197.29364959143413,199.7164764404297,291000,JBHT,198.9310279200657,197.650746874315,200.41575664555947,197.29364959143413,180.47264042910865,184.38570242298113,5.311697711958857,4.719450090490116,0.5922476214687409
2023-12-27,199.14524089958294,200.10058773284356,198.44597570921613,199.19448852539062,662400,JBHT,199.22157321675832,198.29088739719035,200.10058773284356,198.29088739719035,180.60904833321985,184.3394413666733,5.2850463363134,4.832569339654773,0.4524769966586266
2023-12-28,200.60287536866787,200.60287536866787,197.52017239816715,198.8103790283203,399100,JBHT,199.3840755409558,198.75623030697432,200.60287536866787,197.52017239816715,180.72291388847898,184.29802319978376,5.173295967180309,4.900714665159881,0.27258130202042796
2023-12-29,198.26866997391525,199.54903299194683,196.3284309067417,196.72239685058594,407000,JBHT,197.71713268079742,199.07015292396505,199.54903299194683,196.3284309067417,181.0933854610944,184.26317233195243,4.860224638528223,4.89261665983355,-0.032392021305327034
2024-01-02,196.8011914014061,197.51030004870523,191.83732567246278,192.53660583496094,728900,JBHT,194.67135573938378,198.39364280238124,198.39364280238124,191.83732567246278,181.45138013693915,184.20434825512578,4.225644403853181,4.7592222086374765,-0.5335778047842954
2024-01-03,191.23654151602892,191.81762438274015,187.8189639357568,189.05007934570312,697100,JBHT,189.98080229505723,196.5324992708825,196.5324992708825,187.8189639357568,181.73644218840604,184.1032122124455,3.402183196302559,4.487814406170493,-1.085631209867934
2024-01-04,186.61740657147132,188.3606703164318,184.53928301939865,186.18405151367188,789500,JBHT,186.4253528552434,193.25665078296987,193.25665078296987,184.53928301939865,182.04294968207805,183.9779433561106,2.4896209622327206,4.0881757173829385,-1.598554755150218
2024-01-05,186.18404837799943,188.93190652628297,185.34689887431801,187.10000610351562,487100,JBHT,186.89071497052902,189.84100181910662,189.84100181910662,185.34689887431801,182.39030340629196,183.85973563416826,1.8193464046757128,3.6344098548414934,-1.8150634501657805
2024-01-08,187.74017158464036,190.86227847481692,186.71589017142654,190.63575744628906,731000,JBHT,188.9885244192932,188.36585839481782,190.86227847481692,186.71589017142654,182.81208569942564,183.78031407191725,1.555523466358835,3.218632577144962,-1.6631091107861269
2024-01-09,188.6265866767594,189.82815654345242,187.5136535145934,188.52809143066406,418200,JBHT,188.62412204136731,188.67719140705552,189.82815654345242,187.5136535145934,183.27614878654992,183.73976749430642,1.1629649183814195,2.8074990453922535,-1.644534127010834
2024-01-10,187.40532454129337,190.19257183477487,186.66665524179965,190.0546875,570000,JBHT,188.57980977946696,188.65065672421142,190.19257183477487,186.66665524179965,183.7655588211281,183.7443179025323,0.963931384404475,2.438785513194698,-1.474854128790223
2024-01-11,189.38494408413354,189.38494408413354,185.92797733275617,188.2227783203125,508800,JBHT,188.23016095533393,188.6152332518392,189.38494408413354,185.92797733275617,184.22100601249272,183.76435949097922,0.6508732521750744,2.0812030609907732,-1.4303298088156988
2024-01-12,189.13871173667857,190.08421496239916,187.25757885464526,189.17811584472656,495100,JBHT,188.9146553496124,188.42269710358656,190.08421496239916,187.25757885464526,184.64199888717485,183.77579548173256,0.4743916889608215,1.759840786584783,-1.2854490976239614
2024-01-16,188.23261703351133,188.88264957717257,185.50447610363202,188.0553436279297,534000,JBHT,187.6687715855614,188.66867622659947,188.88264957717257,185.50447610363202,184.99636583987686,183.7728074683312,0.24115061001475624,1.4561027512707776,-1.2149521412560214
2024-01-17,186.6371019779118,190.35999389162163,185.75070486636747,188.813720703125,943800,JBHT,187.89038035975648,188.16872390608043,190.35999389162163,185.75070486636747,185.34175341204917,183.78402252774012,0.11616103438865366,1.1881144078943529,-1.0719533735056992
2024-01-18,189.11903774718772,194.63442602123973,189.11903774718772,193.96470642089844,1741000,JBHT,191.7093019841284,188.02955213291847,194.63442602123973,188.02955213291847,185.74249327413617,183.8340409686925,0.42781579981007667,1.0360546862774977,-0.6082388864674211
2024-01-19,201.01654514259025,201.41049609185495,192.85177871893043,195.7178192138672,2310600,JBHT,197.7491597918107,189.86942705852343,201.41049609185495,189.86942705852343,186.26044391903503,183.95899933074097,0.806963821162725,0.9902365132545432,-0.18327269209181818
2024-01-22,199.0664356598099,204.74926868973708,198.35731197022648,204.44395446777344,1297500,JBHT,201.65424269688674,193.80929342516708,204.74926868973708,193.80929342516708,186.87064434037472,184.12757725045532,1.790922902919732,1.150373791187581,0.6405491117321509
2024-01-23,204.75910901752508,204.93639745129508,201.7453408978135,202.37567138671875,814900,JBHT,203.4541296883381,197.7317680610269,204.93639745129508,197.7317680610269,187.49051115676386,184.31142770546106,2.3764303946632026,1.3955851118827054,0.9808452827804972
2024-01-24,202.80901932483587,204.44394413923794,200.13996962461124,200.63241577148438,793800,JBHT,202.00633721504235,200.59294887468252,204.44394413923794,200.13996962461124,188.11591742679136,184.46743761142446,2.6690163816268466,1.6502713658315338,1.0187450157953128
2024-01-25,203.19315326642294,204.35533413958515,201.02639294273635,203.14390563964844,929100,JBHT,202.92969649709823,201.29964304486242,204.35533413958515,201.02639294273635,188.7651585745294,184.6436363746094,3.0681810460060035,1.933853301866428,1.1343277441395756
2024-01-26,203.76436848134844,204.8280539746675,201.0362125872319,203.3014678955078,508200,JBHT,203.23252573468892,202.11466977098033,204.8280539746675,201.0362125872319,189.41740327641008,184.8078798532121,3.3585209368445135,2.218786828862045,1.1397341079824685
2024-01-29,201.53853781303116,203.00601787962063,200.57333243497143,202.7696533203125,891400,JBHT,201.97188536198394,202.6735977528346,203.00601787962063,200.57333243497143,189.94505965840327,184.97015294394828,3.505297512707017,2.4760889656310394,1.0292085470759775
2024-01-30,200.5831784773578,204.12878190041707,200.52408734121315,201.55821228027344,625700,JBHT,201.69856499981535,202.32274155740927,204.12878190041707,200.52408734121315,190.4095837796462,185.15612281505184,3.4837078237903825,2.6776127372629084,0.8060950865274741
2024-01-31,201.5582022121783,202.70068088145482,197.83531053838382,197.9436492919922,881500,JBHT,200.0094607310023,202.01065327861232,202.70068088145482,197.83531053838382,190.8603685967417,185.3333319708395,3.138751244248766,2.76984043866008,0.36891080558868605
2024-02-01,197.992899744779,199.25356069847575,193.88590061821418,198.7217254638672,881200,JBHT,197.46352163133403,201.01005700480732,201.01005700480732,193.88590061821418,191.2918990070652,185.48800481704836,2.8947856273301227,2.7948294763940886,0.09995615093603405
2024-02-02,197.6087843743675,206.39402161593924,197.0966361862541,205.34019470214844,1312300,JBHT,201.60990921967732,199.2367893180707,206.39402161593924,197.0966361862541,191.81714169812705,185.688341974142,3.1986245205208093,2.875588485219433,0.32303603530137615
2024-02-05,203.54770512673213,205.20233212971368,202.39538285256916,203.60679626464844,845000,JBHT,203.68805409341584,200.423349268874,205.20233212971368,200.423349268874,192.36434798452396,185.9281038528074,3.26194657549334,2.9528601032742148,0.30908647221912533
2024-02-06,203.6462113340723,209.1222108235452,203.15376512058347,208.2062530517578,703800,JBHT,206.03211008248968,202.0557016811449,209.1222108235452,202.0557016811449,192.92322555896502,186.15708977731913,3.6412929255062636,3.090546667720625,0.5507462577856388
2024-02-07,209.75251783888706,211.52532701416905,207.96986515061553,210.94422912597656,1044700,JBHT,210.04798478241204,204.0439058818173,211.52532701416905,204.0439058818173,193.5380445307522,186.37887678561756,4.115419434422648,3.29552122106103,0.8198982133616184
2024-02-08,209.7402529473298,211.51662850631004,208.54614427886017,210.5791015625,739900,JBHT,210.09553182375,207.04594533211468,211.51662850631004,207.04594533211468,194.1780920740092,186.5871382196964,4.410859720567856,3.5185889209623955,0.8922707996054609
2024-02-09,211.6646618148231,213.06602062774144,209.16787261919075,212.75022888183594,502600,JBHT,211.66219598589782,208.57073857793233,213.06602062774144,208.57073857793233,194.86532928030462,186.78775581511408,4.76525916429739,3.7679229696293945,0.9973361946679957
2024-02-12,212.75021744150808,214.17131786790836,212.0890139211545,213.73709106445312,486700,JBHT,213.186910073756,210.11646728191508,214.17131786790836,210.11646728191508,195.53741141407465,187.02233760280677,5.067341647151295,4.0278067051337745,1.0395349420175206
2024-02-13,210.15473916159505,213.37195687362765,208.2796852642177,213.23379516601562,646300,JBHT,211.260044116364,211.65168867783552,213.37195687362765,208.2796852642177,196.14589062825678,187.226646329776,5.206119513362012,4.263469266779422,0.9426502465825894
2024-02-14,213.51011497827955,216.20427576049923,211.2403026271015,214.7042236328125,793200,JBHT,213.9147292496732,211.45586639709978,216.20427576049923,211.2403026271015,196.72389508217188,187.48656041135456,5.372818750469747,4.485339163517487,0.88747958695226
2024-02-15,215.93782338894408,216.62863194005632,213.26340419996026,215.90821838378906,571200,JBHT,215.43451947818744,212.6852978233865,216.62863194005632,212.6852978233865,197.2882710510589,187.77122750767418,5.538240027478565,4.695919336309704,0.8423206911688617
2024-02-16,215.24702182431017,215.7799269928946,208.74352780021843,208.92115783691406,1140000,JBHT,212.1729086135843,214.05990865078695,215.7799269928946,208.74352780021843,197.82818892222843,188.02480145416234,5.047357394301969,4.766206947908157,0.2811504463938119
2024-02-20,203.8288679558444,205.31905673832986,193.61473516892516,197.10826110839844,1740300,JBHT,199.96773024287447,213.11640863218562,213.11640863218562,193.61473516892516,198.1114953493794,188.17658798422602,3.6629036561275825,4.545546289552043,-0.8826426334244601
2024-02-21,197.69054098681764,202.06238412091557,196.89116066423463,200.5129852294922,927500,JBHT,199.289267750365,206.54206943753005,206.54206943753005,196.89116066423463,198.37867186851804,188.33419083920649,2.8080771113075116,4.198052453903137,-1.3899753425956254
2024-02-22,203.0295301595329,208.91130427120243,202.66439169472983,208.2599639892578,993700,JBHT,205.71629752868074,202.91566859394754,208.91130427120243,202.66439169472983,198.7966970235121,188.56500503039604,2.724332943223999,3.9033085517673096,-1.1789756085433107
2024-02-23,210.27317810058594,211.57584350221194,208.75338423044244,210.27317810058594,787000,JBHT,210.21889598345655,204.31598306131414,211.57584350221194,204.31598306131414,199.25060496728483,188.81942622194094,2.7882731629428577,3.6803014740024196,-0.8920283110595619
2024-02-26,210.27319278981253,210.4113545096139,204.73683056452558,205.25987243652344,665400,JBHT,207.67031257511886,207.26743952238536,210.4113545096139,204.73683056452558,199.59966741289992,189.06091327218488,2.406671764587202,3.4255755321193764,-1.0189037675321746
2024-02-27,205.08220108978765,206.68093150839442,203.11833225668332,204.80587768554688,578800,JBHT,204.92183563510306,207.46887604875212,207.46887604875212,203.11833225668332,199.8886882115759,189.2783541902219,2.044053745688359,3.149271174833173,-1.105217429144814
2024-02-28,203.80915017108595,204.13482028221682,201.32222435967554,202.5064697265625,683600,JBHT,202.9431661348852,206.1953558419276,206.1953558419276,201.32222435967554,200.0201453043922,189.4737486077796,1.553228694316573,2.830062678729853,-1.27683398441328
2024-02-29,203.8782216077905,205.57564547272264,201.06564076979586,203.60189819335938,1083400,JBHT,203.5303515109171,204.5692609884064,205.57564547272264,201.06564076979586,200.09011963833004,189.67990292003407,1.238363147780376,2.511722772539958,-1.273359624759582
2024-03-01,203.2663718987697,205.95066949752592,197.91751839112234,200.66102600097656,705200,JBHT,201.94889644709863,204.04980624966174,205.95066949752592,197.91751839112234,200.17278479972757,189.86930932812123,0.7429617253436618,2.1579705631006987,-1.415008837757037
2024-03-04,200.94721756411164,201.75646122453466,198.38135498446036,198.71688842773438,598200,JBHT,199.95048055021027,202.99935134838017,202.99935134838017,198.38135498446036,200.24872213182422,190.02389580446118,0.19127200989566973,1.764630852459693,-1.5733588425640233
2024-03-05,197.35497479773363,200.05901383464706,194.27593403927443,197.46353149414062,834600,JBHT,197.28836354144892,201.47491594929522,201.47491594929522,194.27593403927443,200.2801332343969,190.12285179244697,-0.34312614944454367,1.3430794520788458,-1.6862056015233895
2024-03-06,197.9273899490586,199.8123223594911,196.24970764459687,197.19711303710938,456700,JBHT,197.796633247564,199.38163974537207,199.8123223594911,196.24970764459687,200.30614858357632,190.20606082733227,-0.7791566509193331,0.9186322314792101,-1.6977888823985432
2024-03-07,200.0294325872159,200.27615101212322,197.79908838861527,199.63467407226562,391000,JBHT,199.434836515055,198.58913649646803,200.27615101212322,197.79908838861527,200.31558502446595,190.3008618224896,-0.9174473982626807,0.551416305530832,-1.4688637037935126
2024-03-08,199.5162416922116,201.746570694204,197.90763284270795,197.96685791015625,414100,JBHT,199.28432578481994,199.0119865057615,201.746570694204,197.90763284270795,200.322650981761,190.39764570543485,-1.1483847728080718,0.21145608986305123,-1.3598408626711231
2024-03-11,198.69714369079406,200.35509930839913,197.62145499052792,197.92738342285156,378400,JBHT,198.65027035314318,199.14815614529073,200.35509930839913,197.62145499052792,200.31122492448876,190.46013662885431,-1.3193805692561682,-0.09471124196079267,-1.2246693272953755
2024-03-12,198.13463018349125,199.86165909937733,197.6905400453914,198.62806701660156,316800,JBHT,198.5787240862154,198.89921324921696,199.86165909937733,197.6905400453914,200.29511789539393,190.50901589193646,-1.3824209713108644,-0.35225318783080706,-1.0301677834800573
2024-03-13,198.91425446936495,200.1182415511634,197.9175174839568,198.825439453125,380400,JBHT,198.94386323940253,198.73896866771616,200.1182415511634,197.9175174839568,200.31965250656603,190.70651898383022,-1.4003127048069928,-0.5618650912260442,-0.8384476135809485
2024-03-14,197.86818925855772,197.89779426673448,191.6903649301979,195.6181182861328,865700,JBHT,195.76861668540573,198.84141595355936,198.84141595355936,191.6903649301979,200.34159772548642,190.89648893121276,-1.6542271451716317,-0.7803375020151617,-0.87388964315647
2024-03-15,193.8812098165191,196.0128455210588,190.6935969877054,191.37454223632812,918300,JBHT,192.99054864040286,197.30501631948255,197.30501631948255,190.6935969877054,200.40179265239337,191.06911742039972,-2.1728302560380826,-1.058836052819746,-1.1139942032183365
2024-03-18,191.3153342123851,192.1245628080483,188.4435281594453,188.69024658203125,726600,JBHT,190.1434179404775,195.1477824799427,195.1477824799427,188.4435281594453,200.47615395409804,191.25955181808803,-2.768513483344151,-1.4007715389246271,-1.3677419444195238
2024-03-19,189.23301039441526,191.85809775108345,188.18692680107276,188.32508850097656,824500,JBHT,189.400780861887,192.6456002102101,192.6456002102101,188.18692680107276,200.5263552719252,191.45832933910856,-3.2327962749262724,-1.7671764861249564,-1.465619788801316
2024-03-20,187.6638978673286,193.01275127093595,187.3283644386348,192.49957275390625,873000,JBHT,190.1261465827014,191.02319053604856,193.01275127093595,187.3283644386348,200.54910771519337,191.6805967073095,-3.226702324793365,-2.0590816538586383,-1.1676206709347268
2024-03-21,193.17065617426545,197.02932075129047,192.60813095840038,195.25296020507812,819400,JBHT,194.5152670222586,190.57466855937497,197.02932075129047,190.57466855937497,200.66693061481118,191.97153970068055,-2.9655128825752968,-2.2403678996019702,-0.7251449829733265
2024-03-22,195.74640684396934,195.74640684396934,191.52258856031017,192.23312377929688,524100,JBHT,193.81213150688643,192.54496779081677,195.74640684396934,191.52258856031017,200.7715770493596,192.26856793524385,-2.9679808933491074,-2.3858904983513978,-0.5820903949977096
2024-03-25,191.56205570929768,192.0554925623886,188.49287788073224,189.47975158691406,740900,JBHT,190.39754443483315,193.1785496488516,193.1785496488516,188.49287788073224,200.81492471894958,192.51796536572112,-3.1557336021130027,-2.5398591191037188,-0.6158744830092839
2024-03-26,190.55544068326896,192.20351796877864,189.5685669751675,191.1673126220703,566900,JBHT,190.87370956232135,191.7880470418424,192.20351796877864,189.5685669751675,200.85410580320374,192.74805234518928,-3.1322502731022723,-2.6583373499034297,-0.4739129231988426
2024-03-27,192.21339263065886,194.16739831857836,191.71995578613897,192.6377410888672,533000,JBHT,192.68462195606085,191.33087830208189,194.16739831857836,191.33087830208189,200.95442281061375,192.97539432524528,-2.960857356747084,-2.7188413512721605,-0.24201600547492363
2024-03-28,193.9404215651285,197.25631776227706,193.02262120400385,196.63458251953125,632800,JBHT,195.21348576273516,192.00775012907138,197.25631776227706,192.00775012907138,201.1008849186733,193.22131916536125,-2.4739968397007885,-2.6698724489578862,0.19587560925709768
2024-04-01,194.36477178408563,196.32865586390898,192.1640476542116,193.90093994140625,714600,JBHT,194.18960381090312,193.61061794590327,196.32865586390898,192.1640476542116,201.1504909552088,193.4464921146725,-2.2824280722961134,-2.592383573625532,0.3099555013294184
2024-04-02,193.12129239999007,193.43708411373396,190.95017354557754,192.40087890625,532700,JBHT,192.4773572413879,193.9001108784032,193.9001108784032,190.95017354557754,201.04505490420033,193.6527494116177,-2.2259909944012577,-2.5191050577806773,0.2931140633794196
2024-04-03,192.2035034536167,195.25295442581466,191.25611319814473,194.59173583984375,664400,JBHT,193.32607672935495,193.18873405989555,195.25295442581466,191.25611319814473,200.8784915848497,193.8745679626122,-1.9816372777650315,-2.411611501777548,0.4299742240125166
2024-04-04,194.92728038688423,196.50626913364556,191.23636765072993,191.96665954589844,1097400,JBHT,193.65914417928954,193.25740539462527,196.50626913364556,191.23636765072993,200.68259187466876,194.0865515157163,-1.9770170927064612,-2.3246926199633307,0.34767552725686945
2024-04-05,191.9666717189085,193.67395896242735,191.49296151219446,192.7660369873047,392500,JBHT,192.47490729520874,193.45827478695742,193.67395896242735,191.49296151219446,200.49196327627203,194.3039403515317,-1.8870991792554435,-2.2371739318217534,0.35007475256630993
2024-04-08,193.63450433848695,195.3220500114758,192.14431534451037,192.32196044921875,540200,JBHT,193.35570753592296,192.96659104108306,195.3220500114758,192.14431534451037,200.30048349704856,194.53282103578897,-1.8305701768348115,-2.1558531808243653,0.3252830039895538
2024-04-09,192.509454925822,192.99301338892153,189.96331903842005,191.8975830078125,624900,JBHT,191.84084259024402,193.161149288503,193.161149288503,189.96331903842005,200.07264983415968,194.74502655528485,-1.7992733448871263,-2.0845372136369176,0.28526386874979126
2024-04-10,187.9402382634189,188.9961853393422,184.94013364815441,185.7197723388672,918200,JBHT,186.89908239744568,192.50099593937352,192.50099593937352,184.94013364815441,199.7711937748689,194.85812671663606,-2.247065300913647,-2.1170428310922635,-0.13002246982138344
2024-04-11,185.66054152742896,187.83166050987816,185.47303312766576,186.6474151611328,468100,JBHT,186.40316258152643,189.7000391684096,189.7000391684096,185.47303312766576,199.46528572650314,194.93743475307465,-2.49829187550111,-2.193292639974033,-0.304999235527077
2024-04-12,184.42694154464183,184.8315482725823,181.6538291626921,183.0354461669922,745500,JBHT,183.4869412867271,188.05160087496802,188.05160087496802,181.6538291626921,199.13483533761763,194.99760196717966,-2.9547855289070526,-2.345591217760637,-0.6091943111464158
2024-04-15,184.40721080612508,185.22631774248828,181.81172828840172,182.67031860351562,788800,JBHT,183.52889386013268,185.76927108084755,185.76927108084755,181.81172828840172,198.85614278219361,195.07402089462943,-3.3078914672214523,-2.5380512676528,-0.7698401995686521
2024-04-16,182.81835714654397,183.69667415748572,180.4103828535807,180.58802795410156,1526800,JBHT,181.87836052792798,184.6490824704901,184.6490824704901,180.4103828535807,198.46151180835864,195.13932675324287,-3.712953305828762,-2.7730316752879927,-0.9399216305407694
2024-04-17,164.8078780291595,170.4034490869625,157.9688517557875,165.9230499267578,3725100,JBHT,164.77580719966681,183.26372149920905,183.26372149920905,157.9688517557875,197.68326687048364,195.02380742750378,-5.157852386054714,-3.249995817441337,-1.9078565686133766
2024-04-18,167.6205080515079,167.6205080515079,161.46241059244215,162.04466247558594,1875900,JBHT,164.68702229276096,174.01976434943793,174.01976434943793,161.46241059244215,196.85636511468908,194.88979533682704,-6.540503913549685,-3.908097436663007,-2.632406476886678
2024-04-19,164.14670469286438,167.84748107609,163.46575942899122,165.10397338867188,1480700,JBHT,165.14097964665436,169.35339332109945,169.35339332109945,163.46575942899122,195.95822501197392,194.74813477136303,-7.305194650987033,-4.587516879527812,-2.717677771459221
2024-04-22,165.7059642121241,166.60402288032495,163.30785332498846,165.18292236328125,1009100,JBHT,165.20019069517969,167.2471864838769,167.2471864838769,163.30785332498846,195.0603181894025,194.61920513170585,-7.814763320224245,-5.232966167667099,-2.5817971525571455
2024-04-23,165.9131876213368,166.57439113750803,164.3835455622447,165.35067749023438,981100,JBHT,165.555450452831,166.2236885895283,166.57439113750803,164.3835455622447,194.13818327874117,194.50175627952288,-8.111558725365711,-5.808684679206822,-2.3028740461588892
2024-04-24,164.2059015551155,164.25524824797276,160.1893337392758,162.46900939941406,1139800,JBHT,162.77987323544454,165.88956952117965,165.88956952117965,160.1893337392758,193.13004254197494,194.33372697802483,-8.481527979084802,-6.343253339182418,-2.1382746399023844
2024-04-25,162.56769352653345,162.73546024143633,160.9492213291503,161.5906982421875,721100,JBHT,161.9607683348269,164.3347213783121,164.3347213783121,160.9492213291503,192.14405702634417,194.1449738273005,-8.744799048198075,-6.82356248098555,-1.9212365672125253
2024-04-26,160.15973103252216,161.1367414463825,158.37349199039716,159.88340759277344,1241200,JBHT,159.8883430155188,163.1477448565695,163.1477448565695,158.37349199039716,191.0635293016611,193.8937121919165,-8.987603851608185,-7.256370755110077,-1.7312330964981077
2024-04-29,159.61694798361316,161.1860734574586,158.72875267235403,160.03143310546875,1034500,JBHT,159.89080180472365,161.51804393604414,161.51804393604414,158.72875267235403,189.95265494819185,193.62046299962537,-9.0636043962688,-7.617817483341822,-1.4457869129269785
2024-04-30,160.62355902890172,161.74859445183188,158.57085991261732,160.43606567382812,1200800,JBHT,160.34476976679474,160.7044228703839,161.74859445183188,158.57085991261732,188.91609217125603,193.37214054674223,-8.987581662031005,-7.891770319079659,-1.0958113429513459
2024-05-01,159.3504869701578,164.25525013838757,158.7682351398319,161.3735809326172,920400,JBHT,160.9368882952486,160.52459631858932,164.25525013838757,158.7682351398319,188.1354753323035,193.12348534084148,-8.750809565707328,-8.063578168405193,-0.6872313973021349
2024-05-02,162.5775872874215,162.8045640339487,159.79459607935476,162.40982055664062,846100,JBHT,161.8966419893414,160.73074230691896,162.8045640339487,159.79459607935476,187.38762281708304,192.8831473428005,-8.38291704654921,-8.127445944033997,-0.2554711025152123
2024-05-03,164.12695026314063,165.44935730739712,163.0019149323036,163.3867950439453,745200,JBHT,163.99125438669668,161.31369214813017,165.44935730739712,161.31369214813017,186.55312195424335,192.67490948887772,-7.921215061936067,-8.086199767614412,0.16498470567834467
2024-05-06,165.14343889330897,165.14343889330897,163.34733661638106,164.3638153076172,596100,JBHT,164.49950742765404,162.65247326741343,165.14343889330897,162.65247326741343,185.6387341831273,192.44466957520606,-7.391273542280345,-7.947214522547599,0.5559409802672537
2024-05-07,165.15331699272642,167.25534769925636,164.51184006321472,165.90333557128906,804200,JBHT,165.70596008162164,163.57599034753372,167.25534769925636,163.57599034753372,184.7994471332574,192.19955727307865,-6.769035424168493,-7.711578702871778,0.942543278703285
2024-05-08,165.18292673083158,167.13693246418325,165.10397502685302,165.54806518554688,429700,JBHT,165.7429748518537,164.64097521457768,167.13693246418325,164.64097521457768,184.0158699175924,191.95227906458413,-6.232727579790549,-7.415808478255532,1.1830808984649837
2024-05-09,165.9636297605587,168.90217850766282,165.617330240614,168.20957946777344,944200,JBHT,167.17317949415224,165.19197503321567,168.90217850766282,165.19197503321567,183.3004701847777,191.66030774458497,-5.529200607068503,-7.038486904018127,1.5092862969496235
2024-05-10,168.46682868789804,169.43644616721645,167.82370319157286,168.78343200683594,711900,JBHT,168.62760251338082,166.18257726368395,169.43644616721645,166.18257726368395,182.60241520482697,191.34626742157852,-4.869216017266268,-6.604632726667756,1.7354167094014876
2024-05-13,169.1594015041045,170.47531840259094,167.46750403542302,167.5763397216797,657600,JBHT,168.66964091594951,167.4050898885324,170.47531840259094,167.4050898885324,181.93683009420403,191.05480744696578,-4.392936694530363,-6.1622935202402775,1.7693568257099148
2024-05-14,168.34808160823547,169.18908602795474,165.3600747015828,166.37916564941406,666700,JBHT,167.31910199679677,168.03736540224094,169.18908602795474,165.3600747015828,181.28420252313575,190.76646232748,-4.065222487957556,-5.7428793137837335,1.677656825826178
2024-05-15,167.9819954347262,168.71416412519693,165.15228278938736,165.815185546875,635200,JBHT,166.91590697404638,167.67823369951884,168.71416412519693,165.15228278938736,180.67675339178768,190.47844331309227,-3.8071288871362867,-5.355729228454244,1.5486003413179574
2024-05-16,166.21096881920977,169.26824168172845,166.18128773100642,167.69508361816406,584200,JBHT,167.33889546252718,167.2970703367826,169.26824168172845,166.18128773100642,180.06759863608696,190.18687360983165,-3.411569337932633,-4.9668972503499225,1.5553279124172894
2024-05-17,167.9721167648562,168.635019561782,162.69856038038455,163.05474853515625,966700,JBHT,165.59011131054473,167.3179828996549,168.635019561782,162.69856038038455,179.39070413199676,189.85314457823134,-3.4329489075664696,-4.660107581793232,1.2271586742267626
2024-05-20,162.9063307146797,163.37135456608846,161.9466019232359,162.36216735839844,955000,JBHT,162.64661364060063,166.45404710509982,166.45404710509982,161.9466019232359,178.65794988911236,189.4903004354367,-3.465825998644135,-4.421251265163413,0.9554252665192777
2024-05-21,161.61021048134344,161.78831211503052,155.0405293070079,157.67236328125,1453300,JBHT,159.02785379615796,164.55033037285023,164.55033037285023,155.0405293070079,177.86550155797264,189.0883632412307,-3.826203235715184,-4.302241659273768,0.4760384235585837
2024-05-22,157.6921438829309,157.98895475482624,155.7924788168211,156.3069610595703,869100,JBHT,156.94513462853715,161.7890920845041,161.7890920845041,155.7924788168211,177.03282976881906,188.6639738321065,-4.173867593147406,-4.276566846048496,0.10269925290108972
2024-05-23,156.82146763103344,156.88082980890695,153.78397202079995,156.20803833007812,958500,JBHT,155.92357694770462,159.36711335652063,159.36711335652063,153.78397202079995,176.17242404298514,188.2460382747756,-4.406580027184589,-4.302569482275715,-0.10401054490887418
2024-05-24,156.82146064235226,157.56351802709526,155.47586264746377,155.95077514648438,462000,JBHT,156.45290411584892,157.6453451521126,157.6453451521126,155.47586264746377,175.38610979159404,187.86385375854024,-4.559209566763258,-4.3538974991732236,-0.20531206759003418
2024-05-28,155.89141920861604,156.83135558079232,154.4172081408143,156.71263122558594,602000,JBHT,155.96315353895216,157.04912463398077,157.04912463398077,154.4172081408143,174.64556188956496,187.52367727097916,-4.566059466769616,-4.396329892692503,-0.1697295740771132
2024-05-29,154.39740509333214,155.6539597892034,152.46805896798375,153.01222229003906,910100,JBHT,153.88291153513958,156.50613908646648,156.50613908646648,152.46805896798375,173.92035176145822,187.19825285777813,-4.8145806486214155,-4.479980043878285,-0.33460060474313025
2024-05-30,153.4574731576214,156.5246346219865,153.07160392155882,155.28787231445312,649500,JBHT,154.58539600390495,155.19452531080304,156.5246346219865,153.07160392155882,173.22404406429857,186.8751996681119,-4.772890625063496,-4.538562160115328,-0.2343284649481685
2024-05-31,156.02993479114704,159.15647362995585,155.88152934827815,159.04763793945312,1179200,JBHT,157.52889392720854,154.88996065735398,159.15647362995585,154.88996065735398,172.57209901118873,186.56060336319106,-4.385911261876373,-4.508031980467537,0.12212071859116413
2024-06-03,159.700660352438,160.2745199232423,155.92110717489172,158.95860290527344,808100,JBHT,158.71372258896136,156.20942729228125,160.2745199232423,155.92110717489172,171.85606812252277,186.261499368667,-4.039842917241231,-4.414394167822276,0.3745512505810451
2024-06-04,160.03703784547545,161.72893527473778,156.63346566059843,156.8313446044922,724800,JBHT,158.80769584632597,157.4615749406213,161.72893527473778,156.63346566059843,171.15597940931156,185.96377822933556,-3.892364472734812,-4.309988228804783,0.41762375606997093
2024-06-05,157.29637042609255,157.60308505760705,155.46597130030756,157.47447204589844,561400,JBHT,156.95997470747642,158.13463539347362,158.13463539347362,155.46597130030756,170.48722801476444,185.651076366857,-3.681157639431177,-4.184222110930062,0.5030644714988846
2024-06-06,157.1182831638967,157.67235025011425,156.3564333717497,157.316162109375,406200,JBHT,157.11580722378392,157.54730505047502,157.67235025011425,156.3564333717497,169.81206996799366,185.3330878855987,-3.4863603987087686,-4.044649768485804,0.558289369777035
2024-06-07,156.3465640162251,160.1953681052827,155.76280067375902,158.26602172851562,564800,JBHT,157.6426886309456,157.33155613712947,160.1953681052827,155.76280067375902,169.11123130149136,185.03282705605255,-3.2182385977701813,-3.8793675343426792,0.6611289365724979
2024-06-10,157.25680068052685,160.62078806118365,156.77198442919155,160.29428100585938,1133300,JBHT,158.73596354419035,157.48712238403755,160.62078806118365,156.77198442919155,168.38168085712053,184.74128288789692,-2.8096981151068974,-3.665433650495523,0.8557355353886256
2024-06-11,159.31479286439478,159.9875843773554,157.6525763136256,158.93881225585938,515200,JBHT,158.97344145280877,158.11154296411394,159.9875843773554,157.6525763136256,167.6773576099586,184.41392428258368,-2.5657257498851607,-3.445492070373451,0.8797663204882902
2024-06-12,160.69996122295555,162.60953026458816,158.18686660905502,159.26531982421875,554300,JBHT,160.19041948020435,158.54249220846134,162.60953026458816,158.18686660905502,167.03161885473492,184.03833687946764,-2.319294082222541,-3.220252472743269,0.9009583905207279
2024-06-13,158.9783851549228,159.1861678893275,156.27730019084927,157.24691772460938,410300,JBHT,157.92219273992723,159.36645584433285,159.36645584433285,156.27730019084927,166.32354117494637,183.60101637989803,-2.260802269837768,-3.0283624321621687,0.7675601623244006
2024-06-14,155.86173412295898,156.37623147765433,151.49843301465415,155.59458923339844,753800,JBHT,154.83274696216648,158.64432429213002,158.64432429213002,151.49843301465415,165.5470132306039,183.11480255263635,-2.321020903082058,-2.8868941263461467,0.5658732232640888
2024-06-17,154.882220885573,156.88083313378758,154.31826508662556,156.33665466308594,628000,JBHT,155.604493442268,156.73853562714825,156.88083313378758,154.31826508662556,164.8096049535451,182.6507841149086,-2.2825542606279328,-2.766026153202504,0.48347189257457135
2024-06-18,156.48506575974184,158.16705948810167,153.5959908045975,153.95217895507812,1269900,JBHT,155.55007375187978,156.17151453470814,158.16705948810167,153.5959908045975,164.05349227786425,182.1769878874564,-2.416619149821173,-2.696144752526238,0.279525602705065
2024-06-20,153.53661908084158,155.3472409864562,152.80446542636787,153.724609375,983800,JBHT,153.8532337171664,155.86079414329396,155.86079414329396,152.80446542636787,163.2937401004027,181.6831949672812,-2.512269623242929,-2.6593697266695764,0.14710010342664726
2024-06-21,153.72461188779405,155.83205981351801,153.04191663877378,154.52603149414062,2059600,JBHT,154.2811549585566,154.85701393023018,155.83205981351801,153.04191663877378,162.6413815516249,181.2062876632469,-2.494648490371361,-2.6264254794099333,0.13177698903857227
2024-06-24,154.84263969417898,159.07731259433356,154.71401158409705,156.2970733642578,1297900,JBHT,156.23275930921685,154.5690844443934,159.07731259433356,154.5690844443934,162.0379734861787,180.7516296063409,-2.3111340235210776,-2.5633671882321623,0.2522331647110847
2024-06-25,155.44618243939698,156.25749066743123,153.78396603762553,154.61508178710938,846900,JBHT,155.02568023289078,155.4009218768051,156.25749066743123,153.78396603762553,161.468748265102,180.3017918013598,-2.275193139424914,-2.5057323784707126,0.23053923904579854
2024-06-26,154.6150950098699,157.14798203185327,153.84335646714672,155.4659881591797,516500,JBHT,155.26810541701238,155.21330105484793,157.14798203185327,153.84335646714672,160.9035324962396,179.8798376392166,-2.1532276291624726,-2.4352314286090646,0.28200379944659204
2024-06-27,155.10980078381,155.89142799496733,154.11048708051044,155.45608520507812,645000,JBHT,155.14195026609147,155.24070323593014,155.89142799496733,154.11048708051044,160.36880429100285,179.4151580496807,-2.033922378097003,-2.354969618506652,0.32104724040964916
2024-06-28,156.94018211576622,160.0370397090912,156.79177668041666,158.30557250976562,1528900,JBHT,158.01864275375993,155.19132675101082,160.0370397090912,155.19132675101082,160.23366100208472,178.95846393628418,-1.6899614718672638,-2.2219679891787747,0.5320065173115109
2024-07-01,157.74159959776142,158.31545910226666,156.42569782901856,156.99954223632812,836300,JBHT,157.37057469134368,156.60498475238538,158.31545910226666,156.42569782901856,160.08733205005638,178.4718485823727,-1.505402362339055,-2.0786548638108306,0.5732525014717758
2024-07-02,157.77132008262868,159.18616908969872,156.53455762307877,157.7317352294922,600200,JBHT,157.8059455062246,156.9877797218645,159.18616908969872,156.53455762307877,159.94063136724776,177.94942818961084,-1.2852406290678005,-1.9199720168622247,0.6347313877944243
2024-07-03,157.43489768176593,158.85965034630266,156.574115904107,157.0292510986328,387800,JBHT,157.4744787577021,157.39686261404455,158.85965034630266,156.574115904107,159.78611712849823,177.4232176589504,-1.1541412458717843,-1.7668058626641368,0.6126646167923524
2024-07-05,156.4157837891213,157.1083675948371,154.0906799344186,156.61366271972656,824400,JBHT,156.0571235095259,157.43567068587333,157.43567068587333,154.0906799344186,159.59615058963212,176.8671669341866,-1.0714277964329995,-1.6277302494179093,0.5563024529849099
2024-07-08,157.77130834285109,158.20663601457355,154.52603000105145,156.3663330078125,625500,JBHT,156.71757684157214,156.74639709769963,158.20663601457355,154.52603000105145,159.47490466175466,176.3024736018648,-1.0141438139606294,-1.5050129623264534,0.49086914836582407
2024-07-09,155.02073367284999,155.49566128805353,153.17054201735942,153.89280700683594,501700,JBHT,154.39493599627474,156.7319869696359,156.7319869696359,153.17054201735942,159.3235880149836,175.7338225206639,-1.1550243199195904,-1.435015233845081,0.2799909139254906
2024-07-10,154.51613569296575,158.23631132359208,154.51613569296575,158.08790588378906,739400,JBHT,156.33912214832816,155.56346148295532,158.23631132359208,154.51613569296575,159.25260359763982,175.15806644965048,-0.9175863521257099,-1.3315294575012069,0.41394310537549694
2024-07-11,159.29500132863868,162.8370907474858,158.64198714085845,161.58053588867188,882500,JBHT,160.5886537764137,155.95129181564175,162.8370907474858,155.95129181564175,159.2665606370736,174.60960779263272,-0.44248827039197636,-1.1537212200793607,0.7112329496873844
2024-07-12,162.33248187855062,166.7848262184271,161.99607105455746,164.4003448486328,1624000,JBHT,163.87843100004199,158.26997279602773,166.7848262184271,158.26997279602773,159.33723386173858,174.12666301649725,0.15972419809020266,-0.8910321364454481,1.0507563345356508
2024-07-15,164.59822915936033,170.77215228000966,164.59822915936033,167.82369995117188,1349800,JBHT,166.94807763747556,161.07420189803486,170.77215228000966,161.07420189803486,159.4574576485831,173.79646649044332,0.902811021199426,-0.5322635049164733,1.4350745261158995
2024-07-16,167.72476711950466,174.37360272225555,167.72476711950466,174.13613891601562,1977600,JBHT,170.98981896932014,164.0111397677552,174.37360272225555,164.0111397677552,159.63932118818266,173.51347200263285,1.9782694920993151,-0.03015690551331566,2.008426397612631
2024-07-17,167.2795385774463,168.1996825352493,160.79890073091346,162.16427612304688,2398300,JBHT,164.61059949166398,167.50047936853767,168.1996825352493,160.79890073091346,159.651708090282,173.10241502226268,1.8433003847658256,0.34453455254251264,1.498765832223313
2024-07-18,161.3133743542387,161.99606956228232,158.57271995580905,159.10699462890625,1557000,JBHT,160.24728962530907,166.05553943010082,166.05553943010082,158.57271995580905,159.5666637342351,172.6026989586812,1.4726633822253348,0.5701603184790771,0.9025030637462577
2024-07-19,159.54235085550712,162.58973524475198,157.02925628169731,162.44131469726562,1235100,JBHT,160.40066426980553,163.15141452770496,163.15141452770496,157.02925628169731,159.4605578179988,172.13000247562806,1.4314814240673002,0.7424245395967217,0.6890568844705784
2024-07-22,163.17348112838832,164.43992460993627,161.33317808532692,162.96571350097656,938800,JBHT,162.97807433115702,161.77603939875524,164.43992460993627,161.33317808532692,159.40525980758486,171.71056486258863,1.4247355617145274,0.8788867440202829,0.5458488176942445
2024-07-23,160.94730118890195,165.54806612693108,160.94730118890195,163.38125610351562,817000,JBHT,162.70598115206266,162.37705686495613,165.54806612693108,160.94730118890195,159.31591584074306,171.3081930127604,1.436362736863316,0.9903819425888896,0.4459807942744265
2024-07-24,163.4999794127453,163.77701296585047,160.0766146533792,162.06533813476562,841700,JBHT,162.35473629168516,162.5415190085094,163.77701296585047,160.0766146533792,159.19045851630915,170.89643686056806,1.3241300277278754,1.0571315596166868,0.26699846811118855
2024-07-25,162.23354133353075,173.74038321813458,161.66957044796865,168.97142028808594,1631300,JBHT,166.65372882192997,162.44812765009726,173.74038321813458,161.66957044796865,159.15014027442876,170.54348518431638,1.772021153567806,1.2001094784069108,0.5719116751608952
2024-07-26,169.19897214426655,172.17710543967226,168.58554287152077,169.72335815429688,711200,JBHT,169.9212446524391,164.55092823601362,172.17710543967226,164.55092823601362,159.20218312754162,170.2431928253387,2.162722678484073,1.3926321184223434,0.7700905600617296
2024-07-29,170.11914792875456,172.24637326624742,168.6350330150067,168.7141876220703,736400,JBHT,169.92868545801974,167.23608644422637,172.24637326624742,167.23608644422637,159.26243869722109,169.96959604450436,2.363677817332217,1.586841258204318,0.776836559127899
2024-07-30,169.76294771333693,173.13683900145432,169.76294771333693,170.33680725097656,699900,JBHT,170.7498854197762,168.58238595112306,173.13683900145432,168.58238595112306,159.33065849636606,169.6991285662265,2.623624545318762,1.794197915627207,0.8294266296915551
2024-07-31,170.68309297790123,174.54180056853778,168.35798881802725,171.31631469726562,1062400,JBHT,171.22479926543298,169.66613568544963,174.54180056853778,168.35798881802725,159.44335225546382,169.4170281937303,2.8755250026154044,2.0104633330248465,0.865061669590558
2024-08-01,171.46471974193892,174.15591558032736,166.70566106438443,167.00247192382812,806100,JBHT,169.8321920776197,170.44546747544132,174.15591558032736,166.70566106438443,159.58706382420422,169.1225068566583,2.6959891852076225,2.147568503461402,0.5484206817462205
2024-08-02,164.27468249712095,164.77065098299647,158.04531952538494,162.27096557617188,1157100,JBHT,162.34040464541854,170.1388297765305,170.1388297765305,158.04531952538494,159.65331484118943,168.759408199581,2.147161594716607,2.147487121712443,-0.00032552699583598965
2024-08-05,158.27345817561624,163.99693864605882,153.7700710580121,159.6820068359375,1350400,JBHT,158.93061867890617,166.23961721097453,166.23961721097453,153.7700710580121,159.6930245221968,168.36292714550794,1.486172767108485,2.015224250791652,-0.5290514836831668
2024-08-06,159.68200438576878,166.9826608706314,159.28523566401526,162.60821533203125,642500,JBHT,162.1395290631117,162.58511794494035,166.9826608706314,159.28523566401526,159.81734356450494,167.99488380374504,1.1847973233191453,1.8491388652971505,-0.6643415419780052
2024-08-07,162.90577553444933,164.8102923637359,160.56480409383067,161.5765838623047,834900,JBHT,162.46436396358013,162.36232350402602,164.8102923637359,160.56480409383067,159.9375727614596,167.6618412765268,0.8528796096790359,1.6498870141735278,-0.7970074044944919
2024-08-08,163.40175279766757,163.98700704139299,161.09053812462267,162.5387725830078,482400,JBHT,162.75451763667274,162.41334373380306,163.98700704139299,161.09053812462267,160.07340004341395,167.35948096648946,0.6598664885677579,1.451882909052374,-0.7920164204846161
2024-08-09,162.53878958766555,162.74710300735376,159.59273562886628,161.77499389648438,685600,JBHT,161.6634055300925,162.5839306852379,162.74710300735376,159.59273562886628,160.22900992331304,167.07468084238565,0.44019732195087613,1.2495457916320745,-0.8093484696811983
2024-08-12,161.98330593571436,162.70741566661403,160.1978164098771,161.45758056640625,553400,JBHT,161.58652964465293,162.1236681076652,162.70741566661403,160.1978164098771,160.369032596128,166.7965383302133,0.23775463434506605,1.0471875601746727,-0.8094329258296067
2024-08-13,162.2808763887485,163.9076522341037,160.72352825301698,162.64788818359375,788800,JBHT,162.38998626486574,161.85509887615905,163.9076522341037,160.72352825301698,160.46625444288114,166.51917672703493,0.17138955073329498,0.8720279582863972,-0.7006384075531022
2024-08-14,162.50903805635676,164.02670043242958,161.7650853176639,162.31065368652344,386900,JBHT,162.65286937324342,162.1225425705124,164.02670043242958,161.7650853176639,160.54503737856678,166.20055275054477,0.09053906037962633,0.7157301787050431,-0.6251911183254167
2024-08-15,166.2684595864549,171.34718684500854,165.4054793203991,165.91136169433594,1354100,JBHT,167.23312186154962,162.3877059718779,171.34718684500854,162.3877059718779,160.71354589887125,165.93476265409143,0.3133988413767099,0.6352639112393764,-0.3218650698626665
2024-08-16,165.52450860979235,169.20460123411726,165.10789692065754,168.9863739013672,784500,JBHT,167.20584516648358,164.81041391671374,169.20460123411726,164.81041391671374,160.9184633080514,165.7028456614079,0.7297327052102389,0.654157670033549,0.07557503517668995
2024-08-19,170.34531576231566,174.15436487569926,169.89894719452036,173.92620849609375,1044100,JBHT,172.08120908215727,166.00812954159866,174.15436487569926,166.00812954159866,161.21777134521886,165.51492065660625,1.4416650424915076,0.8116591445251408,0.6300058979663669
2024-08-20,174.34281842454104,176.18782160396165,169.45257693176143,170.85121154785156,881500,JBHT,172.70860712702893,169.04466931187795,176.18782160396165,169.04466931187795,161.51908971514052,165.31516050831596,1.7377186551171349,0.9968710466435396,0.7408476084735952
2024-08-21,172.34904080035,174.2734008574821,172.309369983064,174.08493041992188,515200,JBHT,173.25418551520448,170.87663821945344,174.2734008574821,170.87663821945344,161.8094541545608,165.09556750584068,2.2078269094463394,1.2390622192040996,0.9687646902422398
2024-08-22,173.63855795879027,175.83073003917323,171.37694303000987,171.98202514648438,621900,JBHT,173.20706404361445,172.06541186732898,175.83073003917323,171.37694303000987,162.09412660637693,164.88574210816776,2.3832317944790873,1.4678961342590973,0.91533566021999
2024-08-23,173.41041726676144,175.74145991568054,172.24983776664251,175.54307556152344,556200,JBHT,174.236197627652,172.6362379554717,175.74145991568054,172.24983776664251,162.37504216932587,164.70333051203042,2.77757033529727,1.7298309744667317,1.047739360830538
2024-08-26,176.6242832557697,177.3583220158928,173.7774291758465,174.5312957763672,415400,JBHT,175.57283255596906,173.43621779156183,177.3583220158928,173.43621779156183,162.72805496564672,164.52579807029656,2.974160031591964,1.9786967858917783,0.9954632457001857
2024-08-27,174.164277376712,174.3626617234764,168.67886769880874,170.71234130859375,711600,JBHT,171.97953702689773,174.50452517376544,174.50452517376544,168.67886769880874,163.07099076694135,164.30900199877263,2.7896437958569607,2.140886187884815,0.6487576079721458
2024-08-28,170.62306808846927,173.98573371925542,170.62306808846927,172.76565551757812,586000,JBHT,171.99938135344303,173.2420311003316,173.98573371925542,170.62306808846927,163.39888852516484,164.10424673935498,2.7770861258883315,2.268126175485518,0.5089599504028133
2024-08-29,173.7377340355677,175.81089356493538,170.5238683134235,170.88096618652344,778800,JBHT,172.7383655251125,172.6207062268873,175.81089356493538,170.5238683134235,163.7426543606295,163.89807331924686,2.5852542027702157,2.331551780942458,0.2537024218277577
2024-08-30,171.317427406312,172.0514510200621,167.77620543403734,171.803466796875,1228300,JBHT,170.7371376643216,172.6795358759999,172.6795358759999,167.77620543403734,164.0803324395726,163.68703626998763,2.4790867424319742,2.3610587732403614,0.11802796919161285
2024-09-03,171.0793551731649,171.8927355454495,167.85556030810147,171.69435119628906,701400,JBHT,170.63050055575124,171.70833677016077,171.8927355454495,167.85556030810147,164.4073193515165,163.5243504515707,2.358951029101064,2.360637224412502,-0.001686195311437988
2024-09-04,171.6943562576245,173.31121826566888,169.9287097672627,171.42654418945312,511000,JBHT,171.5902071200023,171.169418662956,173.31121826566888,169.9287097672627,164.7144683077322,163.37622089695546,2.216581452252626,2.331826069980527,-0.11524461772790096
2024-09-05,170.04773658276474,171.13887323400306,165.0384673145275,167.93492126464844,743400,JBHT,168.53999959898596,171.37981289147916,171.37981289147916,165.0384673145275,164.9847546950541,163.22675148007806,1.8012441265065604,2.2257096812857338,-0.42446555477917336
2024-09-06,168.38129777466526,169.93864605606544,166.27839627771098,166.41726684570312,714000,JBHT,167.7539017385362,169.95990624523256,169.95990624523256,166.27839627771098,165.23447062148458,163.06900155886208,1.3342439418437095,2.047416533397329,-0.7131725915536196
2024-09-09,166.31804962823438,170.56353813039698,166.31804962823438,170.35523986816406,615800,JBHT,168.38871931375743,168.8569039918844,170.56353813039698,166.31804962823438,165.4994060024379,162.93410514672038,1.2672958452033924,1.891392395758542,-0.6240965505551495
2024-09-10,169.98821556307462,170.5734698160873,168.09362765575418,169.17483520507812,659100,JBHT,169.45753705999857,168.62281165282093,170.5734698160873,168.09362765575418,165.72818388856268,162.9809224453237,1.1062381798948024,1.734361552585794,-0.6281233726909916
2024-09-11,168.85741315190597,169.01612668745622,163.91757166001224,167.89523315429688,818600,JBHT,167.42158616341783,169.04017435640975,169.04017435640975,163.91757166001224,165.92920411800415,163.00826808403025,0.8653701796061739,1.5605632779898702,-0.6951930983836963
2024-09-12,168.34162658359443,168.40114037892263,164.24492213326084,167.49847412109375,977700,JBHT,167.12154080421791,168.2308802599138,168.40114037892263,164.24492213326084,166.11551602396403,163.0280736956059,0.6351438726902359,1.3754793969299435,-0.7403355242397076
2024-09-13,168.91694158885358,170.0378352191941,166.3478284443853,167.3000946044922,662700,JBHT,168.15067496423129,167.67621053206585,170.0378352191941,166.3478284443853,166.32903994809462,163.0575785382964,0.43170388306776886,1.1867242941575087,-0.7550204110897398
2024-09-16,168.35153281961635,169.85928115405338,165.61379240918987,166.05023193359375,713600,JBHT,167.46870957911332,167.91344274814855,169.85928115405338,165.61379240918987,166.55727166948637,163.07671112955924,0.16768973074979954,0.982917381475967,-0.8152276507261674
2024-09-17,167.53813385041363,168.93676849108056,164.51273845925866,166.63548278808594,1309300,JBHT,166.9057808972097,167.69107616363095,168.93676849108056,164.51273845925866,166.76103575059912,163.1179702061769,0.005616719682393523,0.7874572491172523,-0.7818405294348588
2024-09-18,167.47861484652796,170.68258178364343,166.1395091746833,167.98451232910156,1001800,JBHT,168.07130453348907,167.29842853042032,170.68258178364343,166.1395091746833,167.0345631213434,163.1790755681635,-0.013812675684647502,0.6272032641568724,-0.6410159398415199
2024-09-19,171.6050832311833,174.5412231068945,171.41661279897724,173.41041564941406,887600,JBHT,172.74333369661727,167.6848665319547,174.5412231068945,167.6848665319547,167.36264735230918,163.30762547497451,0.4039578654708009,0.5825541844196581,-0.1785963189488572
2024-09-20,172.07129247678566,172.07129247678566,167.32983538216897,167.64724731445312,1132400,JBHT,169.77991691254834,170.214100114286,172.07129247678566,167.32983538216897,167.5464726150319,163.40651662605273,0.2669275349208249,0.5194288545198915,-0.25250131959906663
2024-09-23,168.38129435126254,169.08557623331876,166.6354907983191,168.8177490234375,644400,JBHT,168.23002760158448,169.99700851341717,169.99700851341717,166.6354907983191,167.63350454706273,163.48536920440066,0.24989903580581085,0.4655228907770754,-0.21562385497126457
2024-09-24,168.8971046517429,173.17235038168207,168.70863421405542,173.07315063476562,696800,JBHT,170.9628099705615,169.1135180575008,173.17235038168207,168.70863421405542,167.71379919372444,163.58562842115376,0.5731720036614547,0.4870527133539513,0.08611929030750343
2024-09-25,173.3012935200708,173.48974880731555,169.70055791535032,170.35523986816406,635000,JBHT,171.7117100277252,170.03816401403117,173.48974880731555,169.70055791535032,167.7282370148925,163.6837791015376,0.6031032762563768,0.5102628259344364,0.09284045032194044
2024-09-26,171.76381080867006,173.90639831455016,169.41290987759726,170.12710571289062,413900,JBHT,171.30255617842704,170.87493702087818,173.90639831455016,169.41290987759726,167.86207614862778,163.7568921194549,0.6014819956607198,0.5285066598796931,0.07297533578102666
2024-09-27,172.01177781844729,173.5492830080348,170.58338629097906,170.9603271484375,347500,JBHT,171.77619356647466,171.0887465996526,173.5492830080348,170.58338629097906,168.0926542274511,163.8296589808431,0.6598250727230095,0.5547703424483564,0.10505473027465306
2024-09-30,171.21823184855535,173.9361444500037,170.03782449560606,170.94049072265625,602800,JBHT,171.53317287920532,171.43247008306363,173.9361444500037,170.03782449560606,168.3153043996391,163.88793110881895,0.6964336937468261,0.5831030127080504,0.11333068103877564
2024-10-01,169.85927402028406,170.73216816818788,167.28023211988477,168.2324981689453,862800,JBHT,169.0260431193255,171.48282148113447,171.48282148113447,167.28023211988477,168.43626377540247,163.92076179149367,0.5011568974580882,0.566713789658058,-0.06555689219996974
2024-10-02,167.55798081823804,168.43089014142416,166.6454006784326,166.78427124023438,480400,JBHT,167.3546357195823,170.25443230022998,170.25443230022998,166.6454006784326,168.52923686675283,163.92257635374798,0.2269229926912999,0.4987556302647064,-0.2718326375734065
2024-10-03,165.088051278327,165.93120369904148,163.818373255061,165.38563537597656,498800,JBHT,165.0558159021015,168.80453400990615,168.80453400990615,163.818373255061,168.58325845896118,163.88685848763518,-0.10209073944787406,0.3785863563221903,-0.48067709577006434
2024-10-04,167.63733934657475,167.63733934657475,161.54684726805252,163.19346618652344,642700,JBHT,165.00374803693137,166.93017495600384,167.63733934657475,161.54684726805252,168.55025884326122,163.850199558845,-0.5335754992346722,0.1961539852108178,-0.72972948444549
2024-10-07,161.53692535480258,163.78861115225138,160.69377296089078,162.8958740234375,470500,JBHT,162.22879587284555,165.9669614964676,165.9669614964676,160.69377296089078,168.39640986766935,163.7992964976055,-0.8892922727698078,-0.02093526638530731,-0.8683570063845005
2024-10-08,163.19346007864365,165.3955611677329,162.49910728833524,163.94732666015625,584700,JBHT,163.75886379871702,164.09787868465656,165.3955611677329,162.49910728833524,168.2730134344833,163.76772606585217,-1.073976802122985,-0.23154357353284286,-0.8424332285901421
2024-10-09,164.78056561424057,166.01057291338716,163.25298933089138,164.7508087158203,799200,JBHT,164.69873414358486,163.9283712416868,166.01057291338716,163.25298933089138,168.15199040895948,163.74132445266278,-1.1423381719378938,-0.41370249321385305,-0.7286356787240407
2024-10-10,164.2746553316406,164.72102386796288,162.58836578567056,164.5821533203125,541700,JBHT,164.04154957639665,164.31355269263582,164.72102386796288,162.58836578567056,168.00832541517877,163.72583883532127,-1.196333542552054,-0.5702287030814933,-0.6261048394705607
2024-10-11,165.87169605724745,169.7700009601641,165.65346871992952,169.34347534179688,714100,JBHT,167.6596602697845,164.17755113451625,169.7700009601641,164.17755113451625,167.96487477902207,163.77596930161315,-0.8451836170452793,-0.6252196858742506,-0.21996393117102875
2024-10-14,168.62927535886547,174.2039559714048,166.94298563242802,174.04525756835938,1127100,JBHT,170.95536863276442,165.9186057021504,174.2039559714048,165.9186057021504,168.13717405876895,163.89524444997917,-0.18536348506151512,-0.5372484457117035,0.35188496065018837
2024-10-15,174.08491260859165,177.4079070232285,172.96401915405207,173.24176025390625,1655900,JBHT,174.4246497599446,168.4369871674574,177.4079070232285,168.4369871674574,168.44705468038973,164.07003960129325,0.2696053623205046,-0.3758776841052619,0.6454830464257665
2024-10-16,186.36510099287364,186.48412857192469,177.06072845791783,178.69741821289062,3017100,JBHT,182.1518440589017,171.430818463701,186.48412857192469,171.430818463701,168.8473009803055,164.33232227240526,1.0581991926120509,-0.08906230876179934,1.1472615013738503
2024-10-17,177.17976227970726,178.96525170715887,170.9107290114675,172.08120727539062,1513400,JBHT,174.78423756843108,176.79133126130137,178.96525170715887,170.9107290114675,169.09369845240258,164.51563560693106,1.1361952048904698,0.1559891939686545,0.9802060109218153
2024-10-18,172.78549449374157,175.6521915867334,172.13081249404638,175.44387817382812,1003900,JBHT,174.00309418708736,175.78778441486622,175.78778441486622,172.13081249404638,169.31866998341084,164.6960350134124,1.4526023493726825,0.4153118250494601,1.0372905243232224
2024-10-21,174.98758328516925,176.3366180061684,172.5374980555917,176.1481475830078,896300,JBHT,175.00246173248428,174.8954393009768,176.3366180061684,172.5374980555917,169.58545110745868,164.90723051538586,1.7401268473560378,0.6802748295107757,1.0598520178452622
2024-10-22,174.88838783941452,176.46556383654905,173.2616119714271,174.20394897460938,773000,JBHT,174.7048781555,174.94895051673052,176.46556383654905,173.2616119714271,169.84781807767558,165.10842533690183,1.7904720568170944,0.9023142749720394,0.888157781845055
2024-10-23,173.23185763854707,174.63049228420684,172.1308070866509,174.0353240966797,942200,JBHT,173.5071202765211,174.82691433611527,174.82691433611527,172.1308070866509,170.0701607579087,165.26820760039493,1.7960605120663615,1.081063522390904,0.7149969896754576
2024-10-24,174.1444413098771,174.58089597152687,171.33725804131694,174.39242553710938,598600,JBHT,173.61375521495756,174.1670173063182,174.58089597152687,171.33725804131694,170.289378474743,165.4172079266549,1.8084577299504758,1.2265423639028183,0.5819153660476575
2024-10-25,175.31493701560854,176.54492911181129,172.5970244008833,173.4203338623047,771000,JBHT,174.46930609765195,173.89038626063788,176.54492911181129,172.5970244008833,170.43410215946508,165.57382402916812,1.7200156704171263,1.32523702520568,0.39477864521144634
2024-10-28,174.64041369418027,177.6856673382813,172.8846810878557,177.43768310546875,700900,JBHT,175.6621113064465,174.17984617914493,177.6856673382813,172.8846810878557,170.60322748226434,165.76084539515784,1.951594444648606,1.4505085090942653,0.5010859355543407
2024-10-29,177.16985020392073,179.29259456316646,175.75137256721243,177.9832305908203,791900,JBHT,177.54926198127998,174.9209787427957,179.29259456316646,174.9209787427957,170.71258854024677,165.9651799427328,2.154309871215304,1.5912687815184732,0.5630410896968308
2024-10-30,177.47734287259718,184.17291674164474,177.22935865522504,180.41348266601562,1274500,JBHT,179.82327523387065,176.23512036203783,184.17291674164474,176.23512036203783,170.8548819023836,166.18698580876207,2.4824482214330885,1.7695046695013963,0.7129435519316922
2024-10-31,179.57033300917564,182.08986117209542,179.03469375122148,179.16363525390625,1184900,JBHT,179.9646307965997,178.02919779795423,182.08986117209542,178.02919779795423,170.9890908080115,166.39927248128618,2.6115437367752463,1.9379124829561665,0.6736312538190798
2024-11-01,179.81832747791324,181.56413104543674,179.17357452047875,179.50091552734375,771500,JBHT,180.01423714279312,178.99691429727696,181.56413104543674,178.99691429727696,171.12523426999508,166.60968043818602,2.709831313493879,2.0922962490637094,0.6175350644301698
2024-11-04,178.99500699515394,181.94106074004733,177.73524291935723,180.52259826660156,742700,JBHT,179.79847723029002,179.50557572003504,181.94106074004733,177.73524291935723,171.23647986204782,166.80576101568684,2.8374577381174504,2.2413285468744575,0.5961291912429929
2024-11-05,180.3043630456944,184.1629967350427,179.66952407563406,184.0637969970703,622400,JBHT,182.05017021336036,179.65202647516253,184.1629967350427,179.65202647516253,171.36602661519566,167.0470407904212,3.1876030380380485,2.430583445107176,0.7570195929308725
2024-11-06,189.8765533519612,195.1239078568216,188.8747025647035,191.26527404785156,1925300,JBHT,191.28510945533446,180.85109834426146,195.1239078568216,180.85109834426146,171.7521380637644,167.41156441535287,4.000084242447969,2.7444836045753345,1.255600637872634
2024-11-07,191.2751954521994,191.60253644755898,186.83132235012462,186.99002075195312,702600,JBHT,189.17476875045904,186.06810389979796,191.60253644755898,186.06810389979796,172.0956458117047,167.74726716843477,4.25001273805421,3.0455894312711096,1.2044233067831
2024-11-08,187.4075878343305,191.89144561508493,185.51860495348126,191.0165557861328,1030000,JBHT,188.95854854725738,187.6214363251285,191.89144561508493,185.51860495348126,172.4200494721476,168.08135191638857,4.718597542317809,3.38019105348045,1.3384064888373595
2024-11-11,191.48384495316247,199.23863003028572,191.48384495316247,196.0472412109375,1212200,JBHT,194.56339028688706,188.28999243619296,199.23863003028572,188.28999243619296,172.89657452459892,168.4884534820858,5.433257436613417,3.7908043301070435,1.6424531065063732
2024-11-12,194.8442303699392,197.08119091637093,191.32475245184483,191.42416381835938,1349600,JBHT,193.66858438912857,191.42669136154,197.08119091637093,191.32475245184483,173.35733620126643,168.8823277763915,5.562466194997029,4.145136703085041,1.417329491911988
2024-11-13,187.3777656824411,190.34049151441903,183.92787407401852,188.10353088378906,1740800,JBHT,187.43741553866693,192.5476378753343,192.5476378753343,183.92787407401852,173.67428036963975,169.19437433868595,5.335414404705091,4.383192243409051,0.9522221612960395
2024-11-14,188.54099501121448,189.48548652384721,183.1424703049795,183.4407196044922,1114500,JBHT,186.15241786113336,189.9925267070006,189.9925267070006,183.1424703049795,174.0265287348827,169.50564171496842,4.724760228723852,4.451505840472012,0.2732543882518401
2024-11-15,183.61967889742755,184.14660620472128,180.49787656896484,181.29324340820312,751100,JBHT,182.3893512698292,188.07247228406698,188.07247228406698,180.49787656896484,174.31923772550857,169.7768541734966,4.021175405915216,4.365439753560653,-0.3442643476454377
2024-11-18,181.81021384622537,184.26590073924845,181.54178949218982,182.9336700439453,756900,JBHT,182.63789353040224,185.2309117769481,185.2309117769481,181.54178949218982,174.60422120984146,170.0518136061397,3.5549686193190553,4.203345526712334,-0.6483769073932786
2024-11-19,181.95935622084247,182.82430949230587,179.04632843671737,179.13580322265625,884200,JBHT,180.7414493431305,183.93440265367516,183.93440265367516,179.04632843671737,174.82989945550412,170.27904167203337,2.8462306939990754,3.9319225601696823,-1.085691866170607
2024-11-20,178.95684942563577,180.74642095396413,177.3263542932388,180.52769470214844,679600,JBHT,179.3893298437468,182.33792599840285,182.33792599840285,177.3263542932388,175.0692543291107,170.49922922355742,2.369550093391638,3.6194480668140736,-1.2498979734224358
2024-11-21,181.6909155373914,184.52440510365628,178.8375527990623,180.51776123046875,793100,JBHT,181.3926586676447,180.86362792107482,184.52440510365628,178.8375527990623,175.3546766863792,170.73509635517158,1.9682865528000661,3.2892157640112725,-1.3209292112112063
2024-11-22,181.22364156806856,183.03310150434402,180.23937339906985,181.3429412841797,687000,JBHT,181.45976443891553,181.12814329435975,183.03310150434402,180.23937339906985,175.62085847587292,170.97494921198376,1.6973019990394675,2.9708330110169117,-1.2735310119774441
2024-11-25,184.1764278693935,189.99253165972905,183.6395639853806,187.2584686279297,1285100,JBHT,186.2667480356082,181.29395386663765,189.99253165972905,181.29395386663765,175.99681924500277,171.27704545724455,1.937543609708058,2.764175130755141,-0.8266315210470832
2024-11-26,186.73154570684324,189.98258435638016,184.55423485049965,189.75392150878906,932100,JBHT,187.755571605628,183.78035095112293,189.98258435638016,183.78035095112293,176.41381505917118,171.58742540488515,2.302754291072972,2.6718909628187077,-0.3691366717457356
2024-11-27,190.1317105362179,191.35457805824169,187.90468656742266,189.20709228515625,501300,JBHT,189.64951686175962,185.76796127837548,191.35457805824169,185.76796127837548,176.84537930573657,171.93997121353996,2.51902409719645,2.6413175896942565,-0.12229349249780652
2024-11-29,190.36039251672432,191.30488403395486,187.7655174058044,188.01406860351562,457500,JBHT,189.3612156399998,187.70873907006757,191.30488403395486,187.70873907006757,177.17773694460422,172.2701921484567,2.5645894453709275,2.625971960829591,-0.061382515458663356
2024-12-02,188.43162324665118,188.5708113035018,186.15490106594555,188.143310546875,470100,JBHT,187.82516154074338,188.53497735503367,188.5708113035018,186.15490106594555,177.53864183716811,172.5425572261,2.581372600301279,2.6170520887239284,-0.03567948842264945
2024-12-03,186.90056159435136,186.910498180797,183.3114817405546,183.9378204345703,475300,JBHT,185.26509048756833,188.1800694478885,188.1800694478885,183.3114817405546,177.87934309488782,172.75642382097524,2.2296237514696884,2.5395664212730806,-0.30994266980339225
2024-12-04,183.04303582079848,185.1209200925578,182.1681307925375,184.05712890625,519100,JBHT,183.59730390303594,186.72257996772842,186.72257996772842,182.1681307925375,178.13203297353732,172.92291608363084,1.9381457137843938,2.4192822797753433,-0.48113656599094945
2024-12-05,184.38522238648483,184.43492048844476,179.33466035998873,180.796142578125,627100,JBHT,182.23773645326082,185.15994193538216,185.15994193538216,179.33466035998873,178.34255350204802,173.03539525847026,1.4275569376986539,2.2209372113600057,-0.7933802736613518
2024-12-06,181.84998756010106,182.14825200785063,178.09189496139248,179.9411163330078,750800,JBHT,180.507812715588,183.6988391943215,183.6988391943215,178.09189496139248,178.52665863279125,173.19436739070952,0.9430473193577598,1.9653592329595566,-1.0223119136017969
2024-12-09,180.25926793441516,184.21619874842855,180.03060508055992,181.3230743408203,663800,JBHT,181.45728652605598,182.10332595495476,184.21619874842855,180.03060508055992,178.72028049198286,173.406467359717,0.6629404529691101,1.7048754769614674,-1.0419350239923573
2024-12-10,181.4125341341232,183.2021056411326,178.9568472937414,181.2236328125,745300,JBHT,181.1987799703743,181.78030624050535,183.2021056411326,178.9568472937414,178.91359263380622,173.61444851672266,0.4279959718815576,1.4494995759454854,-1.0215036040639278
2024-12-11,182.13830626924567,183.04303622817815,180.51776285056891,180.9552001953125,665900,JBHT,181.6635763858263,181.48954310543982,183.04303622817815,180.51776285056891,179.16634329913623,173.80130353726935,0.21763178536346572,1.2031260178290815,-0.9854942324656157
2024-12-12,181.23356669265448,182.74476207271996,179.56331009128715,180.1001739501953,656000,JBHT,180.91045320171423,181.57655974563306,182.74476207271996,179.56331009128715,179.43745964877888,173.98334825776587,-0.017870816622888697,0.9589266509386875,-0.9767974675615761
2024-12-13,179.6527920810105,180.5376336858863,178.21119825334003,178.74806213378906,538000,JBHT,179.28742153850646,181.24350647367365,181.24350647367365,178.21119825334003,179.722091761507,174.1526751102341,-0.31003851787397707,0.7051336171761546,-1.0151721350501317
2024-12-16,178.67848097930377,179.23523321857607,176.52105846694317,177.05792236328125,645000,JBHT,177.87317375702605,180.26546400609004,180.26546400609004,176.52105846694317,179.97948027590886,174.26486955958507,-0.670237598634003,0.43005937401412314,-1.1002969726481262
2024-12-17,176.0637139289153,178.2410247387912,176.03388900031646,176.28244018554688,692900,JBHT,176.65526696339245,179.06931888155805,179.06931888155805,176.03388900031646,180.26800969771983,174.33220978269458,-1.0066686464716952,0.1427137699169595,-1.1493824163886548
2024-12-18,176.1730741312823,178.05212045360176,168.95515329339938,169.30311584472656,969000,JBHT,173.1208659307525,177.86229292247526,178.05212045360176,168.95515329339938,180.45524974036053,174.3641315874219,-1.8155374359658651,-0.24893647125960544,-1.5666009647062598
2024-12-19,169.2335331829239,171.8482965210443,166.73808473024283,167.12582397460938,1144700,JBHT,168.7364346022051,175.4915794266139,175.4915794266139,166.73808473024283,180.53600374953294,174.34399707924618,-2.602263759983856,-0.7196019290044555,-1.8826618309794005
2024-12-20,167.53343586583264,170.3868137955224,164.54088504922782,169.24346923828125,2140300,JBHT,167.92615098721603,172.11400701440948,172.11400701440948,164.54088504922782,180.6136957777493,174.311010596464,-3.0200603887080604,-1.1796936209451765,-1.8403667677628839
2024-12-23,168.65688807998396,169.88970739401125,167.5632568199307,169.55166625976562,513300,JBHT,168.9153796384229,170.02007900081276,170.02007900081276,167.5632568199307,180.6388101651221,174.30184247207205,-3.2883917697415654,-1.6014332507044544,-1.686958519037111
2024-12-24,169.09434359097853,170.68506206891786,168.6966525937234,170.57571411132812,180900,JBHT,169.762943091237,169.46772931961783,170.68506206891786,168.6966525937234,180.61496165429153,174.37606785653026,-3.3794579317401485,-1.9570381869115934,-1.4224197448285552
2024-12-26,169.7206990413147,171.47049393476664,169.29318311150217,171.01315307617188,268000,JBHT,170.37438229093885,169.6153362054274,171.47049393476664,169.29318311150217,180.5339563049114,174.49050549265056,-3.377398307258744,-2.2411102109810237,-1.1362880962777204
2024-12-27,170.3669260587433,172.0968477799141,169.07445685352562,171.01315307617188,298300,JBHT,170.63784594208872,169.99485924818313,172.0968477799141,169.07445685352562,180.30367634257516,174.57548866144032,-3.337295771756118,-2.460347323136043,-0.8769484486200749
2024-12-30,169.74057133642725,169.93940925073463,167.7621136090823,169.3428955078125,388100,JBHT,169.19624742601417,170.31635259513592,170.31635259513592,167.7621136090823,180.1919165397268,174.64280749606468,-3.401084465670124,-2.648494751642859,-0.7525897140272648
2024-12-31,170.30728043734928,171.15234539113266,169.30312390883606,169.67098999023438,340700,JBHT,170.1084349318881,169.75630001057505,171.15234539113266,169.30312390883606,180.11402335462284,174.71634666901681,-3.3861297860571824,-2.7960217585257237,-0.5901080275314587
2025-01-02,171.1523313876473,172.02723636973195,168.36857039075923,170.2078399658203,538100,JBHT,170.4389945284897,169.93236747123157,172.02723636973195,168.36857039075923,180.0227540105429,174.80410255900082,-3.2929991440224455,-2.895417235625068,-0.3975819083973775
2025-01-03,172.5044607101914,175.7356261476731,170.50611462403256,174.80108642578125,610000,JBHT,173.38682197691958,170.18568099986064,175.7356261476731,170.18568099986064,179.99639288697136,174.9221054823235,-2.816093662499526,-2.8795525209999595,0.06345885850043365
2025-01-06,175.417492750815,178.1117791929375,175.17887814372645,175.37771606445312,619900,JBHT,176.02146653798303,171.78625148839012,178.1117791929375,171.78625148839012,180.0466798122006,175.05842028505467,-2.3643585857142853,-2.7765137339428247,0.4121551482285395
2025-01-07,175.62625785513384,176.83918882809692,174.07530091799683,175.45724487304688,595700,JBHT,175.49949811856862,173.90385901318658,176.83918882809692,173.90385901318658,180.08439467027281,175.18688657250794,-1.977146656656089,-2.616640318485478,0.6394936618293889
2025-01-08,174.35368803410628,177.14740104858328,173.07117053830436,176.7994384765625,618300,JBHT,175.3429245243891,174.70167856587761,177.14740104858328,173.07117053830436,180.10186703880754,175.2679845991363,-1.5441743261260115,-2.4021471200135847,0.8579727938875732
2025-01-10,173.9261799284179,175.02974779844422,172.48458608712312,173.27993774414062,671200,JBHT,173.68011288953147,175.02230154513336,175.02974779844422,172.48458608712312,180.06222707046925,175.33272727636674,-1.4681114552072927,-2.2153399870523263,0.7472285318450336
2025-01-13,172.723188523091,179.1358061841873,172.3155761013994,178.19131469726562,750000,JBHT,175.59147137648583,174.35120721733242,179.1358061841873,172.3155761013994,180.02307125837334,175.36782989931007,-0.9999966688512245,-1.972271323412106,0.9722746545608816
2025-01-14,179.5235562710399,182.2774924641819,178.56911305053282,180.5674591064453,1054300,JBHT,180.23440522304998,174.97133929690912,182.2774924641819,174.97133929690912,180.03129385815697,175.4430878802703,-0.43229411506104043,-1.664275881741893,1.2319817666808526
2025-01-15,183.1722920000354,186.4034574974887,183.1722920000354,185.46890258789062,1025600,JBHT,184.55423602136253,177.60287225997956,186.4034574974887,177.60287225997956,180.12308596265223,175.55608838533186,0.4084118571127817,-1.249738333970958,1.6581501910837397
2025-01-16,184.77294810449405,186.42331636399211,183.2716893103151,185.12091064453125,1734400,JBHT,184.89721610583314,181.07855414067103,186.42331636399211,181.07855414067103,180.22074554191303,175.67298990595407,1.034670320090811,-0.7928566031586043,1.8275269232494153
2025-01-17,173.9858324640675,177.36612256951085,170.41664102754834,171.4506072998047,3299500,JBHT,173.30480084023284,182.98788512325208,182.98788512325208,170.41664102754834,180.09087201411188,175.66367593807988,0.42302901634795376,-0.5496794792572927,0.9727084956052464
2025-01-21,171.45060724753358,174.95021223858774,171.3313075312529,173.41912841796875,1529800,JBHT,172.78781385883576,178.14634298174246,178.14634298174246,171.3313075312529,179.90562488702136,175.63582575110854,0.09603504687191844,-0.42053657403145045,0.5165716209033688
2025-01-22,172.4646898561732,175.17886442898407,172.01730077697403,173.89634704589844,850900,JBHT,173.38930052700744,175.4670784202891,175.4670784202891,172.01730077697403,179.54770870845482,175.64992338610963,-0.12318250358779892,-0.36106575994272017,0.23788325635492125
2025-01-23,174.86073500030184,175.97423945760863,168.4481022736091,169.29318237304688,1656100,JBHT,172.1440647761416,174.42818947364827,175.97423945760863,168.4481022736091,179.2070946289685,175.6513702203366,-0.6607343759579578,-0.42099948314576774,-0.23973489281219007
2025-01-24,168.7563256136234,170.06866804081878,168.0603701280556,168.9750518798828,1112200,JBHT,168.96510391559517,173.28612712489493,173.28612712489493,168.0603701280556,178.80722573633523,175.6136376042414,-1.0997414449225005,-0.5567478755011144,-0.5429935694213861
2025-01-27,169.6610218078088,173.26998963442875,169.35282078565788,173.07115173339844,994000,JBHT,171.33874599032347,171.12561552024505,173.26998963442875,169.35282078565788,178.342732850404,175.61965368750145,-1.1044057819228499,-0.6662794567854615,-0.43812632513738836
2025-01-28,172.55417150455202,175.33794779864405,171.34124051334305,171.65939331054688,755000,JBHT,172.7231882817715,171.23218075528428,175.33794779864405,171.23218075528428,177.92382492825683,175.64058056476165,-1.208093261658604,-0.77464221776009,-0.43345104389851397
2025-01-29,171.23187345673398,173.2699961522708,170.09848069083134,170.93360900878906,619500,JBHT,171.3834898271563,171.9776845185279,173.2699961522708,170.09848069083134,177.60274641402663,175.6385133918332,-1.3334597697210313,-0.8864057281522782,-0.44705404156875306
2025-01-30,170.79442272370036,173.08109662113415,169.97918273926302,172.35533142089844,695400,JBHT,171.552508376249,171.68058717284208,173.08109662113415,169.97918273926302,177.31074822432893,175.6686384796058,-1.3030715164424578,-0.9697388858103142,-0.3333326306321436
2025-01-31,171.89799411436954,174.04548000160787,169.85988652611104,170.2277374267578,1401300,JBHT,171.50777451721157,171.61654777454555,174.04548000160787,169.85988652611104,177.09311668927657,175.70617720739259,-1.4341358358685454,-1.0626182758219604,-0.371517560046585
2025-02-03,167.7720380734598,169.90957204595568,165.0876884983563,166.3304443359375,1036200,JBHT,167.27493573842733,171.56216114587858,171.56216114587858,165.0876884983563,176.78585753343708,175.69503937163924,-1.8313733032237565,-1.2163692813023197,-0.6150040219214368
2025-02-04,166.06200889815221,169.37271235106996,166.06200889815221,167.9907684326172,664000,JBHT,167.3718746449979,169.41854844215294,169.41854844215294,166.06200889815221,176.51846603947442,175.67418274748928,-1.9892813818640889,-1.3709517014146735,-0.6183296804494154
2025-02-05,168.63700297098455,169.81017245156636,167.5234985178442,169.4920196533203,1026500,JBHT,168.86567339842884,168.3952115435754,169.81017245156636,167.5234985178442,176.30799291056806,175.68862361983938,-1.9705707320605086,-1.4908755075438407,-0.4796952245166679
2025-02-06,171.1622960683638,172.96180426665052,167.87148072183578,168.05043029785156,493700,JBHT,170.01150283867543,168.63044247100214,172.96180426665052,167.87148072183578,176.0803697939887,175.71752324018394,-2.0484533255901454,-1.6023910711531018,-0.4460622544370436
2025-02-07,168.1401420195423,168.46908769863595,165.29927240729504,165.6182403564453,576800,JBHT,166.88168562047966,169.32097265483878,169.32097265483878,165.29927240729504,175.78880821761996,175.70483334674643,-2.2801491041589657,-1.7379426777542746,-0.5422064264046911
2025-02-10,166.82436319739173,167.82116268704874,164.8407267373912,166.56520080566406,724100,JBHT,166.51286335687394,168.1013291376592,168.1013291376592,164.8407267373912,175.39373052404528,175.69527488452405,-2.3601515261295276,-1.8623844474293252,-0.4977670787002024
2025-02-11,165.199588722352,167.15332257482987,164.80087497774235,166.96392822265625,653400,JBHT,166.0294286243951,167.30709624726657,167.30709624726657,164.80087497774235,174.9592076644206,175.68651136179588,-2.364127857359165,-1.9627331294152932,-0.40139472794387165
2025-02-12,163.8040607510157,166.076762353856,163.52495811276884,164.1031036376953,555400,JBHT,164.37722121383396,166.66826243583085,166.66826243583085,163.52495811276884,174.45376175146208,175.64957052859933,-2.5685155155860286,-2.0838896066494406,-0.4846259089365881
2025-02-13,164.77095887053704,165.73785559340521,162.92687372858353,164.93045043945312,622500,JBHT,164.5915346579947,165.5227418248324,165.73785559340521,162.92687372858353,173.958368131822,175.56805253821312,-2.633378289092633,-2.193787343138079,-0.4395909459545537
2025-02-14,164.88060833221053,170.30320002563684,164.88060833221053,169.43597412109375,860400,JBHT,167.3750977027879,165.05713824141355,170.30320002563684,164.88060833221053,173.5493668550629,175.54400434611554,-2.2947716978447943,-2.213984214079422,-0.08078748376537215
2025-02-18,170.33311359818836,173.8916801165033,168.54883386907085,173.70228576660156,1058900,JBHT,171.61897833759102,166.21611797210073,173.8916801165033,166.21611797210073,173.2764446120633,175.5778938534756,-1.662997836138942,-2.1037869384913264,0.44078910235238444
2025-02-19,171.55916012634842,171.86816553338437,166.47547666428602,168.70831298828125,1131700,JBHT,169.65277882807501,168.91754815484586,171.86816553338437,166.47547666428602,172.99755411056412,175.56479354205072,-1.5474463674190133,-1.9925188242768639,0.4450724568578506
2025-02-20,168.45911429307867,169.91444824503142,166.42565002002684,168.00057983398438,705800,JBHT,168.19994809803032,169.28516349146042,169.91444824503142,166.42565002002684,172.71679834345952,175.52967592275377,-1.4957372191359752,-1.8931625032486863,0.39742528411271105
2025-02-21,168.5288961987647,168.5288961987647,160.62426837499135,167.17324829101562,1116000,JBHT,166.2138272658841,168.74255579474539,168.74255579474539,160.62426837499135,172.43091863446543,175.47878863362837,-1.5041768731210254,-1.8153653772231542,0.3111885041021287
2025-02-24,167.33272558282593,167.51215740026987,161.9201116508426,162.1693115234375,925900,JBHT,164.73357653934397,167.47819153031475,167.51215740026987,161.9201116508426,172.0964444347312,175.40836246335704,-1.8928219638491726,-1.830856694548358,-0.061965269300814585
2025-02-25,162.2789678486849,162.8571134059917,158.75028896614947,160.17572021484375,943900,JBHT,161.01552260891745,166.10588403482936,166.10588403482936,158.75028896614947,171.69277928750205,175.30318596065416,-2.3347782850328826,-1.931641012645263,-0.40313727238761965
2025-02-26,159.0493378712709,161.501471519968,158.1721493774354,159.80691528320312,970600,JBHT,159.63246851296935,163.5607033218734,163.5607033218734,158.1721493774354,171.2521571300449,175.20925021459058,-2.6838535365181144,-2.0820835174198336,-0.6017700190982809
2025-02-27,159.72715659905836,160.88343245401734,157.962817233628,158.3914337158203,762100,JBHT,159.241210000631,161.59658591742138,161.59658591742138,157.962817233628,170.81877226602327,175.1281159574011,-3.0396762256893055,-2.273602059073728,-0.7660741666155775
2025-02-28,158.72038427850106,161.5812092611114,158.42134137868712,160.6741180419922,657500,JBHT,159.84926324007293,160.4188979590262,161.5812092611114,158.42134137868712,170.4300091000546,175.07605043078078,-3.1017200247961796,-2.4392256522182185,-0.6624943725779611
2025-03-03,161.49148818982465,162.47832521116916,157.01586798432925,157.31491088867188,835500,JBHT,159.57514806849872,160.13408059954958,162.47832521116916,157.01586798432925,170.06404858628403,175.02176443109644,-3.3829535431670195,-2.627971230407979,-0.7549823127590405
2025-03-04,161.54133196797858,161.54133196797858,155.17178347835107,157.11553955078125,1025900,JBHT,158.84249674127238,159.85461433402415,161.54133196797858,155.17178347835107,169.70779318184165,174.98790143978073,-3.5806452834526397,-2.8185060410169114,-0.7621392424357283
2025-03-05,156.278225340763,159.69725555566927,156.04896571315984,159.5277862548828,1084300,JBHT,157.88805821611874,159.34855553764828,159.69725555566927,156.04896571315984,169.40313702754898,174.92919338395473,-3.5022969635948016,-2.9552642255324897,-0.5470327380623119
2025-03-06,158.8798822508165,162.1593461312882,158.281796427105,161.74069213867188,743500,JBHT,160.26542923697042,158.6183068768835,162.1593461312882,158.281796427105,169.23371692024426,174.88486033488863,-3.224472631511105,-3.009105906728213,-0.21536672478289232
2025-03-07,160.8734752878025,163.82400858438783,159.13903863271986,162.9268798828125,980200,JBHT,161.69085059693066,159.44186805692698,163.82400858438783,159.13903863271986,169.10901091243858,174.86135334509396,-2.8754332050581013,-2.9823713663941906,0.10693816133608935
2025-03-10,162.5082325001068,164.01339437355423,158.48116893415212,159.697265625,845400,JBHT,161.1750153582033,160.56635932692882,164.01339437355423,158.48116893415212,168.95420362683416,174.79650689597813,-2.826833843587849,-2.9512638618329223,0.12443001824507327
2025-03-11,160.1458103690859,160.16573540780115,153.40743605474327,153.68653869628906,898700,JBHT,156.85138013197985,160.87068734256604,160.87068734256604,153.40743605474327,168.695972367649,174.65546701097028,-3.236030978132675,-3.008217285092873,-0.2278136930398018
2025-03-12,154.06533703618786,154.75313116384206,151.11481886619396,153.9556884765625,795500,JBHT,153.47224388569657,158.86103373727295,158.86103373727295,151.11481886619396,168.35792959954418,174.44594295222782,-3.4982785400689806,-3.1062295360880947,-0.39204900398088594
2025-03-13,153.52707327226247,153.9257870143124,148.81220037827148,148.95175170898438,1124500,JBHT,151.30420309345766,156.16663881148475,156.16663881148475,148.81220037827148,167.97125674257157,174.13746654257335,-4.0630511750102585,-3.2975938638725277,-0.7654573111377307
2025-03-14,151.05499647817132,151.05499647817132,146.5295332326185,148.52313232421875,1660700,JBHT,149.29066462829496,153.7354209524712,153.7354209524712,146.5295332326185,167.5731450866172,173.88253081317197,-4.493426139916977,-3.536760319081418,-0.9566658208355592
2025-03-17,147.616033287191,150.41703742929298,147.09770850192984,148.98165893554688,1426200,JBHT,148.52810953849018,151.51304279038308,151.51304279038308,147.09770850192984,167.14153857874925,173.62778096668603,-4.742829745821496,-3.7779742044294338,-0.9648555413920619
2025-03-18,149.36043684147657,149.36043684147657,145.37323875039633,146.65911865234375,1466600,JBHT,147.6883077714233,150.02057616443665,150.02057616443665,145.37323875039633,166.68652484360788,173.35463942707543,-5.069455958272073,-4.036270555197961,-1.0331854030741114
2025-03-19,147.2771328606239,147.45654947805184,144.43624807171656,146.57937622070312,1295300,JBHT,146.43732665777387,148.85444196792997,148.85444196792997,144.43624807171656,166.147534937225,173.07196391209817,-5.27394932772151,-4.283806309702672,-0.9901430180188386
2025-03-20,146.9083125133383,148.3137882232887,145.6124701448448,147.02792358398438,1081900,JBHT,146.96562361636404,147.64588431285193,148.3137882232887,145.6124701448448,165.5664180787926,172.80654894549662,-5.338281387880585,-4.494701325338254,-0.8435800625423306
2025-03-21,145.97132213546735,148.49322366959802,143.87803708826598,148.07456970214844,1121700,JBHT,146.60428814886995,147.305753964608,148.49322366959802,143.87803708826598,164.98851387939862,172.5364542748357,-5.244355745953612,-4.644632209461326,-0.5997235364922862
2025-03-24,149.70931763497748,151.72285686085138,148.0546268334182,151.53346252441406,974600,JBHT,150.2550659634153,146.95502105673899,151.72285686085138,146.95502105673899,164.48675670817912,172.29431187349334,-4.835079468069949,-4.682721661183051,-0.15235780688689804
2025-03-25,152.07174026465174,152.31097763750574,148.48327093156774,149.4700927734375,972100,JBHT,150.58402040179067,148.60504351007714,152.31097763750574,148.48327093156774,164.02483485842433,172.0435309644468,-4.623920091252444,-4.67096134719693,0.04704125594448616
2025-03-26,147.11764563331263,151.85244361486681,147.09772059297856,150.90548706054688,2268800,JBHT,149.24332422542622,149.59453195593392,151.85244361486681,147.09772059297856,163.49787191540315,171.76047158688826,-4.291283199432257,-4.5950257176439955,0.30374251821173814
2025-03-27,151.0549894489076,151.40387535768406,149.20094177159834,150.31736755371094,1043200,JBHT,150.49429353297523,149.41892809068008,151.40387535768406,149.20094177159834,162.90306968160164,171.4671817698793,-4.028682253971056,-4.481757024909408,0.45307477093835224
2025-03-28,150.5266928865925,150.5266928865925,145.29349530761482,145.65234375,794900,JBHT,147.99980620769998,149.95661081182766,150.5266928865925,145.29349530761482,162.17198108532838,171.1475335239903,-4.149168514615496,-4.415239322850626,0.2660708082351295
2025-03-31,144.53593065878056,148.88197718215997,144.31663354719163,147.4764862060547,912300,JBHT,146.3027568985467,148.97820850976382,148.97820850976382,144.31663354719163,161.4000919011827,170.81041872154782,-4.050766972875408,-4.342344852855582,0.29157787998017426
2025-04-01,146.43982517290465,149.50996960438425,144.5359343867999,149.24082946777344,774800,JBHT,147.43163965796555,147.64048270415526,149.50996960438425,144.5359343867999,160.88262867753733,170.4867503458246,-3.7867638298607176,-4.23122864825661,0.44446481839589236
2025-04-02,147.5362928697998,152.48042522796624,147.01796806568242,152.29103088378906,847800,JBHT,149.83142926180938,147.5360611810604,152.48042522796624,147.01796806568242,160.4235009855968,170.16456293630904,-3.293448846108788,-4.043672687827046,0.7502238417182578
2025-04-03,145.8018665468392,145.8018665468392,134.98658593065466,135.7939910888672,1704500,JBHT,140.59607752830004,148.6837452214349,148.6837452214349,134.98658593065466,159.76763652562266,169.65767261703874,-4.185419496654674,-4.072022049592571,-0.11339744706210286
2025-04-04,133.75055967664687,136.36218490599254,126.94242435897978,134.22903442382812,2230400,JBHT,132.82105084136182,144.63991137486747,144.63991137486747,126.94242435897978,158.98117624692705,169.09413543794778,-4.9613996605708905,-4.249897571788235,-0.7115020887826553
2025-04-07,132.76373423500078,140.14004480640187,127.68005045609327,131.64732360839844,1788800,JBHT,133.05778827647362,138.73048110811465,140.14004480640187,127.68005045609327,158.2630299341446,168.5351278352399,-5.718769601501691,-4.543671977730926,-1.1750976237707649
2025-04-08,136.15283962549603,136.52166578210182,127.1218386175517,129.04566955566406,1044900,JBHT,132.2105033952034,135.89413469229413,136.52166578210182,127.1218386175517,157.48046508224223,167.91159896632308,-6.454518800437654,-4.925841342272272,-1.5286774581653821
2025-04-09,127.8096303221001,142.91113633408952,126.64337675770464,141.19664001464844,3089500,JBHT,134.64019585713567,134.05231904374875,142.91113633408952,126.64337675770464,156.7188052337495,167.32131508100315,-5.988096525947839,-5.138292379007385,-0.8498041469404534
2025-04-10,140.03039813754924,140.34938129800003,131.09908258428666,133.91004943847656,1405100,JBHT,136.34722786457812,134.3462574504422,140.34938129800003,131.09908258428666,156.01807999449795,166.8104132042623,-6.135692037470136,-5.337772310699936,-0.7979197267701998
2025-04-11,133.49139199761433,133.8901209378722,128.4176860112194,132.45472717285156,1976800,JBHT,132.06348152988937,135.34674265751016,135.34674265751016,128.4176860112194,155.22829945757073,166.26952384094983,-6.297501213983679,-5.529718091356685,-0.7677831226269944
2025-04-14,134.3486423542074,137.9670295938719,132.20552940214768,137.37892150878906,1620400,JBHT,135.475030714754,133.70511209369977,137.9670295938719,132.20552940214768,154.5076445815216,165.80038063539908,-5.959695166345597,-5.615713506354467,-0.3439816599911296
2025-04-15,137.43872067593873,138.56509377430686,133.20232277785922,134.67758178710938,1446200,JBHT,135.97092975380355,134.59007140422688,138.56509377430686,133.20232277785922,153.88156446182913,165.3337109976331,-5.842607042246414,-5.661092213532857,-0.1815148287135564
2025-04-16,127.59034171159861,130.92962627006347,122.39701699671593,124.330810546875,2965300,JBHT,126.31194888131326,135.2805005790152,135.2805005790152,122.39701699671593,153.0603659465554,164.78941599301493,-6.509672376805639,-5.830808246187414,-0.6788641306182255
2025-04-17,125.66652351258351,129.7334600439967,125.3375778239834,128.81640625,1950100,JBHT,127.3884919076409,130.79622473016423,130.79622473016423,125.3375778239834,152.23082231673968,164.26940761365387,-6.600292313583594,-5.98470505966665,-0.615587253916944
2025-04-21,126.89258187151367,126.91251451571344,122.76583246927376,126.7131576538086,1683100,JBHT,125.82102162757737,129.09235831890257,129.09235831890257,122.76583246927376,151.34701269251772,163.7136912432532,-6.763854347922546,-6.140534917317829,-0.6233194306047167
2025-04-22,127.87939826473236,129.1154350923056,126.21475256762612,128.10867309570312,1498500,JBHT,127.82956475509181,127.45668997323997,129.1154350923056,126.21475256762612,150.56597027520993,163.17738924641495,-6.7035971105392775,-6.25314735596212,-0.45044975457715797
2025-04-23,132.19554086803856,136.01328466402092,129.23504522480883,129.94277954101562,1856200,JBHT,131.84666257447097,127.64312736416589,136.01328466402092,127.64312736416589,149.8726462595619,162.6331883918036,-6.433682269538394,-6.289254338677375,-0.14442793086101968
2025-04-24,128.79647429636762,132.97305156149477,127.93922608995516,132.5543975830078,1200100,JBHT,130.56578738270633,129.74489496931844,132.97305156149477,127.93922608995516,149.1633734347281,162.06129054957438,-5.940558008771518,-6.219515072696204,0.2789570639246861
2025-04-25,130.40132716902065,130.81000343353404,127.94919353216834,129.31480407714844,1960400,JBHT,129.61883205296786,130.15534117601237,130.81000343353404,127.94919353216834,148.4682056515108,161.46098370148644,-5.744937537028164,-6.124599565562597,0.3796620285344323
2025-04-28,129.71353131965722,131.64732489532162,129.23505658076112,130.53089904785156,1115500,JBHT,130.2817029608979,129.8870866144901,131.64732489532162,129.23505658076112,147.78200901756884,160.87018857469542,-5.429193836010427,-5.985518419652163,0.5563245836417359
2025-04-29,129.90292018034302,131.16884461405255,128.34790015956736,129.98265075683594,1118800,JBHT,129.8505789276997,130.084394787694,131.16884461405255,128.34790015956736,147.03151864206708,160.290442748565,-5.163680044057514,-5.821150744533234,0.6574707004757192
2025-04-30,127.7797286915282,130.41127872920973,125.64657839742236,130.16207885742188,1553800,JBHT,128.49991616889554,129.96748685769685,130.41127872920973,125.64657839742236,146.16913739869318,159.72279100537827,-4.882497708502825,-5.633420137327152,0.7509224288243272
2025-05-01,130.1521224192868,131.25855530016617,128.22829141002103,129.38458251953125,1770400,JBHT,129.7558879122513,129.23370151329618,131.25855530016617,128.22829141002103,145.3711995803767,159.1843768454704,-4.668579658216174,-5.440452041504957,0.771872383288783
2025-05-02,131.53766927952606,134.47822477521407,130.66048084855885,133.14251708984375,1401900,JBHT,132.45472299828566,129.49479471277374,134.47822477521407,129.49479471277374,144.65629507838182,158.68654671092065,-4.147998602858792,-5.1819613537757245,1.033962750916933
2025-05-05,131.60744319357727,134.37854472207246,131.60744319357727,133.18238830566406,1595700,JBHT,132.69395485372277,130.9747588555297,134.37854472207246,130.9747588555297,143.9858976301386,158.208408132302,-3.689684703492162,-4.883506023719012,1.1938213202268502
2025-05-06,131.6174103036287,132.58430711635154,130.25179974151598,130.45115661621094,863100,JBHT,131.22616844442678,131.83435685462624,132.58430711635154,130.25179974151598,143.31574946824026,157.70609695148573,-3.5064352053864525,-4.6080918600525,1.1016566546660478
2025-05-07,131.09907437358422,133.26212746132404,131.09907437358422,132.5244903564453,1041100,JBHT,131.99619164123445,131.5302626495265,133.26212746132404,131.09907437358422,142.73536284888658,157.21407106819433,-3.157510141206444,-4.31797551628329,1.1604653750768454
2025-05-08,134.36857788236887,137.90721920836066,133.10263823747445,137.0399932861328,1773400,JBHT,135.6046071535842,131.76322714538048,137.90721920836066,131.76322714538048,142.25480562169886,156.7534813758719,-2.4879417217034074,-3.9519687573673132,1.4640270356639058
2025-05-09,137.0399932861328,138.6300048828125,134.91000366210938,135.52999877929688,1222600,JBHT,136.5275001525879,133.68391714948234,138.6300048828125,133.68391714948234,141.800531424738,156.30965184538064,-2.055453869684186,-3.572665779830688,1.5172119101465018
2025-05-12,145.77000427246094,153.02000427246094,144.64999389648438,148.72000122070312,2835200,JBHT,148.04000091552734,135.10570865103512,153.02000427246094,135.10570865103512,141.5643461782471,155.99717763915086,-0.640992208306983,-2.986331065525947,2.345338857218964
2025-05-13,149.3699951171875,150.3800048828125,147.2899932861328,147.32000732421875,1365600,JBHT,148.5900001525879,141.57285478328123,150.3800048828125,141.57285478328123,141.34464321992888,155.70434590310649,0.3628285797568367,-2.3164991364693908,2.6793277162262275
2025-05-14,147.1199951171875,150.0,145.6199951171875,147.88999938964844,1153800,JBHT,147.65749740600586,145.08142746793456,150.0,145.08142746793456,141.12094323322356,155.41436820753262,1.1906325120376096,-1.6150728067679907,2.8057053188056003
2025-05-15,147.1300048828125,148.27999877929688,146.3300018310547,147.86000061035156,730700,JBHT,147.4000015258789,146.3694624369702,148.27999877929688,146.3300018310547,140.91118209941874,155.15715956348387,1.8232353197548434,-0.9274111814634239,2.7506465012182675
2025-05-16,147.5399932861328,148.7100067138672,146.77999877929688,148.0500030517578,849200,JBHT,147.77000045776367,146.88473198142455,148.7100067138672,146.77999877929688,140.66127352383464,154.94749522203946,2.313243579591301,-0.279280229252479,2.5925238088437803
2025-05-19,145.89999389648438,146.52000427246094,144.94000244140625,146.24000549316406,791500,JBHT,145.9000015258789,147.32736621959413,147.32736621959413,144.94000244140625,140.3454565424136,154.7272337274261,2.5264041650500815,0.2818566496080332,2.2445475154420484
2025-05-20,145.4199981689453,147.16000366210938,144.27999877929688,145.02000427246094,957100,JBHT,145.47000122070312,146.61368387273652,147.16000366210938,144.27999877929688,140.03135625966357,154.49277994324888,2.5672973563927712,0.7389447909649809,1.8283525654277903
2025-05-21,143.2100067138672,143.5,139.0800018310547,139.3699951171875,1519900,JBHT,141.29000091552734,146.0418425467198,146.0418425467198,139.0800018310547,139.72012867533454,154.2080505214918,2.119366250540935,1.0150290828801718,1.1043371676607632
2025-05-22,139.33999633789062,139.74000549316406,137.22000122070312,139.02999877929688,1727400,JBHT,138.83250045776367,143.66592173112358,143.66592173112358,137.22000122070312,139.4273338067759,153.89263170316005,1.717148539508571,1.1554529742058517,0.5616955653027194
2025-05-23,136.47000122070312,138.19000244140625,136.42999267578125,137.4199981689453,793100,JBHT,137.12749862670898,141.24921109444364,141.24921109444364,136.42999267578125,139.1437997174409,153.55752823000626,1.2540189617827195,1.1751661717212254,0.07885279006149415
2025-05-27,139.66000366210938,140.8300018310547,137.97999572753906,140.0,830900,JBHT,139.61750030517578,139.1883548605763,140.8300018310547,137.97999572753906,138.95033643097852,153.26174075879786,1.082689450522878,1.156670827481556,-0.07398137695867812
2025-05-28,140.30999755859375,140.97000122070312,138.52000427246094,138.63999938964844,578400,JBHT,139.61000061035156,139.40292758287603,140.97000122070312,138.52000427246094,138.77197425241576,152.9567564155825,0.8276285089605153,1.090862363777348,-0.2632338548168327
2025-05-29,139.6199951171875,140.42999267578125,137.6300048828125,140.0,1421400,JBHT,139.4199981689453,139.5064640966138,140.42999267578125,137.6300048828125,138.60660806036617,152.64656645198704,0.7268528511951331,1.018060461260905,-0.2912076100657719
2025-05-30,139.7899932861328,140.5399932861328,137.74000549316406,138.85000610351562,1193900,JBHT,139.22999954223633,139.46323113277955,140.5399932861328,137.74000549316406,138.46246151805542,152.3049982276402,0.5478769355489135,0.9240237561185067,-0.37614682056959325
2025-06-02,137.0800018310547,137.2899932861328,135.1999969482422,136.64999389648438,1084500,JBHT,136.55499649047852,139.34661533750796,139.34661533750796,135.1999969482422,138.25424897553773,151.91033352716516,0.22591047873470416,0.7844011006417463,-0.5584906219070421
2025-06-03,136.64999389648438,141.17999267578125,136.00999450683594,140.6300048828125,869900,JBHT,138.61749649047852,137.95080591399324,141.17999267578125,136.00999450683594,138.0945131423699,151.54151351088427,0.28857683223424146,0.6852362469602453,-0.39665941472600386
2025-06-04,140.50999450683594,140.89999389648438,138.55999755859375,140.11000061035156,790300,JBHT,140.0199966430664,138.28415120223588,140.89999389648438,138.28415120223588,137.8898117559629,151.18828423207103,0.29290395546652803,0.6067697886615019,-0.31386583319497385
2025-06-05,139.33999633789062,140.52000427246094,138.38999938964844,139.1199951171875,684600,JBHT,139.34249877929688,139.15207392265114,140.52000427246094,138.38999938964844,137.66498132351305,150.8449080909687,0.21398141774122337,0.5282121144774462,-0.31423069673622284
2025-06-06,140.6999969482422,142.0,139.33999633789062,140.2100067138672,421800,JBHT,140.5625,139.247286350974,142.0,139.247286350974,137.49136483900452,150.49461837720384,0.23666147803069748,0.4699019871880965,-0.23324050915739902
2025-06-09,141.7100067138672,142.69000244140625,139.94000244140625,141.63999938964844,786600,JBHT,141.49500274658203,139.90489317548702,142.69000244140625,139.90489317548702,137.31137902327666,150.10722435243915,0.3658072489405697,0.4490830395385912,-0.08327579059802148
2025-06-10,142.8699951171875,146.8000030517578,141.38999938964844,145.17999267578125,1111800,JBHT,144.05999755859375,140.69994796103452,146.8000030517578,140.69994796103452,137.23258285029453,149.70228196781147,0.7452137162231054,0.5083091748754941,0.2369045413476113
2025-06-11,145.67999267578125,146.00999450683594,140.75,140.89999389648438,740000,JBHT,143.3349952697754,142.37997275981414,146.00999450683594,140.75,137.1732276177191,149.28665975945088,0.6925526273840603,0.5451578653772073,0.14739476200685298
2025-06-12,139.89999389648438,141.2100067138672,138.19000244140625,140.9199981689453,601100,JBHT,140.05500030517578,142.85748401479475,142.85748401479475,138.19000244140625,137.0256948306633,148.9541617541003,0.6449973843317309,0.5651257691681121,0.07987161516361885
2025-06-13,139.14999389648438,141.05999755859375,139.07000732421875,139.85000610351562,833500,JBHT,139.78250122070312,141.45624215998527,141.45624215998527,139.07000732421875,136.82471626984116,148.624108627719,0.5150331130817278,0.5551072379508353,-0.04007412486910744
2025-06-16,141.3699951171875,143.22000122070312,140.19000244140625,142.49000549316406,944300,JBHT,141.81750106811523,140.6193716903442,143.22000122070312,140.19000244140625,136.84914474063748,148.30839063313007,0.6179381725235373,0.5676734248653758,0.05026474765816158
2025-06-17,141.24000549316406,142.74000549316406,138.60000610351562,139.08999633789062,957000,JBHT,140.4175033569336,141.21843637922973,142.74000549316406,138.60000610351562,137.0010737909489,147.991125018938,0.42029396257694884,0.5381975324076904,-0.11790356983074157
2025-06-18,139.0500030517578,140.60000610351562,138.08999633789062,139.00999450683594,1295200,JBHT,139.1875,140.81796986808166,140.81796986808166,138.08999633789062,137.12366802541945,147.69334897978203,0.25427292310359917,0.4814126105468722,-0.227139687443273
2025-06-20,140.1199951171875,140.91000366210938,138.91000366210938,139.6300048828125,1876500,JBHT,139.8925018310547,140.00273493404083,140.91000366210938,138.91000366210938,137.27730799413646,147.37888653818933,0.17076127917127337,0.4192823442717524,-0.24852106510047905
2025-06-23,139.72999572753906,142.80999755859375,138.91000366210938,142.69000244140625,1081200,JBHT,141.0349998474121,139.94761838254777,142.80999755859375,138.91000366210938,137.405204073942,147.06200465384575,0.3474883003751188,0.4049235354924257,-0.057435235117306915
