Date,Open,High,Low,Close,Volume,Ticker,HA_Close,HA_Open,HA_High,HA_Low,HA_50_MA,HA_100_MA,MACD_Line,Signal_Line,MACD_Hist
2022-01-03,164.4210588296283,166.70195442672193,164.02683296694437,166.27955627441406,2667500,ADI,165.35735062442717,165.35030755202118,166.70195442672193,164.02683296694437,,,0.0,0.0,0.0
2022-01-04,166.77699681018728,168.50409958393692,163.43545175194734,164.7777099609375,3889300,ADI,165.87356452675226,165.3538290882242,168.50409958393692,163.43545175194734,,,-0.11980540392406169,-0.02396108078481234,-0.09584432313924936
2022-01-05,164.56188519609154,166.30773668538677,162.13080389775948,162.2340545654297,3655200,ADI,163.80862008616688,165.61369680748822,166.30773668538677,162.13080389775948,,,-0.41521741400279666,-0.10221234742840922,-0.3130050665743874
2022-01-06,162.47810668692273,164.22397246942143,161.48313921402018,162.75030517578125,3584400,ADI,162.73388088653638,164.71115844682754,164.71115844682754,161.48313921402018,,,-0.6007513627942558,-0.20192015050157855,-0.39883121229267726
2022-01-07,162.47811123695453,163.0976009274728,155.81378113415715,158.47950744628906,6747500,ADI,159.9672501862184,163.72251966668196,163.72251966668196,155.81378113415715,,,-1.0799569664758906,-0.377527513696441,-0.7024294527794496
2022-01-10,157.79426839277394,160.25349277685726,155.23179336464702,159.94374084472656,6017100,ADI,158.3058238447512,161.84488492645016,161.84488492645016,155.23179336464702,,,-1.326290806904069,-0.5672801723379667,-0.7590106345661024
2022-01-11,158.4137787883553,163.35100451057943,158.12280359472598,162.97555541992188,3789300,ADI,160.71578557839564,160.0753543856007,163.35100451057943,158.12280359472598,,,-1.26231882623361,-0.7062879031170954,-0.5560309231165146
2022-01-12,164.62754466600796,164.62754466600796,161.41740780943107,163.0881805419922,1993400,ADI,163.4401694208598,160.39556998199816,164.62754466600796,160.39556998199816,,,-1.188828588606043,-0.802796040214885,-0.38603254839115797
2022-01-13,164.8340885686049,165.45359259296356,158.85497385031607,159.36183166503906,3954000,ADI,162.12612166923088,161.91786970142897,165.45359259296356,158.85497385031607,,,-1.414961462830206,-0.9252291247379493,-0.4897323380922568
2022-01-14,158.07586834192827,161.5582037617366,157.77549761244865,161.44557189941406,2869600,ADI,159.7137854038819,162.02199568532993,162.02199568532993,157.77549761244865,,,-1.4097818844764163,-1.0221396766856428,-0.3876422077907735
2022-01-18,158.33871410613148,159.6809584489344,155.97334431379883,156.28309631347656,4160300,ADI,157.56902829558533,160.86789054460593,160.86789054460593,155.97334431379883,,,-1.8014793341090467,-1.1780076081703237,-0.623471725938723
2022-01-19,156.8462551043543,158.43253967099676,152.96967954617898,153.0541534423828,3736600,ADI,155.3256569409782,159.21845942009563,159.21845942009563,152.96967954617898,,,-2.3454146096166255,-1.4114890084595841,-0.9339256011570414
2022-01-20,153.7675560688186,154.6498630236767,148.86786864055964,148.89602661132812,4021300,ADI,151.54532858609576,157.27205818053693,157.27205818053693,148.86786864055964,,,-3.076548779404817,-1.7445009626486307,-1.3320478167561862
2022-01-21,149.07435640722022,152.697481992719,147.3284907661291,149.7313995361328,5547500,ADI,149.7079321755503,154.40869338331635,154.40869338331635,147.3284907661291,,,-3.5476748753580694,-2.1051357451905184,-1.442539130167551
2022-01-24,149.25270388950761,151.79641713758278,142.17538533004011,151.53359985351562,6665200,ADI,148.68952655266153,152.05831277943332,152.05831277943332,142.17538533004011,,,-3.732596151708492,-2.430627826494113,-1.301968325214379
2022-01-25,147.7320895627848,149.797088275892,145.88297336795463,146.2115020751953,4064200,ADI,147.40591332045668,150.3739196660474,150.3739196660474,145.88297336795463,,,-4.259495593823885,-2.7964013799600678,-1.4630942138638177
2022-01-26,149.24327945243706,154.96897074532106,147.68513863208324,149.96603393554688,5850000,ADI,150.46585569134706,148.88991649325203,154.96897074532106,147.68513863208324,,,-4.324260471648955,-3.1019731982978453,-1.2222872733511099
2022-01-27,152.62242107720311,153.7018481750946,144.587674265391,145.1039276123047,4691100,ADI,149.00396778249836,149.67788609229956,153.7018481750946,144.587674265391,,,-4.7135831969084165,-3.42429519801996,-1.2892879988884567
2022-01-28,144.6627635878797,148.9711193075332,141.90316787282956,148.89602661132812,3839700,ADI,146.10826934489265,149.34092693739896,149.34092693739896,141.90316787282956,,,-4.662388452424267,-3.6719138489008216,-0.9904746035234453
2022-01-31,148.60501661892974,154.15235040027898,147.56312897670324,153.90830993652344,4504800,ADI,151.05720148310883,147.7245981411458,154.15235040027898,147.56312897670324,,,-4.169305712685514,-3.7713922216577602,-0.39791349102775353
2022-02-01,154.03036845026088,155.34445478592852,151.16752215919902,155.22242736816406,3038000,ADI,153.94119319088813,149.39089981212732,155.34445478592852,149.39089981212732,,,-3.6306439908483696,-3.7432425754958825,0.11259858464751282
2022-02-02,155.27871415759336,159.03326220891117,154.78123768659088,158.54518127441406,2824500,ADI,156.90959883187736,151.6660465015077,159.03326220891117,151.6660465015077,,,-2.902177726336646,-3.575029605664035,0.6728518793273892
2022-02-03,155.47586500547976,157.33436264844417,151.6556190548047,152.0780029296875,4452100,ADI,154.13596240960402,154.28782266669253,157.33436264844417,151.6556190548047,,,-2.814269065385872,-3.4228774976084027,0.6086084322225305
2022-02-04,150.3227222057511,152.41589320037662,147.15013862364486,151.1487274169922,5174400,ADI,150.2593703616912,154.21189253814828,154.21189253814828,147.15013862364486,,,-2.7874535563615552,-3.2957927093590333,0.5083391529974781
2022-02-07,151.19565485214608,153.23249549314482,150.4635191128918,150.9516143798828,2443300,ADI,151.46082095951635,152.23563144991974,153.23249549314482,150.4635191128918,,,-2.750402518845675,-3.186714671256362,0.43631215241068677
2022-02-08,151.05487504428572,153.63612729854188,150.55739848289915,153.11988830566406,3173200,ADI,152.0920722828477,151.84822620471806,153.63612729854188,150.55739848289915,,,-2.517062589175822,-3.052784254840254,0.5357216656644321
2022-02-09,155.23180836139235,158.01016616003696,153.44838927584274,157.88815307617188,3207900,ADI,156.144629218361,151.97014924378288,158.01016616003696,151.97014924378288,,,-1.92518753336347,-2.8272649105448977,0.9020773771814277
2022-02-10,153.76752894160484,158.0007768957688,151.14872354239904,151.74945068359375,3462600,ADI,153.6666200158416,154.05738923107194,158.0007768957688,151.14872354239904,,,-1.9292253581792522,-2.647657000071769,0.7184316418925167
2022-02-11,152.0216966426457,153.26069037580828,143.6865932064926,144.45626831054688,5455500,ADI,148.35631213387336,153.86200462345676,153.86200462345676,143.6865932064926,,,-2.492195748028081,-2.6165647496630315,0.12436900163495057
2022-02-14,145.41363204439364,147.45047247174705,142.22227219892426,144.53131103515625,4501500,ADI,144.9044219375553,151.10915837866506,151.10915837866506,142.22227219892426,,,-2.898882009929082,-2.673028201716242,-0.22585380821284007
2022-02-15,147.61946713235528,152.37834998815651,147.4599005371277,152.0967559814453,4909600,ADI,149.8886184097712,148.00679015811016,152.37834998815651,147.4599005371277,,,-2.5809638774132964,-2.654615336855653,0.07365145944235651
2022-02-16,151.9559560618286,158.5264156111713,151.65559964439768,158.01016235351562,5825200,ADI,155.0370334177283,148.94770428394068,158.5264156111713,148.94770428394068,,,-1.8307453008621337,-2.489841329656949,0.6590960287948153
2022-02-17,155.93581521935477,156.06722386507437,150.49171615495888,150.5855712890625,4702700,ADI,153.27008163211264,151.9923688508345,156.06722386507437,150.49171615495888,,,-1.8143790901774253,-2.3547488817610445,0.5403697915836192
2022-02-18,151.2238142063354,152.71624366371867,148.83968242474313,150.51983642578125,3921600,ADI,150.8248941801446,152.63122524147357,152.71624366371867,148.83968242474313,,,-1.7861236824078048,-2.2410238418903967,0.4549001594825919
2022-02-22,149.1494680950954,152.88525503294883,148.57689874288454,151.0079803466797,4269500,ADI,150.4049005544021,151.72805971080908,152.88525503294883,148.57689874288454,,,-1.7046913130305086,-2.133757336118419,0.4290660230879104
2022-02-23,152.12491018394797,153.46715426080388,146.58694311867274,146.88731384277344,5087000,ADI,149.7665803515495,151.0664801326056,153.46715426080388,146.58694311867274,,,-1.9501784790661247,-2.0970415647079603,0.1468630856418356
2022-02-24,145.56680521451753,150.9148484286235,143.39740138988378,150.71676635742188,4152200,ADI,147.64895534761166,150.41653024207756,150.9148484286235,143.39740138988378,,,-1.8148040811555006,-2.0405940679974686,0.22578998684196794
2022-02-25,150.80169074509396,152.97108052042572,148.71717273889635,152.91448974609375,2741600,ADI,151.35110843762743,149.0327427948446,152.97108052042572,148.71717273889635,,,-1.5127430252214538,-1.9350238594422657,0.422280834220812
2022-02-28,152.16935500533404,152.16935500533404,148.31159700838847,151.1884002685547,3606900,ADI,150.9596768219028,150.191925616236,152.16935500533404,148.31159700838847,,,-1.3965400135073196,-1.8273270902552765,0.4307870767479569
2022-03-01,150.47152845596102,151.62225527726127,146.71752579217664,148.03802490234375,3761800,ADI,149.21233360693566,150.5758012190694,151.62225527726127,146.71752579217664,,,-1.5408947769788028,-1.7700406275999818,0.22914585062117898
2022-03-02,148.52851892173842,152.3579811655256,148.18895991334355,150.74508666992188,2578700,ADI,149.95513666763236,149.89406741300252,152.3579811655256,148.18895991334355,,,-1.4204852366783882,-1.7001295494156632,0.27964431273727497
2022-03-03,152.29197082893978,152.51833391733874,148.05691721099643,150.23574829101562,2656100,ADI,150.77574256207265,149.92460204031744,152.51833391733874,148.05691721099643,,,-1.3505903936016068,-1.630221718252852,0.2796313246512452
2022-03-04,148.72659907599007,150.2263265509386,146.90619534537396,147.94374084472656,2778600,ADI,148.4507154542573,150.35017230119504,150.35017230119504,146.90619534537396,,,-1.4632763339878636,-1.5968326413998544,0.13355630741199076
2022-03-07,148.1040888519564,148.40591111664114,137.90790495599026,137.9739227294922,5701300,ADI,143.09795691352,149.40044387772616,149.40044387772616,137.90790495599026,,,-2.3302006516426275,-1.7435062434484092,-0.5866944081942183
2022-03-08,137.7286711307028,144.10481846007906,135.681890173162,140.0867156982422,4745200,ADI,139.40052386554652,146.24920039562306,146.24920039562306,135.681890173162,,,-2.8143179782053096,-1.9576685903997895,-0.8566493878055201
2022-03-09,144.3972361282968,146.25537668772995,142.7088822881458,144.8971405029297,3046300,ADI,144.56465890177554,142.8248621305848,146.25537668772995,142.7088822881458,,,-2.7778025889194566,-2.121695390103723,-0.6561071988157336
2022-03-10,142.2844207572997,143.17103346122093,139.45476716100495,142.01087951660156,4035700,ADI,141.7302752240318,143.69476051618017,143.69476051618017,139.45476716100495,,,-2.947780837374978,-2.2869124795579743,-0.6608683578170038
2022-03-11,144.5009909069824,145.04805905962462,138.9265692199688,139.21897888183594,3964300,ADI,141.92364951710294,142.71251787010598,145.04805905962462,138.9265692199688,,,-3.270077454894107,-2.483545474625201,-0.7865319802689061
2022-03-14,139.143536717597,140.3885771128225,135.64419126977504,137.36085510253906,3910500,ADI,138.13429005068338,142.31808369360448,142.31808369360448,135.64419126977504,,,-3.6335496082231487,-2.7135463013447905,-0.9200033068783582
2022-03-15,138.95487268770907,142.85979435153808,138.09654091519246,142.35044860839844,3309900,ADI,140.56541414070952,140.22618687214393,142.85979435153808,138.09654091519246,151.95509159599138,,-3.4788830144013048,-2.8666136439560934,-0.6122693704452113
2022-03-16,144.39719659617978,149.73581231950135,143.86899697833428,149.5660400390625,4376200,ADI,146.89201148326947,140.39580050642672,149.73581231950135,140.39580050642672,151.58578481316823,,-2.7424573579420155,-2.841782386753278,0.0993250288112626
2022-03-17,147.9626028018522,150.96204352076128,146.91563024794493,150.89601135253906,4272400,ADI,149.18407198077438,143.6439059948481,150.96204352076128,143.6439059948481,151.2519949622487,,-2.0281380367584916,-2.679053516754321,0.6509154799958292
2022-03-18,149.55664048723605,154.63115782116216,148.17010890634816,154.16897583007812,9901900,ADI,151.6317207612061,146.41398898781125,154.63115782116216,146.41398898781125,151.00845697574945,,-1.1842822793693415,-2.380099269277325,1.1958169899079834
2022-03-21,152.61263269943453,155.38569514852634,152.30136911919357,154.8952178955078,3258900,ADI,153.79872871566556,149.02285487450868,155.38569514852634,149.02285487450868,150.82975393233204,,-0.4517117943792357,-1.994421774297707,1.5427099799184714
2022-03-22,154.4896679912644,157.03636807389964,154.14068194110425,155.41403198242188,2568300,ADI,155.27018749717254,151.4107917950871,157.03636807389964,151.4107917950871,150.73581267855113,,0.16877403178423833,-1.5617826130813182,1.7305566448655565
2022-03-23,154.10293221432784,154.98011787960272,149.77355147735543,150.1036834716797,3409900,ADI,152.24007126074142,153.3404896461298,154.98011787960272,149.77355147735543,150.61449762687093,,0.22936875476727892,-1.2035523395115988,1.4329210942788777
2022-03-24,151.68829479290548,155.68752908776713,150.78279936457437,155.5932159423828,3152200,ADI,153.43795979690745,152.79028045343563,155.68752908776713,150.78279936457437,150.46894111124115,,0.7121407860520605,-0.820413714398867,1.5325545004509276
2022-03-25,155.68754808448168,156.49871607404415,153.61247153212938,156.22518920898438,2236300,ADI,155.5059812249099,153.11412012517155,156.49871607404415,153.11412012517155,150.31025734732216,,1.1326792388268245,-0.42979512375372875,1.5624743625805533
2022-03-28,154.85752116958042,157.94184799646266,154.07466291084663,157.76263427734375,2745200,ADI,156.15916658855838,154.3100506750407,157.94184799646266,154.07466291084663,150.19091824570873,,1.57189809772089,-0.02945647945880498,1.601354577179695
2022-03-29,159.4510039036756,161.81847587458807,158.2059492499798,160.51683044433594,3127700,ADI,159.99806486814484,155.23460863179955,161.81847587458807,155.23460863179955,150.196603834994,,2.1178100250165244,0.39999682143626086,1.7178132035802636
2022-03-30,159.19632061512561,160.3470476377977,156.36666683328212,157.02691650390625,2689100,ADI,158.23423789752792,157.6163367499722,160.3470476377977,156.36666683328212,150.2099080270328,,2.2429865195299215,0.768594761054993,1.4743917584749284
2022-03-31,157.47967668070456,158.40402625015452,155.70642231320298,155.8007354736328,3881500,ADI,156.84771517942372,157.92528732375007,158.40402625015452,155.70642231320298,150.24034919180176,,2.2176831607419274,1.05841244099238,1.1592707197495473
2022-04-01,157.0457725375571,157.6494313878328,153.60303313076577,155.9705047607422,2941000,ADI,156.06718545422447,157.38650125158688,157.6494313878328,153.60303313076577,150.3307863291643,,2.1861286984324977,1.2839556924804036,0.902173005952094
2022-04-04,155.79125584943904,156.5269644571451,152.53715787037618,155.1593017578125,4159600,ADI,155.00366998369321,156.7268433529057,156.7268433529057,152.53715787037618,150.43670108532717,,2.0717820431309235,1.4415209626105077,0.6302610805204159
2022-04-05,153.2823517370761,154.2255697354659,147.01938480346237,150.89601135253906,7223600,ADI,151.35582940713587,155.86525666829945,155.86525666829945,147.01938480346237,150.49002714241666,,1.6184926137060813,1.4769152928296225,0.1415773208764588
2022-04-06,148.48136645165783,154.9518420985388,148.33988951754236,151.17897033691406,6036000,ADI,150.73801710116328,153.61054303771766,154.9518420985388,148.33988951754236,150.5566692180308,,1.2674791892497979,1.4350280721136577,-0.16754888286385983
2022-04-07,150.22631990524775,153.65963250709078,150.10369697192235,152.09388732910156,3161800,ADI,151.5208841783406,152.17428006944047,153.65963250709078,150.10369697192235,150.57776978777068,,1.0510092955141204,1.3582243167937502,-0.30721502127962985
2022-04-08,151.34874580040827,151.8675041151813,149.40570489801306,149.72640991210938,3025000,ADI,150.587091181428,151.84758212389053,151.8675041151813,149.40570489801306,150.60943225574925,,0.6805744646447636,1.222694346363953,-0.5421198817191895
2022-04-11,148.7171610277185,149.11331080920996,145.9063757824528,146.0950164794922,3693700,ADI,147.45796602471836,151.21733665265927,151.21733665265927,145.9063757824528,150.63642618934577,,0.09290810435717844,0.9967370979625981,-0.9038289936054197
2022-04-12,148.39645463953968,150.49982625319714,146.18932849467788,146.6703643798828,2580000,ADI,147.93899344182438,149.33765133868883,150.49982625319714,146.18932849467788,150.57406202852007,,-0.3226763409008413,0.7328544101899103,-1.0555307510907515
2022-04-13,147.8210872081826,149.93390015338866,146.39683358426555,149.14158630371094,2335200,ADI,148.32335181238693,148.6383223902566,149.93390015338866,146.39683358426555,150.46170520095006,,-0.4474649540494795,0.4967905373420323,-0.9442554913915118
2022-04-14,149.3774145560119,150.78281441144796,147.41551959248164,147.6136016845703,5228700,ADI,148.79733756112796,148.48083710132175,150.78281441144796,147.41551959248164,150.29945997553506,,-0.6620250057179078,0.2650274287300443,-0.927052434447952
2022-04-18,147.40610254709247,152.0938969886112,147.30234799515762,151.23556518554688,2728500,ADI,149.50947817910202,148.63908733122486,152.0938969886112,147.30234799515762,150.20693029092502,,-0.5336516044603457,0.10529162209196632,-0.638943226552312
2022-04-19,151.23556745125632,153.55589001457724,149.60380437580218,153.1031494140625,2674700,ADI,151.87460281392455,149.07428275516344,153.55589001457724,149.07428275516344,150.2392349399697,,-0.278011575508458,0.028630982571881458,-0.30664255808033947
2022-04-20,155.1216197722493,156.15915081081664,151.42419299604177,152.2165069580078,2582400,ADI,153.73036763427888,150.474442784544,156.15915081081664,150.474442784544,150.28462587346493,,-0.1452848931886308,-0.006152192580220993,-0.13913270060840982
2022-04-21,153.27292526962466,155.3291336049068,149.00014887349752,149.69813537597656,3555000,ADI,151.82508578100138,152.10240520941144,155.3291336049068,149.00014887349752,150.279286143428,,-0.24053682220903738,-0.053029118505984275,-0.1875077037030531
2022-04-22,149.00958205152742,150.56590045422269,146.35914165973244,146.43460083007812,2640400,ADI,148.09230624889017,151.9637454952064,151.9637454952064,146.35914165973244,150.1182396840386,,-0.5727621796931714,-0.15697573074342172,-0.4157864489497497
2022-04-25,145.43474798786346,150.1130999942808,145.02915686906977,149.8961639404297,4487500,ADI,147.61829219791093,150.0280258720483,150.1130999942808,145.02915686906977,149.99727312768,,-0.5503894090365122,-0.23565846640203983,-0.31473094263447243
2022-04-26,148.01917062085462,148.38703939983924,144.067099910163,144.13311767578125,3661200,ADI,146.15160690165953,148.8231590349796,148.8231590349796,144.067099910163,149.95317902303572,,-0.9863188273938874,-0.38579053860040935,-0.6005282887934781
2022-04-27,141.48267515977375,146.88730932101575,141.1808385444325,143.10501098632812,3077300,ADI,143.16395850288754,147.48738296831957,147.48738296831957,141.1808385444325,149.91836975434234,,-1.39863307822975,-0.5883590465262776,-0.8102740317034725
2022-04-28,145.37818002809246,153.05597318456847,145.00088423138862,151.3393096923828,4156000,ADI,148.6935867841081,145.32567073560355,153.05597318456847,145.00088423138862,149.8944691218291,,-1.0488653371967303,-0.6804603046603681,-0.36840503253636214
2022-04-29,149.06614970987224,150.65076325661556,145.48193322476516,145.61398315429688,4835800,ADI,147.70320733638746,147.00962875985584,150.65076325661556,145.48193322476516,149.74779260020227,,-1.2195991062381495,-0.7882880649759244,-0.4313110412622251
2022-05-02,146.51945160587556,149.53774572876884,144.11424330443998,149.16989135742188,2865900,ADI,147.33533299912656,147.35641804812167,149.53774572876884,144.11424330443998,149.62909762754256,,-1.0558041215485048,-0.8417912762904405,-0.2140128452580643
2022-05-03,148.91522266400193,150.64131286997397,147.62300456240018,149.8489990234375,2441900,ADI,149.2571347799534,147.3458755236241,150.64131286997397,147.3458755236241,149.59774243953873,,-0.8612689308810388,-0.8456868072085603,-0.015582123672478576
2022-05-04,149.66982349472514,155.55550892373967,145.50080171297645,155.41403198242188,3940400,ADI,151.5350415284658,148.30150515178875,155.55550892373967,145.50080171297645,149.62034525902,,-0.2551060362695523,-0.7275706530207587,0.47246461675120643
2022-05-05,152.82013780268792,154.09347307909331,147.62299899592088,149.25477600097656,3961500,ADI,150.94784646966966,149.91827334012726,154.09347307909331,147.62299899592088,149.6439705813824,,-0.2686215556918512,-0.6357808335549773,0.3671592778631261
2022-05-06,147.66076771779848,149.75471264397706,145.585691179813,147.26461791992188,2710400,ADI,147.5664473653776,150.43305990489847,150.43305990489847,145.585691179813,149.64232042173774,,-0.4349084727513741,-0.5956063613942567,0.1606978886428826
2022-05-09,145.44420683952677,147.1702974368046,143.16162109892198,143.6049346923828,4123100,ADI,144.84526501690902,148.99975363513803,148.99975363513803,143.16162109892198,149.51220355332333,,-0.8521745658324562,-0.6469200022818966,-0.2052545635505596
2022-05-10,147.08542920185482,149.50949217524823,143.9822336693972,146.40631103515625,3157800,ADI,146.74586652041413,146.92250932602354,149.50949217524823,143.9822336693972,149.42792734729358,,-0.9459094368760645,-0.7067178892007302,-0.23919154767533435
2022-05-11,144.71791713645038,148.37760723567644,143.13331795474207,143.3596954345703,3861700,ADI,144.8971344403598,146.83418792321885,148.37760723567644,143.13331795474207,149.34162336396207,,-1.251603706408531,-0.8156950526422904,-0.43590865376624066
2022-05-12,142.46361365814107,144.95370813525153,141.45437807152476,144.2085723876953,3117700,ADI,143.27006806315316,145.86566118178933,145.86566118178933,141.45437807152476,149.20792199187247,,-1.4091277936116455,-0.9343816008361614,-0.47474619277548413
2022-05-13,146.23649227812248,150.63189100787096,145.1423704867741,149.72640991210938,4783200,ADI,147.93429092121923,144.56786462247123,150.63189100787096,144.56786462247123,149.1510929590554,,-1.0763162896880658,-0.9627685386065423,-0.11354775108152348
2022-05-16,148.302131551223,150.14140339375248,146.74582792885838,148.50021362304688,2328400,ADI,148.42239412422018,146.25107777184525,150.14140339375248,146.25107777184525,149.15052653245468,,-0.9011170513860804,-0.95043824116245,0.04932118977636957
2022-05-17,151.84864204720813,155.04614988182237,151.49964166694662,154.53680419921875,4952200,ADI,153.23280944879895,147.3367359480327,155.04614988182237,147.3367359480327,149.35322358316026,,-0.27203216571260214,-0.8147570260724805,0.5427248603598783
2022-05-18,156.8854471645559,156.8854471645559,150.1980351906485,150.83941650390625,5684400,ADI,153.70208650591664,150.28477269841582,156.8854471645559,150.1980351906485,149.63925483596765,,-0.07100761655499355,-0.6660071441689831,0.5949995276139896
2022-05-19,151.71661225217971,154.8480883464172,150.0471124592059,151.80149841308594,3812600,ADI,152.1033278677222,151.99342960216623,154.8480883464172,150.0471124592059,149.79002821528658,,0.16404672800791786,-0.49999636973360295,0.6640430977415208
2022-05-20,154.3104601126514,155.78187779028218,147.82111610631722,153.21632385253906,3977400,ADI,152.78244446544747,152.0483787349442,155.78187779028218,147.82111610631722,150.0110716001149,,0.45920020421152685,-0.308157054944577,0.7673572591561039
2022-05-23,152.44289460964745,154.21614912563976,150.8017044355708,152.3768768310547,2291100,ADI,152.4594062504782,152.41541160019585,154.21614912563976,150.8017044355708,150.2217867347824,,0.6182483197031843,-0.12287598001502475,0.741124299718209
2022-05-24,150.80169524349552,153.98033523044495,149.79244509659057,152.6598358154297,3172000,ADI,151.80857784649018,152.43740892533702,153.98033523044495,149.79244509659057,150.49527249069854,,0.7583853283752546,0.05337628166303112,0.7050090467122235
2022-05-25,151.35819039420653,153.97090822853417,150.2923494713048,153.1031494140625,2500300,ADI,152.181149377027,152.12299338591362,153.97090822853417,150.2923494713048,150.7275871954249,151.34133939570813,0.8949007609480191,0.22168117752002872,0.6732195834279904
2022-05-26,153.14085216871206,156.4704100597187,152.24479808110073,154.68772888183594,3820100,ADI,154.13594729784185,152.1520713814703,156.4704100597187,152.1520713814703,150.87246591171635,151.2291253624423,1.1180641968778673,0.40095778139159644,0.7171064154862709
2022-05-27,156.8198542103004,159.34996907946132,155.56900310588696,158.7719268798828,4942300,ADI,157.62768831888286,153.14400933965607,159.34996907946132,153.14400933965607,151.04133823847852,151.14666660036357,1.605970840862227,0.6419603932857226,0.9640104475765044
2022-05-31,158.15597869722944,160.7050499038013,155.01939438021913,159.577392578125,5102500,ADI,158.36445388984373,155.38584882926946,160.7050499038013,155.01939438021913,151.17599290105127,151.09222493840034,2.034185892950603,0.9204054932186988,1.1137803997319042
2022-06-01,160.31653452730004,160.43972836337065,154.76355790704673,156.13758850097656,3283600,ADI,157.91435232467347,156.87515135955658,160.43972836337065,154.76355790704673,151.25830537323142,151.04402965278175,2.072100085521413,1.1507444116792418,0.9213556738421711
2022-06-02,155.89118074348656,160.53447439357376,155.1046633902385,160.37338256835938,2637700,ADI,157.97592527391453,157.39475184211503,160.53447439357376,155.1046633902385,151.31242012876626,151.0241164036587,2.4160893633037688,1.4038134020041473,1.0122759612996215
2022-06-03,157.8622105001864,158.23177750359008,156.17546730933174,156.58294677734375,2539100,ADI,157.213100522613,157.6853385580148,158.23177750359008,156.17546730933174,151.4118807140037,151.0131891704373,2.355691904011735,1.594189102405665,0.7615028016060701
2022-06-06,158.58241819020404,159.98487587066052,155.93858021178553,156.61138916015625,2273800,ADI,157.77931585820158,157.4492195403139,159.98487587066052,155.93858021178553,151.49870783522957,150.98382447323536,2.2837953735199505,1.732110356628522,0.5516850168914285
2022-06-07,155.16153643105255,158.57292089340876,154.3086794709368,158.20335388183594,2108000,ADI,156.56162266930852,157.61426769925774,158.57292089340876,154.3086794709368,151.51982066411753,150.91503900571988,2.3284343616331,1.8513751576294377,0.4770592040036623
2022-06-08,157.17047918245586,159.16046449754717,155.34158571334885,156.36500549316406,2928800,ADI,157.00938372162898,157.08794518428311,159.16046449754717,155.34158571334885,151.53682500677894,150.86387162624385,2.190224188988566,1.9191449639012634,0.2710792250873024
2022-06-09,155.3984420240632,158.2791677061435,153.04836073515187,153.14312744140625,3144800,ADI,154.96727447669122,157.04866445295605,158.2791677061435,153.04836073515187,151.43620919894988,150.81640651697194,1.7999641329132885,1.8953087977036687,-0.09534466479038017
2022-06-10,150.05394138352847,151.78805371231414,148.59461493564203,148.6988525390625,3369800,ADI,149.78386564263678,156.00796946482365,156.00796946482365,148.59461493564203,151.26720175385205,150.73855489044246,1.1191633659105094,1.7400797113450368,-0.6209163454345275
2022-06-13,145.2021673832521,146.33929563879207,139.61127835888124,140.02822875976562,5861600,ADI,142.79524253517275,152.89591755373021,152.89591755373021,139.61127835888124,150.98615230096703,150.61325074638438,-0.11865523867558636,1.3683327213409122,-1.4869879600164986
2022-06-14,141.39281772742868,142.2740876086555,138.39836828228223,139.45968627929688,2765000,ADI,140.38123997441582,147.84558004445148,147.84558004445148,138.39836828228223,150.67243339137087,150.5016098602676,-1.1324577593582035,0.8681746252010891,-2.0006323845592924
2022-06-15,141.35488090854201,144.48199456480646,139.04271184803898,142.2172088623047,3263200,ADI,141.77419904592304,144.11341000943366,144.48199456480646,139.04271184803898,150.40784397261547,150.42227252897132,-1.6938686705435941,0.3557659660521525,-2.0496346365957465
2022-06-16,138.69209183116214,138.69209183116214,134.26675832338876,135.94403076171875,4722800,ADI,136.89874318685796,142.94380452767837,142.94380452767837,134.26675832338876,150.1187022482099,150.30436469531327,-2.6148416412279687,-0.2383555554038718,-2.376486085824097
2022-06-17,136.4746617487246,137.87711911793377,134.36148312057156,137.05270385742188,6723900,ADI,136.44149196116297,139.92127385726815,139.92127385726815,134.36148312057156,149.8327717454099,150.19472048172034,-3.2181617372211235,-0.8343167917673221,-2.3838449454538013
2022-06-21,139.61128477346145,142.41620030204336,139.57337230289173,140.57785034179688,3085600,ADI,140.54467693004835,138.18138290921556,142.41620030204336,138.18138290921556,149.61324760044405,150.09550869410737,-3.3729659477246514,-1.342046622958788,-2.0309193247658635
2022-06-22,139.2511965843766,141.17484248401877,138.21830582237598,139.91452026367188,3720400,ADI,139.6397162886108,139.36302991963197,141.17484248401877,138.21830582237598,149.3943001025877,150.00186617916847,-3.5087281593630166,-1.7753829302396338,-1.7333452291233828
2022-06-23,141.212729547986,141.39277761269213,136.39887299111453,137.9150390625,2946000,ADI,139.22985480357318,139.5013731041214,141.39277761269213,136.39887299111453,149.2297378781648,149.93308203375528,-3.73461183228585,-2.1672287106488772,-1.567383121636973
2022-06-24,139.85765564153846,142.18878092374422,139.48808858624164,141.84764099121094,5108900,ADI,140.84554153568382,139.3656139538473,142.18878092374422,139.3656139538473,149.087868840042,149.83096543428104,-3.5553147061340837,-2.4448459097459185,-1.1104687963881652
2022-06-27,143.18377524075672,144.34933066554203,141.70549254324436,142.7004852294922,2048300,ADI,142.98477091975883,140.10557774476555,144.34933066554203,140.10557774476555,148.98109722218945,149.72140121156974,-3.3062901842305337,-2.6171347646428416,-0.6891554195876921
2022-06-28,143.47752767658176,145.1358439526605,140.5967873054604,140.71051025390625,2786500,ADI,142.4801672971522,141.5451743322622,145.1358439526605,140.5967873054604,148.85475381690992,149.57710689622252,-3.232251423706316,-2.7401580964555365,-0.4920933272507795
2022-06-29,139.2132881682442,139.78184508256663,137.1664485741938,139.55442810058594,2586600,ADI,138.92900248139762,142.0126708147072,142.0126708147072,137.1664485741938,148.64314430295585,149.42503729694042,-3.2296321514954514,-2.8380529074635197,-0.3915792440319317
2022-06-30,137.82974897967551,141.40223954982315,135.79239507608125,138.43621826171875,4158000,ADI,138.36515046682467,140.4708366480524,141.40223954982315,135.79239507608125,148.37295525601382,149.30609509799177,-3.279977014812573,-2.9264377289333305,-0.35353928587924255
2022-07-01,136.39888800658318,137.49811828942057,133.1580658632142,135.4228515625,3175000,ADI,135.6194809304295,139.41799355743854,139.41799355743854,133.1580658632142,148.01073752193685,149.1476816977009,-3.522424869317092,-3.045635157010083,-0.47678971230700906
2022-07-05,132.57054375233395,135.66923040984278,131.24389643136115,135.57447814941406,3792500,ADI,133.764537185738,137.51873724393403,137.51873724393403,131.24389643136115,147.64952655003157,148.96440634672982,-3.660139729937839,-3.1685360715956343,-0.49160365834220476
2022-07-06,136.11457048144894,138.2656471860576,134.58891925279357,137.11903381347656,2708600,ADI,136.52204268344417,135.641637214836,138.2656471860576,134.58891925279357,147.41812127872265,148.76818048138065,-3.6031125765395586,-3.255451372584419,-0.34766120395513944
2022-07-07,139.97135619847293,141.83813295189364,139.52597873393736,140.7863006591797,2742600,ADI,140.5304421358709,136.0818399491401,141.83813295189364,136.0818399491401,147.27636427748186,148.63681870258094,-3.224826567507165,-3.2493264115689686,0.02449984406180361
2022-07-08,139.67759809182573,142.65309056751676,138.08562148747268,142.08453369140625,1997900,ADI,140.62521095955537,138.3061410425055,142.65309056751676,138.08562148747268,147.16583635863978,148.55950769083773,-2.7881357308795884,-3.157088275431093,0.3689525445515045
2022-07-11,140.41672143898987,141.44014108914882,138.59731354738568,139.82920837402344,2684900,ADI,140.07084611238696,139.46567600103043,141.44014108914882,138.59731354738568,147.10397411082977,148.51117193258605,-2.5941374000836106,-3.0444981003615967,0.45036070027798614
2022-07-12,140.68207183629153,142.31194639986856,139.67759391241637,140.29354858398438,2305800,ADI,140.7412901831402,139.7682610567087,142.31194639986856,139.67759391241637,146.94492817881041,148.41969865031973,-2.3755402022256646,-2.9107065207344105,0.5351663185087459
2022-07-13,137.8676886514236,142.1129744635345,137.58340295637518,141.37384033203125,2306900,ADI,139.73447660084113,140.25477561992443,142.1129744635345,137.58340295637518,146.78555356409947,148.26667308215087,-2.0910257886497448,-2.7467703743174776,0.6557445856677329
2022-07-14,140.95687356653372,146.08344299305094,139.50703259517036,145.27796936035156,3794000,ADI,142.95632962877664,139.9946261103828,146.08344299305094,139.50703259517036,146.6979734966925,148.16353556211752,-1.5328457895587349,-2.5039854573657294,0.9711396678069946
2022-07-15,145.7802164796347,149.9876042363054,145.29694092464396,149.69384765625,3736600,ADI,147.6896523242085,141.47547786957972,149.9876042363054,141.47547786957972,146.6666238475776,148.13218314355817,-0.7257931536800584,-2.1483469966285953,1.422553842948537
2022-07-18,150.51826228606012,151.03945030866944,146.28244743042666,147.11634826660156,2930000,ADI,148.73912707293943,144.58256509689411,151.03945030866944,144.58256509689411,146.61070555846706,148.11552540874354,-0.2908282973518226,-1.7768432567732408,1.4860149594214183
2022-07-19,148.70830326648476,153.512688800937,148.6135510230931,152.9915008544922,3582000,ADI,150.95651098625177,146.66084608491678,153.512688800937,146.66084608491678,146.6108788487987,148.12742471509054,0.5219435577496085,-1.3170858938686711,1.8390294516182797
2022-07-20,151.28582997734622,155.14260704968075,150.4424582173097,154.57403564453125,3126000,ADI,152.86123272221698,148.80867853558428,155.14260704968075,148.80867853558428,146.71677455593547,148.1795474888366,1.2790246404931906,-0.7978637869962988,2.0768884274894894
2022-07-21,155.7680070881348,156.58295158983708,153.77802195672695,156.5355682373047,2990800,ADI,155.66613721800087,150.83495562890062,156.58295158983708,150.83495562890062,146.93319199995733,148.22269777664033,2.0140790900377965,-0.23547521158947973,2.2495543016272763
2022-07-22,156.98095686650453,156.98095686650453,153.8064599933115,154.71617126464844,2944900,ADI,155.62113624774224,153.25054642345074,156.98095686650453,153.25054642345074,147.1106973945039,148.26931237089875,2.421886902089767,0.2959972111463696,2.1258896909433975
2022-07-25,154.4129333544805,154.60245232360222,151.87334735763417,154.4982147216797,3085800,ADI,153.84673693934914,154.43584133559648,154.60245232360222,151.87334735763417,147.28968944448368,148.31565640422286,2.6964077496761263,0.776079318852321,1.9203284308238053
2022-07-26,154.98148680204744,155.66376657949596,152.81145364729983,153.30421447753906,3151300,ADI,154.19023037659557,154.14128913747282,155.66376657949596,152.81145364729983,147.50809269075253,148.3580073413125,2.785512009652223,1.1779658570123013,1.6075461526399215
2022-07-27,154.70666211033438,160.7429421301421,154.70666211033438,159.51104736328125,4672500,ADI,157.41682842852302,154.1657597570342,160.7429421301421,154.1657597570342,147.6977434408986,148.424418199977,3.3187112810356894,1.606114941816979,1.7125963392187105
2022-07-28,159.87120204253878,161.99383802785076,158.53506920290158,160.78089904785156,3880200,ADI,160.29525208028568,155.79129409277863,161.99383802785076,155.79129409277863,147.9352006000199,148.5428635662373,3.799938636233037,2.0448796807001908,1.7550589555328462
2022-07-29,159.57738111057176,163.67105973386836,158.9235429182165,162.9508819580078,4744400,ADI,161.2807164301661,158.04327308653217,163.67105973386836,158.04327308653217,148.09615873964725,148.72469116140374,4.306768521186655,2.4972574487974835,1.8095110723891712
2022-08-01,161.76637439224623,163.33939468969368,160.5629066484776,162.47708129882812,2277100,ADI,162.0364392573114,159.66199475834912,163.33939468969368,159.66199475834912,148.26284579467514,148.9510503153214,4.616981415262046,2.9212022420903963,1.6957791731716498
2022-08-02,161.35890843092892,163.4910293292862,160.72401194298695,161.8232421875,2179600,ADI,161.84929797267552,160.84921700783025,163.4910293292862,160.72401194298695,148.4577651967742,149.1238967060304,4.755252426921601,3.2880122790566375,1.4672401478649633
2022-08-03,162.04117536973968,167.7078744129938,162.04117536973968,167.120361328125,2766400,ADI,164.72764662014953,161.34925749025288,167.7078744129938,161.34925749025288,148.69666923986824,149.35387041999158,5.231955715913585,3.6768009664280275,1.555154749485558
2022-08-04,167.12983389594146,168.62705820217334,165.96427860123427,167.68893432617188,2395100,ADI,167.35252625638023,163.03845205520122,168.62705820217334,163.03845205520122,148.9945316399863,149.60815918738433,5.591174022336531,4.059675577609728,1.531498444726803
2022-08-05,165.59470687026868,168.21958838973973,164.9787666771025,167.96372985839844,2495300,ADI,166.68919794887734,165.1954891557907,168.21958838973973,164.9787666771025,149.29214404203404,149.89370826636627,5.83081679464226,4.413903821016235,1.416912973626025
2022-08-08,166.98768528194302,168.43752612219473,164.67551664642917,166.64654541015625,2308600,ADI,166.68681836518078,165.94234355233402,168.43752612219473,164.67551664642917,149.58225742179712,150.154922308611,5.847048505909271,4.700532757994843,1.1465157479144281
2022-08-09,164.32489250570126,164.7797408112508,160.1838310322215,161.44415283203125,3717700,ADI,162.6831542953012,166.3145809587574,166.3145809587574,160.1838310322215,149.7532015617463,150.3128337367313,5.378126951457119,4.836051596687298,0.5420753547698212
2022-08-10,164.61869094203283,166.11591539106905,162.2496676605269,165.90744018554688,3213500,ADI,164.72292854479392,164.4988676270293,166.11591539106905,162.2496676605269,149.8951063662645,150.46822230237152,5.305494787976414,4.929940234945121,0.3755545530312929
2022-08-11,166.93084861133198,168.93977559025498,165.1019552436729,165.4051971435547,2709900,ADI,166.59444414720363,164.61089808591163,168.93977559025498,164.61089808591163,150.0597061714117,150.6178495362315,5.14806279571178,4.973564747098454,0.17449804861332652
2022-08-12,166.0495892960377,170.3422586743066,166.0495892960377,169.8684539794922,3198300,ADI,168.07747281146857,165.60267111655764,170.3422586743066,165.60267111655764,150.26296858114765,150.7606369771895,5.322094540300469,5.043270705738857,0.27882383456161186
2022-08-15,169.06296597403704,170.57913206443789,168.1342985191024,170.46542358398438,2798500,ADI,169.56045503539042,166.8400719640131,170.57913206443789,166.8400719640131,150.49465917637713,150.90353965257168,5.445415054620867,5.12369957551526,0.32171547910560694
2022-08-16,169.92531706747158,170.31382591524465,167.54680832418828,169.65997314453125,3138200,ADI,169.36148111285894,168.20026349970175,170.31382591524465,167.54680832418828,150.73762678818207,151.07475375109286,5.415725222469717,5.182104704906151,0.2336205175635664
2022-08-17,164.88399392267374,164.90295015450636,158.34549649914263,161.2167510986328,6158600,ADI,162.3372979187389,168.78087230628034,168.78087230628034,158.34549649914263,150.8287864293928,151.1637471323112,4.657212909032097,5.07712634573134,-0.4199134366992432
2022-08-18,158.94248043787152,163.4436239501284,157.24626640274306,161.2167510986328,4513300,ADI,160.21228047234393,165.55908511250962,165.55908511250962,157.24626640274306,150.90179958545352,151.21081012478552,4.0098632286005795,4.8636737223051885,-0.8538104937046089
2022-08-19,159.60582932106973,160.05120685401684,158.26971118159904,159.1983642578125,3396500,ADI,159.28127790362453,162.8856827924268,162.8856827924268,158.26971118159904,150.9472374690934,151.2420312379362,3.295973067415275,4.550133591327206,-1.2541605239119304
2022-08-22,156.50713769562745,157.56845536417572,154.3939587857139,155.25628662109375,3731100,ADI,155.93145961665272,161.08348034802566,161.08348034802566,154.3939587857139,150.96652117189265,151.20136518542128,2.384628735723709,4.117032620206507,-1.7324038844827978
2022-08-23,154.91516359015924,157.5779433971945,154.91516359015924,155.79644775390625,2128300,ADI,155.8011795828548,158.5074699823392,158.5074699823392,154.91516359015924,151.086867450697,151.17703460227455,1.6865270421643572,3.630931504598077,-1.9444044624337198
2022-08-24,155.22783857196424,156.21336009647834,153.74009985928518,155.0762176513672,3253100,ADI,155.06437904477372,157.15432478259697,157.15432478259697,153.74009985928518,151.33225018088902,151.15920124092804,1.0629073362709676,3.1173266709326555,-2.054419334661688
2022-08-25,155.68271073060671,158.4876403540017,155.5784731391441,158.31707763671875,2981700,ADI,157.01647546511782,156.10935191368534,158.4876403540017,155.5784731391441,151.66495489070306,151.16869414103698,0.8207336357697841,2.6580080639000814,-1.8372744281302973
2022-08-26,158.09912854534903,158.7055979051784,150.20554152078606,150.35716247558594,4238300,ADI,154.34185761172486,156.56291368940157,158.7055979051784,150.20554152078606,151.91630806201908,151.16207601731728,-0.013335671046803554,2.1237393169107044,-2.137074987957508
2022-08-29,149.31929936686535,150.300033258526,146.79604026789642,147.7672576904297,3353300,ADI,148.54565764592937,155.4523856505632,155.4523856505632,146.79604026789642,152.14924635120053,151.13397429970522,-0.8732588923423918,1.5243396750600853,-2.3975985674024773
2022-08-30,148.66231362491877,148.78608585094966,144.27280914074518,145.4249267578125,3670100,ADI,146.78653384360652,151.9990216482463,151.9990216482463,144.27280914074518,152.35614718884938,151.09445946712967,-1.7238888535965202,0.8746939693287642,-2.5985828229252843
2022-08-31,146.1200292129561,146.1200292129561,143.14924863601752,144.28233337402344,3535300,ADI,144.91791010898828,149.39277774592642,149.39277774592642,143.14924863601752,152.4436118524282,151.02842972643614,-2.461838422475722,0.20738749096786693,-2.669225913443589
2022-09-01,141.8638120911598,143.81574894818763,139.53098399165833,143.4824981689453,3783900,ADI,142.17326079998776,147.15534392745735,147.15534392745735,139.53098399165833,152.49428274265574,150.94429142262175,-3.075753418185286,-0.4492406908627637,-2.6265127273225226
2022-09-02,144.40610044426825,145.92004720235352,140.77833520060852,141.52102661132812,2787500,ADI,143.15637736463958,144.66430236372256,145.92004720235352,140.77833520060852,152.5728131938771,150.90127553602096,-3.6781602949963315,-1.0950246116894773,-2.583135683306854
2022-09-06,141.5019659210697,142.89214033343544,139.52145083456912,141.14013671875,2480300,ADI,141.26392345195606,143.91033986418108,143.91033986418108,139.52145083456912,152.5811808322025,150.83452483612226,-4.138599517034038,-1.7037395927583896,-2.4348599242756483
2022-09-07,142.42559387613673,144.54892896069387,141.13064206285887,143.4920196533203,2496600,ADI,142.89929613825245,142.58713165806859,144.54892896069387,141.13064206285887,152.5794713365724,150.7802842793809,-4.2645643769322135,-2.2159045495931546,-2.048659827339059
2022-09-08,142.4255861030214,145.52965498017758,141.73050609182525,144.85362243652344,2457600,ADI,143.63484240288693,142.74321389816052,145.52965498017758,141.73050609182525,152.60256483868707,150.7286593277985,-4.206037884153261,-2.613931216505176,-1.592106667648085
2022-09-09,145.19641731671797,147.7767900366462,145.19641731671797,146.80557250976562,2620300,ADI,146.24379929496195,143.1890281505237,147.7767900366462,143.1890281505237,152.74886077495836,150.6960025389571,-3.9565406217554937,-2.88245309755524,-1.0740875242002539
2022-09-12,148.00531365786097,148.3957068620443,146.33901608430753,148.20526123046875,3866800,ADI,147.7363244586704,144.71641372274283,148.3957068620443,144.71641372274283,152.93628425479528,150.65461975540455,-3.604320696325061,-3.0268266173092044,-0.5774940790158567
2022-09-13,143.77763122249814,144.92023200854112,140.73069095006448,141.15916442871094,4202100,ADI,142.64692965245368,146.2263690907066,146.2263690907066,140.73069095006448,153.07683322923577,150.5437853755863,-3.849371830714091,-3.191335659990182,-0.6580361707239089
2022-09-14,142.3684575895836,144.05378797098052,140.91163870182118,143.06353759765625,2272900,ADI,142.59935546501038,144.43664937158013,144.43664937158013,140.91163870182118,153.2535295948212,150.45152807242638,-3.8455801666219145,-3.322184561316529,-0.5233956053053856
2022-09-15,142.53985144897354,143.54914936225583,139.95947878825547,140.79737854003906,3142400,ADI,141.71146453488097,143.51800241829525,143.54914936225583,139.95947878825547,153.35731803184996,150.3877196552863,-3.97956143534401,-3.4536599361220253,-0.5259014992219848
2022-09-16,139.7118874269889,142.330354690749,138.22650468563495,142.16848754882812,4592400,ADI,140.60930858805025,142.61473347658813,142.61473347658813,138.22650468563495,153.35889536089354,150.3176298191877,-3.929805170133477,-3.548888982924316,-0.3809161872091611
2022-09-19,140.98782710479426,143.1968540786978,140.79738147050708,142.45416259765625,2398200,ADI,141.85905631291385,141.6120210323192,143.1968540786978,140.79738147050708,153.3835722679607,150.27470431330025,-3.8232493439778636,-3.603761055135026,-0.21948828884283778
2022-09-20,141.5876824424489,143.3111078950868,141.1687252990307,142.61602783203125,2574300,ADI,142.17088586714942,141.73553867261654,143.3111078950868,141.1687252990307,153.42557306305596,150.26477358694285,-3.683283315114039,-3.619665507130829,-0.06361780798321037
2022-09-21,142.7873900593821,146.6341496709965,141.2448650987359,141.340087890625,3315600,ADI,143.00162317993488,141.95321226988298,146.6341496709965,141.2448650987359,153.47077972299184,150.20785395090113,-3.633432965146426,-3.6224189987339486,-0.011013966412477316
2022-09-22,140.91162559543946,141.23535986728444,137.3028936185343,138.38836669921875,3355700,ADI,139.45956144511925,142.47741772490895,142.47741772490895,137.3028936185343,153.4652814198774,150.12541749198846,-3.788434718017328,-3.655622142590625,-0.1328125754267031
2022-09-23,136.93155863811077,137.47430248530827,133.38948525006967,135.1319580078125,4839300,ADI,135.73182609532532,140.96848958501408,140.96848958501408,133.38948525006967,153.32079134920838,150.0093824229504,-4.126472286469777,-3.7497921713664555,-0.3766801151033219
2022-09-26,135.84610061891698,136.86492955628526,133.89414909152995,134.0845947265625,4502400,ADI,135.17244349832367,138.3501578401697,138.3501578401697,133.89414909152995,153.0704471726907,149.86853551013414,-4.427841557277617,-3.8854020485486878,-0.5424395087289291
2022-09-27,135.86508984558807,137.04577091446808,133.17996445547865,135.0271759033203,2964300,ADI,135.27950027971377,136.76130066924668,137.04577091446808,133.17996445547865,152.80125463682617,149.70598009764663,-4.538305689168851,-4.015982776672721,-0.5223229124961302
2022-09-28,134.11314402140468,138.39790882044048,133.22761840787783,137.66473388671875,3307000,ADI,135.85085128411043,136.02040047448023,138.39790882044048,133.22761840787783,152.49914144278335,149.55501014579104,-4.3627295922407825,-4.085332139786334,-0.2773974524544487
2022-09-29,136.0650873160287,136.0650873160287,133.22762478147664,135.19862365722656,3453500,ADI,135.13910576769015,135.93562587929534,136.0650873160287,133.22762478147664,152.1446989036928,149.43073672981416,-4.372178997943365,-4.142701511417741,-0.22947748652562439
2022-09-30,134.12267178479814,135.8080168157815,132.58016097652012,132.6753692626953,3525900,ADI,133.79655470994877,135.53736582349273,135.8080168157815,132.58016097652012,151.70730725353178,149.32024962674456,-4.531042227639404,-4.220369654662074,-0.31067257297732986
2022-10-03,134.52257063273828,139.59763825721328,133.16097456539552,138.1884307861328,4708300,ADI,136.36740356036995,134.66696026672076,139.59763825721328,133.16097456539552,151.32223259978434,149.2164649971441,-4.164083528492995,-4.2091124294282585,0.04502890093526357
2022-10-04,141.15920924780696,144.4918044071144,140.93068320645676,143.63485717773438,4181800,ADI,142.5541385097781,135.51718191354536,144.4918044071144,135.51718191354536,151.0963806311929,149.19303503783829,-3.3946535702477547,-4.0462206575921575,0.6515670873444028
2022-10-05,141.96854381384506,145.643920362064,141.7209703310007,144.62509155273438,3052000,ADI,143.48963151491103,139.03566021166174,145.643920362064,139.03566021166174,150.8823686539592,149.19523067235588,-2.6741452645541983,-3.771805578984566,1.0976603144303678
2022-10-06,144.09188149750727,146.27234430873432,143.51105724192897,143.7490997314453,2286500,ADI,144.40609569490397,141.26264586328637,146.27234430873432,141.26264586328637,150.62215399928684,149.15994872009273,-2.149049554788263,-3.447254374145306,1.2982048193570428
2022-10-07,140.60693165999604,141.52102118450074,137.23625650436517,137.98846435546875,4351100,ADI,139.3381684260827,142.83437077909517,142.83437077909517,137.23625650436517,150.20301232620278,149.06910646311135,-2.1726970537129375,-3.1923429100588323,1.0196458563458948
2022-10-10,138.19795749821367,138.5216918212876,132.26594228263485,134.16075134277344,3828700,ADI,135.78658573622738,141.0862696025889,141.0862696025889,132.26594228263485,149.69312971232398,148.89464422598562,-2.471808843869354,-3.0482360968209368,0.5764272529515826
2022-10-11,132.98006059747465,134.32262373304212,130.4092046016599,132.16119384765625,4735300,ADI,132.46827069495822,138.43642766940815,138.43642766940815,130.4092046016599,149.10176634107694,148.68230606787603,-2.8374957862648387,-3.0060880347097174,0.16859224844487875
2022-10-12,132.38019981902832,133.62754024981098,131.78032804310985,131.96124267578125,2541100,ADI,132.4373276969326,135.45234918218318,135.45234918218318,131.78032804310985,148.51352693556208,148.48564606616813,-3.1076170364819404,-3.0263938350641624,-0.08122320141777806
2022-10-13,128.2573000842676,137.05535638839945,127.09565148581204,135.92227172851562,5040500,ADI,132.08264492174868,133.94483843955788,137.05535638839945,127.09565148581204,147.86062690159406,148.27864807073115,-2.967856529892771,-3.014686374029884,0.04682984413711333
2022-10-14,137.70282156915616,138.01703941449904,129.97120577247162,130.19020080566406,4970400,ADI,133.97031689044772,133.01374168065328,138.01703941449904,129.97120577247162,147.19298271427542,148.09375717713084,-3.281795049574413,-3.06810810913879,-0.21368694043562275
2022-10-17,133.35139161248873,134.522556470544,131.16139803175653,132.4658660888672,5039800,ADI,132.8753030509141,133.4920292855505,134.522556470544,131.16139803175653,146.51670481631615,147.9044244291751,-3.3088243509546658,-3.1162513575019655,-0.1925729934527003
2022-10-18,137.72190306678405,138.26464707801662,132.67539788406842,134.35122680664062,3280300,ADI,135.75329370887744,133.18366616823232,138.26464707801662,132.67539788406842,145.89803432319007,147.7401458724936,-3.1418946084421293,-3.1213800076899982,-0.020514600752131074
2022-10-19,134.02741615085984,136.13171780683416,132.5991614473082,134.57015991210938,2465400,ADI,134.3321138292779,134.46847993855488,136.13171780683416,132.5991614473082,145.3310135138696,147.54210753780796,-2.9578393817245967,-3.088671882496918,0.13083250077232123
2022-10-20,135.62708350454776,139.73093346779282,134.49399899370178,135.2843017578125,3341100,ADI,136.28407943096371,134.40029688391638,139.73093346779282,134.40029688391638,144.762236531593,147.32867144892876,-2.7229604171835717,-3.015529589434249,0.29256917225067713
2022-10-21,135.14148229706382,140.36890087278405,134.2083597570877,139.57859802246094,3612400,ADI,137.32433523734912,135.34218815744003,140.36890087278405,134.2083597570877,144.17683435339595,147.11827026240383,-2.1653426042842057,-2.8454921924042402,0.6801495881200346
2022-10-24,138.0455847450547,139.85471622932923,135.56995178141065,137.6171112060547,3334500,ADI,137.77184099046232,136.33326169739456,139.85471622932923,135.56995178141065,143.57072171697578,146.91684514906171,-1.8602581652383776,-2.648445386971068,0.7881872217326902
2022-10-25,138.12176980493751,140.45458326283944,137.50286515268448,139.36911010742188,3644800,ADI,138.8620820819708,137.05255134392843,140.45458326283944,137.05255134392843,142.9567542579074,146.7257067171423,-1.460271775959626,-2.4108106647687797,0.9505388888091537
2022-10-26,135.9413135566623,138.68355324849668,133.8179640178565,134.6177978515625,6726400,ADI,135.7651571686445,137.95731671294962,138.68355324849668,133.8179640178565,142.28482777902312,146.51122728360258,-1.5092729127362077,-2.2305031143622656,0.7212302016260579
2022-10-27,135.67468781006747,136.49355446616786,133.34186004317004,133.9512481689453,4666400,ADI,134.86533762208768,136.86123694079706,136.86123694079706,133.34186004317004,141.73538857309006,146.28208750124145,-1.583636479903987,-2.10112978747061,0.5174933075666228
2022-10-28,134.7320544408467,139.00730295352997,134.39878913064533,137.9503936767578,3482000,ADI,136.52213505044494,135.86328728144235,139.00730295352997,134.39878913064533,141.2615856646521,146.0816926250528,-1.3048312401113265,-1.9418700779987532,0.6370388378874268
2022-10-31,136.931561767632,136.9982206397771,133.8751042843787,135.79847717285156,3078300,ADI,135.90084096615985,136.19271116594365,136.9982206397771,133.8751042843787,140.79397692590283,145.87060719749812,-1.2431870697578802,-1.8021334763505787,0.5589464065926986
2022-11-01,138.1693695716919,138.93110836882428,136.46499190755944,137.7789764404297,2322800,ADI,137.83611157212633,136.04677606605173,138.93110836882428,136.04677606605173,140.4320699650123,145.69929556845244,-1.0227344355174068,-1.6462536681839444,0.6235192326665375
2022-11-02,138.48362390797647,140.74026243219924,134.27503374139718,134.48451232910156,3327700,ADI,136.9958581026686,136.94144381908905,140.74026243219924,134.27503374139718,140.05596353540858,145.5714154930528,-1.101166295799402,-1.537236193707036,0.43606989790763406
2022-11-03,132.73248748132576,134.26548170811967,131.19949325453186,131.4185028076172,3706400,ADI,132.40399131289863,136.96865096087882,136.96865096087882,131.19949325453186,139.60275578077105,145.46750298083006,-1.394648811457273,-1.5087187172570835,0.11406990579981047
2022-11-04,135.5128491981847,138.44552018202637,134.36071703891963,137.38861083984375,5004300,ADI,136.42692431474362,134.68632113688872,138.44552018202637,134.36071703891963,139.19096475776357,145.42795982423334,-1.132443887405259,-1.4334637512867188,0.30101986388145985
2022-11-07,138.83592033062695,142.05425992657072,136.9982390065752,141.8066864013672,3981600,ADI,139.92377641628502,135.55662272581617,142.05425992657072,135.55662272581617,138.90260313385477,145.40945559793693,-0.5616682595232874,-1.2591046529340326,0.6974363934107453
2022-11-08,143.9109882023581,148.15767323725126,142.8540788111579,143.81576538085938,4968300,ADI,144.68462640790668,137.7401995710506,148.15767323725126,137.7401995710506,138.8253825090943,145.48731443014742,0.05218980922722949,-0.9968457605017803,1.0490355697290097
2022-11-09,142.00661479327388,143.62530067745476,140.53074857897747,141.14013671875,3696300,ADI,141.82570019211403,141.21241298947865,143.62530067745476,140.53074857897747,138.7261658360645,145.54115651245695,0.3190975218494998,-0.7336571040315243,1.052754625881024
2022-11-10,148.45283831352765,153.07085441116476,147.1102750349952,152.6995086669922,5617300,ADI,150.33336910666995,141.51905659079634,153.07085441116476,141.51905659079634,138.8344750160181,145.63904343422314,1.4466919532868587,-0.2975872925678477,1.7442792458547065
2022-11-11,151.77588204608043,157.00330022718725,151.6901902387574,156.21299743652344,3211500,ADI,154.17059248713713,145.92621284873314,157.00330022718725,145.92621284873314,139.0744216497611,145.78435219620843,2.5939266723153196,0.2807155004087858,2.313211171906534
2022-11-14,155.31795746302376,158.831466900178,153.15654213920814,153.5469207763672,4269700,ADI,155.21322181969427,150.04840266793514,158.831466900178,150.04840266793514,139.31555853886218,145.94418586636962,3.2505183947061767,0.874676079268264,2.3758423154379127
2022-11-15,159.4503900944306,159.83125227210147,154.78474850867798,157.26991271972656,4158100,ADI,157.83407589873417,152.63081224381472,159.83125227210147,152.63081224381472,139.64696158779776,146.11407121000013,4.024889974457523,1.5047188583061157,2.520171116151407
2022-11-16,154.146813578301,154.3562921580933,152.5662077594907,153.5564727783203,3859000,ADI,153.65644656855133,155.23244407127444,155.23244407127444,152.5662077594907,139.86210459640373,146.22078796648805,4.289494835353281,2.061674053715549,2.2278207816377322
2022-11-17,150.87132981102826,153.95636576409535,150.52854803846526,153.74688720703125,2835400,ADI,152.27578270515502,154.4444453199129,154.4444453199129,150.52854803846526,140.0349234024491,146.31874412056808,4.463112959025153,2.54196183477747,1.9211511242476833
2022-11-18,155.73692142064317,156.04162279169836,153.2708046306296,154.1087188720703,4016500,ADI,154.78951692876038,153.36011401253396,156.04162279169836,153.2708046306296,140.20583775512506,146.4773492650417,4.577140932799409,2.948997654381858,1.6281432784175514
2022-11-21,153.4516995610893,154.26103523229048,151.5378288260388,151.62353515625,6276300,ADI,152.71852469391715,154.07481547064717,154.26103523229048,151.5378288260388,140.30548175983,146.62088300731264,4.416069665032325,3.2424120565119514,1.1736576085203732
2022-11-22,157.27945525318702,160.77393241918932,154.92760839643498,160.37400817871094,5739900,ADI,158.33875106188057,153.39667008228216,160.77393241918932,153.39667008228216,140.61931818801853,146.84807570862714,4.9375920790859595,3.5814480610267534,1.3561440180592061
2022-11-23,161.249966149553,165.0110340635722,159.67887721630746,161.1071319580078,3851800,ADI,161.7617523468601,155.86771057208136,165.0110340635722,155.86771057208136,141.00256612565553,147.12804786023835,5.348406214039585,3.93483969162932,1.4135665224102651
2022-11-25,160.9548275468075,161.39283218619212,158.99335946257102,159.0980987548828,1698600,ADI,160.10977948761337,158.81473145947075,161.39283218619212,158.81473145947075,141.37053242471018,147.36392522828007,5.449053885175175,4.237682530338491,1.2113713548366842
2022-11-28,157.0033195699427,159.29805288625954,154.76571413221268,156.1654052734375,3910900,ADI,156.8081229654631,159.46225547354206,159.46225547354206,154.76571413221268,141.69450871225843,147.52670203657598,5.231864359651297,4.436518896201052,0.7953454634502446
2022-11-29,156.87951540767077,157.1175578946793,154.64192474716688,156.05113220214844,2685800,ADI,156.17253256291633,158.1351892195026,158.1351892195026,154.64192474716688,141.9807782372585,147.6821752526096,4.992963439555069,4.547807804871856,0.4451556346832133
2022-11-30,156.68909056784713,163.95415221012405,154.91805381277027,163.6875457763672,5396300,ADI,159.81221059177716,157.15386089120946,163.95415221012405,154.91805381277027,142.33360473175105,147.8795888974035,5.358063078567739,4.709858859611033,0.6482042189567059
2022-12-01,164.92537124180606,164.92537124180606,161.64037313558617,163.27810668945312,3222200,ADI,163.69230557716287,158.48303574149332,164.92537124180606,158.48303574149332,142.7474183796956,148.10909905134372,5.550387448882901,4.877964577465407,0.6724228714174947
2022-12-02,159.91156353803314,161.43225017112286,158.03701028550077,161.27923583984375,3055200,ADI,160.16501495862514,161.0876706593281,161.43225017112286,158.03701028550077,143.16152744996572,148.31340443492155,5.478362572108182,4.998044176393962,0.4803183957142201
2022-12-05,160.5427681248531,161.5374267712247,159.50984495729097,160.5236358642578,2615800,ADI,160.52841892940666,160.62634280897663,161.5374267712247,159.50984495729097,143.65745930664735,148.48912532792787,5.299225561515897,5.058280453418349,0.24094510809754777
2022-12-06,160.43756954818093,161.1070527616958,158.0943710040591,159.25161743164062,3572100,ADI,159.7226526863941,160.57738086919164,161.1070527616958,158.0943710040591,144.14846349040874,148.60945533154973,4.9970144610252305,5.046027254939726,-0.04901279391449531
2022-12-07,159.04123082664177,161.1357686693085,157.81702859238172,158.7734375,1881600,ADI,159.191866397083,160.15001677779287,161.1357686693085,157.81702859238172,144.62671081275613,148.71398272479118,4.665147940897128,4.969851392131207,-0.3047034512340785
2022-12-08,159.787253699597,162.39824610273112,158.68737462738306,162.25477600097656,2836300,ADI,160.78191260767193,159.67094158743794,162.39824610273112,158.68737462738306,145.12533203922737,148.81223674100536,4.6296880925453365,4.901818732214033,-0.27213063966869644
2022-12-09,161.12618869537548,162.933800709883,160.58102868460597,161.3270263671875,2514900,ADI,161.492011114263,160.22642709755493,162.933800709883,160.22642709755493,145.65239014615884,148.89854452492582,4.475137664018206,4.816482518574868,-0.3413448545566622
2022-12-12,161.79566185330822,164.8274757527567,160.42800438491744,164.75096130371094,2966800,ADI,162.95052582367333,160.85921910590895,164.8274757527567,160.42800438491744,146.2354695684333,148.9713884109825,4.576186837014291,4.768423382262753,-0.19223654524846268
2022-12-13,170.25033450192433,172.105770009908,166.10908242125706,167.84019470214844,4778100,ADI,169.07634540880946,161.90487246479114,172.105770009908,161.90487246479114,146.88964840540208,149.10594050259323,4.849640712746833,4.78466684835957,0.06497386438726327
2022-12-14,168.2036138194078,169.14090496661726,162.69470429232123,164.19625854492188,3202500,ADI,166.05887040581703,165.4906089368003,169.14090496661726,162.69470429232123,147.35974304332288,149.2280618372579,4.717934275633212,4.771320333814298,-0.05338605818108633
2022-12-15,161.84349394287838,162.36952168743343,158.2760933012155,158.8499298095703,3985000,ADI,160.3347596852744,165.77473967130868,165.77473967130868,158.2760933012155,147.69664560673016,149.28950713034467,4.134492076491824,4.643954682349804,-0.5094626058579799
2022-12-16,158.07523334879926,159.9593597098836,156.9179869607052,159.54811096191406,7411900,ADI,158.62517274532553,163.05474967829156,163.05474967829156,156.9179869607052,147.9810271477386,149.30159057351273,3.6859578861664204,4.452355323113127,-0.7663974369467068
2022-12-19,160.1410883257526,160.18891168344103,156.6119375954887,157.94134521484375,2621800,ADI,158.72082070488153,160.83996121180854,160.83996121180854,156.6119375954887,148.36868019331456,149.28584625975864,3.1643619465592394,4.19475664780235,-1.030394701243111
2022-12-20,156.58324655487158,158.58213740165056,156.43021764767053,157.16665649414062,2102300,ADI,157.19056452458332,159.78039095834504,159.78039095834504,156.43021764767053,148.7967597690817,149.24494474070286,2.6578445238871495,3.8873742230193105,-1.229529699132161
2022-12-21,158.17090267169365,160.52366030578656,158.01787375090876,160.11241149902344,2181400,ADI,159.2062120568531,158.4854777414642,160.52366030578656,158.01787375090876,149.33151859631957,149.21664246869827,2.465700566070467,3.603039491629542,-1.137338925559075
2022-12-22,157.64486171515617,157.64486171515617,154.03919651103385,156.6119384765625,2972000,ADI,156.48521460447716,158.84584489915864,158.84584489915864,154.03919651103385,149.81247633447046,149.16300163501626,2.0078212632420502,3.2839958459520435,-1.2761745827099933
2022-12-23,155.60769271163704,156.96579131562547,154.22090301411382,156.697998046875,1498300,ADI,155.87309627206284,157.6655297518179,157.6655297518179,154.22090301411382,150.28828536147677,149.0744561315354,1.633067914632278,2.9538102596880904,-1.3207423450558125
2022-12-27,156.43977590860618,156.56409911421906,154.1252540440924,155.12948608398438,1932000,ADI,155.5646537877255,156.76931301194037,156.76931301194037,154.1252540440924,150.7201720994223,148.95657740684885,1.1957238192272825,2.602192971595929,-1.4064691523686466
2022-12-28,154.460032882367,156.43980625305164,153.08280177121964,153.293212890625,1499900,ADI,154.31896344931582,156.16698339983293,156.43980625305164,153.08280177121964,151.14904530739034,148.83287506185326,0.6929654974969424,2.2203474767761318,-1.5273819792791894
2022-12-29,155.492972969185,157.59706979630147,154.46004952453302,156.83193969726562,2148900,ADI,156.09550799682128,155.24297342457436,157.59706979630147,154.46004952453302,151.5558895931492,148.72696195816965,0.5734610818847159,1.8909701977978486,-1.3175091159131327
2022-12-30,155.28255952817946,157.00409857711233,153.75229935276298,156.8797607421875,1619400,ADI,155.72967955006055,155.6692407106978,157.00409857711233,153.75229935276298,151.98384090756485,148.65742721071723,0.47711188142005767,1.6081985345222904,-1.1310866531022328
2023-01-03,158.352611945639,158.95513956567717,154.40263893355265,155.3686065673828,4475700,ADI,156.7697492530629,155.69946013037918,158.95513956567717,154.40263893355265,152.39355430400684,148.5778954177999,0.2756395322804792,1.3416867340739282,-1.066047201793449
2023-01-04,158.17088467836703,160.28453985590215,156.62149257054892,158.6777801513672,3477900,ADI,158.43867431404632,156.23460469172105,160.28453985590215,156.23460469172105,152.81584108554077,148.49633771946836,0.37862929355983965,1.1490752459711107,-0.770445952411271
2023-01-05,157.30056062870474,158.40999836827342,152.62372205780005,152.7289276123047,4750300,ADI,155.26580216677073,157.33663950288368,158.40999836827342,152.62372205780005,153.16572030906696,148.36822101302138,-0.019547925574528335,0.915350611661983,-0.9348985372365113
2023-01-06,154.7086877552622,159.48117309128475,152.95845783756624,158.30479431152344,3483400,ADI,156.36327824890915,156.3012208348272,159.48117309128475,152.95845783756624,153.51574423240575,148.23624924515659,0.113511117213136,0.7549827127722136,-0.6414715955590776
2023-01-09,160.09327010241407,162.50342438953615,158.457804616314,159.81591796875,3734100,ADI,160.21760426925354,156.33224954186818,162.50342438953615,156.33224954186818,154.00479317441793,148.14481047672052,0.3370115579541846,0.6713884818086079,-0.3343769238544233
2023-01-10,159.24205762090935,162.35038607296914,159.24205762090935,161.84349060058594,2351900,ADI,160.66949797884345,158.27492690556085,162.35038607296914,158.27492690556085,154.52087638155305,148.12813247732157,0.6700218390463988,0.6711151532561661,-0.0010933142097673265
2023-01-11,160.40888275904973,162.7138314358356,160.01675165430726,162.38864135742188,3068900,ADI,161.38202680165364,159.47221244220214,162.7138314358356,159.47221244220214,155.01807421657722,148.13982994061465,0.9667795630793989,0.7302480352208127,0.23653152785858622
2023-01-12,162.60863211326884,163.20160091334722,159.8733022967426,161.31747436523438,2478100,ADI,161.75025242214826,160.4271196219279,163.20160091334722,159.8733022967426,155.53506244569698,148.1645196857999,1.1028154037503555,0.8047615089267213,0.2980538948236342
2023-01-13,160.19845659394525,162.04431837243945,159.1655334509387,161.6139373779297,1891200,ADI,160.75556144881327,161.08868602203808,162.04431837243945,159.1655334509387,155.9934514432307,148.2127607041215,1.2204779647902058,0.8879048000994182,0.33257316469078757
2023-01-17,160.59064057861588,161.7957106790579,158.81171923397667,159.6342315673828,3320200,ADI,160.20807551475832,160.92212373542566,161.7957106790579,158.81171923397667,156.4576957914725,148.25682966344053,1.1408299013471321,0.938489820348961,0.20234008099817113
2023-01-18,161.18358347962993,161.99653684541988,158.66822351611512,158.7638702392578,2627700,ADI,160.1530535201057,160.565099625092,161.99653684541988,158.66822351611512,157.01267703561666,148.30771640819384,0.9959961285843804,0.949991081996045,0.046005046588335374
2023-01-19,158.34303297134582,158.41954742386613,155.03386681327,156.0189666748047,3082500,ADI,156.95385347082166,160.35907657259884,160.35907657259884,155.03386681327,157.42321561873823,148.30709018825087,0.6522053256533695,0.89043393072751,-0.23822860507414045
2023-01-20,156.67888867990504,158.03698735583495,154.02005892451504,157.97003173828125,3841900,ADI,156.67649167463406,158.65646502171023,158.65646502171023,154.02005892451504,157.7582699239052,148.33043652887997,0.5310615355357129,0.8185594516891506,-0.28749791615343767
2023-01-23,159.28032248546975,162.82860571851123,158.400428100078,162.2643280029297,3521900,ADI,160.69342107674717,157.66647834817215,162.82860571851123,157.66647834817215,158.078445817282,148.45191416318818,0.7726612705375828,0.8093798154588371,-0.03671854492125426
2023-01-24,160.5905906658431,162.61817246950352,160.06456295442968,161.49917602539062,2407100,ADI,161.19312552879174,159.17994971245966,162.61817246950352,159.17994971245966,158.46579432401555,148.59598008004002,0.8921057909713852,0.8259250105613468,0.06618078041003839
2023-01-25,159.35684094288152,161.37486423844513,157.05190666178282,161.10707092285156,2739800,ADI,159.72267069149026,160.1865376206257,161.37486423844513,157.05190666178282,158.65358035571194,148.74402768586503,0.9442421929210241,0.8495884470332823,0.09465374588774178
2023-01-26,162.5321112641799,163.49807888335695,159.58637045502897,163.2972412109375,3539900,ADI,162.2284504533758,159.954604156058,163.49807888335695,159.58637045502897,158.81473751503674,148.94457958239892,1.1490436454306234,0.9094794867127506,0.23956415871787284
2023-01-27,161.70002671462495,164.5309883082052,161.05922004004992,163.38330078125,2453400,ADI,162.66838396103253,161.09152730471692,164.5309883082052,161.05922004004992,158.9638407578635,149.13969964836284,1.3032712603228447,0.9882378414347694,0.31503341888807523
2023-01-30,161.72871865606731,163.68934483614242,161.001838696729,161.5661163330078,3135600,ADI,161.99650463048664,161.87995563287473,163.68934483614242,161.001838696729,159.04708933249856,149.34702546014813,1.2642921848336357,1.0434487101145427,0.22084347471909305
2023-01-31,161.5661357757419,164.0432457232515,161.53744467848787,163.99542236328125,2549400,ADI,162.78556213519062,161.93823013168068,164.0432457232515,161.53744467848787,159.22967164383132,149.54588812011755,1.4131359294170807,1.1173861539750503,0.2957497754420304
2023-02-01,163.86152211820814,170.7285303250443,163.7658754003651,168.89222717285156,4200300,ADI,166.81203875411728,162.36189613343566,170.7285303250443,162.36189613343566,159.52039676481058,149.77766008362983,1.9042755895616779,1.274764041092376,0.6295115484693019
2023-02-02,170.1068844744049,172.20142226266844,168.50968339140482,171.48411560058594,4206200,ADI,170.57552643226603,164.58696744377647,172.20142226266844,164.58696744377647,159.83611695488068,150.02097735500288,2.4741308036872454,1.51463739361135,0.9594934100758954
2023-02-03,169.21741291414537,173.43517949717764,168.5383707947031,171.02503967285156,4005700,ADI,170.5540007197194,167.58124693802125,173.43517949717764,167.58124693802125,160.19282647539674,150.24915411761336,2.8557818996793287,1.7828662948249459,1.0729156048543829
2023-02-06,169.27480766593143,171.50324203833605,168.68182425507794,169.81039428710938,2916600,ADI,169.8175670616137,169.06762382887032,171.50324203833605,168.68182425507794,160.4224027953914,150.52086049170498,3.025356979446599,2.0313644317492767,0.9939925476973221
2023-02-07,170.61374509737746,173.93248440889846,169.29389643929753,173.1291046142578,3531600,ADI,171.74230763995783,169.442595445242,173.93248440889846,169.29389643929753,160.62201390125335,150.81229001345443,3.3884783702681887,2.302787219453059,1.0856911508151295
2023-02-08,170.86243375422686,172.0292537087422,169.6669227019481,170.01123046875,3520600,ADI,170.64246015841678,170.59245154259992,172.0292537087422,169.6669227019481,160.83266751466942,151.1015999696898,3.3856407432614617,2.5193579242147397,0.866282819046722
2023-02-09,172.8709010702777,174.28638209378994,169.59042569253631,170.7381134033203,2983300,ADI,171.87145556498106,170.61745585050835,174.28638209378994,169.59042569253631,161.13393416665977,151.4142214394591,3.4028196941676754,2.696050278205327,0.7067694159623485
2023-02-10,169.4182735913576,171.2163270106128,168.39492364721087,170.6807403564453,4003300,ADI,169.92756615140667,171.2444557077447,171.2444557077447,168.39492364721087,161.4090348384296,151.69490653784405,3.3729236469028194,2.8314249519448254,0.5414986949579941
2023-02-13,171.56061926474115,173.71253911555087,171.1493558823378,172.58396911621094,3975500,ADI,172.25162084471017,170.58601092957568,173.71253911555087,170.58601092957568,161.65782304348824,151.99571388761964,3.4628874579797184,2.9577174531518042,0.5051700048279142
2023-02-14,171.2641151594548,175.1471321973843,170.74764628224554,174.5828399658203,3784200,ADI,172.93543340122625,171.41881588714293,175.1471321973843,170.74764628224554,161.8426855999695,152.29505198983256,3.6533629052825347,3.0968465435779504,0.5565163617045843
2023-02-15,185.8684918632658,187.8482651819269,182.76973653825308,187.62828063964844,7456000,ADI,186.02869355577354,172.17712464418457,187.8482651819269,172.17712464418457,162.35995917191246,152.76074331093912,4.8016239743832045,3.4378020297390015,1.363821944644203
2023-02-16,186.07889639343605,187.7430529824028,184.54865104823523,185.38072204589844,4481700,ADI,185.93783061749312,179.10290909997906,187.7430529824028,179.10290909997906,162.86814740567422,153.2628033561608,5.467246930167107,3.843691009824623,1.623555920342484
2023-02-17,184.67298049135712,185.92587374408976,183.0183972747161,184.30955505371094,3774900,ADI,184.48170164096848,182.5203698587361,185.92587374408976,182.5203698587361,163.3633283847657,153.75589593758724,5.840992369878393,4.243151281835377,1.5978410880430154
2023-02-21,182.32021070997385,182.84622386495235,177.39469672845263,177.86334228515625,5117800,ADI,180.10611839713377,183.5010357498523,183.5010357498523,177.39469672845263,163.78161342476673,154.20416211876142,5.553021056264583,4.505125236721219,1.0478958195433643
2023-02-22,178.54236056697067,178.54236056697067,174.86975483719522,175.74964904785156,3512600,ADI,176.92603125474704,181.80357707349305,181.80357707349305,174.86975483719522,164.1044957977082,154.61491391846778,5.095506508932999,4.6232014911635755,0.4723050177694237
2023-02-23,178.82933763981765,179.29798326921477,175.1567308512019,177.55731201171875,4501800,ADI,177.71034094298827,179.36480416412005,179.36480416412005,175.1567308512019,164.4288623942827,155.04062627022077,4.823187524421201,4.6631986978151,0.15998882660610025
2023-02-24,176.10638241571172,176.67328617715026,174.50174831415887,175.77969360351562,3177900,ADI,175.76527762763413,178.53757255355416,178.53757255355416,174.50174831415887,164.68515743036195,155.4603134993976,4.413062777218585,4.613171513695797,-0.20010873647721272
2023-02-27,178.31637772655657,178.62384526317513,175.77970823783122,176.00070190429688,2769500,ADI,177.18015828296495,177.15142509059416,178.62384526317513,175.77970823783122,164.84723368784503,155.8684410466236,4.059078947680945,4.502353000492827,-0.4432740528118826
2023-02-28,175.83736561129552,178.268340039445,175.39536359637793,176.28897094726562,2644400,ADI,176.44751004859603,177.16579168677956,178.268340039445,175.39536359637793,165.05500648070063,156.20737476201174,3.758479700642596,4.353578340522781,-0.5950986398801854
2023-03-01,176.6636684706821,178.26830244156108,175.54906767819125,175.94302368164062,2600300,ADI,176.60601556801876,176.80665086768778,178.26830244156108,175.54906767819125,165.3804315983555,156.53853860254284,3.4525388596864275,4.173370444355511,-0.7208315846690834
2023-03-02,174.0405604798133,178.05694787275328,172.20531452988317,177.36512756347656,2906400,ADI,175.41698761148157,176.70633321785328,178.05694787275328,172.20531452988317,165.71626789567864,156.8486475217086,3.286940631736911,3.996084481831791,-0.7091438500948799
2023-03-03,178.05693345335905,179.48861988386352,175.7797003389805,178.96014404296875,3112400,ADI,178.07134942979297,176.06166041466741,179.48861988386352,175.7797003389805,166.10327847017686,157.2359793317457,3.2469781992945173,3.8462632253243365,-0.5992850260298193
2023-03-06,179.98827873380262,181.1797355948179,177.84555065728722,178.25872802734375,2664100,ADI,179.3180732533129,177.0665049222302,181.1797355948179,177.0665049222302,166.54582864475145,157.67129420691657,3.1227125863134972,3.7015530975221687,-0.5788405112086714
2023-03-07,178.74878038960028,179.62316648764622,176.32740914176526,177.70144653320312,2415100,ADI,178.1002006380537,178.19228908777154,179.62316648764622,176.32740914176526,166.9237084163755,158.12761350634753,2.945311515797897,3.5503047811773145,-0.6049932653794174
2023-03-08,179.07542496542627,180.11315524351073,177.95122082955714,179.26760864257812,3182000,ADI,179.10185242026807,178.14624486291262,180.11315524351073,177.95122082955714,167.3760411726913,158.59425875358087,2.897693278212472,3.419782480584346,-0.5220892023718742
2023-03-09,179.79610143419472,181.40073572242548,176.2024947588554,176.3754425048828,3627300,ADI,178.4436936050896,178.62404864159035,181.40073572242548,176.2024947588554,167.82745311935184,159.05786924041428,2.596649288741503,3.255155842215778,-0.6585065534742749
2023-03-10,177.4996443440396,178.3163811196243,174.2327265648177,174.64588928222656,3166800,ADI,176.17366032767706,178.53387112333996,178.53387112333996,174.2327265648177,168.23963325015086,159.47990267478656,2.1932271106963412,3.042770095911891,-0.8495429852155496
2023-03-13,172.77220699888213,177.08647299645696,172.07078341477035,175.40496826171875,3310200,ADI,174.33360791795707,177.3537657255085,177.3537657255085,172.07078341477035,168.6399261395237,159.894485723457,1.9127148714387374,2.8167590510172604,-0.904044179578523
2023-03-14,177.7206335089627,180.6704654452239,176.78859833816756,179.2772216796875,4147400,ADI,178.6142297430104,175.84368682173277,180.6704654452239,175.84368682173277,169.09030057444747,160.32309508379834,1.980040713095491,2.6494153834329066,-0.6693746703374157
2023-03-15,177.01921663714168,178.24911614570343,173.2814721837742,175.7700958251953,3972700,ADI,176.07997519795367,177.2289582823716,178.24911614570343,173.2814721837742,169.4973064874053,160.74057369748508,1.7304535896693949,2.4656230246802044,-0.7351694350108096
2023-03-16,174.2231083448503,179.9786492417909,173.14693538434403,179.3252716064453,3753500,ADI,176.66849114435763,176.65446674016263,179.9786492417909,173.14693538434403,169.89528132523122,161.14441781461903,1.7987916197951677,2.3322567437031974,-0.5334651239080297
2023-03-17,180.05552335444148,181.410339236504,177.24981440403897,178.5758056640625,6216500,ADI,179.32287066476172,176.66147894226015,181.410339236504,176.66147894226015,170.31296525224553,161.56440316889316,1.7720473047486962,2.2202148559122974,-0.4481675511636012
2023-03-20,178.81600144963943,180.18042050557096,177.87434835880376,179.73841857910156,3033500,ADI,179.15229722327894,177.99217480351092,180.18042050557096,177.87434835880376,170.7906951533757,161.97820773122132,1.8236435604875112,2.1409005968273402,-0.31725703633982905
2023-03-21,181.48720899150217,182.4864967614662,178.7199279953595,181.02598571777344,3232700,ADI,180.92990486652533,178.57223601339493,182.4864967614662,178.57223601339493,171.28202768572802,162.39888595906686,1.9459976230773464,2.1019200020773416,-0.15592237899999528
2023-03-22,181.46798005410625,184.0046493066495,179.05622726563647,179.30604553222656,3481000,ADI,180.9587255396547,179.75107043996013,184.0046493066495,179.05622726563647,171.69685011113606,162.85082164277696,1.882479251352521,2.0580318519323777,-0.17555260057985667
2023-03-23,181.57368822478074,185.00395028789097,179.73844238040468,182.03489685058594,2658300,ADI,182.08774443591557,180.3548979898074,185.00395028789097,179.73844238040468,172.12521504027748,163.32304571091524,2.0289475353534385,2.05221498861659,-0.023267453263151605
2023-03-24,181.69862711854202,182.00609468649955,178.3932664590305,180.34381103515625,3401800,ADI,180.6104498248071,181.22132121286148,182.00609468649955,178.3932664590305,172.50978350074055,163.7639288586589,1.985678547110723,2.038907700315417,-0.05322915320469379
2023-03-27,180.88187424865308,180.9875694229898,177.25942835899485,177.5380859375,3616900,ADI,179.16673949203442,180.91588551883427,180.9875694229898,177.25942835899485,172.85811324213827,164.19658784391763,1.7053310009866038,1.9721923604496543,-0.26686135946305045
2023-03-28,176.52917788814628,176.79821748095353,173.80033935449683,176.41387939453125,3319900,ADI,175.88540352953197,180.04131250543435,180.04131250543435,173.80033935449683,173.16071008375263,164.5770807634917,1.3765712220942987,1.8530681327785832,-0.47649691068428446
2023-03-29,178.75835789576195,182.85163019099264,178.75835789576195,181.76585388183594,3577800,ADI,180.53354996608812,177.96335801748316,182.85163019099264,177.96335801748316,173.56721957277924,165.01245768212587,1.5302466111563149,1.7885038284541297,-0.2582572172978148
2023-03-30,183.76446023793528,187.49260143014752,183.41855007926034,186.60861206054688,4367100,ADI,185.32105595197248,179.24845399178565,187.49260143014752,179.24845399178565,174.07057962141658,165.5416283285166,2.0195257409322096,1.834708210949746,0.1848175299824637
2023-03-31,185.94559973417566,189.82746702400038,185.68616347298763,189.5007781982422,3873000,ADI,187.74000210735147,182.28475497187907,189.82746702400038,182.28475497187907,174.68630259414715,166.0547591064427,2.6105636599638444,1.9898793007525657,0.6206843592112787
2023-04-03,188.78016095642224,190.010060554724,186.65665395501514,188.59759521484375,3120700,ADI,188.51111767025128,185.01237853961527,190.010060554724,185.01237853961527,175.32299511405952,166.54063251898233,2.971828758421651,2.186269192286383,0.7855595661352681
2023-04-04,189.82748704525665,190.4904827484652,186.2050409730001,187.4829864501953,3633600,ADI,188.50149930422933,186.76174810493328,190.4904827484652,186.2050409730001,175.87915667860915,166.9788012479456,3.1320895607921955,2.3754332659875455,0.75665629480465
2023-04-05,186.75270476424618,186.89682786456837,181.65054175104999,182.9188690185547,3368300,ADI,184.5547358496048,187.6316237045813,187.6316237045813,181.65054175104999,176.34638888502542,167.40609160452047,2.857867550315831,2.4719201228532026,0.3859474274626282
2023-04-06,181.3526576571474,182.37116655174435,179.5078088678021,179.84410095214844,3010100,ADI,180.7689335072106,186.09317977709304,186.09317977709304,179.5078088678021,176.76731414133982,167.7104472485259,2.36517231116585,2.450570560515732,-0.08539824934988216
2023-04-10,178.36441437472868,183.726013968686,177.7686713121396,183.47618103027344,2573500,ADI,180.83382017145692,183.43105664215182,183.726013968686,177.7686713121396,177.13942153570147,167.9770795253691,2.241942573777237,2.408844963168033,-0.16690238939079594
2023-04-11,184.696458193506,184.79255003098268,181.66975591321716,181.99644470214844,2336400,ADI,183.28880220996356,182.13243840680437,184.79255003098268,181.66975591321716,177.55182990068005,168.25783532927176,2.0018042112003513,2.3274368127744967,-0.3256326015741453
2023-04-12,183.3320697320647,183.3320697320647,179.70002052499424,179.95944213867188,2085400,ADI,181.58090053194888,182.71062030838397,183.3320697320647,179.70002052499424,177.9435178187093,168.49530357560394,1.628353104844848,2.187620071188567,-0.5592669663437189
2023-04-13,179.96904257595128,182.65945293486274,178.87366299586927,181.69859313964844,2020200,ADI,180.80018791158292,182.14576042016643,182.65945293486274,178.87366299586927,178.30381033423717,168.76674098903425,1.4559421685491145,2.0412844906606766,-0.5853423221115621
2023-04-14,180.76658180791793,183.60111564535498,179.71923335020904,181.13169860839844,1988100,ADI,181.30465735297008,181.4729741658747,183.60111564535498,179.71923335020904,178.5936627062142,169.05702973551237,1.2590480858410729,1.884837209696756,-0.6257891238556832
2023-04-17,180.31494659512947,182.51530900072615,180.06511367342017,182.1501922607422,2095000,ADI,181.2613903825045,181.38881575942239,182.51530900072615,180.06511367342017,178.80737998521897,169.3217484700498,1.171685570677397,1.7422068818928844,-0.5705213112154874
2023-04-18,183.44735392984026,184.4466563468742,181.06442569635178,182.15980529785156,1745500,ADI,182.77956031772945,181.32510307096345,184.4466563468742,181.06442569635178,179.05189117717916,169.62235882628792,1.090653465510286,1.611896198616365,-0.5212427331060789
2023-04-19,180.53594924542398,181.63132884315644,180.21886374850706,181.1701202392578,1556000,ADI,180.88906551908633,182.05233169434644,182.05233169434644,180.21886374850706,179.27332114632864,169.84786197086004,0.9357884386623425,1.4766746466255605,-0.540886207963218
2023-04-20,178.30677403645382,181.81390671548527,175.93344897234365,179.6615753173828,2807800,ADI,178.92892626041638,181.47069860671638,181.81390671548527,175.93344897234365,179.41705351873782,170.01953370999559,0.6834514188608125,1.318030001072611,-0.6345785822117984
2023-04-21,178.9601569868534,179.87297096266255,177.41317195610202,179.046630859375,1975300,ADI,178.82323269124825,180.19981243356636,180.19981243356636,177.41317195610202,179.58066896939442,170.20666824203195,0.42890745605433267,1.1402054920689553,-0.7112980360146226
2023-04-24,179.0466366316395,180.05554249492658,178.4413048429145,179.6423797607422,1782000,ADI,179.2964659325557,179.51152256240732,180.05554249492658,178.4413048429145,179.72916917674593,170.43155167170286,0.2721147199924303,0.9665873376536503,-0.69447261766122
2023-04-25,178.844851651873,178.85445497237757,173.98290307300041,174.05015563964844,3474800,ADI,176.43309133422486,179.4039942474815,179.4039942474815,173.98290307300041,179.8592796804023,170.63415725941596,-0.2999329628782732,0.7132832775472657,-1.013216240425539
2023-04-26,174.13662597023682,175.33770077901207,172.61846565255794,173.5889434814453,3603100,ADI,173.92043397081304,177.91854279085317,177.91854279085317,172.61846565255794,179.89265594292436,170.77523949320627,-0.7814922830139039,0.4143281654350318,-1.1958204484489356
2023-04-27,171.542308961585,171.93626502141726,164.5376470606816,170.6679229736328,4621700,ADI,169.67103600432915,175.91948838083312,175.91948838083312,164.5376470606816,179.8273679949864,170.83502679747795,-1.3828923346492275,0.054884065418179966,-1.4377764000674074
2023-04-28,170.68713109040291,173.10850184631266,169.3707578807427,172.83946228027344,3167800,ADI,171.50146327443292,172.79526219258113,173.10850184631266,169.3707578807427,179.5368233893596,170.94839128063606,-1.665087047683926,-0.28911015720224126,-1.3759768904816847
2023-05-01,173.67539228020937,175.77005940681678,173.5889184252332,175.39532470703125,2572800,ADI,174.60742370482265,172.14836273350704,175.77005940681678,172.14836273350704,179.3102152511062,171.08918132839023,-1.663317959206978,-0.5639517176031886,-1.0993662416037893
2023-05-02,177.22099662467585,179.28683947887436,174.99179469053897,176.47152709960938,2710800,ADI,176.99278947342464,173.37789321916483,179.28683947887436,173.37789321916483,179.16043700775532,171.2618826962605,-1.5571258276964954,-0.7625865396218501,-0.7945392880746454
2023-05-03,176.24092048252973,177.9320286224571,174.90532581266092,175.25123596191406,1788500,ADI,176.08237771989047,175.18534134629473,177.9320286224571,174.90532581266092,179.07996219421045,171.43078780948858,-1.5535270025663124,-0.9207746322107426,-0.6327523703555697
2023-05-04,174.87647079266856,175.80850590333418,173.41595989839522,174.23269653320312,2308200,ADI,174.5834082819003,175.63385953309262,175.80850590333418,173.41595989839522,179.03310973475354,171.56880276623087,-1.6142544073607041,-1.059470587240735,-0.5547838201199691
2023-05-05,173.5697324325705,177.23060632012744,172.5416199595351,176.21209716796875,3672100,ADI,174.88851397005044,175.10863390749645,177.23060632012744,172.5416199595351,178.97667319529478,171.70276779478874,-1.4855358914506667,-1.1446836480827214,-0.3408522433679453
2023-05-08,176.59641336340977,177.34589748404215,174.6170445529508,177.2978515625,1936900,ADI,176.4643017407257,174.99857393877346,177.34589748404215,174.6170445529508,178.9906536775566,171.83790555395927,-1.281145981228633,-1.1719761147119037,-0.10916986651672933
2023-05-09,175.38575112991057,175.5683168513011,171.0618817091975,172.5896453857422,3353300,ADI,173.65139876903783,175.73143783974956,175.73143783974956,171.0618817091975,178.92007848727803,171.88365608756155,-1.4819948806965613,-1.2339798679088352,-0.24801501278772609
2023-05-10,174.56901135037452,175.15513644815692,172.5319931502721,174.32879638671875,3364700,ADI,174.14623433388059,174.6914183043937,175.15513644815692,172.5319931502721,178.87405297298375,171.9645297268422,-1.483730606632605,-1.283930015653589,-0.19980059097901592
2023-05-11,173.3391170156521,174.00211268072198,171.7441007527753,173.5216827392578,2252600,ADI,173.15175329710178,174.41882631913714,174.41882631913714,171.7441007527753,178.80496772756538,172.09269966296043,-1.5325670292388338,-1.333657418370638,-0.1989096108681958
2023-05-12,174.33843064247282,175.4049857671255,171.86901354803328,173.5024871826172,1376800,ADI,173.7787292850622,173.78528980811944,175.4049857671255,171.86901354803328,178.772202561037,172.24423522835784,-1.5548953018476368,-1.3779049950660378,-0.176990306781599
2023-05-15,173.60815697842438,177.4900391241667,173.2238188890606,177.1537322998047,2435800,ADI,175.3689368228641,173.7820095465908,177.4900391241667,173.2238188890606,178.71815430889845,172.41071638953767,-1.263401941388338,-1.355004384330498,0.09160244294216002
2023-05-16,176.44270779809244,178.00889946229802,175.44340529349208,175.6355743408203,2178800,ADI,176.38264672367572,174.57547318472746,178.00889946229802,174.57547318472746,178.6594457783057,172.6026372115286,-1.1417328273134046,-1.3123500729270794,0.17061724561367475
2023-05-17,176.7982142119265,181.21817543184784,175.98147746643303,180.6032257080078,3002200,ADI,178.6502732045538,175.4790599542016,181.21817543184784,175.4790599542016,178.67044722963567,172.79707782300557,-0.6371169413843347,-1.1773034466185306,0.5401865052341959
2023-05-18,181.55448030337698,185.4843938866614,180.99717978624076,184.73492431640625,2959000,ADI,183.19274457317135,177.0646665793777,185.4843938866614,177.0646665793777,178.75226507269375,173.06415312269252,0.09509216810624821,-0.9228243236735749,1.0179164917798231
2023-05-19,184.7348999264216,185.10963466207411,182.33275042568584,183.07261657714844,3598300,ADI,183.8124753978325,180.1287055762745,185.10963466207411,180.1287055762745,178.85964070854857,173.34354691395023,0.5350708568192317,-0.6312452875750136,1.1663161443942454
2023-05-22,182.47688468956645,185.5804576797003,182.0445007200461,183.82208251953125,2494400,ADI,183.48098140221103,181.9705904870535,185.5804576797003,181.9705904870535,179.00578713003927,173.6227101900951,0.9334722880315383,-0.3183017724537033,1.2517740604852414
2023-05-23,182.36157671081824,182.90927383953107,180.065122353622,180.5647735595703,3864700,ADI,181.4751866158854,182.72578594463226,182.90927383953107,180.065122353622,179.14861870399784,173.89427242176077,0.9751299904598909,-0.059615419870984454,1.0347454103308753
2023-05-24,164.78748519382054,169.71670154175462,163.0963769213049,166.4209442138672,10367100,ADI,166.0053769676868,182.10048628025885,182.10048628025885,163.0963769213049,178.8964416484914,173.99337111146943,-0.13162748382424638,-0.07401783266163685,-0.057609651162609535
2023-05-25,159.99277820237407,167.13197495172466,155.59203805886085,165.64263916015625,9915900,ADI,162.08985759327896,174.05293162397282,174.05293162397282,155.59203805886085,178.61663929639792,174.0569728919016,-1.059332147632631,-0.2710806956558357,-0.7882514519767952
2023-05-26,165.7290899291161,170.78322173030392,164.77784813501924,169.62057495117188,6794800,ADI,167.72768368640277,168.0713946086259,170.78322173030392,164.77784813501924,178.4378231472388,174.166552236235,-1.4567659134683595,-0.5082177392183405,-0.948548174250019
2023-05-30,171.148347187017,171.84016743333413,167.96790351490893,170.4853515625,5233100,ADI,170.36044242444,167.89953914751433,171.84016743333413,167.89953914751433,178.25857458243237,174.28576991733894,-1.6825592947611483,-0.7430860503269021,-0.9394732444342462
2023-05-31,168.5348215802778,172.95478301073103,168.38109513816391,170.73519897460938,7035300,ADI,170.15147467594554,169.12999078597716,172.95478301073103,168.38109513816391,178.0785581314857,174.43462664243071,-1.8203576284859366,-0.9585403659587091,-0.8618172625272276
2023-06-01,172.20531398697486,175.0686724092793,169.78394291214013,173.34873962402344,4361700,ADI,172.60166723310442,169.64073273096136,175.0686724092793,169.64073273096136,177.91199337881727,174.59701053227266,-1.6990868965109769,-1.1066496720691628,-0.5924372244418141
2023-06-02,175.04796112671482,175.71413244747492,172.74050689978037,173.59011840820312,3696600,ADI,174.2731797205433,171.1211999820329,175.71413244747492,171.1211999820329,177.77828246243504,174.73756628678555,-1.5654561135018525,-1.1984109603557007,-0.3670451531461518
2023-06-05,172.98184250690045,173.1459692959136,167.66215164494798,168.93655395507812,3311400,ADI,170.68162935071004,172.6971898512881,173.1459692959136,167.66215164494798,177.5501601607309,174.83768760050418,-1.8141441901570943,-1.3215576063159795,-0.49258658384111476
2023-06-06,167.61390246575004,172.54741517177052,167.42081296135365,171.8233184814453,3487400,ADI,169.8513622700799,171.68940960099906,172.54741517177052,167.42081296135365,177.3349784096364,174.92238095518846,-1.7580280579100531,-1.4088516966347944,-0.34917636127525875
2023-06-07,172.1129345256325,177.02713313136178,172.1129345256325,174.14039611816406,4060900,ADI,173.84834957519772,170.77038593553948,177.02713313136178,170.77038593553948,177.22861061129967,175.04336192671897,-1.5091898173752725,-1.42891932078289,-0.08027049659238239
2023-06-08,175.1734651247316,176.2354647129341,173.83147324681255,175.40516662597656,2995000,ADI,175.1613924276137,172.3093677553686,176.2354647129341,172.3093677553686,177.2141303892613,175.18742023650694,-1.1961389637133948,-1.382363249368991,0.18622428565559623
2023-06-09,176.94025564151644,179.46976180732352,174.82589113666333,176.15823364257812,3164500,ADI,176.84853555702037,173.73538009149115,179.46976180732352,173.73538009149115,177.14043010107994,175.3538248369296,-0.8771662654891657,-1.281323852593026,0.4041575871038603
2023-06-12,178.6104866891746,181.46826095818562,178.33050916499744,181.17861938476562,3845700,ADI,179.8969690492808,175.29195782425575,181.46826095818562,175.29195782425575,177.03194836302612,175.55126399222135,-0.2167760721704326,-1.0684142965085073,0.8516382243380747
2023-06-13,183.7660500323447,185.8900636765606,182.87782668046472,185.72593688964844,3827900,ADI,184.56496931975462,177.59446343676828,185.8900636765606,177.59446343676828,176.96844770727418,175.82737515071065,0.6658430092770118,-0.7215628353514035,1.3874058446284154
2023-06-14,185.96731069555247,187.2706904632689,183.30264052120992,185.2625274658203,4061300,ADI,185.4507922864629,181.07971637826145,187.2706904632689,181.07971637826145,176.9072411995984,176.11511815682897,1.3127985975782792,-0.314690548765467,1.6274891463437462
2023-06-15,184.1908863670964,185.26255005090422,182.9068198103332,183.1095733642578,3414400,ADI,183.8674573981479,183.2652543323622,185.26255005090422,182.9068198103332,176.81456036147677,176.34685852004299,1.632966339882529,0.07484082896413219,1.5581255109183967
2023-06-16,183.9109008824034,185.1563406458741,181.26552913512495,181.85446166992188,6889200,ADI,183.0468080833311,183.56635586525505,185.1563406458741,181.26552913512495,176.7844018061513,176.56539534558837,1.7650778394059614,0.41288823105249806,1.3521896083534632
2023-06-20,180.54141533997804,182.4723395682131,178.99667006467692,181.48756408691406,2663500,ADI,180.87449726494552,183.30658197429307,183.30658197429307,178.99667006467692,176.786513081306,176.7769136113229,1.8192009695686693,0.6941507787557324,1.125050190812937
2023-06-21,179.59526336303264,181.75788903142026,178.93874147671318,179.03529357910156,2941300,ADI,179.8317968625669,182.09053961961928,182.09053961961928,178.93874147671318,176.76647261512818,176.9529470754148,1.6452507778242875,0.8843707785694435,0.7608799992548441
2023-06-22,177.52919805297293,179.93318955683463,176.90163876975274,179.6821746826172,2973200,ADI,178.51155026554437,180.9611682410931,180.9611682410931,176.90163876975274,176.67092757623982,177.11137873845993,1.5418187694409085,1.0158603767437364,0.525958392697172
2023-06-23,177.74160416262947,180.62832683003444,177.18163429597473,179.51805114746094,5021500,ADI,178.76740410902488,179.73635925331874,180.62832683003444,177.18163429597473,176.61465764778134,177.27908773324532,1.4301192356301726,1.0987121485210236,0.331407087109149
2023-06-26,181.36207791331498,185.01152380550886,179.80768320132245,179.9042205810547,3365800,ADI,181.52137637530024,179.25188168117182,185.01152380550886,179.25188168117182,176.6290814170557,177.46644587564643,1.3571132396191956,1.1503923667406581,0.20672087287853746
2023-06-27,180.34833046001958,185.95766312892135,178.6201449819049,185.73561096191406,3631900,ADI,182.66543738318998,180.38662902823603,185.95766312892135,178.6201449819049,176.65629701766008,177.62497986193713,1.7496312703957244,1.2702401474716716,0.47939112292405284
2023-06-28,183.4571282970559,184.55775459735543,182.0572110768532,183.3412628173828,3836400,ADI,183.35333919716186,181.52603320571302,184.55775459735543,181.52603320571302,176.69813599395323,177.7527579895861,1.846218693002811,1.3854358565778995,0.4607828364249116
2023-06-29,183.24473073585125,184.07502882722466,181.1207168163657,182.93577575683594,2623200,ADI,182.8440630340694,182.43968620143744,184.07502882722466,181.1207168163657,176.69942604828003,177.8756586127296,1.8685065241983523,1.4820499901019901,0.38645653409636216
2023-06-30,184.3839435128828,188.6126721282652,184.21016741011584,188.0816650390625,3376000,ADI,186.32211202258156,182.64187461775342,188.6126721282652,182.64187461775342,176.80808697834993,178.04070406233927,2.2751732688830373,1.6406746458581996,0.6344986230248377
2023-07-03,187.2803379803991,189.76158270095178,185.6294060044007,187.61825561523438,1367600,ADI,187.5723955752465,184.48199332016748,189.76158270095178,184.48199332016748,176.98095636464652,178.19900494169215,2.5308917812635627,1.8187180729392722,0.7121737083242905
2023-07-05,185.78387108651037,186.67210921238325,183.31229038438514,183.43780517578125,2693700,ADI,184.801518964765,186.027194447707,186.67210921238325,183.31229038438514,177.10052209011687,178.34059552975566,2.368915745579528,1.9287576074673236,0.4401581381122046
2023-07-06,180.44486928827942,181.46827153826817,178.1953554509019,179.7593994140625,4203800,ADI,179.966973922878,185.414356706236,185.414356706236,178.1953554509019,177.11393224992332,178.42155071333463,1.9215811754269794,1.927322321059255,-0.005741145632275568
2023-07-07,179.95246024148014,182.1440630899466,178.78424474825553,178.90975952148438,3038000,ADI,179.94763190029167,182.690665314557,182.690665314557,178.78424474825553,177.18422306124464,178.52175137082344,1.4814294703390658,1.8381437509152172,-0.3567142805761514
2023-07-10,179.48907830433228,184.49016535013206,179.35391418773725,184.45155334472656,3367200,ADI,181.94617779673203,181.31914860742432,184.49016535013206,179.35391418773725,177.34473793776306,178.61869694034368,1.561779300168837,1.7828708607659414,-0.22109156059710444
2023-07-11,185.04046502470496,185.43630801149894,181.12069135316833,184.35498046875,2039700,ADI,183.98811121453056,181.63266320207816,185.43630801149894,181.12069135316833,177.63107944196707,178.7292237184767,1.599229572177876,1.7461426030483285,-0.1469130308704525
2023-07-12,186.73004582137295,189.27886541531015,185.92871043535317,188.65130615234375,3117600,ADI,187.647231956095,182.81038720830435,189.27886541531015,182.81038720830435,177.9539948156003,178.74540910247998,1.953072950110652,1.7875286724607933,0.1655442776498588
2023-07-13,189.8871144694936,192.55179979499133,189.143719119564,191.42221069335938,3364400,ADI,190.75121101935207,185.2288095821997,192.55179979499133,185.2288095821997,178.27687056189086,178.79354290649852,2.429084244354243,1.9158397868394834,0.5132444575147597
2023-07-14,190.5629211482766,190.57257046619623,184.87634975559996,185.3397674560547,2922100,ADI,187.83790220653185,187.99001030077588,190.57257046619623,184.87634975559996,178.49377281655302,178.82710491215417,2.2891365471891163,1.9904991389094102,0.2986374082797061
2023-07-17,183.99777044889305,190.71737847583054,183.99777044889305,189.57814025878906,3249100,ADI,187.07276490810142,187.91395625365385,190.71737847583054,183.99777044889305,178.71358056031724,178.89677137726386,2.491507702651802,2.0907008516578887,0.40080685099391333
2023-07-18,188.18788586289128,190.01260878902127,187.12588630675435,189.71331787109375,3022900,ADI,188.75992470744018,187.49336058087763,190.01260878902127,187.12588630675435,178.99711088882802,179.01511031179078,2.6324507513303104,2.199050831592373,0.43339991973793746
2023-07-19,190.36014380909734,190.58219594774116,188.56438387117743,189.02780151367188,2040800,ADI,189.63363128542193,188.1266426441589,190.58219594774116,188.1266426441589,179.29201323513544,179.13434321521513,2.6581917125082555,2.2908790077755494,0.36731270473270605
2023-07-20,185.2528751543751,187.25137406989154,182.24062334098713,183.09988403320312,3991000,ADI,184.46118914961423,188.8801369647904,188.8801369647904,182.24062334098713,179.45195098331325,179.22130233043492,2.175184043051786,2.267740014830797,-0.09255597177901098
2023-07-21,185.0308182551541,186.96174258750855,184.13294551186536,185.3301239013672,8748400,ADI,185.3639075639738,186.67066305720232,186.96174258750855,184.13294551186536,179.68620115921195,179.303139823245,1.949881681330595,2.204168348130757,-0.25428666680016176
2023-07-24,184.82806422034383,186.92311518050357,184.0653409221129,185.72593688964844,2663500,ADI,185.38561430315218,186.01728531058808,186.92311518050357,184.0653409221129,179.91098875859737,179.39252086579054,1.7827166883767802,2.1198780161799617,-0.33716132780318153
2023-07-25,186.33419562724882,190.14776818725295,186.33419562724882,188.90232849121094,2958700,ADI,187.9296219832404,185.70144980687013,190.14776818725295,185.70144980687013,180.20654613232017,179.5057569299428,1.8848184690832,2.0728661067606096,-0.18804763767740962
2023-07-26,185.30114750803367,186.16042298319624,183.34126047839652,184.9053192138672,2793200,ADI,184.92703754587342,186.81553589505526,186.81553589505526,183.34126047839652,180.42951229753638,179.6008574292867,1.6244835860413218,1.9831896026167521,-0.35870601657543033
2023-07-27,188.747861017529,191.25806864244507,187.00037678411968,188.6995849609375,3474600,ADI,188.9264728512578,185.87128672046435,191.25806864244507,185.87128672046435,180.70066301810428,179.70940866350134,1.70468134597661,1.9274879512887237,-0.22280660531211383
2023-07-28,191.44147129814414,192.1462692305582,189.41400974870044,191.56698608398438,2883900,ADI,191.1421840903468,187.39887978586108,192.1462692305582,187.39887978586108,180.9958537654377,179.8276497718717,1.9768263318558752,1.9373556274021542,0.03947070445372103
2023-07-31,191.8759632178465,193.18899240107777,191.57665756070114,192.638671875,2091300,ADI,192.32007126365636,189.27053193810394,193.18899240107777,189.27053193810394,181.26924972661973,179.96984847812772,2.253008006892344,2.0004861033001924,0.25252190359215154
2023-08-01,190.8139461767687,193.1600269532722,190.02227484342788,192.59039306640625,1900300,ADI,191.64666025996877,190.79530160088015,193.1600269532722,190.02227484342788,181.4383280403557,180.0952965565247,2.4398630552309157,2.088361493686337,0.3515015615445787
2023-08-02,191.24839281215728,191.31598223357904,185.24321709030994,185.81285095214844,3739700,ADI,188.40511077204866,191.22098093042445,191.31598223357904,185.24321709030994,181.53018074784003,180.1949107281943,2.0177961232450627,2.0742484195980824,-0.056452296353019626
2023-08-03,184.09430609798977,186.56590144789826,182.41441147286673,184.8763427734375,3040100,ADI,184.48774044804807,189.81304585123655,189.81304585123655,182.41441147286673,181.55031592875676,180.27805152939803,1.589414870273572,1.9772817097331805,-0.38786683945960854
2023-08-04,182.47234736472174,183.68882437704454,178.35948388629225,181.8448028564453,3632900,ADI,181.59136462112596,187.1503931496423,187.1503931496423,178.35948388629225,181.55263948886156,180.35062909642974,0.9938432984102121,1.780594027468587,-0.7867507290583748
2023-08-07,184.11363125079583,184.76048913118368,182.34683372744544,183.53436279296875,2035200,ADI,183.68882922559843,184.37087888538412,184.76048913118368,182.34683372744544,181.9063085340198,180.40137509125557,0.6506812550101699,1.5546114729769036,-0.9039302179667337
2023-08-08,180.54144669281018,180.8890137035223,177.40369427702603,180.1649169921875,2939500,ADI,179.7497679163865,184.02985405549128,184.02985405549128,177.40369427702603,182.25950674048195,180.43807301843992,0.10561923399330908,1.2648130251801848,-1.1591937911868757
2023-08-09,179.97180836777892,181.02415860752257,178.02157064081445,178.42706298828125,2341900,ADI,179.3611501510993,181.88981098593888,181.88981098593888,178.02157064081445,182.4921760697759,180.46499960850736,-0.46125952619183863,0.9195985149057802,-1.3808580410976188
2023-08-10,180.5896985305933,182.42407072721463,177.7802001318264,178.3305206298828,2268000,ADI,179.78112250487928,180.6254805685191,182.42407072721463,177.7802001318264,182.68058967138467,180.46958212690853,-0.9078401728622225,0.5541107773521796,-1.4619509502144021
2023-08-11,176.67958592973295,178.07950319975922,175.7334370808012,176.88233947753906,2859400,ADI,176.8437164219581,180.2033015366992,180.2033015366992,175.7334370808012,182.8144345063049,180.4464963188953,-1.3629039603509057,0.17070782981156257,-1.5336117901624682
2023-08-14,177.0464563827237,179.20908220216043,176.24512101863473,178.98703002929688,2057000,ADI,177.87192240820394,178.52350897932865,179.20908220216043,176.24512101863473,182.9198396098069,180.4159164943121,-1.536008206130873,-0.1706353773769246,-1.3653728287539484
2023-08-15,176.64095924571706,177.74158549373615,174.78725897683773,175.05760192871094,1959500,ADI,176.05685141125048,178.1977156937663,178.1977156937663,174.78725897683773,182.95551304362104,180.36689775302807,-1.9675854755934665,-0.530025397020233,-1.4375600785732336
2023-08-16,174.15970772127835,174.40107324640522,169.69927753110406,171.05091857910156,4869000,ADI,172.3277442694723,177.1272835525084,177.1272835525084,169.69927753110406,182.9884353419963,180.26929775136358,-2.6029146522000417,-0.9446032480561948,-1.658311404143847
2023-08-17,171.6012448780739,172.1129386301859,168.59865705420654,169.428955078125,2804100,ADI,170.43544891014784,174.72751391099035,174.72751391099035,168.59865705420654,183.00011707479763,180.16754774221704,-3.200404233354874,-1.3957634451159306,-1.8046407882389432
2023-08-18,167.893851400667,170.40405872502333,167.43043372280113,169.67996215820312,2834600,ADI,168.85207650167365,172.5814814105691,172.5814814105691,167.43043372280113,182.9001916133272,180.06440111231342,-3.612027651138277,-1.8390162863204,-1.773011364817877
2023-08-21,170.03721349546524,171.5240336691967,168.20284104047155,171.09922790527344,3345900,ADI,170.21582902760173,170.71677895612137,171.5240336691967,168.20284104047155,182.80128034532692,180.0077053672941,-3.7801441422149367,-2.2272418574993074,-1.5529022847156293
2023-08-22,172.80806110434656,173.1845907221391,169.3034290782746,170.55853271484375,4241700,ADI,171.463653404901,170.46630399186154,173.1845907221391,169.3034290782746,182.69358270228454,179.91700640168227,-3.911913155916551,-2.564176117182756,-1.3477370387337948
2023-08-23,162.78657509679323,172.61497279682342,162.7189856744576,171.3502197265625,7413500,ADI,167.3676883236592,170.9649786983813,172.61497279682342,162.7189856744576,182.44299708777208,179.73747272539913,-3.90741626080586,-2.8328241459073773,-1.0745921148984827
2023-08-24,170.6647414012181,172.093621199886,166.9766690677825,167.6911163330078,6811300,ADI,169.3565370004736,169.16633351102024,172.093621199886,166.9766690677825,182.1388284413865,179.55363807433034,-4.151258379953646,-3.096510992716631,-1.0547473872370148
2023-08-25,167.39185122288393,172.81774440569603,167.39185122288393,172.0067596435547,4538700,ADI,169.90205162375463,169.2614352557469,172.81774440569603,167.39185122288393,181.82785362813232,179.36754741386537,-3.950727145054799,-3.267354223184265,-0.683372921870534
2023-08-28,173.87007516225484,174.86449999880918,173.04944117333216,174.10179138183594,2851700,ADI,173.97145192905802,169.58174343975077,174.86449999880918,169.58174343975077,181.6299335187505,179.22224694011362,-3.5814682081622777,-3.3301770201798675,-0.25129118798241024
2023-08-29,172.5473748313208,177.10435678225093,171.95844240494014,176.25474548339844,3574800,ADI,174.46622987547758,171.7765976844044,177.10435678225093,171.7765976844044,181.45832195459346,179.12136188037235,-3.0796026944248354,-3.2800621550288613,0.20045946060402597
2023-08-30,175.40516741358192,176.58303248947993,174.1693769621126,175.29898071289062,3080900,ADI,175.36413939451626,173.121413779941,176.58303248947993,173.121413779941,181.34811479718485,179.06731393924542,-2.727551373965383,-3.169559998816166,0.4420086248507826
2023-08-31,175.29897018205455,177.60642413832934,174.57487356734342,175.501708984375,3362800,ADI,175.74549421802558,174.24277658722863,177.60642413832934,174.24277658722863,181.26638874429406,179.0164306797111,-2.4044724274588702,-3.016542484544707,0.6120700570858366
2023-09-01,177.13141348322267,177.1702090312279,175.24951116602128,176.96649169921875,1879000,ADI,176.62940634492264,174.9941354026271,177.1702090312279,174.9941354026271,181.22874586588162,178.9498367210607,-2.0070977379581905,-2.8146535352274036,0.8075557972692131
2023-09-05,175.9867632149717,177.93656164352487,174.81300904318147,176.10316467285156,2488000,ADI,176.20987464363242,175.8117708737749,177.93656164352487,174.81300904318147,181.17759527657378,178.89612646217756,-1.7417607754902633,-2.600074983279976,0.8583142077897126
2023-09-06,176.10313616132586,177.0052917192729,173.39669909110614,176.72396850585938,3382500,ADI,175.80727386939105,176.01082275870365,177.0052917192729,173.39669909110614,181.06331322645556,178.8461973217556,-1.4645037523995086,-2.3729607371038823,0.9084569847043737
2023-09-07,174.5510281827974,175.97700473621694,172.3296024817854,173.1153564453125,5562200,ADI,173.99324796152806,175.90904831404737,175.97700473621694,172.3296024817854,180.88986943802237,178.77308322784123,-1.518456576717881,-2.2020599050266823,0.6836033283088012
2023-09-08,173.05718536500828,173.51311076386338,171.41781072861468,172.15504455566406,3182200,ADI,172.5357878532876,174.9511481377877,174.9511481377877,171.41781072861468,180.67351841114487,178.68582720254904,-1.620029036235934,-2.0856537312685326,0.4656246950325986
2023-09-11,174.16301686282782,174.52194593579446,170.04029853072132,172.32962036132812,2768100,ADI,172.76372042266792,173.74346799553763,174.52194593579446,170.04029853072132,180.47191155891684,178.58566880359845,-1.6672204540818711,-2.0019670758312005,0.33474662174932934
2023-09-12,171.2140820271691,173.6489058536912,169.77841001643407,169.80751037597656,2862900,ADI,171.11222706831774,173.25359420910277,173.6489058536912,169.77841001643407,180.16771385983157,178.48790041909072,-1.8863880828031085,-1.9788512772255822,0.09246319442247364
2023-09-13,170.64175861980863,172.30053835401785,170.05002662763897,170.8939666748047,2269400,ADI,170.97157256906755,172.18291063871027,172.30053835401785,170.05002662763897,179.83569739970798,178.40832688217725,-1.9499344338001094,-1.9730679085404876,0.02313347474037819
2023-09-14,172.91166753843976,174.71596379178285,169.97241288728878,174.2891387939453,4135400,ADI,172.97229575286417,171.57724160388892,174.71596379178285,169.97241288728878,179.59911293546998,178.3498175127934,-1.7066600447774078,-1.9197863357878717,0.21312629101046388
2023-09-15,174.0369469935838,174.2018539759919,171.9028366070283,172.8049774169922,6062000,ADI,173.23665374839902,172.27476867837655,174.2018539759919,171.9028366070283,179.46450653198036,178.28921939095184,-1.615005974675796,-1.8588302635654568,0.24382428888966068
2023-09-18,172.7661678836164,174.95847881569534,172.08712003220728,174.337646484375,2733700,ADI,173.5373533039735,172.75571121338777,174.95847881569534,172.08712003220728,179.33630096005402,178.26026201064934,-1.4025284046946922,-1.7675698917913039,0.36504148709661166
2023-09-19,172.86315152431362,173.65860075419573,170.88425323829523,173.3966827392578,2852700,ADI,172.70067206401558,173.14653225868062,173.65860075419573,170.88425323829523,179.1513908453997,178.24806439158135,-1.295136779337696,-1.6730832693005824,0.3779464899628864
2023-09-20,173.65862494167837,173.71682566381327,170.66115453542957,170.80667114257812,2606500,ADI,172.21081907087483,172.9236021613481,173.71682566381327,170.66115453542957,178.91584500252654,178.27346222224682,-1.4028492597266222,-1.6190364673857904,0.2161872076591682
2023-09-21,170.14702120470554,171.36929552494558,168.20691827283062,168.6337432861328,3780800,ADI,169.58924457215363,172.56721061611148,172.56721061611148,168.20691827283062,178.55468525484775,178.254340035224,-1.644591467842048,-1.624147467477042,-0.020444000365005932
2023-09-22,169.7492936793377,171.58269016700018,169.04114552562962,170.224609375,2839700,ADI,170.14943468674187,171.07822759413256,171.58269016700018,169.04114552562962,178.14264972819555,178.2097601450432,-1.6883421540873371,-1.6369864047991012,-0.05135574928823594
2023-09-25,169.27399138730345,170.32164881222164,167.87711482074587,170.17613220214844,2300400,ADI,169.41222180560484,170.6138311404372,170.6138311404372,167.87711482074587,177.774136120177,178.133954468365,-1.7072465157424688,-1.6510384269877747,-0.056208088754694074
2023-09-26,168.16812179541486,168.6143519800709,166.2862195936314,167.1786651611328,3492500,ADI,167.56183963256248,170.01302647302103,170.01302647302103,166.2862195936314,177.38391761466622,178.04874908749173,-1.9417160044621937,-1.7091739424826586,-0.2325420619795351
2023-09-27,167.80921474571173,168.78896143458226,165.5392829804908,167.6345977783203,2558400,ADI,167.44301423477629,168.78743305279176,168.78896143458226,165.5392829804908,176.95757940521293,177.97734514702046,-2.0669186600144087,-1.7807228859890087,-0.2861957740254
2023-09-28,167.63460897415996,172.30055464450888,167.10107765179097,171.12680053710938,2781800,ADI,169.5407604518923,168.11522364378402,172.30055464450888,167.10107765179097,176.55572198854236,177.92386761183892,-1.862877003007867,-1.7971537093927805,-0.06572329361508644
2023-09-29,172.63038685396205,173.26091446448987,168.91508750128546,169.84632873535156,2703800,ADI,171.16317938877225,168.82799204783817,173.26091446448987,168.82799204783817,176.28976179332548,177.87085638831937,-1.7839318370830597,-1.7945093349308365,0.01057749784777684
2023-10-02,169.75901715059086,171.60210913035834,168.48825201906772,170.17613220214844,1727200,ADI,170.00637762554135,169.99558571830522,171.60210913035834,168.48825201906772,175.98261119455685,177.8344061768844,-1.6754413953509584,-1.770695747014861,0.09525435166390261
2023-10-03,168.57554084718785,171.11707092544387,165.3840780695996,166.37351989746094,3226100,ADI,167.86255243492306,170.00098167192328,171.11707092544387,165.3840780695996,175.6321499571923,177.77156935789483,-1.8746907043923215,-1.7914947384903532,-0.08319596590196832
2023-10-04,167.42117681183254,169.10907166962173,166.5772367838432,168.58523559570312,3601000,ADI,167.92318021525014,168.9317670534232,169.10907166962173,166.5772367838432,175.23202112183247,177.71928362707632,-1.8330005551559054,-1.7997959018234637,-0.033204653332441714
2023-10-05,169.00236617046514,169.40009082061746,164.802041581765,166.94586181640625,2874600,ADI,167.53759009731345,168.42747363433665,169.40009082061746,164.802041581765,174.88423217286126,177.65687223519882,-1.9102246935025562,-1.8218816601592822,-0.08834303334327398
2023-10-06,165.5974946812492,170.04031743452921,165.03486304657193,168.75985717773438,3259900,ADI,167.35813308502117,167.98253186582505,170.04031743452921,165.03486304657193,174.4528653775365,177.57676419782038,-1.8042528107507962,-1.8183558902775852,0.014103079526788909
2023-10-09,167.67340810583372,168.69195034187598,166.2959219468707,168.12933349609375,2571900,ADI,167.69765347266855,167.6703324754231,168.69195034187598,166.2959219468707,173.98397476518298,177.48991426531032,-1.7509633067228663,-1.8048773735666415,0.0539140668437752
2023-10-10,168.449439808991,172.25205477677042,168.27483764100504,170.69996643066406,2924500,ADI,169.91907466435765,167.68399297404582,172.25205477677042,167.68399297404582,173.535954833197,177.4026022799084,-1.4841935374848845,-1.7407406063502902,0.2565470688654057
2023-10-11,171.08796811512806,171.79611632519982,168.0517171664347,169.681396484375,2466900,ADI,170.1542995227844,168.80153381920172,171.79611632519982,168.0517171664347,173.1061076184533,177.2722178294045,-1.3395254400652448,-1.6604975730932812,0.3209721330280364
2023-10-12,170.6223667395293,170.90367517656523,167.0622793230298,168.4009552001953,3569000,ADI,169.2473191098299,169.47791667099307,170.90367517656523,167.0622793230298,172.72295178520892,177.12656626652446,-1.313059706180269,-1.5910099997106788,0.2779502935304099
2023-10-13,168.76955490888608,169.04116814326602,164.9378544650587,165.94671630859375,2699900,ADI,167.17382345645115,169.36261789041149,169.36261789041149,164.9378544650587,172.37667344537698,176.96349468706686,-1.4731405418547752,-1.567436108139498,0.09429556628472291
2023-10-16,166.58692888923895,168.54643693363613,166.3638212035603,167.57638549804688,3258900,ADI,167.26839313112055,168.2682206734313,168.54643693363613,166.3638212035603,172.0902140155769,176.82142675221922,-1.4517699730182585,-1.5443028811152502,0.09253290809699166
2023-10-17,164.41401148874314,168.8568485249356,163.67676297681206,167.44056701660156,2283600,ADI,166.0970475017731,167.76830690227592,168.8568485249356,163.67676297681206,171.7383783811004,176.8223434575601,-1.4293167854352191,-1.521305661979244,0.09198887654402488
2023-10-18,165.58778011947922,167.7801058771162,164.63713383974337,166.14071655273438,3827200,ADI,166.03643409726828,166.9326772020245,167.7801058771162,164.63713383974337,171.46411170471802,176.8618092226,-1.4991285212221044,-1.5168702338278162,0.01774171260571178
2023-10-19,167.750992103432,167.84800317028953,163.19175319552943,163.66708374023438,3692800,ADI,165.61445805237133,166.48455564964638,167.84800317028953,163.19175319552943,171.18917786274346,176.84067696625968,-1.7340670739471875,-1.5603096018516904,-0.17375747209549708
2023-10-20,163.9580874199964,164.6565255936001,161.0382233103503,161.532958984375,3399600,ADI,162.79644882708044,166.04950685100886,166.04950685100886,161.0382233103503,170.8494843891875,176.76503703028607,-2.0686178627439915,-1.6619712540301508,-0.40664660871384073
2023-10-23,160.59203559463637,162.29932097837505,158.74892878539993,158.96234130859375,2757500,ADI,160.15065666675127,164.42297783904465,164.42297783904465,158.74892878539993,170.51562319408333,176.6650288501941,-2.512219829667117,-1.8320209691575442,-0.680198860509573
2023-10-24,159.68987173318803,160.36891961842767,157.97289125119246,159.99058532714844,3206300,ADI,159.50556698248914,162.28681725289795,162.28681725289795,157.97289125119246,170.14829608556906,176.534067847688,-2.74911677857213,-2.0154401310404615,-0.7336766475316687
2023-10-25,157.15803203136653,157.62366739043432,154.23818245937235,155.0045166015625,5142300,ADI,156.00609962068393,160.89619211769354,160.89619211769354,154.23818245937235,169.74728104975773,176.35139704668939,-3.3011399072074425,-2.272580086273858,-1.0285598209335847
2023-10-26,156.05217565482374,159.02053079258047,155.86786350674683,156.04248046875,3528300,ADI,156.74576260572528,158.45114586918874,159.02053079258047,155.86786350674683,169.43564141648278,176.21203837923957,-3.613216295995585,-2.5407073282182036,-1.0725089677773814
2023-10-27,156.64390500939766,157.6236664533605,155.01422566778072,155.76116943359375,2168900,ADI,156.26074164103315,157.59845423745702,157.6236664533605,155.01422566778072,169.1521472711005,176.0761321729491,-3.838985101457496,-2.8003628828660623,-1.0386222185914336
2023-10-30,152.89948875934783,153.2875181796945,150.34826377893464,151.21160888671875,4421400,ADI,151.93671990117394,156.92959793924507,156.92959793924507,150.34826377893464,168.81384013909047,175.85701587620883,-4.335048282109057,-3.107299962714661,-1.2277483193943954
2023-10-31,151.81305010998682,152.91890815769324,150.51318473496198,152.61819458007812,3151800,ADI,151.96583439568005,154.4331589202095,154.4331589202095,150.51318473496198,168.44884024645208,175.6250602958895,-4.562093245461398,-3.3982586192640087,-1.163834626197389
2023-11-01,152.7443027030916,154.7037959090197,150.81389505373198,154.4709930419922,4324600,ADI,153.18324667695885,153.1994966579448,154.7037959090197,150.81389505373198,168.08323211189318,175.38840740708886,-4.540186222687765,-3.6266441399487603,-0.9135420827390051
2023-11-02,157.128936553453,160.3204142516306,156.7991225985577,159.4182586669922,4105900,ADI,158.41668301765839,153.19137166745182,160.3204142516306,153.19137166745182,167.9042120057732,175.17360454677262,-4.076628918831631,-3.7166410957253344,-0.3599878231062963
2023-11-03,160.97036942704307,164.3849553001684,160.97036942704307,162.8910675048828,3536600,ADI,162.30419041478433,155.80402734255512,164.3849553001684,155.80402734255512,167.7631650740594,174.95099675772298,-3.389952503741341,-3.651303377328536,0.2613508735871948
2023-11-06,162.4254022583628,163.86107412817367,160.6308013197424,162.551513671875,2132900,ADI,162.36719784453848,159.05410887866972,163.86107412817367,159.05410887866972,167.61246799847507,174.7201608133037,-2.8404131395231786,-3.4891253297674645,0.6487121902442858
2023-11-07,162.5515266364547,164.05509452451628,161.94038949368755,163.07534790039062,2537400,ADI,162.90558963876228,160.7106533616041,164.05509452451628,160.7106533616041,167.3911507526692,174.51054213570984,-2.3357056292196887,-3.2584413896579094,0.9227357604382207
2023-11-08,163.4536852264825,165.39378831522413,162.48363368211167,163.85140991210938,3452000,ADI,163.79562928398192,161.80812150018318,165.39378831522413,161.80812150018318,167.17773874083926,174.31803034771633,-1.8517537084833293,-2.9771038534229937,1.1253501449396643
2023-11-09,164.4043222009286,165.51018030624695,161.78518614115464,162.1247100830078,4211500,ADI,163.4560996828345,162.80187539208254,165.51018030624695,161.78518614115464,166.9395779466056,174.14384637189528,-1.5892289283648608,-2.699528868411367,1.1102999400465063
2023-11-10,164.21030657371648,167.809203928796,162.81343013187225,167.15927124023438,3671000,ADI,165.49805296865478,163.1289875374585,167.809203928796,162.81343013187225,166.73462912161824,174.00050893295614,-0.9638188353494854,-2.352386861798991,1.3885680264495055
2023-11-13,165.63629705605337,166.48023714195548,165.00576948871688,165.5489959716797,3243700,ADI,165.66782491460134,164.31352025305665,166.48023714195548,164.31352025305665,166.51539749301176,173.87207167944666,-0.5912964894774291,-2.0001687873346787,1.4088722978572497
2023-11-14,169.95300687828305,172.96017221966804,169.75899955344113,172.26173400878906,3448600,ADI,171.2334781650453,164.990672583829,172.96017221966804,164.990672583829,166.41586956344003,173.7967324200069,0.24279324303478234,-1.5515763812607866,1.794369624295569
2023-11-15,173.65862048175956,177.33510908636967,173.65862048175956,175.36590576171875,3293200,ADI,175.0045639529019,168.11207537443715,177.33510908636967,168.11207537443715,166.39981536511027,173.73156429578293,1.141141711840362,-1.0130327626405569,2.154174474480919
2023-11-16,175.89940705930132,176.21952577007642,173.30937181954835,174.4540252685547,3286900,ADI,174.9705824793702,171.55831966366952,176.21952577007642,171.55831966366952,166.4193620554671,173.65461574674472,1.7592289148761893,-0.45858042713720765,2.217809342013397
2023-11-17,177.44180544788773,178.0723477572248,175.69570991698455,177.5679168701172,3279000,ADI,177.19444499805357,173.26445107151986,178.0723477572248,173.26445107151986,166.51253519836243,173.59302680475363,2.4718386870103473,0.12750339569230332,2.344335291318044
2023-11-20,176.63666544209252,179.1685003253161,176.63666544209252,178.3148651123047,3811100,ADI,177.68917408045147,175.2294480347867,179.1685003253161,175.2294480347867,166.61104427151813,173.54147791521743,3.061567699460795,0.7143162564460017,2.3472514430147937
2023-11-21,177.57761385443396,179.00359065229782,174.06603238580044,175.8218231201172,4965900,ADI,176.61726500316234,176.4593110576191,179.00359065229782,174.06603238580044,166.72114503021498,173.44442944502327,3.2898412944601603,1.2294212640488336,2.0604200304113265
2023-11-22,176.70458935361646,178.6931979403096,176.00615107144313,177.19931030273438,2926300,ADI,177.1508121670259,176.53828803039073,178.6931979403096,176.00615107144313,166.84472982217414,173.34021361094108,3.541082076683125,1.691753426575692,1.849328650107433
2023-11-24,177.32540401309757,177.89773080322942,176.75307722296574,177.5679168701172,1127100,ADI,177.38603222735247,176.8445500987083,177.89773080322942,176.75307722296574,166.9330045516639,173.26605874356693,3.7269734461740427,2.0987974304953623,1.6281760156786804
2023-11-27,177.18959973050522,178.85808939284055,175.9964258010074,178.266357421875,3520200,ADI,177.57761808655704,177.1152911630304,178.85808939284055,175.9964258010074,167.01982383842707,173.24216518520373,3.8858582560729644,2.4562095956108827,1.4296486604620817
2023-11-28,177.7716254019835,179.02300007560137,176.87917983414212,177.7134246826172,2797900,ADI,177.84680749858603,177.34645462479372,179.02300007560137,176.87917983414212,167.1060129223193,173.22115694118668,3.9219487774367394,2.7493574319760543,1.172591345460685
2023-11-29,179.74081773570776,181.33170144266688,177.06348119525748,177.23809814453125,2986600,ADI,178.84352462954084,177.5966310616899,181.33170144266688,177.06348119525748,167.22886997362986,173.19013040951475,3.867612467462095,2.9730084390732627,0.8946040283888324
2023-11-30,177.6940088838256,178.00443243763183,175.3464862649525,177.88803100585938,4356200,ADI,177.23323964806733,178.22007784561538,178.22007784561538,175.3464862649525,167.32931838517368,173.12258169385012,3.8328124247393305,3.1449692362064763,0.6878431885328542
2023-12-01,178.13169789955526,179.21352910144498,176.56255561341888,178.42408752441406,2332900,ADI,178.0829675347083,177.72665874684134,179.21352910144498,176.56255561341888,167.49919284442475,173.02693904963624,3.8046310032914903,3.2769015896234794,0.5277294136680108
2023-12-04,177.04986638577765,178.79443352082367,175.60741487142963,178.6092529296875,3316000,ADI,177.5152419269296,177.90481314077482,178.79443352082367,175.60741487142963,167.64650898922852,172.89457935871204,3.753964953252563,3.3723142623492963,0.38165069090326664
2023-12-05,177.5956663049725,177.87830021195148,175.0713982648356,176.0460205078125,2620000,ADI,176.647846322393,177.7100275338522,177.87830021195148,175.0713982648356,167.7912214795643,172.78267879987064,3.467014721383009,3.391254354156039,0.07576036722697
2023-12-06,178.35585832015926,178.35585832015926,175.59767577575826,175.98753356933594,2763400,ADI,177.07423149635318,177.1789369281226,178.35585832015926,175.59767577575826,167.98146931684013,172.68269346575315,3.198020399653643,3.3526075632555603,-0.15458716360191715
2023-12-07,177.71259867414543,181.0068262891489,175.79259185527044,179.70083618164062,3717600,ADI,178.55321325005136,177.1265842122379,181.0068262891489,175.79259185527044,168.20367329714563,172.58062635117926,3.2470430579737126,3.331494662199191,-0.0844516042254786
2023-12-08,179.57412417953475,181.57210248392977,179.14528807070226,180.18814086914062,2404200,ADI,180.11991390082684,177.83989873114461,181.57210248392977,177.83989873114461,168.4152563661243,172.48548917733333,3.2873210923216334,3.32265994822368,-0.03533885590204644
2023-12-11,180.9385983894553,186.26004193636433,180.85088596406632,185.30491638183594,3499500,ADI,183.33861066793048,178.97990631598572,186.26004193636433,178.97990631598572,168.65876499170747,172.4742633925165,3.6895914325833417,3.3960462450956124,0.2935451874877293
2023-12-12,185.39261436819783,186.20155248407494,184.32052412509492,186.1235809326172,2841100,ADI,185.50956797749623,181.1592584919581,186.20155248407494,181.1592584919581,168.96882879874659,172.47571999665172,4.028020450428102,3.5224410861621105,0.5055793642659911
2023-12-13,186.55241888535548,188.18977686759513,184.8468302180794,187.39059448242188,3701800,ADI,186.74490511336296,183.33441323472715,188.18977686759513,183.33441323472715,169.34647585231534,172.48931290475383,4.348340329345859,3.6876209347988604,0.6607193945469989
2023-12-14,188.2872598108571,195.17783083452073,188.2872598108571,195.09011840820312,5610000,ADI,191.7106172161095,185.03965917404506,195.17783083452073,185.03965917404506,169.82222459233253,172.5271228570825,5.1639564983113075,3.98288804750135,1.1810684508099576
2023-12-15,196.81520160356567,197.62413978191276,194.94392883873002,195.7821044921875,7057400,ADI,196.291343679099,188.37513819507728,197.62413978191276,188.37513819507728,170.39729966396825,172.64076591841476,5.799324677296539,4.346175373460388,1.4531493038361516
2023-12-18,195.7821204052924,196.0842509203596,191.18190224100115,191.60098266601562,3421000,ADI,193.6623140581672,192.33324093708814,196.0842509203596,191.18190224100115,170.92338328343118,172.68812433048384,5.897494305156783,4.6564391597996675,1.241055145357116
2023-12-19,192.68281888274126,193.07267671180927,191.69845574851126,192.8095245361328,1981800,ADI,192.56586896979866,192.99777749762768,193.07267671180927,191.69845574851126,171.4207475933738,172.70236117927837,6.003607817419521,4.925872891323639,1.0777349260958822
2023-12-20,191.27934182985507,192.4294037242609,187.18593168803838,187.31263732910156,3629500,ADI,189.55182864281397,192.78182323371317,192.78182323371317,187.18593168803838,171.8134026729429,172.67467875306997,5.579829876695015,5.056664288397915,0.5231655882971005
2023-12-21,190.1682932362055,192.68282048628708,189.82718436343222,191.29885864257812,2636800,ADI,190.99428918212573,191.16682593826357,192.68282048628708,189.82718436343222,172.23020246612975,172.66815504229154,5.50221148231131,5.145773727180594,0.35643775513071585
2023-12-22,192.60483054605314,194.39814666050353,190.76279521982252,192.09803771972656,1754600,ADI,192.46595253652646,191.08055756019465,194.39814666050353,190.76279521982252,172.6945751346637,172.7087634599363,5.4424482622982,5.205108634204115,0.2373396280940847
2023-12-26,192.8777049859009,194.75873334621107,192.52684043986935,193.82308959960938,1606900,ADI,193.49659209289769,191.77325504836057,194.75873334621107,191.77325504836057,173.2210305073926,172.79885197638478,5.471214000429001,5.258329707449093,0.21288429297990774
2023-12-27,193.8231099728028,194.37865175889402,193.0531649869558,194.2909393310547,1646100,ADI,193.88646651242684,192.63492357062913,194.37865175889402,192.63492357062913,173.7533919750187,172.9218029952978,5.4687225886476085,5.300408283688796,0.1683143049588125
2023-12-28,195.76260141515158,196.35712150867138,194.64179191548394,195.15834045410156,2215500,ADI,195.4799638233521,193.26069504152798,196.35712150867138,193.26069504152798,174.3410503014503,173.03971434127536,5.473643394490438,5.335055305849124,0.13858808864131333
2023-12-29,194.7977181726594,195.60665631604496,193.0628919905011,193.52096557617188,1542400,ADI,194.2470580138443,194.37032943244003,195.60665631604496,193.0628919905011,174.9052627797818,173.18468724224994,5.284504224823166,5.324945089643933,-0.040440864820766365
2024-01-02,192.06877953653773,192.06877953653773,186.64986830523446,188.66734313964844,3279200,ADI,189.8636926294896,194.30869372314217,194.30869372314217,186.64986830523446,175.3902474713242,173.28971266703383,4.688912439123868,5.19773855953992,-0.5088261204160522
2024-01-03,185.92866015999334,186.25028723408363,183.87220695648483,184.1645965576172,3297400,ADI,185.05393772704474,192.08619317631587,192.08619317631587,183.87220695648483,175.83539724932348,173.34244081925547,3.8096523390649963,4.920121315444936,-1.1104689763799396
2024-01-04,177.28377373044742,182.14714390333057,177.19606130087885,181.34796142578125,3923500,ADI,179.4937350901095,188.5700654516803,188.5700654516803,177.19606130087885,176.22225881779065,173.368941005937,2.852669659395872,4.506630984235123,-1.6539613248392513
2024-01-05,181.28944587623195,183.03402770949833,180.28558633391546,181.8157501220703,2492200,ADI,181.60620251042903,184.0319002708949,184.0319002708949,180.28558633391546,176.66427152834942,173.4062838069592,2.107704325918661,4.026845652571831,-1.91914132665317
2024-01-08,182.42975926039205,184.6519113511809,182.26407528641562,184.18408203125,2587200,ADI,183.38245698230963,182.81905139066197,184.6519113511809,182.26407528641562,177.21179867558195,173.47953986266984,1.6889493670785782,3.5592663954731805,-1.8703170283946022
2024-01-09,181.76704236557555,185.49010635023012,181.1725222219573,184.94430541992188,3151700,ADI,183.3434940894212,183.1007541864858,185.49010635023012,181.1725222219573,177.74375330525584,173.5896973608693,1.402262312188185,3.1278655788161815,-1.7256032666279966
2024-01-10,184.8078467756816,184.8078467756816,181.62084306215786,183.58956909179688,3080400,ADI,183.7065264263295,183.2221241379535,184.8078467756816,181.62084306215786,178.2926690009618,173.7224081360311,1.0535996155183227,2.71301238615661,-1.659412770638287
2024-01-11,183.59931396117543,184.9442823318996,181.01655650131815,184.1645965576172,2918700,ADI,183.4311873380026,183.4643252821415,184.9442823318996,181.01655650131815,178.92255834969836,173.86819924439442,0.8142951397254308,2.333268936870374,-1.5189737971449433
2024-01-12,184.87606789875727,185.48032883980216,182.66367157525787,183.57981872558594,1597100,ADI,184.1499717598508,183.44775631007204,185.48032883980216,182.66367157525787,179.56624109698177,174.00754067171692,0.5708772175065633,1.980790592997612,-1.4099133754910487
2024-01-16,183.08278181488646,184.56419681573433,180.7436796682167,183.0242919921875,2373300,ADI,182.85373757275624,183.7988640349614,184.56419681573433,180.7436796682167,180.15965091489775,174.12144151339547,0.3293439240154896,1.6505012592011876,-1.321157335185698
2024-01-17,179.99321550025695,180.98733427925515,178.23890748874194,180.72418212890625,2925900,ADI,179.98590984929007,183.32630080385883,183.32630080385883,178.23890748874194,180.59103545153036,174.24762372865177,-0.04712931694743361,1.3109751439714634,-1.358104460918897
2024-01-18,185.52908889246265,185.87995349124972,182.94634592330448,185.14898681640625,3585500,ADI,184.8760937808558,181.65610532657445,185.87995349124972,181.65610532657445,181.0424735188518,174.4028192964556,0.011425974371604752,1.0510653100514917,-1.039639335679887
2024-01-19,186.50369853649644,190.61660527238348,186.19181230460262,189.82716369628906,4395300,ADI,188.28481995244292,183.26609955371512,190.61660527238348,183.26609955371512,181.5608259610099,174.5866469797425,0.43036031583022805,0.9269243112072391,-0.496563995377011
2024-01-22,191.02595115517025,192.82900817336892,190.50940257901584,192.30270385742188,2861800,ADI,191.66676644124422,185.77545975307902,192.82900817336892,185.77545975307902,182.1360494970595,174.76360012486435,0.9511598233786742,0.9317714136415262,0.01938840973714806
2024-01-23,192.1370112572398,196.4545951419382,191.89335571821664,196.25965881347656,3801100,ADI,194.1861552327178,188.7211130971616,196.4545951419382,188.7211130971616,182.74386001603423,174.96079937843675,1.6640087238112926,1.0782188756754796,0.585789848135813
2024-01-24,195.76260848577206,197.30251328971352,192.83874199332593,193.267578125,4255300,ADI,194.7928604734529,191.4536341649397,197.30251328971352,191.4536341649397,183.3705952318466,175.15508658922613,1.9648610128323298,1.2555473031068496,0.7093137097254802
2024-01-25,196.87367462956834,196.9224087114607,191.96158552882912,192.29295349121094,2957300,ADI,194.5126555902673,193.1232473191963,196.9224087114607,191.96158552882912,183.95088728427888,175.34275820294854,2.100432083155283,1.4245242591165364,0.6759078240387468
2024-01-26,190.3632077090103,191.48401724603414,188.56015076174174,189.0084686279297,2379100,ADI,189.85396108617897,193.8179514547318,193.8179514547318,188.56015076174174,184.43461000771043,175.4750037503611,1.9207019972131718,1.5237598067358635,0.3969421904773083
2024-01-29,189.01821756845908,192.31244511450092,188.02409883552244,192.1954803466797,2766500,ADI,190.38756046629052,191.83595627045537,192.31244511450092,188.02409883552244,184.81769165373532,175.61678060858765,2.0122340385296127,1.6214546530946135,0.39077938543499924
2024-01-30,190.86024711462838,191.57171708168136,188.44318847715934,189.79791259765625,2479800,ADI,190.16826631778133,191.11175836837293,191.57171708168136,188.44318847715934,185.1209657010329,175.7603905330716,1.8697567685445335,1.6711150761845976,0.1986416923599359
2024-01-31,188.5991421339856,191.1136692687783,186.75710671648753,187.47833251953125,4125600,ADI,188.48706265969568,190.64001234307713,191.1136692687783,186.75710671648753,185.39129530463939,175.90532868005323,1.551783781343488,1.6472488172163757,-0.09546503587288768
2024-02-01,187.23464466835892,187.74145230393708,183.95017308282965,187.13717651367188,2628000,ADI,186.51586164219938,189.5635375013864,189.5635375013864,183.95017308282965,185.57772363752233,176.04512941794238,1.2577607763015521,1.5693512090334112,-0.31159043273185905
2024-02-02,185.49981412213893,187.98510329127288,184.9247906893719,187.2248992919922,2948400,ADI,186.40865184869398,188.03969957179288,188.03969957179288,184.9247906893719,185.75211319288718,176.1815787322026,1.0200652443962213,1.4594940161059733,-0.43942877170975203
2024-02-05,187.8973919557731,189.06695039691903,185.58754229046124,187.67323303222656,3193700,ADI,187.55627941884498,187.22417571024343,189.06695039691903,185.58754229046124,185.97089348120085,176.34601925570792,0.857976391048652,1.3391904910945092,-0.4812141000458572
2024-02-06,188.30676180646304,188.30676180646304,184.2230924089931,184.8955841064453,3991700,ADI,186.43305003209113,187.3902275645442,188.30676180646304,184.2230924089931,186.15653823850215,176.50063403033815,0.4996273592633429,1.171277864728276,-0.6716505054649331
2024-02-07,186.96177431504645,187.92665562566964,184.08664186233935,187.0982208251953,3500400,ADI,186.5183231570627,186.91163879831765,187.92665562566964,184.08664186233935,186.33918405709636,176.63609430438012,0.3888847237846562,1.0147992365395522,-0.625914512754896
2024-02-08,188.07282783364923,190.21699347941757,187.03973078705968,189.13516235351562,2594500,ADI,188.6161786134105,186.71498097769017,190.21699347941757,186.71498097769017,186.55995526763343,176.78988955303026,0.4601798780330739,0.9038753648382566,-0.44369548680518267
2024-02-09,190.56785268456613,190.56785268456613,188.5406369887717,190.07080078125,3183900,ADI,189.9367857847885,187.66557979555034,190.56785268456613,187.66557979555034,186.80175483335748,176.9538838778384,0.5854315130266343,0.8401865944759321,-0.2547550814492978
2024-02-12,189.73944438348695,190.71406659183825,187.7219841454082,189.1254425048828,6264900,ADI,189.32523440640406,188.80118279016943,190.71406659183825,187.7219841454082,187.01138902889474,177.1201295012623,0.6014783558552494,0.7924449467517957,-0.19096659089654622
2024-02-13,183.38491566817237,184.15486065826732,178.36560244406064,180.0029754638672,6800200,ADI,181.47708855859187,189.06320859828674,189.06320859828674,178.36560244406064,187.0962660071052,177.21279219613945,-0.12052195409913224,0.6098515665816101,-0.7303735206807423
2024-02-14,181.19201510203925,182.33232128094824,180.0614497912809,181.59161376953125,3780800,ADI,181.2943499859499,185.27014857843932,185.27014857843932,180.0614497912809,187.16049365613006,177.3298432502774,-0.5580892613996014,0.3762634009853678,-0.9343526623849692
2024-02-15,183.01452377203327,184.52519089423333,181.9521893275285,182.78060913085938,2811200,ADI,183.0681282811636,183.2822492821946,184.52519089423333,181.9521893275285,187.27155138321476,177.45903018622164,-0.7997040259148207,0.1410699156053301,-0.9407739415201508
2024-02-16,182.82936205787672,185.685012636051,181.33819138657756,183.46287536621094,4353300,ADI,183.32886036167906,183.1751887816791,185.685012636051,181.33819138657756,187.40517166400045,177.59819657178235,-0.9254641100976926,-0.07223688953527443,-0.8532272205624182
2024-02-20,182.49799788809975,184.70063859696842,181.29921680566025,184.5934295654297,4600500,ADI,183.27282071403954,183.2520245716791,184.70063859696842,181.29921680566025,187.52914344835415,177.75530638259713,-0.9232608312708237,-0.2424416778823843,-0.6808191533884393
2024-02-21,185.43158835002936,189.35931407414026,185.34387593353318,188.8037872314453,5557200,ADI,187.23464139728702,183.26242264285932,189.35931407414026,183.26242264285932,187.70277201129892,177.95322265422226,-0.5751441371086798,-0.3089821697276434,-0.2661619673810364
2024-02-22,192.13700339034455,192.33192483927138,184.24255830060434,187.03973388671875,5780400,ADI,188.93780510423477,185.24853202007318,192.33192483927138,184.24255830060434,187.87912983536705,178.14719310074568,-0.4365709924059047,-0.33449993426329566,-0.10207105814260903
2024-02-23,188.1605479884005,188.1605479884005,185.05150098203057,185.28541564941406,3720400,ADI,186.6645031520614,187.09316856215398,188.1605479884005,185.05150098203057,187.94564768504966,178.30220633837857,-0.46297273565843966,-0.3601944945423245,-0.10277824111611517
2024-02-26,186.42572964542254,186.63040684697512,184.0866423589734,184.2133331298828,2827100,ADI,185.33902799531347,186.87883585710767,186.87883585710767,184.0866423589734,187.94223688540603,178.45553284207628,-0.5639040718370438,-0.4009364100012684,-0.16296766183577543
2024-02-27,184.9832900855212,185.53881698694633,183.21922634446778,184.27182006835938,1886100,ADI,184.50328837132366,186.10893192621057,186.10893192621057,183.21922634446778,187.89740455056523,178.6219402014403,-0.6318894475761567,-0.44712701751624606,-0.18476243005991067
2024-02-28,182.44925489476236,183.86245397125384,181.4941293968758,182.9950408935547,1774800,ADI,182.70021978911166,185.30611014876712,185.30611014876712,181.4941293968758,187.7171966020253,178.76971059717891,-0.7798046539364805,-0.5136625448002929,-0.2661421091361875
2024-02-29,185.30491256819587,187.41008509197658,183.96967012135363,186.9520263671875,3119300,ADI,185.9091735371784,184.0031649689394,187.41008509197658,183.96967012135363,187.50955319918688,178.95342643157758,-0.5711490125451064,-0.5251598383492556,-0.0459891741958508
2024-03-01,187.6634982046169,192.21498186654057,186.75709187071203,191.181884765625,2934000,ADI,189.45436417687364,184.95616925305887,192.21498186654057,184.95616925305887,187.425394201561,179.1743887424961,-0.06373894818881354,-0.43287566031716723,0.3691367121283537
2024-03-04,191.75963213617825,192.15131207147607,189.6738998737195,190.61395263671875,3150700,ADI,191.04969917952315,187.20526671496626,192.15131207147607,187.20526671496626,187.3950708057555,179.40790919956464,0.2892257922138981,-0.28845536981095415,0.5776811620248523
2024-03-05,189.27238409521522,190.99581135964465,184.96384581739977,185.8549346923828,3328500,ADI,187.77174399116063,189.1274829472447,190.99581135964465,184.96384581739977,187.3594691127224,179.58643589283264,0.18283233922383602,-0.19419782800399613,0.3770301672278321
2024-03-06,187.39232669163817,189.96766633095208,186.43270039589126,187.71546936035156,3905300,ADI,187.87704069470828,188.44961346920266,189.96766633095208,186.43270039589126,187.29712414297407,179.76366330455193,0.2458108058163475,-0.1061961012399274,0.3520069070562749
2024-03-07,189.65429063625234,195.24561299167772,189.65429063625234,194.11952209472656,4275300,ADI,192.16842908972723,188.16332708195546,195.24561299167772,188.16332708195546,187.29117367403808,179.99287440435089,0.8032162521188297,0.07568636943182402,0.7275298826870057
2024-03-08,194.86371932861954,195.51979136451928,191.51480695023886,191.86732482910156,3751300,ADI,193.44141061811982,190.16587808584134,195.51979136451928,190.16587808584134,187.29007004454252,180.25555027596758,1.051113999375815,0.27077189542062224,0.7803421039551928
2024-03-11,190.55521328362738,194.36435840242729,190.55521328362738,194.09017944335938,3110900,ADI,192.39124110326037,191.80364435198058,194.36435840242729,190.55521328362738,187.2601655363592,180.50677875568897,1.4106791096247946,0.49875333826145674,0.9119257713633379
2024-03-12,195.15749776169295,195.45126516764086,192.44506878866235,195.0595703125,3864600,ADI,194.52835050762405,192.0974427276205,195.45126516764086,192.0974427276205,187.24113327004463,180.79109178574745,1.7536438766216804,0.7497314459335015,1.003912430688179
2024-03-13,194.32515472808015,195.67647579888867,193.31656477980817,194.4720458984375,3647400,ADI,194.4475603013036,193.31289661762227,195.67647579888867,193.31289661762227,187.24514331579383,181.07520304778782,1.9554958761199828,0.9908843319707978,0.9646115441491849
2024-03-14,194.9224711263964,195.74500786871985,189.51720192810035,190.38870239257812,4361800,ADI,192.64334582894867,193.88022845946296,195.74500786871985,189.51720192810035,187.30073637978302,181.34549192555357,1.7656203723977342,1.1458315400561851,0.619788832341549
2024-03-15,184.82676857536768,191.84773595156616,184.82676857536768,191.1427001953125,10198200,ADI,188.1609933244035,193.2617871442058,193.2617871442058,184.82676857536768,187.3628774917302,181.59913737052682,1.6568844563389291,1.2480421233127341,0.408842333026195
2024-03-18,193.1109391008177,194.16847783661362,187.1475101746374,187.2454376220703,2846500,ADI,190.41809118353476,190.71139023430464,194.16847783661362,187.1475101746374,187.58136461359868,181.90181171569466,1.2419178842810652,1.2468172755064004,-0.004899391225335226
2024-03-19,186.3739326098326,187.1083436228764,184.19028804803884,186.57955932617188,2226700,ADI,186.06303090172992,190.56474070891971,190.56474070891971,184.19028804803884,187.6705011814247,182.16738635488707,0.8495302172206891,1.1673598638492582,-0.31782964662856905
2024-03-20,186.50122160010886,190.70204571181873,186.00181258528116,190.28099060058594,2594300,ADI,188.37151762444867,188.31388580532482,190.70204571181873,186.00181258528116,187.7702823942675,182.49104053492468,0.8276935972010335,1.0994266105196133,-0.2717330133185798
2024-03-21,192.54299856912195,194.54059005881845,190.26142643830607,191.09375,3109000,ADI,192.1096912665616,188.34270171488674,194.54059005881845,188.34270171488674,187.9456063378103,182.84467982153308,0.8659882362021563,1.0527389356561219,-0.1867506994539656
2024-03-22,191.2308397850247,191.5539824418567,188.54780096308878,189.4878387451172,2104300,ADI,190.20511548377183,190.2261964907242,191.5539824418567,188.54780096308878,188.07557811895916,183.18412355996045,0.7580154659565039,0.9937942417161983,-0.23577877575969441
2024-03-25,186.84396083055952,188.1169429719049,186.47185445066276,186.66770935058594,1768700,ADI,187.02511690092828,190.215655987248,190.215655987248,186.47185445066276,188.14745671021765,183.53500752995802,0.4398154752776975,0.8829984884284983,-0.4431830131508008
2024-03-26,186.66771175912498,187.94067897526415,184.83657002430755,185.0324249267578,2711500,ADI,186.11934642136362,188.62038644408813,188.62038644408813,184.83657002430755,188.18684420344792,183.87654265021484,0.05505130660259283,0.7174090520633172,-0.6623577454607243
2024-03-27,186.71665648786131,189.3801217337203,185.44368929936934,189.31158447265625,2410300,ADI,187.7130129984018,187.36986643272587,189.3801217337203,185.44368929936934,188.28402971196078,184.22184031342928,0.09432798943188914,0.5927928395370317,-0.4984648501051425
2024-03-28,190.00680850302396,194.44266471634262,189.89909429136932,193.67886352539062,3119700,ADI,192.00685775903165,187.54143971556385,194.44266471634262,187.54143971556385,188.52444867015566,184.557742060843,0.47241228942303337,0.568716729514232,-0.09630444009119865
2024-04-01,193.29697413026955,195.53938414117354,192.10233101127932,192.53318786621094,2032300,ADI,193.36796928723334,189.77414873729776,195.53938414117354,189.77414873729776,188.6942861802832,184.8683798495675,0.6718556366676012,0.5893445109449059,0.08251112572269526
2024-04-02,191.16230565138537,191.5148235608229,188.7338572428333,190.82937622070312,2495800,ADI,190.56009066893617,191.57105901226555,191.57105901226555,188.7338572428333,188.73979159461305,185.1503087778115,0.6845415964150732,0.6083839280389394,0.0761576683761338
2024-04-03,188.98844531013668,192.58216162226117,188.64571417359537,191.2993927001953,1928300,ADI,190.37892845154713,191.06557484060085,192.58216162226117,188.64571417359537,188.7140348348191,185.42504216593932,0.7241738869298331,0.6315419198171182,0.09263196711271493
2024-04-04,194.22724940621143,194.5699655997926,187.35315775658293,187.96026611328125,2931000,ADI,191.02765971896704,190.72225164607397,194.5699655997926,187.35315775658293,188.65086492454412,185.6973624702892,0.48060306046329515,0.6013541479463536,-0.1207510874830584
2024-04-05,188.62613583909302,191.59315523819254,187.19647577703032,190.71185302734375,2087400,ADI,189.5319049704149,190.87495568252052,191.59315523819254,187.19647577703032,188.54564581448335,185.95812052316498,0.5037940692199925,0.5818421322010814,-0.0780480629810889
2024-04-08,190.58456567357894,192.88571129985976,189.9970308651157,192.60174560546875,2456700,ADI,191.51726336100577,190.2034303264677,192.88571129985976,189.9970308651157,188.4857379698981,186.2183126270885,0.6669830815240232,0.5988703220656698,0.06811275945835338
2024-04-09,194.3839088944547,199.95564304782727,193.80617579503314,199.87730407714844,4598000,ADI,197.0057579536159,190.86034684373675,199.95564304782727,190.86034684373675,188.62877390724682,186.53169195747864,1.3676232047848202,0.7526208986094999,0.6150023061753204
2024-04-10,196.21504428295552,196.57734893678503,191.33854437078392,192.2492218017578,4517700,ADI,194.09503984807057,193.93305239867632,196.57734893678503,191.33854437078392,188.70292349488244,186.7603075743089,1.2924643368835405,0.860589586264308,0.4318747506192324
2024-04-11,193.8453563592436,194.95185885430402,190.2026763338468,194.51121520996094,3427100,ADI,193.37777668933882,194.01404612337345,194.95185885430402,190.2026763338468,188.7671137023136,186.94403970167323,1.399294164260425,0.9683305018635315,0.43096366239689354
2024-04-12,190.97623240754285,192.57235707181925,188.0875521721162,188.2736053466797,3335900,ADI,189.9774367495395,193.69591140635612,193.69591140635612,188.0875521721162,188.79692118411052,187.09410824437495,0.9694592631200862,0.9685562541148425,0.00090300900524376
2024-04-15,190.89789112390142,191.8085685089598,185.2967821864734,186.33474731445312,2561500,ADI,188.58449728344692,191.8366740779478,191.8366740779478,185.2967821864734,188.83829389693543,187.20800876722885,0.46697932075991844,0.8682408674438578,-0.4012615466839393
2024-04-16,188.74362899860992,190.00680935766854,186.51102073029918,187.25521850585938,2268000,ADI,188.12916939810924,190.21058568069736,190.21058568069736,186.51102073029918,188.8727042479237,187.31240872040547,0.14140465388607026,0.7228736247323003,-0.5814689708462301
2024-04-17,188.4204872825068,188.82196888804364,185.26741481172104,185.4926300048828,2763200,ADI,187.00062524678856,189.1698775394033,189.1698775394033,185.26741481172104,188.8615911644826,187.41624232284173,-0.25589201287516516,0.5271204972108072,-0.7830125100859724
2024-04-18,184.40573086913935,186.2466444585679,182.7214802857507,183.6811065673828,2748900,ADI,184.2637405452102,188.08525139309592,188.08525139309592,182.7214802857507,188.818204974745,187.48737160662355,-0.7087571740086105,0.27994496296692367,-0.9887021369755342
2024-04-19,183.20129518194594,184.02383203619723,178.77525499956582,179.548828125,4121300,ADI,181.38730258567725,186.17449596915304,186.17449596915304,178.77525499956582,188.7155845633173,187.5273843102068,-1.385129501650738,-0.05306992995660862,-1.3320595716941293
2024-04-22,180.60637317555464,184.395929524885,179.3823547225015,182.4375,3557800,ADI,181.70553935573528,183.78089927741513,184.395929524885,179.3823547225015,188.57737177816375,187.56866352289856,-1.6688305261378389,-0.3762220491928547,-1.2926084769449842
2024-04-23,183.11314690182218,186.8929162002416,182.5549873569303,185.98223876953125,4177800,ADI,184.63582230713132,182.74321931657522,186.8929162002416,182.5549873569303,188.4713525086106,187.63655367098406,-1.5893142129826572,-0.6188404819508152,-0.970473731031842
2024-04-24,195.87230647248677,197.48800467846692,190.97623319178345,192.41567993164062,6527500,ADI,194.18805606859445,183.68952081185327,197.48800467846692,183.68952081185327,188.56860894185445,187.78999898537458,-0.9956942827585351,-0.6942112421123592,-0.3014830406461759
2024-04-25,193.74742091878895,194.9616525243917,191.044793728857,193.8257598876953,3301500,ADI,193.39490676493324,188.93878844022385,194.9616525243917,188.93878844022385,188.80696530598124,187.95161565654325,-0.40677548870669966,-0.6367240914312273,0.22994860272452766
2024-04-26,192.9640403037284,198.38889793789863,192.8759145694999,197.77198791503906,3136300,ADI,195.5002101815415,191.16684760257854,198.38889793789863,191.16684760257854,189.09108250989308,188.12578808301157,0.37406255996771165,-0.43456676115143955,0.8086293211191512
2024-04-29,196.63611051764633,199.7402194657458,196.4696458040218,199.66188049316406,2289200,ADI,198.12696407014448,193.33352889206003,199.7402194657458,193.33352889206003,189.39225922567272,188.33190530444375,1.132328102227234,-0.12118778847570484,1.253515890702939
2024-04-30,199.39749442263414,199.95563903277088,196.33254762600365,196.4402618408203,2668400,ADI,198.03148573055722,195.73024648110226,199.95563903277088,195.73024648110226,189.68631173305027,188.54574169852538,1.4565115479447002,0.19435207880837616,1.262159469136324
2024-05-01,192.9640484137328,195.37292317529688,189.82077756110232,189.8599395751953,3554600,ADI,192.00442218133182,196.88086610582974,196.88086610582974,189.82077756110232,189.86094376239612,188.69504360537513,1.1689770121698473,0.38927706548067037,0.779699946689177
2024-05-02,192.02400591794358,193.21864903029785,187.6077381210563,192.40589904785156,2728100,ADI,191.31407302928733,194.44264414358076,194.44264414358076,187.6077381210563,189.9425323950361,188.82265220316748,1.13347547327416,0.5381167470393684,0.5953587262347917
2024-05-03,194.9029037780245,197.63492138912366,194.9029037780245,195.48065185546875,2372800,ADI,195.73034520016034,192.87835858643405,197.63492138912366,192.87835858643405,190.07838319695463,188.97875651616084,1.33802320411138,0.6980980384537708,0.6399251656576092
2024-05-06,196.0094129643211,199.2016476418301,195.84294825130323,199.0939483642578,2168900,ADI,197.53698930542805,194.3043518932972,199.2016476418301,194.3043518932972,190.29583292002198,189.1207403025358,1.771273447444372,0.9127331202518911,0.858540327192481
2024-05-07,200.24942295140065,201.49302990839877,199.29958341737643,199.33876037597656,3276700,ADI,200.0951991632881,195.9206705993626,201.49302990839877,195.9206705993626,190.59095634338144,189.26659661439373,2.1100582322162325,1.1521981426447594,0.9578600895714731
2024-05-08,198.18326715028545,200.73901817446458,197.61532081806442,200.6019287109375,2464300,ADI,199.28488371343798,198.00793488132535,200.73901817446458,197.61532081806442,190.88658825022375,189.3919964003945,2.452207224416526,1.4121999589991128,1.040007265417413
2024-05-09,200.2298320423443,201.18947327518939,199.4660457168597,200.53338623046875,2941800,ADI,200.35468431621553,198.64640929738167,201.18947327518939,198.64640929738167,191.2396775407658,189.47843707139552,2.6868595164515625,1.6671318704896028,1.0197276459619597
2024-05-10,201.66925235272888,203.44162846251635,200.97401832483806,202.88348388671875,2617000,ADI,202.2420957567005,199.50054680679858,203.44162846251635,199.50054680679858,191.56633598515626,189.53794459217156,3.0275566008356805,1.9392168165588184,1.088339784276862
2024-05-13,204.48941072326073,205.39028646805102,203.7256244409031,204.04876708984375,2314800,ADI,204.41352218051463,200.87132128174954,205.39028646805102,200.87132128174954,191.86551914522911,189.64545667339505,3.3529395110629707,2.221961355459649,1.1309781556033216
2024-05-14,204.65588104854677,208.00479367270907,202.4134858640072,207.53477478027344,2683400,ADI,205.65223384138415,202.6424217311321,208.00479367270907,202.4134858640072,192.1575698384663,189.7763203221109,3.847745088271779,2.547118102022075,1.300626986249704
2024-05-15,209.97300860054816,211.41245545733284,208.2887730014738,211.2655792236328,3802700,ADI,210.2349540707469,204.14732778625813,211.41245545733284,204.14732778625813,192.60683404005806,189.98315157639024,4.4891783583384495,2.93553015328535,1.5536482050530993
2024-05-16,211.510392680798,211.510392680798,209.2190336794143,209.66946411132812,2820000,ADI,210.4773207880846,207.19114092850253,211.510392680798,207.19114092850253,193.05883964192554,190.1779818924498,4.8132416423568145,3.311072451099643,1.5021691912571713
2024-05-17,210.0513499689695,211.14808064575683,208.5433658331299,209.6302947998047,2373800,ADI,209.84327281191523,208.83423085829355,211.14808064575683,208.5433658331299,193.41233651636932,190.35175509520369,5.009161003647307,3.6506901616091763,1.3584708420381308
2024-05-20,210.49201476725227,214.1542684658732,209.49321151234122,212.95962524414062,2647900,ADI,211.77477999740182,209.3387518351044,214.1542684658732,209.3387518351044,193.779003903955,190.53453697424874,5.371162236643613,3.994784576616064,1.3763776600275492
2024-05-21,210.72699815883,212.56792655612134,210.0905145874076,212.13706970214844,3428800,ADI,211.38062725112684,210.5567659162531,212.56792655612134,210.0905145874076,194.1587916269123,190.70947858163575,5.527954643913233,4.301418590075498,1.2265360538377355
2024-05-22,223.05531653320435,235.37383961639114,220.07851033151397,235.168212890625,9445800,ADI,228.41896984293362,210.96869658368996,235.37383961639114,210.96869658368996,194.83660401361846,191.03886864183153,7.425043255596506,4.926143523179699,2.498899732416807
2024-05-23,235.87324499197848,236.85245970557304,227.17781355393697,229.68460083007812,5578400,ADI,232.39702977039167,219.6938332133118,236.85245970557304,219.6938332133118,195.59559340300024,191.42036835939703,8.389311225668308,5.618777063677421,2.770534161990887
2024-05-24,231.4178075743515,233.36645017038617,227.37364615664424,227.6772003173828,4543300,ADI,229.95877605469119,226.04543149185173,233.36645017038617,226.04543149185173,196.3419020075151,191.82131919364903,8.889052628835287,6.272832176708995,2.616220452126292
2024-05-28,225.65024641362655,229.4202141865771,225.65024641362655,228.587890625,2673800,ADI,227.32714940970754,228.00210377327147,229.4202141865771,225.65024641362655,197.12522512922118,192.2440513104757,9.251935831025747,6.868652907572346,2.383282923453401
2024-05-29,224.96479970602144,226.81551496662246,223.0944959669672,223.4078369140625,3002100,ADI,224.57066188841839,227.6646265914895,227.6646265914895,223.0944959669672,197.80827654331887,192.69482057845877,9.017587208154026,7.2984397676886825,1.7191474404653437
2024-05-30,223.92680506530095,225.89503612784344,223.27073302499684,225.21937561035156,2885100,ADI,224.57798745712319,226.11764423995396,226.11764423995396,223.27073302499684,198.57857567442673,193.12453842792573,8.875726420045055,7.613897098159957,1.2618293218850978
2024-05-31,225.31730645232372,229.85106031288578,222.91821850525406,229.61605834960938,6460100,ADI,226.92566090501822,225.34781584853857,229.85106031288578,222.91821850525406,199.34965854003806,193.55997046715277,9.014166574714778,7.893950993470922,1.1202155812438566
2024-06-03,230.20358156105215,231.3786362194845,223.76034700499744,227.38345336914062,3087800,ADI,228.1815045386687,226.1367383767784,231.3786362194845,223.76034700499744,200.07109480548027,194.00835057164528,8.841805995746654,8.083521993926068,0.7582840018205861
2024-06-04,227.9438246603796,228.25841197627284,225.08297171993794,226.73460388183594,2616000,ADI,227.00495305960658,227.15912145772353,228.25841197627284,225.08297171993794,200.80709155699694,194.44133483797808,8.55424426114908,8.17766644737067,0.37657781377840926
2024-06-05,228.0814584212229,231.98440526756772,227.3146340283401,231.6992950439453,4016700,ADI,229.76994819026902,227.08203725866505,231.98440526756772,227.08203725866505,201.66198818278374,194.9047224465007,8.627506080180808,8.2676343739327,0.35987170624810894
2024-06-06,230.55889891921834,234.3537030908754,229.3496631461502,233.40008544921875,2757000,ADI,231.91558765136568,228.42599272446705,234.3537030908754,228.42599272446705,202.57791300738378,195.38237860541582,8.72226137152171,8.358559773450501,0.3637015980712093
2024-06-07,232.06305147769083,233.59670023458426,229.33000766711132,230.80467224121094,2208200,ADI,231.44860790514934,230.17079018791637,233.59670023458426,229.33000766711132,203.45262490551875,195.86832730873977,8.490059348183934,8.384859688397189,0.10519965978674506
2024-06-10,228.36655149586355,231.99422878249234,227.2851397986416,231.39453125,2765600,ADI,229.76011283174938,230.80969904653284,231.99422878249234,227.2851397986416,204.2076900069731,196.3660693385644,8.258436152843387,8.359574981286428,-0.101138828443041
2024-06-11,229.7035880416597,232.51528253838694,229.19238177030158,232.308837890625,3098600,ADI,230.93002256024332,230.2849059391411,232.51528253838694,229.19238177030158,204.9589310724333,196.82660862635825,8.055787898163828,8.298817564661908,-0.24302966649807978
2024-06-12,234.99272035632669,236.51654345616066,232.44646972560227,234.41268920898438,2515000,ADI,234.5921056867685,230.6074642496922,236.51654345616066,230.6074642496922,205.83957137278995,197.2896814837015,7.973042642564195,8.233662580242365,-0.26061993767816993
2024-06-13,228.62216552916976,232.25966844749988,228.5631813468771,230.07716369628906,2673800,ADI,229.88054475495895,232.59978496823035,232.59978496823035,228.5631813468771,206.6296036988582,197.67181926683864,7.471498966736192,8.08122985754113,-0.6097308908049381
2024-06-14,226.21355498523664,228.64183721962198,225.57452465978238,227.28514099121094,2252400,ADI,226.92876446396298,231.24016486159465,231.24016486159465,225.57452465978238,207.3476257937581,197.99924535915113,6.770680897044372,7.819120065441779,-1.0484391683974073
2024-06-17,226.646115229134,228.57301694015152,224.09003887904402,228.46487426757812,2415000,ADI,226.9435113289769,229.08446466277883,229.08446466277883,224.09003887904402,208.09585792092935,198.32075186770635,6.238557931189263,7.503007638591276,-1.2644497074020133
2024-06-18,227.8258543499135,232.4366263851348,227.37361727340848,231.4043731689453,2457400,ADI,229.76011779435052,228.01398799587787,232.4366263851348,227.37361727340848,208.86071500959625,198.67322648974718,5.985047737181759,7.199415658309373,-1.2143679211276144
2024-06-20,228.50419308793747,228.74014482945228,224.94534057620913,225.63351440429688,4562300,ADI,226.95579822447394,228.8870528951142,228.8870528951142,224.94534057620913,209.4597158150134,199.04424486113012,5.257869561367102,6.81110643892092,-1.5532368775538181
2024-06-21,227.62922088215262,227.96348959204002,225.20095364364775,227.1475067138672,7366400,ADI,226.9852927079269,227.92142555979407,227.96348959204002,225.20095364364775,210.11752087221052,199.4102221835465,4.748998644197485,6.3986848799762335,-1.6496862357787485
2024-06-24,227.147523376934,228.02249050307742,224.247352453272,224.6012725830078,2413600,ADI,226.0046597290728,227.4533591338605,228.02249050307742,224.247352453272,210.77005853300523,199.7685861176594,4.0930725688057805,5.937562417742143,-1.8444898489363624
2024-06-25,227.17698470675936,227.17698470675936,222.02548462734447,226.44947814941406,2015800,ADI,225.7072330475693,226.72900943146664,227.17698470675936,222.02548462734447,211.4846544589658,200.14078782153814,3.6799608732258093,5.486042108838876,-1.8060812356130667
2024-06-26,225.44672766048168,226.1054093712043,222.7431759368426,223.99171447753906,2510600,ADI,224.57175686151692,226.21812123951798,226.21812123951798,222.7431759368426,212.2043996505272,200.52134677373135,3.1183000681263877,5.012493700696378,-1.8941936325699906
2024-06-27,223.16590541004464,224.5815858004812,222.16312929997477,222.85130310058594,2159000,ADI,223.19048090277164,225.39493905051745,225.39493905051745,222.16312929997477,212.90562588062048,200.8891650642721,2.5517432583556285,4.520343612228229,-1.9686003538726
2024-06-28,224.2964593898449,228.15026239717875,223.02825454892107,224.40460205078125,3634000,ADI,224.96989459668148,224.29270997664455,228.15026239717875,223.02825454892107,213.66501126761833,201.26330121605045,2.202689910449891,4.056812871872562,-1.8541229614226706
2024-07-01,222.87096361883042,223.11674104121576,220.13791988199029,221.3766326904297,2307800,ADI,221.87556430811654,224.63130228666301,224.63130228666301,220.13791988199029,214.4172477428764,201.6177263588107,1.6625657725418534,3.5779634520064203,-1.9153976794645668
2024-07-02,220.7671124820492,224.512758049911,220.7671124820492,224.3849639892578,2417900,ADI,222.60798675081682,223.2534332973898,224.512758049911,220.7671124820492,215.2416614261792,201.9786229947482,1.4604258162806616,3.154455924861269,-1.6940301085806073
2024-07-03,224.80769882604523,227.0885205866325,223.2052251753061,226.13490295410156,1425700,ADI,225.30908688552137,222.9307100241033,227.0885205866325,222.9307100241033,216.11373237677492,202.34555207746934,1.4250072971315433,2.808566199315324,-1.3835589021837809
2024-07-05,227.5112661055216,227.5997423864842,224.51277824180406,226.99021911621094,2251800,ADI,226.6535014625052,224.11989845481233,227.5997423864842,224.11989845481233,216.95408595988243,202.71271923424655,1.4492486948082899,2.5367026984139174,-1.0874540036056275
2024-07-08,228.25839290882683,229.80188227046915,227.75701238425572,229.3988037109375,1729500,ADI,228.80402281862231,225.38669995865877,229.80188227046915,225.38669995865877,217.64640529488298,203.10750711836872,1.643863390632248,2.358134836857584,-0.7142714462253359
2024-07-09,229.81172006610322,230.30327492036932,227.00986639742467,228.09127807617188,1315500,ADI,228.8040348650173,227.09536138864053,230.30327492036932,227.00986639742467,218.35458785688468,203.58077658143299,1.6733017667451406,2.2211682228350953,-0.5478664560899547
2024-07-10,230.49992021189325,235.05170818578728,229.1628903424165,234.30455017089844,4037600,ADI,232.25476722774886,227.9496981268289,235.05170818578728,227.9496981268289,219.08967899780882,204.09038075385095,2.172942692717811,2.2115231168116387,-0.03858042409382767
2024-07-11,234.7272839999027,235.15985470019086,229.7232588556137,229.79208374023438,3103700,ADI,232.35062032398542,230.1022326772889,235.15985470019086,229.7232588556137,219.7741521228856,204.58320567427916,2.1796675468859803,2.205152002826507,-0.02548445594052673
2024-07-12,234.32421026441799,238.06985593744184,232.1613568564731,234.53065490722656,3105700,ADI,234.77151949138988,231.22642650063716,238.06985593744184,231.22642650063716,220.50895279810229,205.0976322655763,2.5381024682092743,2.2717420959030608,0.26636037230621357
2024-07-15,233.13464379224976,235.72022721598464,232.1122162602731,233.70484924316406,2057200,ADI,233.6679841279179,232.99897299601352,235.72022721598464,232.1122162602731,221.34222403703404,205.60158389971508,2.724127069056351,2.362219090533719,0.36190797852263223
2024-07-16,234.97306652060428,239.71166292934592,233.63603660039706,239.22010803222656,1964600,ADI,236.88521852064343,233.3334785619657,239.71166292934592,233.3334785619657,222.25364694686115,206.09808967094864,3.278792319912384,2.545533736409452,0.7332585835029319
2024-07-17,236.41821736229258,240.01640247834575,231.43385896473217,231.63047790527344,4448200,ADI,234.87473917766098,235.10934854130457,240.01640247834575,231.43385896473217,223.03653482641113,206.55745901168288,3.0705533773228524,2.6505376645921324,0.42001571273072
2024-07-18,232.48578463642872,237.02776178753143,232.2989913876498,234.95339965820312,3688500,ADI,234.19148436745328,234.99204385948278,237.02776178753143,232.2989913876498,223.76962472765163,207.0327288238368,3.137487526498404,2.7479276369733867,0.3895598895250174
2024-07-19,236.24125864900682,236.24125864900682,226.84273252648666,227.3146209716797,2894900,ADI,231.659967699045,234.59176411346803,236.24125864900682,226.84273252648666,224.4009200983668,207.4959382208741,2.544812705115561,2.707304650601822,-0.162491945486261
2024-07-22,233.11497808119705,236.2019420824029,229.37917304869046,235.98565673828125,2827300,ADI,233.67043748764291,233.12586590625654,236.2019420824029,229.37917304869046,225.08863117385087,207.9876097120373,2.7431721773779714,2.714478155957052,0.02869402142091948
2024-07-23,230.145993665134,232.9183553016353,225.16162013630174,226.42984008789062,3876200,ADI,228.66395229774042,233.39815169694972,233.39815169694972,225.16162013630174,225.65481653348138,208.4472470371236,2.1050334308016545,2.5925892109259725,-0.487555780124318
2024-07-24,226.73459446716043,227.05902246765248,219.9609692474727,220.8260955810547,4589600,ADI,223.64517044083507,231.03105199734506,231.03105199734506,219.9609692474727,226.08287802716407,208.8246070061602,1.1340558375734133,2.3008825362554606,-1.1668266986820472
2024-07-25,217.76861447072991,223.76558937194412,213.58057273711887,217.18858337402344,5114600,ADI,218.0758399884541,227.33811121909008,227.33811121909008,213.58057273711887,226.35612438332285,209.110821764276,0.07022277978157376,1.8547505849606833,-1.7845278051791096
2024-07-26,221.49462598687876,223.41168696724296,219.20397850739496,222.60552978515625,4296200,ADI,221.67895531166823,222.7069756037721,223.41168696724296,219.20397850739496,226.67665881272853,209.4171143255974,-0.33194383702797836,1.4174117005629512,-1.7493555375909295
2024-07-29,224.87653683328833,226.3806935989824,221.52412887793002,223.5591583251953,2672200,ADI,224.085129408849,222.19296545772016,226.3806935989824,221.52412887793002,226.95366231949058,209.7802481797743,-0.5671758745021407,1.0204941855499328,-1.5876700600520735
2024-07-30,224.98467176344158,226.2921945269569,219.13515676372654,220.7867889404297,3955600,ADI,222.79970299863868,223.1390474332846,226.2921945269569,219.13515676372654,227.20010996370166,210.1294748028136,-0.966168608350614,0.6231616267698235,-1.5893302351204375
2024-07-31,225.87927593691438,228.23874818271912,223.10691442439636,227.471923828125,4308100,ADI,226.17421559303872,222.96937521596163,228.23874818271912,222.96937521596163,227.52672881932412,210.46953266784672,-0.7344721710841213,0.35163486719903453,-1.086107038283156
2024-08-01,224.22765447601608,227.29495183434292,213.10868655101825,215.2223663330078,5404600,ADI,219.96341479859626,224.57179540450016,227.29495183434292,213.10868655101825,227.69050151534802,210.73475270965147,-1.5217462478096309,-0.023041355802698577,-1.4987048920069324
2024-08-02,208.89115502519007,209.47120117723685,203.21862258079884,204.447509765625,6796700,ADI,206.5071221372127,222.2676051015482,222.2676051015482,203.21862258079884,227.59303141306972,210.87591151999098,-2.980747301926442,-0.6145825450274474,-2.3661647568989945
2024-08-05,202.55009678300968,205.55841016126138,195.3733927427707,197.1724853515625,4879700,ADI,200.16359625965106,214.38736361938044,214.38736361938044,195.3733927427707,227.0279239414041,210.9322639775113,-4.6702144935736385,-1.4257089347366858,-3.244505558836953
2024-08-06,197.95898971273897,205.1750120366351,197.78202214837762,201.41954040527344,4671100,ADI,200.5838910757563,207.27547993951575,207.27547993951575,197.78202214837762,226.3916611675114,210.9936272852558,-5.601852893074437,-2.260937726404236,-3.3409151666702006
2024-08-07,206.91510942978059,207.84906068821843,197.46742417117684,197.90982055664062,4178200,ADI,202.53535371145412,203.929685507636,207.84906068821843,197.46742417117684,225.8431927206466,211.0925473640809,-6.547907890373978,-3.1183317591981847,-3.429576131175793
2024-08-08,202.70739092955185,210.52311002453575,200.81982211046218,210.03155517578125,4510100,ADI,206.02046956008274,203.23251960954508,210.52311002453575,200.81982211046218,225.41705912365416,211.27114212643767,-6.247523056641626,-3.7441700186868734,-2.5033530379547524
2024-08-09,206.40389114663947,210.1200448399818,205.6272410365767,207.7409210205078,2482100,ADI,207.47302451092645,204.6264945848139,210.1200448399818,204.6264945848139,225.07510637610432,211.4416914597116,-6.123710620301722,-4.220078139009844,-1.9036324812918783
2024-08-12,208.56671942519347,209.7956065653397,206.45303954456745,208.49790954589844,1712100,ADI,208.32831877024978,206.04975954787017,209.7956065653397,206.04975954787017,224.75011300236682,211.66434433839677,-5.896534149687426,-4.555369341145361,-1.3411648085420653
2024-08-13,209.64813176242203,214.90777436274843,209.59897327996742,214.32772827148438,4011000,ADI,212.12065191915556,207.18903915905997,214.90777436274843,207.18903915905997,224.4540128226496,211.90183568134384,-5.186293151584607,-4.681554103233211,-0.5047390483513965
2024-08-14,213.25616360933535,214.4260666034447,209.20575626931546,211.68319702148438,2409500,ADI,212.14279587589496,209.65484553910778,214.4260666034447,209.20575626931546,224.1332386493941,212.10216672743718,-4.781693231115611,-4.701581928809691,-0.08011130230591945
2024-08-15,216.72653635729168,220.4525306239113,215.71393453837825,219.89215087890625,5197400,ADI,218.19628809962185,210.8988207075014,220.4525306239113,210.8988207075014,223.95706535019443,212.38207845359568,-3.755361438918328,-4.512337830831419,0.7569763919130912
2024-08-16,219.28263805885115,220.01997038924335,217.68016432712477,219.42027282714844,2573600,ADI,219.10076140059192,214.5475544035616,220.01997038924335,214.5475544035616,223.74368161440086,212.7028348985923,-2.946101885753933,-4.199090641815922,1.2529887560619892
2024-08-19,218.67307106624003,222.2614302699691,217.74896060113105,222.1336212158203,2803100,ADI,220.2042707882901,216.82415790207676,222.2614302699691,216.82415790207676,223.50945527713935,213.04368414226155,-2.062043368528748,-3.7716811871584874,1.7096378186297394
2024-08-20,220.1772727572617,222.2024765023092,217.65067342412445,219.7152099609375,3994200,ADI,219.9364081611582,218.51421434518343,222.2024765023092,217.65067342412445,223.27921128225952,213.36591809388915,-1.5388275549266837,-3.3251104607121267,1.786282905785443
2024-08-21,225.64334122704054,232.85936278265973,221.01288796660418,223.65745544433594,5595100,ADI,225.7932618551601,219.22531125317082,232.85936278265973,219.22531125317082,223.19987426272775,213.70378213485046,-0.7968830179026725,-2.819464972150236,2.0225819542475634
2024-08-22,221.86819331858115,224.404618183842,217.52285017766667,218.16188049316406,3708100,ADI,220.48938554331346,222.50928655416544,224.404618183842,217.52285017766667,222.99106152238915,213.9749962974112,-0.6448995959072192,-2.3845518969016326,1.7396523009944134
2024-08-23,222.03534796559674,225.33859739894893,220.96374691350564,224.53244018554688,3208000,ADI,223.21753311589953,221.49933604873945,225.33859739894893,220.96374691350564,222.76357007097175,214.30157072188086,-0.010282186166193696,-1.909697954754545,1.8994157685883513
2024-08-26,223.99172325626154,224.33581767136332,220.01012574336917,221.7993927001953,2532300,ADI,222.53426484279734,222.3584345823195,224.33581767136332,220.01012574336917,222.61664447272855,214.6231240857934,0.2690214800263959,-1.473954067798357,1.7429755478247528
2024-08-27,221.30782449884487,228.42554410573712,220.52133374100683,227.9241485595703,3707500,ADI,224.5447127262898,222.4463497125584,228.42554410573712,220.52133374100683,222.56896343797507,214.95829461586658,0.9733678798707217,-0.9844896782645413,1.957857558135263
2024-08-28,227.17700102224313,229.31034736263817,221.33732675354523,223.33303833007812,3211800,ADI,225.28942836712616,223.4955312194241,229.31034736263817,221.33732675354523,222.5358817787381,215.3158698498337,1.1478713044061237,-0.5580174817304083,1.7058887861365322
2024-08-29,225.61387140879873,231.13894363563688,225.60403071020406,226.99021911621094,2711500,ADI,227.33676621771264,224.39247979327513,231.13894363563688,224.39247979327513,222.4874147472053,215.67406487840074,1.5632502746093166,-0.13376393046246332,1.69701420507178
2024-08-30,230.97179108971923,232.151519707909,227.90449368221326,230.87347412109375,2770900,ADI,230.4753196502338,225.86462300549388,232.151519707909,225.86462300549388,222.5578051757205,216.00876049536694,2.180650148809235,0.3291188853918764,1.8515312634173586
2024-09-03,225.7116065226388,227.02428677433593,214.81538002346585,215.86158752441406,4868600,ADI,220.85321521121367,228.16997132786383,228.16997132786383,214.81538002346585,222.43516362578626,216.27634224899836,1.4419878698995774,0.5516926822934166,0.8902951876061608
2024-09-04,217.14463528859238,221.06293213277536,215.2792508133061,218.9113311767578,2736400,ADI,218.0995373528579,224.51159326953876,224.51159326953876,215.2792508133061,222.27706117826193,216.52355985563358,1.0901153459276713,0.6593772150202676,0.43073813090740376
2024-09-05,216.62152892302174,218.73365735706568,214.88445625859447,216.20700073242188,2730000,ADI,216.61166081777594,221.30556531119834,221.30556531119834,214.88445625859447,222.09514973366606,216.78990209631593,0.5862787136844076,0.6447575147530956,-0.05847880106868797
2024-09-06,215.72342132432618,216.55247781806952,209.92986008956547,210.8576202392578,3437000,ADI,213.26584486780473,218.95861306448714,218.95861306448714,209.92986008956547,221.86903149379185,217.03671557215952,-0.2418775328404763,0.46743050523438123,-0.7093080380748575
2024-09-09,214.18371526126967,216.4537636977818,213.23622647424412,215.71353149414062,2450800,ADI,214.89680923185904,216.11222896614595,216.4537636977818,213.23622647424412,221.70315806037357,217.30439197049702,-0.5005953178155664,0.27382534062439173,-0.7744206584399582
2024-09-10,214.6673324829563,216.17740492734177,211.33134796813917,215.87144470214844,2048900,ADI,214.51188252014643,215.5045190990025,216.17740492734177,211.33134796813917,221.49399781884287,217.57950454323063,-0.6849925821251759,0.08206175607447821,-0.7670543381996541
2024-09-11,217.02620344665777,222.78027669688686,211.9136737844324,222.1387481689453,3431800,ADI,218.46472552423057,215.00820080957448,222.78027669688686,211.9136737844324,221.42578104316516,217.9215143930208,-0.32170135786972764,0.001309133285637041,-0.3230104911553647
2024-09-12,220.52997997292888,220.53984431399712,216.07870736093628,218.6448516845703,2158200,ADI,218.94834583310814,216.73646316690252,220.53984431399712,216.07870736093628,221.352588224811,218.29712482549513,-0.31212075804282335,-0.061376844980055044,-0.25074391306276833
2024-09-13,220.92476756026866,223.59947991348062,220.10557543821574,222.48419189453125,2032300,ADI,221.77850370162406,217.84240450000533,223.59947991348062,217.84240450000533,221.28197656113306,218.697854468954,0.005214495129450825,-0.048058576958153874,0.0532730720876047
2024-09-16,219.49364679696762,221.53669485549625,217.81579019038693,220.37205505371094,2124000,ADI,219.80454672414044,219.8104541008147,221.53669485549625,217.81579019038693,221.14499746636574,219.04954171312409,0.08529000823168076,-0.02138885992018695,0.10667886815186771
2024-09-17,224.4778922102119,226.0570452550787,219.75026729686812,222.4151153564453,2524500,ADI,223.17508002965099,219.80750041247757,226.0570452550787,219.75026729686812,221.03241861058632,219.33941195273465,0.3100344371398194,0.04489579949181431,0.26513863764800505
2024-09-18,225.889260336851,225.889260336851,219.06926556836675,219.7404022216797,2527300,ADI,222.6470471159371,221.49129022106428,225.889260336851,219.06926556836675,220.90927885560473,219.6319333562447,0.26921566912767503,0.08975977341898646,0.17945589570868858
2024-09-19,227.00454181833132,232.6895197048548,224.90227754661976,230.40960693359375,7157700,ADI,228.75148650084992,222.0691686685007,232.6895197048548,222.0691686685007,220.83921324106674,219.96444611943778,1.0852718174289464,0.2888621822209785,0.7964096352079679
2024-09-20,228.94890190385115,229.45225441366983,221.428147041532,223.8264923095703,5009500,ADI,225.91394891715584,225.41032758467531,229.45225441366983,221.428147041532,220.71047981293017,220.2423159679079,1.1871155326439862,0.46851285230558004,0.7186026803384061
2024-09-23,221.8525212268172,223.8856899009742,221.28007319214134,223.06649780273438,1357900,ADI,222.52119553066677,225.66213825091558,225.66213825091558,221.28007319214134,220.46547333371566,220.48721306590897,1.1927528926501054,0.6133608603744851,0.5793920322756203
2024-09-24,225.66224492509028,227.7941171991421,223.86595601533222,224.3693084716797,1984800,ADI,225.42290665281106,224.09166689079117,227.7941171991421,223.86595601533222,220.30057178421353,220.82139791062377,1.287504918751381,0.7481896720498643,0.5393152467015166
2024-09-25,221.1813804447763,224.6160535282008,221.1813804447763,223.68829345703125,2042600,ADI,222.66677696869615,224.75728677180112,224.75728677180112,221.1813804447763,220.01620295317457,221.13492495001788,1.2927424318359897,0.8571002240070894,0.4356422078289003
2024-09-26,229.59041513354634,230.93270346329714,221.88213287360472,229.43251037597656,3883000,ADI,227.9594404616062,223.71203187024864,230.93270346329714,221.88213287360472,219.87789697885353,221.45721590263236,1.740341919304342,1.03374856306654,0.706593356237802
2024-09-27,231.65320779210572,232.19603269450977,228.08034344100034,229.02784729003906,2277800,ADI,230.23935780441371,225.83573616592741,232.19603269450977,225.83573616592741,219.79885444759276,221.7842395876222,2.0389115061144025,1.2347811516761125,0.8041303544382901
2024-09-30,225.918853473466,227.55723763294787,223.70803635229726,227.1723175048828,2711400,ADI,226.0891112408985,228.03754698517056,228.03754698517056,223.70803635229726,219.68743731842977,222.04417870839828,2.1015786182623515,1.4081406449933604,0.693437973268991
2024-10-01,225.94847847261244,226.45184602704356,219.50352440012566,220.75698852539062,3124400,ADI,223.16520935629308,227.0633291130345,227.0633291130345,219.50352440012566,219.4773327558028,222.28298196482683,1.614963034051101,1.4495051228049087,0.16545791124619225
2024-10-02,222.04991441034306,226.97493136165502,220.62866618855816,224.76409912109375,1858000,ADI,223.6044027704125,225.1142692346638,226.97493136165502,220.62866618855816,219.37614176525622,222.51547914936882,1.5349629169154753,1.4665966816270222,0.06836623528845309
2024-10-03,221.70448748322585,225.85964920502605,221.53670332216166,223.60934448242188,2087700,ADI,223.17754612320886,224.35933600253816,225.85964920502605,221.53670332216166,219.3667892789037,222.7248336530339,1.3626751284175498,1.4458123709851278,-0.08313724256757804
2024-10-04,228.87980012523403,229.3338158539847,223.1652139202509,225.25759887695312,1895200,ADI,226.65910719410567,223.7684410628735,229.3338158539847,223.1652139202509,219.53845462301672,222.94728950316983,1.3436474380935408,1.4253793844068106,-0.08173194631326974
2024-10-07,222.71118213252458,224.34956630240094,221.17150161049608,223.5599822998047,1564700,ADI,222.94805808630656,225.2137741284896,225.2137741284896,221.17150161049608,219.56383667850952,223.12024774561903,1.1780050769777972,1.3759045229210078,-0.19789944594321063
2024-10-08,223.7870080459482,227.50789779321937,221.38864784470087,226.412353515625,2447400,ADI,224.77397679987337,224.08091610739808,227.50789779321937,221.38864784470087,219.57761362633,223.26563797291027,1.2623433232120647,1.3531922829792193,-0.09084895976715468
2024-10-09,227.39932279600237,230.53791511355294,226.30377855214923,230.2023468017578,2410700,ADI,228.61084081586557,224.42744645363572,230.53791511355294,224.42744645363572,219.69383638267453,223.4469731731881,1.6163702646174727,1.4058278793068701,0.21054238531060254
2024-10-10,226.70844305524457,228.81070730033858,225.69185871608232,227.69541931152344,1793700,ADI,227.22660709579725,226.51914363475066,228.81070730033858,225.69185871608232,219.71488421272971,223.62080651602693,1.6753388062170131,1.4597300646888989,0.21560874152811427
2024-10-11,226.3334115619044,230.952453401096,226.3334115619044,229.82730102539062,1428900,ADI,228.36164438757385,226.87287536527396,230.952453401096,226.3334115619044,219.88284880450928,223.78667515992865,1.8725116885625823,1.5422863894636356,0.3302252990989467
2024-10-14,230.75506213038335,233.94299136502988,229.66938217551888,233.35079956054688,1770300,ADI,231.92955880786974,227.6172598764239,233.94299136502988,227.6172598764239,220.3912975379224,223.99216447549605,2.2867295087197306,1.6911750133148546,0.5955544954048759
2024-10-15,232.93626843091798,233.6765006473046,221.16164853775845,222.92832946777344,4112200,ADI,227.67568677093863,229.7734093421468,233.6765006473046,221.16164853775845,220.94153934814815,223.9847316447761,1.7537774286931835,1.7036954963905204,0.05008193230266311
2024-10-16,225.86952526720955,227.34011027011678,223.01716445115977,224.52723693847656,1585700,ADI,225.18850923174068,228.72454805654272,228.72454805654272,223.01716445115977,221.43363171126785,223.91264643938962,1.4437844869769663,1.6517132945078097,-0.20792880753084342
2024-10-17,229.49172580210467,230.5181744932786,224.21139675003346,224.37918090820312,3637700,ADI,227.15011948840495,226.9565286441417,230.5181744932786,224.21139675003346,221.92592702680682,223.88455987372674,1.1726484021692158,1.555900316040091,-0.3832519138708752
2024-10-18,226.1853491740082,226.7874052989422,224.01400439984158,225.35629272460938,1763100,ADI,225.58576289935033,227.05332406627332,227.05332406627332,224.01400439984158,222.31723289359218,223.86714600862317,1.0248025729058554,1.449680767413244,-0.4248781945073885
2024-10-21,223.35274166614917,223.46130966250644,219.51340442778906,222.73094177246094,2212200,ADI,222.2645993822264,226.3195434828118,226.3195434828118,219.51340442778906,222.61306439101818,223.84408538356126,0.6878605786061485,1.2973167296518249,-0.6094561510456764
2024-10-22,221.51696209140775,222.671722549517,219.8094973176288,221.69461059570312,1833700,ADI,221.42319813856417,224.2920714325191,224.2920714325191,219.8094973176288,222.87496197838448,223.81253749037566,0.3333655253410086,1.1045264887896618,-0.7711609634486531
2024-10-23,225.10954542111017,226.52091423300223,221.0925448456098,223.89556884765625,2492000,ADI,224.15464333684463,222.85763478554162,226.52091423300223,221.0925448456098,223.11564180673827,223.78482731469393,0.22740321566982402,0.9291018341656943,-0.7016986184958702
2024-10-24,225.76096038879447,227.34011340551302,224.45814446644033,226.68870544433594,2376100,ADI,226.06198092627093,223.50613906119312,227.34011340551302,223.50613906119312,223.3940255077458,223.76363207856994,0.3646071378486795,0.8162028949022914,-0.4515957570536119
2024-10-25,228.82056600506203,232.13680674687723,227.0440057755071,227.1723175048828,1733500,ADI,228.7934240080823,224.78405999373203,232.13680674687723,224.78405999373203,223.60596822591498,223.7815167880547,0.5065267610484057,0.7542676681315142,-0.24774090708310859
2024-10-28,226.14587485496685,228.92914007178916,225.62277864293884,227.14271545410156,3403700,ADI,226.9601272559491,226.78874200090718,228.92914007178916,225.62277864293884,223.76315554302215,223.7534185787115,0.6095835471277553,0.7253308439307625,-0.11574729680300722
2024-10-29,226.7084499538055,232.78822749190127,226.0274339066403,232.1664276123047,2055900,ADI,229.42263474116294,226.87443462842813,232.78822749190127,226.0274339066403,223.94752282207963,223.7284890496095,1.0841311893300372,0.7970909130106175,0.28704027631941964
2024-10-30,227.77437852262153,229.9556026687544,226.8861059187122,227.1229705810547,2084400,ADI,227.9347644227857,228.14853468479555,229.9556026687544,226.8861059187122,224.10748994731216,223.69335061478586,1.041245947088754,0.8459219198262449,0.1953240272625092
2024-10-31,227.1624706509923,227.20194307688226,217.95397989065967,220.20428466796875,4258100,ADI,223.13066957162573,228.04164955379062,228.04164955379062,217.95397989065967,224.05423810164146,223.62705618218462,0.44386238306844916,0.7655100124746858,-0.3216476294062366
2024-11-01,220.95437881413793,223.64883494848567,220.095714254875,222.5434112548828,2922800,ADI,221.81058481809535,225.5861595627082,225.5861595627082,220.095714254875,224.08066208713706,223.53586180476313,0.15736555912468475,0.6438811218046856,-0.48651556268000085
2024-11-04,222.069666284522,223.82648288410115,220.52998567455938,221.2702178955078,1599600,ADI,221.9240881846726,223.69837219040176,223.82648288410115,220.52998567455938,224.05479318851255,223.40918162974216,-0.17045638641243954,0.4810136201612606,-0.6514700065737001
2024-11-05,216.45375793302276,216.45375793302276,212.51573235297238,214.7660369873047,3753400,ADI,215.04732130158064,222.81123018753718,222.81123018753718,212.51573235297238,223.90505431768824,223.2608493952084,-0.9442064573718199,0.1959696046546445,-1.1401760620264643
2024-11-06,220.7668390677861,225.11940791900398,219.04951004136498,223.30337524414062,3615300,ADI,222.05978306807393,218.9292757445589,225.11940791900398,218.9292757445589,223.85535572452392,223.21215958124947,-0.8586194844172326,-0.01494821315973092,-0.8436712712575016
2024-11-07,226.6393653287887,227.2710295381535,222.78028450498283,224.8035888671875,2500600,ADI,225.3735670597781,220.49452940631642,227.2710295381535,220.49452940631642,223.85703849837694,223.19646013855748,-0.6621041654841804,-0.14437940362462082,-0.5177247618595595
2024-11-08,223.60933419055485,225.14901471304347,221.83277394919787,222.85923767089844,3426900,ADI,223.36259013092365,222.93404823304726,225.14901471304347,221.83277394919787,223.7775549766412,223.13248486192322,-0.6556987641382364,-0.24664327572734393,-0.40905548841089245
2024-11-11,220.93464800135717,222.0795290493153,215.5753589285032,217.59866333007812,3271700,ADI,219.04704982731346,223.14831918198547,223.14831918198547,215.5753589285032,223.5489895801828,223.05339737795163,-1.0628548926746646,-0.40988559911680805,-0.6529692935578566
2024-11-12,217.61840341489898,217.97371547486227,213.0881708853512,216.69064331054688,2593900,ADI,216.34273327141483,221.09768450464946,221.09768450464946,213.0881708853512,223.45877994138678,222.94697178358652,-1.4421741984401706,-0.6163433189814805,-0.82583087945869
2024-11-13,213.94684821684564,214.84498516830112,209.67323920144455,210.06802368164062,4609800,ADI,212.13327406705798,218.72020888803215,218.72020888803215,209.67323920144455,223.3394546756708,222.80825792696635,-2.251226796449089,-0.9433200144750022,-1.3079067819740866
2024-11-14,210.6602291734421,212.23938225707286,208.7060202671696,209.47586059570312,3214100,ADI,210.27037307334692,215.42674147754508,215.42674147754508,208.7060202671696,223.21262892078224,222.65388932722414,-2.90668298924939,-1.3359926094298797,-1.5706903798195102
2024-11-15,206.05103255860303,207.6400648975111,202.7249124096714,203.6625518798828,3881000,ADI,205.0196404364171,212.848557275446,212.848557275446,202.7249124096714,223.04770483215444,222.45836816297313,-3.8508321775857155,-1.838960523061047,-2.0118716545246684
2024-11-18,203.83034540961023,207.1564506514966,203.42568152069853,206.91957092285156,3774700,ADI,205.33301212616422,208.93409885593155,208.93409885593155,203.42568152069853,222.85642889004055,222.27979347520707,-4.286846892340748,-2.3285377969169874,-1.9583090954237603
2024-11-19,204.99496637324165,208.07434254803698,204.10669376247262,207.6894073486328,2958600,ADI,206.216352508096,207.1335554910479,208.07434254803698,204.10669376247262,222.69051828979954,222.0922580543212,-4.518189453783492,-2.7664681282902883,-1.7517213254932038
2024-11-20,204.55083074747677,208.40991155476337,204.55083074747677,208.26185607910156,3072400,ADI,206.4433572822046,206.67495399957195,208.40991155476337,204.55083074747677,222.45009092495903,221.9379359840621,-4.60228598406411,-3.133631699445053,-1.4686542846190576
2024-11-21,209.5251830525952,212.20975967747154,207.31436587450588,211.17344665527344,2540600,ADI,210.0556888149615,206.55915564088826,212.20975967747154,206.55915564088826,222.2722377845961,221.81241300470356,-4.383462239785189,-3.3835978075130804,-0.9998644322721084
2024-11-22,208.78494651638263,211.95314686309186,208.78494651638263,211.79522705078125,2695200,ADI,210.3295667366596,208.3074222279249,211.95314686309186,208.3074222279249,222.0432590452968,221.6626178032149,-4.112464434343394,-3.5293711328791435,-0.5830933014642508
2024-11-25,214.9042141679701,222.06965632372655,213.1868700707775,220.66815185546875,7303600,ADI,217.7072231044857,209.31849448229224,222.06965632372655,209.31849448229224,222.0013125729037,221.57315501963473,-3.1454668595140163,-3.4525902782061184,0.30712341869210213
2024-11-26,229.12652297383886,230.50829871501065,213.19672741847472,216.1971435546875,6568700,ADI,222.25717316550293,213.51285879338897,230.50829871501065,213.19672741847472,221.98295443562074,221.5076865231035,-2.708663531610142,-3.3038049288869233,0.5951413972767812
2024-11-27,216.46363698822557,216.5425818348635,211.1142124947364,214.3416290283203,2943400,ADI,214.61551508653645,217.88501597944594,217.88501597944594,211.1142124947364,221.82232379503273,221.36580132531873,-2.483588994397252,-3.1397617419889894,0.6561727475917376
2024-11-29,216.33532688437842,218.81263185297297,214.66733461043904,215.21017456054688,1992600,ADI,216.25636697708433,216.2502655329912,218.81263185297297,214.66733461043904,221.5724214045574,221.20581732281207,-2.2096598530482936,-2.9537413642008503,0.7440815111525567
2024-12-02,215.28913986771286,221.86239041914467,214.18371619793183,220.21414184570312,3240200,ADI,217.88734708262314,216.25331625503776,221.86239041914467,214.18371619793183,221.41188936786676,221.06118459039848,-1.5706848180980728,-2.677130054980295,1.1064452368822222
2024-12-03,218.69419634540935,220.42140475971505,217.08542026029332,218.6547088623047,2340500,ADI,218.7139325569306,217.07033166883045,220.42140475971505,217.07033166883045,221.33574410839208,220.90060872105386,-1.1765630222332675,-2.3770166484308897,1.2004536261976222
2024-12-04,220.20427792470386,220.30298157650105,215.0226524666693,215.45692443847656,2635200,ADI,217.7467091015877,217.89213211288052,220.30298157650105,215.0226524666693,221.18222015736757,220.74139597079053,-1.1094639279752698,-2.1235061043397656,1.0140421763644958
2024-12-05,214.40085707300406,216.5327294918478,211.0747517667964,211.75576782226562,2474800,ADI,213.44102653847847,217.81942060723412,217.81942060723412,211.0747517667964,220.99770514876323,220.5069540509689,-1.3394989098016197,-1.9667046654321365,0.6272057556305168
2024-12-06,211.93342154641013,215.74315075425235,210.94644522375737,215.3582305908203,3189400,ADI,213.49531202881005,215.6302235728563,215.74315075425235,210.94644522375737,220.70842258010728,220.29315977948042,-1.2170848552247264,-1.8167807033906547,0.5996958481659282
2024-12-09,214.05980702885242,221.57276586601878,213.25697367187507,217.10264587402344,2467200,ADI,216.49804811019243,214.56276780083317,221.57276586601878,213.25697367187507,220.43359638622286,220.1162254169078,-0.9681508598992536,-1.6470547346923745,0.6789038747931209
2024-12-10,217.10265847797515,217.7270911802444,212.60281990007655,213.7030029296875,2679400,ADI,215.2838931219959,215.5304079555128,217.7270911802444,212.60281990007655,220.2174920238448,219.9524646711373,-1.0332806327975845,-1.5242999143134166,0.4910192815158321
2024-12-11,214.1192751058831,217.1026470705094,213.6534309118152,215.1996307373047,3839200,ADI,215.0187459563781,215.40715053875437,217.1026470705094,213.6534309118152,220.05456275584652,219.76594775582467,-0.9531438419217011,-1.4100686998350735,0.45692485791337245
2024-12-12,213.2470655553418,216.7954034907938,212.74158177603744,215.79434204101562,2995000,ADI,214.64459821579715,215.21294824756623,216.7954034907938,212.74158177603744,219.8753666647542,219.62575421500523,-0.8320552112594157,-1.2944660021199421,0.4624107908605264
2024-12-13,213.50476948187224,216.04212466189938,211.8594480335069,214.69415283203125,3067300,ADI,214.02512375232743,214.9287732316817,216.04212466189938,211.8594480335069,219.69231821733658,219.52955374812012,-0.8154674721551487,-1.1986662961269834,0.3831988239718347
2024-12-16,213.0190995199794,215.8637104482255,211.7702492615901,214.3968048095703,3409800,ADI,213.76246600984132,214.47694849200457,215.8637104482255,211.7702492615901,219.43438539365127,219.486420008334,-0.8168983738264046,-1.1223127116668676,0.305414337840463
2024-12-17,213.98051660960357,216.0024667623708,210.48173961872533,211.9288330078125,3240500,ADI,213.09838899962804,214.11970725092294,216.0024667623708,210.48173961872533,219.23739201191773,219.40061434521363,-1.005585310901921,-1.0989672315138783,0.09338192061195727
2024-12-18,213.25697964873737,217.01345161068693,205.42684364308496,205.93234252929688,4077400,ADI,210.40740435795152,213.60904812527548,217.01345161068693,205.42684364308496,218.9500605630793,219.26383709470466,-1.6203098119007677,-1.2032357475912563,-0.41707406430951144
2024-12-19,207.74615537534126,208.74721677627343,205.3971070477108,205.94224548339844,3941900,ADI,206.95818117068097,212.0082262416135,212.0082262416135,205.3971070477108,218.5170073701756,219.10542187642505,-2.082676523616527,-1.3791239027963105,-0.7035526208202167
2024-12-20,204.45550640601488,211.4728874816884,204.0094895625086,209.9068603515625,6604100,ADI,207.4611859504436,209.48320370614724,211.4728874816884,204.0094895625086,218.12169894726853,218.91829157999913,-2.1049298664050866,-1.5242850955180658,-0.5806447708870208
2024-12-23,210.0555231941982,213.67324890208096,209.67889448641205,212.98934936523438,2478500,ADI,211.5992539869814,208.47219482829541,213.67324890208096,208.47219482829541,217.78645113925668,218.83464997188298,-1.8524804573407607,-1.5899241678826048,-0.2625562894581559
2024-12-24,214.0300786654831,216.28000543918327,211.78015189178296,216.1610565185547,1063500,ADI,214.562823128751,210.0357244076384,216.28000543918327,210.0357244076384,217.43911642567429,218.91520698179838,-1.3805678943350017,-1.5480529131730842,0.16748501883808253
2024-12-26,213.48493436570624,217.13239364702503,213.48493436570624,216.13131713867188,1189000,ADI,215.05839487927733,212.29927376819472,217.13239364702503,212.29927376819472,217.18677058784107,219.06415496799463,-0.9974752340295652,-1.4379373773443804,0.44046214331481526
2024-12-27,215.50688113327135,216.3196357067047,213.33626381576343,215.07078552246094,1926700,ADI,215.05839154455012,213.67883432373603,216.3196357067047,213.33626381576343,216.98416823409727,219.20889997268256,-0.7705649854078729,-1.304462898957079,0.5338979135492061
2024-12-30,212.3550323674985,212.7316762376943,209.16351095118205,210.6799774169922,2578300,ADI,211.23254924334177,214.36861293414307,214.36861293414307,209.16351095118205,216.66581682919602,219.2958719280014,-0.9342688276886122,-1.2304240847033858,0.29615525701477363
2024-12-31,212.10722879183876,212.65236721770515,209.20315109632313,210.5808563232422,1608800,ADI,211.1359008572773,212.80058108874243,212.80058108874243,209.20315109632313,216.37681958835455,219.34702624097338,-1.0597869813679495,-1.1962966640362986,0.13650968266834917
2025-01-02,213.5840492242702,215.32847701117475,207.89481267246907,209.4806671142578,2378700,ADI,211.57200150554297,211.96824097300987,215.32847701117475,207.89481267246907,216.16296763082084,219.38801601091953,-1.2338144519887635,-1.2038002216267916,-0.030014230361971928
2025-01-03,210.87820239406187,214.19857879638317,208.5390752122183,213.46511840820312,2547200,ADI,211.7702437027166,211.77012123927642,214.19857879638317,208.5390752122183,215.96990854210395,219.42243526024424,-1.0382522308557327,-1.1706906234725798,0.1324383926168471
2025-01-06,213.42547082313905,219.57063060825254,212.88033238781932,216.0718536376953,2490700,ADI,215.48707186422655,211.77018247099653,219.57063060825254,211.77018247099653,215.79655711265153,219.45609945969488,-0.6652573415087488,-1.0696039670798136,0.4043466255710648
2025-01-07,217.8460203856702,218.3316919353933,212.4045873766714,213.960693359375,3573100,ADI,215.63574826427748,213.62862716761154,218.3316919353933,212.4045873766714,215.5880324594117,219.49102898357873,-0.5338552442338482,-0.9624542225106206,0.4285989782767724
2025-01-08,213.4948488922972,219.2039131883772,210.74935955773668,218.4902801513672,3096400,ADI,215.48460044744456,214.6321877159445,219.2039131883772,210.74935955773668,215.3218559881989,219.46391210705696,-0.06348650376855858,-0.7826606787622082,0.7191741749936497
2025-01-10,215.6159247043136,217.4297407803969,209.916781533802,210.4916534423828,4108500,ADI,213.36352511522384,215.05839408169453,217.4297407803969,209.916781533802,215.04992394538442,219.4065397442033,-0.332307581285761,-0.6925900592669189,0.36028247798115787
2025-01-13,207.48844190915773,211.4827964627064,206.24949781379325,211.06651306152344,3960600,ADI,209.0718123117952,214.21095959845917,214.21095959845917,206.24949781379325,214.64290749679705,219.29521515943833,-0.49327765722921413,-0.6527275788593779,0.1594499216301638
2025-01-14,211.2746532249291,212.92988065018977,209.66897146228578,212.75146484375,1634600,ADI,211.65624254528865,211.6413859551272,212.92988065018977,209.66897146228578,214.3173370592471,219.21241350327963,-0.47936030780809347,-0.6180541246491211,0.13869381684102766
2025-01-15,215.57628394577097,217.64779495258813,213.7922013297296,216.2899169921875,3302500,ADI,215.82654930506905,211.64881425020792,217.64779495258813,211.64881425020792,214.171254653916,219.1127463777787,-0.18072391898104456,-0.5305880835155058,0.34986416453446123
2025-01-16,216.36919790615255,216.36919790615255,210.82864359090155,213.1182098388672,3116000,ADI,214.17131231051846,213.7376817776385,216.36919790615255,210.82864359090155,214.01846920376448,219.04956564545074,-0.19770368447851183,-0.464011203708107,0.26630751922959517
2025-01-17,218.6092147909536,218.68850903135208,215.91327111272435,217.2216033935547,2871100,ADI,217.60814958214618,213.9544970440785,218.68850903135208,213.9544970440785,213.93215043171395,218.99347181011325,0.11858235186724642,-0.34749249259303633,0.46607484446028274
2025-01-21,217.29096708355834,221.6718715918598,217.22159407857825,219.4913330078125,4090900,ADI,218.91894144045222,215.78132331311235,221.6718715918598,215.78132331311235,214.00958283449137,218.9573185760898,0.5460944880120451,-0.16877509647202005,0.7148695844840651
2025-01-22,219.4913401933227,224.2191552527875,219.1444449094073,222.09808349609375,2883300,ADI,221.23825596290283,217.35013237678228,224.2191552527875,217.35013237678228,213.99315229238792,218.92425400845593,1.0827625027119154,0.08153242336476704,1.0012300793471485
2025-01-23,219.91754616665304,226.40960138186728,219.57063575681616,226.330322265625,2608000,ADI,223.05702639274037,219.29419416984257,226.40960138186728,219.29419416984257,213.94682147904717,218.90192998871208,1.8285042109127687,0.4309267808743674,1.3975774300384014
2025-01-24,222.63329398751793,224.0407326692061,215.20955062511925,215.44741821289062,3929200,ADI,219.33274887368347,221.17561028129148,224.0407326692061,215.20955062511925,213.86622465390235,218.8218898152718,1.5237852349441425,0.6494984716883225,0.87428676325582
2025-01-27,215.47716226995763,218.86692680088143,211.7504236810439,213.51467895507812,7088000,ADI,214.9022979267403,220.2541795774875,220.2541795774875,211.7504236810439,213.78332961589092,218.66615959803684,1.113501592351838,0.7422990958210257,0.3712024965308124
2025-01-28,210.9277645163175,212.0180414348395,206.06118818956148,207.6668701171875,3748600,ADI,209.1684660644765,217.5782387521139,217.5782387521139,206.06118818956148,213.63984427175217,218.5493121065695,0.3128729440805387,0.6564138654729283,-0.3435409213923897
2025-01-29,207.68666802866142,209.99606161603086,207.16135694696678,208.05340576171875,2258500,ADI,208.22437308834444,213.3733524082952,213.3733524082952,207.16135694696678,213.5616662521779,218.45056046392435,-0.2871309647629232,0.46770489942575805,-0.7548358641886812
2025-01-30,208.37057239886235,211.18546491680019,207.2505772052759,210.52137756347656,2976400,ADI,209.33199802110374,210.79886274831983,211.18546491680019,207.2505772052759,213.542898751133,218.37776383595764,-0.5570721061409358,0.2627494983124193,-0.8198216044533551
2025-01-31,209.83749896045913,215.69521539383555,208.82651630175343,210.01589965820312,3486400,ADI,211.0937825785628,210.0654303847118,215.69521539383555,208.82651630175343,213.66438159397595,218.3560432130652,-0.8025390770869478,0.049691783232545875,-0.8522308603194937
2025-02-03,207.43887988068988,207.79569638297528,200.97655840705204,203.42471313476562,4483500,ADI,204.9089619513707,210.5796064816373,210.5796064816373,200.97655840705204,213.6559005904801,218.25616474026032,-1.511503417138357,-0.2625472568416347,-1.2489561602967223
2025-02-04,202.79037925770174,206.50721161122394,202.26506816164365,204.18789672851562,4651500,ADI,203.93763893977123,207.744284216504,207.744284216504,202.26506816164365,213.6103263191136,218.15042230445655,-1.988853956228354,-0.6078085967189786,-1.3810453595093755
2025-02-05,203.61302283637733,208.68774817724577,202.35426651421344,207.9443817138672,4515700,ADI,205.64985481042592,205.84096157813764,208.68774817724577,202.35426651421344,213.59445626967798,218.0222735973185,-2.040518921570225,-0.8943506616892279,-1.146168259880997
2025-02-06,206.8838397430179,208.64809495183565,203.93020120926434,205.99180603027344,2715100,ADI,206.36348548359783,205.74540819428177,208.64809495183565,203.93020120926434,213.52061220305075,217.8964249938234,-2.2135044170783544,-1.1581814127670533,-1.055323004311301
2025-02-07,205.84311328737127,207.6965838731086,201.93797434002752,203.3949737548828,3194700,ADI,204.71816131384756,206.05444683893978,207.6965838731086,201.93797434002752,213.40838409459448,217.72582156994565,-2.5309639535665553,-1.432737920926954,-1.0982260326396014
2025-02-10,204.75286881290552,205.37730150715777,201.17479748540927,203.04808044433594,2820500,ADI,203.58826206245212,205.38630407639369,205.38630407639369,201.17479748540927,213.1260048737538,217.56365872332873,-2.7785153194221266,-1.7018934006259885,-1.076621918796138
2025-02-11,201.13513520954425,204.7925006398066,200.84770683068763,201.66046142578125,2335700,ADI,202.10895102645492,204.48728306942292,204.7925006398066,200.84770683068763,212.72304043097287,217.3529974332968,-3.0514950825335916,-1.9718137370075093,-1.0796813455260823
2025-02-12,199.23211901575138,203.58329012554296,199.02398487459556,203.31568908691406,2411500,ADI,201.28877077570098,203.29811704793892,203.58329012554296,199.02398487459556,212.45650554475614,217.13941466989442,-3.098552290550117,-2.197161447716031,-0.9013908428340862
2025-02-13,203.17693256975545,207.7957048231609,203.17693256975545,207.4884490966797,3134900,ADI,205.40950476483786,202.29344391181996,207.7957048231609,202.29344391181996,212.23956830051122,216.90599485253432,-2.7672395918860104,-2.311177076550027,-0.4560625153359834
2025-02-14,209.37164927496482,213.24705497161756,208.7670439420409,212.7118377685547,3938600,ADI,211.0243964892945,203.8514743383289,213.24705497161756,203.8514743383289,212.10230928864465,216.7570993282557,-2.059448043986663,-2.2608312700373543,0.20138322605069137
2025-02-18,215.34831174798018,218.55964517336014,213.86157882916967,218.272216796875,7400200,ADI,216.51043813684623,207.43793541381172,218.55964517336014,207.43793541381172,212.05823940024294,216.6969917543175,-1.0378780136697685,-2.0162406187638373,0.9783626050940688
2025-02-19,227.9855364226597,240.36505590186476,222.117899116778,239.5225830078125,9789600,ADI,232.49776861227872,211.97418677532897,240.36505590186476,211.97418677532897,212.35326059045678,216.76774037391218,1.4695109444444086,-1.3190903061221881,2.7886012505665967
2025-02-20,241.38596052065756,244.91448617180257,240.4047264309041,241.6634979248047,5889800,ADI,242.09216776204224,222.23597769380385,244.91448617180257,222.23597769380385,212.92628341492804,216.96199428184562,3.58802814495553,-0.33766661590664454,3.925694760862174
2025-02-21,242.7636649046757,243.903502595267,235.65708308577587,236.7969207763672,6176500,ADI,239.78029284052144,232.16407272792304,243.903502595267,232.16407272792304,213.45198303116229,217.08020280563477,4.818728878301641,0.6936124829350127,4.1251163953666286
2025-02-24,238.15480000057224,238.51161652210513,234.0910571233269,234.89390563964844,4778300,ADI,236.41284482141316,235.97218278422224,238.51161652210513,234.0910571233269,213.85027896538668,217.14193767580477,5.5762313350789725,1.6701362533638047,3.9060950817151676
2025-02-25,236.2220408559591,236.2220408559591,232.3069805055211,233.21884155273438,4136800,ADI,234.49247594254342,236.1925138028177,236.2220408559591,232.3069805055211,214.23445062179766,217.22597132282124,5.972546024081424,2.5306182075073287,3.4419278165740956
2025-02-26,232.96114606991654,234.28930572881106,229.77954587586242,231.66273498535156,2908200,ADI,232.1731831649854,235.34249487268056,235.34249487268056,229.77954587586242,214.57753936596978,217.31605106090817,6.09085192576984,3.242664951159831,2.8481869746100092
2025-02-27,232.15829878898776,232.15829878898776,221.5232067872946,221.8701171875,4480000,ADI,226.92748038819252,233.75783901883298,233.75783901883298,221.5232067872946,214.8231970094177,217.34928183708598,5.332952828679765,3.660722526663818,1.6722303020159472
2025-02-28,223.99118295272783,228.0846438978203,221.07718406460262,228.02517700195312,4631200,ADI,225.29454697927596,230.34265970351277,230.34265970351277,221.07718406460262,215.04858547395668,217.37045184564664,5.1693847711019885,3.9624549755514527,1.2069297955505358
2025-03-03,229.78944977405303,231.76185433989443,223.67402315766145,226.50872802734375,5000100,ADI,227.93351382473816,227.81860334139435,231.76185433989443,223.67402315766145,215.33200643025464,217.38319591195292,4.86135250270496,4.142234480982155,0.7191180217228057
2025-03-04,229.41547688460952,230.39103090972674,222.88519646707246,225.1548614501953,4742400,ADI,226.96164142790101,227.87605858306625,230.39103090972674,222.88519646707246,215.6092714788201,217.4233317453689,4.456615898772895,4.205110764540303,0.251505134232592
2025-03-05,226.15033274052013,228.81819393292398,221.6906419353312,228.42996215820312,3927300,ADI,226.2722826917446,227.41885000548365,228.81819393292398,221.6906419353312,215.92656904549594,217.43831480428761,4.349988520276611,4.234086315687565,0.11590220458904543
2025-03-06,224.6571294856583,227.83267368451044,221.043592284922,221.7603302001953,4818700,ADI,223.8234314138215,226.8455663486141,227.83267368451044,221.043592284922,216.26387405035877,217.39044071026717,3.6848256200150615,4.124234176553065,-0.4394085565380035
2025-03-07,222.57661830748506,225.63271142254195,218.74407679503278,224.83633422851562,4062900,ADI,222.94743518839385,225.33449888121783,225.63271142254195,218.74407679503278,216.57359903511772,217.34764899119313,3.367073519562041,3.9728020451548605,-0.6057285255928195
2025-03-10,219.2218895542196,220.14766718806868,212.18392589884704,215.2798309326172,4946600,ADI,216.70832839343814,224.14096703480584,224.14096703480584,212.18392589884704,216.67578052324686,217.23111583125177,2.3174090922458106,3.6417234545730506,-1.32431436232724
2025-03-11,216.34499364929076,216.40471928000707,205.5441631989022,208.13238525390625,4225500,ADI,211.60656534552658,220.424647714122,220.424647714122,205.5441631989022,216.61665536758238,217.02788589662833,0.8984466053944118,3.093068084737323,-2.1946214793429113
2025-03-12,208.13237451650878,212.02465660679042,204.6880498231211,205.6835174560547,3917700,ADI,207.63214960061873,216.01560652982428,216.01560652982428,204.6880498231211,216.4681304620092,216.82745052492515,-0.41886612578952054,2.3906812426319544,-2.809547368421475
2025-03-13,205.0663380711199,207.2165518633965,201.67178970316903,202.87631225585938,2625200,ADI,204.2077479733862,211.8238780652215,211.8238780652215,201.67178970316903,216.25111759058592,216.61764291234158,-1.6701119439601655,1.5785226053135304,-3.248634549273696
2025-03-14,206.42017931267506,208.89889931111054,205.29529597043077,207.8038787841797,2614100,ADI,207.104563344599,208.01581301930383,208.89889931111054,205.29529597043077,216.1685578726111,216.41718735090356,-2.238317896746821,0.8151545049014601,-3.053472401648281
2025-03-17,206.80840055187687,212.40292378313993,206.43011799102797,210.7205810546875,2514500,ADI,209.09050584518306,207.56018818195142,212.40292378313993,206.43011799102797,216.12764997236917,216.25223478036187,-2.4253141983283797,0.16706076425549216,-2.5923749625838717
2025-03-18,209.6255831383995,209.79481081903276,206.74868218837142,208.21202087402344,2657000,ADI,208.59527425495676,208.32534701356724,209.79481081903276,206.74868218837142,216.06811542735747,216.11554152908917,-2.7442954268189794,-0.4152104739594022,-2.3290849528595774
2025-03-19,208.24187752236094,212.0644696049119,207.1468570452408,209.01834106445312,2571900,ADI,209.1178863092417,208.460310634262,212.0644696049119,207.1468570452408,216.01506827948796,215.99248841079597,-2.8986136342138877,-0.9118911060102993,-1.9867225282035883
2025-03-20,207.2264974188995,207.2264974188995,203.881725530861,204.96678161621094,2775400,ADI,205.82537549621773,208.78909847175186,208.78909847175186,203.881725530861,215.8218343521278,215.80919573238967,-3.309686902155562,-1.391450265239352,-1.91823663691621
2025-03-21,202.13966399490235,204.33965424378772,200.3677327455947,203.4735870361328,5070200,ADI,202.5801595051044,207.3072369839848,207.3072369839848,200.3677327455947,215.56072257694436,215.57437751817804,-3.7131508603251575,-1.855790384256513,-1.8573604760686444
2025-03-24,209.04820337349025,213.1097131475023,208.7893872566282,211.37759399414062,3458300,ADI,210.58122444294034,204.9436982445446,213.1097131475023,204.9436982445446,215.46265505685426,215.39225552252663,-3.3564209179636464,-2.15591649099794,-1.2005044269657064
2025-03-25,210.0237622658569,213.65722833192567,210.0237622658569,212.6119842529297,2549800,ADI,211.57918427914228,207.76246134374247,213.65722833192567,207.76246134374247,215.42696824013262,215.23844609275852,-2.9402119576577945,-2.312775584329911,-0.6274363733278836
2025-03-26,212.1839260778003,213.92599448628678,208.73961647350043,209.5758056640625,2453300,ADI,211.1063356754125,209.67082281144238,213.92599448628678,208.73961647350043,215.46765870740498,215.05528310210101,-2.822817908009739,-2.4147840490658767,-0.40803385894386235
2025-03-27,207.73418016641926,210.04367238604692,204.9468829215318,207.99301147460938,2884800,ADI,207.67943673715183,210.38857924342744,210.38857924342744,204.9468829215318,215.38812259124225,214.85272982524467,-2.824936432281646,-2.4968145257090306,-0.32812190657261553
2025-03-28,206.87809096696466,207.11699347773572,199.86004111008276,200.64645385742188,3521400,ADI,203.62539485305126,209.03400799028964,209.03400799028964,199.86004111008276,215.14409950220187,214.65767707805892,-3.3804534172585363,-2.673542304018932,-0.7069111132396042
2025-03-31,199.32249028995858,201.60211979452203,195.90804342185126,200.75596618652344,3803700,ADI,199.39715492321383,206.32970142167045,206.32970142167045,195.90804342185126,214.8486163544558,214.43354277911013,-3.7684278103775455,-2.892519405290655,-0.8759084050868906
2025-04-01,199.35234381077467,199.92971686384016,194.23564075664873,198.27723693847656,3383000,ADI,197.94873459243504,202.86342817244213,202.86342817244213,194.23564075664873,214.45542805466152,214.19378924318775,-4.227184693031489,-3.159452462838822,-1.0677322301926675
2025-04-02,194.87275117930955,201.383118433333,194.87275117930955,198.68539428710938,2437500,ADI,197.45350376976535,200.40608138243857,201.383118433333,194.87275117930955,214.02611930124783,214.0178510678696,-4.505876995584174,-3.4287373693878926,-1.0771396261962813
2025-04-03,190.95061459722248,192.32434964457693,179.58236050760286,180.06019592285156,6970800,ADI,185.72938016806347,198.92979257610196,198.92979257610196,179.58236050760286,213.31594178535101,213.6545470388695,-6.158647449768978,-3.97471938546411,-2.183928064304868
2025-04-04,173.81861480459938,175.61045969324803,163.396066824394,163.85398864746094,9633900,ADI,169.16978249242558,192.3295863720827,192.3295863720827,163.396066824394,212.23819690734476,213.09250919319598,-8.67617191932078,-4.915009892235444,-3.7611620270853354
2025-04-07,162.4603243768301,182.47918028043713,157.93094333806346,170.5634307861328,10236500,ADI,168.35846969536587,180.74968443225413,182.47918028043713,157.93094333806346,211.2187113237784,212.5424679888404,-10.014491467943714,-5.934906207377098,-4.079585260566615
2025-04-08,174.5851222630515,178.42762802044368,161.09653249458526,165.33721923828125,7640300,ADI,169.86162550409043,174.55407706380998,178.42762802044368,161.09653249458526,210.3178978753254,212.05061374560816,-11.365812930449067,-7.021087551991493,-4.344725378457574
2025-04-09,165.29741174826336,197.56052298969192,163.83407303954152,195.7388153076172,10941600,ADI,180.6077057712785,172.20785128395022,197.56052298969192,163.83407303954152,209.7466826694614,211.69326347060675,-9.869817091491115,-7.590833459891418,-2.2789836315996963
2025-04-10,188.7705457726044,188.7705457726044,170.1552875361395,177.55162048339844,8547900,ADI,181.3119998911867,176.40777852761437,188.7705457726044,170.1552875361395,209.2084352055183,211.3850507288481,-10.036094387783777,-8.07988564546989,-1.956208742313887
2025-04-11,171.34985541721557,180.15973520964332,166.44219189063014,178.34799194335938,6528800,ADI,174.0749436152121,178.85988920940054,180.15973520964332,166.44219189063014,208.50329411740043,211.02309643426673,-9.988468969124085,-8.46160231020073,-1.526866658923355
2025-04-14,182.42939502196208,184.16151419127138,174.7842108049364,177.79052734375,3912100,ADI,179.79141184047995,176.4674164123063,184.16151419127138,174.7842108049364,207.87724670263876,210.77081414830735,-9.88179701123562,-8.745641250407708,-1.1361557608279114
2025-04-15,177.79053048137453,181.64298547203285,177.26293383576714,178.72625732421875,3035900,ADI,178.8556767783483,178.12941412639313,181.64298547203285,177.26293383576714,207.35618099917832,210.5060407948292,-9.610963917453859,-8.918705783816938,-0.6922581336369209
2025-04-16,172.88286274375523,176.55614075566132,169.6177301086455,175.1326141357422,4392800,ADI,173.54733693595108,178.49254545237073,178.49254545237073,169.6177301086455,206.74837495910194,210.17935063910775,-9.575918483885602,-9.05014832383067,-0.5257701600549307
2025-04-17,177.08373730568735,177.5316947043286,172.7932742213495,175.47108459472656,3341200,ADI,175.71994770652302,176.0199411941609,177.5316947043286,172.7932742213495,206.14977681702388,209.87211654335093,-9.412333466739256,-9.122585352412388,-0.2897481143268674
2025-04-21,171.86747838218355,174.6747043594017,170.22496288632556,174.19688415527344,3650100,ADI,172.74100744579607,175.86994445034196,175.86994445034196,170.22496288632556,205.47732725626784,209.49896972965928,-9.27855112691725,-9.15377850731336,-0.12477261960389008
2025-04-22,175.97877339721353,178.37785412619513,174.41589705472296,177.69097900390625,3735000,ADI,176.61587589550948,174.30547594806902,178.37785412619513,174.30547594806902,204.91528154790112,209.1618328212478,-8.789266216032814,-9.080876049057252,0.2916098330244381
2025-04-23,185.14704215577603,186.98864827868664,181.6529408231792,182.28009033203125,4323300,ADI,184.0171803974183,175.46067592178923,186.98864827868664,175.46067592178923,204.5238599146004,208.8249323941771,-7.9396778042241465,-8.852636400090631,0.9129585958664848
2025-04-24,191.85648457151837,196.62478333594848,190.18410613522687,194.34515380859375,5606700,ADI,193.25263196282188,179.73892815960374,196.62478333594848,179.73892815960374,204.34673353332772,208.5348869821503,-6.221109992805253,-8.326331118633556,2.1052211258283027
2025-04-25,192.07548718959504,195.4799848567492,190.82120337210608,193.7080535888672,3206800,ADI,193.02118225182937,186.49578006121283,195.4799848567492,186.49578006121283,204.18138176285032,208.31894365380322,-4.854580699474553,-7.631981034801756,2.7774003353272025
2025-04-28,192.48362627606306,195.4799784477531,189.08907792880615,192.8419952392578,3401400,ADI,192.47366947297002,189.7584811565211,195.4799784477531,189.08907792880615,203.92266505701292,208.08111667876207,-3.797702509517933,-6.865125329744991,3.0674228202270584
2025-04-29,190.63205758599096,193.93701752028014,189.49722505703295,191.7967529296875,3939800,ADI,191.4657632732479,191.11607531474556,193.93701752028014,189.49722505703295,203.53149239269203,207.81690084066832,-3.009766533426273,-6.094053570481248,3.084287037054975
2025-04-30,186.69996805355888,194.45465466509185,185.88367725780202,194.03656005859375,4415400,ADI,190.26871500876163,191.29091929399672,194.45465466509185,185.88367725780202,203.00665793013036,207.53244866518665,-2.1794643705536316,-5.3111357304957245,3.131671359942093
2025-05-01,195.9478485598813,196.27635470710246,192.5632646260896,192.86190795898438,3439500,ADI,194.41234396301442,190.77981715137918,196.27635470710246,190.77981715137918,202.24494943714504,207.2991050138009,-1.5978099731658233,-4.568470579029745,2.9706606058639213
2025-05-02,196.9632389823148,198.80486029618044,196.25645023455843,197.68992614746094,3795900,ADI,197.42861891512865,192.59608055719679,198.80486029618044,192.59608055719679,201.35167846020678,207.13898093756742,-0.7387481257252091,-3.802526088368838,3.063777962643629
2025-05-05,195.27094067190598,198.8148031264241,194.70351681223985,196.82386779785156,2022700,ADI,196.40328210210538,195.01234973616272,198.8148031264241,194.70351681223985,200.48413824543843,206.96806063830033,-0.12636246544030882,-3.0672933637831323,2.9409308983428235
2025-05-06,194.0066969763307,196.50531540326386,193.37954747263015,194.71348571777344,2535500,ADI,194.65126139249955,195.70781591913405,196.50531540326386,193.37954747263015,199.6489065768602,206.74959277112342,0.1865173299953824,-2.4165312250274296,2.603048555022812
2025-05-07,195.73880638228528,199.81026537331644,194.80306437288567,198.95416259765625,2965700,ADI,197.32657468153593,195.1795386558168,199.81026537331644,194.80306437288567,198.90558855164002,206.57001958671884,0.7678131335895557,-1.7796623533040326,2.547475486893588
2025-05-08,201.34328395886226,205.1061505081264,200.04918814925364,201.86093139648438,3422400,ADI,202.08988850318167,196.25305666867638,205.1061505081264,196.25305666867638,198.30392265840393,206.44073101218683,1.4463733040203977,-1.1344552218391466,2.5808285258595443
2025-05-09,206.30072319389794,209.18757333018763,205.35501676580174,206.56948852539062,3537500,ADI,206.85320045381948,199.17147258592902,209.18757333018763,199.17147258592902,197.9024370597165,206.3628170345671,2.3371372734271745,-0.44013672278588245,2.777273996213057
2025-05-12,221.85986585979703,224.4680013796089,218.1069638308525,222.1385955810547,6358100,ADI,221.64335666282827,203.01233651987425,224.4680013796089,203.01233651987425,197.82941325338754,206.4389993636721,4.250375279272589,0.49796567762581184,3.7524096016467774
2025-05-13,220.96395895058518,226.04085012104778,219.25175335056576,225.65260314941406,4373500,ADI,222.9772913929032,212.32784659135126,226.04085012104778,212.32784659135126,197.7302888047508,206.5311476175027,5.9812332918208995,1.5946192004648294,4.38661409135607
2025-05-14,226.60825249321428,227.30507680184655,222.99470010680804,225.79197692871094,4648400,ADI,225.67500158264497,217.65256899212721,227.30507680184655,217.65256899212721,197.70455600784572,206.65691374333292,7.280274562771979,2.7317502729262593,4.548524289845719
2025-05-15,223.41279629385213,227.76300023179232,222.99470170567503,226.09060668945312,3044800,ADI,225.06527623019315,221.66378528738608,227.76300023179232,221.66378528738608,197.6804158786147,206.8034924620553,8.238898165510534,3.8331798514431146,4.405718314067419
2025-05-16,226.13043437926962,226.76753306588057,224.50781725368185,226.08065795898438,3617900,ADI,225.8716106644541,223.3645307587896,226.76753306588057,223.3645307587896,197.72137946362736,206.99262675699305,8.895272335419179,4.845598348238328,4.049673987180851
2025-05-19,222.62639350478085,225.78202425820197,222.05898482029116,223.52230834960938,3974200,ADI,223.49742773322083,224.61807071162184,225.78202425820197,222.05898482029116,197.73237931452388,207.1529891748208,9.104070108412628,5.697292700273188,3.4067774081394404
2025-05-20,221.31237124096702,223.58203622679454,220.92412428243512,223.4725341796875,2619200,ADI,222.32276648247102,224.05774922242134,224.05774922242134,220.92412428243512,197.84466807630454,207.26022429977573,9.159937431437527,6.389821646506056,2.7701157849314706
2025-05-21,221.59111216982367,226.35939568490394,220.32686396012608,221.21282958984375,5091100,ADI,222.37255035117437,223.19025785244617,226.35939568490394,220.32686396012608,198.0599877764175,207.33832157199996,8.919060039957373,6.8956693251963195,2.023390714761053
2025-05-22,220.45627258913996,223.3829347226648,210.41199245029216,210.96945190429688,8968300,ADI,216.30516291659845,222.78140410181027,223.3829347226648,210.41199245029216,198.2334480427371,207.35078925237315,7.811561185221791,7.0788476972014145,0.7327134880203765
2025-05-23,208.03283045971656,210.08349143978992,205.06634104143717,209.51608276367188,4848100,ADI,208.17468642615387,219.54328350920434,219.54328350920434,205.06634104143717,198.31278681179242,207.2819522011892,6.738903732997699,7.0108589043606715,-0.27195517136297287
2025-05-27,214.17486320714062,216.88253648575403,211.76583326756847,215.906982421875,5542200,ADI,214.68255384558452,213.8589849676791,216.88253648575403,211.76583326756847,198.46434662181215,207.31645224721163,6.331521328826938,6.874991389253925,-0.5434700604269871
2025-05-28,216.62371681278475,217.20108987490914,214.48346743235672,214.64273071289062,3853900,ADI,215.73775120823532,214.2707694066318,217.20108987490914,214.2707694066318,198.5972915290732,207.36247075072117,5.839341003146529,6.667861312032446,-0.828520308885917
2025-05-29,217.07168371288208,217.50969193017633,213.03008729088208,214.77215576171875,3800200,ADI,215.59590467391482,215.00426030743358,217.50969193017633,213.03008729088208,198.73730413745238,207.40270978240494,5.397508945575282,6.413790838741014,-1.0162818931657318
2025-05-30,214.30427332951356,214.86173278018816,209.84458253448594,213.01016235351562,10923400,ADI,213.00518774942583,215.30008249067419,215.30008249067419,209.84458253448594,198.81505016625604,207.415059222872,4.849276275934017,6.100887926179615,-1.2516116502455983
2025-06-02,211.43733125019136,215.22011150958173,211.25815435703987,214.4735107421875,2233700,ADI,213.0972769647501,214.15263512005,215.22011150958173,211.25815435703987,198.96048819562668,207.39116127387726,4.48122119225232,5.776954579394157,-1.2957333871418362
2025-06-03,213.05993568540705,217.89790897596572,212.084381660867,217.4399871826172,3515800,ADI,215.12055337621422,213.62495604240007,217.89790897596572,212.084381660867,199.21129607304886,207.38600932499662,4.378432894675541,5.497250242450434,-1.1188173477748933
2025-06-04,219.8300018310547,221.19000244140625,217.3300018310547,218.5,4199200,ADI,219.2125015258789,214.37275470930715,221.19000244140625,214.37275470930715,199.38392161470765,207.42328833578097,4.3325635085627425,5.264312895672896,-0.9317493871101536
2025-06-05,219.8000030517578,222.58999633789062,217.02000427246094,218.0399932861328,3496200,ADI,219.36249923706055,216.79262811759304,222.58999633789062,216.79262811759304,199.53958791386603,207.48327807699934,4.2105563199486085,5.053561580528039,-0.8430052605794307
2025-06-06,220.67999267578125,225.35000610351562,220.6300048828125,222.25999450683594,3246000,ADI,222.22999954223633,218.0775636773268,225.35000610351562,218.0775636773268,199.7620611912025,207.61485994930376,4.403621368470027,4.923573538116437,-0.5199521696464098
2025-06-09,223.82000732421875,229.17999267578125,223.41000366210938,227.66000366210938,4110600,ADI,226.0175018310547,220.15378160978156,229.17999267578125,220.15378160978156,200.12882249308055,207.7584725421614,4.935469400427735,4.925952710578697,0.009516689849037974
2025-06-10,228.27000427246094,234.75999450683594,228.00999450683594,233.33999633789062,4164800,ADI,231.09499740600586,223.08564172041812,234.75999450683594,223.08564172041812,200.67821454413968,207.91115702317077,5.749019617261183,5.0905660919151945,0.6584535253459887
2025-06-11,234.08999633789062,236.1199951171875,230.27000427246094,232.5399932861328,3311800,ADI,233.25499725341797,227.090319563212,236.1199951171875,227.090319563212,201.3553713907437,208.1019938725998,6.257082710454711,5.323869415623098,0.9332132948316127
2025-06-12,231.52999877929688,233.74000549316406,230.85000610351562,232.1199951171875,2144000,ADI,232.06000137329102,230.172658408315,233.74000549316406,230.172658408315,202.03759672636087,208.24651239051119,6.550327927138284,5.569161117926136,0.9811668092121479
2025-06-13,227.55999755859375,228.94000244140625,224.3800048828125,225.02999877929688,3349600,ADI,226.47750091552734,231.116329890803,231.116329890803,224.3800048828125,202.6180766692761,208.32209798526196,6.139847087874756,5.68329831191586,0.456548775958896
2025-06-16,228.1300048828125,231.9199981689453,227.5,231.8000030517578,3344900,ADI,229.8375015258789,228.79691540316517,231.9199981689453,227.5,203.5002390964324,208.40809044089173,6.2883328442278525,5.804305218378259,0.4840276258495937
2025-06-17,229.1999969482422,231.69000244140625,227.30999755859375,227.44000244140625,2726500,ADI,228.9099998474121,229.31720846452203,231.69000244140625,227.30999755859375,204.69504344353211,208.46662017543844,5.985199609271547,5.840484096556916,0.14471551271463046
2025-06-18,230.4199981689453,233.0800018310547,228.83999633789062,229.64999389648438,2551500,ADI,230.49749755859375,229.11360415596707,233.0800018310547,228.83999633789062,205.9378240007967,208.57826766228754,5.855790272212062,5.843545331687945,0.012244940524116288
2025-06-20,231.75,232.02000427246094,225.57000732421875,228.35000610351562,5316100,ADI,229.42250442504883,229.80555085728042,232.02000427246094,225.57000732421875,207.12904157921585,208.72346972727064,5.58396580787209,5.791629426924774,-0.20766361905268393
2025-06-23,228.19000244140625,231.30999755859375,226.6999969482422,230.97999572753906,3573500,ADI,229.2949981689453,229.61402764116463,231.30999755859375,226.6999969482422,208.1027874271692,208.9247350483153,5.5171627268113355,5.736736086902087,-0.21957336009075146
