Date,Open,High,Low,Close,Volume,Ticker,HA_Close,HA_Open,HA_High,HA_Low,HA_50_MA,HA_100_MA,MACD_Line,Signal_Line,MACD_Hist
2022-01-03,117.07059599187843,122.22007928421552,116.94799181664527,121.47501373291016,18592000,TSM,119.42842020641234,119.2728048623943,122.22007928421552,116.94799181664527,,,0.0,0.0,0.0
2022-01-04,123.42730755276975,127.79400013291391,122.88973141929904,125.81342315673828,25554900,TSM,124.98111556543024,119.35061253440333,127.79400013291391,119.35061253440333,,,0.34608394264155606,0.06921678852831122,0.27686715411324486
2022-01-05,123.27639077175212,123.43672096553186,119.66419798884291,119.8339614868164,17891200,TSM,121.55281780323583,122.16586404991679,123.43672096553186,119.66419798884291,,,0.1362942608696187,0.08263228299657271,0.053661977873045996
2022-01-06,119.77737947195826,121.66363741639853,117.71192472023516,121.16378021240234,16249000,TSM,120.07918045524858,121.85934092657631,121.85934092657631,117.71192472023516,,,0.07645832008797981,0.08139749041485414,-0.004939170326874326
2022-01-07,119.3529791606068,119.90942182297714,116.29723598573146,116.47643280029297,21248100,TSM,118.00901744240208,120.96926069091245,120.96926069091245,116.29723598573146,,,-0.3452124620612125,-0.0039245000803591855,-0.3412879619808533
2022-01-10,117.99487756821004,118.711657670349,116.25009024193429,117.90056610107422,11857700,TSM,117.7142978953919,119.48913906665726,119.48913906665726,116.25009024193429,,,-0.5580411880467011,-0.11474783767362758,-0.44329335037307355
2022-01-11,119.34354786040146,122.18236824451805,118.36269280951556,121.823974609375,12113100,TSM,120.42814588095251,118.60171848102458,122.18236824451805,118.36269280951556,,,-0.4054494406432809,-0.17288815826755827,-0.23256128237572266
2022-01-12,123.07830639321703,125.36067632508274,122.81423148480303,124.70991516113281,16389200,TSM,123.9907823410589,119.51493218098855,125.36067632508274,119.51493218098855,,,-0.051059515436065794,-0.14852242970125978,0.09746291426519399
2022-01-13,132.74538761204286,136.75368528416493,131.01946006394977,131.27410888671875,52020000,TSM,132.94816046171908,121.75285726102373,136.75368528416493,121.75285726102373,,,0.7508176692081889,0.03134559008062997,0.719472079127559
2022-01-14,128.35040145947593,135.69738324372844,128.35040145947593,132.66050720214844,28255300,TSM,131.26467334120719,127.35050886137141,135.69738324372844,127.35050886137141,,,1.4811085749984159,0.32129818706418717,1.1598103879342287
2022-01-18,128.97286756344974,129.3784060528595,125.70963547806589,126.21893310546875,15191400,TSM,127.56996054996097,129.3075911012893,129.3784060528595,125.70963547806589,,,1.5225373216801472,0.5615460139873792,0.960991307692768
2022-01-19,126.96401462717272,128.17121853173342,123.49330699931213,123.55931854248047,11155100,TSM,125.54696467517468,128.43877582562513,128.43877582562513,123.49330699931213,,,1.3254819036946373,0.7143331919288308,0.6111487117658064
2022-01-20,124.41756771317228,125.20036645824999,120.90912691424822,121.03173828125,11421900,TSM,122.88969984173012,126.9928702503999,126.9928702503999,120.90912691424822,,,0.954358214591366,0.7623381964613379,0.19202001813002811
2022-01-21,119.85281934266766,120.70163677054819,117.2026223069794,117.44783782958984,15573700,TSM,118.80122906244628,124.94128504606502,124.94128504606502,117.2026223069794,,,0.36682072169037383,0.6832347015071452,-0.31641397981677133
2022-01-24,116.73106930359663,118.90026881006091,113.29808043276834,118.79652404785156,17083400,TSM,116.93148564856936,121.87125705425565,121.87125705425565,113.29808043276834,,,0.009906535584363496,0.5485690683225889,-0.5386625327382254
2022-01-25,118.35324772041373,118.66448199504816,114.77878820290739,115.51443481445312,11370500,TSM,116.8277381832056,119.40137135141251,119.40137135141251,114.77878820290739,,,-0.5316590651468118,0.3325234416287088,-0.8641825067755207
2022-01-26,118.24949916454099,119.46613631180931,114.9579813106848,116.08030700683594,13592100,TSM,117.18848094846777,118.11455476730904,119.46613631180931,114.9579813106848,,,-0.904763004046444,0.08506615249367822,-0.9898291565401223
2022-01-27,116.9479982475599,117.08003573445718,109.43125882181926,109.7613525390625,18599800,TSM,113.3051613357247,117.65151785788841,117.65151785788841,109.43125882181926,,,-1.6908463552682917,-0.2701163490587158,-1.420730006209576
2022-01-28,111.95883473499208,112.79821890943714,107.69589512529932,110.92139434814453,14005900,TSM,110.84358577946827,115.47833959680656,115.47833959680656,107.69589512529932,,,-2.1949157726775184,-0.6550762337824764,-1.539839538895042
2022-01-31,112.72277491166601,115.78794416160314,112.05315418514014,115.6559066772461,10189100,TSM,114.05494498391384,113.16096268813742,115.78794416160314,112.05315418514014,,,-2.1871467740506887,-0.9614903418361189,-1.2256564322145698
2022-02-01,115.91055405402051,116.23121445607056,113.26979000965346,116.0520248413086,6956300,TSM,115.36589584026328,113.60795383602563,116.23121445607056,113.26979000965346,,,-2.12453603242011,-1.1940994799529172,-0.9304365524671929
2022-02-02,119.05116449443662,119.27751341623097,115.58044984641238,117.0894546508789,8562900,TSM,117.74964560198971,114.48692483814446,119.27751341623097,114.48692483814446,,,-1.9685128622034256,-1.3489821564030189,-0.6195307058004067
2022-02-03,114.54301252357575,116.83481624841785,112.46813163163367,113.02457427978516,9926800,TSM,114.2176336708531,116.1182852200671,116.83481624841785,112.46813163163367,,,-2.14810325289352,-1.5088063757011192,-0.639296877192401
2022-02-04,113.59045708875165,114.90140580033163,112.60016877775814,114.13746643066406,5743200,TSM,113.80737452437637,115.1679594454601,115.1679594454601,112.60016877775814,,,-2.1755504443567446,-1.6421551894322444,-0.5333952549245002
2022-02-07,115.58987004308864,117.04228934170146,114.94854213455183,115.35408782958984,6562900,TSM,115.73369733723294,114.48766698491823,117.04228934170146,114.48766698491823,,,-2.075209637248591,-1.7287660789955137,-0.34644355825307716
2022-02-08,115.06173457440454,116.8159550378185,114.69391485099545,116.67448425292969,7036200,TSM,115.81152217903704,115.11068216107559,116.8159550378185,114.69391485099545,,,-1.867615163296307,-1.7565358958556725,-0.11107926744063445
2022-02-09,117.77793646040736,118.40983830282043,115.77850776325747,118.38153839111328,10979700,TSM,117.58695522939963,115.46110217005631,118.40983830282043,115.46110217005631,,,-1.5475112976005647,-1.714730976204651,0.16721967860408626
2022-02-10,117.70250009632613,121.34297855066801,117.28752104075252,117.61761474609375,10474900,TSM,118.4876536084601,116.52402869972798,121.34297855066801,116.52402869972798,,,-1.340021992198345,-1.6397891794033899,0.2997671872050449
2022-02-11,118.36267556638686,119.38125649340064,113.59987179886117,114.1280288696289,9845700,TSM,116.36795818206939,117.50584115409404,119.38125649340064,113.59987179886117,,,-1.4405597631003673,-1.5999432961427853,0.15938353304241804
2022-02-14,113.12830535495243,114.63731730704448,111.28920693215584,112.95854187011719,8081800,TSM,113.00334286606748,116.93689966808171,116.93689966808171,111.28920693215584,,,-1.5962044466672722,-1.5991955262476827,0.0029910795804104495
2022-02-15,115.08059311541464,117.52330087583474,114.55244319770347,117.43841552734375,9248700,TSM,116.14868817907416,114.9701212670746,117.52330087583474,114.55244319770347,,,-1.3425890842509887,-1.5478742378483439,0.20528515359735522
2022-02-16,116.1369012815186,117.22150104070799,114.65618908017404,116.57073974609375,5749500,TSM,116.1463327871236,115.55940472307438,117.22150104070799,114.65618908017404,,,-1.1978037306142824,-1.4778601364015316,0.2800564057872492
2022-02-17,115.52385744653971,115.76907297634231,112.84537481278163,112.9491195678711,7976700,TSM,114.27185620088369,115.852868755099,115.852868755099,112.84537481278163,,,-1.3596219010350268,-1.4542124893282307,0.09459058829320388
2022-02-18,113.6659044704073,113.82624186977466,111.71362771867045,112.52471923828125,8389000,TSM,112.93262332428341,115.06236247799134,115.06236247799134,111.71362771867045,,,-1.50476354915493,-1.4643227012935707,-0.040440847861359375
2022-02-22,110.81765020007012,112.571870600154,109.13888184193674,110.2612075805664,9793500,TSM,110.69740255568182,113.99749290113738,113.99749290113738,109.13888184193674,,,-1.7818952456004098,-1.5278372101549387,-0.2540580354454711
2022-02-23,111.80794032177474,112.63789121051934,109.17660967790468,109.30864715576172,8114700,TSM,110.73277209149012,112.3474477284096,112.63789121051934,109.17660967790468,,,-2.054702446268891,-1.6332102573777292,-0.4214921888911618
2022-02-24,101.85793491488022,105.61159160832047,98.44380524679652,105.51727294921875,27539100,TSM,102.85765117980398,111.54010990994986,111.54010990994986,98.44380524679652,,,-2.54747067470754,-1.8160623408436916,-0.7314083338638486
2022-02-25,105.90395022014046,106.5735709084055,103.14058212027054,104.90423583984375,14258900,TSM,105.13058477216507,107.19888054487691,107.19888054487691,103.14058212027054,,,-2.9534148889078153,-2.0435328504565162,-0.9098820384512991
2022-02-28,103.15003300957038,103.52727889591812,99.02855622213437,100.92424774169922,26390800,TSM,101.65752896733052,106.16473265852099,106.16473265852099,99.02855622213437,,,-3.555297128501806,-2.3458857060655744,-1.2094114224362316
2022-03-01,103.74418121876839,104.79105489579798,100.9619537824661,101.90508270263672,20377900,TSM,102.8505681499173,103.91113081292576,104.79105489579798,100.9619537824661,,,-3.9080978363881087,-2.6583281321300816,-1.2497697042580271
2022-03-02,102.23519557625116,103.7159079710447,101.72590500029933,103.37638092041016,13342400,TSM,102.76334736700134,103.38084948142154,103.7159079710447,101.72590500029933,,,-4.022603401133182,-2.931183185930702,-1.0914202152024801
2022-03-03,103.65929610679517,103.74417425006783,101.48066355460229,102.60298919677734,10841700,TSM,102.87178077706066,103.07209842421145,103.74417425006783,101.48066355460229,,,-4.128169170255916,-3.1705803827957446,-0.9575887874601712
2022-03-04,100.9148013162122,101.97110836896863,97.90621755385011,99.08512878417969,22372100,TSM,99.96931400580266,102.97193960063606,102.97193960063606,97.90621755385011,,,-4.444459772479462,-3.4253562607324883,-1.0191035117469736
2022-03-07,97.41578812299397,98.17028695031068,93.42634957980339,93.64327239990234,29422900,TSM,95.6639242632526,101.47062680321936,101.47062680321936,93.42634957980339,,,-5.075724887241066,-3.755429986034204,-1.3202949012068617
2022-03-08,94.51095294818515,97.2460283924127,93.01138134404319,94.31289672851562,25650000,TSM,94.77031485328916,98.56727553323597,98.56727553323597,93.01138134404319,,,-5.459045473592369,-4.096153083545837,-1.3628923900465315
2022-03-09,98.56642001354096,99.70760531196501,96.9159441595758,98.98139190673828,14348400,TSM,98.54284034795502,96.66879519326257,99.70760531196501,96.66879519326257,,,-5.324740956105202,-4.341870658057711,-0.9828702980474917
2022-03-10,98.26460653799039,99.52839586345105,96.68957573997967,98.04768371582031,11811000,TSM,98.13256546431036,97.6058177706088,99.52839586345105,96.68957573997967,,,-5.233319654715771,-4.520160457389323,-0.7131591973264486
2022-03-11,99.36806420362971,99.36806420362971,95.53896306722287,95.64270782470703,18116400,TSM,97.47944982479733,97.86919161745958,99.36806420362971,95.53896306722287,,,-5.293904237195008,-4.67490921335046,-0.6189950238445476
2022-03-14,95.7464502382021,96.06711783090225,93.4357871309783,93.6527099609375,17959400,TSM,94.72551629025503,97.67432072112845,97.67432072112845,93.4357871309783,,,-5.43978766573791,-4.82788490382795,-0.6119027619099597
2022-03-15,92.45493334832118,96.33119405650618,92.06825420571434,96.2840347290039,13415600,TSM,94.28460408488641,96.19991850569174,96.33119405650618,92.06825420571434,112.90234413855667,,-5.282185667676629,-4.918745056597686,-0.36344061107894277
2022-03-16,97.60130810547811,100.2548081173179,97.43072585857118,100.16004180908203,20347100,TSM,98.8617209726123,95.24226129528907,100.2548081173179,95.24226129528907,112.49101015388067,,-4.789315324714394,-4.8928591102210275,0.10354378550663323
2022-03-17,100.21689541954758,100.9560827111993,99.2692179214904,100.91817474365234,8042000,TSM,100.3400926989724,97.05199113395068,100.9560827111993,97.05199113395068,111.9981896965515,,-4.288106413656152,-4.771908570908052,0.48380215725190023
2022-03-18,100.17898266426455,101.43939541169252,99.40188744220468,101.13613891601562,10218200,TSM,100.53910110854434,98.69604191646154,101.43939541169252,98.69604191646154,111.57791536265768,,-3.8291666044771944,-4.583360177621881,0.7541935731446863
2022-03-21,101.13615097268426,101.60998975555464,99.62933988344936,101.32568359375,10366100,TSM,100.92529105135957,99.61757151250293,101.60998975555464,99.61757151250293,111.1948375745799,,-3.4108407784980415,-4.348856297797113,0.9380155192990713
2022-03-22,100.82341548580672,102.31126897252507,100.67179083522834,101.43940734863281,10401200,TSM,101.31147066054822,100.27143128193126,102.31126897252507,100.27143128193126,110.86088663894283,,-3.0351506634126224,-4.086115170920215,1.0509645075075928
2022-03-23,100.92765251818906,102.52922978730776,99.83782196044922,99.83782196044922,12905300,TSM,100.78313155659882,100.79145097123974,102.52922978730776,99.83782196044922,110.52226331216696,,-2.8339797419510973,-3.835688085126392,1.0017083431752947
2022-03-24,101.19300181023249,102.33021914292854,100.29271108161126,102.27335357666016,10834000,TSM,101.52232140285811,100.78729126391929,102.33021914292854,100.29271108161126,110.14414682260507,,-2.4497837088353407,-3.558507209868182,1.1087235010328413
2022-03-25,102.05538408325187,102.33021140377998,100.30217506504822,101.14561462402344,7432100,TSM,101.45834629402587,101.1548063333887,102.33021140377998,100.30217506504822,109.69349810166443,,-2.2108197394098426,-3.2889697157765143,1.0781499763666718
2022-03-28,100.09370559219327,101.13614945280094,99.13654924072168,100.76655578613281,8151200,TSM,100.28324001796219,101.3065763137073,101.3065763137073,99.13654924072168,109.04019969278929,,-2.0286410411514026,-3.036903980851492,1.0082629397000895
2022-03-29,102.27335487990011,104.01708525350504,101.20248189923893,103.53376770019531,14076200,TSM,102.75667243320984,100.79490816583474,104.01708525350504,100.79490816583474,108.47003967462933,,-1.6420437768225469,-2.757931940045703,1.1158881632231563
2022-03-30,102.15015037959141,103.61904604836656,100.93712443395349,101.14561462402344,15456300,TSM,101.96298387148373,101.7757902995223,103.61904604836656,100.93712443395349,107.95790014105978,,-1.510949370369815,-2.5085354261105257,0.9975860557407108
2022-03-31,101.36358163136717,101.54364266487963,98.73851821278646,98.80485534667969,13021600,TSM,100.11264946392824,101.869387085503,101.869387085503,98.73851821278646,107.44921383683486,,-1.5777485171209378,-2.3223780443126083,0.7446295271916705
2022-04-01,100.23584080720484,100.40642303758662,96.86211139543755,97.4117660522461,12085100,TSM,98.72903532311878,100.99101827471563,100.99101827471563,96.86211139543755,106.96600054646264,,-1.7232336212013308,-2.202549159690353,0.479315538489022
2022-04-04,98.57741316166019,100.04631622036018,97.8761338162487,99.30712890625,9077200,TSM,98.95174802612976,99.8600267989172,100.04631622036018,97.8761338162487,106.5690109257363,,-1.6663826503329346,-2.0953158578188695,0.4289332074859349
2022-04-05,99.01334456133985,99.1270612296211,96.76734637011683,97.1369400024414,12291000,TSM,98.0111730408798,99.40588741252348,99.40588741252348,96.76734637011683,106.19060467358251,,-1.775971658072237,-2.031447017869543,0.2554753597973063
2022-04-06,95.16577229577874,96.79577874372264,94.50240094147856,95.8860092163086,14902600,TSM,95.58749029932213,98.70853022670164,98.70853022670164,94.50240094147856,105.76579971590485,,-1.94138234897747,-2.0134340840911285,0.07205173511365848
2022-04-07,95.16576989279845,95.93339356076923,94.43606142149372,95.26053619384766,12431000,TSM,95.19894026722727,97.14801026301188,97.14801026301188,94.43606142149372,105.32600890228002,,-2.0987488880997915,-2.0304970448928614,-0.06825184320693012
2022-04-08,95.35530714664735,95.43111584731362,93.93379097873182,94.09489440917969,11796200,TSM,94.70377709546813,96.17347526511958,96.17347526511958,93.93379097873182,104.95398121747489,,-2.291110063817584,-2.082619648677806,-0.20849041513977795
2022-04-11,93.08088132169719,93.23250595566161,91.8394261621805,92.46488952636719,12480500,TSM,92.65442574147662,95.43862618029385,95.43862618029385,91.8394261621805,104.59019801671508,,-2.54573974981723,-2.175243668905691,-0.37049608091153896
2022-04-12,94.76775760324269,94.90991068568877,92.34170532226562,92.34170532226562,13291500,TSM,93.59026973336567,94.04652596088523,94.90991068568877,92.34170532226562,104.1809045117041,,-2.7260513235080452,-2.2854051998261617,-0.4406461236818835
2022-04-13,94.57822109847856,96.87159900310371,94.29391494525477,96.18927001953125,15776800,TSM,95.48325126659208,93.81839784712545,96.87159900310371,93.81839784712545,103.78325162023067,,-2.5293267250678753,-2.3341895048745047,-0.19513722019337054
2022-04-14,98.55845461169594,99.03229333579063,93.18512521571135,93.21355438232422,17828500,TSM,95.99735688638053,94.65082455685877,99.03229333579063,93.18512521571135,103.34820584591849,,-2.58375255518321,-2.384102114936246,-0.19965044024696432
2022-04-18,92.82500135440964,94.61611111826858,92.37012023703228,93.60209655761719,10277400,TSM,93.35333231683192,95.32409072161965,95.32409072161965,92.37012023703228,102.93091981883808,,-2.5659545841085105,-2.420472608770699,-0.1454819753378116
2022-04-19,93.28939461798896,94.24654388427734,92.59758671928466,94.24654388427734,10103000,TSM,93.59501727645707,94.3387115192258,94.3387115192258,92.59758671928466,102.52667267387969,,-2.471359753543098,-2.430650037725179,-0.04070971581791882
2022-04-20,95.14681511243542,95.7154201225681,93.72529897200124,93.82954406738281,8596900,TSM,94.60426956859689,93.96686439784143,95.7154201225681,93.72529897200124,102.10408411850696,,-2.402348293296342,-2.424989688839412,0.022641395543069986
2022-04-21,94.53084420505087,95.38375552361896,92.31328200698042,92.55020141601562,13038500,TSM,93.69452078791647,94.28556698321916,95.38375552361896,92.31328200698042,101.66174409068455,,-2.4229581209237807,-2.4245833752562858,0.001625254332505044
2022-04-22,91.95314551149873,92.67338242689651,90.37052584165566,90.67378234863281,11650100,TSM,91.41770903217093,93.99004388556781,93.99004388556781,90.37052584165566,101.13835916673999,,-2.5611792149424986,-2.4519025431935284,-0.10927667174897016
2022-04-25,90.07675922844783,91.2423986334379,89.50814688140197,91.2044906616211,10654400,TSM,90.5079488512272,92.70387645886937,92.70387645886937,89.50814688140197,100.57876507159531,,-2.5979491614715755,-2.481111866849138,-0.11683729462243742
2022-04-26,89.97250418359533,90.04831288865591,87.9160385131836,87.9160385131836,14176000,TSM,88.96322352465461,91.60591265504829,91.60591265504829,87.9160385131836,100.03067037844703,,-2.859477932998246,-2.55678508007896,-0.3026928529192858
2022-04-27,87.03469365243544,87.84022527016332,85.49946080873939,85.53736877441406,15846300,TSM,86.47793712643805,90.28456808985145,90.28456808985145,85.49946080873939,99.50016226365443,,-3.2215441812130337,-2.6897369003057747,-0.5318072809072589
2022-04-28,87.33795574167347,91.16656621042495,86.97783368961302,90.23784637451172,15176200,TSM,88.93005050405579,88.38125260814475,91.16656621042495,86.97783368961302,98.95578951015406,,-3.0935346904195313,-2.7704964583285263,-0.323038232091005
2022-04-29,88.30459211085527,90.58849118748837,87.91604085492106,88.06767272949219,10629300,TSM,88.71919922068922,88.65565155610027,90.58849118748837,87.91604085492106,98.4072468388254,,-3.1311076628715284,-2.8426186992371267,-0.2884889636344017
2022-05-02,87.6601572700048,89.33754304404353,86.46608175192367,88.85423278808594,8251900,TSM,88.07950371351448,88.68742538839474,89.33754304404353,86.46608175192367,97.883399789078,,-3.0621175065529798,-2.8865184607002976,-0.17559904585268216
2022-05-03,87.92551653259885,89.12907099610304,87.66964679110261,88.73104095458984,9511900,TSM,88.36381881859859,88.38346455095461,89.12907099610304,87.66964679110261,97.3920236989643,,-2.9829967325475053,-2.9058141150697394,-0.07718261747776589
2022-05-04,88.99639613944431,91.04337574854723,87.11051273743188,90.96755981445312,9082500,TSM,89.52946110996913,88.3736416847766,91.04337574854723,87.11051273743188,96.96866487005003,,-2.708601496485201,-2.866371591352832,0.15777009486763083
2022-05-05,89.11958570272328,89.44179255595878,86.44713565978581,87.32847595214844,11517200,TSM,88.08424746765408,88.95155139737287,89.44179255595878,86.44713565978581,96.51569437757333,,-2.75304950856912,-2.84370717479609,0.0906576662269698
2022-05-06,86.61773156663028,88.02029032491916,85.54685128244647,86.835693359375,7944900,TSM,86.75514163334273,88.51789943251347,88.51789943251347,85.54685128244647,96.19364418664411,,-2.795809958388091,-2.83412773151449,0.03831777312639906
2022-05-09,85.23411435267508,85.47103372125137,82.45741906375264,82.73224639892578,11428600,TSM,83.97370338415122,87.6365205329281,87.6365205329281,82.45741906375264,95.77050655888382,,-3.1247911514343656,-2.8922604154984652,-0.23253073593590035
2022-05-10,85.3099243274357,85.56580129822761,83.48090648555205,84.17271423339844,11690400,TSM,84.63233658615346,85.80511195853967,85.80511195853967,83.48090648555205,95.4300027112603,,-3.2320206788325265,-2.9602124681652775,-0.27180821066724903
2022-05-11,84.22009774662492,85.83114652264656,83.20608316237961,83.23451232910156,11531300,TSM,84.12295994018817,85.21872427234656,85.83114652264656,83.20608316237961,95.0554505470657,,-3.354042589486312,-3.0389784924294845,-0.3150640970568275
2022-05-12,81.70875016237532,83.59462624648934,80.92217615068677,83.10183715820312,11592900,TSM,82.33184742943864,84.67084210626737,84.67084210626737,80.92217615068677,94.64682054831445,,-3.422004868281192,-3.1155837675998264,-0.30642110068136574
2022-05-13,84.22010212218692,86.57981707537186,83.54725196405809,86.20074462890625,11180600,TSM,85.13697894763078,83.501344767853,86.57981707537186,83.501344767853,94.29212451172585,,-3.189048167471441,-3.1302766475741493,-0.05877151989729157
2022-05-16,85.16777297506941,86.58928911569802,84.8171297241739,85.67951965332031,6729100,TSM,85.5634278670654,84.31916185774189,86.58928911569802,84.31916185774189,94.00400678895112,,-3.011769004861293,-3.1065751190315782,0.0948061141702854
2022-05-17,88.41832074793153,88.59837457086202,87.53698031289328,88.43727111816406,7668800,TSM,88.24773668746272,84.94129486240365,88.59837457086202,84.94129486240365,93.85568303743531,,-2.6185613502947405,-3.008972365284211,0.3904110149894704
2022-05-18,87.25265987498602,88.3519691540047,85.64161115113305,85.7932357788086,9610900,TSM,86.75986898973309,86.59451577493319,88.3519691540047,85.64161115113305,93.69547412016418,,-2.491571718086689,-2.9054922358447066,0.4139205177580174
2022-05-19,85.1393469408043,87.28110021113844,84.87399838575874,85.489990234375,7739000,TSM,85.69610894301911,86.67719238233315,87.28110021113844,84.87399838575874,93.43853949206546,,-2.3878749645669757,-2.8019687815891605,0.41409381702218484
2022-05-20,88.17191990830104,88.17191990830104,84.182198299988,86.03016662597656,10469900,TSM,86.63905118564166,86.18665066267613,88.17191990830104,84.182198299988,93.20866920649209,,-2.236327824848914,-2.6888405902411114,0.45251276539219765
2022-05-23,86.25760550131064,87.1010451538417,85.90696944294069,86.71249389648438,6920500,TSM,86.49452849864434,86.4128509241589,87.1010451538417,85.90696944294069,92.98897077996904,,-2.0376784279939812,-2.5586081577916855,0.5209297297977042
2022-05-24,84.83608719091599,85.10144296607842,83.88840968452405,84.07794952392578,8788600,TSM,84.47597234136106,86.45368971140162,86.45368971140162,83.88840968452405,92.78397990099114,,-2.0689831134200745,-2.4606831489173633,0.3917000354972888
2022-05-25,84.65602629681851,86.16282993538645,84.38119897533906,85.67951965332031,9113500,TSM,85.21989371521607,85.46483102638135,86.16282993538645,84.38119897533906,92.60268569359773,102.75251491607722,-1.9421708410994256,-2.3569806873537757,0.41480984625435013
2022-05-26,84.73184379448111,86.58929071832284,84.38120053709576,86.2386474609375,9762700,TSM,85.4852456277093,85.34236237079871,86.58929071832284,84.38120053709576,92.33515618669968,102.41308317029018,-1.7760807075784584,-2.240800691398712,0.4647199838202538
2022-05-27,87.77389278303657,88.91110289264077,87.68859804820322,88.86371612548828,6279000,TSM,88.30932746234221,85.41380399925401,88.91110289264077,85.41380399925401,92.09454088196709,102.04636528925928,-1.4163056871909845,-2.0759016905571666,0.6595960033661821
2022-05-31,90.54111551812721,91.25187369258688,89.56500878203558,90.31367492675781,9621700,TSM,90.41791822987688,86.8615657307981,91.25187369258688,86.8615657307981,91.89211722439373,101.73501629352572,-1.0026242063053274,-1.8612461937067988,0.8586219874014713
2022-06-01,90.59796674353056,91.31820366154535,88.92058076482576,89.79244232177734,6152400,TSM,90.15729837291975,88.63974198033749,91.31820366154535,88.63974198033749,91.67675737082493,101.43579747270243,-0.7086686760223557,-1.6307306901699103,0.9220620141475546
2022-06-02,89.0721995984164,91.32767650856961,88.72156357673747,91.29924011230469,6335000,TSM,90.10516994900705,89.39852017662862,91.32767650856961,88.72156357673747,91.4526313565941,101.15675899776848,-0.35008524677257924,-1.3746016014904443,1.024516354717865
2022-06-03,89.42284961102432,89.63133981816638,88.03924132659719,88.86371612548828,9137100,TSM,88.98928672031904,89.75184506281784,89.75184506281784,88.03924132659719,91.21675445986851,100.86950888601774,-0.25944105190102107,-1.1515694915725596,0.8921284396715385
2022-06-06,90.02936837528722,90.54111512630831,88.01081777143126,88.2382583618164,9440200,TSM,89.2048899087108,89.37056589156845,90.54111512630831,88.01081777143126,90.97040582998558,100.55727632629532,-0.2353609937401302,-0.9683277920060738,0.7329667982659436
2022-06-07,87.82127276393747,88.94901130997656,86.96836156231993,88.9300537109375,7360200,TSM,88.16717483679287,89.28772790013963,89.28772790013963,86.96836156231993,90.7045824008409,100.19904025125267,-0.15862672096351105,-0.8063875777975613,0.6477608568340503
2022-06-08,89.08167459779779,89.96301485909056,88.26667146455048,88.57940673828125,6446300,TSM,88.97269191493002,88.72745136846625,89.96301485909056,88.26667146455048,90.47837143878024,99.75928556578478,-0.12467140283516187,-0.6700443428050815,0.5453729399699196
2022-06-09,88.13400458569868,88.60784332003038,86.04911704672125,86.09649658203125,8086700,TSM,87.22186538362038,88.85007164169814,88.85007164169814,86.04911704672125,90.16767529778848,99.31885748620891,-0.2947143836851893,-0.5949783509811031,0.30026396729591376
2022-06-10,85.80271975050509,85.97330198580254,83.99265229650418,84.0400390625,10460400,TSM,84.95217827382795,88.03596851265925,88.03596851265925,83.99265229650418,89.82745918583538,98.89267966344758,-0.5886282661521278,-0.5937083340153081,0.005080067863180271
2022-06-13,81.55711704466266,82.28683271228432,80.57153165307035,81.07380676269531,14603700,TSM,81.37232204317816,86.49407339324361,86.49407339324361,80.57153165307035,89.45265263742036,98.45093323712761,-1.0488171807057682,-0.6847301033534001,-0.3640870773523681
2022-06-14,82.20153916569659,83.28189086946574,81.77508720954748,82.62799835205078,10449600,TSM,82.47162889919014,83.93319771821089,83.93319771821089,81.77508720954748,89.12750450894178,98.04675252770221,-1.2734306230917412,-0.8024702073010683,-0.4709604157906728
2022-06-15,82.93124381823546,85.11089730351249,82.79856957261877,84.46647644042969,11742500,TSM,83.8267967836991,83.20241330870051,85.11089730351249,82.79856957261877,88.82500548409318,97.69700820491475,-1.2882385652261235,-0.8996238788860794,-0.38861468634004404
2022-06-16,81.18644965706379,81.862843744161,80.01466364221626,80.51957702636719,10505200,TSM,80.89588351745206,83.5146050461998,83.5146050461998,80.01466364221626,88.48269969362462,97.33665218360356,-1.6000118228323856,-1.0397014676753407,-0.560310355157045
2022-06-17,80.97687530517578,81.54847532426048,79.97656982056112,80.97687530517578,9735500,TSM,80.86969893879329,82.20524428182594,82.20524428182594,79.97656982056112,88.18834386641403,96.97707179115943,-1.7895652323587399,-1.1896742206120205,-0.5998910117467193
2022-06-21,81.92955423100176,83.59672539267912,81.92955423100176,82.83458709716797,9604000,TSM,82.57260523796265,81.53747161030961,83.59672539267912,81.53747161030961,87.93581716582874,96.63091303405439,-1.769488299351707,-1.3056370363599579,-0.46385126299174906
2022-06-22,80.63389623383328,82.10100723239299,80.54815952042087,80.89112091064453,7868700,TSM,81.04354597432292,82.05503842413613,82.10100723239299,80.54815952042087,87.66261254340584,96.30829688044038,-1.8886277393754085,-1.4222351769630481,-0.4663925624123604
2022-06-23,80.14804074398866,80.24331345908307,78.84288885933258,80.13851928710938,10370300,TSM,79.84319058737842,81.54929219922953,81.54929219922953,78.84288885933258,87.40638784032387,95.99829292851948,-2.0204843789993276,-1.541885017370304,-0.4785993616290236
2022-06-24,80.16708888694679,82.45349568629511,80.16708888694679,81.85330963134766,10670100,TSM,81.16024577288408,80.69624139330398,82.45349568629511,80.16708888694679,87.15778736111425,95.66934593640917,-1.9639730078936708,-1.6263026154749776,-0.33767039241869323
2022-06-27,82.80600006014998,82.88221533588262,81.52942689892764,81.79617309570312,7358000,TSM,82.25345384766584,80.92824358309403,82.88221533588262,80.92824358309403,86.89319141273572,95.3382215164832,-1.9018741586412915,-1.6814169241082404,-0.2204572345330511
2022-06-28,82.07245014746994,82.70120801784844,80.34811401367188,80.34811401367188,8289200,TSM,81.36747154816553,81.59084871537993,82.70120801784844,80.34811401367188,86.60059370597142,94.97439977594496,-1.9470621190911572,-1.734545963104824,-0.21251615598633333
2022-06-29,80.43384605730233,80.60532677250362,79.38591158364463,79.69076538085938,7981300,TSM,80.02896244857749,81.47916013177273,81.47916013177273,79.38591158364463,86.33410630860634,94.6325130637222,-2.0127151172851683,-1.7901797939408928,-0.2225353233442755
2022-06-30,77.6044242456947,78.32845479897892,76.32785113665862,77.88069915771484,14201600,TSM,77.53535733476177,80.75406129017512,80.75406129017512,76.32785113665862,86.01291310977244,94.26979289182606,-2.185608474214689,-1.8692655299956522,-0.31634294421903686
2022-07-01,75.29897586204862,75.47045661201822,72.57434131713681,73.35552978515625,19531700,TSM,74.17482589408998,79.14470931246845,79.14470931246845,72.57434131713681,85.6043242362823,93.85420417739462,-2.657141185583356,-2.026840661113193,-0.6303005244701629
2022-07-05,71.02147573329846,72.5457446555172,70.24980891307558,72.50763702392578,22253100,TSM,71.58116658145426,76.65976760327922,76.65976760327922,70.24980891307558,85.16205715215305,93.41190062141881,-3.063933003812707,-2.234259129653096,-0.829673874159611
2022-07-06,70.77377906541327,72.68864574137868,70.28791585276495,71.9836654663086,11530500,TSM,71.43350153146638,74.12046709236674,74.12046709236674,70.28791585276495,84.76237300213896,92.95036608443947,-3.38952622777596,-2.465312549277669,-0.9242136784982908
2022-07-07,74.87978912727081,77.12808876434445,74.63209312839636,76.832763671875,15847800,TSM,75.86818367297165,72.77698431191655,77.12808876434445,72.77698431191655,84.46957769857384,92.52417138508459,-3.219170905619066,-2.6160842205459485,-0.6030866850731176
2022-07-08,76.1373063121334,78.27129014948744,75.98488304848686,77.65205383300781,10004200,TSM,77.01138333577887,74.3225839924441,78.27129014948744,74.3225839924441,84.23054089479632,92.1306056366217,-2.9836594477064153,-2.689599265978042,-0.2940601817283732
2022-07-11,75.99441182577479,76.47074638152144,75.08937907717154,75.36565399169922,9519600,TSM,75.73004781904174,75.66698366411148,76.47074638152144,75.08937907717154,84.0155831086484,91.75787268615142,-2.9475309771646465,-2.741185608215363,-0.20634536894928335
2022-07-12,77.31862817994954,77.62348200332809,75.19417287419793,75.35612487792969,10363700,TSM,76.37310198385131,75.69851574157661,77.62348200332809,75.19417287419793,83.76444413824433,91.36011682419918,-2.886395256019057,-2.770227537776102,-0.1161677182429548
2022-07-13,75.52759994015916,77.85211471166629,75.1655883234031,77.44246673583984,14706500,TSM,76.4969424277671,76.03580886271396,77.85211471166629,75.1655883234031,83.51999900238587,90.96362292060563,-2.639171676644139,-2.74401636554971,0.10484468890557075
2022-07-14,79.02389311462161,80.06230613661366,76.69938562434459,79.7098159790039,23377000,TSM,78.87385021364594,76.26637564524053,80.06230613661366,76.26637564524053,83.3358859323885,90.60964286073326,-2.234530793899779,-2.642119251219724,0.40758845731994464
2022-07-15,81.52942016318973,81.96764706001419,79.9956223901601,81.5770492553711,14061000,TSM,81.26743471718378,77.57011292944324,81.96764706001419,77.57011292944324,83.19395825036021,90.29299097466225,-1.7430866409978307,-2.4623127291753453,0.7192260881775145
2022-07-18,81.98670760691061,82.00576506082265,79.42403244570863,79.62409210205078,11352500,TSM,80.76014930387316,79.4187738233135,82.00576506082265,79.4187738233135,83.01857201423829,89.99361844214418,-1.4939792668694736,-2.268646036714171,0.7746667698446976
2022-07-19,80.97686269915133,82.37728725228618,80.55768602520962,82.07243347167969,10673100,TSM,81.4960673620817,80.08946156359333,82.37728725228618,80.08946156359333,82.88680841212685,89.70125139485008,-1.0864749839566912,-2.0322118261626754,0.9457368422059842
2022-07-20,81.14835483230152,82.6440450396947,81.08166828553705,82.4630355834961,11664800,TSM,81.83427593525734,80.79276446283751,82.6440450396947,80.79276446283751,82.78839109816514,89.49101764240463,-0.7236646225102561,-1.7705023854321915,1.0468377629219354
2022-07-21,82.57734824230558,83.644340126376,82.31060208835987,83.63481140136719,7135000,TSM,83.04177546460215,81.31352019904742,83.644340126376,81.31352019904742,82.76975253977415,89.270129549329,-0.33768960601963727,-1.4839398295496808,1.1462502235300436
2022-07-22,83.27280327948246,83.5776570779058,81.73900556195909,82.23439025878906,8612100,TSM,82.70596404453411,82.17764783182479,83.5776570779058,81.73900556195909,82.73122508894177,89.08061390010101,-0.14315372007430938,-1.2157826076546066,1.0726288875802972
2022-07-25,82.21534729003906,82.59640912028762,81.57705346096685,82.21534729003906,5960900,TSM,82.15103929033315,82.44180593817944,82.59640912028762,81.57705346096685,82.69178667594466,88.87361861150517,0.009372719783982575,-0.9707515421668887,0.9801242619508713
2022-07-26,80.74822765047436,81.1673970741401,79.88129535907741,80.42431640625,6977700,TSM,80.55530912248547,82.2964226142563,82.2964226142563,79.88129535907741,82.65625590980561,88.65153822906002,-0.014107578404605192,-0.7794227494144321,0.7653151710098269
2022-07-27,81.27219931653532,83.73961608694657,81.27219931653532,83.48239135742188,9399500,TSM,82.44160151935976,81.42586586837089,83.73961608694657,81.27219931653532,82.60234836124019,88.447236436483,0.21160594565398583,-0.5812170104007486,0.7928229560547344
2022-07-28,83.00606205719285,84.42554435180847,82.3582467317067,84.416015625,10668200,TSM,83.55146719142701,81.93373369386532,84.42554435180847,81.93373369386532,82.56210914772741,88.28305796833925,0.4605127115391241,-0.37287106601277403,0.8333837775518982
2022-07-29,83.66339497768166,84.9876043645982,83.63481606934775,84.29216003417969,10366200,TSM,84.14449386145182,82.74260044264616,84.9876043645982,82.74260044264616,82.4800442912072,88.16786366432125,0.6403969087735675,-0.17021747105550575,0.8106143798290733
2022-08-01,81.2626706638364,82.777410923392,80.31000163972713,82.22486114501953,20102600,TSM,81.64373609299376,83.44354715204899,83.44354715204899,80.31000163972713,82.37772163327242,88.0365978767183,0.6091211187675611,-0.014349753090892372,0.6234708718584535
2022-08-02,80.51958313185206,83.36806876168755,80.18615042536453,81.9771728515625,15541600,TSM,81.51274379261666,82.54364162252138,83.36806876168755,80.18615042536453,82.29405433026436,87.86629691116492,0.5579171331734898,0.10010362416198407,0.45781350901150575
2022-08-03,81.89142678406454,82.66308635213487,80.55768872362752,82.41539764404297,20779400,TSM,81.88189987596748,82.02819270756902,82.66308635213487,80.55768872362752,82.19891130407088,87.70379025528148,0.5464001235392857,0.1893629240374444,0.3570371995018413
2022-08-04,82.88221222418512,84.23500061035156,82.52020058047944,84.23500061035156,13472500,TSM,83.46810350634192,81.95504629176824,84.23500061035156,81.95504629176824,82.13838280422482,87.56367679209693,0.6763035563400734,0.28675105049797023,0.3895525058421032
2022-08-05,83.86346068708268,86.67383892579662,83.84441050290765,85.52110290527344,13293500,TSM,84.97570325526509,82.71157489905508,86.67383892579662,82.71157489905508,82.1483774225029,87.46617866174704,0.8729676419602015,0.4039943687904165,0.468973273169785
2022-08-08,84.7684942627888,84.88280989573015,82.79646964338303,83.77771759033203,12120300,TSM,84.0563728480585,83.84363907716008,84.88280989573015,82.79646964338303,82.12510700515975,87.36389634937876,0.8780273689098692,0.4988009688143071,0.37922640009556213
2022-08-09,82.82504624836909,83.01557714349825,80.44337371781592,81.17692565917969,13075000,TSM,81.86523069221573,83.95000596260928,83.95000596260928,80.44337371781592,82.05270670644988,87.1939314465748,0.6645149511413706,0.5319437652797198,0.13257118586165084
2022-08-10,82.70118737185821,84.47315216064453,82.22485290752397,84.47315216064453,10704600,TSM,83.4680861501678,82.90761832741251,84.47315216064453,82.22485290752397,81.95588188020639,87.02521138108673,0.7526071658140552,0.5760764453865869,0.1765307204274683
2022-08-11,85.70211283323079,86.69288958641299,85.08287645395585,85.2829360961914,11158800,TSM,85.69020374244776,83.18785223879016,86.69288958641299,83.18785223879016,81.86132759045782,86.87672240742577,0.877646711589108,0.6363904986270911,0.24125621296201694
2022-08-12,85.43536705334083,87.0263227408601,85.39725941631006,86.55951690673828,12098800,TSM,86.10461652931232,84.43902799061897,87.0263227408601,84.43902799061897,81.78027395358566,86.7285156622053,1.0674460020081824,0.7226015993033094,0.34484440270487304
2022-08-15,85.74974704987338,87.58839868910478,85.74021832382776,87.23590850830078,15949500,TSM,86.57856814277667,85.27182225996565,87.58839868910478,85.27182225996565,81.70974191746106,86.58118663702759,1.2579416877659213,0.8296696169958317,0.42827207077008955
2022-08-16,86.826267442611,87.02632709581742,84.37790797010062,85.69258880615234,10566100,TSM,85.98077282867035,85.92519520137117,87.02632709581742,84.37790797010062,81.64957163962808,86.43316304974829,1.2697411042108087,0.9176839144388271,0.3520571897719815
2022-08-17,84.78753461239168,85.52108648908177,84.29214996775886,84.97806549072266,9093100,TSM,84.89470913998875,85.95298401502076,85.95298401502076,84.29214996775886,81.56336802425363,86.26688692711961,1.2075166662434782,0.9756504647997574,0.23186620144372083
2022-08-18,84.5112769048662,85.42583838940675,84.23500198740781,85.04476928710938,10947700,TSM,84.80422164219753,85.42384657750475,85.42583838940675,84.23500198740781,81.49610896036174,86.10034568060131,1.1503255528327685,1.0105854824063596,0.1397400704264089
2022-08-19,84.31119583939004,84.39693254977111,82.90124269962301,83.07272338867188,9602800,TSM,83.670523619364,85.11403410985113,85.11403410985113,82.90124269962301,81.39006559445042,85.93421851661535,0.9350943746118929,0.9954872608474663,-0.06039288623557337
2022-08-22,81.36745698406365,81.95810707029545,80.91970142302526,81.20549774169922,8054000,TSM,81.36269080477089,84.39227886460756,84.39227886460756,80.91970142302526,81.27288210287342,85.72027870033097,0.6068571392146822,0.9177612365209096,-0.31090409730622737
2022-08-23,81.12929722836456,82.50113567466774,80.96733797107304,81.95811462402344,8462500,TSM,81.63897137453219,82.87748483468923,82.87748483468923,80.96733797107304,81.20661796488751,85.51703857536144,0.40281327714626514,0.8147716446459807,-0.4119583674997156
2022-08-24,81.7390065204881,82.05338177971684,81.16739928198939,81.51036071777344,7085800,TSM,81.61753707499194,82.25822810461071,82.25822810461071,81.16739928198939,81.21152226552378,85.33208745147208,0.20264112742432872,0.6923455412016504,-0.48970441377732166
2022-08-25,82.24391677556832,83.44427448621315,81.93906298533172,83.42522430419922,6602100,TSM,82.7631196378281,81.93788258980132,83.44427448621315,81.93788258980132,81.21735208029655,85.17242829461917,0.1962544457624773,0.5931273221138158,-0.3968728763513385
2022-08-26,83.35855607267499,83.63483101642485,80.64345027139429,80.72918701171875,9381500,TSM,82.09150609305321,82.35050111381472,83.63483101642485,80.64345027139429,81.18264626648363,85.0038258752884,-0.026054384521017937,0.46929098078684905,-0.495345365307867
2022-08-29,79.93845339284636,80.32904387457728,78.86193285040731,78.92861938476562,9639700,TSM,79.51451237564915,82.22100360343396,82.22100360343396,78.86193285040731,81.15501884364757,84.8188592686361,-0.3435660778103795,0.30671956906740333,-0.6502856468777829
2022-08-30,79.81462330895313,80.00516150729082,77.86165583694314,78.8714828491211,8392300,TSM,79.13823087557705,80.86775798954156,80.86775798954156,77.86165583694314,81.12038948238325,84.65436667439864,-0.5929714178143257,0.12678137169105752,-0.7197527895053832
2022-08-31,80.12899881494012,80.8530293681615,79.12869334972258,79.40496826171875,8887100,TSM,79.87892244863573,80.0029944325593,80.8530293681615,79.12869334972258,81.0665158265967,84.50116649621273,-0.7390597120510449,-0.04638684505736296,-0.6926728669936819
2022-09-01,77.59489234644248,77.95691124242471,76.32784801536911,77.7759017944336,11566000,TSM,77.41388834966747,79.94095844059751,79.94095844059751,76.32784801536911,80.9939226741036,84.32826760875473,-0.9750480401162349,-0.23211908406913737,-0.7429289560470975
2022-09-02,77.69016684027285,79.05248392345231,76.79465557393034,77.07093048095703,8850100,TSM,77.65205920465314,78.6774233951325,79.05248392345231,76.79465557393034,80.9501000464491,84.17824394338648,-1.2050645496171057,-0.42670817717873105,-0.7783563724383746
2022-09-06,77.19476491028189,77.19476491028189,75.75623274100685,76.24209594726562,12704400,TSM,76.59696462720906,78.16474129989282,78.16474129989282,75.75623274100685,80.8588344235356,84.00831089232491,-1.4376618398097776,-0.6288989097049403,-0.8087629301048372
2022-09-07,74.67973204713492,76.38501065124932,74.52730876680859,76.1658935546875,9843500,TSM,75.43948625497008,77.38085296355095,77.38085296355095,74.52730876680859,80.72255507168167,83.8078732422087,-1.6095913966072999,-0.8250374070854123,-0.7845539895218876
2022-09-08,75.27038271377354,76.91849607897173,75.04173691152792,76.4421615600586,8181700,TSM,75.91819431608295,76.41016960926052,76.91849607897173,75.04173691152792,80.61356952704003,83.60708161650572,-1.703912645560294,-1.0008124547803887,-0.7031001907799053
2022-09-09,77.00422389330839,77.79494077296378,76.91847991840909,77.67108917236328,7084700,TSM,77.34718343926114,76.16418196267173,77.79494077296378,76.16418196267173,80.5599339468537,83.44702012773003,-1.6603591405326625,-1.1327217919308434,-0.5276373486018191
2022-09-12,78.0902914179653,78.59520490473008,77.89023176858429,78.26177215576172,7903000,TSM,78.20937506176034,76.75568270096645,78.59520490473008,76.75568270096645,80.57341430139368,83.29316370558307,-1.560194542299385,-1.2182163420045518,-0.3419782002948333
2022-09-13,76.61365485675542,77.29957783953773,74.80358193403299,75.0798568725586,12835100,TSM,75.94916787572119,77.4825288813634,77.4825288813634,74.80358193403299,80.6089011410263,83.1066126886543,-1.7177660102376677,-1.3181262756511751,-0.3996397345864926
2022-09-14,75.96582591792233,76.36595243179197,75.24180269304703,75.88961791992188,8849600,TSM,75.8657997406708,76.71584837854229,76.71584837854229,75.24180269304703,80.69459380421061,82.92832547818185,-1.7570474356391088,-1.405910507648762,-0.3511369279903469
2022-09-15,75.28411461215153,75.92601099501566,74.41227930546609,74.70928192138672,10533100,TSM,75.082921708505,76.29082405960654,76.29082405960654,74.41227930546609,80.76758220775139,82.76497760494517,-1.8619580060146603,-1.4971200073219417,-0.3648379986927186
2022-09-16,73.87578636635763,74.72845663293042,73.69375317145021,74.6230697631836,10604500,TSM,74.23026648348046,75.68687288405576,75.68687288405576,73.69375317145021,80.73482386396158,82.60220078126771,-1.9298113258406033,-1.5836582710256741,-0.3461530548149292
2022-09-19,73.33927808059595,74.94881439208984,73.33927808059595,74.94881439208984,10378600,TSM,74.14404623634289,74.9585696837681,74.9585696837681,73.33927808059595,80.67747712197286,82.45400900838459,-1.9349952803688097,-1.6539256728943013,-0.2810696074745085
2022-09-20,74.28773889495115,75.14999163637665,74.25899835513607,74.87215423583984,8202800,TSM,74.64222078057594,74.5513079600555,75.14999163637665,74.25899835513607,80.65572058120354,82.33565184492598,-1.9231208950376981,-1.7077647173229806,-0.2153561777147175
2022-09-21,74.32606555632809,75.98350011191435,73.9045181274414,73.9045181274414,10869000,TSM,74.52965048078131,74.59676437031573,75.98350011191435,73.9045181274414,80.61885155114213,82.19164784469324,-1.9690920388808593,-1.7600301816345565,-0.20906185724630277
2022-09-22,73.24346174754379,73.53088179885452,72.19918302594614,72.45785522460938,10817900,TSM,72.85784544923845,74.56320742554851,74.56320742554851,72.19918302594614,80.54606961157157,82.03303430697872,-2.0980728299938107,-1.8276387113064074,-0.2704341186874033
2022-09-23,71.183639923232,71.26986154702323,70.02438449003081,70.77167510986328,12685500,TSM,70.81239026753732,73.71052643739348,73.71052643739348,70.02438449003081,80.3848404126494,81.86036317251894,-2.3097265891076972,-1.9240562868666655,-0.3856703022410317
2022-09-26,70.38845163648882,71.07825387222627,69.86151734269073,69.94774627685547,13441500,TSM,70.31899228206532,72.26145835246541,72.26145835246541,69.86151734269073,80.16587156394702,81.67991490715362,-2.5149570299171273,-2.042236435476758,-0.4727205944403692
2022-09-27,70.42676659722217,70.9345355979247,69.3154170558101,69.9668960571289,12430600,TSM,70.16090382702147,71.29022531726537,71.29022531726537,69.3154170558101,79.95388665440998,81.48622933432415,-2.645562013550361,-2.162901551091479,-0.48266046245888194
2022-09-28,68.12742990813435,69.25793739501991,67.73462305238009,69.10464477539062,12943600,TSM,68.55615878273125,70.72556457214341,70.72556457214341,67.73462305238009,79.69508848282298,81.2909484474749,-2.786522578603382,-2.28762575659386,-0.498896822009522
2022-09-29,67.56218774602843,67.71548040022694,65.60775757076985,66.37419891357422,16120300,TSM,66.81490615764986,69.64086167743733,69.64086167743733,65.60775757076985,79.39470108727082,81.09154609271798,-3.083019869788643,-2.446704579232817,-0.6363152905558263
2022-09-30,64.9658444392435,66.72867316376819,64.89878073995911,65.68438720703125,10472400,TSM,65.56942138750051,68.2278839175436,68.2278839175436,64.89878073995911,79.04525400572881,80.90750327275147,-3.3352119022102755,-2.6244060438283086,-0.710805858381967
2022-10-03,65.22452634988043,66.65202932157352,64.81256152201522,66.34545135498047,11945100,TSM,65.75864213711242,66.89865265252206,66.89865265252206,64.81256152201522,78.70630756758037,80.71876632826107,-3.4420556776078115,-2.787935970584209,-0.6541197070236024
2022-10-04,67.83045197352635,69.87111115677654,67.75380564407376,69.75614166259766,14900700,TSM,68.80287760924358,66.32864739481724,69.87111115677654,66.32864739481724,78.43934433395857,80.56556550495162,-3.2144616232220784,-2.873241101111783,-0.3412205221102953
2022-10-05,69.86152781840562,71.76806686956358,69.53579188568288,71.3561019897461,14037100,TSM,70.63037214084954,67.56576250203041,71.76806686956358,67.56576250203041,78.24084559432586,80.44855075206573,-2.871882989008057,-2.8729694786910382,0.0010864896829811954
2022-10-06,70.8674854250904,71.77763675363451,70.7620985584932,71.2315444946289,11796800,TSM,71.15969130796175,69.09806732143997,71.77763675363451,69.09806732143997,78.0152073900979,80.30877787566904,-2.5806891243311156,-2.814513407819054,0.23382428348793827
2022-10-07,68.79808115599323,69.00885489712867,66.8244857788086,66.8244857788086,14758600,TSM,67.86397690268477,70.12887931470087,70.12887931470087,66.8244857788086,77.70145758432305,80.13178336602523,-2.674696459828212,-2.7865500182208858,0.11185355839267386
2022-10-10,66.92027193379897,66.94901247083666,64.19939388978517,64.61135864257812,16042200,TSM,65.67000923424973,68.99642810869281,68.99642810869281,64.19939388978517,77.331967891779,79.9060060914931,-2.8944138137793374,-2.808122777332576,-0.08629103644676128
2022-10-11,61.50726215356952,62.18748911862422,59.99353385428996,60.78872299194336,28699300,TSM,61.11925202960676,67.33321867147127,67.33321867147127,59.99353385428996,76.92147821051127,79.64959992189183,-3.338511863064852,-2.9142005944790315,-0.4243112685858206
2022-10-12,60.93242464271714,61.536005239690525,60.7120719680095,61.42103576660156,16468700,TSM,61.15038440425468,64.22623535053901,64.22623535053901,60.7120719680095,76.51423102274403,79.4041426765042,-3.5979653058307406,-3.0509535367493736,-0.547011769081367
2022-10-13,60.415075656476255,67.25559838805812,59.70611186933897,63.82575988769531,36639300,TSM,62.80063645039216,62.68830987739685,67.25559838805812,59.70611186933897,76.13260575423253,79.1657585291517,-3.5684084971317986,-3.154444528825859,-0.41396396830593973
2022-10-14,64.43892045101775,64.62094632357915,61.10487863768981,61.23900604248047,19440900,TSM,62.8509378636918,62.744473163894504,64.62094632357915,61.10487863768981,75.72026244137952,78.92932262280218,-3.710936563471634,-3.2657429357550143,-0.44519362771661974
2022-10-17,62.2545562751699,62.60903273953637,61.35398022309005,62.16832733154297,11280100,TSM,62.09647414233482,62.79770551379315,62.79770551379315,61.35398022309005,75.26267785912091,78.70552764081191,-3.706180084542325,-3.3538303655124766,-0.35234971902984835
2022-10-18,63.135954526072986,63.33714560863428,60.14681420788847,61.03780746459961,16656100,TSM,61.914430451798836,62.44708982806398,63.33714560863428,60.14681420788847,74.81983901119571,78.47247300817774,-3.7504017490172146,-3.433144642213424,-0.3172571068037904
2022-10-19,60.10849565654582,61.421032676686366,59.56239982358942,60.989906311035156,12385200,TSM,60.52045861696419,62.18076013993141,62.18076013993141,59.56239982358942,74.3929435696907,78.22282513807028,-3.7461299058101787,-3.495741694932775,-0.2503882108774036
2022-10-20,61.07613698734682,62.541963105539914,60.72165690187285,60.91326904296875,11300900,TSM,61.31325650943208,61.3506093784478,62.541963105539914,60.72165690187285,73.94984697687597,77.95286442854118,-3.7062055952708164,-3.5378344750003836,-0.16837112027043277
2022-10-21,59.41869555718731,61.10487426851383,59.41869555718731,61.076133728027344,13699000,TSM,60.25459977772895,61.33193294393994,61.33193294393994,59.41869555718731,73.44113489758159,77.65123124401971,-3.619697848943055,-3.554207149788918,-0.06549069915413686
2022-10-24,58.039091209868914,59.03546765042118,57.17683850153819,58.71931076049805,25010800,TSM,58.24267703058158,60.793266360834444,60.793266360834444,57.17683850153819,72.88389610760697,77.33208503059633,-3.6986796764499204,-3.583101655121119,-0.11557802132880157
2022-10-25,57.44509595029733,58.78637719133562,57.01396957605663,58.57560348510742,21700600,TSM,57.95526155069925,59.51797169570801,59.51797169570801,57.01396957605663,72.31142997576544,77.01058594661325,-3.729873658129492,-3.612456055722794,-0.11741760240669796
2022-10-26,58.3073466972371,59.380369460415196,57.89538191540406,58.288185119628906,14006000,TSM,58.46782079817132,58.73661662320363,59.380369460415196,57.89538191540406,71.76117093515545,76.70537128739177,-3.7347356654308044,-3.636911977664396,-0.09782368776640826
2022-10-27,59.255826722656174,59.83066314200215,58.35525441678768,58.393577575683594,12937600,TSM,58.9588304642824,58.602218710687474,59.83066314200215,58.35525441678768,71.24245336164132,76.40291069294749,-3.687576464794354,-3.647044875090388,-0.0405315897039662
2022-10-28,58.22112616676888,59.42827641681516,57.550485514655385,59.409114837646484,11972300,TSM,58.65225073397148,58.78052458748493,59.42827641681516,57.550485514655385,70.71941394347681,76.10776145191927,-3.527593190238342,-3.623154538119979,0.09556134788163684
2022-10-31,59.00673746811422,59.65821659437395,58.50854733305102,58.968414306640625,10802800,TSM,59.03547892554495,58.7163876607282,59.65821659437395,58.50854733305102,70.22671304960042,75.80838932202542,-3.397205274581097,-3.5779646854122027,0.1807594108311057
2022-11-01,60.60668669958276,60.76955829671061,58.997154235839844,58.997154235839844,11561900,TSM,59.84263836699326,58.875933293136576,60.76955829671061,58.875933293136576,69.79631200084488,75.53459705185915,-3.254042266257322,-3.5131802015812266,0.2591379353239045
2022-11-02,59.87856568140282,60.252207346503155,57.98161315917969,57.98161315917969,16547200,TSM,59.02349983656634,59.35928583006492,60.252207346503155,57.98161315917969,69.34400257008556,75.27531026748653,-3.185806237175889,-3.4477054087001595,0.26189917152427045
2022-11-03,57.483423659223746,58.33609385875061,56.937331426836934,57.751678466796875,11040900,TSM,57.62713185290204,59.19139283331563,59.19139283331563,56.937331426836934,68.86419446564376,75.03785836558377,-3.1143818452688237,-3.3810406960138923,0.2666588507450687
2022-11-04,58.93008523124577,59.878563281694696,58.460639341747864,59.85940170288086,14662800,TSM,59.2821723893923,58.409262343108836,59.878563281694696,58.409262343108836,68.39457552067503,74.8059638004858,-2.8547935667335835,-3.2757912701578307,0.42099770342424714
2022-11-07,59.99353144175901,60.29053044292081,59.37079655213908,60.12765884399414,8507100,TSM,59.94562932020327,58.84571736625057,60.29053044292081,58.84571736625057,67.95165798521805,74.56715212585084,-2.597479746746977,-3.14012896547566,0.5426492187286831
2022-11-08,61.67012696928082,62.992242896020684,61.52641696847568,62.2928581237793,14102800,TSM,62.12041123938912,59.39567334322692,62.992242896020684,59.39567334322692,67.60377596249285,74.3793974030702,-2.193557241569515,-2.9508146206944312,0.7572573791249164
2022-11-09,63.73953446270361,63.8065981639285,62.22580256717584,62.27370834350586,15086800,TSM,63.01141088432845,60.758042291308016,63.8065981639285,60.758042291308016,67.28123956266786,74.20081452252556,-1.8536235548389612,-2.7313764075233373,0.8777528526843761
2022-11-10,64.89878370781135,67.89750700719142,64.49640149370389,67.86875915527344,21367900,TSM,66.29036284099503,61.884726587818236,67.89750700719142,61.884726587818236,67.00946837051507,74.03799209855589,-1.1198409884579092,-2.4090693237102516,1.2892283352523424
2022-11-11,69.68905917515153,71.47104565311884,69.34415809493886,70.73334503173828,15524700,TSM,70.30940198873688,64.08754471440663,71.47104565311884,64.08754471440663,66.86737864329645,73.93065065870002,-0.30366442364413615,-1.9879883436970287,1.6843239200528926
2022-11-14,70.16809929268426,70.58964675169763,69.21004220175969,69.7465591430664,11575300,TSM,69.928586847302,67.19847335157175,70.58964675169763,67.19847335157175,66.71290919614943,73.83150462129926,0.26053275053122604,-1.5382841248513779,1.798816875382604
2022-11-15,78.48402847013344,79.45166809643482,76.65414338273044,77.08526611328125,48742400,TSM,77.91877651564499,68.56353009943687,79.45166809643482,68.56353009943687,66.73934543391813,73.79908992872687,1.2850224572608937,-0.9736228084289237,2.2586452656898173
2022-11-16,77.18106618342628,77.19064879963501,75.59069543432089,76.11762237548828,24006600,TSM,76.52000819821761,73.24115330754094,77.19064879963501,73.24115330754094,66.76095587278309,73.74175547223238,1.9958502488945555,-0.3797281969642279,2.3755784458587836
2022-11-17,75.97393511522324,79.46126256548962,75.38951966746029,78.0625,24278400,TSM,77.2218043370433,74.88058075287927,79.46126256548962,74.88058075287927,66.7870280732023,73.70029880012116,2.685168810689447,0.23325120456650714,2.45191760612294
2022-11-18,79.30796234405425,79.36544342871063,77.60262194489196,78.81935119628906,18578400,TSM,78.77384472848648,76.05119254496128,79.36544342871063,76.05119254496128,66.81556129898681,73.68774762292026,3.2550085905952386,0.8376026817722534,2.4174059088229853
2022-11-21,77.42059466564704,77.63136840464702,76.13680161449567,76.57750701904297,18659700,TSM,76.94156792595817,77.41251863672389,77.63136840464702,76.13680161449567,66.79020515627076,73.6818097288322,3.4855335710762034,1.3671888596330435,2.11834471144316
2022-11-22,77.93792812714786,79.70075664154,77.82296597601834,79.07801818847656,16504700,TSM,78.63491723329568,77.17704328134103,79.70075664154,77.17704328134103,66.84392014342225,73.72641064222427,3.8258941069511394,1.858929909096663,1.9669641978544765
2022-11-23,78.98221695013885,79.47082072972904,78.30199739575352,78.53192901611328,14683800,TSM,78.82174102293368,77.90598025731836,79.47082072972904,77.90598025731836,66.90303896906751,73.79881638663906,4.005395742596804,2.288223075796691,1.7171726668001126
2022-11-25,78.69480766297987,78.9151640066641,77.98584747314453,77.98584747314453,5908300,TSM,78.39541665398326,78.36386064012602,78.9151640066641,77.98584747314453,66.96928886797707,73.86843553786423,4.056823331283539,2.6419431268940605,1.4148802043894784
2022-11-28,76.90323331127253,77.6792644631386,75.58111726310044,75.89727783203125,13214200,TSM,76.51522321738571,78.37963864705463,78.37963864705463,75.58111726310044,67.01498800265517,73.87490593330838,3.8842744526868103,2.890409392052611,0.9938650606341994
2022-11-29,76.55832978115039,76.84574246323757,75.6481713477226,76.00265502929688,11502300,TSM,76.26372465535187,77.44743093222017,77.44743093222017,75.6481713477226,67.05738157103536,73.86742934650411,3.7132275070987504,3.054973015061839,0.6582544920369116
2022-11-30,77.24812555218698,79.93068780763248,77.09484024840403,79.49956512451172,21667300,TSM,78.4433046831838,76.85557779378601,79.93068780763248,76.85557779378601,67.13340324908751,73.89456191514552,3.8158561754773928,3.20714964714495,0.6087065283324429
2022-12-01,79.55705933030369,80.1223094885494,77.73674945005956,79.212158203125,15975100,TSM,79.15706911800942,77.64944123848491,80.1223094885494,77.64944123848491,67.22595162183208,73.9224015864871,3.829850663521242,3.3316898504202084,0.49816081310103355
2022-12-02,78.37865278596185,78.71397863462441,77.74633887040135,78.08165740966797,10519800,TSM,78.2301569251639,78.40325517824716,78.71397863462441,77.74633887040135,67.33339785135058,73.93973373146108,3.706987584721176,3.406749397280402,0.30023818744077424
2022-12-05,78.50319508253827,78.73312672224459,77.55471336363404,78.19661712646484,11523300,TSM,78.24691307372044,78.31670605170552,78.73312672224459,77.55471336363404,67.48208830747424,73.93346436006182,3.5776530407365783,3.4409301259716374,0.13672291476494092
2022-12-06,77.98583575863586,78.02415891305888,75.83979027670686,76.22300720214844,13992100,TSM,77.01819803763752,78.28180956271298,78.28180956271298,75.83979027670686,67.61607242258569,73.89097199326636,3.2781126144130184,3.408366623659914,-0.13025400924689556
2022-12-07,75.68651121277432,76.36673087945786,75.29370429164116,75.91644287109375,14925300,TSM,75.81584731374177,77.65000380017526,77.65000380017526,75.29370429164116,67.7291712923201,73.84152897336504,2.981617261233083,3.323016751174548,-0.34139948994146474
2022-12-08,76.11763540952876,77.57388632804648,75.78231687875027,77.41101837158203,11197500,TSM,76.72121424697688,76.73292555695852,77.57388632804648,75.78231687875027,67.892472401605,73.793780442214,2.834567183866284,3.2253268377128954,-0.3907596538466116
2022-12-09,77.45892653210716,78.74272703691355,77.3056411743164,77.3056411743164,13787900,TSM,77.70323397941338,76.7270699019677,78.74272703691355,76.7270699019677,68.11023895804028,73.75247002265556,2.6786480911746224,3.115991088405241,-0.43734299723061865
2022-12-12,76.44337027783908,77.05652618408203,75.49489587746247,77.05652618408203,11516600,TSM,76.5128296308664,77.21515194069053,77.21515194069053,75.49489587746247,68.3291071229076,73.6871805643182,2.5060909328228576,2.9940110572887644,-0.4879201244659068
2022-12-13,78.64691114395434,78.64691114395434,76.2900913359185,77.13318634033203,16938000,TSM,77.6792749910398,76.86399078577847,78.64691114395434,76.2900913359185,68.56751977998614,73.63691367378325,2.3484524772586894,2.8648993412827495,-0.51644686402406
2022-12-14,77.43017541920445,78.09123716480585,76.18469825113716,76.66372680664062,17910000,TSM,77.09245941044702,77.27163288840913,78.09123716480585,76.18469825113716,68.73331141601022,73.5863278749844,2.16073381021441,2.7240662350690816,-0.5633324248546718
2022-12-15,76.31782322757405,76.31782322757405,74.5642767487298,74.7762451171875,17080200,TSM,75.49404208026635,77.18204614942807,77.18204614942807,74.5642767487298,68.83058481479856,73.53571520456221,1.83846869345453,2.5469467267461714,-0.7084780332916414
2022-12-16,74.77625763225673,75.20982402152177,73.4466476677952,73.51409149169922,11929100,TSM,74.23670520331824,76.33804411484721,76.33804411484721,73.4466476677952,68.89212509270568,73.45366624140179,1.4643459487352573,2.3304265711439887,-0.8660806224087314
2022-12-19,74.11145531484236,74.3041572216434,72.99381365870086,73.32139587402344,12561300,TSM,73.68270551730251,75.28737465908273,75.28737465908273,72.99381365870086,69.00849966499804,73.35497862466055,1.1391704048957791,2.092175337894347,-0.9530049329985677
2022-12-20,72.3675366216184,73.4177343217747,72.1652051569321,72.85891723632812,12080600,TSM,72.70234833416333,74.48504008819262,74.48504008819262,72.1652051569321,69.14914644699631,73.24055716938767,0.8345283592236683,1.8406459421602113,-1.006117582936543
2022-12-21,73.09014746132961,74.59318530313755,73.00342978155042,74.32341003417969,10806100,TSM,73.75254314504932,73.59369421117798,74.59318530313755,73.00342978155042,69.40181226930517,73.16164523990821,0.7031640354148863,1.6131495608111464,-0.9099855253962601
2022-12-22,73.49480591004337,73.63933046703212,71.3173226769993,72.53131866455078,13019700,TSM,72.7456944296564,73.67311867811364,73.67311867811364,71.3173226769993,69.63371846981319,73.07397474627861,0.44927114784029243,1.3803738782169757,-0.9311027303766832
2022-12-23,72.15556335449219,72.59876663067305,71.46185132192223,72.15556335449219,7452600,TSM,72.09293616539492,73.20940655388502,73.20940655388502,71.46185132192223,69.81956446411324,72.97608510917289,0.21525753713939366,1.1473506100014592,-0.9320930728620656
2022-12-27,71.61602120970993,72.01104722681593,71.45223011361294,71.60638427734375,8974800,TSM,71.67142070687063,72.65117135963996,72.65117135963996,71.45223011361294,69.99597412097683,72.85811828117818,-0.01434869434625341,0.9150107491319167,-0.9293594434781701
2022-12-28,71.48114060867725,71.82799669980723,70.18042659152667,70.39239501953125,10275700,TSM,70.9704897298856,72.1612960332553,72.1612960332553,70.18042659152667,70.17345443272785,72.71806614592438,-0.2909185464827715,0.6738248900089792,-0.9647434364917506
2022-12-29,71.63528853014806,73.26358462956131,71.44259398560864,73.22504425048828,11142500,TSM,72.39162784895157,71.56589288157045,73.26358462956131,71.44259398560864,70.3829983806709,72.6014186959333,-0.2783226965819523,0.4833953726907929,-0.7617180692727452
2022-12-30,71.57747758550813,71.84725287292373,70.96084625689382,71.77017211914062,7784100,TSM,71.53893720861657,71.97876036526101,71.97876036526101,70.96084625689382,70.60336795250394,72.49815576109731,-0.38134056031039165,0.310448186090556,-0.6917887464009477
2023-01-03,73.08051978248604,73.19614091988834,71.07646417246697,71.32697296142578,9276200,TSM,72.17002445906678,71.75884878693878,73.19614091988834,71.07646417246697,70.82050331149664,72.3851751441863,-0.4930617190001101,0.1497462050724228,-0.6428079240725328
2023-01-04,72.2519232442779,73.81277559040278,71.7509129947461,73.53336334228516,12316400,TSM,72.83724379292798,71.96443662300278,73.81277559040278,71.7509129947461,71.07215619180062,72.25664554469111,-0.39896525489645285,0.04000391307864769,-0.43896916797510055
2023-01-05,73.22504315146267,73.64897996407743,72.58913793254054,72.96490478515625,10039200,TSM,73.10701645830922,72.40084020796539,73.64897996407743,72.40084020796539,71.36944298035517,72.12666954398108,-0.3660434627355329,-0.041205562084188435,-0.32483790065134444
2023-01-06,73.70677716372786,75.86498661983357,73.36955808477768,75.21945190429688,13744100,TSM,74.540193443159,72.75392833313731,75.86498661983357,72.75392833313731,71.70114161820436,72.0062857969849,-0.15622868771805543,-0.06421018721096183,-0.09201850050709359
2023-01-09,77.61854213667375,78.2544473453418,77.13679843949812,77.37767028808594,22247600,TSM,77.59686455239991,73.64706088814816,78.2544473453418,73.64706088814816,72.08372249328895,71.92244671422219,0.18210206050636657,-0.014947737667496155,0.19704979817386273
2023-01-10,77.57037478237952,78.60130603492256,77.5221974707139,78.30261993408203,10269000,TSM,77.9991245555245,75.62196272027404,78.60130603492256,75.62196272027404,72.46452837511377,71.85349086837755,0.5188859283342424,0.09181899553285157,0.42706693280139085
2023-01-11,78.59165963572956,78.89997528110473,77.68597921145412,78.79399108886719,11771400,TSM,78.4929013042889,76.81054363789927,78.89997528110473,76.81054363789927,72.86134138652012,71.79037766499847,0.8160324020473837,0.236661676835758,0.5793707252116257
2023-01-12,81.85787980890319,85.58657829176056,81.33759578681904,83.82339477539062,36086800,TSM,83.15136216571835,77.65172247109409,85.58657829176056,77.65172247109409,73.3436590513236,71.785186050462,1.4407459458809342,0.4774785306447933,0.9632674152361409
2023-01-13,82.29145992878112,83.91974858806621,81.80007931108163,83.63070678710938,18719900,TSM,82.91049865375959,80.40154231840623,83.91974858806621,80.40154231840623,73.80501625705892,71.80066412895191,1.8984040002935672,0.7616636245745481,1.136740375719019
2023-01-17,83.07187377629977,86.45371615958966,83.01406689223782,85.74073028564453,21850000,TSM,84.57009677844295,81.65602048608291,86.45371615958966,81.65602048608291,74.31594819589645,71.82997538299101,2.4036547322630355,1.0900618461122455,1.31359288615079
2023-01-18,87.17633314346502,87.88931167909723,86.0972247334834,86.20320892333984,19209800,TSM,86.84151961984638,83.11305863226292,87.88931167909723,83.11305863226292,74.90023595123535,71.88221520843955,2.809007251402676,1.4338509271703317,1.3751563242323441
2023-01-19,85.77927371465938,86.7234945093163,85.037391723077,85.17227935791016,13651100,TSM,85.67810982624071,84.97728912605464,86.7234945093163,84.97728912605464,75.42815469997231,71.91136511032367,3.012340259738181,1.7495487936839018,1.2627914660542794
2023-01-20,86.71386979188843,87.70626068115234,85.94307689785242,87.70626068115234,14287200,TSM,87.01736701301138,85.32769947614767,87.70626068115234,85.32769947614767,75.96958945382848,71.96062371952326,3.3394590440803285,2.0675308437631874,1.271928200317141
2023-01-23,88.40960357830375,92.23464963275629,88.37106320120904,92.16720581054688,22875100,TSM,90.29563055570398,86.17253324457953,92.23464963275629,86.17253324457953,76.53309384015478,72.06843490132381,3.9135510473305146,2.4367348844766528,1.4768161628538619
2023-01-24,92.29245350659143,94.42175965341119,88.20726922879732,91.10736083984375,11370500,TSM,91.50721080716092,88.23408190014175,94.42175965341119,88.20726922879732,77.10300983861143,72.19212470063964,4.234193319480909,2.7962265714775043,1.4379667480034044
2023-01-25,89.29600412284792,89.6043197678009,87.79296627255519,89.0358657836914,14147300,TSM,88.93228898672385,89.87064635365132,89.87064635365132,87.79296627255519,77.55584836152599,72.28265836602053,4.271908390680835,3.0913629353181706,1.1805454553626644
2023-01-26,90.46182434847,90.83758381712197,89.25746519232271,90.03788757324219,15759400,TSM,90.14869023278922,89.40146767018759,90.83758381712197,89.25746519232271,77.95263412640705,72.41000638485176,4.332707881064522,3.339631924467441,0.9930759565970808
2023-01-27,89.43089442539582,90.68343090521363,88.87207000511864,89.89337158203125,13646600,TSM,89.71994172943984,89.77507895148841,90.68343090521363,88.87207000511864,78.3484612240498,72.5306852100996,4.3194388798603995,3.535593315546033,0.7838455643143667
2023-01-30,89.45979321694837,90.80867689025771,89.19965488356193,89.72956848144531,14079800,TSM,89.79942336805334,89.74751034046412,90.80867689025771,89.19965488356193,78.58607416109797,72.66270979750806,4.246751650039926,3.6778249824448115,0.5689266675951141
2023-01-31,87.67735601873476,89.373095951614,86.71386858995744,89.34419250488281,13342100,TSM,88.27712826629725,89.77346685425873,89.77346685425873,86.71386858995744,78.82121656245957,72.79108621762133,4.110664692363187,3.7643929244284866,0.3462717679347005
2023-02-01,89.60431127640481,92.27316763597383,89.19001147862073,91.28077697753906,16788500,TSM,90.58706684213462,89.02529756027799,92.27316763597383,89.02529756027799,79.08852181256138,72.93777494288184,4.111684045935306,3.8338511487298508,0.2778328972054549
2023-02-02,93.0728859197365,93.94002609229207,92.34063340170894,93.12106323242188,14925300,TSM,93.11865216153984,89.8061822012063,93.94002609229207,89.8061822012063,79.37541796122245,73.09548963010462,4.212429348457576,3.909566788675396,0.3028625597821799
2023-02-03,91.56984265558745,93.41009975263805,90.86649362477384,91.20372009277344,12242200,TSM,91.7625390314432,91.46241718137307,93.41009975263805,90.86649362477384,79.67183738333215,73.23102126980146,4.0904055105363,3.945734533047577,0.14467097748872293
2023-02-06,88.44814733503088,88.68901918795763,87.42684568006008,88.47705078125,12425200,TSM,88.26026574607465,91.61247810640813,91.61247810640813,87.42684568006008,79.86434435358773,73.354132248505,3.7306763988749054,3.902722906213043,-0.17204650733813764
2023-02-07,88.42886844861474,91.24224976683401,88.33252118308054,91.09773254394531,15258900,TSM,89.77534298561865,89.93637192624139,91.24224976683401,88.33252118308054,80.08341639284144,73.49322768095448,3.615379755151494,3.8452542760007336,-0.22987452084923943
2023-02-08,91.5505640242372,92.43697796571493,90.78941549260233,90.83758544921875,12899700,TSM,91.40363573294331,89.85585745593002,92.43697796571493,89.85585745593002,80.34358077442063,73.65643482119886,3.463094243194547,3.7688222694394966,-0.30572802624494955
2023-02-09,92.49479064418,94.97095297468388,92.12866807751064,93.15959930419922,16997400,TSM,93.18850275014344,90.62974659443667,94.97095297468388,90.62974659443667,80.6770463650758,73.84601718386548,3.4895486454125404,3.7129675446341057,-0.22341889922156533
2023-02-10,92.44661159094208,92.97653259268131,90.80868597782604,91.8877944946289,11511400,TSM,92.02990616401958,91.90912467229006,92.97653259268131,90.80868597782604,80.99236999524913,74.02487578314225,3.3690535780630455,3.644184751319894,-0.27513117325684844
2023-02-13,91.98413015346281,92.87053667101989,91.44457963857147,92.60076141357422,7803500,TSM,92.22500196915709,91.96951541815483,92.87053667101989,91.44457963857147,81.26800394096861,74.20070359502806,3.29312969173003,3.5739737394019215,-0.2808440476718914
2023-02-14,92.32134712122924,95.37559991042716,91.74325624690277,94.38320922851562,15345100,TSM,93.4558531267687,92.09725869365596,95.37559991042716,91.74325624690277,81.5539796211438,74.38996562148793,3.338306191188309,3.526840229759199,-0.18853403857089024
2023-02-15,88.95879277825861,90.25949928891212,87.45574744630692,89.37309265136719,30208300,TSM,89.01178304121122,92.77655591021232,92.77655591021232,87.45574744630692,81.76961214346474,74.55150499740766,2.9359900898382136,3.4086702017750024,-0.4726801119367887
2023-02-16,87.65807537154002,88.43849771075907,86.59823349010115,87.50391387939453,15568400,TSM,87.54968011294869,90.89416947571178,90.89416947571178,86.59823349010115,81.95566748424932,74.71887789586178,2.438218312499572,3.2145798239199164,-0.7763615114203444
2023-02-17,86.68495285056392,87.00290542117023,85.69256211578484,86.8102035522461,11235300,TSM,86.54765598494127,89.22192479433023,89.22192479433023,85.69256211578484,82.14625664319537,74.88116453289054,1.9651015000258383,2.964684159141101,-0.9995826591152626
2023-02-21,85.15300386445645,86.15503152604379,84.28587118594352,84.44002532958984,14007600,TSM,85.0084829765084,87.88479038963575,87.88479038963575,84.28587118594352,82.3301093564507,75.0296403243854,1.3829575693570177,2.6483388411842843,-1.2653812718272666
2023-02-22,84.54600580600162,84.87358794112778,83.49580823663614,83.65959930419922,10106400,TSM,84.14375032199119,86.44663668307209,86.44663668307209,83.49580823663614,82.478560077951,75.18551623977801,0.8488454898063367,2.288440170908695,-1.439594681102358
2023-02-23,87.00291536508014,88.63120407635077,86.19358212474621,86.79094696044922,15468300,TSM,87.1546621316566,85.29519350253165,88.63120407635077,85.29519350253165,82.66758864099587,75.38891379951806,0.6705022719696956,1.964852591120895,-1.2943503191511994
2023-02-24,84.87360180686329,84.93141604960805,84.05463898443026,84.89287567138672,8817600,TSM,84.68813312807208,86.22492781709411,86.22492781709411,84.05463898443026,82.83109471093998,75.58010091692378,0.3717205338309242,1.646226179662901,-1.2745056458319768
2023-02-27,85.46131832044112,85.60584288180237,84.05462778156233,84.11244201660156,10609400,TSM,84.80855775010184,85.4565304725831,85.60584288180237,84.05462778156233,82.97368036612123,75.77060007305369,0.07113933024838559,1.331208809779998,-1.2600694795316123
2023-02-28,83.95829007530575,84.93141439162734,83.72705516131734,83.8908462524414,7520400,TSM,84.12690147017295,85.13254411134247,85.13254411134247,83.72705516131734,83.11436920731575,75.92384031166299,-0.1828466233204864,1.028397723159901,-1.2112443464803875
2023-03-01,85.78891602221086,86.75240338901355,85.04702663331064,85.1915512084961,8176700,TSM,85.69497431325779,84.62972279075771,86.75240338901355,84.62972279075771,83.31838785197557,76.07448633338706,-0.2759948055672936,0.7675192174144622,-1.0435140229817557
2023-03-02,84.44003472498508,86.07796035645073,83.9390245138578,85.77928161621094,9761600,TSM,85.05907530287614,85.16234855200776,86.07796035645073,83.9390245138578,83.53483525396672,76.21348017333621,-0.2989444337142544,0.5542264871887189,-0.8531709209029733
2023-03-03,85.4324195620795,86.56933490252061,84.67126369128354,86.51152801513672,10844000,TSM,85.7961365427551,85.11071192744194,86.56933490252061,84.67126369128354,83.77710387447578,76.3928017697369,-0.25510531928586033,0.3923601258938031,-0.6474654451796634
2023-03-06,86.79094013541852,87.99529929354492,86.24175265334588,86.30919647216797,9960000,TSM,86.83429713861932,85.45342423509851,87.99529929354492,85.45342423509851,84.05974285056489,76.6044446487806,-0.23399165962254642,0.2670897687905332,-0.5010814284130796
2023-03-07,86.66569256636409,86.9451048069617,85.0759441659125,85.6058578491211,8761100,TSM,86.07314984708985,86.14386068685891,86.9451048069617,85.0759441659125,84.30615498460571,76.85398362695543,-0.27088983170064296,0.159493848692298,-0.43038368039294095
2023-03-08,85.12411300182919,87.52319464518561,84.92178152355342,87.51356506347656,8813000,TSM,86.27066355851119,86.10850526697439,87.52319464518561,84.92178152355342,84.5766543671828,77.105186418498,-0.14452982028389272,0.09868911489705985,-0.24321893518095256
2023-03-09,86.43445430675206,87.37867519895806,85.33607925202142,85.63475799560547,10354700,TSM,86.19599168833426,86.18958441274279,87.37867519895806,85.33607925202142,84.85871547764158,77.33913997087741,-0.19375909515467526,0.040199472886712835,-0.2339585680413881
2023-03-10,84.81578896506382,85.91416393943067,84.01609271242788,84.06427001953125,11928800,TSM,84.70257890911341,86.19278805053852,86.19278805053852,84.01609271242788,85.11933864168644,77.55765638133164,-0.35540205110604006,-0.038920831911837754,-0.3164812191942023
2023-03-13,83.2260260746266,85.7503653179229,83.15858226110615,84.53636932373047,11847600,TSM,84.16783574434652,85.44768347982597,85.7503653179229,83.15858226110615,85.38328556197567,77.77836999735175,-0.44033488348388516,-0.11920364222624726,-0.3211312412576379
2023-03-14,84.81578905405628,86.35736732225662,84.50747340041622,86.02978515625,11100100,TSM,85.42760373324478,84.80775961208624,86.35736732225662,84.50747340041622,85.64400507966153,78.01350173016621,-0.38272675259904076,-0.17190826430080597,-0.2108184882982348
2023-03-15,84.01609886659558,84.05463924493635,82.32036632455478,83.53435516357422,12171500,TSM,83.48136489991523,85.11768167266551,85.11768167266551,82.32036632455478,85.8828536334875,78.24311079299572,-0.5322962591266673,-0.24398586326597826,-0.2883103958606891
2023-03-16,83.24282167594426,86.65195603725758,83.11691895844736,86.48731231689453,13184600,TSM,84.87475224713593,84.29952328629037,86.65195603725758,83.11691895844736,86.13694818924887,78.47872575037276,-0.40785075760422274,-0.27675884213362717,-0.13109191547059557
2023-03-17,86.25486491967216,87.19431390414601,86.19675711084801,86.6519546508789,13287700,TSM,86.57447264638627,84.58713776671314,87.19431390414601,84.58713776671314,86.41169276631804,78.74192447905932,-0.2925689875168871,-0.27992087121027914,-0.012648116306607948
2023-03-20,86.40015075557346,87.5236177694938,85.86747854511792,87.20401000976562,8217500,TSM,86.7488142699877,85.58080520654971,87.5236177694938,85.58080520654971,86.68452872255162,79.02698585145339,-0.15487578873366203,-0.25491185471495575,0.10003606598129372
2023-03-21,88.13377050451331,90.07077644966745,87.9400728656344,89.5865249633789,12299700,TSM,88.93278619579851,86.1648097382687,90.07077644966745,86.1648097382687,86.97238057760441,79.33676109790439,0.14482663725348743,-0.17496415632126713,0.3197907935747546
2023-03-22,90.55503114567193,92.03683956398282,89.62526914573355,89.70275115966797,12812400,TSM,90.47997275376407,87.54879796703361,92.03683956398282,87.54879796703361,87.23004274163169,79.65688261746031,0.38725738965675305,-0.06251984712566311,0.44977723678241616
2023-03-23,91.51384606342951,92.80195682205921,90.4872352517263,91.6106948852539,11169700,TSM,91.60343325561723,89.01438536039885,92.80195682205921,89.01438536039885,87.50212891563355,79.98332864537366,0.724983462786895,0.09498081485684849,0.6300026479300465
2023-03-24,90.99084539701389,91.21360431741138,89.18942939411515,89.86738586425781,7653700,TSM,90.31531624319956,90.30890930800804,91.21360431741138,89.18942939411515,87.73857721441176,80.29995930046594,0.8422543564386018,0.24443552317319917,0.5978188332654026
2023-03-27,89.14102067060395,89.2766105050497,87.69795321023598,87.80448913574219,9349800,TSM,88.48001838040796,90.3121127756038,90.3121127756038,87.69795321023598,87.84515033870555,80.59440469501457,0.7599733590882636,0.34754309035621206,0.4124302687320515
2023-03-28,87.80449088941259,88.00787564514332,87.0877933054945,87.94976043701172,7521300,TSM,87.71248006926552,89.39606557800587,89.39606557800587,87.0877933054945,87.94118996701567,80.8731031120373,0.6984361189966677,0.4177216960843032,0.2807144229123645
2023-03-29,88.86983020770798,90.28384358739233,88.56958927725196,89.83833312988281,9264000,TSM,89.39039905055877,88.5542728236357,90.28384358739233,88.5542728236357,88.037596012458,81.17677210417723,0.7929191671425713,0.49276119029595683,0.30015797684661444
2023-03-30,90.4097521959575,90.57439593006931,89.13132855098142,89.5574722290039,10232800,TSM,89.91823722650304,88.97233593709723,90.57439593006931,88.97233593709723,88.0991303645911,81.49968315791322,0.835503373259229,0.5613096268886113,0.27419374637061766
2023-03-31,88.36620722498935,90.3225873248899,88.25967130919818,90.09014129638672,8701800,TSM,89.25965178886604,89.44528658180013,90.3225873248899,88.25967130919818,88.17076120384361,81.79945795190797,0.901837780882488,0.6294152576873867,0.2724225231951013
2023-04-03,90.08046839064053,90.65188162841368,88.82141150297286,89.91581726074219,6863600,TSM,89.86739469569231,89.35246918533309,90.65188162841368,88.82141150297286,88.22776175749725,82.09867560566286,0.929625638360605,0.6894573338220303,0.24016830453857463
2023-04-04,90.10952228847991,90.3419609454202,88.83109859167082,89.26692199707031,6338400,TSM,89.6373759556603,89.6099319405127,90.3419609454202,88.83109859167082,88.21459666549637,82.37384525282557,0.8890390026632531,0.7293736675902749,0.1596653350729782
2023-04-05,88.71486087081412,89.2765943053553,86.24518300089491,87.35895538330078,9171800,TSM,87.89889839009129,89.6236539480865,89.6236539480865,86.24518300089491,88.14243041715497,82.6227201278832,0.6949063929396857,0.722480212660157,-0.02757381972047135
2023-04-06,86.83598655715718,88.04661536334714,86.58417369652396,87.39771270751953,5874500,TSM,87.21612208113696,88.76127616908889,88.76127616908889,86.58417369652396,88.10810707904324,82.83197772028461,0.5379807856245264,0.685580327253031,-0.14759954162850453
2023-04-10,85.63503280015227,86.22582021654374,83.74645492092806,86.21613311767578,12232900,TSM,85.45586026382496,87.98869912511293,87.98869912511293,83.74645492092806,88.01425047966396,82.9834423030355,0.3146454760239834,0.6113933570072215,-0.2967478809832381
2023-04-11,85.84809893981542,87.01029949768458,85.68345521545062,86.42919921875,11079200,TSM,86.24276321792516,86.72227969446894,87.01029949768458,85.68345521545062,87.94470690943366,83.14658406674172,0.1530786919380347,0.5197304239933842,-0.3666517320553495
2023-04-12,86.1095969124313,86.68101008016265,84.1241629996516,84.13385009765625,11299100,TSM,85.26215502247545,86.48252145619705,86.68101008016265,84.1241629996516,87.8539615425221,83.22001785181004,-0.15835423051784403,0.38411349309113857,-0.5424677236089825
2023-04-13,83.83361760033152,84.86991551828888,83.26220437515396,84.30818939208984,7910500,TSM,84.06848172146604,85.87233823933624,85.87233823933624,83.26220437515396,87.76978861162549,83.29550258704252,-0.386642368720544,0.22996232072880207,-0.6166046894493461
2023-04-14,85.17983796098262,85.5866148465613,83.81425254017859,84.45346069335938,7656400,TSM,84.75854151027048,84.97040998040114,85.5866148465613,83.81425254017859,87.65321810498818,83.37086995877479,-0.5495058219835585,0.07406869218632997,-0.6235745141698884
2023-04-17,84.98613587935516,85.2766897268869,84.41472267205836,85.21857452392578,8163600,TSM,84.97403070055655,84.86447574533581,85.2766897268869,84.41472267205836,87.49032567576855,83.4328718184955,-0.609808497492196,-0.06270674574937524,-0.5471017517428207
2023-04-18,85.42196126982579,85.61566630243136,84.74401212843489,85.36385345458984,8468200,TSM,85.28637328882047,84.91925322294618,85.61566630243136,84.74401212843489,87.36080236091608,83.51631987212411,-0.6385155963990741,-0.17786851587931501,-0.46064708051975906
2023-04-19,83.5140105024044,84.62778295526114,83.32999258208261,84.48251342773438,11191300,TSM,83.98857486687064,85.10281325588332,85.10281325588332,83.32999258208261,87.27536854333201,83.56985644845987,-0.7240367091220037,-0.28710215452785276,-0.4369345545941509
2023-04-20,85.53818155710692,88.9860497473476,85.32510972259252,86.47763061523438,19206300,TSM,86.58174291057036,84.54569406137698,88.9860497473476,84.54569406137698,87.21149654183104,83.64745646733623,-0.6236346518921465,-0.35440865400071153,-0.269225997891435
2023-04-21,85.01519503402332,85.14110515730174,82.59393745210609,82.68110656738281,13175400,TSM,83.85783605270349,85.56371848597367,85.56371848597367,82.59393745210609,87.06058054822624,83.70208066132344,-0.8407217430433178,-0.4516712718092328,-0.38905047123408504
2023-04-24,82.71016259830098,83.25252194605703,81.34456974029705,81.9740982055664,10567600,TSM,82.32033812255537,84.71077726933858,84.71077726933858,81.34456974029705,86.84321725567446,83.76013181037513,-1.0576228747392094,-0.5728615923952282,-0.4847612823439812
2023-04-25,80.64724128669941,80.77315140529315,79.66905858014563,79.69811248779297,13423700,TSM,80.1968909399828,83.51555769594697,83.51555769594697,79.66905858014563,86.60655695119372,83.79946347322144,-1.3970670907365559,-0.7377026920634937,-0.6593643986730622
2023-04-26,79.64968332357911,79.785273150192,78.65212643245945,79.65937042236328,11583500,TSM,79.43661333214845,81.85622431796489,81.85622431796489,78.65212643245945,86.35078917845358,83.80939655971108,-1.65018295645838,-0.920198744942471,-0.7299842115159091
2023-04-27,80.28890101399999,81.21866301699217,79.57221085548153,81.0346450805664,10013700,TSM,80.52860499176003,80.64641882505667,81.21866301699217,79.57221085548153,86.09224421575338,83.82311191844859,-1.7199790841449385,-1.0801548127829645,-0.639824271361974
2023-04-28,81.81913674387903,81.8481906516431,81.0830723944595,81.64480590820312,8260700,TSM,81.5988014245462,80.58751190840835,81.8481906516431,80.58751190840835,85.94398458342008,83.85679836344241,-1.7063879605078824,-1.2054014423279482,-0.5009865181799342
2023-05-01,81.64480530590426,82.0225208822337,81.25740263069443,81.33488464355469,4931100,TSM,81.56490336559676,81.09315666647727,82.0225208822337,81.09315666647727,85.82428904847306,83.88997826636118,-1.701016691470656,-1.3045244921564898,-0.3964921993141661
2023-05-02,80.87000793563719,81.4026875902513,79.94993295667699,80.34701538085938,6875000,TSM,80.64241096585621,81.32903001603702,81.4026875902513,79.94993295667699,85.70618414809137,83.92622039564338,-1.7562280122807579,-1.3948651961813434,-0.36136281609941445
2023-05-03,80.0177173343604,81.12181011927629,79.8433865057373,80.0951919555664,7151600,TSM,80.26952647873509,80.98572049094662,81.12181011927629,79.8433865057373,85.61140501813588,83.97075718729329,-1.799559229038195,-1.4758040027527137,-0.32375522628548126
2023-05-04,80.38574901438803,81.12181336346539,80.0370873431983,80.86031341552734,7290600,TSM,80.60124078414476,80.62762348484085,81.12181336346539,80.0370873431983,85.54055482737897,84.00955745266498,-1.7519650604149462,-1.5310362142851603,-0.2209288461297858
2023-05-05,81.64481350386502,82.87480917788687,81.11213384832868,82.29370880126953,6863800,TSM,81.98136633283752,80.6144321344928,82.87480917788687,80.6144321344928,85.43708891140257,84.05233877619924,-1.5803658370137015,-1.5409021388308686,-0.03946369818283291
2023-05-08,81.8384973410838,82.84574127197266,81.75133562440723,82.84574127197266,6746600,TSM,82.32032887735909,81.29789923366516,82.84574127197266,81.29789923366516,85.38973282638831,84.11041376866415,-1.3838753556374002,-1.509496782192175,0.12562142655477482
2023-05-09,82.56488494826075,82.78764390078786,81.64481000711336,82.38086700439453,7287800,TSM,82.34455146513912,81.80911405551213,82.78764390078786,81.64481000711336,85.34045270068906,84.15706653340514,-1.251243149629289,-1.4578460556795978,0.20660290605030873
2023-05-10,81.84819838665321,82.46803977450267,81.51890349299381,82.22591400146484,7442300,TSM,82.01526391390362,82.07683276032563,82.46803977450267,81.51890349299381,85.29821994956366,84.2062945784397,-1.1454307702312292,-1.395362998589924,0.24993222835869489
2023-05-11,81.48982882153743,81.48982882153743,79.93053864930263,80.80219268798828,8730900,TSM,80.92809724509144,82.04604833711463,82.04604833711463,79.93053864930263,85.20288240820035,84.26063513008796,-1.1630492014618596,-1.3489002391643112,0.1858510377024516
2023-05-12,80.75376459008173,81.28644411069249,80.3373080709925,80.80219268798828,5068200,TSM,80.79492736493874,81.48707279110303,81.48707279110303,80.3373080709925,85.1175994494416,84.32621735170416,-1.1635986937199192,-1.3118399300754329,0.14824123635551367
2023-05-15,80.7053537880728,82.97164717775898,80.60850496946155,82.96196746826172,8707300,TSM,81.81186835088876,81.14100007802088,82.97164717775898,80.60850496946155,85.03791408560426,84.40750898004002,-0.9784790975616033,-1.245167763572667,0.26668866601106367
2023-05-16,82.99101541452305,84.01762611843525,82.89415921377679,83.1750259399414,11283200,TSM,83.26945667166912,81.47643421445483,84.01762611843525,81.47643421445483,84.96661727626525,84.51318006341508,-0.80529550057922,-1.1571933109739776,0.35189781039475765
2023-05-17,85.5188155504845,88.90857595911382,85.2863695166042,88.01754760742188,23215600,TSM,86.9328271584061,82.37294544306198,88.90857595911382,82.37294544306198,84.98381082249159,84.64498290354867,-0.2741351647902661,-0.9805816817372354,0.7064465169469692
2023-05-18,88.37588319607148,90.4581657574134,88.2015523911896,89.7317886352539,14879000,TSM,89.1918474949821,84.65288630073404,90.4581657574134,84.65288630073404,85.04223450122103,84.80944443420191,0.2818887149260405,-0.7280876024045803,1.0099763173306209
2023-05-19,89.22817831282072,89.86739383659656,88.67613190096498,89.66400909423828,9292700,TSM,89.35892828615513,86.92236689785807,89.86739383659656,86.92236689785807,85.10549323317744,84.9821043554095,0.7089006377574947,-0.4406899543721653,1.1495905921296599
2023-05-22,89.17006739326885,89.52841614919123,88.3274671564687,88.83109283447266,9259800,TSM,88.96426088335036,88.1406475920066,89.52841614919123,88.1406475920066,85.19072687266217,85.1550327571743,0.9689320364873595,-0.15876555620026037,1.1276975926876198
2023-05-23,88.13376705478385,88.46305450580728,87.48487186193816,87.5914077758789,7656700,TSM,87.91827529960204,88.55245423767849,88.55245423767849,87.48487186193816,85.26573566376729,85.32451061287148,1.0627261244193846,0.08553277992366864,0.9771933444957159
2023-05-24,86.46794218330822,87.31054240977932,86.37109336613813,87.29116821289062,9443900,TSM,86.86018654302907,88.23536476864027,88.23536476864027,86.37109336613813,85.29438731996296,85.46919619981223,1.100149947553163,0.28845621344956757,0.8116937341035955
2023-05-25,94.00290190990157,99.1456580337743,93.92542728306077,97.77037811279297,60793200,TSM,96.21109133488241,87.54777565583467,99.1456580337743,87.54777565583467,85.54898184866232,85.7159177410749,1.9528816534473066,0.6213413014491154,1.3315403519981912
2023-05-26,97.67352277468996,101.1504522696352,97.55730714763199,99.95919036865234,26135800,TSM,99.08511814015237,91.87943349535854,101.1504522696352,91.87943349535854,85.83318916652264,85.98506867788578,2.7733273391201294,1.0517385089833182,1.7215888301368112
2023-05-30,100.52092472793461,101.92525108697006,98.33210593405205,98.76793670654297,25248000,TSM,99.88655461387492,95.48227581775546,101.92525108697006,95.48227581775546,86.09943080587242,86.25556178609524,3.289493013377921,1.499289409862239,1.7902036035156823
2023-05-31,96.58881095144896,96.83093671024835,94.97140526695938,95.48471069335938,22206700,TSM,95.96896590550402,97.68441521581519,97.68441521581519,94.97140526695938,86.28383383858272,86.48418128056719,3.3944994521193337,1.878331418313658,1.5161680338056758
2023-06-01,95.5718728967118,97.42170971782369,95.49439088611778,95.7268295288086,14998500,TSM,96.05370075736546,96.82669056065961,97.42170971782369,95.49439088611778,86.42625212981407,86.69931635370924,3.4574000225979376,2.194145139170514,1.2632548834274235
2023-06-02,98.0609319605153,98.10936006773744,95.5137716471942,95.82369232177734,13079500,TSM,96.87693899930608,96.44019565901255,98.10936006773744,95.5137716471942,86.55419145472491,86.89211709817829,3.475007472724286,2.450317605881269,1.0246898668430173
2023-06-05,94.9229823204472,95.69778029696268,91.28140892464057,94.96172332763672,10568500,TSM,94.21597371742179,96.65856732915931,96.65856732915931,91.28140892464057,86.606442263961,87.05428558979727,3.3804401993850064,2.636342124582016,0.7440980748029902
2023-06-06,94.53556625814858,97.43138778662555,94.3515483473151,96.67595672607422,13827600,TSM,95.74861477954086,95.43727052329055,97.43138778662555,94.3515483473151,86.71510823468783,87.22684272454981,3.404573459186736,2.7899883915029604,0.6145850676837754
2023-06-07,98.18682925004252,99.77517354284291,96.40478731727774,97.13116455078125,14367500,TSM,97.8744886652361,95.59294265141571,99.77517354284291,95.59294265141571,86.9029976403844,87.37407398954498,3.4209956007836837,2.9161898333591054,0.5048057674245783
2023-06-08,95.87211584069487,97.52825518660799,95.52345414796663,96.79219818115234,9074200,TSM,96.42900583910546,96.7337156583259,97.52825518660799,95.52345414796663,87.0773281557812,87.50925906139844,3.3678361939073653,3.0065191054687577,0.36131708843860766
2023-06-09,99.46524706807563,101.38288610356919,99.0294237090998,99.56210327148438,14902400,TSM,99.85991503805724,96.58136074871568,101.38288610356919,96.58136074871568,87.28671847553116,87.66215724399457,3.508768276137232,3.106968939602453,0.4017993365347792
2023-06-12,101.05359050815208,104.00752735172682,101.02453660298427,103.68791961669922,20568100,TSM,102.44339351989059,98.22063789338645,104.00752735172682,98.22063789338645,87.53722160139893,87.81817598299502,3.908324137033759,3.267239979088714,0.6410841579450448
2023-06-13,106.53532559583212,107.20359500271516,103.37800387741011,103.43611907958984,17858600,TSM,105.1382608888868,100.33201570663851,107.20359500271516,100.33201570663851,87.85479378339934,88.01277749362147,4.156740519254129,3.445140087121797,0.7116004321323315
2023-06-14,102.69037002993332,104.30776823697536,101.90588497878781,104.02690887451172,12862600,TSM,103.23273303005206,102.73513829776266,104.30776823697536,101.90588497878781,88.12210055008653,88.17493115379187,4.351127007263813,3.6263374711502006,0.7247895361136121
2023-06-15,103.35388656289597,103.73319156410234,102.18681822392715,102.2938003540039,11987900,TSM,102.89192417623234,102.98393566390736,103.73319156410234,102.18681822392715,88.38719151449796,88.30089408999716,4.315584949142405,3.7641869667486416,0.5513979823937634
2023-06-16,102.53694033320409,102.8481590519735,101.48657437484253,101.7005386352539,11427300,TSM,102.1430530988185,102.93792992006985,102.93792992006985,101.48657437484253,88.67207460867252,88.40725251291374,4.191232430894658,3.849596059577845,0.3416363713168131
2023-06-20,101.32124843283522,102.00203711096262,100.2417068003474,101.12673950195312,9295500,TSM,101.1729329615246,102.54049150944417,102.54049150944417,100.2417068003474,88.95121082628027,88.52965895266173,4.000268761452688,3.8797305999528136,0.12053816149987417
2023-06-21,100.31951914773796,100.88360546800443,98.83150422223959,98.8509521484375,9340400,TSM,99.72139524660487,101.85671223548438,101.85671223548438,98.83150422223959,89.23652152593586,88.62538600279991,3.6235219522196758,3.8284888704061864,-0.20496691818651058
2023-06-22,98.63698814073985,100.59183492099677,98.54946134253936,100.30006408691406,8575900,TSM,99.5195871227975,100.78905374104463,100.78905374104463,98.54946134253936,89.50205800403332,88.72338245673349,3.4026549263774797,3.743322081600445,-0.3406671552229654
2023-06-23,98.73423562393653,99.38585611792921,98.23823562915824,99.11354064941406,8898900,TSM,98.8679670051095,100.15432043192106,100.15432043192106,98.23823562915824,89.77417424368598,88.81406789310405,3.0961828236364113,3.6138942300076384,-0.5177114063712271
2023-06-26,99.2205072743555,100.21252202308821,97.34346732512691,97.36292266845703,8560000,TSM,98.53485482275691,99.51114371851529,100.21252202308821,97.34346732512691,90.0635017057118,88.91664515866863,2.6811347808582298,3.427342340177757,-0.7462075593195272
2023-06-27,98.37438905096508,99.96938594238226,97.27539213258295,99.27886962890625,9732000,TSM,98.72450918870913,99.02299927063609,99.96938594238226,97.27539213258295,90.34282105928058,88.99801958213439,2.478239521613645,3.2375217764649347,-0.7592822548512896
2023-06-28,97.74222262138198,99.08435196228223,97.46990716844914,98.15069580078125,8160900,TSM,98.11179438822364,98.87375422967261,99.08435196228223,97.46990716844914,90.60557633303391,89.04795100440123,2.201037180969152,3.0302248573657784,-0.8291876763966264
2023-06-29,98.55917613291082,98.73423713964942,97.27539789017443,97.87838745117188,7383900,TSM,98.11179965347664,98.49277430894813,98.73423713964942,97.27539789017443,90.86208486032704,89.11144361062155,1.9370502117663762,2.811589928245898,-0.8745397164795219
2023-06-30,98.61752759155154,99.094079634184,97.65469583438482,98.15069580078125,11701700,TSM,98.3792497152254,98.30228698121238,99.094079634184,97.65469583438482,91.14989835729413,89.21263345031306,1.729870771342533,2.595246096865225,-0.8653753255226921
2023-07-03,99.44422152699278,100.83498208573671,99.26916049791868,100.31952667236328,5638400,TSM,99.96697269575286,98.34076834821889,100.83498208573671,98.34076834821889,91.41760295299778,89.31454974741442,1.7208492192125249,2.4203667213346853,-0.6995175021221605
2023-07-05,98.61752580851108,100.26114616829263,98.18959729304538,98.2187728881836,9010800,TSM,98.82176053950818,99.15387052198588,100.26114616829263,98.18959729304538,91.71688144273388,89.38873099548006,1.5265887358232675,2.241611124232402,-0.7150223884091345
2023-07-06,96.38063806659996,96.82801451416977,95.8943583514102,96.68213653564453,9140800,TSM,96.44628686695611,98.98781553074703,98.98781553074703,95.8943583514102,91.99940041762191,89.42130883664818,1.2344126510756013,2.040171429601042,-0.8057587785254405
2023-07-07,96.36119983396303,99.1427206781922,96.28339329089808,97.47964477539062,8034000,TSM,97.31673964461098,97.71705119885158,99.1427206781922,96.28339329089808,92.34179739171446,89.4741771714541,1.0550512744459155,1.8431473985700166,-0.7880961241241011
2023-07-10,97.49909656632883,97.98537634970204,96.6724224186025,97.03226470947266,8041600,TSM,97.2972900110265,97.51689542173128,97.98537634970204,96.6724224186025,92.699010925292,89.52490005187279,0.8668141647118688,1.6478807517983871,-0.7810665870865183
2023-07-11,99.52201501192445,99.52201501192445,97.39210734115531,98.48137664794922,7684600,TSM,98.72937850323837,97.40709271637888,99.52201501192445,97.39210734115531,93.06302639552159,89.57763530563749,0.8250553967393017,1.4833156807865702,-0.6582602840472684
2023-07-12,100.00829655388144,101.56439029147131,99.94021768473813,101.04893493652344,10202000,TSM,100.64045986665357,98.06823560980862,101.56439029147131,98.06823560980862,93.44385956436373,89.69392207389191,0.9877555371970459,1.3842036520686654,-0.39644811487161946
2023-07-13,102.11874472936174,102.75090987121816,99.706793969984,102.67310333251953,9265900,TSM,101.81238797577086,99.3543477382311,102.75090987121816,99.3543477382311,93.84880925656722,89.83654915252013,1.233533974704116,1.3540697165957556,-0.12053574189163951
2023-07-14,103.09129977628473,104.35563000570784,101.98258261757691,102.25489807128906,9511000,TSM,102.92110261771464,100.58336785700098,104.35563000570784,100.58336785700098,94.29438308960438,90.00028361884786,1.3786769578983495,1.3589911648562745,0.019685793042075073
2023-07-17,101.80752287246303,102.14791719378067,99.77486977652678,101.91450500488281,10722600,TSM,101.41120371191332,101.75223523735781,102.14791719378067,99.77486977652678,94.71721663426796,90.16431082620193,1.4495276892016165,1.377098469725343,0.07242921947627345
2023-07-18,100.84470975958557,100.88361303493994,99.21080929490766,100.31952667236328,10355400,TSM,100.31466469044912,101.58171947463556,101.58171947463556,99.21080929490766,95.11148511239404,90.32601996988649,1.3612839485778068,1.3739355654958358,-0.012651616918029074
2023-07-19,101.04893320588528,101.91451056447139,99.75542729427588,100.23197937011719,11204800,TSM,100.73771260868743,100.94819208254233,101.91451056447139,99.75542729427588,95.48661203791103,90.4618504746568,1.2696500769859256,1.3530784677938539,-0.0834283908079283
2023-07-20,95.84572806298544,97.6935849141733,94.38688902044406,95.1746597290039,22810200,TSM,95.77521543165167,100.84295234561489,100.84295234561489,94.38688902044406,95.7557097689969,90.57272129769261,0.7799553050574843,1.23845383524658,-0.4584985301890956
2023-07-21,95.19411541627969,95.30109754839557,93.68665273471528,94.58140563964844,15377100,TSM,94.69081783475974,98.30908388863328,98.30908388863328,93.68665273471528,96.0026350963893,90.67154389853918,0.34007781787086344,1.0587786317714367,-0.7187008139005733
2023-07-24,94.60085876746359,95.57341826198689,94.1243066927584,95.55397033691406,9054900,TSM,94.96313851478074,96.4999508616965,96.4999508616965,94.1243066927584,96.26159258840686,90.77990626898527,0.06915243688976602,0.8608533927951026,-0.7917009559053366
2023-07-25,96.78911104932457,98.12152013744371,96.39036554210209,97.5671615600586,9202200,TSM,97.21703957223224,95.73154468823861,98.12152013744371,95.73154468823861,96.58737143494966,90.895126921575,0.016697350652407295,0.6920221843665636,-0.6753248337141563
2023-07-26,96.7599356508448,97.3823730926845,95.86518275570516,96.68213653564453,8993500,TSM,96.67240700871974,96.47429213023543,97.3823730926845,95.86518275570516,96.90492102782528,91.01126023863344,-0.0951905091808527,0.5345796456570804,-0.6297701548379331
2023-07-27,98.71479138040438,98.96765893347286,96.19586578266168,96.62378692626953,8049800,TSM,97.62552575570211,96.57334956947759,98.96765893347286,96.19586578266168,97.22119417592155,91.12955413076291,-0.18642181539146918,0.3903793534473705,-0.5768011688388397
2023-07-28,97.36293418050336,98.21878388723783,97.04198775796283,98.09235382080078,6758700,TSM,97.6790149116262,97.09943766258985,98.21878388723783,97.04198775796283,97.5093853407207,91.23800130849298,-0.13862423390850154,0.2845786359761961,-0.42320286988469763
2023-07-31,96.45845874207185,97.04199300183426,95.71931138901778,96.42928314208984,8647900,TSM,96.41226156875344,97.38922628710802,97.38922628710802,95.71931138901778,97.69897402892764,91.34139242570961,-0.23226282980724022,0.18121034281950885,-0.4134731726267491
2023-08-01,96.41952853630092,96.46815946938086,95.39833830193083,95.69983673095703,6428500,TSM,95.9964657596424,96.90074392793073,96.90074392793073,95.39833830193083,97.83506639422083,91.43865044772093,-0.361168989535571,0.0727344763484929,-0.43390346588406387
2023-08-02,94.82455421454306,94.82455421454306,92.59739199950945,93.07394409179688,9820900,TSM,93.83011113009812,96.44860484378657,96.44860484378657,92.59739199950945,97.9244900510997,91.51499164213855,-0.6675208751869519,-0.07531659395859608,-0.5922042812283559
2023-08-03,92.23753784880984,93.18092173496305,91.98467772554156,92.37370300292969,8571700,TSM,92.44421007806103,95.13935798694234,95.13935798694234,91.98467772554156,97.99408903499392,91.59240795382804,-0.95579277131705,-0.25141182943028684,-0.7043809418867631
2023-08-04,92.66546705734423,94.90235685326188,92.51958164977742,93.52132415771484,7559000,TSM,93.4021824295246,93.79178403250168,94.90235685326188,92.51958164977742,98.10376717759236,91.68475142067982,-1.0792064693698222,-0.41697075741819395,-0.6622357119516282
2023-08-07,94.07568545899836,94.2799220674127,92.61684618171861,93.70610809326172,6601400,TSM,93.66964045034786,93.59698323101314,94.2799220674127,92.61684618171861,98.23995625573875,91.76717178785086,-1.1488588650727252,-0.5633483789491002,-0.585510486123625
2023-08-08,92.27643809544578,92.29589343969981,91.09964204942919,91.89714050292969,7659000,TSM,91.89227852187612,93.6333118406805,93.6333118406805,91.09964204942919,98.15357999947861,91.85128092407047,-1.3346425285693186,-0.7176072088731439,-0.6170353196961748
2023-08-09,93.20038732256376,93.21983524955249,91.13855831983996,91.40115356445312,6426900,TSM,92.23998361410233,92.7627951812783,93.21983524955249,91.13855831983996,98.01667730895763,91.92493323774012,-1.504555838041199,-0.874996934706755,-0.629558903334444
2023-08-10,92.83080430479248,93.3365394163468,91.69291143385585,92.19864654541016,7459600,TSM,92.51472542510132,92.50138939769032,93.3365394163468,91.69291143385585,97.86924072518214,91.98433576552729,-1.556915192131811,-1.0113805861917662,-0.5455346059400448
2023-08-11,90.93431090326675,90.93431090326675,89.44629609387424,89.46574401855469,10653100,TSM,90.19516547974061,92.50805741139581,92.50805741139581,89.44629609387424,97.75376471666688,92.01879927762481,-1.7982041732097116,-1.1687453035953554,-0.6294588696143562
2023-08-14,89.17398382892615,90.73007756061472,88.79468621370333,90.51611328125,7489700,TSM,89.80371522112355,91.35161144556821,91.35161144556821,88.79468621370333,97.62876500594204,92.02750856787804,-1.8829657508396735,-1.311589393044219,-0.5713763577954545
2023-08-15,89.98120733401554,90.16599602504957,88.97947217322378,89.16426086425781,6069500,TSM,89.57273409913667,90.57766333334588,90.57766333334588,88.97947217322378,97.48268090793864,92.01843618133178,-2.0357561739754573,-1.4564227492304669,-0.5793334247449904
2023-08-16,88.93084607672921,90.17572109182989,88.81413626154837,89.26151275634766,7439500,TSM,89.29555404661377,90.07519871624127,90.17572109182989,88.81413626154837,97.3842725145225,91.99535738924175,-2.124506284197466,-1.5900394562238667,-0.5344668279735991
2023-08-17,90.37022591049596,90.37022591049596,88.84330781001657,89.12535095214844,7712500,TSM,89.67727764578923,89.68537638142752,90.37022591049596,88.84330781001657,97.26284577184744,91.98897700326765,-2.180690858818096,-1.7081697367427127,-0.4725211220753833
2023-08-18,87.59843879604911,88.82386591259676,87.10243134553498,88.60017395019531,9063500,TSM,88.03122750109404,89.68132701360838,89.68132701360838,87.10243134553498,97.06598054856462,91.9844890944745,-2.2417533962542393,-1.8148864686450181,-0.4268669276092212
2023-08-21,88.01663329218604,90.3605052099839,88.01663329218604,90.02010345458984,8618300,TSM,89.10346881223646,88.85627725735121,90.3605052099839,88.01663329218604,96.91946980802724,91.99839898190422,-2.150776638666997,-1.882064502649414,-0.26871213601758304
2023-08-22,90.78842681932593,90.9245845541905,89.29068431577561,89.7088851928711,7060100,TSM,90.17814522054078,88.97987303479383,90.9245845541905,88.97987303479383,96.7258344116769,92.00627644360404,-2.079814805154072,-1.9216145631503458,-0.1582002420037263
2023-08-23,91.21635873880224,92.49040934212046,90.68144803204405,91.63455963134766,10362600,TSM,91.5056939360786,89.5790091276673,92.49040934212046,89.5790091276673,96.50708042000066,92.02215101069979,-1.8469012789033172,-1.9066719063009403,0.059770627397623066
2023-08-24,93.88117457894037,94.12431447266809,89.93258507921524,89.99093627929688,12254400,TSM,91.98225260253014,90.54235153187295,94.12431447266809,89.93258507921524,96.24396025427352,92.04937701883644,-1.7744871165752585,-1.880234948355804,0.10574783178054559
2023-08-25,89.71861399385043,90.84678657696419,88.90166757438749,90.5452880859375,10356000,TSM,90.0030890577849,91.26230206720155,91.26230206720155,88.90166757438749,95.9793673748282,92.05073396245734,-1.6533085020668494,-1.8348496590980132,0.1815411570311638
2023-08-28,91.24553225441598,91.56647867114441,90.69117363463056,91.42059326171875,5174800,TSM,91.23094445547743,90.63269556249323,91.56647867114441,90.63269556249323,95.7461477804131,92.06666964745553,-1.4697019552863395,-1.7618201183356785,0.292118163049339
2023-08-29,91.19689696151264,92.99613789187859,90.9440368452781,92.47095489501953,8910300,TSM,91.90200664842222,90.93182000898533,92.99613789187859,90.93182000898533,95.54132685140516,92.10670073003882,-1.225312399963812,-1.6545185746613054,0.42920617469749334
2023-08-30,92.830804697344,93.28790886624475,92.03330617501942,92.17919158935547,6073400,TSM,92.5828028319909,91.41691332870377,93.28790886624475,91.41691332870377,95.36952424881449,92.16036753754737,-1.0431499932545307,-1.5322448583799506,0.4890948651254199
2023-08-31,90.77871128207393,91.80962952391263,90.71063240554089,91.00240325927734,8661200,TSM,91.07534411770119,91.99985808034734,91.99985808034734,90.71063240554089,95.19660322623642,92.21656237608613,-0.9824172622691236,-1.4222793391577853,0.43986207688866164
2023-09-01,91.71236174357965,91.98467721021375,90.53555824556238,90.63282012939453,7089900,TSM,91.21635433218758,91.53760109902427,91.98467721021375,90.53555824556238,95.03053857042421,92.26629828722876,-0.9531214148806697,-1.3284477543023623,0.3753263394216926
2023-09-05,90.83705906682385,92.4417837308281,90.32160371742545,92.0041275024414,6396500,TSM,91.4011435043797,91.37697771560593,92.4417837308281,90.32160371742545,94.88120210040962,92.3276881720478,-0.8099150042349095,-1.224741204288872,0.4148262000539624
2023-09-06,91.27470616820176,91.38168830513733,89.07671965485274,89.72834014892578,7933700,TSM,90.36536356927941,91.38906060999281,91.38906060999281,89.07671965485274,94.71781227534008,92.39065699052593,-0.8700307391463582,-1.1537991112603692,0.28376837211401096
2023-09-07,87.59844267811481,87.81240697683997,86.0034455313066,87.57899475097656,14684400,TSM,87.24832248430948,90.87721208963612,90.87721208963612,86.0034455313066,94.48828854125207,92.41555480026635,-1.078672833980093,-1.1387738558043141,0.06010102182422106
2023-09-08,88.25977850243598,88.57099725930685,86.86901805953536,87.18023681640625,5820800,TSM,87.7200076594211,89.0627672869728,89.0627672869728,86.86901805953536,94.28045280667602,92.44301456985497,-1.2616560445536606,-1.1633502935541835,-0.09830575099947714
2023-09-11,87.62759896663734,87.90964207824834,86.71339819180224,87.14131927490234,7268600,TSM,87.34798962789756,88.39138747319694,88.39138747319694,86.71339819180224,94.06517660616444,92.46363073324575,-1.3937456453844987,-1.2094293639202467,-0.18431628146425205
2023-09-12,87.97772178094571,89.05726330054046,87.93881851482959,87.99717712402344,8242600,TSM,88.2427451800848,87.86968855054725,89.05726330054046,87.86968855054725,93.86244651546163,92.50617243637788,-1.4130779470128516,-1.2501590805387677,-0.16291886647408393
2023-09-13,88.1138912233882,89.36849389737516,87.99718882955518,88.71688079833984,5757800,TSM,88.54911368716459,88.05621686531603,89.36849389737516,87.99718882955518,93.63408933528986,92.52584614414383,-1.3547086258700745,-1.2710689896050291,-0.08363963626504534
2023-09-14,90.70240080056695,90.84904338194194,89.22621174288128,89.42173767089844,6506300,TSM,90.04984839907215,88.3026652762403,90.84904338194194,88.3026652762403,93.45865109248115,92.58776626760753,-1.2373115026524601,-1.2643174922145153,0.027005989562055133
2023-09-15,88.4832291068628,89.0991189532355,86.8701757470665,87.2514419555664,19924200,TSM,87.9259914406828,89.17625683765623,89.17625683765623,86.8701757470665,93.28824518395568,92.6438228007888,-1.3043622865095728,-1.2723264510735268,-0.032035835436045934
2023-09-18,86.55734384227245,87.6620373118178,86.44980645177542,86.84085083007812,6647400,TSM,86.87750960898595,88.5511241391695,88.5511241391695,86.44980645177542,93.07946058324318,92.71062898747881,-1.37478413245924,-1.2928179873506696,-0.08196614510857048
2023-09-19,86.46933882142302,86.85060496644496,85.82412206005885,86.19561004638672,7172100,TSM,86.3349189735784,87.71431687407772,87.71431687407772,85.82412206005885,92.86021316249422,92.77961204389312,-1.4657630870167395,-1.3274070072838837,-0.1383560797328558
2023-09-20,86.53777973979788,87.319868426079,85.3353271484375,85.3353271484375,6935300,TSM,86.13207561568797,87.02461792382806,87.319868426079,85.3353271484375,92.6082671047432,92.8356467501324,-1.5889655978367472,-1.3797187253944565,-0.20924687244229068
2023-09-21,84.11332821732142,84.21108745006755,83.43877683183575,83.44855499267578,10652500,TSM,83.80293687297512,86.57834676975801,86.57834676975801,83.43877683183575,92.27151664486965,92.8576881046167,-1.817895650387996,-1.4673541103931644,-0.3505415399948315
2023-09-22,84.3186157316976,84.82696816217285,83.5365270371428,83.72227478027344,7967200,TSM,84.10109642782167,85.19064182136657,85.19064182136657,83.5365270371428,91.91729081391065,92.88305003523894,-1.9547048463917065,-1.564824257592873,-0.38988058879883347
2023-09-25,83.47787331111334,84.308837890625,83.116155983268,84.308837890625,8758000,TSM,83.80292626890784,84.64586912459413,84.64586912459413,83.116155983268,91.53492728693453,92.91465518826945,-1.992824340481775,-1.6504242741706534,-0.3424000663111215
2023-09-26,83.04772846877405,83.32146474933788,82.13855347648804,82.40251159667969,8877600,TSM,82.72756457281992,84.22439769675098,84.22439769675098,82.13855347648804,91.16125450415265,92.93923556921031,-2.1520514052775326,-1.7507497003920294,-0.4013017048855032
2023-09-27,83.26279818248062,83.6440643697497,82.2167588427974,83.5267562866211,7860700,TSM,83.1625944204122,83.47598113478546,83.6440643697497,82.2167588427974,90.81821309875191,92.96484910557298,-2.1625938151902346,-1.8331185233516705,-0.32947529183856417
2023-09-28,83.34100875760159,85.17890749732445,83.0770581113339,84.47503662109375,6647700,TSM,84.01800274683842,83.31928777759883,85.17890749732445,83.0770581113339,90.48381890151495,92.98521546971298,-2.0705622998056157,-1.8806072786424597,-0.189955021163156
2023-09-29,85.7850203030564,86.05874908900299,84.75852989720666,84.95405578613281,7337000,TSM,85.38908876884972,83.66864526221863,86.05874908900299,83.66864526221863,90.27609636825889,93.01590306862789,-1.9366493295746068,-1.8918156888288893,-0.044833640745717496
2023-10-02,85.22780213707398,86.44003306405035,85.07138139369557,85.6872787475586,6305000,TSM,85.60662383559462,84.52886701553417,86.44003306405035,84.52886701553417,90.0944124882756,93.04852379233245,-1.7511709619057996,-1.8636867434442714,0.11251578153847186
2023-10-03,85.05182065698008,85.3646546415143,83.15526043030665,83.49742889404297,8201700,TSM,84.267291155711,85.0677454255644,85.3646546415143,83.15526043030665,89.88049554109419,93.07104406475054,-1.760585665443969,-1.843066527844211,0.082480862400242
2023-10-04,83.55609182709124,84.81720605916551,83.4681032972226,84.72921752929688,7658500,TSM,84.14265467819405,84.6675182906377,84.81720605916551,83.4681032972226,89.61900784321344,93.10318963908153,-1.6496358620938452,-1.8043803946941381,0.15474453260029297
2023-10-05,84.88562780016011,85.97077229723824,84.5923426814983,85.08114624023438,6651700,TSM,85.13247225478275,84.40508648441588,85.97077229723824,84.40508648441588,89.3882091481347,93.14656508798,-1.5158360237009418,-1.746671520495499,0.23083549679455717
2023-10-06,86.11740955703111,88.0041916393971,85.42330938125043,87.29054260253906,9773800,TSM,86.70886329505443,84.76877936959932,88.0041916393971,84.76877936959932,89.16987589892175,93.19553503742165,-1.2174844630246326,-1.6408341090013259,0.4233496459766932
2023-10-09,86.81152075457743,87.33942206939076,86.06853720778139,86.99726104736328,4781300,TSM,86.80418526977822,85.73882133232686,87.33942206939076,85.73882133232686,88.95237930608478,93.23088232340272,-0.9932544530726233,-1.5113181778155855,0.5180637247429623
2023-10-10,87.27098854036204,88.62986936473298,87.14390229369532,88.58098602294922,7182900,TSM,87.9064365554349,86.27150330105255,88.62986936473298,86.27150330105255,88.7822628058184,93.24061841737301,-0.6799194961908483,-1.3450384414906382,0.6651189452997899
2023-10-11,89.21643028285483,89.94963564276986,88.60053300705381,89.93985748291016,8051700,TSM,89.42661410389717,87.08896992824373,89.94963564276986,87.08896992824373,88.65086577270351,93.24296608346216,-0.3182807725265775,-1.1396869076978262,0.8214061351712487
2023-10-12,90.43844476482757,91.34761976524595,89.78344226795116,90.35045623779297,8897800,TSM,90.47999075895441,88.25779201607045,91.34761976524595,88.25779201607045,88.58386336528064,93.25417670819017,0.0014358577711277576,-0.9114623546040355,0.9128982123751632
2023-10-13,90.67306268746142,90.85881043172449,88.18016148460154,88.43434143066406,7985100,TSM,89.53659400861288,89.36889138751243,90.85881043172449,88.18016148460154,88.52571104389166,93.2599000394428,0.09905726888560196,-0.709358429906108,0.8084156987917099
2023-10-16,88.4539027771619,89.84210321172799,88.40501943371972,89.17733001708984,8791800,TSM,88.96958885992485,89.45274269806265,89.84210321172799,88.40501943371972,88.43705917249969,93.27041317504602,0.23368216746354165,-0.5207503104321781,0.7544324778957198
2023-10-17,87.7988948723158,89.64657177056114,86.53778076646492,88.96224975585938,7997100,TSM,88.23637429130031,89.21116577899375,89.64657177056114,86.53778076646492,88.32839384931873,93.28417505252874,0.31933707095249986,-0.35273283415524254,0.6720699051077423
2023-10-18,86.88971151660596,87.9944122514629,86.59643387809382,87.59358978271484,9982700,TSM,87.26853685721937,88.72377003514703,88.72377003514703,86.59643387809382,88.2359190160256,93.1947495077521,0.27362559211378823,-0.2274611489014364,0.5010867410152247
2023-10-19,91.00545280153759,92.63806253231324,90.2918037055945,90.8294906616211,22751600,TSM,91.1912024252666,87.9961534461832,92.63806253231324,87.9961534461832,88.21494339224886,93.11581035060324,0.4928280580974729,-0.08340330750165455,0.5762313655991275
2023-10-20,89.93987124529502,92.20791987400823,89.05024502569867,89.26531982421875,12195500,TSM,90.11583899230516,89.5936779357249,92.20791987400823,89.05024502569867,88.16696566359296,93.01810319438754,0.5341744468890823,0.040112243376492836,0.4940622035125895
2023-10-23,87.96510023645254,90.19404348692404,87.16346262078208,89.06979370117188,8227900,TSM,88.59810001133263,89.85475846401502,90.19404348692404,87.16346262078208,88.13502435422478,92.94439453544582,0.5448833576720631,0.1410664662356069,0.40381689143645616
2023-10-24,89.15777159777468,89.93986032313533,88.82538873755446,89.58792114257812,7374800,TSM,89.37773545026066,89.22642923767383,89.93986032313533,88.82538873755446,88.12650475880753,92.87763488237479,0.5883961365723565,0.23053240030295682,0.3578637362693996
2023-10-25,88.76673241587305,88.81560829835963,84.73898826315488,85.677490234375,13027100,TSM,86.99970480294064,89.30208234396724,89.30208234396724,84.73898826315488,88.07504417288361,92.77886254041114,0.30383876968234347,0.24519367417883417,0.0586450955035093
2023-10-26,85.16914029388553,86.16629633674417,84.60212633885274,85.49174499511719,9377300,TSM,85.3573269911499,88.15089357345394,88.15089357345394,84.60212633885274,87.99627963177434,92.69027607314841,0.06261512958919013,0.20867796526090537,-0.14606283567171524
2023-10-27,85.57972418551235,85.8143477949675,83.96667102108927,84.0644302368164,12480700,TSM,84.85629330959638,86.75411028230192,86.75411028230192,83.96667102108927,87.89985994505048,92.58135285844897,-0.24095118031507923,0.11875213614570847,-0.3597033164607877
2023-10-30,85.35488253936687,86.32271904085843,84.07421948969048,84.13287353515625,9785500,TSM,84.971173651268,85.80520179594916,86.32271904085843,84.07421948969048,87.83865886805395,92.45231970830928,-0.47058228615240694,0.0008852516860853807,-0.4714675378384923
2023-10-31,84.22086028877092,84.49458910658302,83.04772719429654,84.37727355957031,9004900,TSM,84.0351125373052,85.38818772360858,85.38818772360858,83.04772719429654,87.73729174255533,92.32838077529128,-0.6256336373690914,-0.12441852612494998,-0.5012151112441414
2023-11-01,84.53369633580758,85.90234791655925,84.40660262549532,85.83391571044922,9508800,TSM,85.16914064707784,84.71165013045689,85.90234791655925,84.40660262549532,87.63711165108607,92.1814730313815,-0.6237835143220991,-0.2242915237643798,-0.39949199055771933
2023-11-02,88.37568520913412,89.01113132934339,87.46651028847789,88.45389556884766,11032600,TSM,88.32680559895076,84.94039538876737,89.01113132934339,84.94039538876737,87.57353388434352,92.0403071521721,-0.40622410141506293,-0.26067803929451644,-0.1455460621205465
2023-11-03,89.59769370586275,90.37977492381842,88.80582686979902,89.73455810546875,9223800,TSM,89.62946340123723,86.63360049385906,90.37977492381842,86.63360049385906,87.52647810031768,91.8852191772956,-0.12898112141368756,-0.23433865571835066,0.1053575343046631
2023-11-06,89.93986537496455,90.53620638337397,89.24576513503175,90.52642822265625,8402700,TSM,90.06206627900663,88.13153194754815,90.53620638337397,88.13153194754815,87.52765764474208,91.75351250978514,0.15287103604295282,-0.15689671736608998,0.30976775340904283
2023-11-07,90.18426987085263,90.96635866345135,89.6954662401163,90.34069061279297,6241300,TSM,90.29669634680332,89.0967991132774,90.96635866345135,89.0967991132774,87.5089726825686,91.62756023149086,0.35713658043108865,-0.05409005780665426,0.4112266382377429
2023-11-08,91.24007677787829,91.34761416068321,89.87142528099344,89.93985748291016,6537700,TSM,90.59974342561627,89.69674773004036,91.34761416068321,89.69674773004036,87.48292741811248,91.51212713475883,0.4811284629048629,0.05295364633564917,0.42817481656921375
2023-11-09,90.55576025226985,91.279195014348,89.54882594066706,89.5683822631836,8166000,TSM,90.23804086761712,90.1482455778283,91.279195014348,89.54882594066706,87.436032178825,91.40277821381977,0.5431568038630559,0.1509942778411305,0.39216252602192536
2023-11-10,91.93417563947581,95.56109720618846,91.51380427413982,95.25804138183594,19281700,TSM,93.56677962541,90.19314322272271,95.56109720618846,90.19314322272271,87.48586088897919,91.3412320576078,1.0394406268554093,0.3286835476439863,0.7107570792114231
2023-11-13,94.83767928903794,95.00387072776729,93.57656506972738,94.2608871459961,9526300,TSM,94.41975055813218,91.87996142406635,95.00387072776729,91.87996142406635,87.54992881349808,91.29023369196115,1.3368764394250832,0.5303221260002057,0.8065543134248775
2023-11-14,95.80549572473151,97.4576541091696,95.75661238634981,96.69512176513672,13873200,TSM,96.42872099634691,93.14985599109926,97.4576541091696,93.14985599109926,87.65048036333742,91.26584123187352,1.748859094795165,0.7740295197591976,0.9748295750359673
2023-11-15,97.7118353770506,98.44504076744933,96.21609757400533,96.58759307861328,10422900,TSM,97.24014169927963,94.78928849372309,98.44504076744933,94.78928849372309,87.78797592593743,91.25289410063877,2.0431297233562447,1.027849560478607,1.0152801628776376
2023-11-16,96.040134639893,96.88087747585162,95.71752991425188,96.33341979980469,8459000,TSM,96.2429904574503,96.01471509650136,96.88087747585162,95.71752991425188,87.96786928540024,91.22807891332617,2.230124173938094,1.2683044831705046,0.9618196907675896
2023-11-17,96.72446773382497,97.48700022724393,96.11834852847956,97.35013580322266,7243000,TSM,96.91998807319277,96.12885277697583,97.48700022724393,96.11834852847956,88.1518688936757,91.21616085017585,2.432320827242819,1.5011077519849676,0.9312130752578514
2023-11-20,97.66296460477803,98.33750852743778,97.31102540228108,97.72161865234375,6448900,TSM,97.75827929671016,96.5244204250843,98.33750852743778,96.5244204250843,88.36007468705195,91.21262564660819,2.592652212214958,1.7194166440309657,0.8732355681839921
2023-11-21,97.76072123320657,97.90736380676661,96.04013045110783,96.20632934570312,10112600,TSM,96.97863620919603,97.14134986089724,97.90736380676661,96.04013045110783,88.53479250763415,91.19861951154792,2.5678442960683583,1.8891021744384444,0.6787421216299139
2023-11-22,96.50938832446302,97.41856335975724,95.75662656976762,96.44095611572266,7413500,TSM,96.53138359242763,97.05999303504663,97.41856335975724,95.75662656976762,88.69443790573943,91.16426362051463,2.5378613770824785,2.018854014967251,0.5190073621152274
2023-11-24,96.27475890640338,96.51916070276974,95.28737356068898,95.63931274414062,4297600,TSM,95.93015147850068,96.79568831373713,96.79568831373713,95.28737356068898,88.812043967328,91.13534752990458,2.421500229977795,2.09938325796936,0.3221169720084349
2023-11-27,95.2384844677373,95.36557816764679,94.26087734129725,95.03318786621094,6856100,TSM,94.97453196072307,96.36291989611891,96.36291989611891,94.26087734129725,88.95301477772881,91.12062998084224,2.2543868027535012,2.1303839669261886,0.12400283582731264
2023-11-28,95.67842756789871,96.04991565073134,95.06253020552019,95.78596496582031,6358100,TSM,95.64420959749263,95.668725928421,96.04991565073134,95.06253020552019,89.12834877749894,91.10390468037104,2.1578170565750554,2.135870584855962,0.021946471719093363
2023-11-29,96.78310991814372,97.49676643465602,96.39206555807743,96.6657943725586,7091100,TSM,96.83443407085895,95.65646776295682,97.49676643465602,95.65646776295682,89.33833907944455,91.09927612096939,2.1277523128807445,2.1342469304609186,-0.006494617580174111
2023-11-30,96.71466946517542,96.76355280297071,94.73012827090903,95.13094329833984,9681400,TSM,95.83482345934874,96.24545091690788,96.76355280297071,94.73012827090903,89.53239403631777,91.0703305705305,1.9575111623235273,2.0988997768334405,-0.14138861450991325
2023-12-01,95.51222852654291,96.5680461818027,94.84745527603324,96.34320068359375,7490200,TSM,95.81773266699315,96.04013718812831,96.5680461818027,94.84745527603324,89.77268995219812,91.02210329853388,1.898527816838012,2.0588253848343547,-0.16029756799634276
2023-12-04,94.87676692008048,95.02340201032972,93.1170712515911,94.83766174316406,10619400,TSM,94.46372548129133,95.92893492756073,95.92893492756073,93.1170712515911,89.97994253326752,90.94861667358907,1.7105801769294544,1.989176343253375,-0.2785961663239205
2023-12-05,94.29999598504153,94.84745366727496,93.7329819806989,94.52484893798828,8009600,TSM,94.35132014275092,95.19633020442603,95.19633020442603,93.7329819806989,90.19091041074437,90.86291884883946,1.5188802332613847,1.8951171212549769,-0.37623688799359223
2023-12-06,95.60999099548566,96.36274528805119,95.26782249485909,95.65886688232422,11262300,TSM,95.72485641518004,94.77382517358848,96.36274528805119,94.77382517358848,90.45085624759159,90.8060553758721,1.4418417631749065,1.804462049638963,-0.3626202864640564
2023-12-07,95.76640050578878,97.408780901654,95.69796830006736,97.06661987304688,11373700,TSM,96.48494239513926,95.24934079438427,97.408780901654,95.24934079438427,90.71730320708612,90.76775815291901,1.4773521261770526,1.739040064946581,-0.26168793876952834
2023-12-08,96.9004296894101,98.12243870631299,96.73423079461244,98.1028823852539,10567300,TSM,97.46499539389737,95.86714159476176,98.12243870631299,95.86714159476176,90.98624306002728,90.73503098077111,1.5710025297744181,1.7054325579121485,-0.13443002813773042
2023-12-11,97.34034269717829,98.94361781117671,97.1448242524665,98.68943786621094,9482800,TSM,98.0295556567581,96.66606849432956,98.94361781117671,96.66606849432956,91.23905239778547,90.75757438302219,1.6732629409908668,1.6989986345278922,-0.025735693537025428
2023-12-12,97.9073626785917,99.37377348019253,97.71183676324763,99.32489013671875,7378600,TSM,98.57946576468765,97.34781207554383,99.37377348019253,97.34781207554383,91.49850923636734,90.79646086232145,1.7850043224574677,1.7161997721138074,0.06880455034366029
2023-12-13,99.12936598602406,100.3807019381463,98.65034057341019,99.83324432373047,8988800,TSM,99.49841320532775,97.96363892011574,100.3807019381463,97.96363892011574,91.80313167735967,90.84181360922692,1.8927615300067941,1.7515121236924047,0.14124940631438943
2023-12-14,101.51184171878337,101.96365937667589,100.97162837494885,101.61006164550781,10074500,TSM,101.51429777897899,98.73102606272175,101.96365937667589,98.73102606272175,92.15056453937535,90.88478619129441,2.097357173784019,1.8206811337107276,0.2766760400732913
2023-12-15,101.65918001643288,102.89677213226035,100.56892154429686,100.71625518798828,16376700,TSM,101.4602822202446,100.12266192085036,102.89677213226035,100.12266192085036,92.47712073868459,90.93266494340963,2.1624505998041172,1.8890350269294056,0.27341557287471163
2023-12-18,101.01091627318247,101.4725581989246,100.2644387913489,101.09931945800781,5660600,TSM,100.96180818036595,100.79147207054748,101.4725581989246,100.2644387913489,92.76217963639081,90.96602776765629,2.2193642445814845,1.9551008704598214,0.2642633741216631
2023-12-19,101.40380606763229,102.13065007257705,101.25647241832182,102.0226058959961,8498500,TSM,101.70338361363181,100.87664012545672,102.13065007257705,100.87664012545672,93.0601636032679,91.00627145467634,2.3123152861744245,2.026543753602742,0.2857715325716823
2023-12-20,100.87341326827573,101.25647627485215,98.16250698999664,98.26072692871094,10814100,TSM,99.63828086545887,101.29001186954426,101.29001186954426,98.16250698999664,93.29480048946839,91.0385316476434,2.05869609588774,2.032974222059742,0.025721873827997843
2023-12-21,99.49830640766675,100.89304884256931,99.36079701232143,100.72607421875,9068200,TSM,100.11955662032688,100.46414636750157,100.89304884256931,99.36079701232143,93.50865933979698,91.07976255625023,2.0331965585906175,2.033018689365917,0.00017786922470053312
2023-12-22,101.09931845377923,101.7475759966903,100.88323010824207,101.3154067993164,5566400,TSM,101.26138283950701,100.29185149391422,101.7475759966903,100.29185149391422,93.72428718140803,91.15407527334433,2.037060243105671,2.033827000113868,0.0032332429918029426
2023-12-26,101.76722870488616,103.0932165695499,101.72793923191159,102.59228515625,6407500,TSM,102.29516741564942,100.77661716671062,103.0932165695499,100.77661716671062,93.97945864954876,91.2525848467202,2.1187322267619635,2.050808045443487,0.06792418131847633
2023-12-27,103.18162167939948,103.49592997535078,102.22887254969376,102.78873443603516,5889700,TSM,102.9237896601198,101.53589229118002,103.49592997535078,101.53589229118002,94.25854266555265,91.34780091902616,2.174246319162009,2.0754957001871914,0.09875061897481752
2023-12-28,103.13250451533378,103.64325266903857,102.83783721923828,102.83783721923828,5335100,TSM,103.11285790571223,102.2298409756499,103.64325266903857,102.2298409756499,94.55607233784089,91.4422330935798,2.19687956150689,2.0997724724511313,0.0971070890557586
2023-12-29,102.85749464945043,103.10304825298954,101.8261665171057,102.15029907226562,4407700,TSM,102.48425212295282,102.67134944068107,103.10304825298954,101.8261665171057,94.86038664315556,91.54815282959056,2.134730146360397,2.1067640072329845,0.027966139127412415
2024-01-02,100.43141579637113,100.7948377982076,98.80093640260286,99.7242202758789,9020900,TSM,99.93785256826513,102.57780078181695,102.57780078181695,98.80093640260286,95.03531964601554,91.62513151913221,1.868176824281889,2.0590465706427654,-0.1908697463608764
2024-01-03,98.55537947906595,99.44919809098333,97.8874809475678,98.3884048461914,6650600,TSM,98.57011584095211,101.25782667504103,101.25782667504103,97.8874809475678,95.20440518298847,91.6856854232907,1.5314882120312774,1.953534898920468,-0.42204668688919056
2024-01-04,97.75979244869978,98.65361109861897,97.35708846442795,97.36690521240234,7996700,TSM,97.78434930603726,99.91397125799656,99.91397125799656,97.35708846442795,95.38813016888257,91.76157726155368,1.1687608303699193,1.7965800852103584,-0.6278192548404391
2024-01-05,97.23921992830621,98.85005085085481,97.04278005724447,97.83837127685547,7344900,TSM,97.74260552831524,98.84916028201691,98.85005085085481,97.04278005724447,95.55542757044364,91.84096616462561,0.9088633275959381,1.6190367336874745,-0.7101734060915363
2024-01-08,98.84022701465581,100.96181360058934,98.71254184731197,100.42159271240234,12455600,TSM,99.73404379373986,98.29588290516608,100.96181360058934,98.29588290516608,95.81011435025965,91.94257926157161,0.9009514575733846,1.4754196784646565,-0.5744682208912719
2024-01-09,99.25275579820696,100.15639113555926,98.42769190788945,100.07781219482422,7764000,TSM,99.47866275911997,99.01496334945297,100.15639113555926,98.42769190788945,96.09254106561905,92.04441034869667,0.8570613590586191,1.351748014583449,-0.49468665552482993
2024-01-10,100.6966121702484,100.95199000025934,98.20179430813673,99.00720977783203,6975700,TSM,99.71440156411913,99.24681305428646,100.95199000025934,98.20179430813673,96.38970323070949,92.14478158787999,0.7275032673105386,1.226899065128867,-0.4993957978183283
2024-01-11,99.89118980052831,100.34301496614567,98.21160427219522,99.41973114013672,7862700,TSM,99.46638504475149,99.4806073092028,100.34301496614567,98.21160427219522,96.67960745857916,92.25913316331656,0.6506146913691282,1.1116421903769191,-0.46102749900779094
2024-01-12,99.0956109167602,100.55910828486563,99.07596992584992,99.43938446044922,6514000,TSM,99.54251839698124,99.47349617697714,100.55910828486563,99.07596992584992,96.98975557577268,92.36352365916402,0.5845277278915972,1.0062192978798548,-0.4216915699882575
2024-01-16,98.74200116479207,100.52963086904373,98.41786865129306,99.86172485351562,11185500,TSM,99.38780638466112,99.5080072869792,100.52963086904373,98.41786865129306,97.27412889052435,92.45562027080521,0.5597798792818196,0.9169314141602478,-0.3571515348784282
2024-01-17,99.07596497969429,101.49221140089855,98.2214357905839,101.11896514892578,17649500,TSM,99.97714433002562,99.44790683582016,101.49221140089855,98.2214357905839,97.50713566514585,92.54033477474468,0.634303954457522,0.8604059222197027,-0.22610196776218072
2024-01-18,109.22223733243233,111.37328924770543,107.53283487383685,111.01969146728516,58783700,TSM,109.78701323031494,99.7125255829229,111.37328924770543,99.7125255829229,97.91028666172741,92.71838238102254,1.475264757219776,0.9833776892197174,0.49188706800005855
2024-01-19,111.20631077390925,113.10198478395219,109.04543469082407,112.16887664794922,37737300,TSM,111.38065172415868,104.74976940661892,113.10198478395219,104.74976940661892,98.33665837063045,92.93215800768627,2.2089979389557755,1.228501739166929,0.9804961997888464
2024-01-22,112.73856665233325,113.05287495785115,110.51876002940627,111.01969146728516,17755500,TSM,111.83247327671896,108.06521056538881,113.05287495785115,108.06521056538881,98.76737390922875,93.13817329589868,2.6670134607876292,1.5162040834910693,1.15080937729656
2024-01-23,111.50096919423463,112.58141096915128,111.14737892409008,112.1001205444336,11667900,TSM,111.83246990797738,109.94884192105388,112.58141096915128,109.94884192105388,99.19202843887598,93.33747792849422,3.081652289336816,1.8292937246602188,1.2523585646765971
2024-01-24,113.27878655742995,116.73617788737114,112.57159100288035,114.44761657714844,21859200,TSM,114.25854300620747,110.89065591451563,116.73617788737114,110.89065591451563,99.67243848164779,93.55423533023641,3.5586578665724318,2.1751665530426614,1.3834913135297704
2024-01-25,115.92093235744133,116.72634781126752,114.40832887811219,114.48690032958984,15485300,TSM,115.38562734410272,112.57459946036155,116.72634781126752,112.57459946036155,100.10881543602164,93.79733816250042,3.894959425950944,2.519125127624318,1.3758342983266258
2024-01-26,114.82085597920056,115.9405797091119,114.23152888351572,115.17445373535156,10196400,TSM,115.04185457679495,113.98011340223213,115.9405797091119,113.98011340223213,100.52125751639488,94.03559316494649,4.168904116796,2.8490809254586544,1.3198231913373455
2024-01-29,115.08605257982738,115.77360711500678,113.70113425522015,114.8994369506836,10042200,TSM,114.86505772518447,114.51098398951353,115.77360711500678,113.70113425522015,100.88998425097165,94.27023230715454,4.314085608375791,3.142081862042082,1.1720037463337092
2024-01-30,114.2904558599262,115.91111094391644,113.50468142717324,113.99578857421875,11030800,TSM,114.42550920130866,114.688020857349,115.91111094391644,113.50468142717324,101.23369160101224,94.51083376347484,4.3065825121077665,3.374981992055219,0.9316005200525477
2024-01-31,111.4813243618605,112.69926800995658,110.87234879096222,110.950927734375,12853900,TSM,111.50096722428857,114.55676502932883,114.55676502932883,110.87234879096222,101.53885113634901,94.75336021087462,4.008731272683946,3.5017318481809645,0.5069994245029812
2024-02-01,111.77600251949107,112.00190763663933,110.6071649771201,111.373291015625,8807600,TSM,111.43959153721889,113.02886612680871,113.02886612680871,110.6071649771201,101.82924320562952,94.99055604965261,3.763381289614756,3.554061736467723,0.20931955314703288
2024-02-02,112.81713692619732,113.89757117497047,111.89385307124729,113.6913070678711,10042200,TSM,113.07496706007154,112.2342288320138,113.89757117497047,111.89385307124729,102.13557696089673,95.24782582397432,3.7131809447725885,3.5858855781286967,0.12729536664389185
2024-02-05,115.04675911724804,117.41389919483643,114.50654574444894,116.67723846435547,13267600,TSM,115.91111063022223,112.65459794604267,117.41389919483643,112.65459794604267,102.51422644931726,95.52450947847572,3.8697286954588463,3.642654201594727,0.22707449386411938
2024-02-06,117.9835960633928,118.83811779279972,116.17631767621852,117.25675201416016,11503800,TSM,117.56369588664279,114.28285428813246,118.83811779279972,114.28285428813246,102.93487269520156,95.81465530047049,3.9945095958902357,3.713025280453829,0.2814843154364066
2024-02-07,117.87554970994833,122.77679736241986,117.86572546792306,122.75715637207031,18172500,TSM,120.31880722809038,115.92327508738762,122.77679736241986,115.92327508738762,103.42264581019337,96.11734488876067,4.48552962796019,3.8675261499551015,0.6180034780050887
2024-02-08,124.74120406032362,132.35336415061897,123.86703401719214,131.35150146484375,33367000,TSM,128.07827592324463,118.121041157739,132.35336415061897,118.121041157739,104.08472068944378,96.51886773358629,5.504703567860631,4.194961633536208,1.309741934324423
2024-02-09,132.1078310682058,132.76591288916515,128.26736933385627,130.7425537109375,16984200,TSM,130.97091675054116,123.09965854049182,132.76591288916515,123.09965854049182,104.79125483250476,96.95980180500185,6.191892975529598,4.594347901934886,1.5975450735947119
2024-02-12,130.89971421516648,131.13543607370184,127.94323934855173,128.1396942138672,14203800,TSM,129.5295209628218,127.03528764551649,131.13543607370184,127.03528764551649,105.44515657034401,97.39174782489428,6.452090836751452,4.965896488898199,1.486194347853253
2024-02-13,125.65468713449387,127.60929167114496,124.23047926735786,125.28144836425781,14494000,TSM,125.69397660931362,128.28240430416915,128.28240430416915,124.23047926735786,106.0423396333433,97.78736683483054,6.354413243303995,5.243599839779359,1.1108134035246362
2024-02-14,127.32444583468494,128.46380304415922,125.68414224134206,126.9708480834961,13069700,TSM,127.11080980092058,126.98819045674139,128.46380304415922,125.68414224134206,106.66820117602187,98.22044556411,6.340237177684088,5.462927307360305,0.8773098703237832
2024-02-15,128.4736463630469,128.79777891314555,126.06722408342004,126.73512268066406,12554000,TSM,127.51844301006913,127.04950012883099,128.79777891314555,126.06722408342004,107.32929552659742,98.65461902993248,6.238072852796577,5.6179564164475595,0.6201164363490177
2024-02-16,124.86889096239732,126.35203653130733,123.57236849307922,124.43672180175781,13091700,TSM,124.80750444713543,127.28397156945006,127.28397156945006,123.57236849307922,107.93841921268512,99.06466481171475,5.903592210732114,5.675083575304471,0.22850863542764355
2024-02-20,124.63317356095706,124.80014819565736,121.94190844192123,123.10092163085938,12038800,TSM,123.61903795734875,126.04573800829274,126.04573800829274,121.94190844192123,108.49630284352848,99.47357954556004,5.46769776572981,5.633606413389539,-0.16590864765972935
2024-02-21,122.21692951705515,123.1500301341087,120.72396703102935,123.1107406616211,11578100,TSM,122.30041683595357,124.83238798282075,124.83238798282075,120.72396703102935,109.01261233234477,99.86495776971546,5.064658362375894,5.51981680318681,-0.4551584408109157
2024-02-22,127.3833745009187,129.14153149705726,126.70564423840358,126.77440643310547,17014100,TSM,127.50123916737125,123.56640240938717,129.14153149705726,123.56640240938717,109.61333720781425,100.29979013392078,4.98342808382813,5.412539059315074,-0.4291109754869442
2024-02-23,128.1789605764154,128.67988445216952,125.45823038094865,127.22621154785156,10123300,TSM,127.38582173934628,125.53382078837922,128.67988445216952,125.45823038094865,110.20046252946601,100.71975746362575,4.899036358121407,5.309838519076341,-0.41080216095493416
2024-02-26,127.70749925435993,128.89597008784307,126.27345987429781,128.31646728515625,9526700,TSM,127.79834912541426,126.45982126386275,128.89597008784307,126.27345987429781,110.78484019668055,101.14167471652392,4.864059978186077,5.220682810898288,-0.35662283271221096
2024-02-27,128.44417545695362,129.62282968599754,126.30294036865234,126.30294036865234,8851800,TSM,127.66822147006397,127.1290851946385,129.62282968599754,126.30294036865234,111.34823636197527,101.57568401966746,4.620602718764218,5.100666792471475,-0.4800640737072568
2024-02-28,126.21453890227636,126.29311784560636,124.3974439265479,125.11445617675781,6519100,TSM,125.50488921279711,127.39865333235124,127.39865333235124,124.3974439265479,111.82804819065164,101.98930636501349,4.28239555469267,4.937012544915714,-0.6546169902230439
2024-02-29,125.7528989339101,126.89227114882098,124.88855302493332,126.38151550292969,9369900,TSM,125.97880965264852,126.45177127257418,126.89227114882098,124.88855302493332,112.3184187392997,102.39776973899215,4.069692160944427,4.763548468121456,-0.693856307177029
2024-03-01,127.81555639495059,134.21958307751243,127.78609116384995,131.51849365234375,24361700,TSM,130.33493107216418,126.21529046261135,134.21958307751243,126.21529046261135,112.90588119713567,102.83403041676326,4.2664533753576706,4.6641294495687,-0.397676074211029
2024-03-04,137.45107697942976,139.46461937159322,135.231262981647,135.8009490966797,26544600,TSM,136.98697710733742,128.27511076738776,139.46461937159322,128.27511076738776,113.6115530670098,103.33585833513885,4.713610848017552,4.674025729258471,0.03958511875908144
2024-03-05,134.68124364587533,134.9857277343039,131.35153718427276,132.56948852539062,13694700,TSM,133.39699927246065,132.6310439373626,134.9857277343039,131.35153718427276,114.28672743514983,103.7907639623091,4.752451205833211,4.689710824573419,0.06274038125979153
2024-03-06,136.33135554457812,141.4388671958363,136.14473241904378,139.05209350585938,22292700,TSM,138.24176216632938,133.01402160491162,141.4388671958363,133.01402160491162,115.04917154606987,104.27891544293342,5.245853579135485,4.800939375485832,0.4449142036496525
2024-03-07,142.32286176564088,148.90371029107723,141.58620095942658,146.54638671875,34675700,TSM,144.83978993372367,135.6278918856205,148.90371029107723,135.6278918856205,115.92073968795421,104.82251343468111,6.170475938971748,5.074846688183015,1.0956292507887326
2024-03-08,151.162765122988,155.58272919076424,142.352302215562,143.76669311523438,43771100,TSM,148.21612241113715,140.2338409096721,155.58272919076424,140.2338409096721,116.83915878786397,105.40930871870634,6.6028344127627605,5.380444233098965,1.2223901796637957
2024-03-11,141.06563223869813,141.831758298354,136.4590441444834,136.54745483398438,29227100,TSM,138.97597237888,144.22498166040464,144.22498166040464,136.4590441444834,117.56020244223917,105.90937255389592,6.290437178479209,5.562442822175014,0.7279943563041948
2024-03-12,141.94960197097103,144.09082175701104,138.06985883497964,141.83172607421875,21218500,TSM,141.48550215929512,141.6004770196423,144.09082175701104,138.06985883497964,118.32765532731082,106.44186383257585,6.395532923734663,5.729060842486945,0.6664720812477185
2024-03-13,140.50575707676938,140.68254845488468,138.85562927735666,139.6119384765625,12923100,TSM,139.9139683213933,141.54298958946873,141.54298958946873,138.85562927735666,119.07624965127962,106.9683181472176,6.227912255688921,5.828831125127341,0.39908113056158
2024-03-14,140.0735908663511,140.55488129954634,136.54744490117895,137.1367645263672,14961900,TSM,138.5781703983609,140.728478955431,140.728478955431,136.54744490117895,119.84905600788156,107.44218782694854,5.828162388621109,5.828697377826095,-0.0005349892049855143
2024-03-15,133.03111293776644,135.25091195621144,132.235521718376,134.54371643066406,22733000,TSM,133.7653157607545,139.65332467689595,139.65332467689595,132.235521718376,120.55296000627759,107.87868259463305,5.2416974037840305,5.7112973830176825,-0.46959997923365204
2024-03-18,138.24592796561808,139.58716463443938,134.7251911151268,134.75477600097656,14732900,TSM,136.8282649290402,136.7093202188252,139.58716463443938,134.7251911151268,121.33383831873765,108.36098424381011,4.739318507839329,5.516901607982012,-0.7775831001426834
2024-03-19,133.433245573156,134.3898635197116,131.19456094117174,133.00917053222656,17341100,TSM,133.0067101415665,136.7687925739327,136.7687925739327,131.19456094117174,122.03912041100267,108.79727399072317,4.152456902309012,5.2440126668474125,-1.0915557645384002
2024-03-20,134.64626964963153,135.41550664445026,133.14723715151214,134.8632354736328,12750200,TSM,134.5180622298067,134.8877513577496,135.41550664445026,133.14723715151214,122.73480077972401,109.27245756499183,3.7932462163525997,4.95385937674845,-1.16061316039585
2024-03-21,140.58323619885996,140.63254935694792,137.1216541478094,137.5260009765625,17809400,TSM,138.96586017004495,134.70290679377814,140.63254935694792,134.70290679377814,123.52454472794253,109.80854289678076,3.680999807744655,4.699287462947691,-1.0182876552030358
2024-03-22,137.4766814183812,139.38991749632635,137.19068919200595,138.6009521484375,9935200,TSM,138.16456006378775,136.83438348191154,139.38991749632635,136.83438348191154,124.2935478979359,110.34162556432267,3.636859839694324,4.486801938297018,-0.8499420986026935
2024-03-25,138.22621592475068,139.72523364819168,137.33862419686383,138.2952423095703,9922200,TSM,138.39632901984413,137.49947177284963,139.72523364819168,137.33862419686383,125.07214677743774,110.87587711800845,3.536444437811383,4.296730438199891,-0.7602860003885077
2024-03-26,138.6699913174121,139.01516835407287,136.72717038729056,136.92440795898438,10786400,TSM,137.83418450443997,137.94790039634688,139.01516835407287,136.72717038729056,125.83798009958693,111.41386783767979,3.308115733864213,4.099007497332756,-0.7908917634685428
2024-03-27,136.94415114206646,137.3583546022035,133.28533133846034,134.80409240722656,13842800,TSM,135.5979823724892,137.89104245039343,137.89104245039343,133.28533133846034,126.56218361934349,111.9181562549339,2.9223844177099636,3.8636828814081974,-0.9412984636982338
2024-03-28,133.8080072781228,134.91256480045672,133.5713282041147,134.17291259765625,10019400,TSM,134.1162032200876,136.74451241144132,136.74451241144132,133.5713282041147,127.24496479714472,112.37605023114529,2.536519220327534,3.598250149192065,-1.061730928864531
2024-04-01,135.39580754442818,140.98759197430905,135.1591284478078,139.53787231445312,14222700,TSM,137.77010007024955,135.43035781576447,140.98759197430905,135.1591284478078,127.80462653394343,112.85745659783541,2.633270975053563,3.405254314364365,-0.7719833393108022
2024-04-02,138.4431812225839,139.0940637624581,137.42739334182212,138.28538513183594,9869200,TSM,138.31250586467502,136.600228943007,139.0940637624581,136.600228943007,128.34326361675375,113.33996099369209,2.5791513384044435,3.2400337191723807,-0.6608823807679371
2024-04-03,136.66800501701442,140.95797877034013,136.48062405098577,140.0408172607422,9707500,TSM,138.53685627477063,137.456367403841,140.95797877034013,136.48062405098577,128.8773512767148,113.82236259297174,2.647392347456446,3.121505444829194,-0.4741130973727481
2024-04-04,142.0132257402632,144.72528387071964,137.50627100575673,137.7331085205078,15759500,TSM,140.49447228431185,137.9966118393058,144.72528387071964,137.50627100575673,129.45059132424146,114.32130988155872,2.4865970864105975,2.994523773145475,-0.5079266867348773
2024-04-05,138.06841606624403,140.04082201004752,137.0033150507986,139.40965270996094,8249500,TSM,138.63055145926276,139.24554206180883,140.04082201004752,137.0033150507986,129.93803149330256,114.80523498747517,2.4660220213719697,2.888823422790774,-0.4228014014188042
2024-04-08,143.23612509185244,143.98563393330866,140.79033088618104,140.81991577148438,16307400,TSM,142.20800142070664,138.9380467605358,143.98563393330866,138.9380467605358,130.47447897483462,115.29164720542815,2.5342987585558774,2.8179184899437946,-0.2836197313879172
2024-04-09,144.24204079471994,146.12569207665112,140.977711375818,143.39390563964844,18488000,TSM,143.6848374717094,140.57302409062123,146.12569207665112,140.57302409062123,131.04733863273293,115.78429807456392,2.7642435562765115,2.807183503210338,-0.04293994693382652
2024-04-10,144.60695304930897,146.38210643947076,143.2558446845903,144.20260620117188,18861300,TSM,144.61187759363548,142.1289307811653,146.38210643947076,142.1289307811653,131.64227503010196,116.2661296405368,2.9774101114637403,2.8412288248610187,0.13618128660272166
2024-04-11,145.1690673828125,145.52410103733325,142.14143223165306,145.1690673828125,11818800,TSM,144.50091700865283,143.3704041874004,145.52410103733325,142.14143223165306,132.24378318624883,116.73873739363054,3.1875869642175303,2.9105004527323213,0.277086511485209
2024-04-12,142.99942902666552,144.4885900770858,140.18874457476727,140.55364990234375,11981400,TSM,142.05760339521558,143.93566059802663,144.4885900770858,140.18874457476727,132.85491590966737,117.19688352300818,2.9477482097938434,2.917950004144626,0.029798205649217646
2024-04-15,143.01915718412678,143.47280211778417,137.9500745818858,138.20648193359375,13458800,TSM,140.66212895434762,142.9966319966211,143.47280211778417,137.9500745818858,133.43936665800996,117.63430493181973,2.5390093111309113,2.842161865541883,-0.30315255441097166
2024-04-16,135.98751887130732,138.6009505676024,135.1689686489317,137.8711700439453,14218200,TSM,136.90715203294667,141.82938047548436,141.82938047548436,135.1689686489317,133.91601035746746,118.02579365918209,2.1630891764101534,2.706347327715537,-0.5432581513053836
2024-04-17,139.1828179663404,140.6029525283689,135.4648288766216,137.11178588867188,18823200,TSM,138.09059631500068,139.3682662542155,140.6029525283689,135.4648288766216,134.35960007116302,118.43691326024015,1.7833366120184166,2.521745184576113,-0.7384085725576965
2024-04-18,131.05650937269354,133.26560939721057,128.50224734476816,130.445068359375,39306100,TSM,130.81735861851183,138.7294312846081,138.7294312846081,128.50224734476816,134.62467332580042,118.77977301050099,0.9336688271861817,2.204129913098127,-1.2704610859119452
2024-04-19,127.58507515757982,129.73500548666678,124.89274522618858,125.93811798095703,28248000,TSM,127.03773596284806,134.77339495155996,134.77339495155996,124.89274522618858,134.75905190049556,119.09084885534445,-0.10219421194005918,1.7428650880904897,-1.8450593000305489
2024-04-22,125.00122987603866,128.85728720608589,124.04461176503945,127.9598388671875,18556800,TSM,126.46574192858787,130.905565457204,130.905565457204,124.04461176503945,134.72680122060243,119.40576095502311,-0.7513263318759869,1.2440268040971945,-1.9953531359731813
2024-04-23,129.54761804418084,131.86520095895852,128.85727899986279,131.58905029296875,12573800,TSM,130.46478707399274,128.68565369289593,131.86520095895852,128.68565369289593,134.71667862707145,119.7539667297881,-0.9618337613147219,0.8028546910148112,-1.764688452329533
2024-04-24,134.2123392430881,134.4095767990244,129.72511336629836,131.13539123535156,15558000,TSM,132.3706051609406,129.57522038344433,134.4095767990244,129.57522038344433,134.77350031103384,120.10932844068891,-1.151989492550257,0.4118858543017976,-1.5638753468520545
2024-04-25,128.20637059462243,135.93819733274617,127.0820999467231,134.69558715820312,18034300,TSM,131.4805637580737,130.97291277219247,135.93819733274617,127.0820999467231,134.88923205400906,120.46578584367617,-1.0038395845152763,0.1287407665383828,-1.1325803510536592
2024-04-26,134.92242835152453,136.8258079430519,134.0742931800965,136.39187622070312,9453400,TSM,135.55360142384401,131.2267382651331,136.8258079430519,131.2267382651331,135.05808788646752,120.86314453124469,-0.7410114454905852,-0.045209675867410794,-0.6958017696231744
2024-04-29,136.09600984318593,136.73703575430147,134.0348492477237,136.589111328125,9997100,TSM,135.86425154333403,133.39016984448855,136.73703575430147,133.39016984448855,135.22500405713282,121.27714979186513,-0.5109135337482087,-0.1383504474435704,-0.3725630863046383
2024-04-30,136.0368266196677,137.77253825762935,135.36620084137374,135.44509887695312,10980600,TSM,136.15516614890598,134.6272106939113,137.77253825762935,134.6272106939113,135.4519572911682,121.69518825192667,-0.4160752681318911,-0.19389541158123455,-0.22217985655065656
2024-05-01,135.52401097522502,137.50627353696427,131.37210487883456,133.07823181152344,12561800,TSM,134.3701553006368,135.39118842140863,137.50627353696427,131.37210487883456,135.66697963803398,122.08164124078122,-0.5258400935307748,-0.2602843479711426,-0.2655557455596322
2024-05-02,133.72913567914196,134.85340652125427,131.38196767350274,134.35043334960938,9261900,TSM,133.5787358058771,134.88067186102273,134.88067186102273,131.38196767350274,135.89254601743244,122.45257917488861,-0.5043595338275395,-0.30909938514242197,-0.19526014868511754
2024-05-03,136.9835843470912,140.14930245195632,136.8455165354055,139.6068878173828,13264300,TSM,138.39632278795895,134.22970383344992,140.14930245195632,134.22970383344992,136.1104476898442,122.86189244882922,-0.062464043367839395,-0.25977231678750545,0.19730827341966606
2024-05-06,138.5319203328141,140.85935974121094,137.881022817728,140.85935974121094,8601600,TSM,139.532915658241,136.31301331070443,140.85935974121094,136.31301331070443,136.3533895682221,123.27692604884405,0.38437450340444457,-0.13094295274911544,0.5153174561535601
2024-05-07,139.91261003340884,140.3268134735221,138.5713733971198,139.16310119628906,8682900,TSM,139.49347452508496,137.92296448447271,140.3268134735221,137.92296448447271,136.5872920762155,123.68606613644802,0.5947672757433224,0.014199092949372142,0.5805681827939503
2024-05-08,139.16309323318953,142.26962638041053,138.85737273880895,141.61874389648438,10202300,TSM,140.47720906222335,138.70821950477884,142.26962638041053,138.70821950477884,136.84347182805868,124.09585409501699,0.9487186686085352,0.20110300808120476,0.7476156605273304
2024-05-09,140.96785524626415,141.37220207642713,139.18283027440208,140.81991577148438,8012700,TSM,140.58570084214443,139.5927142835011,141.37220207642713,139.18283027440208,137.14508806064563,124.48656812564863,1.1514952237751857,0.391181451220001,0.7603137725551847
2024-05-10,145.1887905447489,148.42353481730498,144.90278327986834,147.2006378173828,23671400,TSM,146.42893661482626,140.08920756282276,148.42353481730498,140.08920756282276,137.5540905998892,124.93625466959446,1.8062467595611906,0.674194512888239,1.1320522466729517
2024-05-13,145.97777155497442,146.391975007144,144.2815011994628,144.38998413085938,8278700,TSM,145.26030797311014,143.2590720888245,146.391975007144,143.2590720888245,137.8525981379081,125.37923966752189,2.074433033294099,0.954242216969411,1.1201908163246879
2024-05-14,144.46888607094726,149.91271591615984,144.23219192835649,149.85354614257812,12316500,TSM,147.11683501451043,144.2596900309673,149.91271591615984,144.23219192835649,138.05519529605158,125.83337418153069,2.6967499263752757,1.3027437588505841,1.3940061675246915
2024-05-15,151.24408467297303,153.84765985317313,150.6227720004296,153.43345642089844,14027100,TSM,152.28699323686854,145.68826252273885,153.84765985317313,145.68826252273885,138.43299517533973,126.35986130524478,3.439164837158188,1.730027974512105,1.709136862646083
2024-05-16,151.97389436441912,152.92064085505058,150.1099712222078,150.1296844482422,13394100,TSM,151.28354772247994,148.9876278798037,152.92064085505058,148.9876278798037,138.69383088646273,126.87150121626631,3.718087418019394,2.1276398632135627,1.5904475548058312
2024-05-17,151.87524772395756,151.87524772395756,148.7588429253116,149.58724975585938,7711200,TSM,150.52414703227151,150.1355878011418,151.87524772395756,148.7588429253116,138.8075180284337,127.36412885819395,3.8509739954497206,2.4723066896607944,1.3786673057889263
2024-05-20,149.57737618973357,152.11192459736813,148.73911284250337,151.4314422607422,9261200,TSM,150.46496397258682,150.32986741670666,152.11192459736813,148.73911284250337,138.8524948596627,127.84582682376333,4.058316738892046,2.789508699507045,1.268808039385001
2024-05-21,150.19872659162655,151.8654121434955,149.85354950696507,151.54981994628906,7919400,TSM,150.86687704709402,150.39741569464672,151.8654121434955,149.85354950696507,139.09031295302697,128.32525769763305,4.1839593676281766,3.0683988331312713,1.1155605344969053
2024-05-22,153.72934147095648,155.06070660471855,152.40781790238924,153.99560546875,13455200,TSM,153.79836786170358,150.63214637087037,155.06070660471855,150.63214637087037,139.33657026707516,128.832112797193,4.429822273784396,3.3406835212618966,1.0891387525224991
2024-05-23,156.98378329946345,158.5617140884396,153.71945383992897,154.92262268066406,20873000,TSM,156.04689347712403,152.21525711628698,158.5617140884396,152.21525711628698,139.65922877018974,129.3677392107347,4.64591769267733,3.6017303555449836,1.044187337132346
2024-05-24,155.03110905089417,158.44337806226687,154.5478792103473,157.79248046875,11895500,TSM,156.45371169806458,154.1310752967055,158.44337806226687,154.1310752967055,140.01673959618384,129.9328978020327,4.991212813735018,3.8796268471829904,1.1115859665520276
2024-05-28,157.47688102920333,158.16723513805823,155.4255921200907,157.2106170654297,13964400,TSM,157.0700813381955,155.29239349738504,158.16723513805823,155.29239349738504,140.48283490773264,130.51789745700512,5.158446807304699,4.135390839207332,1.023055968097367
2024-05-29,154.58730869418812,154.71551989004834,151.09615695639695,152.21055603027344,15780000,TSM,153.15238539272673,156.18123741779027,156.18123741779027,151.09615695639695,140.8093173170064,131.07157781787203,4.831819605076959,4.274676592381258,0.5571430126957004
2024-05-30,151.4709069987116,151.924566975509,149.79436499867927,150.849609375,9711000,TSM,151.00986208697498,154.6668114052585,154.6668114052585,149.79436499867927,141.16938035591457,131.6042503834586,4.412286085474136,4.302198490999834,0.11008759447430183
2024-05-31,149.39000160248614,150.395932710192,145.77063899485842,148.95606994628906,13782600,TSM,148.62816081345642,152.83833674611674,152.83833674611674,145.77063899485842,141.45158232758754,132.0931915536558,3.882257691637733,4.218210331127414,-0.33595263948968146
2024-06-03,152.97980174899624,154.9817925985507,150.35651325361462,152.81214904785156,12924400,TSM,152.78256416225327,150.73324877978658,154.9817925985507,150.35651325361462,141.7279164074317,132.62623056768712,3.7303584773135015,4.120639960364632,-0.39028148305113053
2024-06-04,151.2835250367889,151.66814358161116,148.90678738712438,150.36636352539062,10066700,TSM,150.55620488272876,151.7579064710199,151.7579064710199,148.90678738712438,141.97574930381055,133.13464860087322,3.3737325158396345,3.971258471459633,-0.5975259556199983
2024-06-05,156.40190481320397,161.47098680981946,155.77073559741663,160.6721649169922,23192600,TSM,158.57894803435806,151.15705567687434,161.47098680981946,151.15705567687434,142.3794016841008,133.72577423076928,3.8779928277945146,3.9526053427266095,-0.07461251493209486
2024-06-06,162.25011761831266,162.42762693060018,158.1475096317966,159.83392333984375,14819100,TSM,160.6647943801383,154.8680018556162,162.42762693060018,154.8680018556162,142.83601388161478,134.33699699060082,4.162006646359373,3.994485603453162,0.16752104290621084
2024-06-07,161.31323905400896,163.82804477640906,159.72545155198878,162.12191772460938,14023300,TSM,161.74716327675407,157.76639811787726,163.82804477640906,157.76639811787726,143.35899749970008,134.96059055952176,4.519612390784829,4.0995109609194955,0.4201014298653334
2024-06-10,161.73728169615012,167.4967032376495,160.17907924962742,165.8398895263672,12438400,TSM,163.81323842744857,159.75678069731566,167.4967032376495,159.75678069731566,143.9529382038473,135.598951500496,5.044872620423234,4.288583292820244,0.7562893276029907
2024-06-11,165.8596136248081,166.08645114997907,161.5301830486996,163.4237060546875,11508600,TSM,164.22498846954358,161.78500956238213,166.08645114997907,161.5301830486996,144.48203597183317,136.1433312528883,5.206165883847262,4.472099811025648,0.7340660728216148
2024-06-12,170.9681457292666,173.63089071132956,169.17324911909213,170.5933837890625,20309500,TSM,171.0914173371877,163.00499901596285,173.63089071132956,163.00499901596285,145.13761420128344,136.7404389090186,5.84514582820259,4.746709014461036,1.0984368137415537
2024-06-13,171.10189808155732,172.20994031678197,168.6879688741854,171.0623321533203,15591800,TSM,170.76553485646127,167.04820817657526,172.20994031678197,167.04820817657526,145.78218777291724,137.32976952481602,6.316568778584696,5.060680967285768,1.2558878112989271
2024-06-14,170.16203541337643,171.78451003093036,168.53956079582252,170.6665802001953,9192500,TSM,170.28817161008118,168.90687151651827,171.78451003093036,168.53956079582252,146.37806175943263,137.91432654183706,6.582363597824724,5.36501749339356,1.2173461044311642
2024-06-17,175.9396335391468,176.76076613586102,171.62622302738401,175.34605407714844,18593700,TSM,174.91816919488508,169.59752156329972,176.76076613586102,169.59752156329972,147.10381411414508,138.52092280372383,7.088886074902774,5.709791209695403,1.379094865207371
2024-06-18,178.09635772018518,182.88463512658242,177.0773652377088,177.76988220214844,27155100,TSM,178.9570600716562,172.2578453790924,182.88463512658242,172.2578453790924,147.83879528716406,139.15663713099934,7.598302953526286,6.08749355846158,1.5108093950647055
2024-06-20,180.62897926905987,181.21267099442352,171.6460049780297,173.50592041015625,28403200,TSM,176.74839391291735,175.6074527253743,181.21267099442352,171.6460049780297,148.50006641598821,139.77370252436057,7.570683294356996,6.384131505640664,1.1865517887163328
2024-06-21,170.8644771364644,175.5834954161521,170.3698199930033,172.1011199951172,20271300,TSM,172.22972813518425,176.1779233191458,176.1779233191458,170.3698199930033,149.05242342681922,140.34734922846056,7.350704516379551,6.577446107788441,0.7732584085911096
2024-06-24,168.60881358543529,169.58824008792305,165.3341859652436,166.01681518554688,19741700,TSM,167.3870137060372,174.20382572716503,174.20382572716503,165.3341859652436,149.51014536076687,140.87696427350787,6.60923010989157,6.583802908209067,0.025427201682502343
2024-06-25,168.13393890498423,170.7951964175419,167.20398117687634,170.75563049316406,13481000,TSM,169.22218674814164,170.79541971660112,170.79541971660112,167.20398117687634,150.05343702782542,141.4541764687464,6.331009159434359,6.533244158454126,-0.20223499901976716
2024-06-26,170.28076161865192,171.8339922164846,168.38128009535865,170.23130798339844,11901500,TSM,170.1818354784734,170.00880323237138,171.8339922164846,168.38128009535865,150.6438311583079,142.04159890815893,5.999055232691035,6.426406373301508,-0.4273511406104733
2024-06-27,171.93289705120904,173.60484035634627,169.32110833603048,169.79598999023438,10864600,TSM,171.16370893345504,170.0953193554224,173.60484035634627,169.32110833603048,151.32896229631808,142.62248632689278,5.635885846384014,6.268302267918009,-0.6324164215339954
2024-06-28,170.9633987302719,174.93055866406206,170.9633987302719,171.9527130126953,11216100,TSM,172.2025172843253,170.6295141444387,174.93055866406206,170.6295141444387,152.01120071570458,143.1854003934338,5.459171088574692,6.106476032049346,-0.6473049434746541
2024-07-01,172.37810379074284,173.42677437965864,168.62859468991826,170.48851013183594,10717000,TSM,171.23049574803892,171.416015714382,173.42677437965864,168.62859468991826,152.81946345829513,143.72206839204776,5.141704070295702,5.913521639698618,-0.7718175694029155
2024-07-02,169.30133665545907,174.821711467488,169.20239920138437,173.82249450683594,10655500,TSM,171.78698545779184,171.32325573121045,174.821711467488,169.20239920138437,153.714448448194,144.2367501743448,5.1003402987632,5.750885371511535,-0.6505450727483346
2024-07-03,176.08803376468998,180.53994750976562,175.9792086026476,180.53994750976562,11808700,TSM,178.28678434671718,171.55512059450115,180.53994750976562,171.55512059450115,154.7508692965566,144.7388352585795,5.545674446100946,5.709843186429417,-0.16416874032847062
2024-07-05,182.17231687351682,183.1022746403537,180.35198236160542,182.02392578125,11372900,TSM,181.9126249141815,174.92095247060917,183.1022746403537,174.92095247060917,155.77982605336035,145.2482523402159,5.949764429961448,5.757827435135823,0.19193699482562465
2024-07-08,187.96969565163357,190.7397783961734,183.1517403884616,184.63571166992188,22582400,TSM,186.62423152654762,178.41678869239533,190.7397783961734,178.41678869239533,156.8648985806725,145.81919944585317,6.40690315567258,5.887642579243175,0.5192605764294056
2024-07-09,186.08012300876098,186.42638905195344,180.54985969638054,182.54827880859375,19935200,TSM,183.90116264142216,182.52051010947147,186.42638905195344,180.54985969638054,157.91331055833948,146.40127130617424,6.5255282748483125,6.015219718364203,0.5103085564841097
2024-07-10,186.2680792830311,189.37452531581076,184.7049610110833,189.00848388671875,19293500,TSM,187.33901237416097,183.21083637544683,189.37452531581076,183.21083637544683,158.9490187773458,147.00355333190663,7.059447183285442,6.224065211348451,0.8353819719369913
2024-07-11,191.02669436431825,191.40263862856145,181.05440441925498,182.5284881591797,21584200,TSM,186.5030563928286,185.2749243748039,191.40263862856145,181.05440441925498,159.9617948743357,147.59339946573425,6.880387441735536,6.355329657425869,0.5250577843096673
2024-07-12,181.11375886854887,188.34564329630288,180.79717107679727,185.3480224609375,19220300,TSM,183.90114892564662,185.88899038381624,188.34564329630288,180.79717107679727,160.91671452987052,148.18433591051937,6.8866096119807025,6.461585648336836,0.4250239636438664
2024-07-15,186.6637869447666,188.02904530509892,182.11295090321883,183.2407684326172,15683100,TSM,185.01163789642538,184.89506965473143,188.02904530509892,182.11295090321883,161.9295441817863,148.79826190991014,6.6449046136232255,6.4982494413941145,0.14665517222911095
2024-07-16,186.25818342605106,187.56407028356625,183.04291236641572,184.052001953125,16663300,TSM,185.2292920072895,184.95335377557842,187.56407028356625,183.04291236641572,162.96255530581453,149.42755066162348,6.44452297707457,6.487504148530206,-0.04298117145563651
2024-07-17,173.34763757217038,174.69310550538998,168.6879609878201,169.37059020996094,45052600,TSM,171.52482356883536,185.09132289143395,185.09132289143395,168.6879609878201,163.62512532143205,149.86778650563812,5.042920211354414,6.198587361095048,-1.1556671497406343
2024-07-18,173.6246319139975,176.78054644216795,162.7520640593911,170.03341674804688,52903600,TSM,170.79766479090085,178.30807323013465,178.30807323013465,162.7520640593911,164.25042030408522,150.30190493615365,3.940204261633454,5.746910741202729,-1.806706479569275
2024-07-19,167.36227353375364,168.69785367925425,163.4544856466308,163.9986114501953,22585300,TSM,165.8783060774585,174.55286901051775,174.55286901051775,163.4544856466308,164.77811693513272,150.6827045056741,2.5499414366772157,5.107516880297627,-2.5575754436204114
2024-07-22,164.82964826862667,169.05402435503754,164.40423529012423,167.54037475585938,21037200,TSM,166.45707066741195,170.21558754398814,170.21558754398814,164.40423529012423,165.2977141672365,151.0705929976476,1.714178843939095,4.428849273025921,-2.7146704290868255
2024-07-23,167.60960584841982,169.70694707042855,166.1751033126924,168.00534057617188,11690700,TSM,167.87424920192817,168.33632910570003,169.70694707042855,166.1751033126924,165.8434851344322,151.49428659753892,1.0769355806627914,3.758466534553295,-2.6815309538905034
2024-07-24,163.3258725384888,163.68202624316098,157.88464460894696,158.0924072265625,19536600,TSM,160.7462376542898,168.1052891538141,168.1052891538141,157.88464460894696,166.12983115522144,151.84196087755532,-0.22537716438765187,2.9616977947651058,-3.1870749591527576
2024-07-25,156.46993476421574,161.65393142047157,150.48458093952664,158.56727600097656,25731800,TSM,156.79393078129763,164.42576340405196,164.42576340405196,150.48458093952664,166.3605036113852,152.10655087464664,-1.2052579921589484,2.128306637380295,-3.3335646295392434
2024-07-26,162.54431565754004,162.83121011502152,157.48891981583972,160.20953369140625,13089200,TSM,160.76849481995188,160.60984709267478,162.83121011502152,157.48891981583972,166.633536807494,152.3443660517728,-1.8282294461089066,1.3369994206824547,-3.1652288667913613
2024-07-29,160.9416381876855,161.48576405529937,156.93492747102366,158.3001708984375,12663100,TSM,159.4156251531115,160.68917095631332,161.48576405529937,156.93492747102366,166.77610944581886,152.60455231057932,-2.447791811507585,0.5800411742444468,-3.027832985752032
2024-07-30,158.72557371599692,159.42797834904277,150.91988523005853,152.88861083984375,22018000,TSM,155.49051203373548,160.0523980547124,160.0523980547124,150.91988523005853,166.86024873204397,152.77703980925335,-3.3370002584569534,-0.20336711229583326,-3.13363314616112
2024-07-31,162.0199983414051,164.86921310561337,160.33816714186287,164.02830505371094,19860400,TSM,162.81392091064808,157.77145504422396,164.86921310561337,157.77145504422396,167.10604420961153,152.95678111902262,-3.1070084746648376,-0.7840953847696343,-2.3229130898952035
2024-08-01,161.7330997147032,165.87832910283103,155.1640532780897,156.48973083496094,21095600,TSM,159.81630323264622,160.292687977436,165.87832910283103,155.1640532780897,167.29307099481272,153.0727829272377,-3.4927757216264013,-1.3258314521409877,-2.1669442694854135
2024-08-02,149.63378270022324,152.2158935377558,145.32037189756417,148.25863647460938,31095300,TSM,148.85717115253814,160.0544956050411,160.0544956050411,145.32037189756417,167.25287687692162,153.1715949149743,-4.411822821677049,-1.9430297260482001,-2.4687930956288486
2024-08-05,132.42960026868272,148.39713095568496,132.14270579095924,146.36903381347656,31193100,TSM,139.83461770720086,154.45583337878963,154.45583337878963,132.14270579095924,166.97360187383154,153.15508607045334,-5.232334319508766,-2.6008906447403133,-2.6314436747684526
2024-08-06,148.83243553279198,156.0247542289153,146.14149961309144,153.7295379638672,24528100,TSM,151.18205683466647,147.14522554299526,156.0247542289153,146.14149961309144,166.87630514098237,153.26776695558607,-5.2283947423428,-3.1263914642608106,-2.1020032780819897
2024-08-07,159.82369960760101,160.91193608558092,152.8688225297951,153.3832550048828,22379000,TSM,156.74692830696497,149.16364118883087,160.91193608558092,149.16364118883087,166.8821694731604,153.4494545346721,-5.1933490447973725,-3.5397829803681233,-1.6535660644292491
2024-08-08,157.56806389678397,162.98950103992516,153.8779113654634,162.79164123535156,18889600,TSM,159.30677938438103,152.9552847478979,162.98950103992516,152.9552847478979,166.92690343408412,153.70486917090838,-4.356181587654049,-3.7030627018253086,-0.6531188858287407
2024-08-09,164.5427434631908,166.00692423879866,161.49565394397578,165.3341827392578,20519400,TSM,164.34487609630577,156.13103206613948,166.00692423879866,156.13103206613948,167.1507532481557,153.98003528258104,-3.447814239578804,-3.6520130093760077,0.20419876979720364
2024-08-12,164.22615813140598,167.71843606955346,163.7710669547008,165.8387451171875,14727300,TSM,165.38860156821193,160.23795408122263,167.71843606955346,160.23795408122263,167.43832803778042,154.3038541968475,-2.6565890992339973,-3.4529282273476056,0.7963391281136083
2024-08-13,166.2047780179936,170.60722298801346,164.5625128979344,170.49839782714844,15243500,TSM,167.96822793277246,162.81327782471726,170.60722298801346,162.81327782471726,167.82512938016677,154.63835585387716,-1.6346986551579903,-3.089282312909683,1.4545836577516926
2024-08-14,170.04332600565485,170.6665836736485,165.4034400884122,168.1537322998047,11510300,TSM,168.56677051688007,165.39075287874488,170.6665836736485,165.39075287874488,168.1408135072593,154.9343649573455,-1.0024820398420218,-2.671922258296151,1.6694402184541293
2024-08-15,170.58745524804718,173.56530091295545,168.99467373801087,172.1011199951172,15393500,TSM,171.3121374735327,166.97876169781247,173.56530091295545,166.97876169781247,168.55593215907538,155.26584073144295,-0.18084000895882468,-2.1737058084286858,1.992865799469861
2024-08-16,171.53719093262154,173.12998742072165,170.40937333268172,172.67489624023438,10710000,TSM,171.93786198156482,169.14544958567257,173.12998742072165,169.14544958567257,168.8231104380195,155.60125606106016,0.5107288041238007,-1.6368188859181885,2.147547690041989
2024-08-19,172.892550814111,173.57518005371094,169.2716721754626,173.57518005371094,11511000,TSM,172.32864577424888,170.5416557836187,173.57518005371094,169.2716721754626,169.0563874659017,155.94620067375826,1.1185534626952176,-1.0857444161955074,2.204297878890725
2024-08-20,173.52569525715063,173.52569525715063,168.03501382068507,170.20159912109375,13555500,TSM,171.32200086402003,171.4351507789338,173.52569525715063,168.03501382068507,169.24788421764706,156.30344085867355,1.3129047480031488,-0.6060145833557762,1.918919331358925
2024-08-21,168.53957105788703,171.23050694290592,168.0943826782065,169.6080322265625,9434800,TSM,169.36812322639048,171.37857582147691,171.37857582147691,168.0943826782065,169.35898191362585,156.65596005873658,1.4028623303985626,-0.20423920060490844,1.607101531003471
2024-08-22,170.16203762954476,171.4283585623848,164.28550903097408,164.6614532470703,13546100,TSM,167.63433961749348,170.3733495239337,171.4283585623848,164.28550903097408,169.4271689365849,156.954602454209,1.0627559896902028,0.0491598374541138,1.013596152236089
2024-08-23,167.19410234613684,171.43825368664528,166.12564118237725,169.44973754882812,12189100,TSM,168.55193369099686,169.0038445707136,171.43825368664528,166.12564118237725,169.37637926366108,157.25699673247223,1.1661511258601536,0.27255809513532175,0.8935930307248319
2024-08-26,168.5593659452468,169.2222046781109,166.02672389259084,167.26336669921875,9611300,TSM,167.76791530379182,168.77788913085521,169.2222046781109,166.02672389259084,169.31642687260765,157.54930732276244,1.0594578898323448,0.42993805407472635,0.6295198357576184
2024-08-27,164.64166660442925,168.75721728070621,163.27640818399684,168.7275390625,9186000,TSM,166.35070778290807,168.27290221732352,168.75721728070621,163.27640818399684,169.2376775960642,157.8078696777484,1.0805928035215118,0.5600690039640834,0.5205237995574283
2024-08-28,169.4893242446872,170.6270295918028,164.4240250288881,167.3919677734375,10581400,TSM,167.9830866597039,167.31180500011578,170.6270295918028,164.4240250288881,169.0989759453606,158.1013950297528,0.9782957492670619,0.6437143530246792,0.3345813962423827
2024-08-29,166.8478416559815,173.54550333247818,165.72002401865194,167.34249877929688,13213200,TSM,168.36396694660215,167.64744582990983,173.54550333247818,165.72002401865194,168.8871140828595,158.36295468501177,0.8830535704836109,0.6915821965164656,0.1914713739671453
2024-08-30,168.2427597934689,170.38956966017105,166.94676068877303,169.865234375,9481400,TSM,168.86108112935324,168.005706388256,170.38956966017105,166.94676068877303,168.7293678271882,158.61471712158823,0.9996142064730975,0.753188598507792,0.24642560796530555
2024-09-03,166.2047837999185,166.8775102026789,158.0924104669269,158.77503967285156,18464400,TSM,162.48743603559396,168.4333937588046,168.4333937588046,158.0924104669269,168.53452198519642,158.7934727060078,0.19485713072114663,0.6415223049504629,-0.4466651742293163
2024-09-04,157.59775501539576,162.12881586105127,157.25148900724116,159.15097045898438,11317400,TSM,159.03225758566813,165.46041489719929,165.46041489719929,157.25148900724116,168.367426862789,158.93878611177794,-0.40788236313343873,0.43164137133368263,-0.8395237344671214
2024-09-05,159.8138071035191,162.83121839259468,159.32905281322823,161.9507293701172,10260600,TSM,160.98120191986482,162.2463362414337,162.83121839259468,159.32905281322823,168.2026071662235,159.12802209702446,-0.6521233370529558,0.21488842965635496,-0.8670117667093107
2024-09-06,163.12801415599787,163.6424617552045,154.34289942744687,155.14425659179688,14964400,TSM,159.06440798261153,161.61376908064926,163.6424617552045,154.34289942744687,167.9802586163063,159.31204488730708,-1.37901510990946,-0.10389227825680807,-1.275122831652652
2024-09-09,159.04215409946556,161.35716092747242,158.5376092641979,161.0405731201172,10339000,TSM,159.99437435281328,160.3390885316304,161.35716092747242,158.5376092641979,167.7568719246934,159.54291711050575,-1.4624405067839064,-0.37560192396222775,-1.0868385828216787
2024-09-10,161.149396614323,161.149396614323,156.0049655642557,160.69430541992188,11910800,TSM,159.7495160532059,160.16673144222185,161.149396614323,156.0049655642557,167.50781190007103,159.75950630788782,-1.5387587908830653,-0.6082332973463953,-0.93052549353667
2024-09-11,162.04968141750442,168.55937116465347,159.69510861014004,168.4109649658203,15059500,TSM,164.67878153952955,159.95812374771387,168.55937116465347,159.69510861014004,167.37677761590083,160.098120537098,-0.9654426247251706,-0.6796751628221505,-0.28576746190302016
2024-09-12,169.39995762195747,170.93904236433514,167.8112064119138,170.22410583496094,13415500,TSM,169.59357805829183,162.3184526436217,170.93904236433514,162.3184526436217,167.33290946791087,160.52367895805241,-0.3606230790606162,-0.6158647460698436,0.25524166700922746
2024-09-13,171.02840970186247,173.54061159440113,170.24395835037762,171.2865753173828,8787800,TSM,171.524888741006,165.95601535095676,173.54061159440113,165.95601535095676,167.19767155579663,160.97427042617662,0.20210345336619184,-0.45227110618263655,0.6543745595488284
2024-09-16,168.71480359757928,169.36022523386544,165.59689194492245,167.89064025878906,12194300,TSM,167.89064025878906,168.74045204598139,169.36022523386544,165.59689194492245,166.9172318626888,161.3485289580246,0.36978208858923267,-0.2878604672282627,0.6576425558174954
2024-09-17,168.15873706459772,169.0424758774565,165.18976434876953,166.1728057861328,8629100,TSM,167.14094576923912,168.31554615238522,169.0424758774565,165.18976434876953,166.52756614754261,161.69623236410757,0.35990496920916826,-0.1583073799407765,0.5182123491499447
2024-09-18,167.27500941318544,170.3929211223603,165.82527281653276,166.10330200195312,9116000,TSM,167.3991263385079,167.72824596081216,170.3929211223603,165.82527281653276,166.19752542148433,162.0554179899119,0.3425205428177662,-0.05814179538906796,0.40066233820683417
2024-09-19,173.15335455874552,176.52943170159892,171.41566467462468,174.98040771484375,15855000,TSM,174.01971466245323,167.56368614966004,176.52943170159892,167.56368614966004,165.93113946725015,162.440079122298,1.0331420827950808,0.1601149802477618,0.873027102547319
2024-09-20,173.63990497672046,174.7818246085602,172.42848562549094,172.85546875,18429800,TSM,173.4264209901929,170.79170040605663,174.7818246085602,170.79170040605663,165.66960675919745,162.81570081676657,1.3929428353505102,0.4066805512683115,0.9862622840821987
2024-09-23,173.61012450133555,174.16618288559687,172.4781441758165,173.5306854248047,5794200,TSM,173.4462842468884,172.10906069812478,174.16618288559687,172.10906069812478,165.46050946562227,163.1886119977464,1.7128274578743685,0.6679099325895229,1.0449175252848457
2024-09-24,178.23734540172703,181.49427172675644,175.80458243628402,180.68997192382812,14576100,TSM,179.0565428721489,172.7776724725066,181.49427172675644,172.7776724725066,165.34140756513676,163.63547587346153,2.5150410856100223,1.0373361631936229,1.4777049224163994
2024-09-25,180.2431431463351,182.52696735048582,179.93532619496062,181.0673065185547,8280900,TSM,180.94318580258405,175.91710767232775,182.52696735048582,175.91710767232775,165.25568544104266,164.1091203734286,3.1449953646334166,1.4588680034815817,1.6861273611518348
2024-09-26,187.1740284354306,187.9981917581218,182.50709282568675,185.51577758789062,15103400,TSM,185.79877265178246,178.4301467374559,187.9981917581218,178.4301467374559,165.5411644227016,164.5831448720668,3.9575726729362657,1.9586089373725186,1.998963735563747
2024-09-27,184.53274444264858,184.6320470745169,176.15211140182774,176.71810913085938,17908400,TSM,180.50875301246313,182.1144596946192,184.6320470745169,176.15211140182774,165.73538618713283,164.99290324560906,3.8472984629495386,2.336346842487923,1.5109516204616158
2024-09-30,173.0441344716527,175.57620000314608,170.72058324956177,172.44834899902344,13540200,TSM,172.947316680846,181.31160635354115,181.31160635354115,170.72058324956177,165.87676639920056,165.32744166716665,3.376449786910939,2.5443674313725264,0.8320823555384127
2024-10-01,174.07681838454425,174.75204295459014,169.57868487380534,170.859619140625,11850200,TSM,172.31679133839117,177.1294615171936,177.1294615171936,169.57868487380534,165.99396081262017,165.6458374899283,2.8423369063029327,2.6039613263586077,0.238375579944325
2024-10-02,171.74335085327118,175.72513777957798,169.58860199221084,174.56336975097656,11164400,TSM,172.90511509400915,174.72312642779238,175.72513777957798,169.58860199221084,166.09457813046177,165.96903163244696,2.686936984073384,2.620556457901563,0.06638052617182089
2024-10-03,174.56337693668976,179.5182661919371,173.88815236705545,178.2174835205078,12555000,TSM,176.54681975404753,173.81412076090078,179.5182661919371,173.81412076090078,166.41058977245694,166.27021046383916,2.8260607988809454,2.6616573260974397,0.16440347278350576
2024-10-04,178.43594447260264,179.95518087695493,176.30107414402931,179.88568115234375,9993800,TSM,178.64447016148267,175.18047025747416,179.95518087695493,175.18047025747416,166.84760056006064,166.6040520857229,3.0359307121800043,2.736512003313953,0.2994187088660514
2024-10-07,180.3225784753267,183.6986558189858,179.65727811827009,183.21209716796875,12054200,TSM,181.72265239513786,176.9124702094784,183.6986558189858,176.9124702094784,167.26668371156435,166.9501102595292,3.4311163296900133,2.875432868589165,0.5556834611008483
2024-10-08,183.65894299332572,185.22781546993014,180.74954560636672,184.74127197265625,10394200,TSM,183.59439401056972,179.31756130230815,185.22781546993014,179.31756130230815,167.75025908871353,167.26318426726618,3.8236191046978263,3.0650701158108973,0.758548988886929
2024-10-09,186.47896942467105,186.67755954282993,180.97793072779638,185.8236083984375,11925000,TSM,184.98951702343373,181.45597765643893,186.67755954282993,180.97793072779638,168.34023918850752,167.60024396027572,4.17390174466999,3.2868364415827163,0.8870653030872742
2024-10-10,184.55261412666937,185.76403354870263,183.10287747111235,184.47317504882812,6443800,TSM,184.47317504882812,183.22274733993635,185.76403354870263,183.10287747111235,168.7734242712711,167.93973424044128,4.29304700172014,3.4880785536102015,0.8049684481099386
2024-10-11,186.8463597726676,190.14301327208418,186.68748161936819,189.46778869628906,12163900,TSM,188.28616084010227,183.84796119438224,190.14301327208418,183.84796119438224,169.34282142342022,168.31794620911646,4.735901531095692,3.7376431491072997,0.9982583819883923
2024-10-14,189.26918951979928,192.8835840013337,189.15996268856662,190.85794067382812,11714400,TSM,190.54266922088192,186.06706101724225,192.8835840013337,186.06706101724225,170.1765313847871,168.71470413085433,5.139792257092807,4.018072970704401,1.121719286388406
2024-10-15,191.6026667334774,192.2580125755661,182.9539288832651,185.8136749267578,21812700,TSM,188.1570707797666,188.30486511906207,192.2580125755661,182.9539288832651,171.1429804462384,169.05829116003497,4.995266159380179,4.213511608439557,0.7817545509406223
2024-10-16,188.445033294739,188.67341116813202,185.34698509408761,186.1612091064453,18689200,TSM,187.15665966585098,188.23096794941432,188.67341116813202,185.34698509408761,171.86247250286212,169.36938882192226,4.852830875969232,4.341375461945492,0.5114554140237404
2024-10-17,201.91958439049156,211.10451726264137,200.549286854073,204.39205932617188,62274700,TSM,204.49136195834444,187.69381380763264,211.10451726264137,187.69381380763264,172.8173611758897,169.84976532452507,6.14024620277965,4.701149610112324,1.439096592667326
2024-10-18,204.50127594016735,204.50127594016735,199.34778170793925,199.36764526367188,21030800,TSM,201.92949471298647,196.09258788298854,204.50127594016735,196.09258788298854,173.66981548246181,170.29835945827298,6.67812265950829,5.096544219991517,1.5815784395167727
2024-10-21,199.3974386598025,202.00894328442942,198.25553417187243,200.5294189453125,14820000,TSM,200.04783376535423,199.0110412979875,202.00894328442942,198.25553417187243,174.38387463584277,170.76731394199925,7.1161089787341325,5.500457171740041,1.6156518069940917
2024-10-22,197.6696930767886,198.76194627749425,195.72347359969996,197.08383178710938,11165100,TSM,197.30973618527304,199.52943753167085,199.52943753167085,195.72347359969996,175.02229732818398,171.23031268298217,7.103303740678541,5.821026485527741,1.2822772551507997
2024-10-23,195.2964931347523,201.70113423511094,194.8496615850994,199.4470977783203,16535700,TSM,197.82359668332074,198.41958685847194,201.70113423511094,194.8496615850994,175.61940470319496,171.72226704168082,7.2008444595557535,6.096990080333344,1.1038543792224091
2024-10-24,197.56045779580398,199.08961827200162,196.02135796590423,196.53768920898438,9935800,TSM,197.30228081067355,198.12159177089634,199.08961827200162,196.02135796590423,176.19411490907086,172.1674642081651,6.96311477269424,6.270215018805524,0.6928997538887165
2024-10-25,198.84139370630461,203.7565711945964,198.59315226597215,202.0089569091797,13434900,TSM,200.80001851901324,197.71193629078493,203.7565711945964,197.71193629078493,176.78387252998044,172.6699023445279,7.133961988157978,6.442964412676015,0.6909975754819628
2024-10-28,197.8583470210088,198.33498148314388,193.15169913119874,193.31056213378906,20135300,TSM,195.6638974422851,199.25597740489908,199.25597740489908,193.15169913119874,177.25839323919485,173.04075183860715,6.492628890120841,6.452897308164981,0.03973158195586013
2024-10-29,193.02260661300545,197.3916497409821,192.23817035715427,195.55467224121094,13779100,TSM,194.55177473808817,197.4599374235921,197.4599374235921,192.23817035715427,177.70285581847162,173.3796216421867,6.0951871963519295,6.381355285802371,-0.2861680894504417
2024-10-30,193.01268151300766,194.07514695471158,191.25512794610077,193.11196899414062,10007800,TSM,192.86373135199017,196.00585608084015,196.00585608084015,191.25512794610077,178.13369042823103,173.69078732293903,5.519480912905124,6.208980411222922,-0.6894994983177982
2024-10-31,191.50336419456926,191.50336419456926,186.3399456202751,189.19967651367188,13062700,TSM,189.63658763077137,194.43479371641516,194.43479371641516,186.3399456202751,178.53905971631863,173.94902081497224,4.693437206202503,5.905871770218838,-1.212434564016335
2024-11-01,192.8339347788539,196.77600979685232,191.1955474440437,191.5927276611328,12691200,TSM,193.09955492022067,192.03569067359325,196.77600979685232,191.1955474440437,179.04836402237316,174.23776647947903,4.183664169054026,5.561430249985876,-1.37776608093185
2024-11-04,192.3374551705357,192.992816176077,189.25927055762634,190.21250915527344,10917300,TSM,191.2005127648781,192.56762279690696,192.992816176077,189.25927055762634,179.50133560385083,174.43885743375594,3.6264893540793253,5.174442070804566,-1.5479527167252405
2024-11-05,192.21830707767882,196.9448184794174,192.12894379867842,194.38296508789062,10339200,TSM,193.9187586109163,191.88406778089254,196.9448184794174,191.88406778089254,180.02435246999332,174.67038967130048,3.4813148087201284,4.835816618387678,-1.3545018096675498
2024-11-06,190.68911723627474,192.89350219690417,187.17402549312297,191.86082458496094,19834900,TSM,190.6543673778157,192.9014131959044,192.9014131959044,187.17402549312297,180.51042566189145,174.87405162897784,3.126704571424739,4.49399420899509,-1.3672896375703516
2024-11-07,194.92908771009087,200.58898898302283,194.86951219428954,199.77476501464844,14865200,TSM,197.54058847551292,191.77789028686004,200.58898898302283,191.77789028686004,181.10157569820763,175.10027582178412,3.4445555642717807,4.284106480050428,-0.8395509157786476
2024-11-08,202.4557632165507,205.15663096257003,198.61299104802868,199.78468322753906,13112100,TSM,201.50251711367213,194.65923938118647,205.15663096257003,194.65923938118647,181.76434670154904,175.32573039220426,3.6551211219264417,4.158309408425631,-0.5031882864991895
2024-11-11,196.56749709087507,196.80579916249266,190.14300778497815,192.68499755859375,16610000,TSM,194.0503253992349,198.0808782474293,198.0808782474293,190.14300778497815,182.26813158694665,175.49874970706745,3.2120836436838545,3.969064255477276,-0.7569806117934217
2024-11-12,192.46654267615335,192.63534502630085,188.38545305948642,190.42103576660156,11819000,TSM,190.97709413213553,196.0656018233321,196.0656018233321,188.38545305948642,182.8379247488775,175.68622336703694,2.647768625828519,3.704805129547525,-1.0570365037190061
2024-11-13,191.08632551065097,191.12603747279636,185.1881067117907,185.34698486328125,13882200,TSM,188.18686363962982,193.5213479777338,193.5213479777338,185.1881067117907,183.42101686995673,175.89422186637287,1.7706998802259477,3.31798407968321,-1.5472841994572621
2024-11-14,187.07473911359332,191.30478285745636,186.220787972239,187.17404174804688,11453900,TSM,187.9435879228339,190.85410580868182,191.30478285745636,186.220787972239,183.9602645900161,176.0814358781198,1.2091069691485359,2.8962086575762753,-1.6871016884277394
2024-11-15,186.85627176307406,187.47192077900854,183.5099823169779,184.7015380859375,9834800,TSM,185.6349282362495,189.39884686575786,189.39884686575786,183.5099823169779,184.49167499508886,176.23596680569756,0.5580967669777692,2.428586279456574,-1.8704895124788048
2024-11-18,183.05323670310884,186.67755552370537,182.1992855771018,186.1612091064453,10694000,TSM,184.52282172759033,187.51688755100366,187.51688755100366,182.1992855771018,184.98224394258443,176.3695579336389,0.15812695475366922,1.9744944145159933,-1.816367459762324
2024-11-19,187.79960536617162,188.6833442221806,186.69741284674882,188.33580017089844,9390100,TSM,187.87904065149985,186.019854639297,188.6833442221806,186.019854639297,185.5448344345503,176.52632316731066,0.016429928041560515,1.5828815172211068,-1.5664515891795463
2024-11-20,187.521577565984,187.521577565984,182.7652634020017,187.03501892089844,10624500,TSM,186.21085936371702,186.94944764539844,187.521577565984,182.7652634020017,185.97547599103405,176.67612680346744,-0.19853952226614524,1.2265973093236564,-1.4251368315898016
2024-11-21,188.07764625084894,190.94731666087176,185.4264295178345,189.894775390625,18137300,TSM,188.58654195504505,186.58015350455773,190.94731666087176,185.4264295178345,186.3553352689691,176.84412236843997,-0.13657160087925035,0.9539635272830751,-1.0905351281623255
2024-11-22,191.59272659991237,191.642377914637,188.09748313336263,188.742919921875,8838900,TSM,190.01887689244674,187.5833477298014,191.642377914637,187.5833477298014,186.7252150319979,176.96144329389725,-0.1783507699393283,0.7275006678385945,-0.9058514377779228
2024-11-25,186.76692820522612,186.92580636491343,182.41774843183683,183.77810668945312,14380000,TSM,184.97214742285738,188.8011123111241,188.8011123111241,182.41774843183683,187.06684517527927,176.99203851898403,-0.6051047269751564,0.46097958887584434,-1.0660843158510007
2024-11-26,184.0958380607256,184.5923209197367,181.0474411851539,182.54681396484375,10186600,TSM,183.070603532615,186.88662986699075,186.88662986699075,181.0474411851539,187.38543833054678,176.9565022390447,-1.0307831189011267,0.16262704732045014,-1.1934101662215768
2024-11-27,180.7197508132575,181.16658233168087,176.79753947150223,179.9154510498047,9895200,TSM,179.6498309165613,184.97861669980287,184.97861669980287,176.79753947150223,187.63045242210788,176.9139889217961,-1.5624543067220316,-0.18238922348804623,-1.3800650832339854
2024-11-29,180.2331873598483,185.6349228506346,179.90550688138663,183.3610382080078,8045300,TSM,182.28366382496932,182.31422380818208,185.6349228506346,179.90550688138663,187.7957314053582,176.86343543630417,-1.686338406420532,-0.4831790600745434,-1.2031593463459886
2024-12-02,188.0081275716588,193.91627063140513,187.61094734047344,193.03253173828125,16646900,TSM,190.64196932045465,182.2989438165757,193.91627063140513,182.2989438165757,188.14004237196343,176.90482456558047,-0.9926659133827513,-0.5850764307361851,-0.40758948264656625
2024-12-03,192.13886691081444,197.60017837339572,191.24520382297385,197.49095153808594,11217700,TSM,194.6188001613175,186.47045656851517,197.60017837339572,186.47045656851517,188.563492690252,177.01200107793713,-0.08222046143561101,-0.48450523687607033,0.4022847754404593
2024-12-04,198.44420223892757,201.17485792814674,196.87531460658352,199.27828979492188,12761100,TSM,198.94316614214492,190.54462836491632,201.17485792814674,190.54462836491632,188.96122515565193,177.15131636039433,0.7746081776601557,-0.23268255396882515,1.0072907316289808
2024-12-05,199.83435130168374,204.1835460070504,199.33786844130688,202.86289978027344,12483700,TSM,201.55466638257863,194.74389725353063,204.1835460070504,194.74389725353063,189.37345476725181,177.31457010414724,1.7230370170634046,0.1584613602376208,1.5645756568257838
2024-12-06,200.5790744148925,201.7607060398862,198.5236281122992,201.59190368652344,9672900,TSM,200.61382806340032,198.14928181805465,201.7607060398862,198.14928181805465,189.66975587548419,177.6054601490929,2.345082293823026,0.5957855469547019,1.7492967468683243
2024-12-09,199.51659615775222,201.70113287726846,197.5803160213215,197.76898193359375,9699700,TSM,199.14175674748398,199.38155494072748,201.70113287726846,197.5803160213215,190.0424159501846,177.8889010686587,2.5007527008075954,0.9767789777252806,1.5239737230823147
2024-12-10,197.69948197993298,198.50378179324258,189.03088028848524,190.58984375,15307900,TSM,193.9559969529152,199.26165584410575,199.26165584410575,189.03088028848524,190.46258955562595,178.1696779774133,2.0215233047303798,1.1857278431263005,0.8357954616040792
2024-12-11,193.30062459587066,194.62127075128598,191.90053936891306,193.2311248779297,9027600,TSM,193.26338989849984,196.60882639851047,196.60882639851047,191.90053936891306,190.88152152682815,178.43774116972415,1.8337218643938513,1.3153266473798106,0.5183952170140407
2024-12-12,193.87462934153768,194.6615565967855,190.5475806128866,190.71693420410156,7944900,TSM,192.45017518882784,194.93610814850516,194.93610814850516,190.5475806128866,191.27242272872454,178.68350042959318,1.465124649529713,1.3452862478097911,0.11983840171992188
2024-12-13,197.7395598322254,201.75391783330394,196.50438210855103,200.20994567871094,19477000,TSM,199.05195136319782,193.6931416686665,201.75391783330394,193.6931416686665,191.72252536090753,179.06655756668223,1.9169183492542459,1.459612668098682,0.4573056811555638
2024-12-16,202.41135767251532,204.7024341850598,200.09039880890197,201.43516540527344,15139300,TSM,202.15983901793763,196.37254651593216,204.7024341850598,196.37254651593216,192.19283273803663,179.52021664904862,2.3467808745276955,1.637046309384485,0.7097345651432105
2024-12-17,200.21990236991056,201.61446277425173,196.70360380793682,199.8812255859375,11169400,TSM,199.60479863450917,199.2661927669349,201.61446277425173,196.70360380793682,192.55047566282406,179.9085796871942,2.532862800484054,1.8162096076043988,0.7166531928796551
2024-12-18,202.21213719801938,204.44344901135932,193.2072290076516,194.80101013183594,14721100,TSM,198.66595633721656,199.43549570072202,204.44344901135932,193.2072290076516,192.85190690935698,180.3010829990353,2.244529597410576,1.9018736055656342,0.3426559918449419
2024-12-19,197.62998412002256,197.79933770901945,193.1972580450706,193.88458251953125,10553400,TSM,195.62779059841097,199.05072601896927,199.05072601896927,193.1972580450706,193.06467238085654,180.70245578468203,1.9199434937656292,1.9054875832056333,0.014455910559995955
2024-12-20,191.85250196066607,197.3112291556022,191.23489792067062,196.44461059570312,16170100,TSM,194.2108099081605,197.33925830869012,197.33925830869012,191.23489792067062,193.25942507804317,181.01642467465715,1.847977207883531,1.893985508141213,-0.04600830025768188
2024-12-23,200.21990456634126,207.2425460499998,200.13025751070055,206.5552215576172,17847000,TSM,203.53698242116468,195.7750341084253,207.2425460499998,195.7750341084253,193.56444150966442,181.45363146654236,2.5770782605459033,2.030604058622151,0.5464742019237523
2024-12-24,205.12080817199688,206.39583918599843,203.75613010222227,205.5292205810547,7634500,TSM,205.20049951031808,199.656008264795,206.39583918599843,199.656008264795,193.85759811545316,182.0170647501201,3.0370966340394148,2.2319025737056037,0.805194060333811
2024-12-26,204.70242884967698,207.35210870555446,202.1025579774721,202.2718963623047,8044900,TSM,204.10724797375207,202.42825388755654,207.35210870555446,202.1025579774721,194.17660165933287,182.65979105278564,3.1030555743515436,2.406133173834792,0.6969224005167516
2024-12-27,203.706314253705,203.706314253705,198.27746930984017,200.8474578857422,10664400,TSM,201.63438892574808,203.2677509306543,203.706314253705,198.27746930984017,194.4661562445308,183.16431437369644,3.0057399303192653,2.526054525131687,0.4796854051875785
2024-12-30,199.0643904950253,201.18612854305638,197.70966822954472,199.6122589111328,11235200,TSM,199.39311154468982,202.4510699282012,202.4510699282012,197.70966822954472,194.3641912362577,183.5907762060737,2.796707642230359,2.5801851485514216,0.2165224936789376
2024-12-31,200.0107061940799,200.99686937175173,196.59402568079403,196.72352600097656,6427900,TSM,198.58128181190057,200.9220907364455,200.99686937175173,196.59402568079403,194.29722697823598,183.98352123034888,2.370624362236782,2.538272991288494,-0.16764862905171185
2025-01-02,196.23542673249287,202.9791560593313,195.92663230002242,200.7976531982422,10951400,TSM,198.9847170725222,199.75168627417304,202.9791560593313,195.92663230002242,194.27596464437934,184.3299196401111,2.334784368152043,2.497575266661204,-0.16279089850916106
2025-01-03,203.3078783890496,207.98963429011258,202.90942169986363,207.8003692626953,10261900,TSM,205.50182591043028,199.3682016733476,207.98963429011258,199.3682016733476,194.43980643888247,184.73105188353327,2.8387185959548162,2.5658039325199264,0.2729146634348898
2025-01-06,217.92093496851885,221.3376154834148,214.8528869472176,219.15611267089844,24339900,TSM,218.3168875175124,202.43501379188893,221.3376154834148,202.43501379188893,194.84967225556633,185.23453847938063,4.107060059463748,2.874055157908691,1.2330049015550575
2025-01-07,220.38135171680898,220.62041052596285,210.49985401648468,210.59945678710938,17010000,TSM,215.52526826159146,210.37595065470066,220.62041052596285,210.37595065470066,195.21413200458468,185.70412345682777,4.3713885423156,3.1735218347900727,1.1978667075255274
2025-01-08,209.1550918662292,209.48381293537716,205.12080718068245,206.31614685058594,13262700,TSM,207.51896470821868,212.95060945814606,212.95060945814606,205.12080718068245,195.34851092836882,186.06619172917462,4.18697857192339,3.3762131822167363,0.810765389706654
2025-01-10,206.79429393073488,209.16504662530363,202.4412439133883,207.56129455566406,17265200,TSM,206.49046975627272,210.23478708318237,210.23478708318237,202.4412439133883,195.56504237464856,186.41171780692167,4.094110992426664,3.519792744258722,0.5743182481679421
2025-01-13,199.74177022427844,202.79984740689312,199.27359311560824,200.57850646972656,16612400,TSM,200.5984293041266,208.36262841972754,208.36262841972754,199.27359311560824,195.68597546596936,186.6944156422205,3.41766342907178,3.499366881221334,-0.08170345214955388
2025-01-14,204.3936420595483,205.4594813920004,197.7296041039137,200.66815185546875,14182900,TSM,202.0627198527328,204.48052886192707,205.4594813920004,197.7296041039137,195.8699552359842,187.00182283210762,2.8558866118692094,3.370670827350909,-0.5147842154816997
2025-01-15,201.704120736942,208.22868734654222,198.57630801126672,205.9973907470703,18286500,TSM,203.62662671045533,203.27162435732993,208.22868734654222,198.57630801126672,196.14975601757786,187.34440786694825,2.8083268334836475,3.258202028577457,-0.4498751950938096
2025-01-16,218.0404687544863,221.08859020326784,212.34266734320207,213.9563751220703,38539600,TSM,216.35702535575663,203.44912553389264,221.08859020326784,203.44912553389264,196.6149054262886,187.83163472433088,3.373965910720216,3.281354805006009,0.09261110571420694
2025-01-17,214.3349080871511,214.84292326899725,210.24085868177738,210.6791534423828,21606100,TSM,212.52446087007712,209.90307544482465,214.84292326899725,209.90307544482465,197.04138438839254,188.27135999612167,3.517249886691502,3.328533821343108,0.18871606534839414
2025-01-21,213.6276619602937,219.29556562695876,211.22701180858928,217.8511962890625,19061300,TSM,215.50035892122605,211.2137681574509,219.29556562695876,211.2137681574509,197.47301639459874,188.748684432296,4.161555566327877,3.495138170340062,0.666417395987815
2025-01-22,221.08859158252525,224.55508117339573,218.45883823780136,222.333740234375,17294500,TSM,221.60906280702434,213.35706353933847,224.55508117339573,213.35706353933847,198.09211030318292,189.3012679825372,4.9765101820072175,3.7914125726734933,1.1850976093337242
2025-01-23,219.2457833447068,223.82792131909756,218.55845884865602,223.74822998046875,8986800,TSM,221.3450983732323,217.4830631731814,223.82792131909756,217.4830631731814,198.56820050113728,189.8348880996725,5.671131810139428,4.167356420166681,1.5037753899727475
2025-01-24,225.34201211360693,225.52130621451485,220.10243232631598,221.01885986328125,13183800,TSM,222.99615262942973,219.41408077320685,225.52130621451485,219.41408077320685,198.99807321145246,190.38120995650075,5.932995221007133,4.520484180334772,1.4125110406723609
2025-01-27,196.27526743719966,206.19661867578688,186.94163791945718,191.56362915039062,68667500,TSM,195.2442882957086,221.20511670131827,221.20511670131827,186.94163791945718,199.02195246938194,190.64504202816428,3.7208413667155185,4.360555617610921,-0.6397142508954028
2025-01-28,194.89065370525609,202.05275091794212,191.71304723080567,201.6144561767578,31738800,TSM,197.56772700769042,208.22470249851344,208.22470249851344,191.71304723080567,199.15376512689306,190.99584493788527,2.7470450172603194,4.037853497540801,-1.2908084802804813
2025-01-29,203.6963592404517,205.64874377180794,198.97475018474879,201.54473876953125,15199500,TSM,202.46614799163493,202.89621475310193,205.64874377180794,198.97475018474879,199.43935081393312,191.43018384194497,1.9472323005321925,3.6197292581390794,-1.6724969576068869
2025-01-30,205.76829330378715,208.80644386052086,204.62274742212904,207.34214782714844,13539000,TSM,206.63490810339636,202.68118137236843,208.80644386052086,202.68118137236843,199.8131772175444,191.88672090378026,1.7608791019878254,3.247959226908829,-1.4870801249210035
2025-01-31,209.1152320693449,214.1655621564549,207.3919506390348,208.5076141357422,15781900,TSM,209.7950897501442,204.6580447378824,214.1655621564549,204.6580447378824,200.29638044782232,192.39402772145556,1.6877805567826272,2.935923492883589,-1.2481429361009617
2025-02-03,198.85522825505066,204.19442636529647,197.21162288927695,199.02456665039062,17719800,TSM,199.82146104000367,207.2265672440133,207.2265672440133,197.21162288927695,200.60235323407053,192.7922985883275,0.8547932298641001,2.5196974402796912,-1.6649042104155911
2025-02-04,203.27799853401024,204.95147105043955,201.29571637983076,203.25807189941406,12692900,TSM,203.19581446592366,203.52401414200847,204.95147105043955,201.29571637983076,200.90868871035903,193.22676157245468,0.5301421163330531,2.121786375490364,-1.5916442591573108
2025-02-05,205.2004956673732,209.6631041328039,203.03891945443692,207.76052856445312,10997800,TSM,206.4157619547668,203.35991430396606,209.6631041328039,203.03891945443692,201.31278676218,193.64413137660705,0.6289146574576137,1.8232120318838139,-1.1942973744262002
2025-02-06,209.24473442535876,210.36038273335336,206.19661301275332,209.6830291748047,8491400,TSM,208.87118983656754,204.88783812936643,210.36038273335336,204.88783812936643,201.7184797198105,194.03690749438977,0.8524953049484054,1.6290686864967323,-0.7765733815483269
2025-02-07,212.18328118863334,212.35261957750276,204.9215811032642,205.3200225830078,11616200,TSM,208.69437611310204,206.87951398296698,212.35261957750276,204.9215811032642,202.09198970422355,194.40860236811073,0.6699041718140961,1.4372357835602052,-0.7673316117461091
2025-02-10,207.1927380637121,209.16504929517012,205.72844201623863,207.14292907714844,9296500,TSM,207.30728961306733,207.7869450480345,209.16504929517012,205.72844201623863,202.5386925480278,194.80276886165353,0.6646312474173612,1.2827148763316365,-0.6180836289142753
2025-02-11,204.33388066562634,209.02559230706984,200.2199046270884,207.92987060546875,9224500,TSM,205.3773120513133,207.54711733055092,209.02559230706984,200.2199046270884,202.98482671840173,195.18513252447428,0.7157018559478558,1.1693122722548805,-0.4536104163070247
2025-02-12,204.10475833979456,206.2663497475795,202.22209421008532,205.5790252685547,7373700,TSM,204.5430568915035,206.46221469093211,206.46221469093211,202.22209421008532,203.48269123790058,195.55657183000426,0.5600264727241893,1.0474551123487423,-0.4874286396245531
2025-02-13,201.09648561996826,201.51485372824501,198.45676145166556,201.0466766357422,15580900,TSM,200.52869435890526,205.5026357912178,205.5026357912178,198.45676145166556,203.8475918485793,195.82166162696873,0.07012163512831648,0.8519884169046572,-0.7818667817763407
2025-02-14,199.2038582189483,205.44952812997886,196.69364947348592,203.108642578125,23220300,TSM,201.11391960013452,203.01566507506152,205.44952812997886,196.69364947348592,204.05703085417292,196.09853661306815,-0.1500187366456487,0.6515869861945961,-0.8016057228402448
2025-02-18,203.96530479433065,205.0510859699045,199.74177029696864,201.95315551757812,14988100,TSM,202.67782914469547,202.06479233759802,205.0510859699045,199.74177029696864,204.21821143384048,196.39085206204626,-0.4129593776330296,0.43867771342907097,-0.8516370910621005
2025-02-19,201.22597332272858,201.81369502483253,199.2437064413675,200.1700897216797,13163100,TSM,200.61336612765209,202.37131074114674,202.37131074114674,199.2437064413675,204.25161543355057,196.60642029460126,-0.756499779473927,0.1996422148484714,-0.9561419943223983
2025-02-20,199.50268887872446,199.56245357983576,196.84305328229703,199.32339477539062,10639300,TSM,198.80789762906198,201.49233843439941,201.49233843439941,196.84305328229703,204.19668005848027,196.78506741286606,-1.0845769016518432,-0.05720160845159152,-1.0273752932002516
2025-02-21,200.5486152531138,201.90333753329475,195.2492555337224,197.47061157226562,13757300,TSM,198.79295497309914,200.1501180317307,201.90333753329475,195.2492555337224,204.16026259667422,196.91500923607921,-1.4770579007396236,-0.34117286690919796,-1.1358850338304256
2025-02-24,196.11590197001846,198.0184775956763,190.71693913368952,190.90618896484375,15114300,TSM,193.939376916057,199.47153650241492,199.47153650241492,190.71693913368952,204.0562150000457,197.04931547511515,-2.291382334226796,-0.7312147603727176,-1.5601675738540783
2025-02-25,189.91005595850933,192.77888316000755,186.7424052564948,188.63502502441406,20581000,TSM,189.51659234985644,196.70545670923596,196.70545670923596,186.7424052564948,203.96742690798453,197.21500823180526,-3.0844486595945853,-1.2018615402170911,-1.8825871193774941
2025-02-26,190.34835605654322,195.31899481597554,190.34835605654322,193.86465454101562,14112300,TSM,192.47009036751942,193.1110245295462,195.31899481597554,190.34835605654322,203.9515609173649,197.41654122209655,-3.2534680851584596,-1.612182849205365,-1.6412852359530947
2025-02-27,193.93438387166825,194.01407520465727,180.37720553809703,180.3871612548828,24219200,TSM,187.17820646732633,192.7905574485328,194.01407520465727,180.37720553809703,203.8461215429349,197.5592721358297,-4.4239418221987705,-2.174534643804046,-2.2494071783947245
2025-02-28,178.61407941630543,181.4530243911608,174.83879543318352,179.829345703125,27929400,TSM,178.68381123594366,189.98438195792957,189.98438195792957,174.83879543318352,203.43875874038983,197.58064205064866,-5.335062465636099,-2.8066402081704567,-2.5284222574656425
2025-03-03,180.446936265116,180.86531958710597,170.40607092786277,172.29869079589844,37403000,TSM,176.00425439399578,184.3340965969366,184.3340965969366,170.40607092786277,202.91564704791097,197.5542398929738,-6.588840996932589,-3.5630803659228834,-3.025760631009706
2025-03-04,174.38057692903095,182.88744107738603,173.50398740940727,179.30140686035156,29395200,TSM,177.51835306904394,180.1691754954662,182.88744107738603,173.50398740940727,202.47391813660164,197.51219689971288,-6.937438382442906,-4.237951969226888,-2.699486413216018
2025-03-05,182.2897578482822,184.0230101980284,180.0186079828592,183.56478881835938,17334000,TSM,182.47404121188228,178.84376428225505,184.0230101980284,178.84376428225505,202.15007983409498,197.500993371726,-6.791398019654707,-4.748641179312452,-2.042756840342255
2025-03-06,177.8869112706524,180.845385557828,175.1077310859394,175.16751098632812,17864300,TSM,177.25188472518698,180.65890274706868,180.845385557828,175.1077310859394,201.78256171663048,197.42361704874355,-7.269452399858409,-5.252803423421644,-2.016648976436765
2025-03-07,175.10773019863566,177.77733668512707,170.35625411263936,176.41265869140625,21012700,TSM,174.9134949219521,178.95539373612783,178.95539373612783,170.35625411263936,201.39661541690634,197.32802024747477,-7.461825645483486,-5.694607867834012,-1.7672177776494742
2025-03-10,171.80062987183823,174.21123581357224,167.25833006760763,169.98768615722656,18265100,TSM,170.81447047756117,176.93444432903996,176.93444432903996,167.25833006760763,200.74216517803427,197.15330334384936,-8.040043796258402,-6.16369505351889,-1.8763487427395118
2025-03-11,169.9876921608199,172.65729884153643,167.44760100659482,170.30645751953125,16561100,TSM,170.09976238212062,173.87445740330057,173.87445740330057,167.44760100659482,200.0401504354703,196.94887427546175,-8.376010229687296,-6.606158088752572,-1.7698521409347236
2025-03-12,174.91849252024406,177.43867223078342,174.08174105621438,176.48239135742188,14737600,TSM,175.73032429116594,171.98710989271058,177.43867223078342,171.98710989271058,199.4726119618186,196.82460681057574,-8.051111599525626,-6.895148790907183,-1.155962808618443
2025-03-13,173.21511830279633,173.21511830279633,169.83827577369505,170.92404174804688,14381600,TSM,171.79813853183364,173.85871709193827,173.85871709193827,169.83827577369505,198.87588695394032,196.67102159923553,-8.148211939610917,-7.14576142064793,-1.0024505189629869
2025-03-14,171.97992349782265,173.6932492366584,171.2627166676324,173.41433715820312,11449400,TSM,172.58755664007913,172.82842781188594,173.6932492366584,171.2627166676324,198.3397758558481,196.35198354605288,-7.932774544399081,-7.3031640453981606,-0.6296104990009201
2025-03-17,173.2748789715729,176.47242731650775,173.14539385076014,175.55599975585938,9678100,TSM,174.61217497367502,172.70799222598254,176.47242731650775,172.70799222598254,197.86039371908356,196.0788103486598,-7.5027376937003964,-7.343078775058608,-0.15965891864178872
2025-03-18,174.3800048828125,174.5800018310547,170.42999267578125,173.1300048828125,9986000,TSM,173.13000106811523,173.6600835998288,174.5800018310547,170.42999267578125,197.34329939899544,195.8096320216874,-7.273839607456466,-7.32923094153818,0.055391334081713595
2025-03-19,173.0,175.72999572753906,171.74000549316406,173.75999450683594,10678500,TSM,173.55749893188477,173.39504233397201,175.72999572753906,171.74000549316406,196.7044128594245,195.57210964915353,-6.961355158397879,-7.25565578491012,0.294300626512241
2025-03-20,174.85000610351562,178.6699981689453,174.5500030517578,177.47000122070312,12209700,TSM,176.38500213623047,173.4762706329284,178.6699981689453,173.4762706329284,195.86577515179889,195.35772370368264,-6.341244525597347,-7.072773533047566,0.7315290074502192
2025-03-21,174.91000366210938,177.1999969482422,173.7899932861328,176.72999572753906,9993200,TSM,175.65749740600586,174.93063638457943,177.1999969482422,173.7899932861328,195.06841973468715,195.14127586963593,-5.842169744076131,-6.8266527752532795,0.9844830311771489
2025-03-24,179.99000549316406,182.92999267578125,179.67999267578125,181.16000366210938,11440000,TSM,180.93999862670898,175.29406689529264,182.92999267578125,175.29406689529264,194.53684041305695,194.9426756707129,-5.031188359282396,-6.467559892059103,1.4363715327767066
2025-03-25,182.47000122070312,182.50999450683594,179.8000030517578,180.89999389648438,8718800,TSM,181.4199981689453,178.11703276100081,182.50999450683594,178.11703276100081,194.0354309813104,194.8002366779795,-4.359210123333952,-6.0458899383140725,1.6866798149801205
2025-03-26,179.22999572753906,179.5500030517578,171.47000122070312,173.5,14612400,TSM,175.9375,179.76851546497306,179.76851546497306,171.47000122070312,193.54221239522786,194.6140939305986,-4.373366743625695,-5.711385299376397,1.3380185557507023
2025-03-27,171.38999938964844,171.61000061035156,167.5500030517578,168.24000549316406,17559100,TSM,169.69750213623047,177.85300773248653,177.85300773248653,167.5500030517578,192.89490804089783,194.382431638441,-4.754219876950856,-5.51995221489129,0.7657323379404337
2025-03-28,168.0399932861328,168.6300048828125,164.05999755859375,165.25,16332000,TSM,166.49499893188477,173.7752549343585,173.7752549343585,164.05999755859375,192.1522754853264,194.15101575145218,-5.2369488967947575,-5.463351551271983,0.22640265447722552
2025-03-31,160.36000061035156,166.1300048828125,159.72999572753906,166.0,19408300,TSM,163.05500030517578,170.13512693312163,170.13512693312163,159.72999572753906,191.08623498431479,193.8505702053017,-5.4956460046861935,-5.4698104419548255,-0.025835562731368
2025-04-01,166.38999938964844,168.8699951171875,165.05999755859375,168.63999938964844,9180000,TSM,167.23999786376953,166.5950636191487,168.8699951171875,165.05999755859375,190.18054572418868,193.61096505629064,-5.425102237567245,-5.46086880107731,0.03576656351006502
2025-04-02,166.85000610351562,171.75,166.35000610351562,170.38999938964844,10072700,TSM,168.83500289916992,166.91753074145913,171.75,166.35000610351562,189.24723860374755,193.3601274991732,-5.168407237829399,-5.402376488427728,0.23396925059832885
2025-04-03,160.05999755859375,161.8000030517578,157.2100067138672,157.3800048828125,28370500,TSM,159.1125030517578,167.87626682031453,167.87626682031453,157.2100067138672,187.9973074086422,193.04470885591257,-5.946228013647584,-5.511146793471699,-0.4350812201758849
2025-04-04,150.88999938964844,151.30999755859375,144.83999633789062,146.8000030517578,36085100,TSM,148.45999908447266,163.49438493603617,163.49438493603617,144.83999633789062,186.53960542286703,192.55390296200218,-7.331857223234323,-5.875288879424224,-1.4565683438100985
2025-04-07,134.50999450683594,153.75,134.25,146.1699981689453,46388300,TSM,142.1699981689453,155.9771920102544,155.9771920102544,134.25,184.92308233365733,191.9605777725549,-8.384167025120831,-6.377064508563546,-2.0071025165572856
2025-04-08,151.97999572753906,152.61000061035156,138.97999572753906,141.3699951171875,30479700,TSM,146.2349967956543,149.07359508959985,152.61000061035156,138.97999572753906,183.94289650365624,191.4824244865191,-9.495986434999821,-7.000848893850801,-2.4951375411490204
2025-04-09,140.1999969482422,160.6199951171875,137.89999389648438,158.75,45612500,TSM,149.36749649047852,147.65429594262707,160.6199951171875,137.89999389648438,182.97889189331198,191.06632851010255,-8.872414512657855,-7.375162017612213,-1.4972524950456423
2025-04-10,155.5,156.0,146.91000366210938,151.1300048828125,24503500,TSM,152.38500213623047,148.5108962165528,156.0,146.91000366210938,181.97726897620393,190.70830989506857,-8.890613733702253,-7.678252360830221,-1.2123613728720315
2025-04-11,156.0,158.00999450683594,153.25,157.0800018310547,19632200,TSM,156.08499908447266,150.44794917639163,158.00999450683594,150.44794917639163,180.96627079582544,190.38972400668493,-8.328911216043025,-7.808384131872782,-0.5205270841702427
2025-04-14,158.3000030517578,158.58999633789062,154.02999877929688,155.83999633789062,17509400,TSM,156.68999862670898,153.26647413043213,158.58999633789062,153.26647413043213,179.90416897335672,190.1002747105895,-7.89283234592375,-7.825273774682977,-0.0675585712407738
2025-04-15,156.49000549316406,158.25,156.0500030517578,157.3300018310547,14306600,TSM,157.03000259399414,154.97823637857056,158.25,154.97823637857056,179.04833980443655,189.82534651925357,-7.342367467077338,-7.72869251316185,0.38632504608451157
2025-04-16,150.60000610351562,153.5399932861328,148.49000549316406,151.6699981689453,23806100,TSM,151.07500076293945,156.00411948628235,156.00411948628235,148.49000549316406,178.00592353037686,189.45730612036797,-7.278928125162793,-7.638739635562039,0.3598115103992461
2025-04-17,156.0500030517578,157.5,151.4499969482422,151.74000549316406,27209900,TSM,154.18500137329102,153.5395601246109,157.5,151.4499969482422,176.96130831874737,189.13704754046367,-7.140689559335783,-7.539129620316788,0.39844006098100504
2025-04-21,149.99000549316406,150.27999877929688,145.83999633789062,147.86000061035156,15170500,TSM,148.49250030517578,153.86228074895095,153.86228074895095,145.83999633789062,175.75373452811948,188.736107123965,-7.2605236701020885,-7.483408430273848,0.22288476017175984
2025-04-22,148.0,152.60000610351562,147.44000244140625,151.39999389648438,12668600,TSM,149.86000061035156,151.17739052706338,152.60000610351562,147.44000244140625,174.57704701806452,188.33451836114406,-6.989277156622364,-7.384582175543552,0.39530501892118775
2025-04-23,159.3699951171875,160.3800048828125,156.0,157.80999755859375,17667900,TSM,158.38999938964844,150.51869556870747,160.3800048828125,150.51869556870747,173.59870121359612,188.06869688081196,-6.185772876358897,-7.144820315706621,0.9590474393477244
2025-04-24,157.77999877929688,164.5500030517578,157.38999938964844,164.17999267578125,18761100,TSM,160.9749984741211,154.45434747917795,164.5500030517578,154.45434747917795,172.7106549420523,187.84774083022702,-4.977605834025155,-6.711377419370328,1.7337715853451732
2025-04-25,163.92999267578125,165.91000366210938,161.16000366210938,165.10000610351562,14654800,TSM,164.0250015258789,157.71467297664952,165.91000366210938,157.71467297664952,171.90029383473978,187.69149253632023,-3.9009199766050813,-6.149285930817279,2.248365954212198
2025-04-28,165.0,165.32000732421875,160.5,163.39999389648438,11415600,TSM,163.55500030517578,160.86983725126422,165.32000732421875,160.5,171.1608199536652,187.50420590112225,-3.14852126179008,-5.5491329970118395,2.4006117352217595
2025-04-29,164.3800048828125,166.0,163.5,164.47999572753906,9830100,TSM,164.5900001525879,162.21241877822,166.0,162.21241877822,170.43034156471424,187.24368620944358,-2.4370005128133982,-4.926706500172152,2.4897059873587537
2025-04-30,163.5399932861328,166.9199981689453,161.75,166.69000244140625,10073000,TSM,164.7249984741211,163.40120946540395,166.9199981689453,161.75,169.67128495130277,186.94474819257164,-1.6754723190580592,-4.276459663949334,2.6009873448912746
2025-05-01,172.8000030517578,174.77999877929688,170.9499969482422,172.72000122070312,22670600,TSM,172.8125,164.06310396976252,174.77999877929688,164.06310396976252,169.11526762874976,186.6834415311502,-0.5787141755274092,-3.536910566264949,2.9581963907375397
2025-05-02,179.8000030517578,180.64999389648438,177.13999938964844,179.27999877929688,21691200,TSM,179.21749877929688,168.43780198488128,180.64999389648438,168.43780198488128,168.7234596517544,186.46006985511735,0.8104689521468345,-2.6674346625825924,3.477903614729427
2025-05-05,179.0,180.0800018310547,176.25,176.39999389648438,14618900,TSM,177.93249893188477,173.82765038208908,180.0800018310547,173.82765038208908,168.30625053093016,186.2332565638022,1.659880198822293,-1.8019716903016154,3.4618518891239085
2025-05-06,172.60000610351562,174.74000549316406,170.58999633789062,172.27999877929688,14565600,TSM,172.5525016784668,175.88007465698692,175.88007465698692,170.58999633789062,167.87851302617833,185.96736401311205,1.9777967479938354,-1.0460180026425254,3.023814750636361
2025-05-07,174.10000610351562,175.97999572753906,171.3699951171875,174.5399932861328,9682500,TSM,173.99749755859375,174.21628816772687,175.97999572753906,171.3699951171875,167.5681311303531,185.7677790191688,2.3846221332405833,-0.3598899754659037,2.7445121087064868
2025-05-08,175.33999633789062,177.4499969482422,173.66000366210938,175.22000122070312,10343000,TSM,175.41749954223633,174.1068928631603,177.4499969482422,173.66000366210938,167.2270793138474,185.5893201156062,2.7304304368811927,0.25817410700351556,2.472256329877677
2025-05-09,179.8000030517578,180.4600067138672,176.47000122070312,176.52000427246094,11582800,TSM,178.31250381469727,174.7621962026983,180.4600067138672,174.7621962026983,167.04976526079486,185.4479434018649,3.0739507992824997,0.8213294454593124,2.252621353823187
2025-05-12,187.27999877929688,189.1699981689453,184.61000061035156,186.97999572753906,22064900,TSM,187.0099983215332,176.53735000869779,189.1699981689453,176.53735000869779,167.21628900250664,185.32752387144825,4.1424751787851335,1.4855585921244767,2.6569165866606568
2025-05-13,187.72000122070312,194.27999877929688,187.72000122070312,193.99000549316406,19996000,TSM,190.9275016784668,181.7736741651155,194.27999877929688,181.7736741651155,167.51475394819605,185.21520049805352,5.491633518060297,2.286773577311641,3.204859940748656
2025-05-14,195.27999877929688,196.22000122070312,193.22999572753906,194.75999450683594,12359000,TSM,194.87249755859375,186.35058792179115,196.22000122070312,186.35058792179115,167.86183683798706,185.1678774872944,6.547507311824518,3.1389203242142165,3.408586987610301
2025-05-15,193.10000610351562,194.49000549316406,191.6300048828125,194.22000122070312,10241800,TSM,193.36000442504883,190.61154274019245,194.49000549316406,190.61154274019245,168.0795561022504,185.11481796817267,7.257067004206704,3.9625496602127144,3.294517343993989
2025-05-16,194.52999877929688,195.0800018310547,192.57000732421875,194.22000122070312,9146700,TSM,194.10000228881836,191.98577358262065,195.0800018310547,191.98577358262065,168.41651845352303,185.09954008507677,7.7302882218371,4.716097372537591,3.014190849299508
2025-05-19,189.0,193.5,188.80999755859375,193.5,10144400,TSM,191.20249938964844,193.0428879357195,193.5,188.80999755859375,168.74229854287694,185.06945697989167,7.955515138593,5.363980925748674,2.5915342128443264
2025-05-20,191.8000030517578,193.72999572753906,190.80999755859375,193.4499969482422,7054100,TSM,192.4474983215332,192.12269366268396,193.72999572753906,190.80999755859375,169.1749590997564,184.95856213889533,8.037324985043966,5.898649737607733,2.1386752474362334
2025-05-21,193.10000610351562,195.27000427246094,190.52999877929688,191.75999450683594,7375700,TSM,192.66500091552734,192.28509599210858,195.27000427246094,190.52999877929688,169.6262638704245,184.83320715294744,7.8750125618942945,6.293922302465045,1.5810902594292493
2025-05-22,191.33999633789062,196.8300018310547,191.33999633789062,196.19000244140625,11825000,TSM,193.92499923706055,192.47504845381798,196.8300018310547,191.33999633789062,169.99015736934243,184.73138466558052,8.011491922447647,6.637436226461566,1.3740556959860806
2025-05-23,192.02000427246094,192.8000030517578,190.02999877929688,191.97999572753906,9403100,TSM,191.70750045776367,193.20002384543926,193.20002384543926,190.02999877929688,170.388344607861,184.63211578090068,7.691280151718587,6.84820501151297,0.8430751402056167
2025-05-27,194.10000610351562,198.30999755859375,193.6999969482422,197.67999267578125,12228200,TSM,195.9474983215332,192.45376215160147,198.30999755859375,192.45376215160147,170.85554344149008,184.5976596486691,7.807452678765344,7.0400545449634455,0.7673981338018985
2025-05-28,196.08999633789062,198.07000732421875,195.47999572753906,196.13999938964844,17787600,TSM,196.44499969482422,194.20063023656735,198.07000732421875,194.20063023656735,171.2921999359131,184.57629682749834,7.686648753440807,7.169373386658918,0.5172753667818881
2025-05-29,199.4600067138672,199.8000030517578,196.0800018310547,197.14999389648438,14609900,TSM,198.12250137329102,195.32281496569578,199.8000030517578,195.32281496569578,171.7920499420166,184.56767467050602,7.584974028977541,7.2524935151226435,0.33248051385489763
2025-05-30,195.77000427246094,195.91000366210938,190.55999755859375,193.32000732421875,11998300,TSM,193.8900032043457,196.7226581694934,196.7226581694934,190.55999755859375,172.19870002746583,184.45155644344518,7.113349899727552,7.224664792043626,-0.11131489231607361
2025-06-02,193.0399932861328,195.16000366210938,192.1999969482422,194.83999633789062,7447400,TSM,193.80999755859375,195.30633068691955,195.30633068691955,192.1999969482422,172.54719993591308,184.20648754385599,6.784032683887517,7.136538370412405,-0.35250568652488745
2025-06-03,194.35000610351562,198.1699981689453,193.63999938964844,197.61000061035156,9548300,TSM,195.94250106811523,194.55816412275664,198.1699981689453,193.63999938964844,172.9529000091553,184.01065987192123,6.669678708210455,7.043166437972015,-0.3734877297615604
2025-06-04,201.3800048828125,204.02999877929688,200.3800048828125,202.39999389648438,13531100,TSM,202.04750061035156,195.25033259543594,204.02999877929688,195.25033259543594,173.37505004882811,183.95594523094258,6.886185129485909,7.011770176274795,-0.1255850467888857
2025-06-05,204.8800048828125,205.75999450683594,202.27999877929688,203.33999633789062,12214300,TSM,204.06499862670898,198.64891660289373,205.75999450683594,198.64891660289373,173.8279500579834,183.93169051964693,7.052323573053371,7.019880855630511,0.03244271742286031
2025-06-06,203.5800018310547,206.2899932861328,203.22999572753906,205.17999267578125,8532000,TSM,204.56999588012695,201.35695761480136,206.2899932861328,201.35695761480136,174.40059997558595,183.97140618540692,7.248900995132516,7.0656848835309125,0.18321611160160334
2025-06-09,206.39999389648438,209.27000427246094,205.8699951171875,207.0,11472300,TSM,207.1349983215332,202.96347674746414,209.27000427246094,202.96347674746414,175.149349899292,184.02212897009494,7.46549185601387,7.145646278027504,0.31984557798636537
2025-06-10,211.61000061035156,213.22999572753906,209.9600067138672,212.4600067138672,14514000,TSM,211.81500244140625,205.04923753449867,213.22999572753906,205.04923753449867,176.05574996948243,184.10401272740444,7.985664811303337,7.313649984682671,0.672014826620666
2025-06-11,215.0,217.42999267578125,212.9499969482422,214.10000610351562,13326400,TSM,214.86999893188477,208.43211998795246,217.42999267578125,208.43211998795246,177.09204994201662,184.08914246316573,8.433029159934506,7.537525819733038,0.8955033402014676
2025-06-12,212.9199981689453,215.8800048828125,211.91000366210938,215.42999267578125,9796100,TSM,214.0349998474121,211.6510594599186,215.8800048828125,211.6510594599186,178.02794998168946,184.10424785293907,8.793521192006494,7.78872489418773,1.0047962978187641
2025-06-13,210.11000061035156,213.25999450683594,209.39999389648438,211.10000610351562,10152500,TSM,210.96749877929688,212.84302965366535,213.25999450683594,209.39999389648438,178.870599899292,184.0589192515198,8.630334867300917,7.957046888810368,0.6732879784905492
2025-06-16,213.0,217.60000610351562,212.72999572753906,215.67999267578125,10932900,TSM,214.75249862670898,211.9052642164811,217.60000610351562,211.9052642164811,179.983399810791,183.99035360971664,8.769485993398376,8.11953470972797,0.649951283670406
2025-06-17,213.88999938964844,215.94000244140625,213.5,213.89999389648438,8389700,TSM,214.30749893188477,213.32888142159504,215.94000244140625,213.32888142159504,181.30034980773925,183.91997761530314,8.636576164004879,8.222943000583353,0.413633163421526
2025-06-18,214.6999969482422,215.1699981689453,212.88999938964844,213.5,6932000,TSM,214.06499862670898,213.8181901767399,215.1699981689453,212.88999938964844,182.73824981689452,183.83066607527596,8.40211366588295,8.258777133643273,0.1433365322396778
2025-06-20,215.1999969482422,215.5,208.14999389648438,209.50999450683594,16992000,TSM,212.08999633789062,213.94159440172444,215.5,208.14999389648438,184.05534980773925,183.9991231556978,7.804376356892504,8.16789697829312,-0.3635206214006157
2025-06-23,206.6300048828125,210.58999633789062,206.1999969482422,210.32000732421875,7535500,TSM,208.43500137329102,213.01579536980753,213.01579536980753,206.1999969482422,185.2366999053955,184.10779589935376,7.3117412956012515,7.996665841754747,-0.6849245461534954
