Date,Open,High,Low,Close,Volume,Ticker,HA_Close,HA_Open,HA_High,HA_Low,HA_50_MA,HA_100_MA,MACD_Line,Signal_Line,MACD_Hist
2022-01-03,479.7150857502299,484.79715625635015,474.0672393170748,482.699951171875,300800,MPWR,480.31985812388245,481.2075184610525,484.79715625635015,474.0672393170748,,,0.0,0.0,0.0
2022-01-04,486.9919307485488,491.79114324425467,463.52267753900463,479.1883544921875,328400,MPWR,480.3735265059989,480.76368829246746,491.79114324425467,463.52267753900463,,,-0.28012737045941094,-0.05602547409188219,-0.22410189636752875
2022-01-05,475.4718769432356,476.83749675764653,449.10554634050555,449.22259521484375,473700,MPWR,462.65937881405785,480.5686073992332,480.5686073992332,449.10554634050555,,,-2.8868389863002335,-0.6221881765335525,-2.264650809766681
2022-01-06,449.12504820686297,457.16275160654675,438.37563314760195,454.1778564453125,387700,MPWR,449.71032235158106,471.6139931066455,471.6139931066455,438.37563314760195,,,-4.500944467661782,-1.3979394347591985,-3.1030050329025833
2022-01-07,453.04638839357665,458.2747702248714,433.28382189149306,433.77154541015625,411200,MPWR,444.5941314800243,460.6621577291133,460.6621577291133,433.28382189149306,,,-7.342118081588126,-2.586775164124984,-4.755342917463142
2022-01-10,427.2458352534308,439.2340886005699,415.7160432398748,438.2976379394531,441300,MPWR,430.12340125833214,452.6281446045688,452.6281446045688,415.7160432398748,,,-9.123382129118284,-3.8940965571236443,-5.229285571994639
2022-01-11,441.33121718485114,443.5454710284418,427.2262627269866,441.3995056152344,448100,MPWR,438.37561413887846,441.37577293145046,443.5454710284418,427.2262627269866,,,-10.167546771945752,-5.148786600088066,-5.018760171857686
2022-01-12,446.71575449453735,452.3441034255452,434.0447059385529,437.8879699707031,359600,MPWR,442.74813345733463,439.8756935351645,452.3441034255452,434.0447059385529,,,-11.149877506238226,-6.349004781318098,-4.800872724920128
2022-01-13,442.10185727609877,444.55020901889515,422.3880518503331,422.96356201171875,309600,MPWR,433.0009200392615,441.31191349624953,444.55020901889515,422.3880518503331,,,-12.982996779050268,-7.675803180864532,-5.307193598185735
2022-01-14,417.5401628364327,429.1967688056273,416.73055475695895,427.42144775390625,462500,MPWR,422.7222335382313,437.1564167677555,437.1564167677555,416.73055475695895,,,-13.915632141232209,-8.923768972938069,-4.99186316829414
2022-01-18,418.1643932521513,420.32012287178827,405.6884172965233,406.12738037109375,363700,MPWR,412.57507844788915,429.93932515299343,429.93932515299343,405.6884172965233,,,-16.186418701784532,-10.376298918707361,-5.810119783077171
2022-01-19,409.99008540790174,417.4425140354027,401.1037784105738,403.8057556152344,547200,MPWR,408.0855333672782,421.2572018004413,421.2572018004413,401.1037784105738,,,-17.96626520465861,-11.894292175897611,-6.0719730287610005
2022-01-20,408.8684321457262,414.61380039629285,394.12941018719806,394.2367248535156,454800,MPWR,402.9620918956832,414.6713675838597,414.6713675838597,394.12941018719806,,,-19.919329560213782,-13.499299652760847,-6.4200299074529354
2022-01-21,389.6520311218852,409.2194945980995,386.5696151812841,387.671875,610500,MPWR,393.27825397531717,408.81672973977146,409.2194945980995,386.5696151812841,,,-21.74619900589829,-15.148679523388337,-6.597519482509954
2022-01-24,381.67290896581085,392.5491372900259,363.7441879672561,392.1492004394531,752600,MPWR,382.5288586656365,401.0474918575443,401.0474918575443,363.7441879672561,,,-22.572521482351135,-16.6334479151809,-5.939073567170237
2022-01-25,380.19995594585293,385.5356520788411,363.3247352204322,365.6658020019531,583900,MPWR,373.68153631176983,391.78817526159037,391.78817526159037,363.3247352204322,,,-25.075324192736105,-18.321823170691943,-6.753501022044162
2022-01-26,376.3762268968598,385.05769915078326,361.5103945326869,368.9237976074219,742000,MPWR,372.96702954693797,382.7348557866801,385.05769915078326,361.5103945326869,,,-26.49055374154466,-19.955569284862488,-6.534984456682171
2022-01-27,374.7667515326706,377.88816409023747,350.83903767131943,352.25341796875,495000,MPWR,363.93684281574434,377.85094266680903,377.88816409023747,350.83903767131943,,,-28.627296023137205,-21.689914632517432,-6.937381390619773
2022-01-28,353.94093689156216,361.93958413653615,342.58671994020807,361.7835388183594,623100,MPWR,355.06269494666645,370.89389274127666,370.89389274127666,342.58671994020807,,,-29.21490730392452,-23.19491316679885,-6.019994137125668
2022-01-31,366.5827180410713,394.2561434114249,366.5827180410713,393.0368347167969,538000,MPWR,380.1146035525911,362.9782938439715,394.2561434114249,362.9782938439715,,,-26.849212682399013,-23.925773069918886,-2.923439612480127
2022-02-01,396.57775872599643,399.3089986169443,381.76071533896936,396.3631591796875,385800,MPWR,393.5026579653994,371.5464486982813,399.3089986169443,371.5464486982813,,,-24.424426481230796,-24.02550375218127,-0.3989227290495272
2022-02-02,400.90878041892057,406.4590771083728,398.69452609523313,404.3228454589844,498600,MPWR,402.59630727037774,382.52455333184037,406.4590771083728,382.52455333184037,,,-21.611363441155277,-23.542675689976072,1.9313122488207952
2022-02-03,388.94975647319325,400.2551844802964,382.07286651389313,383.50677490234375,502500,MPWR,388.69614559243166,392.560430301109,400.2551844802964,382.07286651389313,,,-20.821654568792212,-22.9984714657393,2.176816896947088
2022-02-04,381.0681769808669,394.2367131530296,377.4297484922724,390.2958984375,289700,MPWR,385.7576342659172,390.62828794677034,394.2367131530296,377.4297484922724,,,-19.424070474321013,-22.283591267455645,2.8595207931346316
2022-02-07,391.28109705462884,400.41126755345397,383.06781943611435,387.2037353515625,317200,MPWR,390.4909798489399,388.1929611063438,400.41126755345397,383.06781943611435,,,-18.354408532809316,-21.49775472052638,3.1433461877170643
2022-02-08,387.3500270323037,396.8898979295834,383.3409242029277,395.6413269042969,420900,MPWR,390.8055440172779,389.34197047764184,396.8898979295834,383.3409242029277,,,-16.63410302989331,-20.525024382399767,3.8909213525064565
2022-02-09,400.85998404805014,414.1748305575183,397.8458264152546,412.42877197265625,363800,MPWR,406.32735324836983,390.07375724745987,414.1748305575183,390.07375724745987,,,-13.75755349332485,-19.171530204584784,5.413976711259934
2022-02-10,400.9867790167032,415.9598978898922,394.8999986651673,397.28985595703125,534900,MPWR,402.2841328821985,398.20055524791485,415.9598978898922,394.8999986651673,,,-12.55472817112502,-17.848169797892833,5.293441626767812
2022-02-11,429.85999816808334,455.7093449521,410.1949820990678,413.8724365234375,1541200,MPWR,427.40919043567214,400.24234406505667,455.7093449521,400.24234406505667,,,-10.146442894347729,-16.307824417183813,6.161381522836084
2022-02-14,410.36085365581033,428.38712725373017,400.78195573789753,422.6807556152344,747200,MPWR,415.5526730656681,413.8257672503644,428.38712725373017,400.78195573789753,,,-7.441322788189723,-14.534524091384997,7.093201303195274
2022-02-15,430.8256886207953,470.60441600075677,430.8256886207953,467.5024719238281,978300,MPWR,449.9395662915439,414.68922015801627,470.60441600075677,414.68922015801627,,,-1.6616037654352454,-11.959940026195047,10.298336260759802
2022-02-16,460.1963776120424,477.28619808081214,451.65145249351775,475.59869384765625,507300,MPWR,466.1831805085071,432.3143932247801,477.28619808081214,432.3143932247801,,,3.5314542407938916,-8.86166117279726,12.393115413591152
2022-02-17,464.3810858140358,478.7494018576029,449.24212849495274,450.53948974609375,457000,MPWR,460.72802647817133,449.2487868666436,478.7494018576029,449.24212849495274,,,5.560820109472218,-5.977164916343366,11.537985025815583
2022-02-18,451.8953575765659,455.2899241281038,437.546539379442,446.1207275390625,525900,MPWR,447.71313715579356,454.98840667240745,455.2899241281038,437.546539379442,,,6.7349141027820565,-3.4347491125182814,10.169663215300337
2022-02-22,440.5411396750191,453.2609770720992,433.5081750395285,439.0584411621094,284900,MPWR,441.59218323718903,451.3507719141005,453.2609770720992,433.5081750395285,,,7.014663883962669,-1.3448665132220914,8.359530397184761
2022-02-23,443.9844306306832,448.2373649796965,418.6130463184046,420.81756591796875,438500,MPWR,432.9131019616883,446.47147757564477,448.2373649796965,418.6130463184046,,,5.698789318301408,0.06386465308260847,5.6349246652188
2022-02-24,405.4348647155023,444.4429864295819,402.303657954001,443.96502685546875,549700,MPWR,424.03663398863847,439.69228976866657,444.4429864295819,402.303657954001,,,6.44941109442658,1.3409739413514028,5.108437153075177
2022-02-25,442.12131682978554,451.378298581851,434.0251192948744,450.1102294921875,351300,MPWR,444.40874104967463,431.8644618786525,451.378298581851,431.8644618786525,,,7.454223111192505,2.5636237753196234,4.890599335872881
2022-02-28,446.2182218228695,449.23234934399574,435.5175675273757,447.4375305175781,394300,MPWR,444.6014173029548,438.13660146416356,449.23234934399574,435.5175675273757,,,7.943313825941232,3.639561785443945,4.303752040497287
2022-03-01,444.0039810794342,449.3299434056547,421.5589647011219,425.88018798828125,553500,MPWR,435.193269293623,441.36900938355916,449.3299434056547,421.5589647011219,,,6.5163084140660885,4.214911111168374,2.3013973028977146
2022-03-02,430.41600162195084,447.9545499230366,430.41600162195084,442.31646728515625,375800,MPWR,437.7757551130236,438.28113933859106,447.9545499230366,430.41600162195084,,,6.635180489252889,4.698964986785278,1.9362155024676113
2022-03-03,444.4429428030152,444.4429428030152,419.22763068353066,419.4422302246094,511500,MPWR,431.88893662854264,438.0284472258073,444.4429428030152,419.22763068353066,,,4.827973825503705,4.7247667545289636,0.10320707097474102
2022-03-04,415.41366619388816,417.3743244590802,397.3483959887803,403.6205139160156,453500,MPWR,408.4392251394411,434.958691927175,434.958691927175,397.3483959887803,,,2.0949203084846886,4.198797465320109,-2.10387715683542
2022-03-07,406.2834347172263,409.3268245585058,372.0550034620078,372.1330261230469,696700,MPWR,389.94957221519667,421.69895853330803,421.69895853330803,372.0550034620078,,,-2.5820570607953073,2.8426265600970257,-5.424683620892333
2022-03-08,375.68369482906115,396.880140382804,364.4172634295338,384.7553405761719,492600,MPWR,380.43410980439273,405.8242653742524,405.8242653742524,364.4172634295338,,,-5.210022142337493,1.232096819610122,-6.442118961947616
2022-03-09,398.15800179384087,412.4385620448291,393.83677815867986,407.8929748535156,433800,MPWR,403.08157921271635,393.12918758932256,412.4385620448291,393.12918758932256,,,-5.363858464528789,-0.08709423721766009,-5.276764227311129
2022-03-10,396.21682922475594,401.7086007350842,389.7983711339302,399.016357421875,260400,MPWR,396.68503962891134,398.1053834010195,401.7086007350842,389.7983711339302,,,-6.131365139259344,-1.295948417625997,-4.835416721633347
2022-03-11,408.70258326072934,413.1116233377428,385.4186650426393,386.0234375,235300,MPWR,398.31407728527785,397.3952115149654,413.1116233377428,385.4186650426393,,,-7.699287170046659,-2.57661616811013,-5.12267100193653
2022-03-14,388.40350596689126,395.6998607441297,373.8498523984927,375.556884765625,546000,MPWR,383.37752596878465,397.85464440012163,397.85464440012163,373.8498523984927,,,-9.674913626880937,-3.9962756598642915,-5.678637967016645
2022-03-15,375.82999488139734,413.2481286990235,374.66921053313047,411.46307373046875,805000,MPWR,393.80260196100505,390.61608518445314,413.2481286990235,374.66921053313047,416.0860068410085,,-8.248202316642448,-4.846660991219923,-3.4015413254225253
2022-03-16,418.16438511516657,433.1667650360013,407.93195540782557,429.8599853515625,544800,MPWR,422.280772727639,392.2093435727291,433.1667650360013,392.2093435727291,414.9252251330836,,-5.5688520460647055,-4.99109920218888,-0.5777528438758255
2022-03-17,424.4072420830889,442.51153646634646,422.01741473535236,440.16070556640625,434200,MPWR,432.27422471279846,407.24505815018404,442.51153646634646,407.24505815018404,413.9632390972196,,-2.5844734175497024,-4.509774045261045,1.9253006277113425
2022-03-18,439.13652323081095,460.6061229827751,432.40594433393653,458.34307861328125,1154600,MPWR,447.622917290201,419.7596414314912,460.6061229827751,419.7596414314912,413.6625098667425,,1.2336133682746322,-3.3610965625539095,4.594709930828541
2022-03-21,450.4809530178218,459.2599762581771,441.78971643767625,453.02685546875,589200,MPWR,451.1393752956063,433.6912793608461,459.2599762581771,433.6912793608461,413.691090925623,,3.7868474554019826,-1.9315077589627312,5.718355214364713
2022-03-22,454.89002453591394,469.26810613309215,450.38346342445715,458.6064758300781,496400,MPWR,458.28701748088537,442.4153273282262,469.26810613309215,442.4153273282262,413.9649486456403,,6.189187496016189,-0.3073687079669473,6.496556203983136
2022-03-23,453.30976714607357,471.8139994010432,448.0716211016735,452.3343200683594,424800,MPWR,456.38242692928736,450.35117240455577,471.8139994010432,448.0716211016735,414.4901291590593,,7.500487780508308,1.254202589728104,6.246285190780204
2022-03-24,455.5532718462585,483.62663683290407,453.04639554465365,482.4756164550781,499400,MPWR,468.6754801697236,453.36679966692157,483.62663683290407,453.04639554465365,415.09612647967623,,10.846818053845652,3.1727256825516137,7.674092371294039
2022-03-25,481.45140549608317,484.3192221919367,468.3413948202616,479.45172119140625,347600,MPWR,478.3909359249219,461.02113991832255,484.3192221919367,461.02113991832255,415.808982529028,,13.103753910169246,5.15893132807514,7.944822582094106
2022-03-28,474.9549535840944,487.19680284753,469.19982161684123,487.1578063964844,269900,MPWR,479.6273461112375,469.7060379216222,487.19680284753,469.19982161684123,416.74151105046747,,15.33740841327608,7.194626745115329,8.142781668160751
2022-03-29,492.8250972681488,502.06258152529205,484.6898728811158,499.63372802734375,395200,MPWR,494.8028199254751,474.66669201642986,502.06258152529205,474.66669201642986,418.1831227782124,,17.90786755961608,9.337274908015479,8.5705926516006
2022-03-30,498.52013198700683,500.16127902895613,474.79176921073264,477.1069641113281,482300,MPWR,487.64503608450593,484.7347559709525,500.16127902895613,474.79176921073264,419.6845219309447,,17.920674982284424,11.053954922869268,6.866720059415156
2022-03-31,484.35541183260966,487.4618751445985,473.66836953967504,474.4498596191406,463700,MPWR,479.98387903400595,486.1898960277292,487.4618751445985,473.66836953967504,421.1224888442793,,17.514522319957962,12.346068402287008,5.168453917670954
2022-04-01,474.0297609577095,478.53315148675586,445.39748659115367,452.88037109375,635400,MPWR,462.71019253234226,483.08688753086756,483.08688753086756,445.39748659115367,422.31745085701243,,15.276072889386626,12.932069299706932,2.3440035896796942
2022-04-04,456.53386651233825,468.31500520942814,453.2808779875311,463.5576171875,383300,MPWR,460.42184172419934,472.8985400316049,472.8985400316049,453.2808779875311,423.6603226119901,,14.199961794401815,13.18564779864591,1.0143139957559058
2022-04-05,457.7842836630829,460.67583242760566,428.01882801165533,429.22039794921875,693600,MPWR,443.92483551289064,466.6601908779021,466.6601908779021,428.01882801165533,424.8882421489351,,10.455880492492156,12.63969433741516,-2.1838138449230033
2022-04-06,422.94883336461544,428.9761800770311,411.7342998231019,421.27838134765625,716700,MPWR,421.2344236531012,455.2925131953964,455.2925131953964,411.7342998231019,425.83929989576177,,6.769776945942624,11.465710859120653,-4.695933913178029
2022-04-07,419.88147981144704,430.6271319430891,412.0957652108617,426.2214050292969,437200,MPWR,422.2064454986737,438.2634684242488,438.2634684242488,412.0957652108617,426.8240882147965,,4.1989709060595715,10.012362868508438,-5.813391962448867
2022-04-08,420.14519952102285,420.40894568806584,401.1449518817462,402.0729675292969,494600,MPWR,410.9430161550329,430.23495696146125,430.23495696146125,401.1449518817462,427.76421168158225,,0.21058402687987154,8.052007100182726,-7.841423073302854
2022-04-11,397.57932822539885,397.6086333552709,383.7662971269499,386.9508972167969,552500,MPWR,391.4762889811041,420.5889865582471,420.5889865582471,383.7662971269499,428.492483562271,,-4.122939325347886,5.617017815076604,-9.73995714042449
2022-04-12,397.5206989149186,401.1937673464929,388.44552966024963,391.76690673828125,414400,MPWR,394.7317256649856,406.0326377696756,406.0326377696756,388.44552966024963,428.7848260045189,,-7.086981769677436,3.076217898125796,-10.163199667803232
2022-04-13,393.62298477727614,413.1703112319463,391.05379242685416,410.9137268066406,492700,MPWR,402.1902038106793,400.3821817173306,413.1703112319463,391.05379242685416,428.95857692142454,,-7.801092263118619,0.9007558658769131,-8.701848128995533
2022-04-14,409.5656469395882,411.96875710582646,399.8945363890496,399.9140930175781,390400,MPWR,405.3357583630106,401.2861927640049,411.96875710582646,399.8945363890496,429.01336594327717,,-9.149142869208674,-1.1092238811402044,-8.03991898806847
2022-04-18,398.2924153891979,419.5199699272777,398.2924153891979,416.07159423828125,441500,MPWR,408.0440987359887,403.3109755635078,419.5199699272777,398.2924153891979,429.40032500614825,,-8.812126661283457,-2.6498044371688554,-6.162322224114602
2022-04-19,413.6783245472246,428.3900976120595,410.2397264094512,427.3350830078125,366500,MPWR,419.91080789413695,405.6775371497482,428.3900976120595,405.6775371497482,430.0833884787127,,-7.54914760324516,-3.6296730703841167,-3.9194745328610434
2022-04-20,432.6981188334626,436.9572903902517,418.95344536164663,422.1966857910156,246400,MPWR,427.7013850940941,412.7941725219426,436.9572903902517,412.7941725219426,430.8275965836158,,-6.883504556797277,-4.280439367666749,-2.603065189130528
2022-04-21,427.0712565927706,433.73356764707825,402.99123453150736,405.951171875,322800,MPWR,417.43680766158906,420.2477788080183,433.73356764707825,402.99123453150736,431.36022185650205,,-7.579483285139361,-4.9402481511612715,-2.6392351339780893
2022-04-22,405.50188912674207,409.5070931642293,393.88680039922303,394.8636779785156,281800,MPWR,400.93986516717746,418.8422932348037,418.8422932348037,393.88680039922303,431.25247209487816,,-8.922862334299168,-5.7367709877888515,-3.1860913465103167
2022-04-25,390.7509886418135,411.5584668622162,388.94375935695814,410.4546203613281,405000,MPWR,400.42695880557903,409.8910792009906,411.5584668622162,388.94375935695814,431.2153286133458,,-8.629960347014219,-6.3154088596339255,-2.3145514873802933
2022-04-26,401.1253866400701,403.4503595838522,384.71385851397423,385.2511291503906,434900,MPWR,393.6351834720718,405.1590190032848,405.1590190032848,384.71385851397423,430.5398484740737,,-10.31266651799666,-7.114860391306473,-3.197806126690188
2022-04-27,382.40847998958884,395.88940815889913,380.59150204389874,383.3072204589844,379000,MPWR,385.5491526628428,399.39710123767827,399.39710123767827,380.59150204389874,429.93977806601725,,-11.668572427704817,-8.025602798586142,-3.6429696291186744
2022-04-28,391.70830985650497,408.3054473118493,381.35340347335784,402.9521484375,586400,MPWR,396.079827269803,392.4731269502605,408.3054473118493,381.35340347335784,428.86258328558245,,-11.03079992645263,-8.62664222415944,-2.4041577022931904
2022-04-29,394.20917487603776,405.3260461649955,381.07993821902636,383.1704406738281,594900,MPWR,390.94639998347196,394.27647711003175,405.3260461649955,381.07993821902636,427.3578476750817,,-11.98344146443742,-9.298002072215036,-2.685439392222383
2022-05-02,383.7466931902572,406.0195133170886,381.3631400266703,401.36956787109375,652100,MPWR,393.1247286012774,392.61143854675186,406.0195133170886,381.3631400266703,426.00578171754387,,-11.141467377726997,-9.666695133317429,-1.474772244409568
2022-05-03,434.7105046093563,451.46394843135204,416.86296271420866,446.9019470214844,1231100,MPWR,437.48484069410034,392.86808357401463,451.46394843135204,392.86808357401463,425.80121578831,,-6.722620199472772,-9.077880146548498,2.3552599470757265
2022-05-04,442.68177572023734,471.13821976660506,425.9673875431195,468.1098937988281,659700,MPWR,451.9743192071975,415.1764621340575,471.13821976660506,415.1764621340575,426.00885850771016,,-1.492147365901758,-7.560733590419151,6.068586224517393
2022-05-05,460.45122662834666,462.033763446384,433.28426508687676,441.52911376953125,593100,MPWR,449.32459223278465,433.5753906706275,462.033763446384,433.28426508687676,426.33708831313214,,0.5024018588142667,-5.948106500572468,6.450508359386735
2022-05-06,436.17575128290565,444.2838216328208,416.23768032880173,434.6518249511719,367800,MPWR,432.837269548925,441.44999145170607,444.2838216328208,416.23768032880173,426.51310102433786,,1.510741865787395,-4.456336827300496,5.967078693087891
2022-05-09,424.94164640364653,427.2080090059961,393.828096905729,397.3350830078125,600000,MPWR,410.82820883079603,437.14363050031557,437.14363050031557,393.828096905729,425.84149037996025,,-0.6932987038980514,-3.703729202620007,3.0104304987219557
2022-05-10,410.1517710125428,412.96518296991525,389.33451396526397,403.2452697753906,673600,MPWR,403.92418443077815,423.9859196655558,423.9859196655558,389.33451396526397,425.02794572251673,,-1.940742385823171,-3.35113183926064,1.4103894534374692
2022-05-11,398.6343661953502,412.8088369411437,376.7913721155845,377.76824951171875,593900,MPWR,391.50070619094924,413.955052048167,413.955052048167,376.7913721155845,424.1540944604632,,-4.928322472344348,-3.666569965877382,-1.2617525064669661
2022-05-12,373.68498885564327,386.45278630128036,367.42319983338683,379.4388122558594,666100,MPWR,376.7499468115425,402.7278791195581,402.7278791195581,367.42319983338683,422.93357829443363,,-7.079591637780254,-4.349174300257957,-2.7304173375222973
2022-05-13,391.4934054716425,424.5802390094757,388.7972142450991,421.6886901855469,494300,MPWR,406.639887227941,389.7389129655503,424.5802390094757,388.7972142450991,422.4285973064216,,-5.314019193086494,-4.542143278823665,-0.7718759142628295
2022-05-16,415.61253680721177,422.41159573729806,406.4103378058552,407.35791015625,355600,MPWR,412.94809512665375,398.18940009674566,422.41159573729806,398.18940009674566,422.51877470616586,,-5.013373443106957,-4.636389311680324,-0.37698413142663334
2022-05-17,418.3770697853751,433.09861999533456,418.36729147113357,432.8544006347656,524100,MPWR,425.6743454716522,405.5687476116997,433.09861999533456,405.5687476116997,423.2332701712949,,-2.6867842453427784,-4.246468298412815,1.5596840530700362
2022-05-18,424.0136490429933,437.1331359709931,397.80403994214686,401.8482971191406,605900,MPWR,415.19978051881844,415.6215465416759,437.1331359709931,397.80403994214686,423.92858358558345,,-3.30676068998946,-4.058526776728144,0.7517660867386837
2022-05-19,400.79326588382463,420.0963732042509,394.3556472763272,407.0550537109375,411800,MPWR,405.575085018835,415.4106635302472,420.0963732042509,394.3556472763272,423.9784537017058,,-3.3394595359939103,-3.914713328581297,0.5752537925873868
2022-05-20,418.7385455226332,419.96942074511026,386.3941449491968,408.4520263671875,567900,MPWR,408.38853439603196,410.4928742745411,419.96942074511026,386.3941449491968,424.2125235970482,,-3.2155823568834876,-3.7748871342417356,0.559304777358248
2022-05-23,404.91568435896687,410.2885100862873,401.38917123676237,409.0674133300781,297500,MPWR,406.4151947530237,409.44070433528657,410.2885100862873,401.38917123676237,424.37454594640326,,-3.0327920758469418,-3.626468122562777,0.5936760467158351
2022-05-24,401.26216223424126,401.26216223424126,378.4032076878181,379.458251953125,588300,MPWR,390.0964460273564,407.9279495441551,407.9279495441551,378.4032076878181,424.5089243475746,,-5.217002967488668,-3.944575091547955,-1.2724278759407128
2022-05-25,375.63867707665975,398.75160065473614,375.63867707665975,392.32373046875,370600,MPWR,385.58817131920136,399.0121977857558,399.0121977857558,375.63867707665975,424.3446357347386,420.2153212878735,-5.842520303369099,-4.324164133912184,-1.518356169456915
2022-05-26,392.0307108044616,415.4073824431051,388.09389563514054,411.9199523925781,404800,MPWR,401.86298531882136,392.3001845524786,415.4073824431051,388.09389563514054,423.9362799865622,419.43075255982285,-4.702785181678053,-4.399888343465358,-0.3028968382126944
2022-05-27,419.4516817424376,448.13279192829106,419.4516817424376,445.30963134765625,545300,MPWR,433.0864466902056,397.08158493564997,448.13279192829106,397.08158493564997,423.9525244261103,418.95788176166496,-1.0926731875642872,-3.738445312285144,2.6457721247208568
2022-05-31,445.0263004504513,447.4098838761436,429.9433098405016,439.9758605957031,685700,MPWR,440.5888386906999,415.08401581292776,447.4098838761436,415.08401581292776,423.81184285412036,418.7371763604314,1.3227282656461625,-2.7262105966988828,4.048938862345045
2022-06-01,444.987265262892,446.43305481603807,431.37936770531195,437.8853759765625,462800,MPWR,440.1712659402011,427.8364272518138,446.43305481603807,427.8364272518138,423.5924806670122,418.64178579631766,3.033300679419199,-1.5743083414752665,4.607609020894465
2022-06-02,433.0790129875252,462.1020598859291,430.65637629214,461.379150390625,353500,MPWR,446.8041498890548,434.00384659600746,462.1020598859291,430.65637629214,423.36282331517555,418.6638859804079,6.213072459087812,-0.01683218136265097,6.229904640450463
2022-06-03,445.83711851065533,449.7055449069226,438.9012825786666,446.8823547363281,485700,MPWR,445.3315751831432,440.40399824253115,449.7055449069226,438.9012825786666,423.1418062802527,418.815967719656,7.477102861515732,1.4819548272130256,5.995148034302707
2022-06-06,459.6013602731423,464.0168360650854,445.6808551911897,455.3226318359375,234400,MPWR,456.1554208413387,442.8677867128372,464.0168360650854,442.8677867128372,422.891405093685,418.99376578668057,9.055529380064684,2.9966697377833573,6.058859642281327
2022-06-07,448.0546114751574,465.1597450377581,447.74200353860914,462.49285888671875,262600,MPWR,455.86230473456084,449.51160377708794,465.1597450377581,447.74200353860914,422.44083246987776,419.1249074994529,10.760975341610504,4.549530858548787,6.211444483061717
2022-06-08,455.00999418289985,462.6687100948037,440.8452706375716,447.31219482421875,313800,MPWR,451.4590424348735,452.6869542558244,462.6687100948037,440.8452706375716,421.8774663963505,419.309488723409,10.763525610296085,5.792329808898247,4.971195801397839
2022-06-09,442.2226676434385,451.62022420642035,433.69451653316463,433.8117370605469,242900,MPWR,440.3372863608926,452.07299834534894,452.07299834534894,433.69451653316463,420.7881557250588,419.48563925163563,9.5659028298532,6.547044413089238,3.0188584167639627
2022-06-10,426.61218306794086,428.927378072834,412.7991501246988,413.8248596191406,381100,MPWR,420.54089272115357,446.2051423531208,446.2051423531208,412.7991501246988,419.4460728577918,419.56529739436826,6.924186464324464,6.622472823336284,0.3017136409881802
2022-06-13,398.4194527525896,402.65909708264695,379.3507868632318,380.6305236816406,651000,MPWR,390.26496509502726,433.3730175371372,433.3730175371372,379.3507868632318,417.6516945790122,419.3870917116458,2.127576342878001,5.723493527244628,-3.595917184366627
2022-06-14,387.2049064299802,401.7310692043915,385.47584409210504,397.74542236328125,577900,MPWR,393.0393105224395,411.81899131608225,411.81899131608225,385.47584409210504,416.25827693881416,419.28786389791327,-0.28940635137649906,4.520913551520403,-4.810319902896902
2022-06-15,402.43444782031196,416.1009843604771,393.7695491379275,406.566650390625,386100,MPWR,404.7179079273354,402.4291509192609,416.1009843604771,393.7695491379275,415.1441982628769,419.4022604374334,-1.4760679774416303,3.3215172457279962,-4.7975852231696265
2022-06-16,393.701138178225,393.701138178225,372.3954434321726,378.1687927246094,550600,MPWR,384.491628128308,403.57352942329817,403.57352942329817,372.3954434321726,413.9555341151853,419.4218881320602,-4.654323504241063,1.7263490957341845,-6.380672599975247
2022-06-17,379.8489891479972,391.727821425,372.75684997340244,389.34423828125,847400,MPWR,383.4194747069124,394.0325787758031,394.0325787758031,372.75684997340244,413.1992351362615,419.5192675160116,-6.199880485058543,0.14110317957563903,-6.340983664634182
2022-06-21,397.73566261792394,407.42630040008186,396.4559554957187,403.2940979003906,385600,MPWR,401.22800410352875,388.7260267413577,407.42630040008186,388.7260267413577,412.77966630835857,419.80187726157754,-6.227323728501915,-1.132582202039872,-5.094741526462043
2022-06-22,393.17365949269043,403.58717702307877,390.2039436015413,391.2003479003906,427000,MPWR,394.5412820044253,394.97701542244323,403.58717702307877,390.2039436015413,412.4516316253464,420.10792165346436,-7.142601782726786,-2.334586118177255,-4.808015664549531
2022-06-23,395.07853052432324,401.11562586644857,384.24496343968224,390.4090576171875,289000,MPWR,392.7120443619104,394.75914871343423,401.11562586644857,384.24496343968224,412.47634673296255,420.4844151476168,-7.841425673640231,-3.4359540292698503,-4.4054716443703805
2022-06-24,399.7968584516497,411.0504754852346,397.33510829822643,409.712158203125,682900,MPWR,404.47365010955895,393.73559653767234,411.0504754852346,393.73559653767234,412.67118522185405,420.7280056131864,-6.759727812957578,-4.100708786007396,-2.6590190269501823
2022-06-27,418.49430479245717,418.49430479245717,402.6591292524599,407.22113037109375,418300,MPWR,411.717217302117,399.10462332361567,418.49430479245717,399.10462332361567,412.86172549168276,420.9101512065536,-6.033924269815998,-4.487351882769117,-1.546572387046881
2022-06-28,408.91113948501936,418.67991425418376,386.68717688517046,387.9473571777344,494300,MPWR,400.55639695052696,405.4109203128663,418.67991425418376,386.68717688517046,412.7661382634331,420.88975210335514,-6.934021073151769,-4.976685720845648,-1.9573353523061208
2022-06-29,380.8711726661888,385.80395949609846,375.4881802917336,384.06182861328125,388400,MPWR,381.5562852668255,402.98365863169664,402.98365863169664,375.4881802917336,412.2363819940499,420.818353500099,-7.870161632779741,-5.555380903232467,-2.314780729547274
2022-06-30,377.69025807362374,386.44986541671807,368.00087919611724,375.8698425292969,545800,MPWR,377.002711303939,392.26997194926105,392.26997194926105,368.00087919611724,411.3782200622458,420.73080427047927,-9.167408406905508,-6.277786403967076,-2.8896220029384327
2022-07-01,371.5537244413528,374.4115873911177,348.76898630109963,357.18603515625,772900,MPWR,362.980083322455,384.63634162660003,384.63634162660003,348.76898630109963,410.0837940268131,420.4556953052145,-11.569744121156987,-7.336177947405058,-4.233566173751929
2022-07-05,348.1230231479745,361.4924227330789,340.6161822367282,360.91497802734375,679200,MPWR,352.78665153628134,373.8082124745275,373.8082124745275,340.6161822367282,408.7907909043069,420.0755063804045,-13.022601513019993,-8.473462660528044,-4.549138852491948
2022-07-06,364.2720011965453,366.6307342391552,357.0294353892089,361.24774169921875,382300,MPWR,362.29497813103205,363.2974320054044,366.6307342391552,357.0294353892089,408.017893163584,419.6351826292311,-13.98592913096229,-9.575955954614894,-4.409973176347396
2022-07-07,370.3596521407778,382.0064837713567,370.3596521407778,378.4635009765625,333400,MPWR,375.2973222573687,362.7962050682182,382.0064837713567,362.7962050682182,407.5153004326198,419.3653145229828,-13.207952261004039,-10.302355215892723,-2.905597045111316
2022-07-08,372.1409290571227,387.1643464899995,370.1541168385061,387.0664978027344,352400,MPWR,379.13147254709065,369.04676366279347,387.1643464899995,369.04676366279347,407.2252262141202,418.882537344097,-11.761629299706783,-10.594210032655536,-1.1674192670512475
2022-07-11,382.3294936034526,386.8316087744816,378.4243570164227,381.36053466796875,349700,MPWR,382.2364985155814,374.08911810494203,386.8316087744816,374.08911810494203,407.158973131175,418.5493755985961,-10.949611169273282,-10.665290259979086,-0.2843209092941965
2022-07-12,384.8154784694796,386.54784259152683,372.15076174013143,377.171630859375,290000,MPWR,380.1714284151282,378.1628083102617,386.54784259152683,372.15076174013143,406.84080515408147,417.851694219832,-10.522790303445163,-10.636790268672302,0.11399996522713884
2022-07-13,366.8557913081948,382.44691654766666,364.0860103393504,379.20733642578125,388000,MPWR,373.14901365524827,379.16711836269496,382.44691654766666,364.0860103393504,406.48485742751706,416.9213525512994,-9.906076186134896,-10.49064745216482,0.5845712660299238
2022-07-14,378.80609591616843,389.5035632644942,371.4460577367679,387.555908203125,300200,MPWR,381.8279062801389,376.1580660089716,389.5035632644942,371.4460577367679,406.2589209810942,416.1323513493191,-8.644022918982557,-10.121322545528368,1.4772996265458112
2022-07-15,395.2192509634867,403.7439440607021,389.7481774910445,401.5222473144531,403800,MPWR,397.5584049574216,378.9929861445553,403.7439440607021,378.9929861445553,405.46039226636066,415.63080402733533,-6.442603445307327,-9.38557872548416,2.9429752801768334
2022-07-18,408.90192585242295,415.6453321631991,397.6661411158145,400.33807373046875,378000,MPWR,405.6378682154763,388.2756955509884,415.6453321631991,388.2756955509884,404.53366324652626,415.2712608771182,-4.738888605733678,-8.456240701534064,3.7173520958003863
2022-07-19,405.6623228372329,419.0904434148105,405.60360167254805,417.172119140625,435500,MPWR,411.8821217663041,396.95678188323234,419.0904434148105,396.95678188323234,403.7848138371966,415.0609510751643,-2.0071780450782057,-7.1664281702428925,5.159250125164687
2022-07-20,416.5457851093486,435.77774473722087,415.1462141194717,432.6849670410156,444700,MPWR,425.0386777517642,404.4194518247682,435.77774473722087,404.4194518247682,403.62884200125336,415.07097151279567,1.3934169907380465,-5.454459138046705,6.847876128784751
2022-07-21,435.96363567769873,448.2368659370145,429.10275805824864,446.3283386230469,463000,MPWR,439.90789957400216,414.7290647882662,448.2368659370145,414.7290647882662,404.2104358161175,415.02596309803886,5.130181581004138,-3.3375309942365363,8.467712575240673
2022-07-22,438.1755836974187,444.5764293783754,422.5942547137991,427.1551208496094,450600,MPWR,433.12534715980064,427.3184821811342,444.5764293783754,422.5942547137991,404.794459070698,414.91120239660734,6.469895080556569,-1.3760457792779153,7.845940859834484
2022-07-25,422.7116601415572,422.7116601415572,405.45671979047313,421.1261291503906,460700,MPWR,418.0015423059946,430.2219146704674,430.2219146704674,405.45671979047313,405.32447579299884,414.73928512673115,6.964851959407213,0.2921337684591104,6.672718190948102
2022-07-26,418.3074118274696,419.81465796181203,410.683129284009,413.12994384765625,357100,MPWR,415.4837857302367,424.111728488231,424.111728488231,410.683129284009,406.09915257137277,414.51636543290317,6.635394823708452,1.560785979508979,5.0746088441994734
2022-07-27,423.89588567359067,446.69041623949636,422.5941935975539,441.41510009765625,515000,MPWR,433.6488989020743,419.7977571092339,446.69041623949636,419.7977571092339,406.6393328048554,414.5339650556385,8.558021841907873,2.9602331519887577,5.597788689919115
2022-07-28,442.9713224340193,451.9658153190029,431.0700126011265,450.321533203125,363600,MPWR,444.08217088931843,426.7233280056541,451.9658153190029,426.7233280056541,407.26201432010873,414.89039451313727,10.677310929059843,4.5036487074029745,6.173662221656868
2022-07-29,445.94664824702636,459.6683735303756,445.94664824702636,454.8334655761719,465900,MPWR,451.59878390015007,435.40274944748626,459.6683735303756,435.40274944748626,407.78050308867864,415.50688662998687,12.575970079190483,6.1181129817604765,6.457857097430007
2022-08-01,451.5743210893679,455.5968698786677,437.8623627731739,452.4649353027344,801600,MPWR,449.374622260986,443.50076667381813,455.5968698786677,437.8623627731739,408.46399992352207,416.1962917545527,13.73126506013898,7.640743397436178,6.090521662702803
2022-08-02,483.8331642678249,501.10767077295003,471.3348151603449,494.9612731933594,1288500,MPWR,487.8092308486198,446.437694467402,501.10767077295003,446.437694467402,410.10868284011775,417.0435682709118,17.869950303608448,9.686584778670632,8.183365524937816
2022-08-03,500.1876369912714,517.8340929689833,488.60932317784955,514.92724609375,720600,MPWR,505.3895748079636,467.1234626580109,517.8340929689833,467.1234626580109,412.04870364835637,418.1306136227023,22.501590992926367,12.249586021521779,10.252004971404588
2022-08-04,511.26676194613344,526.5446565633104,510.29783301172534,519.6642456054688,591800,MPWR,516.9433742816594,486.2565187329873,526.5446565633104,486.2565187329873,414.259267238929,419.3169065926661,26.25182122631344,15.05003306248011,11.201788163833328
2022-08-05,513.6255562878698,524.538374238059,510.9634504474902,521.0051879882812,428400,MPWR,517.533142240425,501.59994650732335,524.538374238059,501.59994650732335,416.8080011631905,420.6584627553825,28.997839505501304,17.83959435108435,11.158245154416953
2022-08-08,519.3413352910413,525.1353759618845,510.8166110951441,524.1273193359375,587500,MPWR,519.8551604210018,509.5665443738742,525.1353759618845,509.5665443738742,419.49334094522646,421.91898833998255,31.067877529686598,20.4852509868048,10.582626542881798
2022-08-09,511.3059643978057,512.5782961116245,491.99572164076517,500.1876525878906,860200,MPWR,504.01690868452147,514.710852397438,514.710852397438,491.99572164076517,421.5364194125404,422.73634969955134,30.4259353005894,22.47338784956172,7.95254745102768
2022-08-10,516.0723384332176,522.7668496155726,501.60680125132484,520.6919555664062,559700,MPWR,515.2844862166303,509.3638805409797,522.7668496155726,501.60680125132484,423.1803802030689,423.5664523145897,31.211925697154527,24.221095419080285,6.990830278074242
2022-08-11,523.7944851652321,529.8723941053049,506.2557349296988,506.9505920410156,419400,MPWR,516.7183015603129,512.324183378805,529.8723941053049,506.2557349296988,424.70296946046125,424.25740615729075,30.375861530647,25.45204864139363,4.9238128892533695
2022-08-12,510.3370282797523,519.68384848348,507.5378866006361,516.5225830078125,444000,MPWR,513.5203365929202,514.521242469559,519.68384848348,507.5378866006361,426.16995087351563,424.8812157702639,30.138239465570507,26.38928680622901,3.748952659341498
2022-08-15,516.2778601930233,527.2493979309564,512.1867935119335,525.4583129882812,331800,MPWR,520.2930911560486,514.0207895312396,527.2493979309564,512.1867935119335,427.63972969885543,425.5012765070156,30.321434376381944,27.175716320259596,3.145718056122348
2022-08-16,522.7962327192048,526.5447698737825,511.2081508007031,520.104736328125,350500,MPWR,520.1634724304538,517.1569403436441,526.5447698737825,511.2081508007031,429.1363676438017,426.1390869620272,29.692353796562088,27.679043815520096,2.013309981041992
2022-08-17,512.999130729296,516.2778381289025,500.05057817869294,509.4267578125,424200,MPWR,509.6885762123478,518.6602063870489,518.6602063870489,500.05057817869294,430.20703075122185,426.54921792245347,28.00930544022532,27.745096140461143,0.2642092997641754
2022-08-18,513.8214257592617,523.3933960649131,509.975039204364,516.0235595703125,361300,MPWR,515.8033551497128,514.1743912996983,523.3933960649131,509.975039204364,431.40585175952486,426.9233421147013,26.897724042690356,27.575621720906987,-0.677897678216631
2022-08-19,507.802146809997,509.7008773503783,499.24806256190163,500.76507568359375,309700,MPWR,504.37904060146764,514.9888732247056,514.9888732247056,499.24806256190163,432.4642517228568,427.1708590596037,24.50309917282999,26.96111721129159,-2.4580180384615993
2022-08-22,489.36288877881276,494.1194817209394,479.92795794635384,481.1807556152344,439800,MPWR,486.1477710153351,509.6839569130866,509.6839569130866,479.92795794635384,433.3804614159456,427.08430857050223,20.785449036599232,25.72598357635312,-4.940534539753887
2022-08-23,484.9586244252996,491.6629019979855,481.4058450617762,486.9258728027344,246100,MPWR,486.23831107194894,497.91586396421087,497.91586396421087,481.4058450617762,434.69440978296154,427.0702413203767,18.094188915915936,24.199624644265683,-6.105435728349747
2022-08-24,489.89141495028156,489.89141495028156,481.89521210945236,486.53436279296875,262100,MPWR,487.053101200746,492.0770875180799,492.0770875180799,481.89521210945236,436.63017250507596,427.1409335420441,15.74821863350843,22.509343442114233,-6.761124808605803
2022-08-25,487.40544332087825,503.6914547999698,487.40544332087825,503.48590087890625,552600,MPWR,495.4970605801581,489.56509435941297,503.6914547999698,487.40544332087825,438.6793275062303,427.4688022225222,15.083000297924855,21.024074813276357,-5.941074515351502
2022-08-26,498.5923093457938,502.08636784598986,465.5799050941937,466.4803161621094,709200,MPWR,483.1847246120217,492.53107746978554,502.08636784598986,465.5799050941937,440.24866383992395,427.6964310514005,11.437919341949112,19.106843719010907,-7.668924377061796
2022-08-29,461.8509289501075,466.695603706074,450.53683130036825,451.9364318847656,523300,MPWR,457.7549489603289,487.8579010409036,487.8579010409036,450.53683130036825,441.7139302565644,427.8347321858748,7.291544128197643,16.743783800848256,-9.452239672650613
2022-08-30,458.02413625702104,460.06966970924077,443.96961745131847,453.31646728515625,547900,MPWR,453.8449726756841,472.80642500061623,472.80642500061623,443.96961745131847,443.12244021593983,428.1608376761007,4.069953333087938,14.209017707296193,-10.139064374208255
2022-08-31,453.7471055547595,458.2296869563055,437.2947253696985,443.53900146484375,545000,MPWR,448.2026298364018,463.3256988381502,463.3256988381502,437.2947253696985,444.06193273059733,428.42079951947795,0.719564942899126,11.51112715441678,-10.791562211517654
2022-09-01,430.63940447866094,432.3717386031642,394.8278266767846,416.41851806640625,1403100,MPWR,418.564371956254,455.764164337276,455.764164337276,394.8278266767846,444.54239452963395,428.4970130774901,-4.077040761459159,8.393493571241592,-12.470534332700751
2022-09-02,422.99552772904394,426.81255257243356,410.3308128337478,415.3908386230469,705600,MPWR,418.88243293956805,437.164268146765,437.164268146765,410.3308128337478,445.065802301187,428.7710745170748,-7.870583297261874,5.1406781975408995,-13.011261494802774
2022-09-06,415.6844436633929,417.82785566155866,407.05207450927406,409.9784851074219,408800,MPWR,412.63571473541185,428.02335054316654,428.02335054316654,407.05207450927406,445.2290435937041,428.95011440777904,-11.184793447102948,1.8755838686121302,-13.060377315715078
2022-09-07,413.7563832308842,422.3104382252029,406.70954465016393,418.1019287109375,386900,MPWR,415.21957370429715,420.3295326392892,422.3104382252029,406.70954465016393,445.2990907217477,429.08040810671525,-13.005910816104176,-1.1007150683311313,-11.905195747773044
2022-09-08,412.00438200619664,429.4452819824219,408.75503522678696,429.4452819824219,433700,MPWR,419.91249529945685,417.7745531717932,429.4452819824219,408.75503522678696,445.6862126887263,429.22617547607973,-13.37961378365219,-3.556494811395343,-9.823118972256847
2022-09-09,435.024082717309,444.63514800038985,435.024082717309,437.68621826171875,473700,MPWR,438.09238292418166,418.843524235625,444.63514800038985,418.843524235625,446.8169346418734,429.5266583179616,-12.86253015151766,-5.417701879419807,-7.444828272097853
2022-09-12,439.44787637827403,442.22745401659944,430.0129454974025,437.4121398925781,322700,MPWR,437.27510394621356,428.46795357990334,442.22745401659944,428.46795357990334,448.022382494719,429.70030127848236,-12.332689909047247,-6.800699485345295,-5.531990423701951
2022-09-13,417.81806019036213,424.59085622738513,411.9555018955203,413.34527587890625,616200,MPWR,416.92742354804346,432.87152876305845,432.87152876305845,411.9555018955203,449.10132929923066,429.5925616630219,-13.696893231176205,-8.179938234511479,-5.516954996664726
2022-09-14,421.66443597234735,422.6235980378398,409.9882439950655,420.5682678222656,502100,MPWR,418.71113645687956,424.89947615555093,424.89947615555093,409.9882439950655,450.41981899764266,429.6053049509748,-14.033430456950214,-9.350636678999226,-4.682793777950987
2022-09-15,417.5832059700628,422.2223572880866,407.59042265748656,409.9687194824219,504400,MPWR,414.34117634951446,421.80530630621524,422.2223572880866,407.59042265748656,451.4607429620123,429.7393180627982,-14.982722105883795,-10.47705376437614,-4.505668341507654
2022-09-16,407.9427085800163,410.46783793386686,398.42949236975187,409.0682373046875,804400,MPWR,406.47706904708065,418.0732413278648,418.0732413278648,398.42949236975187,452.08433789780656,429.7998191652132,-15.627559188532643,-11.507154849207442,-4.1204043393252014
2022-09-19,401.65936173222076,413.325758468637,401.277644270377,408.7746887207031,514900,MPWR,406.25936329798446,412.2751551874727,413.325758468637,401.277644270377,452.6268957128245,429.92606096347225,-15.978098565529422,-12.401343592471838,-3.576754973057584
2022-09-20,404.47799743464174,407.45333220639435,400.32820963312366,402.0997009277344,360900,MPWR,403.58981005047355,409.2672592427286,409.2672592427286,400.32820963312366,453.0539619435222,430.10646753734864,-16.603128743920138,-13.241700622761499,-3.3614281211586388
2022-09-21,403.8712590119539,413.1691555765084,395.0529584754147,395.26824951171875,541400,MPWR,401.8404056438989,406.42853464660107,413.1691555765084,395.0529584754147,453.4873414880977,430.1640733210896,-17.448574395573075,-14.083075377323816,-3.3654990182492597
2022-09-22,392.70399432832164,394.58316131213815,372.3073489219234,373.5894775390625,872800,MPWR,383.29599552536143,404.13447014525,404.13447014525,372.3073489219234,453.6902811254999,430.0875692765084,-19.64147716439544,-15.194755734738141,-4.446721429657298
2022-09-23,368.549053515475,370.5652266496003,352.8796409805536,363.34222412109375,1465500,MPWR,363.8340363166807,393.71523283530576,393.71523283530576,352.8796409805536,453.33040372623077,429.7946623536625,-21.953173598787714,-16.546439307548056,-5.406734291239658
2022-09-26,362.88216826723715,370.7413355530421,356.4813227907844,359.5349426269531,887700,MPWR,362.4099423095042,378.7746345759932,378.7746345759932,356.4813227907844,452.62743447327244,429.0439133698166,-23.8178679204363,-18.000725030125707,-5.817142890310592
2022-09-27,373.1098234408571,373.1098234408571,356.5400040245387,364.73193359375,831500,MPWR,366.8728961250007,370.59228844274867,373.1098234408571,356.5400040245387,451.8521350314629,428.19289913899456,-24.592807292804707,-19.319141482661507,-5.2736658101432
2022-09-28,360.77792510537216,373.7558396881074,358.77154902096174,371.26007080078125,527900,MPWR,366.14134615380567,368.7325922838747,373.7558396881074,358.77154902096174,450.93731951921296,427.3610666782048,-24.39893053050622,-20.335099292230453,-4.0638312382757675
2022-09-29,365.7585705214887,365.7585705214887,353.30411494799483,358.3349304199219,882500,MPWR,360.78904660272354,367.4369692188402,367.4369692188402,353.30411494799483,449.6523268962322,426.6405844487428,-25.000047621417764,-21.268088958067917,-3.7319586633498467
2022-09-30,355.17715347666046,369.49486487280217,353.1471702529599,356.3735656738281,1288000,MPWR,358.54818856906263,364.1130079107819,369.49486487280217,353.1471702529599,448.02513267613335,426.11778424612544,-25.342569622573365,-22.082985090969007,-3.2595845316043572
2022-10-03,359.46267311770066,373.27045036285165,355.66750510213825,369.71063232421875,1026300,MPWR,364.52781522672734,361.33059823992227,373.27045036285165,355.66750510213825,446.6531820374719,425.72382055408497,-24.258197558802863,-22.51802758453578,-1.7401699742670829
2022-10-04,381.4687976150916,389.90252102739305,381.30210135559827,386.3917541503906,640400,MPWR,384.7662935371184,362.9292067333248,389.90252102739305,362.9292067333248,445.9884770620944,425.65647642754664,-21.80148382972908,-22.37471883357444,0.5732350038453617
2022-10-05,378.2522104208919,396.39450916298057,373.594052635761,392.1090087890625,680300,MPWR,385.087445252174,373.8477501352216,396.39450916298057,373.594052635761,445.3805502525331,425.73985141195294,-19.172180864780273,-21.734211239815608,2.5620303750353344
2022-10-06,389.7946619113307,402.84730822055894,385.4993452280357,387.7058410644531,530900,MPWR,391.4617891060946,379.4675976936978,402.84730822055894,379.4675976936978,444.5368080566135,425.58807043073443,-17.244949119677813,-20.83635881578805,3.5914096961102366
2022-10-07,376.4674438593776,376.4674438593776,350.793615325939,355.5890808105469,1384700,MPWR,364.82939596381027,385.4646933998962,385.4646933998962,350.793615325939,442.95175255810335,425.106883439106,-18.1005068425481,-20.28918842114006,2.188681578591961
2022-10-10,353.16677134399305,354.9711907401193,332.65125334057063,337.68206787109375,1190000,MPWR,344.61782082394416,375.14704468185323,375.14704468185323,332.65125334057063,440.81213329657925,424.296318192629,-19.993021682217147,-20.22995507335548,0.2369333911383329
2022-10-11,331.0331828515213,333.3769859142544,317.117547981207,321.6678466796875,1588500,MPWR,325.7988908566676,359.8824327528987,359.8824327528987,317.117547981207,438.3406186684928,423.40230929600745,-22.525408256403693,-20.689045709965125,-1.8363625464385684
2022-10-12,321.48155213092804,323.27615560382975,314.36191587995785,316.7351379394531,756300,MPWR,318.9636903885422,342.84066180478317,342.84066180478317,314.36191587995785,434.96370785929133,422.5361953497045,-24.646264437606703,-21.48048945549344,-3.1657749821132626
2022-10-13,302.77043590207353,336.6524221532482,295.8567611443557,325.5414733886719,1406500,MPWR,315.2052731470873,330.9021760966627,336.6524221532482,295.8567611443557,431.1600218260738,421.60436273721507,-25.324535091459325,-22.24929858268662,-3.0752365087727043
2022-10-14,331.70010764148304,331.70010764148304,302.6332136888036,303.22161865234375,901900,MPWR,317.3137619060284,323.053724621875,331.70010764148304,302.6332136888036,427.1674295785612,420.71334840874516,-27.347846265421822,-23.26900811923366,-4.078838146188161
2022-10-17,311.8121616017609,315.7740556486088,307.85029748242675,310.0567932128906,763800,MPWR,311.3733269864218,320.18374326395167,320.18374326395167,307.85029748242675,423.0442332734811,419.9261172183358,-28.076149114660268,-24.230436318318983,-3.845712796341285
2022-10-18,322.9721268943563,327.8656344461226,304.90829886252726,309.497802734375,638300,MPWR,316.3109657343453,315.77853512518675,327.8656344461226,304.90829886252726,418.97334937974796,419.23334516248724,-28.37139247785217,-25.058627550225623,-3.312764927626546
2022-10-19,305.01613148414174,316.4997064041119,301.91722753186974,308.7426452636719,576200,MPWR,308.0439276709488,316.04475042976605,316.4997064041119,301.91722753186974,415.05388975947653,418.2951545860085,-28.33962827314008,-25.714827694808516,-2.6248005783315627
2022-10-20,308.82110472173207,319.4515058055885,307.3697102836927,311.30218505859375,536200,MPWR,311.73612646740173,312.0443390503574,319.4515058055885,307.3697102836927,410.98292256449196,417.08165138378047,-27.787603248507025,-26.12938280554822,-1.6582204429588039
2022-10-21,309.0858966280189,327.6204536922682,307.7129720172434,326.3946228027344,797900,MPWR,317.7034862850662,311.89023275887956,327.6204536922682,307.7129720172434,407.002626258987,415.8527978597241,-25.834482018865856,-26.07040264821175,0.23592062934589464
2022-10-24,325.7768358340756,329.0032012534836,314.9404725925382,324.5902099609375,649600,MPWR,323.5776799102587,314.7968595219729,329.0032012534836,314.7968595219729,403.2037731253338,414.68686199942465,-24.153790546910102,-25.687080227951423,1.533289681041321
2022-10-25,326.93398554759324,338.0547190785226,326.5907469348619,335.5442199707031,798200,MPWR,331.7809178829202,319.1872697161158,338.0547190785226,319.1872697161158,399.4335296598713,413.53662967936333,-21.68792844648584,-24.88724987165831,3.1993214251724673
2022-10-26,327.0223172133961,340.4672242761102,322.6485602485941,326.885009765625,851400,MPWR,329.25577787593136,325.484093799518,340.4672242761102,322.6485602485941,395.6153757687807,412.37587170629126,-20.19959253292336,-23.94971840391132,3.750125870987958
2022-10-27,333.220087320825,337.4957713110242,317.48039995966997,323.10943603515625,1160300,MPWR,327.82642365666885,327.3699358377247,337.4957713110242,317.48039995966997,391.97813271766717,411.09258173444454,-19.104507969082192,-22.980676316945495,3.8761683478633024
2022-10-28,318.98083133704523,341.96761683168813,313.8225547974685,340.09454345703125,2143900,MPWR,328.7163866058083,327.5981797471968,341.96761683168813,313.8225547974685,388.2363933467891,409.82112255315695,-16.673883197728458,-21.719317693102088,5.04543449537363
2022-10-31,334.5341979628221,337.96652486491354,326.6790631043734,332.8866882324219,1048600,MPWR,333.01661854113274,328.1572831765026,337.96652486491354,326.6790631043734,384.80914490558246,408.6366983142196,-15.154517389682553,-20.40635763241818,5.2518402427356286
2022-11-01,342.89922513589954,346.96897768557443,336.8289082036872,342.1343078613281,1177300,MPWR,342.2078547216223,330.58695085881766,346.96897768557443,330.58695085881766,381.9303465797082,407.65540399782685,-13.053728169224598,-18.935831739779466,5.882103570554868
2022-11-02,340.722195237303,348.6459539957798,327.8852960416023,328.0716247558594,996000,MPWR,336.33126750763614,336.39740279022,348.6459539957798,327.8852960416023,378.9322057084219,406.81330774569176,-12.380859732330862,-17.624837338289748,5.243977605958886
2022-11-03,322.57991328506813,335.0637881850787,321.85423083883234,327.73822021484375,780400,MPWR,326.80903813095574,336.36433514892803,336.36433514892803,321.85423083883234,375.72732444702604,406.17874847605094,-11.739187561599636,-16.447707382951727,4.708519821352091
2022-11-04,337.3291172545233,346.3414299241967,332.70037780930204,344.9390563964844,896500,MPWR,340.3274953461266,331.5866866399419,346.3414299241967,331.5866866399419,372.62393314234544,405.6516303242879,-9.730526563641149,-15.104271219089611,5.373744655448462
2022-11-07,348.489026529784,349.39125130759146,338.77066476584656,346.13543701171875,690300,MPWR,345.69659490373516,335.9570909930343,349.39125130759146,335.9570909930343,369.87417054817973,405.0614171940519,-7.95046235304369,-13.673509445880427,5.723047092836737
2022-11-08,352.9511343414967,356.73648677547516,342.9091345857422,349.2638244628906,587600,MPWR,350.4651450414012,340.82684294838475,356.73648677547516,340.82684294838475,367.7283744698012,404.72115236318285,-6.215663618116935,-12.18194028032773,5.966276662210795
2022-11-09,342.075493811681,345.95891793886074,335.7305915237883,337.1917724609375,675500,MPWR,340.23919393381686,345.64599399489293,345.95891793886074,335.7305915237883,365.4562588949638,404.28934955545185,-5.748669741984088,-10.895286172659002,5.146616430674914
2022-11-10,356.9717884833493,381.3314975044446,356.7854597849472,379.3897705078125,900600,MPWR,368.61962907013844,342.9425939643549,381.3314975044446,342.9425939643549,363.8645988796385,403.96326580511794,-1.9510573766935977,-9.106440413465922,7.155383036772324
2022-11-11,379.39956427149673,394.75677707884773,374.6237319665294,385.7640686035156,751600,MPWR,383.6360354800974,355.7811115172467,394.75677707884773,355.7811115172467,363.1660321501154,403.8542133398747,1.5550052348202712,-6.974151283808684,8.529156518628955
2022-11-14,381.4590480319072,388.54923618811966,378.7131683233207,380.46856689453125,619200,MPWR,382.29750485946965,369.7085734986721,388.54923618811966,369.7085734986721,362.4343335885135,403.75006794485023,3.861766344152045,-4.806967758216539,8.668734102368584
2022-11-15,397.6007455996643,401.80780604219274,392.7170240395434,397.19866943359375,611200,MPWR,397.3310612787485,376.00303917907087,401.80780604219274,376.00303917907087,362.1282405193802,403.6786420565422,6.95964415265172,-2.453645376042887,9.413289528694607
2022-11-16,388.96110696822495,391.61870035063447,366.5038877314356,368.1219787597656,734100,MPWR,378.8014184525151,386.6670502289097,391.61870035063447,366.5038877314356,361.39987741434453,403.34948406804614,6.987936123761756,-0.5653290760819584,7.553265199843715
2022-11-17,356.7658677153676,372.2505743915205,354.2161629955213,368.76922607421875,500800,MPWR,363.00045779415706,382.7342343407124,382.7342343407124,354.2161629955213,360.26163666423855,402.9739246764824,6.982099862693076,0.9441567116730486,6.037943151020027
2022-11-18,376.73220857793456,376.8793023184518,364.94462797340594,370.0146484375,364900,MPWR,372.14269682682306,372.8673460674347,376.8793023184518,364.94462797340594,358.9426429422914,402.8797887920824,6.997309135989951,2.154787196536429,4.842521939453523
2022-11-21,362.90482291487126,369.0535805965888,361.0219632094001,361.15924072265625,413300,MPWR,363.53490186087913,372.5050214471289,372.5050214471289,361.0219632094001,357.4678389005847,402.74511069765185,6.22306952800443,2.9684436628300293,3.254625865174401
2022-11-22,364.8857160557362,367.04319041196055,359.04096270093606,366.7882080078125,460700,MPWR,364.43951929411134,368.019961654004,368.019961654004,359.04096270093606,356.41808081550613,402.75970505736836,5.994587800586601,3.5736724903813437,2.420915310205257
2022-11-23,363.9442888509871,375.05523697204063,363.64028517968853,368.4259338378906,359500,MPWR,367.7664362101517,366.2297404740577,375.05523697204063,363.64028517968853,355.3991868105715,402.9095029041071,5.877908304859886,4.034519653277052,1.843388651582834
2022-11-25,363.26765110150836,365.3368693714245,362.0124013669791,362.139892578125,213400,MPWR,363.1892036045092,366.99808834210467,366.99808834210467,362.0124013669791,354.37614735567143,402.9184451588418,5.218057450678316,4.271227212757306,0.9468302379210103
2022-11-28,355.353709529724,360.52183257152967,346.28255944133645,348.6165466308594,574400,MPWR,352.69366204336234,365.09364597330693,365.09364597330693,346.28255944133645,353.300479215597,402.69240855670176,3.5628298118575685,4.129547732577358,-0.5667179207197899
2022-11-29,351.3623918665265,352.83338903426835,345.0272758496414,348.08697509765625,396200,MPWR,349.3275079620231,358.89365400833464,358.89365400833464,345.0272758496414,352.16184210887775,402.39436891085114,2.1831519689720835,3.740268579856304,-1.5571166108842203
2022-11-30,349.84234034387754,375.5651880253888,344.0956591590051,374.57470703125,781000,MPWR,361.0194736398804,354.1105809851789,375.5651880253888,344.0956591590051,351.3104353806659,402.1821986620941,3.190310030143621,3.6302768699137675,-0.4399668397701464
2022-12-01,373.6430844334098,377.526508447691,362.7969347373401,374.6825866699219,669100,MPWR,372.1622785720907,357.56502731252965,377.526508447691,357.56502731252965,350.7168728392298,402.1021071636637,3.9516429548855285,3.69455008690812,0.2570928679774087
2022-12-02,364.25812357178893,378.7033263684859,361.78685913201866,375.800537109375,585800,MPWR,370.13721154541713,364.8636529423102,378.7033263684859,361.78685913201866,350.4536971596309,402.0719891425654,4.592277128074045,3.874095495141305,0.71818163293274
2022-12-05,371.24049357462394,376.1830529361622,364.45430938278594,367.80816650390625,471300,MPWR,369.92150559936954,367.50043224386366,376.1830529361622,364.45430938278594,350.57544654528465,401.95292513575777,4.404296820841637,3.9801357602813714,0.4241610605602655
2022-12-06,366.96474540473815,367.6610089671459,353.03929459151266,356.82464599609375,546500,MPWR,361.1224237398726,368.7109689216166,368.7109689216166,353.03929459151266,350.549696173892,401.5885653235822,3.3306491114655046,3.850238430518198,-0.5195893190526935
2022-12-07,353.07850851832103,361.8750716147754,351.7055839955627,360.6590270996094,369600,MPWR,356.8295478070671,364.91669633074457,364.91669633074457,351.7055839955627,350.34882920753336,401.1004821194981,2.757392571220862,3.631669258658731,-0.8742766874378689
2022-12-08,363.13039040734975,381.3903648605005,358.08975878641803,377.8992004394531,622400,MPWR,370.1274286234304,360.87312206890584,381.3903648605005,358.08975878641803,350.42855085692577,400.68293518806945,3.652121160005663,3.6357596389281177,0.016361521077545405
2022-12-09,372.652612983605,383.9400740747286,370.7795396796752,378.6346740722656,673600,MPWR,376.50172520256865,365.5002753461681,383.9400740747286,365.5002753461681,350.7428044289227,400.1975656625774,4.370169989049941,3.7826417089524824,0.5875282800974588
2022-12-12,378.3894983662798,385.626808982776,375.3788504123692,385.4306640625,534800,MPWR,381.20645545598126,371.0010002743684,385.626808982776,371.0010002743684,351.19596976666116,399.61055122139726,5.425071606592837,4.111127688480553,1.313943918112284
2022-12-13,404.8968673833677,408.09384405002754,382.4298343354427,393.7565002441406,736300,MPWR,397.2942615032447,376.10372786517485,408.09384405002754,376.10372786517485,351.8512986921915,399.25224036483166,6.853906568085279,4.659683464401499,2.19422310368378
2022-12-14,393.74671973121764,398.6304111117649,382.88093736569584,387.74505615234375,596200,MPWR,390.75078109025554,386.69899468420977,398.6304111117649,382.88093736569584,351.97098844325416,398.97973275267424,7.41571156400488,5.210889084322176,2.2048224796827043
2022-12-15,376.33995992136056,377.05582612253284,365.79781257352863,366.0821838378906,662800,MPWR,371.3189456138282,388.7248878872326,388.7248878872326,365.79781257352863,351.69561845048725,398.5380843515102,6.043270261489738,5.377365319755689,0.6659049417340492
2022-12-16,364.7680810642468,368.4553903945448,353.7356017486095,359.93341064453125,1631300,MPWR,361.7231209629831,380.0219167505304,380.0219167505304,353.7356017486095,351.10084508762515,397.8188265721193,4.408626134276972,5.183617482659946,-0.774991348382974
2022-12-19,360.3844686050112,360.3844686050112,341.73223639266257,352.0684509277344,730200,MPWR,353.64240613260483,370.87251885675676,370.87251885675676,341.73223639266257,350.877105291001,396.91442892455217,2.4502770984053655,4.63694940580903,-2.186672307403665
2022-12-20,345.50782292318274,356.4520454735695,345.50782292318274,350.95050048828125,370200,MPWR,349.6045479520541,362.2574624946808,362.2574624946808,345.50782292318274,350.97683983356313,395.89448656507113,0.7988534358327115,3.8693302118137667,-3.070476775981055
2022-12-21,354.50048886339005,362.3948580120292,352.6568343555834,359.9039611816406,454900,MPWR,357.3640356031608,355.93100522336744,362.3948580120292,352.6568343555834,351.608142728493,394.9743806984929,0.2101354257565049,3.1374912546023146,-2.9273558288458097
2022-12-22,350.43075489956016,353.2746768247963,332.88667724699803,340.87908935546875,982800,MPWR,344.3677995817058,356.64752041326415,356.64752041326415,332.88667724699803,352.11622491235624,393.53996638582385,-1.7711591771118833,2.1557611682594753,-3.9269203453713586
2022-12-23,337.07413658196464,344.1055169987324,330.6899985827354,343.8309020996094,421300,MPWR,338.92513856576045,350.507659997485,350.507659997485,330.6899985827354,352.5906222207297,391.87532202340174,-3.067799126526154,1.1110491093023496,-4.178848235828504
2022-12-27,341.47729204591724,346.1452662131302,331.5529687555532,335.6619567871094,441400,MPWR,338.7093709504275,344.7163992816227,346.1452662131302,331.5529687555532,353.0185344016177,390.0929819900894,-4.700378210095494,-0.05123635457721906,-4.649141855518274
2022-12-28,333.10237045999656,341.73220729568345,330.121141583437,333.7005615234375,343600,MPWR,334.6640702156386,341.7128851160251,341.73220729568345,330.121141583437,353.48434926620206,388.26429126984164,-6.082363402471515,-1.2574617641560784,-4.824901638315437
2022-12-29,341.6516745683775,349.7501916316789,340.0201716660254,347.35211181640625,506600,MPWR,344.693537420622,338.1884776658319,349.7501916316789,338.1884776658319,354.0520006999276,386.5126750398378,-6.006788092187776,-2.207327029762418,-3.7994610624253577
2022-12-30,340.0693574144774,348.0007806378776,337.946438895779,347.5388488769531,346200,MPWR,343.3888564562718,341.441007543227,348.0007806378776,337.946438895779,354.7588992756341,384.9063945175553,-5.86422683750942,-2.9387069913118187,-2.9255198461976017
2023-01-03,353.47518068395465,354.8314923302084,333.4549170199115,337.0619201660156,588700,MPWR,344.70587755002254,342.4149319997494,354.8314923302084,333.4549170199115,355.4182942972865,383.2006084308892,-6.521471143833253,-3.6552598218161054,-2.8662113220171475
2023-01-04,342.69347403406874,354.9002471168528,342.5362174894484,351.6863708496094,591800,MPWR,347.9540773724948,343.56040477488597,354.9002471168528,342.5362174894484,356.02330611903506,381.5129661890111,-5.795464535636938,-4.083300764580272,-1.712163771056666
2023-01-05,346.13340819038865,351.29327084809637,340.38384094450436,341.101318359375,627100,MPWR,344.72795958559107,345.75724107369035,351.29327084809637,340.38384094450436,356.4463117125417,379.8250424189378,-6.005002411221085,-4.467641093908435,-1.5373613173126497
2023-01-06,344.9343621523613,364.2568233679178,339.76469144620063,361.1412658691406,549800,MPWR,352.5242857089051,345.2426003296407,364.2568233679178,339.76469144620063,356.8611790690614,378.1473543644663,-4.502108895173535,-4.474534654161456,-0.02757424101207917
2023-01-09,370.5272333139969,384.7782807491506,366.0848486353616,376.8763122558594,615000,MPWR,374.5666687385921,348.88344301927293,384.7782807491506,348.88344301927293,357.7673968863146,376.69138632754766,-2.01810476035331,-3.983248675399827,1.9651439150465166
2023-01-10,376.83710656091694,384.6997552148989,374.792801114452,381.50555419921875,391700,MPWR,379.45880427237165,361.7250558789325,384.6997552148989,361.7250558789325,358.8000444986287,375.38908860814786,0.32033492776929506,-3.1225319547660026,3.4428668825352977
2023-01-11,383.66772944457443,391.0684456125934,381.84948611114055,390.54754638671875,486200,MPWR,386.7833018887568,370.59193007565204,391.0684456125934,370.59193007565204,359.96138280428767,374.0988880755384,2.8700937761243495,-1.9240068085879323,4.7941005847122815
2023-01-12,391.166707342515,397.58459206977176,380.4636641944219,392.778564453125,457600,MPWR,390.4983820149584,378.6876159822044,397.58459206977176,378.6876159822044,361.1110180737641,372.96008148967326,5.013033417299653,-0.5365987634104153,5.549632180710068
2023-01-13,386.00684870576777,391.89399639297187,384.62105349182906,391.6188049316406,208900,MPWR,388.53517588055234,384.5929989985814,391.89399639297187,384.5929989985814,362.0375644969427,371.98395553832546,6.542329716594395,0.8791869325905467,5.663142784003848
2023-01-17,389.1224227183607,396.8474591873471,389.1224227183607,394.78350830078125,478500,MPWR,392.4689532312124,386.56408743956683,396.8474591873471,386.56408743956683,363.1603182114143,371.0462619599181,7.918394838462177,2.2870285137648727,5.6313663246973045
2023-01-18,398.82296700545515,402.5478745929306,390.4000988314473,391.019287109375,307400,MPWR,395.697556884802,389.5165203353896,402.5478745929306,389.5165203353896,364.5380885864912,370.1327065167586,8.605990666953403,3.550820944402579,5.055169722550824
2023-01-19,384.8668057537669,386.4884709811524,372.591255585596,376.7093200683594,650500,MPWR,380.16396309721864,392.6070386100958,392.6070386100958,372.591255585596,365.3348179415131,368.97937554192924,7.905095547348992,4.421675864991862,3.4834196823571304
2023-01-20,383.67761723770496,391.107818101796,376.69951029037867,390.9505615234375,358900,MPWR,385.60887678832927,386.3855008536572,391.107818101796,376.69951029037867,366.1330635792049,368.0036170636923,8.401928084846361,5.217726308962762,3.184201775883599
2023-01-23,397.05385937223673,422.22417518507956,392.2085100667745,421.15289306640625,792500,MPWR,408.15985942262427,385.99718882099324,422.22417518507956,385.99718882099324,367.2869578668294,367.50766616831527,11.104738679363493,6.395128783042908,4.709609896320584
2023-01-24,418.60739081888886,427.33490486466894,408.3859244703438,411.9339599609375,445800,MPWR,416.5655450287098,397.07852412180875,427.33490486466894,397.07852412180875,368.81348488872726,367.1348718918455,12.360362131846784,7.588175452803684,4.7721866790431005
2023-01-25,400.7886899869655,418.88261356474055,395.2357004463773,417.3985290527344,350700,MPWR,408.07638326270444,406.8220345752593,418.88261356474055,395.2357004463773,369.6026199725786,366.7336094261085,13.639173913829154,8.798375145008778,4.840798768820376
2023-01-26,424.05219689800697,428.92705958706875,413.54573254464793,425.32989501953125,295700,MPWR,422.9637210123137,407.44920891898187,428.92705958706875,407.44920891898187,370.38917368322285,366.7776029166692,15.118361353886598,10.062372386784343,5.055988967102255
2023-01-27,421.28068645994716,425.3495911281504,414.88244717010195,417.77197265625,484200,MPWR,419.8211743536124,415.2064649656478,425.3495911281504,414.88244717010195,371.1396470731057,366.78699033080954,15.502068688440374,11.15031164711555,4.351757041324824
2023-01-30,409.30002805283186,411.1084336973041,399.1768496163387,400.6216125488281,635000,MPWR,405.05173097882573,417.5138196596301,417.5138196596301,399.1768496163387,371.2940604671073,366.7111504932438,14.257912446960916,11.771831807084624,2.486080639876292
2023-01-31,400.7886329043669,419.4624205539339,398.7345198621489,419.2363586425781,466500,MPWR,409.55548299075696,411.2827753192279,419.4624205539339,398.7345198621489,371.90914175787213,366.6545095861083,14.605599838500268,12.338585413367753,2.2670144251325155
2023-02-01,419.22656680576335,456.74124068264007,419.11846978863986,449.9105529785156,1083100,MPWR,436.24920756388974,410.41912915499245,456.74124068264007,410.41912915499245,373.3741167532668,366.8178767087527,17.158503185296752,13.302568967753553,3.855934217543199
2023-02-02,453.46837825911746,471.35588323113234,453.46837825911746,465.8225402832031,608400,MPWR,461.0287950081426,423.3341683594411,471.35588323113234,423.3341683594411,375.15183871689317,367.0472408295923,20.232434957829753,14.688542165768794,5.543892792060959
2023-02-03,452.4855951271378,465.18375531768555,445.82197190820546,448.4657897949219,693500,MPWR,452.9892780369877,442.18148168379184,465.18375531768555,442.18148168379184,376.94092624041537,367.2043825705,21.02563291778239,15.955960316171513,5.0696726016108755
2023-02-06,439.168235989546,455.247368047766,437.3696683111533,441.95947265625,473200,MPWR,443.4361862511788,447.58537986038976,455.247368047766,437.3696683111533,378.52085957955666,367.46947019753134,20.88845350875971,16.942458954689155,3.9459945540705554
2023-02-07,443.8956182835623,462.9527259049746,441.7530538869129,459.5914306640625,598600,MPWR,452.04820718487804,445.51078305578426,462.9527259049746,441.7530538869129,380.2064949990512,367.8028409048114,21.94946967030529,17.943861097812384,4.005608572492907
2023-02-08,452.1022880669546,463.3458778044575,449.5469213095906,455.05078125,726900,MPWR,455.01146710775066,448.77949512033115,463.3458778044575,448.77949512033115,382.04294026911606,368.2095438123937,22.16839668497778,18.788768215245465,3.379628469732314
2023-02-09,481.27269869668504,520.851324056625,481.27269869668504,501.66644287109375,1785000,MPWR,496.2657910802722,451.8954811140409,520.851324056625,451.8954811140409,384.91438284985423,369.10743103272563,25.805917675535227,20.19219810730342,5.613719568231808
2023-02-10,499.86786494451775,500.04476733041764,480.5355654998528,483.572509765625,580300,MPWR,491.0051768851033,474.08063609715657,500.04476733041764,474.08063609715657,387.7479362283159,369.9548891685969,26.91835207652673,21.537428901148083,5.380923175378648
2023-02-13,484.2997767716424,494.7374364084627,477.71479756893507,492.81109619140625,621000,MPWR,487.3907767351116,482.54290649112994,494.7374364084627,477.71479756893507,390.2753622902205,370.79289883544317,28.220136896721726,22.873970500262814,5.346166396458912
2023-02-14,485.01731333225746,513.8830581421054,482.7174921414122,511.62255859375,660900,MPWR,498.3101055523813,484.9668416131208,513.8830581421054,482.7174921414122,392.7983188298263,371.75759583452805,30.41908625635807,24.38299365148187,6.0360926048762025
2023-02-15,507.25877128091423,521.5393356410201,505.24397956805666,520.9889526367188,453800,MPWR,513.7577597816774,491.63847358275103,521.5393356410201,491.63847358275103,395.6707297945515,373.06221347709123,32.54243030786142,26.01488098275778,6.527549325103642
2023-02-16,509.4110953820727,515.8584638638068,501.7351882415688,504.555908203125,484100,MPWR,507.8901639226433,502.69811668221416,515.8584638638068,501.7351882415688,398.430102961017,374.5027747531509,32.5242669141046,27.316758169027146,5.207508745077455
2023-02-17,503.3372359564611,505.2242546467696,489.95108277140343,493.4696044921875,488900,MPWR,497.9955444667054,505.29414030242873,505.29414030242873,489.95108277140343,401.1675653755537,375.85863077472277,31.255011914543957,28.10440891813051,3.150602996413447
2023-02-21,483.9852753355621,492.4277895953985,471.8178233776425,473.6459045410156,645700,MPWR,480.4691982124047,501.644842384567,501.644842384567,471.8178233776425,403.6403583836603,376.99459379559687,28.323021113489347,28.148131357202278,0.17488975628706882
2023-02-22,476.67299343806627,480.9679597346013,466.5891386593358,474.42230224609375,383800,MPWR,474.6630985195243,491.0570202984859,491.0570202984859,466.5891386593358,405.7310717815823,378.079811319254,25.76504271177481,27.671513628116784,-1.9064709163419735
2023-02-23,494.25591658480096,497.4697632910325,469.59665937275184,486.403076171875,661100,MPWR,486.9313538551151,482.8600594090051,497.4697632910325,469.59665937275184,407.9396643546332,379.34123439177796,24.423041112353985,27.021819124964225,-2.5987780126102393
2023-02-24,477.62639933328666,480.5454087073152,471.64096192868726,474.766357421875,372500,MPWR,476.144781847791,484.89570663206007,484.89570663206007,471.64096192868726,409.8384308824693,380.5172003245653,22.165004846570127,26.050456269285405,-3.8854514227152777
2023-02-27,481.16457565271054,483.59216940118586,476.6631929157215,477.9114074707031,342800,MPWR,479.83283636008025,480.52024423992555,483.59216940118586,476.6631929157215,411.48920237960607,381.6702505358988,20.39418264967651,24.919201545363627,-4.5250188956871185
2023-02-28,474.95306711768666,485.4398867838829,473.066018454656,475.9752197265625,379300,MPWR,477.358548020697,480.1765403000029,485.4398867838829,473.066018454656,413.2213577182149,382.5961730807346,18.619920280501617,23.659345292391226,-5.039425011889609
2023-03-01,478.0784382039951,485.4103784777359,474.39282224638714,478.1767272949219,281500,MPWR,479.01459155576003,478.76754416035,485.4103784777359,474.39282224638714,415.3752706370535,383.53544454377044,17.19325469437331,22.366127172787643,-5.172872478414334
2023-03-02,470.8055639187627,487.0812439574552,464.37784035474414,485.26300048828125,262400,MPWR,476.8819121798108,478.891067858055,487.0812439574552,464.37784035474414,417.67844646139,384.3896457745076,16.4448489805593,21.181871534341976,-4.737022553782676
2023-03-03,486.0983907092487,499.62215514593237,484.3391147847759,497.34197998046875,326800,MPWR,491.85041015510643,477.88649001893293,499.62215514593237,477.88649001893293,420.4426065418401,385.65985591642055,16.634650856799055,20.272427398833393,-3.637776542034338
2023-03-06,499.18967356918455,507.03267538175317,487.0811890144325,488.6733703613281,347500,MPWR,495.4942270816746,484.8684500870197,507.03267538175317,484.8684500870197,423.36040012443254,387.16861997899787,15.902274341707312,19.398396787408178,-3.496122445700866
2023-03-07,487.46450603087976,494.65880579935356,481.9704846122638,484.3390808105469,205200,MPWR,487.108219313261,490.18133858434715,494.65880579935356,481.9704846122638,425.9552837986346,388.7817132635638,14.801497286325741,18.47901688719169,-3.677519600865949
2023-03-08,486.88464737977995,498.52136243557857,485.3317576547245,496.10357666015625,303700,MPWR,491.71033603255984,488.64477894880406,498.52136243557857,485.3317576547245,428.90213452765164,390.50917972000394,14.708865390068809,17.724986587767116,-3.0161211976983076
2023-03-09,496.52620475329735,507.8189226984203,483.484018934518,484.2113342285156,472300,MPWR,493.0101201536878,490.1775574906819,507.8189226984203,483.484018934518,431.9838341594102,392.2872281900699,13.519999233040721,16.883989116821837,-3.363989883781116
2023-03-10,488.9780462441376,488.9780462441376,467.5523434089919,470.7268981933594,360600,MPWR,479.05883352265664,491.59383882218486,491.59383882218486,467.5523434089919,434.7908234108547,393.9046789062362,11.358795816803536,15.778950456818178,-4.420154640014642
2023-03-13,461.45875182900045,485.85262188399213,455.9254390751218,477.9506530761719,588300,MPWR,470.29686646607155,485.3263361724207,485.85262188399213,455.9254390751218,437.50347933586346,395.4939143010327,10.112354261208907,14.645631217696325,-4.533276956487418
2023-03-14,489.39086461996806,494.8554025143809,475.7688115280529,485.2433166503906,624900,MPWR,486.3145988281981,477.81160131924617,494.8554025143809,475.7688115280529,440.33590056401493,397.19395063197123,9.602307922874957,13.636966558732052,-4.034658635857095
2023-03-15,477.6362145443079,481.76408669944936,457.92062731632967,468.42706298828125,620300,MPWR,471.43699788709205,482.0631000737221,482.0631000737221,457.92062731632967,442.89686339263136,398.82788133413277,7.751803429221411,12.459933932829925,-4.708130503608514
2023-03-16,469.74411279646364,492.38851861482044,463.2181002212517,489.4203796386719,706400,MPWR,478.6927778178019,476.7500489804071,492.38851861482044,463.2181002212517,445.57660139798696,400.49744784763675,7.888318861527182,11.545610918569377,-3.657292057042195
2023-03-17,492.14275946776274,495.1698955850401,475.808113905532,479.9261779785156,688900,MPWR,485.7617367342126,477.7214133991045,495.1698955850401,475.808113905532,448.33275458522127,402.1780303521282,7.148007812961964,10.666090297447894,-3.51808248448593
2023-03-20,481.4397898884138,489.51866221926673,473.9899138250995,485.8526916503906,379300,MPWR,482.7002643957927,481.7415750666586,489.51866221926673,473.9899138250995,451.0922006814253,403.7692561969836,6.959303577079368,9.924732953374189,-2.9654293762948214
2023-03-21,492.6244006322721,496.94885110118145,483.9853076089439,489.8822937011719,495900,MPWR,490.86021326089235,482.22091973122565,496.94885110118145,482.22091973122565,453.85891923246504,405.36004915076325,7.053599811398044,9.35050632497896,-2.2969065135809164
2023-03-22,491.14031050883676,501.94161364462246,480.3291694650522,481.40045166015625,647100,MPWR,488.7028863196669,486.540566496059,501.94161364462246,480.3291694650522,456.1416435840866,406.95452023520056,6.370481543715982,8.754501368726364,-2.384019825010382
2023-03-23,491.91672740164455,508.9393666201726,488.44733535480685,501.7351989746094,466200,MPWR,497.75965708780836,487.621726407863,508.9393666201726,487.621726407863,458.5076606403953,408.65385256951197,7.384821928380518,8.480565480657196,-1.0957435522766783
2023-03-24,496.85055496772003,497.55819448851526,470.8743387976333,477.066162109375,661300,MPWR,485.5873125908109,492.6906917478357,497.55819448851526,470.8743387976333,460.48374085443635,410.222561829362,6.127475164399527,8.009947417405662,-1.882472253006135
2023-03-27,482.167061436145,483.3562785596349,467.1592427161453,474.540283203125,369700,MPWR,476.8057164787625,489.13900216932325,489.13900216932325,467.1592427161453,462.20988754371245,411.6604528087383,4.871051032982507,7.382168140521032,-2.5111171075385252
2023-03-28,473.82284843509166,476.92859810796034,454.67728905688455,466.8840637207031,562800,MPWR,468.0781998301599,482.9723593240429,482.9723593240429,454.67728905688455,463.8007480227046,412.91915625982364,3.220410047855921,6.54981652198801,-3.329406474132089
2023-03-29,477.2528691037803,487.12050006822926,471.2772702289898,482.4815368652344,386400,MPWR,479.53304406655843,475.5252795771014,487.12050006822926,471.2772702289898,465.54202983941155,414.3511740254129,3.134715851119836,5.866796387814375,-2.7320805366945393
2023-03-30,491.4829703256368,496.9192906579394,483.4959554225588,490.2420959472656,393800,MPWR,490.5350780883502,477.5291618218299,496.9192906579394,477.5291618218299,467.4387802634825,415.98843442498685,3.65092920379783,5.423622951011066,-1.7726937472132365
2023-03-31,486.9921259824591,495.1958364966608,484.7368704868712,492.9504089355469,464100,MPWR,489.9688104753845,484.03211995509,495.1958364966608,484.03211995509,469.6348772110458,417.48484757627944,4.229811593664351,5.184860679541724,-0.9550490858773726
2023-04-03,488.9420775644207,493.21626698342425,475.19376002651336,485.4951477050781,342800,MPWR,485.7118130698591,487.0004652152372,493.21626698342425,475.19376002651336,471.6369359366765,418.8849997579407,4.040427252882296,4.955973994209838,-0.9155467413275424
2023-04-04,486.0959556490879,489.19821702420035,471.4514305799414,475.6862487792969,296200,MPWR,480.6079630081316,486.35613914254816,489.19821702420035,471.4514305799414,473.0858980083865,420.18642793760796,3.063528185507778,4.577484832469426,-1.5139566469616481
2023-04-05,471.48092796816195,471.97334654357417,459.525020585672,466.14312744140625,547500,MPWR,467.2806056347036,483.4820510753399,483.4820510753399,459.525020585672,474.1001992205064,421.45684205461686,1.501964784564791,3.962380822888499,-2.460416038323708
2023-04-06,459.4560770984872,470.50595118888464,453.5569121527274,466.4287109375,299000,MPWR,462.4869128443998,475.38132835502176,475.38132835502176,453.5569121527274,475.1884098121403,422.3955148923595,0.2841828571945939,3.2267412297497184,-2.9425583725551245
2023-04-10,460.549273115681,481.6641545968195,459.2394228360391,481.3490295410156,404400,MPWR,470.7004700223888,468.9341205997108,481.6641545968195,459.2394228360391,476.14314479234184,423.26615923778235,0.5170665023309198,2.684806284265959,-2.167739781935039
2023-04-11,484.539860121894,487.12998654067013,475.09527580455455,477.2914733886719,315800,MPWR,481.01414896394766,469.8172953110498,487.12998654067013,469.8172953110498,477.3670042845486,424.2533256788272,0.36995300984528967,2.221835629381825,-1.8518826195365352
2023-04-12,485.2292556348559,485.8693937447486,458.30378262605547,458.8257751464844,373300,MPWR,472.05705178803606,475.41572213749873,485.8693937447486,458.30378262605547,478.7071107007328,425.00058558392004,-1.222569990878867,1.5329545053296867,-2.7555244962085537
2023-04-13,459.09171753622024,470.6340108425315,456.11751998101323,469.6097717285156,338200,MPWR,463.8632550220701,473.73638696276737,473.73638696276737,456.11751998101323,479.793266141359,425.8512039496156,-1.5960789394223411,0.9071478163792812,-2.5032267558016223
2023-04-14,469.10745382449903,478.6111561103897,463.89768708053975,470.033203125,190600,MPWR,470.4123750351071,468.79982099241874,478.6111561103897,463.89768708053975,480.4765294907834,426.9253231220251,-1.836747218596713,0.3583688093840824,-2.1951160279807955
2023-04-17,463.7006778750767,475.3217732197726,463.7006778750767,475.0459899902344,302600,MPWR,469.4422797400401,469.6060980137629,475.3217732197726,463.7006778750767,480.6447991854213,427.89831895115725,-1.6044929612519923,-0.03420354474313254,-1.5702894165088597
2023-04-18,480.86644872665846,482.5702279020573,464.7545265642547,468.40826416015625,349800,MPWR,474.1498668382817,469.52418887690146,482.5702279020573,464.7545265642547,481.06801096144716,429.00446860093126,-1.9337477493641586,-0.41411238566733777,-1.5196353636968207
2023-04-19,463.7696622106816,463.7696622106816,454.81749619523055,456.4720153808594,290800,MPWR,459.7072089993633,471.8370278575916,471.8370278575916,454.81749619523055,481.3934314164109,429.9571454979838,-3.1218532808562145,-0.9556605647051132,-2.166192716151101
2023-04-20,448.13043845584343,466.4878170015142,447.500158320608,459.3477478027344,294700,MPWR,455.36654039517504,465.7721184284774,466.4878170015142,447.500158320608,481.4597980806168,430.833146539834,-3.787725361267576,-1.5220735240176058,-2.26565183724997
2023-04-21,456.2750228524699,458.02803171303555,450.3857161463892,455.9795837402344,221800,MPWR,455.1670886130322,460.56932941182623,460.56932941182623,450.3857161463892,481.46291051072245,431.75292538991926,-4.534940502059726,-2.12464691962603,-2.410293582433696
2023-04-24,458.69776756120007,467.7877953585191,457.2500557265407,465.759033203125,389400,MPWR,462.3736629623462,457.86820901242925,467.7877953585191,457.2500557265407,480.7850679483639,432.84972539910916,-4.288558213594399,-2.557429178419704,-1.7311290351746953
2023-04-25,459.06213754690214,463.3166411740023,443.45246298016707,443.9842834472656,430700,MPWR,452.4538812870843,460.1209359873877,463.3166411740023,443.45246298016707,480.01404203640357,433.8809891323597,-5.783668273371347,-3.2026769974100326,-2.5809912759613147
2023-04-26,449.5683201479827,455.34930965611176,442.162355284061,447.1554870605469,510200,MPWR,448.5588680371756,456.287408637236,456.287408637236,442.162355284061,479.23740386244486,434.75638307633267,-6.636166541671344,-3.889374906262295,-2.7467916354090485
2023-04-27,445.540310907638,445.540310907638,426.8481214444288,441.8077697753906,568000,MPWR,439.93412825877385,452.42313833720584,452.42313833720584,426.8481214444288,478.0698843165727,435.43410157319954,-7.655050990674795,-4.642510123144795,-3.0125408675299994
2023-04-28,443.1176204941101,456.9053403084323,441.3744695944718,454.9652099609375,425000,MPWR,449.0906600894879,446.17863329798985,456.9053403084323,441.3744695944718,476.77654232272886,436.2236360586402,-7.316488866224461,-5.177305871760729,-2.1391829944637317
2023-05-01,454.6205493827953,466.6355754013917,454.6205493827953,464.58709716796875,432900,MPWR,460.1159428337378,447.6346466937389,466.6355754013917,447.6346466937389,475.8210579009508,437.1255804309838,-6.200296896179964,-5.3819040766445765,-0.8183928195353873
2023-05-02,465.2862720289875,474.8588892694255,455.5560772554131,461.0317687988281,501900,MPWR,464.1832518381636,453.87529476373834,474.8588892694255,453.87529476373834,475.14481204837995,438.15618871196676,-5.538744802131475,-5.413272221741956,-0.12547258038951892
2023-05-03,460.30303981043505,469.3241214571646,450.88796921367657,459.04241943359375,489200,MPWR,459.8893874787175,459.029273300951,469.3241214571646,450.88796921367657,474.73321583370625,439.1867871086833,-5.116009694310094,-5.353819716255584,0.2378100219454904
2023-05-04,452.62127905137737,457.8113597471312,447.8546710953385,451.9712829589844,741400,MPWR,452.5646482132079,459.45933038983424,459.45933038983424,447.8546710953385,474.29124682757987,440.01115930458104,-5.290584132660342,-5.341172599536536,0.050588466876194005
2023-05-05,398.9082176438635,412.60730401714295,377.37969509822193,405.0339050292969,2187500,MPWR,398.4822804471313,456.01198930152106,456.01198930152106,377.37969509822193,472.5222653594202,440.2309648570267,-9.111359676953612,-6.095210015019951,-3.0161496619336603
2023-05-08,399.92265572480454,417.10807597457665,399.92265572480454,412.27252197265625,744900,MPWR,407.3064773492105,427.2471348743262,427.2471348743262,399.92265572480454,471.14549926944864,440.491965075959,-11.423572103046979,-7.160882432625357,-4.262689670421622
2023-05-09,403.5665714711241,406.9642717055736,391.9750488818075,395.2939453125,744000,MPWR,399.4499593427513,417.27680611176834,417.27680611176834,391.9750488818075,469.537841729102,440.51352205435404,-14.459367759023792,-8.620579497905045,-5.838788261118747
2023-05-10,401.1143096103014,412.5975137666949,401.1143096103014,409.67254638671875,782400,MPWR,406.12466984350414,408.3633827272598,412.5975137666949,401.1143096103014,468.1131641655582,440.6672609418866,-15.526050107398191,-10.001673619803675,-5.524376487594516
2023-05-11,408.18541890663107,409.6922184115761,390.3204601486098,392.5658874511719,597500,MPWR,400.1909962294972,407.244026285382,409.6922184115761,390.3204601486098,466.53669225903286,440.95598144804325,-17.54946861329188,-11.511232618501316,-6.038235994790563
2023-05-12,394.66366219926425,397.4901402424981,387.1395213855018,393.1371765136719,373500,MPWR,393.10762508523396,403.7175112574396,403.7175112574396,387.1395213855018,464.8612065171414,441.26982648926577,-18.88920115151859,-12.986826325104772,-5.902374826413819
2023-05-15,393.50155942751314,407.0726151930928,390.8818888010275,406.304443359375,416500,MPWR,399.4401266952521,398.4125681713368,407.0726151930928,390.8818888010275,463.0130008479443,441.7278036948922,-18.673207338773807,-14.12410252783858,-4.549104810935226
2023-05-16,403.43854884368267,408.1559273988022,395.96363817869866,396.4363708496094,350600,MPWR,400.9986213176982,398.92634743329444,408.1559273988022,395.96363817869866,461.12308873266477,442.2417444285487,-19.078378000920623,-15.11495762245499,-3.963420378465633
2023-05-17,399.6370491579496,414.43914934406314,393.42272955566915,409.4066162109375,638000,MPWR,404.22638606715486,399.96248437549633,414.43914934406314,393.42272955566915,459.4654520677426,442.7103679331886,-18.143738542144263,-15.720713806392844,-2.4230247357514187
2023-05-18,413.73008009497636,425.4397778224654,409.4263466896425,424.92767333984375,1017600,MPWR,418.380969486732,402.0944352213256,425.4397778224654,402.0944352213256,457.9988647368261,443.4504996322388,-15.966557901285455,-15.769882625371368,-0.19667527591408707
2023-05-19,424.85870514299404,428.48289834023194,420.771637321582,425.46929931640625,532300,MPWR,424.89563503030354,410.2377023540288,428.48289834023194,410.2377023540288,456.6365750343584,444.31020459688426,-14.035627886513169,-15.42303167759973,1.3874037910865606
2023-05-22,421.9830138352261,443.6198862478617,421.9830138352261,441.6009521484375,554000,MPWR,432.29671651668787,417.56666869216616,443.6198862478617,417.56666869216616,455.701332694239,445.2460780525469,-11.07598530843535,-14.553622403766854,3.477637095331504
2023-05-23,435.23893270316313,436.9623977165651,415.65050735308637,417.2755126953125,566400,MPWR,426.2818376170318,424.931692604427,436.9623977165651,415.65050735308637,454.8210321172582,446.16225572656083,-10.571445862516157,-13.757187095516715,3.1857412330005577
2023-05-24,405.5461305189933,411.04150902690435,400.4939107307582,409.4263916015625,571400,MPWR,406.6269854695546,425.6067651107294,425.6067651107294,400.4939107307582,453.2272798500854,446.7815902070501,-10.681819821340014,-13.142113640681375,2.460293819341361
2023-05-25,447.2342660659739,487.4944157557494,440.2222299854949,480.91571044921875,2121600,MPWR,463.96665556410926,416.116875290142,487.4944157557494,416.116875290142,453.0778730036257,447.9873681981285,-4.9437133588238,-11.50243358430986,6.558720225486061
2023-05-26,488.06553393113,523.9333126570857,482.80650767006284,513.0213012695312,2053700,MPWR,501.9566638819524,440.0417654271256,523.9333126570857,440.0417654271256,453.5431507249087,449.55987606144777,2.1694224633869794,-8.768062374770492,10.937484838157472
2023-05-30,532.1272179643206,545.245256061414,504.5616356568544,507.16156005859375,1179700,MPWR,522.2739174352957,470.999214654539,545.245256061414,470.999214654539,454.27339433893036,451.3030744620758,7.250225618225102,-5.564404776171374,12.814630394396476
2023-05-31,497.20483315989287,506.1373126774701,480.98459532525214,482.4815368652344,900800,MPWR,491.7020695069624,496.63656604491734,506.1373126774701,480.98459532525214,454.4534304411538,452.7728155612895,9.179511417921788,-2.615621537352742,11.795132955274529
2023-06-01,487.49437021014035,496.7321471251196,480.26566941805,491.7193298339844,734200,MPWR,489.05287914682356,494.1693177759399,496.7321471251196,480.26566941805,454.4172837588724,454.13810149566876,11.32336826228044,0.1721764225738944,11.151191839706545
2023-06-02,497.923835254346,497.923835254346,470.88021421674483,489.7102966308594,778200,MPWR,489.10954533907403,491.61109846138174,497.923835254346,470.88021421674483,454.4254169392605,455.2835302616736,12.71372219237162,2.6804855765334397,10.033236615838181
2023-06-05,487.74058390341975,488.7451069465361,470.1218333922241,479.7633972167969,637800,MPWR,481.5927303647442,490.36032190022786,490.36032190022786,470.1218333922241,454.1020784047993,456.3048695225973,12.864660250524992,4.71732051133175,8.147339739193242
2023-06-06,479.0149641251777,499.94275392575054,476.1490843623767,489.86785888671875,486900,MPWR,486.2436653250059,485.976526132486,499.94275392575054,476.1490843623767,454.1152054594832,457.2994731569597,13.64236467145912,6.502329343357225,7.140035328101895
2023-06-07,493.99432561205,503.6260318374849,482.94445147141096,487.08074951171875,456000,MPWR,491.91138960816613,486.11009572874593,503.6260318374849,482.94445147141096,454.4173189220712,458.31360323289186,13.873875197302596,7.976638514146299,5.897236683156296
2023-06-08,490.8428408884095,493.65949083099855,482.1959717138446,490.1534729003906,389000,MPWR,489.21294408341083,489.01074266845603,493.65949083099855,482.1959717138446,454.8400138071362,459.3203809149204,14.142268783344093,9.209764567985859,4.932504215358234
2023-06-09,498.8298822624364,504.7684191127372,488.39060229826646,494.2602233886719,536400,MPWR,496.562281765528,489.1118433759334,504.7684191127372,488.39060229826646,455.18059856111563,460.36131420026356,14.518987229782567,10.2716091003452,4.247378129437367
2023-06-12,499.0662754645664,520.5948032812694,499.0071876340694,518.2410278320312,612100,MPWR,509.2273235529841,492.8370625707307,520.5948032812694,492.8370625707307,455.5544434704084,461.4966118669454,16.56167711088085,11.52962270245233,5.03205440842852
2023-06-13,532.5802916607892,540.2718678142837,522.95841294931,527.5674438476562,669600,MPWR,530.8445040680098,501.0321930618574,540.2718678142837,501.0321930618574,456.37195734226077,463.0034172766533,18.7173257071658,12.967163303395026,5.750162403770773
2023-06-14,520.4272909272538,530.2264315556596,512.2334394924012,529.0643310546875,493000,MPWR,522.9878732575005,515.9383485649336,530.2264315556596,512.2334394924012,457.1174785460136,464.37720724134505,20.312331128666017,14.436196868449224,5.8761342602167925
2023-06-15,520.9788068925246,525.4204316690254,510.7069635274466,511.4062194824219,729100,MPWR,517.1281053928546,519.463110911217,525.4204316690254,510.7069635274466,457.8478813937082,465.4668897010473,19.921875408935136,15.533332576546407,4.38854283238873
2023-06-16,521.8651912765042,521.8651912765042,508.35319531965365,509.7615051269531,1110500,MPWR,515.4612707499039,518.2956081520358,521.8651912765042,508.35319531965365,458.8114946960122,466.45584695825926,19.25773060404947,16.27821218204702,2.9795184220024495
2023-06-20,503.0252291092557,511.02213151769314,498.9283032125936,502.4934387207031,494900,MPWR,503.8672756400614,516.8784394509698,516.8784394509698,498.9283032125936,459.63910195192534,467.41375588203283,17.93813914212717,16.61019757406305,1.3279415680641193
2023-06-21,498.5048661930825,506.7676643877877,495.9147396547676,497.4215393066406,381800,MPWR,499.6522023855696,510.3728575455156,510.3728575455156,495.9147396547676,460.21813659918894,468.1806406957654,16.295251984888125,16.547208456228066,-0.25195647133994115
2023-06-22,492.9602428025844,508.5502323310749,492.3398206197478,504.4729919433594,289300,MPWR,499.5808219241916,505.0125299655426,508.5502323310749,492.3398206197478,460.5894700583938,468.97823717147116,15.384897847132663,16.314746334408987,-0.929848487276324
2023-06-23,493.20644091392535,500.2972805339828,492.9110017859418,498.3276062011719,568600,MPWR,496.1855823587555,502.2966759448671,502.2966759448671,492.9110017859418,461.0720406698082,469.8895756852705,14.006100752965892,15.85301721812037,-1.846916465154477
2023-06-26,501.42982398812495,512.2236306307869,501.42982398812495,503.16314697265625,364600,MPWR,504.5616063949233,499.24112915181126,512.2236306307869,499.24112915181126,461.8860076972653,470.83963691931217,13.151974079728973,15.31280859044209,-2.1608345107131175
2023-06-27,501.9321051067832,525.0265182244076,501.65635190717956,524.7310791015625,466400,MPWR,513.3365135849832,501.90136777336727,525.0265182244076,501.65635190717956,462.7444904682628,471.61050997952304,14.053425271040396,15.060931926561752,-1.0075066555213557
2023-06-28,514.2327242234833,530.4037328393842,512.2236180364082,519.2750854492188,541100,MPWR,519.0337901371236,507.61894067917524,530.4037328393842,507.61894067917524,463.7363206762045,472.19055993081287,14.16430149400577,14.881605840050556,-0.7173043460447861
2023-06-29,525.1756026082677,529.635544329499,517.2523043932401,528.6784057617188,399100,MPWR,525.1854642731814,513.3263654081494,529.635544329499,513.3263654081494,464.7570326249025,472.9125217931749,14.839876206511349,14.873259913342714,-0.0333837068313656
2023-06-30,534.4112232144994,540.430181728006,526.0932770550887,533.049560546875,434200,MPWR,533.4960606361174,519.2559148406654,540.430181728006,519.2559148406654,466.2328096576376,473.81312053702425,15.548753343540852,15.008358599382342,0.54039474415851
2023-07-03,537.9830776890553,540.3807722130334,524.9980198085009,535.3584594726562,256700,MPWR,534.6800822958114,526.3759877383914,540.3807722130334,524.9980198085009,467.8190804956503,474.63943928813353,16.111133312859522,15.228913542077779,0.8822197707817434
2023-07-05,528.1455546643858,530.8885727355056,515.5945923373015,516.3050537109375,539300,MPWR,522.7334433620326,530.5280350171014,530.8885727355056,515.5945923373015,469.17040759063025,475.3166590506764,14.84821193674287,15.152773221010799,-0.30456128426792795
2023-07-06,502.5898828960614,508.589088104695,496.0677534408127,507.6517028808594,506200,MPWR,503.7246068306071,526.6307391895671,526.6307391895671,496.0677534408127,469.9974264679955,475.3912472081797,12.999237436967235,14.722066064202087,-1.7228286272348523
2023-07-07,508.0167206536968,517.9233124745458,505.19474881522444,507.06951904296875,350300,MPWR,509.551075246609,515.1776730100871,517.9233124745458,505.19474881522444,471.139370347186,475.5767061917948,11.356029218599417,14.048858695081554,-2.692829476482137
2023-07-10,512.5161089419385,532.3292323583983,512.5161089419385,527.2279663085938,551900,MPWR,521.1473541377172,512.3643741283481,532.3292323583983,512.3643741283481,472.59114006919685,475.91427196582083,11.547283197265983,13.54854359551844,-2.001260398252457
2023-07-11,534.5591849406912,536.2859247457405,524.2973928668362,535.3189697265625,421000,MPWR,532.6153680699576,516.7558641330327,536.2859247457405,516.7558641330327,474.4447648654205,476.2573245909966,12.210969257229976,13.281028727860749,-1.0700594706307722
2023-07-12,543.4296175816156,555.4575946402672,541.3871240934789,553.5828247070312,658500,MPWR,548.4642902555981,524.6856161014952,555.4575946402672,524.6856161014952,476.43223746874276,476.6043898957358,14.048740564678099,13.43457109522422,0.6141694694538788
2023-07-13,559.8484509441258,573.8300910459016,557.5198337509916,568.9557495117188,619500,MPWR,565.0385313131844,536.5749531785466,573.8300910459016,536.5749531785466,478.53068923833166,477.17587356964117,16.554820455905315,14.05862096736044,2.4961994885448746
2023-07-14,565.788498428877,573.3565960378246,554.1354733716354,557.5001831054688,334600,MPWR,562.6951877359514,550.8067422458655,573.3565960378246,550.8067422458655,480.50092795628734,477.82287000233373,17.41578008236945,14.730052790362244,2.6857272920072077
2023-07-17,560.4503887165821,588.0584713398098,559.0492796074835,580.8949584960938,402300,MPWR,572.1132745399923,556.7509649909084,588.0584713398098,556.7509649909084,482.7454056975128,478.73931076560956,19.758100560676098,15.735662344425016,4.022438216251082
2023-07-18,576.267424325964,583.4703847082061,569.824188576231,580.2931518554688,405700,MPWR,577.4637873664675,564.4321197654504,583.4703847082061,564.4321197654504,485.24338848057806,479.767317654079,21.320081026072444,16.852546080754504,4.46753494531794
2023-07-19,576.6127713801967,581.6153911647698,563.5487592677005,566.8739624023438,508100,MPWR,572.1627210537526,570.9479535659589,581.6153911647698,563.5487592677005,488.7169972927105,480.61963132606536,21.230414357104337,17.72811973602447,3.5022946210798658
2023-07-20,537.7562031644142,542.6699928684654,517.9529537402786,522.0181884765625,1144000,MPWR,530.0993345624302,571.5553373098558,571.5553373098558,517.9529537402786,491.1728544369749,481.15917685321176,17.33998227358154,17.650492243535886,-0.3105099699543459
2023-07-21,528.066599490762,531.8358328427869,521.1004405270462,526.57666015625,592800,MPWR,526.8948832542112,550.827335936143,550.827335936143,521.1004405270462,493.72175291520415,481.629797322153,14.457955079758676,17.011984810780444,-2.5540297310217674
2023-07-24,523.3107185038745,528.836322374404,514.2034180960646,526.1326904296875,385200,MPWR,523.1207873510076,538.8611095951771,538.8611095951771,514.2034180960646,496.06167526535415,482.0874197154561,11.999777156784035,16.009543279981163,-4.009766123197128
2023-07-25,531.7865912885586,551.116178283802,531.7175144623811,544.1994018554688,536600,MPWR,539.7049214725527,530.9909484730924,551.116178283802,530.9909484730924,498.85195377021535,482.6943230146241,11.378323830506929,15.083299390086317,-3.7049755595793883
2023-07-26,535.3782342186609,535.3782342186609,508.26344152355705,521.771484375,1070900,MPWR,525.1978485839697,535.3479349728225,535.3782342186609,508.26344152355705,501.49375824019,483.17748237866573,8.97264106839475,13.861167725748004,-4.888526657353253
2023-07-27,541.9694443761335,547.7416655154381,522.9555506497263,530.0499877929688,787900,MPWR,535.6791620835667,530.2728917783961,547.7416655154381,522.9555506497263,504.21853894795635,483.6157698979503,7.645987996738654,12.618131779946134,-4.97214378320748
2023-07-28,547.0213580551047,547.652865969953,534.2237170658606,538.298828125,550300,MPWR,541.7991923039796,532.9760269309813,547.652865969953,532.9760269309813,507.0345503676819,484.07881955017336,7.1774808246716475,11.530001588891238,-4.352520764219591
2023-07-31,539.4631774066665,556.3063005541898,538.9204997176263,552.0535888671875,796900,MPWR,546.6858916364175,537.3876096174804,556.3063005541898,537.3876096174804,509.8837404790672,484.6745962734049,7.825868018871461,10.789174874887284,-2.963306856015823
2023-08-01,505.2046578376627,547.7909726535523,493.3542784338557,542.975830078125,1557100,MPWR,522.331434750799,542.036750626949,547.7909726535523,493.3542784338557,511.9627497843485,484.9808072605873,7.520528304443246,10.135445560798477,-2.6149172563552305
2023-08-02,531.6583831690558,539.2659288437914,515.7920905832036,523.3798828125,717000,MPWR,527.5240713521378,532.184092688874,539.2659288437914,515.7920905832036,514.0153185107852,485.32594677257185,5.632388537710995,9.23483415618098,-3.602445618469986
2023-08-03,518.2193537088624,529.1915482041721,512.1313786864332,525.5999145507812,455600,MPWR,521.2855487875622,529.8540820205059,529.8540820205059,512.1313786864332,515.7950951562027,485.74821392522085,4.265986539618893,8.241064632868563,-3.975078093249669
2023-08-04,519.5119670489604,536.2860136502087,511.8156518296412,529.9019775390625,517800,MPWR,524.3789025169682,525.569815404034,536.2860136502087,511.8156518296412,517.7570364542014,486.28903428572977,3.490012944285695,7.2908542951519895,-3.8008413508662944
2023-08-07,535.5162384546417,535.5162384546417,522.0871513889214,534.5196533203125,338200,MPWR,531.9098204046293,524.9743589605011,535.5162384546417,522.0871513889214,520.2626931529029,486.7449865014941,3.2106457972237195,6.474812595566336,-3.2641667983426164
2023-08-08,523.2514858514822,524.4256713313353,513.5718782390122,522.6594848632812,343000,MPWR,520.9771300712778,528.4420896825652,528.4420896825652,513.5718782390122,521.4029026430462,487.24038782333594,2.0090695424436262,5.581663984941795,-3.5725944424981684
2023-08-09,520.8735521876139,521.9391539811735,508.71729652853134,514.1145629882812,451700,MPWR,516.4111414214,524.7096098769215,524.7096098769215,508.71729652853134,521.6919921938352,487.61757145937196,0.36312207596415647,4.537955603146267,-4.174833527182111
2023-08-10,520.9228453397174,526.5372186549811,506.7142200109947,511.58856201171875,413600,MPWR,516.440711504353,520.5603756491607,526.5372186549811,506.7142200109947,521.5753280752164,487.9243612070734,-1.1320803996184168,3.403948402593331,-4.536028802211748
2023-08-11,501.75115066091854,509.555988423689,495.3177919475981,495.49542236328125,467700,MPWR,500.53008834887174,518.5005435767569,518.5005435767569,495.3177919475981,521.7518884520546,488.10265944660415,-3.5744173493134213,2.0082752522119804,-5.582692601525402
2023-08-14,491.23283966569284,518.0120930746239,490.32505458364835,517.6864624023438,452000,MPWR,504.3141124315772,509.51531596281427,518.0120930746239,490.32505458364835,522.0571131177496,488.237198438311,-3.676969687419273,0.8712262642857297,-4.548195951705003
2023-08-15,510.97679499058023,515.7228599616635,504.86909772840977,511.9931335449219,505700,MPWR,510.89047155639383,506.91471419719574,515.7228599616635,504.86909772840977,522.492731642096,488.4590742906783,-4.169582856186366,-0.13693555980868957,-4.032647296377677
2023-08-16,509.8323426538744,509.8323426538744,485.9342592985306,487.3452453613281,543200,MPWR,498.2360474919019,508.90259287679476,509.8323426538744,485.9342592985306,522.8255979846392,488.4638381947192,-6.4742300331857905,-1.4043944544841098,-5.069835578701681
2023-08-17,488.7660408826633,488.7660408826633,477.43861694011764,478.8989562988281,522900,MPWR,483.4674137510681,503.5693201843483,503.5693201843483,477.43861694011764,522.7700729531604,488.44263920632176,-8.879862931453886,-2.899488149878065,-5.98037478157582
2023-08-18,471.1533570759062,479.2937030358564,468.7457856800068,475.87969970703125,500100,MPWR,473.76813637470013,493.5183669677082,493.5183669677082,468.7457856800068,522.4072078884911,488.4122634052812,-10.904275409710976,-4.500445601844648,-6.4038298078663285
2023-08-21,477.3498812432995,494.8935587975989,476.4420960897599,492.2590637207031,505300,MPWR,485.23614996284033,483.64325167120415,494.8935587975989,476.4420960897599,522.3276720060796,488.58384290660797,-11.059472382642696,-5.812250958004258,-5.247221424638438
2023-08-22,502.54051383875986,506.57617818348956,486.7038541398573,493.97589111328125,455100,MPWR,497.44910931884704,484.43970081702224,506.57617818348956,484.43970081702224,522.3454085571461,488.7630035591308,-10.918076687581333,-6.8334161039196735,-4.08466058366166
2023-08-23,489.5652671479461,518.9790134604056,485.61843335614896,512.5457153320312,737500,MPWR,501.677107324133,490.94440506793467,518.9790134604056,485.61843335614896,522.194404232569,488.8744238514887,-9.201520559327207,-7.30703699500118,-1.894483564326027
2023-08-24,519.975621614362,522.985130692767,480.2408814992595,481.52362060546875,908900,MPWR,501.18131360296434,496.3107561960338,522.985130692767,480.2408814992595,521.6011404232681,488.98654888276445,-10.22647678393281,-7.890924952787507,-2.3355518311453034
2023-08-25,481.5236210189045,485.411254887973,468.1635796002686,482.5793762207031,692200,MPWR,479.4194579319623,498.7460348994991,498.7460348994991,468.1635796002686,520.7297721167574,488.9236253313855,-10.828744297905018,-8.478488821811009,-2.3502554760940093
2023-08-28,489.9500966671785,492.45634470406054,480.0731649970848,487.30572509765625,421700,MPWR,487.446332866495,489.0827464157307,492.45634470406054,480.0731649970848,520.1361366662302,488.9920090299691,-10.800171137209986,-8.942825284890805,-1.857345852319181
2023-08-29,482.31302337298723,508.1056003641949,481.93806929094876,506.00390625,496200,MPWR,494.5901498195327,488.26453964111283,508.1056003641949,481.93806929094876,519.7187142476228,489.2651044718175,-9.163113085912016,-8.986882845095048,-0.17623024081696848
2023-08-30,502.4812721133064,512.3384797743142,500.3795783221956,508.2929992675781,256200,MPWR,505.8730823693486,491.4273447303228,512.3384797743142,491.4273447303228,519.7588303822085,489.6989661670669,-7.5934890946220435,-8.708204095000447,1.1147150003784034
2023-08-31,506.4972042704913,519.2158910336893,506.4972042704913,514.2823486328125,423000,MPWR,511.6231620518711,498.6502135498357,519.2158910336893,498.6502135498357,519.9982495755346,490.1081930873617,-5.799408364679607,-8.12644494893628,2.327036584256673
2023-09-01,518.5448699947882,521.5246882705236,511.71680482640716,517.9429321289062,252200,MPWR,517.4323238051563,505.1366878008534,521.5246882705236,505.1366878008534,520.3552796131538,490.4723748357738,-4.035687076692341,-7.3082933744874925,3.2726062977951518
2023-09-05,517.1141625759401,528.1258019798804,513.4336992387255,521.6924438476562,331500,MPWR,520.0915269105506,511.2845058030049,528.1258019798804,511.2845058030049,520.8333985041897,490.952719586999,-2.3087570749024167,-6.308386114570478,3.9996290396680614
2023-09-06,519.008721758057,529.2606385294126,509.6547435349063,516.2261962890625,344100,MPWR,518.5375750278596,515.6880163567778,529.2606385294126,509.6547435349063,521.1129178768484,491.4994627870569,-1.3654925531041044,-5.3198074022772035,3.954314849173099
2023-09-07,501.090045087829,502.30370739296893,487.54252643272497,499.41265869140625,487200,MPWR,497.5872344012323,517.1127956923187,517.1127956923187,487.54252643272497,520.7979322931734,491.77121138071817,-1.952157336658047,-4.646277389153372,2.6941200524953253
2023-09-08,499.5212043461,502.2247761421919,492.0024899993367,494.21270751953125,369300,MPWR,496.99029450179,507.3500150467755,507.3500150467755,492.0024899993367,520.3570623804667,492.04669152833566,-2.8043591000289325,-4.277893731328485,1.473534631299552
2023-09-11,502.6885078523004,502.6885078523004,471.9525438628441,479.6982116699219,554700,MPWR,489.2569428093417,502.17015477428276,502.6885078523004,471.9525438628441,519.63849195119,492.1977622880462,-4.597931556769538,-4.341901296416696,-0.2560302603528424
2023-09-12,474.4982610626059,483.4871609689231,466.9597937317201,467.640625,516200,MPWR,473.14646019081226,495.71354879181223,495.71354879181223,466.9597937317201,518.431499942284,492.3321547999607,-6.91261282780772,-4.856043602694901,-2.0565692251128196
2023-09-13,465.43043127674804,474.55748528967086,462.34202872257055,464.10821533203125,594500,MPWR,466.60954015525516,484.4300044913123,484.4300044913123,462.34202872257055,517.0700890994727,492.44458479756156,-8.929121001390058,-5.670659082433932,-3.258461918956126
2023-09-14,470.0481918450539,475.366534909027,461.77956994143784,472.8011169433594,500200,MPWR,469.9988534097195,475.51977232328375,475.51977232328375,461.77956994143784,516.0153973004265,492.59290244552847,-9.71379911709488,-6.479287089366122,-3.2345120277287576
2023-09-15,470.156717973744,470.156717973744,456.3033524780438,458.0596923828125,992700,MPWR,463.66912020208605,472.75931286650166,472.75931286650166,456.3033524780438,515.2142875678561,492.60585701792576,-11.393830949134099,-7.462195861319717,-3.9316350878143815
2023-09-18,453.88587549850735,466.2098540908924,453.35304451766274,457.0334777832031,533000,MPWR,457.6205629725664,468.2142165342939,468.2142165342939,453.35304451766274,514.1756773223752,492.6575238347806,-12.662114250568038,-8.502179539169383,-4.159934711398655
2023-09-19,456.7769775326744,457.01380805857866,448.1235544707874,451.6954345703125,448300,MPWR,453.40244365808826,462.91738975343014,462.91738975343014,448.1235544707874,512.8207791127826,492.7059595909897,-13.937312714536631,-9.589206174242833,-4.348106540293799
2023-09-20,455.83956533459315,461.1184312760821,446.6335589411161,446.84075927734375,394900,MPWR,452.60807870728377,458.1599167057592,461.1184312760821,446.6335589411161,511.22063332552915,492.8326990954748,-15.16483760039523,-10.704332459473312,-4.460505140921919
2023-09-21,442.44006329806786,447.2256053066408,433.74716425583483,434.52667236328125,597600,MPWR,439.48487630595616,455.3839977065215,455.3839977065215,433.74716425583483,509.0410450465363,492.7366412576395,-16.936075283595414,-11.950681024297733,-4.985394259297681
2023-09-22,439.8746649816541,446.298147357368,436.00678428054573,443.31829833984375,428400,MPWR,441.3744737398529,447.4344370062388,447.4344370062388,436.00678428054573,506.5677638950697,492.54922656670067,-17.429467119498327,-13.046438243337853,-4.383028876160473
2023-09-25,442.14405704085857,449.4456934588535,438.90765456905774,447.1269226074219,328600,MPWR,444.4060819190479,444.40445537304583,449.4456934588535,438.90765456905774,504.20198177873164,492.3514548675095,-17.31357938987759,-13.899866472645801,-3.4137129172317877
2023-09-26,442.6374120296726,447.90643148373476,436.1646070748129,438.6313781738281,405300,MPWR,441.3349571905121,444.40526864604686,447.90643148373476,436.1646070748129,501.58641543174207,492.1659105646275,-17.70318566034888,-14.660530310186417,-3.0426553501624625
2023-09-27,445.2324471188262,447.5413411870439,432.90843858978025,435.3160095214844,711800,MPWR,440.24955910428366,442.87011291827946,447.5413411870439,432.90843858978025,498.84213086649834,492.0427596735382,-18.071160885431027,-15.34265642523534,-2.728504460195687
2023-09-28,435.86987556845264,453.8588810510489,432.6261203125782,446.9263610839844,553500,MPWR,442.32030950401605,441.55983601128156,453.8588810510489,432.6261203125782,496.2452826355036,492.48113996410706,-17.2273395167868,-15.719593043545633,-1.5077464732411663
2023-09-29,454.9664632882802,461.25620136722654,454.5115547109238,456.8949279785156,519700,MPWR,456.90728683623655,441.9400727576488,461.25620136722654,441.9400727576488,494.78144168097975,492.97714805897726,-15.574689637894494,-15.690612362415406,0.11592272452091201
2023-10-02,456.2718801401886,459.7233061600032,447.4504625874464,454.2643127441406,283700,MPWR,454.4274904079447,449.4236797969427,459.7233061600032,447.4504625874464,493.33209382405437,493.5269233696293,-14.312238786941634,-15.414937647320652,1.102698860379018
2023-10-03,449.9920937596585,459.83215998549986,441.0520059870673,443.9693908691406,367100,MPWR,448.7114126503416,451.9255851024437,459.83215998549986,441.0520059870673,491.84390633004114,493.9527907976976,-13.981284010133038,-15.12820691988313,1.1469229097500921
2023-10-04,447.5296040481877,454.08634828182187,443.1584311656439,452.11834716796875,550000,MPWR,449.22318266590554,450.3184988763926,454.08634828182187,443.1584311656439,490.0342715539081,494.44311266206176,-12.912598893238226,-14.68508531455415,1.772486421315925
2023-10-05,449.77451415421865,452.4644597575099,437.34343376089595,446.76812744140625,454400,MPWR,446.5876337785077,449.7708407711491,452.4644597575099,437.34343376089595,488.46206725779894,494.9779127489944,-12.35495601467619,-14.21905945457856,1.8641034399023688
2023-10-06,441.84311097503854,471.6995159965273,441.84311097503854,468.44586181640625,598200,MPWR,455.95789994075267,448.17923727482844,471.6995159965273,441.84311097503854,486.8676420149426,495.5430904814494,-10.047981148114218,-13.384843793285691,3.3368626451714736
2023-10-09,462.16603109120797,472.718141803717,457.88389049188487,470.760009765625,364500,MPWR,465.8820182881087,452.06856860779055,472.718141803717,452.06856860779055,485.3492985346252,496.1919244511535,-7.941410904595273,-12.296157215547609,4.354746310952336
2023-10-10,474.1619984439802,490.56867670274283,473.2818485637138,484.5855407714844,440700,MPWR,480.6495161204803,458.97529344794964,490.56867670274283,458.97529344794964,484.0285710243064,496.9561557516868,-5.097572361147627,-10.856440244667613,5.7588678835199865
2023-10-11,484.97126041269553,497.5506768772203,484.97126041269553,496.4925231933594,463800,MPWR,490.99643022399266,469.812404784215,497.5506768772203,469.812404784215,483.40187093377034,497.6823103590595,-1.8615569859190941,-9.05746359291791,7.1959066069988165
2023-10-12,498.994573758936,507.43028697047964,485.0800382026791,487.59197998046875,469200,MPWR,494.77421972814085,480.40441750410383,507.43028697047964,480.40441750410383,482.74687390129037,498.38109620603785,-0.015017823039954692,-7.248974438942319,7.233956615902365
2023-10-13,490.4005818756878,490.7170531519161,468.416210222359,470.4930114746094,356800,MPWR,480.0067141811431,487.58931861612234,490.7170531519161,468.416210222359,481.921297209162,498.8581961826823,0.06785175792828113,-5.785609199568199,5.85346095749648
2023-10-16,470.6215963541786,481.40114681895915,470.6215963541786,477.7815856933594,407700,MPWR,475.1064813051689,483.79801639863274,483.79801639863274,470.6215963541786,480.935848784926,499.3464426195637,0.7134295523999299,-4.4858014491745735,5.199231001574503
2023-10-17,465.7065052336525,478.17715177642043,462.0968433270527,471.2940673828125,312000,MPWR,469.31864192998455,479.45224885190083,479.45224885190083,462.0968433270527,479.68402521543317,499.9733591841681,0.6935710412170124,-3.4499269510962565,4.143497992313269
2023-10-18,461.42435661730525,468.66347909837305,455.05554529426394,455.9653625488281,547500,MPWR,460.2771858896926,474.38544539094266,474.38544539094266,455.05554529426394,478.4700263318014,499.93646448742385,-0.5526942296995685,-2.870480406816919,2.3177861771173505
2023-10-19,455.77744574427436,457.5971103784395,426.7616522868811,428.9571228027344,961300,MPWR,442.2733328030823,467.3313156403176,467.3313156403176,426.7616522868811,476.9872701594351,499.3396311766352,-3.677317835038309,-3.0318478924611973,-0.6454699425771118
2023-10-20,427.58246325678743,435.66219908948983,414.06353189534326,415.39862060546875,646000,MPWR,423.1767037117723,454.80232422169996,454.80232422169996,414.06353189534326,475.1219900035835,498.34865903939993,-7.16506792521335,-3.858491899011628,-3.306576026201722
2023-10-23,411.48230585293277,417.7918117298195,403.66960682953265,408.9209289550781,624200,MPWR,410.4661633418408,438.9895139667361,438.9895139667361,403.66960682953265,473.32071150344285,497.5362999777486,-10.332721399025957,-5.153337799014494,-5.179383600011462
2023-10-24,412.7778889701109,419.7499749719713,407.21009518286326,413.3811340332031,585000,MPWR,413.27977328953716,424.72783865428846,424.72783865428846,407.21009518286326,471.5000247206021,496.7785689191758,-12.340949540093902,-6.5908601472303765,-5.750089392863526
2023-10-25,406.73537993268917,406.73537993268917,390.8627435237611,395.3130187988281,628600,MPWR,399.9116305469919,419.0038059719128,419.0038059719128,390.8627435237611,469.280447900414,495.88658977125505,-15.215041184526399,-8.315696354689582,-6.899344829836817
2023-10-26,396.7766704392586,409.5638184680433,394.4625307728434,399.5951843261719,590600,MPWR,400.0995510015793,409.45771825945235,409.5638184680433,394.4625307728434,467.31771797060753,495.0716579776234,-16.951834354655205,-10.042923954682706,-6.908910399972498
2023-10-27,401.8301935333585,406.0233321082428,395.1152142103689,401.4444885253906,521600,MPWR,401.1033070943402,404.77863463051585,406.0233321082428,395.1152142103689,465.67043583747295,494.2202543953167,-17.971863604765417,-11.62871188469925,-6.343151720066167
2023-10-30,395.5800273630879,405.7365337007052,387.76732785873907,399.53582763671875,1174400,MPWR,397.15492913981274,402.940970862428,405.7365337007052,387.76732785873907,464.1381716927752,493.27268979063314,-18.718482106885176,-13.046665929136436,-5.67181617774874
2023-10-31,420.8971860995976,440.1025809392748,404.53004315573276,436.85882568359375,1734400,MPWR,425.5971589695497,400.0479500011204,440.1025809392748,400.0479500011204,462.94539187290945,492.6365319394946,-16.112790409856416,-13.659890825280433,-2.4528995845759827
2023-11-01,435.16770158502095,453.2852742560143,427.8593762028944,451.5150451660156,1024700,MPWR,441.9568493024863,412.82255448533505,453.2852742560143,412.82255448533505,461.8355466725822,492.09047761486414,-12.718515413189323,-13.471615742862213,0.7531003296728898
2023-11-02,462.621001493216,472.71817412603383,454.61049920103267,466.507568359375,970500,MPWR,464.11431079491433,427.3897018939107,472.71817412603383,427.3897018939107,461.0842907419979,491.63934748728343,-8.718258048088842,-12.52094420390754,3.802686155818698
2023-11-03,475.90255734369754,496.8880791884919,474.9630426982401,487.483154296875,842200,MPWR,483.8092083818261,445.7520063444125,496.8880791884919,445.7520063444125,460.736848637575,491.1689945304216,-3.8115337921202013,-10.779062121550073,6.9675283294298715
2023-11-06,487.47325108773913,490.469768403935,481.2725152238662,488.0863952636719,522100,MPWR,486.82548249480305,464.7806073631193,490.469768403935,464.7806073631193,460.8849691288319,490.8073706227946,0.12432390768083224,-8.598384915703893,8.722708823384725
2023-11-07,487.57215712102993,493.73332697860235,484.1800655930866,487.11724853515625,360300,MPWR,488.1506995569688,475.8030449289612,493.73332697860235,475.8030449289612,460.8990564626414,490.5175965644358,3.1292454558749228,-6.25285884138813,9.382104297263052
2023-11-08,484.97126178655395,492.92239898793514,479.74957620184404,487.4930725097656,371800,MPWR,486.2840773715247,481.976872242965,492.92239898793514,479.74957620184404,460.7329350136812,490.22582463065197,5.477848063336296,-3.906717460443245,9.384565523779541
2023-11-09,494.5937125180741,501.3976939432426,475.12128289705254,476.7332763671875,553500,MPWR,486.96149143138916,484.1304748072448,501.3976939432426,475.12128289705254,460.35470319492197,490.0567667885653,6.397164396117887,-1.8459410891310186,8.243105485248906
2023-11-10,486.18767001746073,501.58563116286183,480.01663071248026,499.00445556640625,478300,MPWR,491.69859686480225,485.545983119317,501.58563116286183,480.01663071248026,459.95621189118066,489.9772307333576,8.821142605544082,0.2874756498040017,8.533666955740081
2023-11-13,498.2923705182661,506.32267048223986,495.00907920492176,501.516357421875,469200,MPWR,500.2851194068257,488.6222899920596,506.32267048223986,488.6222899920596,459.61326780321406,489.984273708184,10.820124625837934,2.394005445010788,8.426119180827147
2023-11-14,517.8538639315848,533.0441235407163,517.8538639315848,529.5531005859375,702400,MPWR,524.5762379974558,494.45370469944265,533.0441235407163,494.45370469944265,459.7029620249521,490.26818026457096,14.499521679032284,4.815108691815087,9.684412987217197
2023-11-15,535.615371428409,550.2815188987313,532.6386822114157,541.549072265625,742000,MPWR,540.0211612010453,509.5149713484492,550.2815188987313,509.5149713484492,460.13263374841586,490.6227758126322,18.173947063486878,7.486876366149446,10.687070697337433
2023-11-16,535.486824399481,539.096516696782,526.9719778456688,531.0464477539062,585100,MPWR,533.1504416739594,524.7680662747473,539.096516696782,524.7680662747473,460.8438978938704,490.82091509352193,20.00784366218471,9.991069825356501,10.01677383682821
2023-11-17,532.233161688529,537.4943835044817,529.4542143004784,534.0528564453125,304300,MPWR,533.3086539847004,528.9592539743534,537.4943835044817,528.9592539743534,461.5702650835286,490.96366373199766,21.45647509623751,12.284150879532703,9.172324216704808
2023-11-20,534.0330606350823,547.0575167129017,533.8253593816411,545.1093139648438,354500,MPWR,540.0063126736172,531.133953979527,547.0575167129017,531.133953979527,462.58525248081406,491.111872216002,23.228921120529435,14.47310492773205,8.755816192797385
2023-11-21,538.997581720526,539.9568343068324,529.4739878014311,532.1441650390625,394800,MPWR,535.143142216963,535.5701333265721,539.9568343068324,529.4739878014311,463.8251861213371,491.1283430318105,23.31861571390914,16.24220708496747,7.076408628941671
2023-11-22,537.5636961454007,548.0465446805459,537.2571239814691,540.0360717773438,288700,MPWR,540.7258591461899,535.3566377717675,548.0465446805459,535.3566377717675,465.30751250115577,491.18880080031425,23.752703859195947,17.744306439813165,6.008397419382781
2023-11-24,538.3547898956622,543.952281562983,538.3547898956622,543.3687744140625,134800,MPWR,541.0076589420925,538.0412484589788,543.952281562983,538.0412484589788,466.72768861180333,491.37154295611487,24.087971945649485,19.01303954098043,5.074932404669056
2023-11-27,540.0359784574141,547.8783453634636,533.736371264674,540.4810180664062,195400,MPWR,540.5329282879894,539.5244537005356,547.8783453634636,533.736371264674,468.2649647735213,491.7396261706887,23.84577723983108,19.97958708075056,3.8661901590805208
2023-11-28,537.553727779947,545.8806709353069,532.0551674968252,537.43505859375,247800,MPWR,538.2311562014572,540.0286909942624,545.8806709353069,532.0551674968252,469.8771766380991,492.02642698023715,23.1412942817293,20.611928520946307,2.5293657607829942
2023-11-29,547.2652249287199,554.445012492983,544.2785762361842,546.3554077148438,392400,MPWR,548.0860553431827,539.1299235978598,554.445012492983,539.1299235978598,471.77084887180104,492.29581399229187,23.03722529251479,21.096987875260005,1.9402374172547852
2023-11-30,548.7188845530228,548.7188845530228,537.0295486449482,542.6566162109375,489100,MPWR,544.2809834904829,543.6079894705213,548.7188845530228,537.0295486449482,473.604306967465,492.4124701464971,22.398096986778512,21.357209697563707,1.0408872892148047
2023-12-01,541.3611277191751,554.1483051580751,536.7328486651332,553.4263305664062,359500,MPWR,546.4171530271974,543.9444864805021,554.1483051580751,536.7328486651332,475.7429525018899,492.39199877421305,22.50122898087693,21.586013554226355,0.9152154266505761
2023-12-04,546.1970673943155,554.3460056540434,539.8875616293798,553.3570556640625,399700,MPWR,548.4469225854504,545.1808197538497,554.3460056540434,539.8875616293798,477.8844014788018,492.2260826869358,22.32007993582829,21.732826830546742,0.5872531052815475
2023-12-05,547.0476469010517,553.8615280268227,543.309446663643,547.275146484375,259500,MPWR,547.8734420189732,546.81387116965,553.8615280268227,543.309446663643,479.95374868080035,492.07786522976596,21.438627616275767,21.673986987692548,-0.23535937141678076
2023-12-06,558.7073383007871,565.5903919622552,547.1564090534982,548.1156616210938,265700,MPWR,554.8924502344087,547.3436565943116,565.5903919622552,547.1564090534982,482.2248985416783,491.90565698671014,20.570765865523867,21.453342763258814,-0.8825768977349462
2023-12-07,551.8143052309882,564.828921116633,550.4792468666952,562.2180786132812,303300,MPWR,557.3351379568994,551.1180534143601,564.828921116633,550.4792468666952,484.5666101187306,491.7043704926145,20.78137165145654,21.31894854089836,-0.5375768894418229
2023-12-08,559.9039653418491,574.2833385110662,559.9039653418491,569.3682250976562,297800,MPWR,565.8648735731051,554.2265956856297,574.2833385110662,554.2265956856297,487.0375014001124,491.64139201780796,21.279933492163536,21.311145531151396,-0.03121203898786007
2023-12-11,572.7800535239887,587.0308568202005,571.5636643399127,585.85400390625,427100,MPWR,579.3071446475881,560.0457346293674,587.0308568202005,560.0457346293674,489.4854985563394,492.13347011865955,22.74314311856358,21.597545048633833,1.145598069929747
2023-12-12,586.4473597649642,592.3711607058868,581.0575701030749,589.2362060546875,339800,MPWR,587.2780741571534,569.6764396384777,592.3711607058868,569.6764396384777,492.1425102313235,492.737302027689,23.90015660842687,22.058067360592442,1.8420892478344264
2023-12-13,589.414236537111,610.2909578446627,587.5055701620811,601.99365234375,463100,MPWR,597.3011042219011,578.4772568978156,610.2909578446627,578.4772568978156,495.11430406275474,493.47910519639794,25.551970224872548,22.756847933448466,2.7951222914240823
2023-12-14,608.5009304637066,632.7104678088126,607.9669191869517,630.3468627929688,920400,MPWR,619.8812950631099,587.8891805598583,632.7104678088126,587.8891805598583,498.5274663106988,494.2808689323035,28.8167302140497,23.968824389568713,4.847905824480986
2023-12-15,627.3404370006971,639.9693483927753,623.790140140589,626.3119506835938,857100,MPWR,629.3529690544137,603.8852378114841,639.9693483927753,603.8852378114841,502.18277301621697,495.32242013700784,30.724321487853217,25.319923809225614,5.404397678627603
2023-12-18,627.9140856673961,631.5831123028349,615.5324109832752,627.3207397460938,320600,MPWR,625.5875871748999,616.6191034329489,631.5831123028349,615.5324109832752,505.57536676089984,496.22150438792124,31.9492115394047,26.645781355261434,5.3034301841432665
2023-12-19,631.978678674631,636.6564539038781,623.404497821962,628.240478515625,293200,MPWR,630.0700272290239,621.1033453039245,636.6564539038781,621.1033453039245,508.8591269397182,497.1042127371717,32.61815912791144,27.84025690979144,4.777902218120001
2023-12-20,625.3921320362531,628.4578525302289,603.2297313492844,604.278076171875,584600,MPWR,615.3394480219104,625.5866862664742,628.4578525302289,603.2297313492844,511.5529255777468,497.7907483010266,30.859015779486185,28.444008683730388,2.415007095755797
2023-12-21,618.1829038805369,620.0223367564513,608.2538052930059,614.8599853515625,799500,MPWR,615.3297578203891,620.4630671441923,620.4630671441923,608.2538052930059,514.0395921296747,498.72073153172255,29.973240774062674,28.749855101796847,1.2233856722658274
2023-12-22,616.9466269053381,618.459689097095,606.5823893166512,610.8151245117188,484500,MPWR,613.2009574577007,617.8964124822908,618.459689097095,606.5823893166512,516.4081268842659,499.5775003927781,28.6150151526856,28.7228871119746,-0.10787195928899962
2023-12-26,619.2508499632322,634.698245265999,619.2508499632322,630.000732421875,462900,MPWR,625.8001694035846,615.5486849699957,634.698245265999,615.5486849699957,519.3239959887147,500.6226465989384,28.75525707574809,28.7293611047293,0.02589597101879093
2023-12-27,631.4644259030017,635.1630895533069,624.3241749207972,629.5260620117188,522100,MPWR,630.1194380972062,620.6744271867901,635.1630895533069,620.6744271867901,522.4242551245555,501.68005195474075,28.499572543140744,28.68340339241159,-0.1838308492708478
2023-12-28,631.3288190618126,631.6457882866746,625.0588981616318,626.2177734375,251800,MPWR,628.5628197369047,625.3969326419981,631.6457882866746,625.0588981616318,525.6091386806938,502.64658194806356,27.710559390098865,28.488834591949047,-0.7782752018501817
2023-12-29,625.7720953306125,629.5855198599553,614.9557245477274,624.79150390625,276900,MPWR,623.7762109111363,626.9798761894514,629.5855198599553,614.9557245477274,528.8791191811229,503.67457275646217,26.662820354423843,28.12363174444401,-1.4608113900201651
2024-01-02,614.6090367298252,614.6090367298252,591.0746020565907,598.2656860351562,611500,MPWR,604.6395903878494,625.3780435502938,625.3780435502938,591.0746020565907,532.1264443328181,504.5568572461266,23.422072728728836,27.183319941300976,-3.7612472125721403
2024-01-03,585.2108486817982,589.3313276503932,570.9178522436596,572.8096923828125,613600,MPWR,579.5674302396659,615.0088169690716,615.0088169690716,570.9178522436596,535.254258863376,505.18812443347974,18.585429679593062,25.463741888959394,-6.878312209366332
2024-01-04,555.9513092275615,569.8282493151545,555.7531959105783,565.638427734375,858400,MPWR,561.7927955469173,597.2881236043688,597.2881236043688,555.7531959105783,538.2807915074775,505.80075150546014,14.01217051324852,23.17342761381722,-9.161257100568701
2024-01-05,564.5092818874504,575.900103294618,562.6867843174962,568.5406494140625,419500,MPWR,567.9092047284068,579.5404595756431,579.5404595756431,562.6867843174962,541.3733801362548,506.4367024284285,10.500966109355318,20.638935312924843,-10.137969203569526
2024-01-08,573.4931648174087,587.8258207122645,571.343783329412,585.1019287109375,456500,MPWR,579.4411743925057,573.724832152025,587.8258207122645,571.343783329412,544.9639710131652,507.12220945678956,8.951481051818064,18.30144446070349,-9.349963408885426
2024-01-09,573.1068444854836,595.9776584996424,573.1068444854836,588.113037109375,261400,MPWR,582.5760961449962,576.5830032722654,595.9776584996424,573.1068444854836,548.6135019160336,507.96560994332054,7.875688231664867,16.216293214895767,-8.3406049832309
2024-01-10,588.4894162132414,592.3226701282848,576.8113706180741,583.5963134765625,401700,MPWR,585.3049426090406,579.5795497086308,592.3226701282848,576.8113706180741,552.2975346263275,508.9839852319003,6.582770738253203,14.289588719567256,-7.706817981314053
2024-01-11,583.5963612935,589.7077677340197,571.4527453818348,582.8435668945312,366400,MPWR,581.9001103259714,582.4422461588357,589.7077677340197,571.4527453818348,555.9924382500508,510.065304971413,5.434735701392469,12.518618115932298,-7.083882414539829
2024-01-12,583.2694693472571,584.3887461953254,570.4424019017996,573.265380859375,280700,MPWR,577.8414995759393,582.1711782424036,584.3887461953254,570.4424019017996,559.0373250621785,510.991358467544,3.709271920974629,10.756748876940765,-7.047476955966136
2024-01-16,567.7679889026315,591.2627631506384,564.5884427504618,590.7476806640625,577300,MPWR,578.5917188669486,580.0063389091715,591.2627631506384,564.5884427504618,561.7700224534677,511.802784563025,3.709741343289352,9.347347370210484,-5.637606026921132
2024-01-17,582.5760106838464,586.2706393533443,571.4328176420739,578.8021850585938,399500,MPWR,579.7704131844646,579.2990288880601,586.2706393533443,571.4328176420739,564.0831445012587,512.5837176216284,2.7149158413242276,8.020861064433232,-5.3059452231090045
2024-01-18,592.9862288189788,606.7245426363812,590.401022586703,605.1001586914062,696700,MPWR,598.8029881833672,579.5347210362623,606.7245426363812,579.5347210362623,566.3830200972897,513.5599343674323,4.002398990364213,7.2171686496194285,-3.2147696592552153
2024-01-19,615.1042975775329,626.901198809794,606.6651661296804,625.3362426757812,674100,MPWR,618.5017262981971,589.1688546098148,626.901198809794,589.1688546098148,569.0165449733574,514.9507570510947,6.5797739806406526,7.089689715823674,-0.5099157351830215
2024-01-22,630.1699277823911,641.4715761440343,618.9078779019632,631.7052001953125,390700,MPWR,630.5636455059253,603.835290454006,641.4715761440343,603.835290454006,571.8648038923366,516.3819301774889,9.03216667850495,7.47818510835993,1.5539815701450204
2024-01-23,634.468722207994,637.7076967659921,623.0878158601471,635.9049682617188,277700,MPWR,632.792300773963,617.1994679799657,637.7076967659921,617.1994679799657,574.7949683603853,517.7639516870332,11.185650527673147,8.219678192222574,2.965972335450573
2024-01-24,637.3015263405381,641.8479761051226,616.8476109062852,625.9998779296875,538500,MPWR,630.4992478204084,624.9958843769643,641.8479761051226,616.8476109062852,577.6657234881658,519.0102133415438,11.955231516600975,8.966788857098255,2.98844265950272
2024-01-25,635.5185933055485,636.8062391221098,607.1208008379438,609.8347778320312,519900,MPWR,622.3201027744083,627.7475660986863,636.8062391221098,607.1208008379438,580.2781536063579,520.1171827487692,11.132413975730287,9.399913880824663,1.7325000949056246
2024-01-26,603.2974204693256,604.2086690754201,593.1249043507106,595.4328002929688,376000,MPWR,599.0159485471063,625.0338344365473,625.0338344365473,593.1249043507106,582.2527701891635,520.9330189961888,9.212015540584616,9.362334212776654,-0.15031867219203754
2024-01-29,601.5442918427462,614.0840731909702,593.4815572146842,613.8959350585938,462500,MPWR,605.7514643267486,612.0248914918268,614.0840731909702,593.4815572146842,583.8762747157493,521.7896183703507,9.075292297308579,9.30492582968304,-0.2296335323744607
2024-01-30,613.6779745800089,619.9874937823529,600.9202508079582,607.5962524414062,307200,MPWR,610.5454929029315,608.8881779092877,619.9874937823529,600.9202508079582,585.2867613497871,522.7096975491014,8.362212028444219,9.116383069435276,-0.7541710409910571
2024-01-31,599.2561243767572,611.8058183514019,593.9470267759415,596.9977416992188,439200,MPWR,600.5016778008298,609.7168354061096,611.8058183514019,593.9470267759415,586.6337860723245,523.7388419830974,6.862769798151589,8.66566041517854,-1.80289061702695
2024-02-01,601.2372467005754,611.3106775471887,588.7172341709518,608.299560546875,429200,MPWR,602.3911797413978,605.1092566034697,611.3106775471887,588.7172341709518,588.0154365874583,524.7928508354935,6.5113545138532345,8.23479923491348,-1.723444721060245
2024-02-02,608.8839271299427,631.5467132598034,606.0709234469668,629.8232421875,481100,MPWR,619.0812015060533,603.7502181724337,631.5467132598034,603.7502181724337,589.5969343641071,526.0910934224606,7.878814527243662,8.163602293379517,-0.2847877661358549
2024-02-05,634.9144533107659,646.6618419468984,626.3069522977321,640.0750122070312,516900,MPWR,636.9895649406069,611.4157098392435,646.6618419468984,611.4157098392435,591.63386281858,527.7295244699585,9.678204288270194,8.466522692357653,1.211681595912541
2024-02-06,644.4529765374251,644.4529765374251,617.0456901943957,626.9705200195312,556200,MPWR,633.2305408221943,624.2026373899253,644.4529765374251,617.0456901943957,593.4839564521001,529.3957344766279,9.93231706855272,8.759681567596667,1.1726355009560532
2024-02-07,635.379874523759,649.6531002819922,624.2069979339057,639.282470703125,860500,MPWR,637.1306108606955,628.7165891060597,649.6531002819922,624.2069979339057,595.4064154904721,531.0670520511377,11.000369391755385,9.20781913242841,1.7925502593269744
2024-02-08,673.5441934953634,752.7846868477591,673.0191962081684,730.0723876953125,1658500,MPWR,707.3551160616508,632.9235999833776,752.7846868477591,632.9235999833776,598.7428592459454,533.5039120097334,18.954302688322173,11.157115843607164,7.797186844715009
2024-02-09,739.9080784468605,754.2704173189883,730.2208994854083,745.1676635742188,661900,MPWR,742.3917647063689,670.1393580225142,754.2704173189883,670.1393580225142,602.8260714160436,536.3516240270714,26.17419491171802,14.160531657229335,12.013663254488684
2024-02-12,745.2468902823723,751.0710709180081,721.1280307589491,722.940673828125,645400,MPWR,735.0966664468637,706.2655613644415,751.0710709180081,706.2655613644415,606.5662836381172,539.1685662549592,29.759431005439865,17.28031152687144,12.479119478568425
2024-02-13,696.3257811912089,717.4829767618484,683.5482284493771,705.3591918945312,759500,MPWR,700.6790445742414,720.6811139056526,720.6811139056526,683.5482284493771,609.6942448597924,541.6492759136287,30.82672646871947,19.98959451524105,10.837131953478423
2024-02-14,717.3245475312631,739.1651954877001,711.8074211625207,738.1053466796875,602700,MPWR,726.6006277152928,710.680079239947,739.1651954877001,710.680079239947,613.2979143535543,544.5204334277221,33.9238537636237,22.77644636491758,11.147407398706118
2024-02-15,741.502822395224,742.8697257702092,717.1264796341549,727.3485107421875,600100,MPWR,732.2118846354439,718.6403534776199,742.8697257702092,717.1264796341549,616.9732135945542,547.428807536678,35.10568619893479,25.242294331721023,9.863391867213767
2024-02-16,728.6757435453552,741.0769001587022,714.0261790325162,723.5647583007812,373000,MPWR,726.8358952593387,725.4261190565319,741.0769001587022,714.0261790325162,620.5524626593615,550.2531056700809,35.32972069054563,27.259779603485946,8.069941087059682
2024-02-20,713.1644532939936,713.1644532939936,691.8190570955703,705.557373046875,466700,MPWR,705.9263341826081,726.1310071579353,726.1310071579353,691.8190570955703,623.5731403383255,552.8990194400019,33.66614181681757,28.541052046152274,5.125089770665298
2024-02-21,689.9865171345624,707.2708604717232,689.1644406091264,707.14208984375,477400,MPWR,698.3909770147905,716.0286706702717,716.0286706702717,689.1644406091264,626.3942571194832,555.4804336191069,32.10552447428199,29.25394653177822,2.8515779425037735
2024-02-22,739.1453951634182,742.8796227462461,730.815264927531,734.26220703125,660200,MPWR,736.7756224671114,707.209823842531,742.8796227462461,707.209823842531,629.8124720973634,558.4249867487379,32.68037180805857,29.93923158703429,2.7411402210242777
2024-02-23,729.5672561009045,734.6782415753913,706.2011878629645,714.2837524414062,564300,MPWR,721.1826094951666,721.9927231548212,734.6782415753913,706.2011878629645,632.649981394315,561.0677399753272,31.164602010453677,30.184305671718167,0.9802963387355099
2024-02-26,722.5246396738853,725.1296753836597,716.7499725594287,718.0079345703125,302200,MPWR,720.6030555468215,721.587666324994,725.1296753836597,716.7499725594287,635.3164810221084,563.7294956267159,29.91896667491585,30.131237872357705,-0.2122711974418543
2024-02-27,718.6716458511518,721.6035658439883,700.4463083548026,702.5560913085938,301900,MPWR,710.8194028396341,721.0953609359077,721.6035658439883,700.4463083548026,637.586846994463,566.3505755286089,27.369458995996524,29.57888209708547,-2.2094231010889445
2024-02-28,695.3353295002509,707.657228640677,693.5425157555222,703.823974609375,266600,MPWR,700.0897621264563,715.9573818877709,715.9573818877709,693.5425157555222,639.19101633573,568.8592413232144,25.161220490968162,28.69534977586201,-3.5341292848938473
2024-02-29,699.634154369665,715.7298796241441,689.5309793495599,713.2040405273438,859400,MPWR,704.5247634676782,708.0235720071137,715.7298796241441,689.5309793495599,640.6944522239952,571.4386126201061,23.89264890936272,27.73480960256215,-3.842160693199432
2024-03-01,720.0484732584192,744.8507260216785,709.7868438339634,736.68896484375,634200,MPWR,727.8437519894528,706.2741677373959,744.8507260216785,706.2741677373959,642.7395755202863,574.1574711405931,24.499914152326824,27.087830512515087,-2.587916360188263
2024-03-04,736.6889485199215,742.3942736126312,719.1966365243118,728.695556640625,802000,MPWR,731.7438538243723,717.0589598634244,742.3942736126312,717.0589598634244,644.7730520521933,576.8160894959558,24.058839666624067,26.482032343336883,-2.423192676712816
2024-03-05,715.5020646764392,727.3881394178835,700.4562726479995,710.826904296875,480600,MPWR,713.5433452597993,724.4014068438984,727.3881394178835,700.4562726479995,646.737129996951,579.1450277873489,22.013674117166033,25.588360698102715,-3.5746865809366817
2024-03-06,716.9481435581046,736.5205540673503,716.9481435581046,724.4264526367188,473600,MPWR,723.7108234550695,718.9723760518489,736.5205540673503,716.9481435581046,648.9047513096447,581.4721717196596,21.245332609889715,24.719755080460118,-3.4744224705704028
2024-03-07,736.2235026253252,769.6233438170256,736.2235026253252,760.3125610351562,770300,MPWR,750.5957275257081,721.3415997534591,769.6233438170256,721.3415997534591,651.6526467110048,584.0303867976354,23.263953094834733,24.428594683335042,-1.1646415885003094
2024-03-08,763.105747007956,770.7624008163876,724.7236328981164,725.258544921875,537700,MPWR,745.9625814110838,735.9686636395836,770.7624008163876,724.7236328981164,654.0558949511548,586.6899454699347,21.784045316511765,23.89968480997039,-2.115639493458623
2024-03-11,714.0657561702775,721.0587271139973,705.2403730462864,712.34228515625,494900,MPWR,713.1767853717029,740.9656225253336,740.9656225253336,705.2403730462864,655.7170418966447,589.0706485106001,19.34596527735971,22.988940903448253,-3.6429756260885426
2024-03-12,720.276153459492,732.1226271091001,709.36075787798,729.5571899414062,417400,MPWR,722.8291820969946,727.0712039485182,732.1226271091001,709.36075787798,657.6023691438465,591.6057539122702,18.588590525531117,22.108870827864827,-3.5202803023337097
2024-03-13,716.5618220582053,730.914245802133,698.881312321189,701.4566040039062,537300,MPWR,711.9534960463584,724.9501930227564,730.914245802133,698.881312321189,659.3659148465508,594.1225170138368,15.54172777594431,20.795442217480723,-5.253714441536413
2024-03-14,701.7736220146498,711.3815439625887,679.3882067367585,686.4207763671875,517300,MPWR,694.7410372702961,718.4518445345574,718.4518445345574,679.3882067367585,661.1679437841999,596.6471940585091,11.778031647544594,18.991960103493497,-7.213928455948903
2024-03-15,679.5565247564806,692.6312173190346,675.5746709034547,680.4677734375,960500,MPWR,682.0575466041175,706.5964409024268,706.5964409024268,675.5746709034547,663.217746111489,599.2360024874324,8.22016086711335,16.837600256217467,-8.617439389104117
2024-03-18,693.3444220063169,698.3068677179051,665.4814778948188,667.8983154296875,624400,MPWR,681.2577707621821,694.3269937532722,698.3068677179051,665.4814778948188,665.6070456157942,601.9439185616359,4.3362864160997106,14.337337488193917,-10.001051072094207
2024-03-19,656.705531571247,662.8169371621967,634.5280859127399,644.1063232421875,955600,MPWR,649.5392194720928,687.7923822577271,687.7923822577271,634.5280859127399,667.239645910668,604.3065130234614,-0.653988230462005,11.339072344462734,-11.993060574924739
2024-03-20,647.7117386514108,662.4307053952434,640.3423707733289,660.677490234375,581400,MPWR,652.7905762635895,668.6658008649099,668.6658008649099,640.3423707733289,668.7066339480896,606.8353024806273,-3.2343782563917785,8.424382224291831,-11.65876048068361
2024-03-21,677.0109359627996,682.4983181274015,662.78728252714,668.829345703125,635200,MPWR,672.7814705801165,660.7281885642496,682.4983181274015,660.7281885642496,670.510741436792,609.5621216764127,-4.568901877417716,5.825725403949922,-10.394627281367637
2024-03-22,661.6283617814803,672.9399855047086,656.7650032017709,665.9271850585938,490300,MPWR,664.3151338866384,666.7548295721831,672.9399855047086,656.7650032017709,672.090945262344,612.1942399443358,-5.793912949552691,3.5017977332493992,-9.29571068280209
2024-03-25,656.6561037803762,665.7588582653123,652.9516202291875,663.01513671875,299400,MPWR,659.5954297484064,665.5349817294107,665.7588582653123,652.9516202291875,673.6448516507927,614.8186449504217,-6.91995211352571,1.4174477638943774,-8.337399877420088
2024-03-26,671.0678966099292,671.7612629853886,659.2808495942071,660.1624145507812,375500,MPWR,665.5681059350766,662.5652057389086,671.7612629853886,659.2808495942071,675.3993837779755,617.2183544200769,-7.9508842569490525,-0.4562186402743087,-7.494665616674744
2024-03-27,665.0945073212237,671.455555038708,652.3921574757647,668.0021362304688,503100,MPWR,664.2360890165413,664.0666558369926,671.455555038708,652.3921574757647,677.1122711809672,619.4411468172175,-8.042595354904506,-1.9734939832003484,-6.069101371704158
2024-03-28,669.8181386439497,678.5410861216251,666.6028782291006,672.2494506835938,353400,MPWR,671.8028884195672,664.151372426767,678.5410861216251,664.151372426767,678.9529206856694,621.5180325934641,-7.683978163538882,-3.1155908192680553,-4.5683873442708265
2024-04-01,672.24945179514,682.9074671024642,659.8944665685976,663.377685546875,435500,MPWR,669.6072677532692,667.9771304231672,682.9074671024642,659.8944665685976,680.3690062770673,623.3760131871785,-8.023162732052924,-4.09710520182503,-3.9260575302278946
2024-04-02,653.0967250272532,653.3646835649989,639.8188464722073,644.0165405273438,564000,MPWR,647.5741988979507,668.7921990882182,668.7921990882182,639.8188464722073,680.9504557290624,624.98350035121,-9.741952378662631,-5.22607463719255,-4.5158777414700815
2024-04-03,638.9853405883492,656.0441372155616,638.8364612628615,644.8800048828125,443900,MPWR,644.6864859873962,658.1831989930845,658.1831989930845,638.8364612628615,681.2329125386918,626.5488582155142,-10.908682695898733,-6.362596248933786,-4.546086446964947
2024-04-04,654.942509447576,661.889080103972,635.5218753584513,638.2310791015625,655600,MPWR,647.6461360028904,651.4348424902403,661.889080103972,635.5218753584513,681.5299892432704,628.1624788018279,-12.228870810802846,-7.535851161307599,-4.6930196494952465
2024-04-05,638.7471207770574,654.0296016905785,638.7471207770574,649.3158569335938,406800,MPWR,645.2099250445717,649.5404892465654,654.0296016905785,638.7471207770574,681.8242027877537,629.7449631379598,-12.239590095869971,-8.476598948220074,-3.762991147649897
2024-04-08,663.6556190997754,685.6067807117353,663.6556190997754,676.1197509765625,574600,MPWR,672.2594424719622,647.3752071455685,685.6067807117353,647.3752071455685,682.8229895817047,631.5505715940312,-9.970303514123088,-8.775339861400678,-1.1949636527224108
2024-04-09,685.9441390850961,695.5006416294406,667.3670511363911,676.9434204101562,370400,MPWR,681.438813065271,659.8173248087653,695.5006416294406,659.8173248087653,684.4714468720681,633.3621085306157,-8.013044915326759,-8.622880872185894,0.6098359568591345
2024-04-10,657.8403282652016,674.0853766359706,652.3128349605478,661.4028930664062,417500,MPWR,661.4103582320315,670.6280689370182,674.0853766359706,652.3128349605478,685.5846247501737,634.7304497329615,-7.627963636964068,-8.42389742514153,0.7959337881774609
2024-04-11,666.7617135924921,679.9105809852055,660.5395509233504,679.11669921875,301500,MPWR,671.5821361799494,666.0192135845248,679.9105809852055,660.5395509233504,686.805357615714,636.0460594827505,-5.826266262709964,-7.9043711926552165,2.078104929945252
2024-04-12,660.7975052257206,667.5654570975566,653.1661986972189,653.2058715820312,422500,MPWR,658.6837581506319,668.8006748822371,668.8006748822371,653.1661986972189,687.9689992227101,637.3013926475173,-6.415244413300911,-7.606545836784356,1.191301423483445
2024-04-15,666.1364689176997,667.8830450185812,635.5517021324104,641.6944580078125,485900,MPWR,652.8164185191259,663.7422165164345,667.8830450185812,635.5517021324104,688.9775039982648,638.4964702928615,-7.721875734774926,-7.629611816382471,-0.0922639183924554
2024-04-16,640.0769538455694,654.2677951270458,639.0945198400568,650.526611328125,380600,MPWR,645.9914700351992,658.2793175177802,658.2793175177802,639.0945198400568,689.5157093688476,639.5563218664773,-7.953031909981519,-7.694295835102281,-0.2587360748792378
2024-04-17,650.9135759299991,658.3662644273425,628.7639293866325,632.8524780273438,530100,MPWR,642.7240619428294,652.1353937764898,658.3662644273425,628.7639293866325,689.630399308892,640.632131063736,-9.453406704750023,-8.04611800903183,-1.4072886957181936
2024-04-18,627.2654946836084,629.3295751280575,613.1242601766996,615.5753784179688,652900,MPWR,621.3236771015836,647.4297278596596,647.4297278596596,613.1242601766996,689.3922620344799,641.43810924329,-11.899413060319375,-8.816777019289338,-3.082636041030037
2024-04-19,614.4341131987638,614.4341131987638,583.0455911018666,587.005126953125,723600,MPWR,599.7297361131298,634.3767024806216,634.3767024806216,583.0455911018666,688.6442445395286,642.0253300150003,-15.95930233825652,-10.245282083082776,-5.714020255173745
2024-04-22,592.2150699109872,598.6654575451465,580.4852808217851,596.0455932617188,467800,MPWR,591.8528503849094,617.0532192968757,617.0532192968757,580.4852808217851,686.3341992259936,642.5385292359696,-18.237078080248125,-11.843641282515847,-6.393436797732278
2024-04-23,599.0326331572006,613.0944613469819,596.750200398574,606.70361328125,508600,MPWR,603.8952270460015,604.4530348408925,613.0944613469819,596.750200398574,683.5642684727864,643.1951699444149,-18.963617841444147,-13.267636594301507,-5.69598124714264
2024-04-24,631.651782290874,650.2288709110765,623.4647512560935,637.3082885742188,768900,MPWR,635.6634232580657,604.174130943447,650.2288709110765,604.174130943447,681.5756036090104,644.0709436235638,-16.87533594617355,-13.989176464675916,-2.886159481497634
2024-04-25,633.457910219703,661.9686067264377,631.5426483733098,655.2999267578125,435500,MPWR,645.5672730193157,619.9187771007564,661.9686067264377,619.9187771007564,680.4733681779118,645.083806518852,-13.61167573499199,-13.913676318739132,0.3020005837471409
2024-04-26,657.3441490699098,675.7525510801792,656.2723753852209,672.0609130859375,402800,MPWR,665.3574971553119,632.7430250600361,675.7525510801792,632.7430250600361,679.2485055667123,646.2732099601333,-9.56249944381716,-13.043440943754739,3.480941499937579
2024-04-29,669.848007018549,683.8304905859172,667.3372883782374,674.5121459960938,428300,MPWR,673.8819829946993,649.050261107674,683.8304905859172,649.050261107674,678.0819075338973,647.5275605642257,-6.085553576772213,-11.651863470358235,5.566309893586022
2024-04-30,675.1372312056245,684.7830118459942,663.9730995926278,664.22119140625,502800,MPWR,672.0286335126242,661.4661220511866,684.7830118459942,661.4661220511866,676.9857622989631,648.7691124791622,-4.113030502046286,-10.144096876695846,6.03106637464956
2024-05-01,653.8709057109921,681.5182470069964,642.5578930951872,647.6090698242188,906900,MPWR,656.3890289093486,666.7473777819055,681.5182470069964,642.5578930951872,675.9950161934979,649.7840782659117,-3.845917786203131,-8.884461058597303,5.038543272394172
2024-05-02,675.9013939327416,715.6953619557686,666.2258120401202,707.4487915039062,1200600,MPWR,691.3178398581342,661.568203345627,715.6953619557686,661.568203345627,675.8535534503648,651.1239052849239,1.180725732409087,-6.871423700396026,8.052149432805113
2024-05-03,721.4412064889505,722.3939010507913,695.8580049926202,701.8220825195312,585700,MPWR,710.3787987629732,676.4430216018807,722.3939010507913,676.4430216018807,675.325616976282,652.5690445368227,4.656669359549369,-4.565805088406947,9.222474447956316
2024-05-06,713.6312246991857,727.7129202291438,708.5503085645469,727.4548950195312,399900,MPWR,719.3373371281019,693.410910182427,727.7129202291438,693.410910182427,675.2887115289408,653.9693464616279,9.371702322584724,-1.7783036062086126,11.150005928793338
2024-05-07,719.4663256664046,719.4663256664046,696.641876714229,696.8601684570312,625700,MPWR,708.1086741260174,706.3741236552644,719.4663256664046,696.641876714229,675.0388239005246,655.1776524613165,10.518411472996036,0.6810394096323171,9.837372063363718
2024-05-08,684.7334891418049,709.6716861353683,682.3121103226474,707.9251098632812,337000,MPWR,696.1605988657755,707.2413988906409,709.6716861353683,682.3121103226474,674.7456478210474,656.1662474077551,12.179635774552025,2.980758682616259,9.198877091935767
2024-05-09,707.984647634186,709.0464879915863,701.2464949766239,702.615966796875,352500,MPWR,705.2233993498178,701.7009988782081,709.0464879915863,701.2464949766239,674.8483205655145,657.0196684506222,12.91884413344178,4.968375772781363,7.950468360660417
2024-05-10,713.8296875361425,713.8296875361425,692.5334624578995,697.177734375,432000,MPWR,704.3426429762961,703.462199114013,713.8296875361425,692.5334624578995,674.844678155687,657.769565189841,12.916953576029869,6.558091333431065,6.3588622425988035
2024-05-13,704.6205374647865,704.6304708300235,692.2556782395875,697.6838989257812,346500,MPWR,699.7976463650447,703.9024210451546,704.6304708300235,692.2556782395875,674.2837560431988,658.5116657817426,12.808648418848861,7.808202750514625,5.000445668334236
2024-05-14,697.3762110500558,711.2296808465015,697.3762110500558,708.2625122070312,320700,MPWR,703.561153788411,701.8500337050996,711.2296808465015,697.3762110500558,673.7201020424795,659.2465770473365,13.421704430173122,8.930903086446325,4.4908013437267975
2024-05-15,719.7441636348049,736.8227656103163,711.8250316223487,735.6815795898438,589800,MPWR,726.0183851143283,702.7055937467553,736.8227656103163,702.7055937467553,673.9696028395701,660.3533664182607,15.936341102857568,10.331990689728574,5.604350413128994
2024-05-16,732.7044945079041,735.2846252446062,722.3441775356953,722.5426025390625,398500,MPWR,728.218974956817,714.3619894305418,735.2846252446062,714.3619894305418,674.0597658696051,661.4822585896248,16.676763789908705,11.600945309764601,5.075818480144104
2024-05-17,729.4693586700866,733.1708692500681,716.3204921825389,724.4777221679688,258900,MPWR,725.8596105676656,721.2904821936794,733.1708692500681,716.3204921825389,673.5650435304442,662.6088451207246,17.221186961956505,12.724993640202982,4.496193321753523
2024-05-20,719.9228581309584,756.0549276272294,719.9228581309584,750.1106567382812,419400,MPWR,736.5028251568568,723.5750463806726,756.0549276272294,719.9228581309584,673.3758484053599,663.7158716782573,19.496268991683223,14.07924871049903,5.417020281184193
2024-05-21,734.6395357470288,754.1891828468707,734.3914439324859,750.9639892578125,322300,MPWR,743.5460379460495,730.0389357687648,754.1891828468707,730.0389357687648,673.9832334568468,664.8501376767457,21.12463307360622,15.488325583120469,5.63630749048575
2024-05-22,759.160965601182,767.9731918513509,745.8533470899556,754.8143920898438,432800,MPWR,756.9504741580831,736.7924868574071,767.9731918513509,736.7924868574071,674.6656592980685,666.1340142209575,22.466834981102807,16.884027462716936,5.58280751838587
2024-05-23,770.0869692009479,770.0869692009479,730.769381056993,740.6930541992188,767200,MPWR,752.9090934145269,746.8714805077451,770.0869692009479,730.769381056993,675.484771245432,667.4253430459913,22.13589687198487,17.934401344570524,4.201495527414345
2024-05-24,749.2373299270264,753.0678532626054,741.2487850794117,747.6296997070312,287900,MPWR,747.7959169940187,749.890286961136,753.0678532626054,741.2487850794117,676.5458688399062,668.8569063120532,22.17770458344762,18.783061992345946,3.3946425911016753
2024-05-28,755.211359925762,759.9350378266033,743.6899298772914,753.7823486328125,465400,MPWR,753.1546690656173,748.8431019775774,759.9350378266033,743.6899298772914,677.9678112891363,670.5927787003126,22.448532139687813,19.51615602181432,2.932376117873492
2024-05-29,739.2639972637695,751.3510231374453,739.2441305365359,740.7029418945312,478600,MPWR,742.6405232080705,750.9988855215973,751.3510231374453,739.2441305365359,679.1954663380541,672.4012559769242,21.361523765714765,19.88522957059441,1.476294195120353
2024-05-30,744.3747361401756,748.076307598158,734.7785606815579,738.2221069335938,441600,MPWR,741.3629278383713,746.8197043648339,748.076307598158,734.7785606815579,681.0319405053798,674.1357932080239,20.068541495595923,19.921891955594713,0.14664954000121
2024-05-31,737.8549857289532,748.8603066301405,701.5442347444975,730.0152587890625,762300,MPWR,729.5686964731635,744.0913161016026,748.8603066301405,701.5442347444975,682.5675029095711,675.6370684288304,18.172142526046173,19.571942069685004,-1.3997995436388315
2024-06-03,740.6533959480365,740.8221420184806,703.6083639564575,726.2045288085938,345000,MPWR,727.8221076828921,736.8300062873831,740.8221420184806,703.6083639564575,683.6683156516266,677.0895285442093,16.175280058286944,18.89260966740539,-2.7173296091184476
2024-06-04,727.01821452481,729.5884725579853,714.4945436755701,721.014404296875,256000,MPWR,723.0289087638101,732.3260569851376,732.3260569851376,714.4945436755701,684.8425911491701,678.4667682057569,14.012425969412106,17.916572927806737,-3.90414695839463
2024-06-05,735.6121444491018,752.6808139387484,727.3853805821525,751.827392578125,498100,MPWR,741.876432887032,727.6774828744739,752.6808139387484,727.3853805821525,686.4882112119426,680.0665314313676,14.616212560741928,17.256500854393778,-2.6402882936518495
2024-06-06,751.3907518103505,756.9281784528298,739.6212898521263,752.8197631835938,463600,MPWR,750.1899958247251,734.7769578807529,756.9281784528298,734.7769578807529,688.1806490097355,681.7900163938555,15.001861675630494,16.805573018641123,-1.8037113430106295
2024-06-07,742.8961129701959,754.4373501836006,737.8846699286212,745.9030151367188,324700,MPWR,745.2802870547841,742.4834768527389,754.4373501836006,737.8846699286212,689.8015329705004,683.4569020757339,14.58128365448897,16.360715145810694,-1.7794314913217235
2024-06-10,739.3434806888604,777.6687031514713,739.3434806888604,773.6297607421875,466300,MPWR,757.4963563178449,743.8818819537615,777.6687031514713,739.3434806888604,691.5154023284658,685.2341615070676,16.297422647427084,16.348056646133973,-0.050633998706889116
2024-06-11,772.4587278452636,781.5190461081095,764.2915038077174,777.99609375,299000,MPWR,774.0663428777726,750.6891191358031,781.5190461081095,750.6891191358031,693.6045838309561,686.9867950540117,17.804561840267525,16.639357684960682,1.1652041553068422
2024-06-12,790.3213373302918,816.2022327531924,783.8510831899202,809.404541015625,630100,MPWR,799.9447985722574,762.3777310067878,816.2022327531924,762.3777310067878,696.6519958244421,688.8012257767523,21.287985071343087,17.569083162237163,3.7189019091059237
2024-06-13,802.1503580658215,815.7259357130222,790.2220835166515,810.7640991210938,529000,MPWR,804.7156191041472,781.1612647895226,815.7259357130222,781.1612647895226,699.8525784867772,690.5427455127345,23.883019473660966,18.831870424521924,5.051149049139042
2024-06-14,800.5029754267965,807.0823754373071,790.5892358421636,800.4136962890625,299800,MPWR,799.6470707488324,792.9384419468349,807.0823754373071,790.5892358421636,702.892597181696,692.2112932124832,24.81832176268051,20.029160692153642,4.78916107052687
2024-06-17,804.2938036526872,823.9724635283623,792.2167109655408,821.0747680664062,445200,MPWR,810.3894365532491,796.2927563478337,823.9724635283623,792.2167109655408,706.1961874118695,694.0101950998117,26.91645524471835,21.406619602666584,5.509835642051765
2024-06-18,818.2763219600436,849.7641173967066,814.7732362744126,846.0526733398438,531200,MPWR,832.2165872427516,803.3410964505414,849.7641173967066,803.3410964505414,709.3953303072853,696.109159944495,30.246091239697762,23.17451393007282,7.071577309624942
2024-06-20,839.5427951960801,841.9741073669495,813.3740724892355,819.0305786132812,673000,MPWR,828.4803884163866,817.7788418466465,841.9741073669495,813.3740724892355,712.3361618143077,698.4038043431879,30.354486912965058,24.61050852665127,5.743978386313788
2024-06-21,817.1153193055964,822.3649209047809,800.7114575536386,819.8641357421875,994600,MPWR,815.0139583765508,823.1296151315166,823.1296151315166,800.7114575536386,715.408233817198,700.4964292836859,30.15998680500502,25.72040418232202,4.439582622682998
2024-06-24,813.5824794326319,828.2496374517714,788.9618477639652,792.048095703125,752000,MPWR,805.7105150878733,819.0717867540337,828.2496374517714,788.9618477639652,718.0908013953565,702.4480795055352,27.444953762262003,26.06531409831002,1.3796396639519841
2024-06-25,804.2641598386368,817.462633954328,793.5366708222024,813.6122436523438,483700,MPWR,807.2189270668778,812.3911509209536,817.462633954328,793.5366708222024,721.0615047736815,704.5152519981957,26.725245046520627,26.197300287952142,0.5279447585684842
2024-06-26,810.3175352596857,819.5366665659491,797.7641248138336,810.2183227539062,295600,MPWR,809.4591623483436,809.8050389939157,819.5366665659491,797.7641248138336,724.1943596502658,706.5859318242652,25.586069370819132,26.07505410452554,-0.4889847337064097
2024-06-27,804.4228673210062,814.6939055342929,801.3366194594711,804.51220703125,361100,MPWR,806.241399836505,809.6321006711296,814.6939055342929,801.3366194594711,727.3993582462919,708.4575338075698,23.946784959036904,25.649400275427816,-1.7026153163909115
2024-06-28,815.4550129237915,832.2320456020836,808.6766093309635,816.6675415039062,721800,MPWR,818.2578023401862,807.9367502538173,832.2320456020836,807.9367502538173,730.9100330542391,710.2702161815656,23.35920379709421,25.191360979761097,-1.8321571826668865
2024-07-01,802.9517445873288,817.3136082809685,789.2657254523181,814.4014892578125,548900,MPWR,805.9831418946069,813.0972762970018,817.3136082809685,789.2657254523181,734.6032223500994,711.9977421922896,22.451878732669,24.64346453034268,-2.191585797673678
2024-07-02,813.984037564351,829.9063317484446,810.7439145151845,823.6944580078125,257100,MPWR,819.5821854589481,809.5402090958044,829.9063317484446,809.5402090958044,739.0002713370159,713.8222579382721,22.226469095496327,24.16006544337341,-1.9335963478770815
2024-07-03,828.5546079358452,843.0655201220613,822.8694697814694,834.1005249023438,312500,MPWR,832.14753068543,814.5611972773762,843.0655201220613,814.5611972773762,743.8061649430263,715.0701820845101,22.626686606728185,23.853389676044365,-1.22670306931618
2024-07-05,842.1908758065118,842.1908758065118,824.3702606065204,836.5157470703125,181700,MPWR,836.3169398224642,823.3543639814031,842.1908758065118,823.3543639814031,748.4545991985556,716.009433835671,22.875060651927583,23.65772387122101,-0.7826632192934255
2024-07-08,838.7619370271822,848.0648850759356,834.2695512702754,846.6237182617188,313600,MPWR,841.930022908778,829.8356519019337,848.0648850759356,829.8356519019337,752.5799311915698,717.07776740029,23.6153051339262,23.64924012376205,-0.033934989835849194
2024-07-09,859.3158568271002,863.6690821516996,832.8483002368259,841.0380249023438,259800,MPWR,849.2178160294924,835.8828374053559,863.6690821516996,832.8483002368259,756.6529420517734,718.5631551148425,23.48056609675075,23.61550531835979,-0.13493922160904148
2024-07-10,847.0212123812119,857.5764834930741,839.0998605240923,855.558837890625,439100,MPWR,849.8140985722507,842.5503267174241,857.5764834930741,839.0998605240923,760.3420740801121,719.7952898234122,24.265771977268173,23.74555865014147,0.5202133271267044
2024-07-11,871.302275007642,871.302275007642,824.9666716594297,825.8810424804688,629300,MPWR,848.3630660387956,846.1822126448374,871.302275007642,824.9666716594297,763.8316957409941,720.9568016374458,22.23696929279197,23.44384077867157,-1.2068714858796028
2024-07-12,827.9980335822869,870.4872485550491,811.0818401623128,850.4501953125,513200,MPWR,840.0043294030372,847.2726393418166,870.4872485550491,811.0818401623128,767.1912096588022,722.0884859788827,22.353971184229977,23.225866859783252,-0.8718956755532759
2024-07-15,856.1850875954765,878.1601986784447,851.146008085942,865.5972900390625,335900,MPWR,862.7721460997313,843.6384843724269,878.1601986784447,843.6384843724269,771.3188720026099,723.6569440980539,23.399208471273596,23.260535182081323,0.13867328919227262
2024-07-16,874.3534835392886,886.2305980183469,859.3953040137192,884.053955078125,314400,MPWR,876.0083351623699,853.2053152360791,886.2305980183469,853.2053152360791,775.0126819086948,725.4331176795297,25.423795483084405,23.69318724228194,1.7306082408024643
2024-07-17,856.1253887066446,856.1253887066446,810.3861018806881,812.393798828125,1156200,MPWR,833.7576695305256,864.6068251992244,864.6068251992244,810.3861018806881,777.4802593240457,726.4029381501638,21.00380081446815,23.155309956719183,-2.151509142251033
2024-07-18,834.0309914654715,844.4569900367613,807.5435391172939,838.3245849609375,704100,MPWR,831.089026395116,849.182247364875,849.182247364875,807.5435391172939,779.7152931093859,727.5020023191632,19.370035215013445,22.398255008378037,-3.028219793364592
2024-07-19,847.2697374710275,847.2697374710275,800.2285033875623,803.89599609375,624400,MPWR,824.6659936058418,840.1356368799954,847.2697374710275,800.2285033875623,782.0464394989825,728.5426316997535,15.122838152360032,20.943171637174437,-5.820333484814405
2024-07-22,824.8871762950643,854.7041712042454,810.9427325577113,852.1697387695312,625700,MPWR,835.6759547066381,832.4008152429186,854.7041712042454,810.9427325577113,784.8367466157996,729.7911972184236,15.473818921826592,19.84930109410487,-4.375482172278279
2024-07-23,834.8062528014364,849.7843300861196,834.8062528014364,841.2467041015625,310800,MPWR,840.1608849476387,834.0383849747784,849.7843300861196,834.0383849747784,787.5354963277562,731.1919084466354,14.701110845509902,18.819663044385877,-4.118552198875975
2024-07-24,827.7496003440383,834.1105227656598,781.2947326727468,783.0737915039062,787900,MPWR,806.5571618215878,837.0996349612085,837.0996349612085,781.2947326727468,789.579786704662,732.2122324301745,9.287604528975749,16.91325134130385,-7.625646812328103
2024-07-25,783.0836727353238,820.394646756454,756.7055350800637,785.0814208984375,876400,MPWR,786.3163188675697,821.8283983913982,821.8283983913982,756.7055350800637,791.3101601547125,732.7969580989557,5.100564551437515,14.550713983330585,-9.45014943189307
2024-07-26,807.2453911583617,827.0737033544146,799.5724535239614,816.7669677734375,627400,MPWR,812.6646289525438,804.0723586294839,827.0737033544146,799.5724535239614,793.4922296579952,733.6061658502373,4.28961600577145,12.49849438781876,-8.20887838204731
2024-07-29,833.6036149475624,843.9898800375954,817.0850050490957,822.2135620117188,429500,MPWR,829.223015511493,808.3684937910139,843.9898800375954,808.3684937910139,795.5563222659385,734.7629625527543,4.039859095773295,10.806767329409666,-6.7669082336363715
2024-07-30,826.8053396279607,830.8306215352069,775.2418150748292,777.0805053710938,677900,MPWR,802.4895704022726,818.7957546512534,830.8306215352069,775.2418150748292,797.0417341748475,735.5507500222265,0.1977845300465333,8.68497076953704,-8.487186239490507
2024-07-31,819.5300234764247,858.152955466521,812.2546696003857,857.8250122070312,861000,MPWR,836.9406651875906,810.642662526763,858.152955466521,810.642662526763,799.2633552672461,736.4141993988452,3.62651543520667,7.673279702670967,-4.0467642674642965
2024-08-01,837.1120646506884,856.1750545810039,773.5720608965457,780.16162109375,1133000,MPWR,811.755200305497,823.7916638571769,856.1750545810039,773.5720608965457,800.7684027702188,737.0721255877893,0.07614502496824116,6.153852767130422,-6.077707742162181
2024-08-02,783.7396614126491,831.6754891767016,765.0245115212725,790.9057006835938,1366800,MPWR,792.8363406985542,817.773432081337,831.6754891767016,765.0245115212725,801.7542088252688,737.8687211410578,-1.8492743892762746,4.5532273358490825,-6.402501725125357
2024-08-05,743.7153802045858,788.5601348547127,725.1393902977105,765.7401733398438,843300,MPWR,755.7887696742132,805.3048863899455,805.3048863899455,725.1393902977105,801.7309747355916,738.19831701683,-5.344225976128428,2.5737366734535807,-7.917962649582009
2024-08-06,779.9728211971249,808.9748102467935,762.4503627702827,785.33984375,532400,MPWR,784.1844594910503,780.5468280320794,808.9748102467935,762.4503627702827,802.3564820571221,738.9206266512768,-6.458026577255168,0.7673840233118309,-7.225410600566999
2024-08-07,813.5268753250635,823.4161297028954,747.203901103769,752.421875,689700,MPWR,784.142195282932,782.3656437615648,823.4161297028954,747.203901103769,803.0834076229003,739.8146382314034,-9.883001460448327,-1.3626930734402007,-8.520308387008125
2024-08-08,773.6416899766845,841.1473482880044,760.4625687506513,838.3743896484375,860900,MPWR,803.4064991659444,783.2539195222485,841.1473482880044,760.4625687506513,804.0884442249069,741.0281277570216,-5.597148688026891,-2.209584196357539,-3.387564491669352
2024-08-09,833.116565929728,837.4897490838318,804.6015797476142,817.9794921875,441700,MPWR,823.2968467371685,793.3302093440964,837.4897490838318,793.3302093440964,805.7015706954887,742.4485185167714,-3.8024450462555706,-2.5281563663371456,-1.274288679918425
2024-08-12,818.7448113803387,834.7167875430971,811.8769301793461,818.9237060546875,318700,MPWR,821.0655587893673,808.3135280406325,834.7167875430971,808.3135280406325,807.2956233145087,744.1637819099442,-2.277683593396887,-2.478061811749094,0.20037821835220715
2024-08-13,834.9851380013824,865.6966657769094,834.9851380013824,862.5161743164062,525400,MPWR,849.5457790240201,814.6895434149999,865.6966657769094,814.6895434149999,809.6951649655259,746.1313339375484,2.4203484443177103,-1.4983797605357332,3.9187282048534433
2024-08-14,860.0214933319562,872.2464488605639,838.3942237635342,857.3578491210938,416100,MPWR,857.005003769287,832.11766121951,872.2464488605639,832.11766121951,812.2788228872538,747.9735692694402,5.662070128435971,-0.06628978274139244,5.728359911177364
2024-08-15,883.4575992913219,920.251786809476,871.9283866566633,915.0735473632812,816300,MPWR,897.6778300301856,844.5613324943985,920.251786809476,844.5613324943985,815.7718013125813,750.3071962308755,12.741456833279358,2.495259540462758,10.2461972928166
2024-08-16,896.8653161280713,918.5025331838903,894.6687758332016,909.080322265625,448600,MPWR,904.7792368526971,871.1195812622921,918.5025331838903,871.1195812622921,819.0298573918944,752.7590343019186,17.664691060528526,5.529145844475912,12.135545216052613
2024-08-19,903.2958711146504,913.5926579157921,889.9378561127168,911.6148071289062,359200,MPWR,904.6102980680164,887.9494090574946,913.5926579157921,887.9494090574946,822.1182634367603,755.149456223248,21.52279996201935,8.7278766679846,12.79492329403475
2024-08-20,907.4901400041432,922.7067433654352,896.706351545716,899.1712036132812,398200,MPWR,906.5186096321438,896.2798535627555,922.7067433654352,896.2798535627555,825.3430298883077,757.5722814294039,23.30760865040793,11.643823064469267,11.663785585938662
2024-08-21,919.1087533184275,946.2024690157854,909.9648638887235,941.3820190429688,506000,MPWR,929.1645263164762,901.3992315974497,946.2024690157854,901.3992315974497,828.7763932882802,760.1458978083731,27.80759379780534,14.876577211136482,12.931016586668857
2024-08-22,942.8431497371661,950.7943479483475,896.7560219586314,902.98779296875,565700,MPWR,923.3453281532238,915.2818789569629,950.7943479483475,896.7560219586314,831.7619729937891,762.6832784123726,27.95354026579662,17.491969822068512,10.461570443728107
2024-08-23,920.7388584660099,936.0548278285165,908.9114264757378,930.5784301757812,413300,MPWR,924.0708857365114,919.3136035550933,936.0548278285165,908.9114264757378,834.2444947370744,765.4482452807583,29.950289437965466,19.983633745247904,9.966655692717563
2024-08-26,919.8741278579118,923.5416204090737,904.6575249163018,906.68505859375,499000,MPWR,913.6895829442594,921.6922446458024,923.5416204090737,904.6575249163018,836.4239740138765,768.1382762503267,29.267356276420514,21.840378251482427,7.426978024938087
2024-08-27,898.1276089343625,945.7055864003403,889.5403003030841,939.6925048828125,482800,MPWR,918.2665001301499,917.6909137950308,945.7055864003403,889.5403003030841,838.7963626015029,770.8444798915993,31.031836195404026,23.678669840266746,7.3531663551372795
2024-08-28,937.7543800255875,949.3233878868244,909.0008670103296,923.6310424804688,462200,MPWR,929.9274193508026,917.9787069625904,949.3233878868244,909.0008670103296,841.187122257454,773.6916548346618,30.779368063418815,25.09880948489716,5.680558578521655
2024-08-29,931.1051838040934,953.7859836887119,915.2823165533633,924.9330444335938,449300,MPWR,931.2766321199406,923.9530631566965,953.7859836887119,915.2823165533633,843.1683231549978,776.2818267311415,30.33466677036438,26.145980941990604,4.1886858283737745
2024-08-30,942.3661335324812,946.3615695366789,907.5895280608435,928.978271484375,520100,MPWR,931.3238756535947,927.6148476383186,946.3615695366789,907.5895280608435,845.2251928997418,778.7806773570248,29.963256043157685,26.909435962224023,3.0538200809336615
2024-09-03,914.1194063859637,917.5185872406637,828.1769233008013,833.51416015625,960900,MPWR,873.3322692709196,929.4693616459566,929.4693616459566,828.1769233008013,846.3915591176292,780.8998964674138,21.715432421100786,25.870635253999378,-4.155202832898592
2024-09-04,825.4238231899092,862.1086982455012,821.398541191024,845.3217163085938,446400,MPWR,838.563194733757,901.400815458438,901.400815458438,821.398541191024,847.048612710547,782.5697070529517,15.947906342797637,23.886089471759032,-7.938183128961395
2024-09-05,830.6020923645417,853.1437330204587,822.4819478143019,836.3567504882812,493600,MPWR,835.6461309218959,869.9820050960975,869.9820050960975,822.4819478143019,847.6171567876472,784.3393307806643,10.532292838885041,21.215330145184236,-10.683037306299195
2024-09-06,836.3566819365498,838.1456893347654,791.0945096464145,801.3912963867188,804000,MPWR,816.747044326112,852.8140680089966,852.8140680089966,791.0945096464145,847.7629144272026,785.9786370387343,3.379997682830208,17.648263652713432,-14.268265969883224
2024-09-09,814.6797560237022,833.2756425551316,813.8746996366837,830.91015625,630000,MPWR,823.1850636163794,834.7805561675543,834.7805561675543,813.8746996366837,848.1017877028003,787.7505729745461,0.09260998347258464,14.137132918865262,-14.044522935392678
2024-09-10,828.6142124507081,843.7413371394877,809.2331678228999,842.52880859375,388500,MPWR,831.0293815017114,828.9828098919668,843.7413371394877,809.2331678228999,848.3572192860307,789.6336261701348,-1.557189992687654,10.99826833655468,-12.555458329242335
2024-09-11,846.0273800752021,891.5977234576,823.7441629801633,889.6993408203125,770100,MPWR,862.7671518333195,830.0060956968391,891.5977234576,823.7441629801633,849.492899484805,792.0480609174523,0.9308688929830851,8.984788447840362,-8.053919554857277
2024-09-12,880.515713663995,899.7576603291697,871.8091415138271,890.4447631835938,411500,MPWR,885.6318196726463,846.3866237650793,899.7576603291697,846.3866237650793,850.8138921690789,794.9070817530474,2.9290584774828403,7.773642453768858,-4.8445839762860174
2024-09-13,900.8806511257853,913.2149810686747,895.265153902197,908.5237426757812,311000,MPWR,904.4711321931095,866.0092217188628,913.2149810686747,866.0092217188628,852.2603641992325,798.0332645711294,5.903409838191578,7.399595930653402,-1.4961860924618238
2024-09-16,890.1863745477648,894.8775524561618,870.6661680392067,879.8298950195312,483000,MPWR,883.8899975156661,885.2401769559862,894.8775524561618,870.6661680392067,853.2118253530965,800.8332122758261,5.877498870861473,7.095176518695016,-1.2176776478335434
2024-09-17,887.7711429903428,898.2965684780614,858.729420189589,862.0192260742188,546100,MPWR,876.704089433053,884.5650872358261,898.2965684780614,858.729420189589,853.907306683582,803.2436189375758,4.369424107419945,6.550026036440002,-2.1806019290200567
2024-09-18,871.1431789742542,885.0378780161545,851.2552353436929,855.4097290039062,446900,MPWR,865.7115053345019,880.6345883344395,885.0378780161545,851.2552353436929,854.2371804696822,805.4450612607277,2.6108367161240267,5.762188172376807,-3.1513514562527805
2024-09-19,890.0173437715948,916.0078469388272,880.396401308406,905.5619506835938,733600,MPWR,897.9958856756055,873.1730468344707,916.0078469388272,873.1730468344707,855.2008162117494,807.7714451459308,5.20401998552677,5.6505545350068,-0.44653454948003013
2024-09-20,893.8538470430462,896.1894872405497,865.5674377122664,885.8827514648438,1267600,MPWR,885.3733808651765,885.584466255038,896.1894872405497,865.5674377122664,855.941022508277,809.8863591246355,5.606560558229489,5.641755739651338,-0.035195181421848964
2024-09-23,891.9555191417778,894.6291121169393,881.1518328186684,887.8407592773438,300700,MPWR,888.8943058386823,885.4789235601072,894.6291121169393,881.1518328186684,856.9188220369897,812.055015847896,6.014243276207708,5.716253246962612,0.29799002924509566
2024-09-24,901.6658810051987,911.4657181514597,887.6717552963632,905.4426879882812,275300,MPWR,901.5615106103257,887.1866146993948,911.4657181514597,887.1866146993948,857.6946093272018,814.5067406649058,7.669256889442522,6.106853975458595,1.5624029139839273
2024-09-25,896.8454787741482,917.8465868345996,896.5970038190201,909.159912109375,312200,MPWR,905.1122453842856,894.3740626548603,917.8465868345996,894.3740626548603,858.27668753164,816.6446847201674,9.175051736942237,6.720493527755323,2.4545582091869136
2024-09-26,934.2657937245838,944.493000627908,899.2308264599119,938.6290283203125,545000,MPWR,929.154662283179,899.743154019573,944.493000627908,899.2308264599119,860.184627386693,818.8324433553694,12.601059229879297,7.896606668180119,4.704452561699179
2024-09-27,944.005939605194,944.005939605194,915.0238505328097,919.3472900390625,571700,MPWR,930.5957549455651,914.448908151376,944.005939605194,914.448908151376,862.174761957702,820.945027533544,13.603506955700368,9.037986725684169,4.565520230016199
2024-09-30,915.5654461926838,925.677105997336,903.6324715099346,920.103759765625,392100,MPWR,916.2446958663949,922.5223315484706,925.677105997336,903.6324715099346,864.006336002913,823.026387750948,14.294219916161069,10.089233363779549,4.20498655238152
2024-10-01,916.9588203531591,922.0743321778111,880.8811983364003,887.5692138671875,589100,MPWR,901.8708911836395,919.3835137074327,922.0743321778111,880.8811983364003,865.3302347324533,825.0834906741263,12.077131310194773,10.486812953062595,1.590318357132178
2024-10-02,897.4918107982335,925.9458232637108,883.0706638112118,914.5303955078125,362500,MPWR,905.2596733452422,910.6272024455361,925.9458232637108,883.0706638112118,866.6322105004052,827.0838534140806,12.35321448414345,10.860093259278766,1.4931212248646837
2024-10-03,901.0846268773821,929.7476625135519,901.0846268773821,918.362060546875,347400,MPWR,912.5697442037978,907.9434378953891,929.7476625135519,901.0846268773821,868.7524621480494,829.1661244263556,12.734401481274631,11.23495490367794,1.4994465775966912
2024-10-04,944.905215689061,946.467757173365,922.2932850323234,931.160888671875,435400,MPWR,936.2067866416562,910.2565910495935,946.467757173365,910.2565910495935,871.7502715035312,831.5302158291219,13.90892001627742,11.769747926197837,2.139172090079583
2024-10-07,918.3321467788526,933.4400145558562,914.8687147126967,925.81640625,322100,MPWR,923.1143205743514,923.2316888456248,933.4400145558562,914.8687147126967,873.9592653359673,833.7257474969812,14.24428015658566,12.264654372275402,1.979625784310258
2024-10-08,925.5776084803123,927.5680979609151,908.021476682615,918.750244140625,446200,MPWR,919.9793568161169,923.1730047099882,927.5680979609151,908.021476682615,875.7743921620597,835.6653572139991,13.7810162787963,12.567926753579583,1.2130895252167182
2024-10-09,915.0478843474065,942.5266372595776,910.9674052893885,931.5590209960938,434100,MPWR,925.0252369731165,921.5761807630525,942.5266372595776,910.9674052893885,878.2251054934766,837.6334198341622,14.282794399724594,12.910900282808585,1.3718941169160086
2024-10-10,914.1422511269533,927.796979731545,912.3906106744291,925.6472778320312,231800,MPWR,919.9942798412396,923.3007088680845,927.796979731545,912.3906106744291,879.8861777865496,839.5747665268979,14.041566471128135,13.137033520472496,0.9045329506556392
2024-10-11,918.6904934375211,949.1748434167341,913.7341335317063,934.0072631835938,284000,MPWR,928.9016833923888,921.6474943546621,949.1748434167341,913.7341335317063,882.2291074482876,841.4987551092531,14.359445797610192,13.381515975900037,0.9779298217101555
2024-10-14,942.6161726006969,949.4634611212063,930.5637736426029,938.7247924804688,422000,MPWR,940.3420499612437,925.2745888735254,949.4634611212063,925.2745888735254,885.1792216335413,843.4667152294053,14.821183267423976,13.669449434204825,1.1517338332191507
2024-10-15,933.8580170953734,938.9934530355689,884.0658954420837,890.4354858398438,854100,MPWR,911.8382128532174,932.8083194173846,938.9934530355689,884.0658954420837,888.3002104971213,845.0155926163565,11.161902598454162,13.167940067054694,-2.006037468600532
2024-10-16,910.6488777521008,910.6488777521008,888.7534948990449,900.63671875,520400,MPWR,902.6719922883117,922.3232661353011,922.3232661353011,888.7534948990449,890.6699611530665,846.5132216050943,8.98151720564465,12.330655494772685,-3.3491382891280352
2024-10-17,933.9077814654419,938.635193877437,912.7986191218154,913.7640380859375,482500,MPWR,924.7764081376579,912.4976292118064,938.635193877437,912.4976292118064,893.4826454101612,848.2830265165306,8.21807814456497,11.508140024731143,-3.2900618801661725
2024-10-18,933.330500189623,933.3902124414965,905.871733085443,911.9327392578125,260700,MPWR,921.1312962435937,918.6370186747322,933.3902124414965,905.871733085443,895.8371413517141,849.9627927883105,7.380202299657071,10.682552479716328,-3.302350180059257
2024-10-21,903.6822205447295,906.1703323854363,854.8953041337757,879.0598754882812,735700,MPWR,885.9519331380557,919.8841574591629,919.8841574591629,854.8953041337757,897.0902430797319,851.3959068876103,4.017305285140878,9.349503040801238,-5.33219775566036
2024-10-22,874.2826809825643,878.3333342007337,865.813138866839,872.6405029296875,391000,MPWR,872.7674142449562,902.9180452986093,902.9180452986093,865.813138866839,898.1242801888435,852.7099517516762,0.8246889553029177,7.644540223701575,-6.819851268398657
2024-10-23,867.6642873993305,890.734052466577,862.5586771821211,879.4380493164062,439800,MPWR,875.0987665911086,887.8427297717827,890.734052466577,862.5586771821211,898.6353399401854,854.1652524528556,-1.1437923771715077,5.886873703526959,-7.030666080698467
2024-10-24,886.4246232879834,898.7059696901389,886.2256229426782,895.7501220703125,400600,MPWR,891.7765844977782,881.4707481814457,898.7059696901389,881.4707481814457,899.3307715547552,855.8047972210046,-1.371767191451795,4.435145524531208,-5.806912715983003
2024-10-25,900.2983469398188,920.8700989820234,896.9245135144278,897.0040893554688,566800,MPWR,903.7742621979347,886.623666339612,920.8700989820234,886.623666339612,899.45270019811,857.6122507553457,-1.4347156848333498,3.2611732826582966,-4.695888967491646
2024-10-28,897.0041036966187,907.046149782135,881.7071970072868,886.2256469726562,631200,MPWR,892.9957743646742,895.1989642687734,907.046149782135,881.7071970072868,899.2170309483497,859.1234441701222,-2.3275030342902028,2.143438019268597,-4.4709410535588
2024-10-29,890.6445488904473,932.7234652299753,886.9521690088246,928.792236328125,693100,MPWR,909.778104864343,894.0973693167238,932.7234652299753,886.9521690088246,899.3203870842763,860.7193252605182,0.3951693104096421,1.7937842774968062,-1.3986149670871642
2024-10-30,908.3698220064165,927.219759261753,905.2347768689331,915.43603515625,977600,MPWR,914.0650983233381,901.9377370905333,927.219759261753,901.9377370905333,899.4713168581001,862.4071733732038,1.4583618595216876,1.7266997939017825,-0.2683379343800949
2024-10-31,822.3905876153301,825.5554583942874,730.3901673748428,755.6892700195312,3055200,MPWR,783.5063708509979,908.0014177069357,908.0014177069357,730.3901673748428,896.5581537487905,862.6672735185354,-10.46860372526578,-0.7123609099317297,-9.75624281533405
2024-11-01,762.5763741478888,784.979342336452,752.1462290034515,755.7589721679688,1018100,MPWR,763.8652294139403,845.7538942789668,845.7538942789668,752.1462290034515,893.3685517740049,862.5652623838971,-19.688231818596932,-4.507535091664771,-15.180696726932162
2024-11-04,755.2016349934954,781.0282473337445,743.0397738105054,762.9247436523438,959000,MPWR,760.5485999475222,804.8095618464536,804.8095618464536,743.0397738105054,890.0981060582251,862.1713003976497,-26.115591353722834,-8.829146344076385,-17.28644500964645
2024-11-05,765.5024253437529,772.1606151524544,747.3790573191769,759.3418579101562,626600,MPWR,761.0959889313851,782.6790808969879,782.6790808969879,747.3790573191769,887.0462341779676,861.735104095922,-31.1394725717455,-13.291211589610208,-17.848260982135294
2024-11-06,770.2895472780757,782.7699552757235,759.1428547133983,781.5557250976562,820500,MPWR,773.4395205912134,771.8875349141865,782.7699552757235,759.1428547133983,884.1496945871888,861.4730285943459,-32.94864967550404,-17.222699206788977,-15.725950468715066
2024-11-07,789.8660345498989,792.7920564579415,759.0333118025192,771.523681640625,947900,MPWR,778.3037711127462,772.6635277527,792.7920564579415,759.0333118025192,881.1172216224278,861.1521719399408,-34.79088990806383,-20.73633734704395,-14.054552561019882
2024-11-08,761.4219395176152,777.3060674604476,746.2842451309231,757.6798095703125,822300,MPWR,760.6730154198245,775.483649432723,777.3060674604476,746.2842451309231,877.7051492884254,860.4367362217116,-36.942117606897,-23.977493399014563,-12.964624207882437
2024-11-11,626.3075050069294,647.8346536708808,569.2799933468654,644.2318725585938,4011000,MPWR,621.9135061458173,768.0783324262738,768.0783324262738,569.2799933468654,871.5169418982699,858.3710673990059,-47.256537501710795,-28.63330221955381,-18.623235282156987
2024-11-12,661.8377486299071,686.4899801488264,628.507012181251,641.037109375,2652000,MPWR,654.4679625837462,694.9959192860456,694.9959192860456,628.507012181251,867.1396557645264,856.7656074410779,-55.053952573527226,-33.91743229034849,-21.136520283178733
2024-11-13,629.9898968834898,637.7428312502685,596.2013270738519,598.6098022460938,1607900,MPWR,615.635964363426,674.7319409348959,674.7319409348959,596.2013270738519,862.6811111571197,854.8648619338333,-63.920157513882714,-39.91797733505534,-24.002180178827373
2024-11-14,600.1823162419472,601.7946078287403,569.3197677558212,574.0471801757812,2087600,MPWR,586.3359680005724,645.1839526491609,645.1839526491609,569.3197677558212,857.6949078986934,852.6560323431704,-72.09759097972608,-46.35390006398949,-25.743690915736586
2024-11-15,562.8805230736058,587.6820027026572,559.1184691451717,570.6533813476562,1615200,MPWR,570.0835940672728,615.7599603248666,615.7599603248666,559.1184691451717,852.7616388935165,850.2622766603596,-77.95351749361635,-52.673823549914864,-25.27969394370148
2024-11-18,570.6732821396117,586.1094749735383,558.9094835916103,585.0446166992188,1203100,MPWR,575.1842143509948,592.9217771960697,592.9217771960697,558.9094835916103,847.8016219082089,847.9517048055044,-80.50511615886307,-58.24008207170451,-22.26503408715857
2024-11-19,585.2038603614125,591.0857295770791,573.6291601004533,583.083984375,998700,MPWR,583.2506836034862,584.0529957735323,591.0857295770791,573.6291601004533,842.8460479502443,845.6016336181374,-81.74319841922079,-62.94070534120777,-18.802493078013022
2024-11-20,578.5357156276368,584.2086224064609,544.1102364436993,557.396728515625,1662800,MPWR,566.0628257483555,583.6518396885092,584.2086224064609,544.1102364436993,836.9119614285452,843.2024304566751,-83.83078529096997,-67.11872133116022,-16.712063959809754
2024-11-21,567.359190709176,571.2804575147055,549.1660872398394,569.7477416992188,1021900,MPWR,564.3883692907349,574.8573327184324,574.8573327184324,549.1660872398394,830.4870924209068,840.6504922949929,-83.52575645742729,-70.40012835641363,-13.12562810101366
2024-11-22,563.5573347011363,588.7867645924383,563.0099622424632,578.048095703125,1031800,MPWR,573.3505393097907,569.6228510045837,588.7867645924383,563.0099622424632,823.8646805632404,838.0625223812365,-81.67277677889933,-72.65465804091077,-9.018118737988559
2024-11-25,589.3441050982623,607.9253683381028,584.8953902182957,598.0027465820312,1267800,MPWR,595.041902559173,571.4866951571872,607.9253683381028,571.4866951571872,818.0877186641108,835.6497720086036,-77.6984441768476,-73.66341526809815,-4.035028908749453
2024-11-26,595.9227032738625,599.4358855648549,565.3985038295966,569.359619140625,1287100,MPWR,582.5291779522347,583.2642988581802,599.4358855648549,565.3985038295966,812.2042204344942,833.0557635590382,-75.98412031954774,-74.12755627838807,-1.8565640411596718
2024-11-27,573.0917579017828,573.0917579017828,545.6428927716524,557.5758666992188,1237800,MPWR,562.3505688186092,582.8967384052074,582.8967384052074,545.6428927716524,806.1370017041763,830.1870910869293,-74.71508763101144,-74.24506254891276,-0.47002508209868665
2024-11-29,565.2990083884091,572.4249339494851,560.3327468895358,564.9407348632812,595300,MPWR,565.7493560226778,572.6236536119084,572.6236536119084,560.3327468895358,799.4920711111179,827.3464436614336,-72.28186641031266,-73.85242332119275,1.5705569108800859
2024-12-02,564.3535278639351,586.1394501949119,563.3184951838062,577.5902709960938,808600,MPWR,572.8504360596868,569.1865048172931,586.1394501949119,563.3184951838062,793.2416122150081,824.5913173616424,-68.54269172925228,-72.79047700280465,4.247785273552367
2024-12-03,568.0259699859553,583.0043910895251,568.0259699859553,580.078369140625,609200,MPWR,574.7836750505152,571.0184704384899,583.0043910895251,568.0259699859553,786.9593995992448,821.9391108181172,-64.63354485672949,-71.15909057358962,6.525545716860137
2024-12-04,586.3484565802472,589.9810633953357,577.2319808424693,578.8641967773438,698200,MPWR,583.106424398849,572.9010727445025,589.9810633953357,572.9010727445025,780.590297875015,819.1424536011084,-60.93111538892663,-69.11349553665703,8.182380147730399
2024-12-05,584.5370822608012,584.5370822608012,563.9155806446265,569.5984497070312,696500,MPWR,575.6470487183151,578.0037485716757,584.5370822608012,563.9155806446265,774.0009939416958,816.1388407366679,-58.07512778997295,-66.90582198732022,8.83069419734727
2024-12-06,575.4703888506671,590.4886588210452,573.2609746683604,586.8759155273438,734400,MPWR,581.523984466854,576.8253986449954,590.4886588210452,573.2609746683604,767.0483803853692,813.6165038860313,-53.79744646848894,-64.28414688355397,10.48670041506503
2024-12-09,589.0355453276348,610.383556071649,588.1896116393176,606.7708129882812,1015400,MPWR,598.5948815067206,579.1746915559247,610.383556071649,579.1746915559247,760.4083629165924,811.2915624371473,-48.24585308333701,-61.076488123510586,12.830635040173576
2024-12-10,607.9750796161759,611.488261776022,588.3289592022838,592.4890747070312,941700,MPWR,600.0703438253782,588.8847865313227,611.488261776022,588.3289592022838,754.0848758757721,809.0456059393426,-44.485787780273995,-57.75834805486327,13.272560274589274
2024-12-11,610.7120304005879,625.7800502377335,601.466228698731,620.8535766601562,948100,MPWR,614.7029714993022,594.4775651783505,625.7800502377335,594.4775651783505,748.3415174820854,806.8358761072691,-38.770211814031995,-53.96072080669702,15.190508992665023
2024-12-12,608.4030422833815,620.8336390134065,590.2796142150398,602.5709228515625,862100,MPWR,605.5218045908475,604.5902683388263,620.8336390134065,590.2796142150398,742.3467601069975,804.4894853037014,-35.30881599827126,-50.23033984501187,14.921523846740612
2024-12-13,618.0469629833676,622.3762531604054,599.2069879711872,605.5466918945312,896900,MPWR,611.2942240023729,605.0560364648369,622.3762531604054,599.2069879711872,736.3212497029689,802.5368559255091,-31.957133244623265,-46.575698524934154,14.61856528031089
2024-12-16,604.113551101967,634.6775386280309,597.0373756505413,625.6307373046875,1143000,MPWR,615.3648006713067,608.1751302336049,634.6775386280309,597.0373756505413,729.9044099835619,800.8273407435465,-27.364841046002084,-42.733527029147744,15.36868598314566
2024-12-17,619.1318107698605,637.0262912866012,619.1218486035352,625.2326049804688,796200,MPWR,625.1281389101164,611.7699654524558,637.0262912866012,611.7699654524558,723.9446863502772,798.9519758431223,-23.486801120854807,-38.88418184748916,15.397380726634353
2024-12-18,628.9946590284361,641.7437413805291,590.2895775357069,595.2260131835938,958400,MPWR,614.0634977820664,618.4490521812861,641.7437413805291,590.2895775357069,717.8263691695963,796.800380665828,-22.574483133429112,-35.62224210467715,13.047758971248037
2024-12-19,608.8608803608946,610.0850119252424,583.8304514137927,586.3484497070312,782400,MPWR,597.2811983517403,616.2562749816763,616.2562749816763,583.8304514137927,711.2714883971687,794.7482969453226,-22.31062671823804,-32.959919027389326,10.649292309151285
2024-12-20,584.1290182198281,600.3216693680874,579.5210302737706,590.3990478515625,2364800,MPWR,588.5926914283122,606.7687366667083,606.7687366667083,579.5210302737706,704.64345662891,792.26481720773,-21.52652481197765,-30.673240184306994,9.146715372329343
2024-12-23,588.9161738538494,615.9072074105691,587.6721178796462,614.3447265625,687900,MPWR,601.7100564266411,597.6807140475103,615.9072074105691,587.6721178796462,698.0996240895952,790.1643657689413,-18.756686842246268,-28.28992951589485,9.533242673648584
2024-12-24,613.9365930230805,620.0971601438067,610.1247888147851,616.6337280273438,252500,MPWR,615.198067502254,599.6953852370757,620.0971601438067,599.6953852370757,691.5967444404154,788.3879830369784,-16.190236044352332,-25.86999082158635,9.679754777234017
2024-12-26,610.6423039414118,622.3364285581757,610.6423039414118,616.8825073242188,320300,MPWR,615.1258859413045,607.4467263696649,622.3364285581757,607.4467263696649,685.6624979021772,786.9813541996492,-13.97513423833891,-23.49101950493686,9.515885266597952
2024-12-27,613.6877801918642,618.9725271030284,601.2771079780902,609.7864379882812,354600,MPWR,610.930963315316,611.2863061554847,618.9725271030284,601.2771079780902,679.8276773227172,785.2488192378919,-12.646463035487614,-21.322108211047013,8.6756451755594
2024-12-30,604.0438509685102,606.1736891787991,591.0260334458495,600.7794799804688,689200,MPWR,600.5057633934069,611.1086347354003,611.1086347354003,591.0260334458495,673.3422644278321,783.4124549189967,-12.179865859683332,-19.493659740774277,7.313793881090945
2024-12-31,600.9390472054026,607.3317768417776,587.7147082735536,590.1082763671875,492000,MPWR,596.5234521719804,605.8071990644037,607.3317768417776,587.7147082735536,666.8501075464,781.343624449057,-12.526760487566321,-18.100279890132686,5.573519402566365
2025-01-02,602.4649646818865,608.0598586156406,587.8144798061345,592.6214599609375,548100,MPWR,597.7401907661498,601.165325618192,608.0598586156406,587.8144798061345,661.0858726989619,779.0880578893468,-12.455307040536695,-16.97128532021349,4.515978279676794
2025-01-03,598.7050581643563,623.817312954475,597.4783865240652,618.2024536132812,654500,MPWR,609.5508028140445,599.4527581921709,623.817312954475,597.4783865240652,655.8215404703436,776.9729103295936,-10.21673510788446,-15.620375277747684,5.403640169863223
2025-01-06,630.6688246672778,643.5141803986908,626.3405340081275,629.4022216796875,785900,MPWR,632.481440188446,604.5017805031077,643.5141803986908,604.5017805031077,650.9691939422903,774.8022669412379,-7.453009387741304,-13.986902099746409,6.533892712005105
2025-01-07,641.3400780448163,643.0753875134612,620.4464236823557,623.1890258789062,599200,MPWR,632.0127287798848,618.4916103457768,643.0753875134612,618.4916103457768,645.7739168279325,772.5523441913439,-5.698402184982115,-12.329202116793551,6.630799931811437
2025-01-08,615.7889834434586,631.4367775362691,608.6581936167752,619.28955078125,346000,MPWR,618.7933763444382,625.2521695628309,631.4367775362691,608.6581936167752,640.0742991108625,769.7634996544864,-4.569840114428416,-10.777329716320525,6.207489601892108
2025-01-10,609.8150843805626,612.8768328321254,580.4941513275528,589.6394653320312,1076900,MPWR,598.206383468068,622.0227729536346,622.0227729536346,580.4941513275528,634.1785112929304,766.6977711206401,-5.998810093682323,-9.821625791792885,3.8228156981105617
2025-01-13,576.9137814042907,589.7990680844963,574.8693084508603,585.7698974609375,854100,MPWR,581.8380138501462,610.1145782108513,610.1145782108513,574.8693084508603,627.6197094726465,763.4700482784614,-7.358694436447877,-9.329039520723883,1.9703450842760066
2025-01-14,589.6794343830584,596.4711122558604,577.611948268343,588.273193359375,472800,MPWR,588.0089220666591,595.9762960304988,596.4711122558604,577.611948268343,621.0985859475129,760.2849514028067,-8.14057800157184,-9.091347216893475,0.9507692153216354
2025-01-15,605.9555475476511,609.7353301465168,599.8619378105603,600.7894287109375,570300,MPWR,604.0855610539164,591.992609048579,609.7353301465168,591.992609048579,617.5101697515712,757.0341617501809,-7.661948595757167,-8.805467492666214,1.1435188969090468
2025-01-16,612.5177758854591,612.8568880189863,594.4066557230542,595.0548706054688,494900,MPWR,603.709047558242,598.0390850512476,612.8568880189863,594.4066557230542,614.3070461144573,753.837798944231,-7.657096020176141,-8.5757931981682,0.9186971779920583
2025-01-17,604.898388993104,626.9987490870581,604.1902770667954,624.136474609375,1066100,MPWR,615.0559724390831,600.8740663047448,626.9987490870581,600.8740663047448,611.3971935642885,750.7476498112569,-5.2461337567150395,-7.909861309877567,2.663727553162528
2025-01-21,635.3761416381795,653.2379337770122,631.1076263795602,636.7723388671875,1257500,MPWR,639.1235101654848,607.965019371914,653.2379337770122,607.965019371914,608.9577439889705,748.0019890834691,-2.2894290367793246,-6.78577485525792,4.496345818478595
2025-01-22,653.3676343715202,697.4487437691369,650.2859200222238,687.5653686523438,1558100,MPWR,672.1669167038061,623.5442647686993,697.4487437691369,623.5442647686993,606.9322919112224,745.5409932492056,4.105033493459359,-4.607613185514464,8.712646678973822
2025-01-23,672.1270298272472,697.4985958684348,671.5385902088124,696.91015625,757500,MPWR,684.5185930386235,647.8555907362527,697.4985958684348,647.8555907362527,605.0565883497399,743.0869049860838,9.813612167465635,-1.7233681149184443,11.536980282384079
2025-01-24,698.116900368021,698.116900368021,668.197604637963,676.6049194335938,1063300,MPWR,685.2590812018997,666.1870918874381,698.116900368021,666.1870918874381,603.5483096653813,740.6267294769034,12.554518309410014,1.1322091699472474,11.422309139462767
2025-01-27,650.6948283916098,654.8137229708093,596.1120185242546,599.1737670898438,2095600,MPWR,625.1985842441293,675.7230865446688,675.7230865446688,596.1120185242546,603.6140112273476,737.5654765628087,8.382036401068376,2.582174616171473,5.799861784896903
2025-01-28,604.7287654201978,620.7256538262384,588.9513168265764,615.9086303710938,1015800,MPWR,607.5785916110266,650.460835394399,650.460835394399,588.9513168265764,602.6762238078933,734.9079397862098,6.352450935190177,3.336229879975214,3.016221055214963
2025-01-29,613.9838570894835,618.3221306340064,605.785938383777,617.095458984375,435800,MPWR,613.7968462729104,629.0197135027129,629.0197135027129,605.785938383777,602.639441446083,732.6602763016014,4.784603055744697,3.6259045151291107,1.1586985406155859
2025-01-30,622.3213670770183,640.0236175026866,620.7555832559786,635.0670166015625,593600,MPWR,629.5418961093116,621.4082798878117,640.0236175026866,620.7555832559786,603.5035600082578,730.5992339534756,4.935335346943475,3.8877906814919836,1.0475446654514915
2025-01-31,638.2783253708103,655.4121018629673,630.4095357818169,635.6553955078125,753400,MPWR,639.9388396308518,625.4750879985615,655.4121018629673,625.4750879985615,604.9006649195293,728.8311519065229,5.044123518074116,4.11905724880841,0.9250662692657059
2025-02-03,613.6148355015662,642.5468032639393,613.6048526639624,627.0885009765625,774300,MPWR,624.2137481015076,632.7069638147067,642.5468032639393,613.6048526639624,605.8812555945397,726.8414387513742,4.388474532642931,4.172940705575314,0.2155338270676168
2025-02-04,626.6497128244856,656.1102245800649,626.1111265352702,654.5244750976562,981800,MPWR,640.8488847593692,628.4603559581071,656.1102245800649,626.1111265352702,607.0332196176572,724.9396337839509,6.013403040524622,4.541033172565176,1.4723698679594461
2025-02-05,650.2560411342777,663.2011042271644,646.1271635170482,652.1110229492188,883000,MPWR,652.9238329569273,634.6546203587382,663.2011042271644,634.6546203587382,608.7704397618287,722.8412005951868,7.025440269439514,5.037914591940044,1.9875256774994696
2025-02-06,648.7800326470771,664.5873700719372,637.3408565437567,659.1221313476562,1611200,MPWR,652.4575976526069,643.7892266578327,664.5873700719372,637.3408565437567,610.5318243290661,720.5094583749865,8.297575631348536,5.689846799821743,2.607728831526793
2025-02-07,684.852704763097,722.0423681657581,675.1787867812554,718.3124389648438,2551700,MPWR,700.0965746687386,648.1234121552197,722.0423681657581,648.1234121552197,613.0667450362452,718.4657127997427,13.921437555225566,7.336164950902508,6.585272604323058
2025-02-10,715.1708713150348,718.3124217007086,697.3888804612204,703.4624633789062,1009100,MPWR,708.5836592139675,674.1099934119792,718.3124217007086,674.1099934119792,615.337580169341,716.7126494167258,16.984334884111718,9.26579893754435,7.718535946567368
2025-02-11,690.2880394708326,711.0619598928192,684.2742318359701,697.1495361328125,708300,MPWR,695.6934418331086,691.3468263129733,711.0619598928192,684.2742318359701,617.6008654469584,714.9025429407264,18.68689175880297,11.150017501796075,7.536874257006897
2025-02-12,687.6551239653896,698.8948254462838,680.9332653201176,697.578369140625,487300,MPWR,691.265395968104,693.5201340730409,698.8948254462838,680.9332653201176,620.1791619899483,713.1580818470625,19.842056709582494,12.88842534335336,6.953631366229134
2025-02-13,697.5783910099245,705.5867576983776,692.2128589825278,698.10693359375,478200,MPWR,698.371235321145,692.3927650205725,705.5867576983776,692.2128589825278,622.8315995759177,711.1618353435177,20.563144855775022,14.423369245837693,6.139775609937329
2025-02-14,691.0859082658775,696.4913108869424,679.3076807666042,683.0874633789062,625300,MPWR,687.4930908245826,695.3820001708588,696.4913108869424,679.3076807666042,625.1244526712155,709.1830324431119,19.69562774684107,15.477820946038369,4.2178068008027
2025-02-18,690.477526929898,702.8740810357057,683.2569524989541,688.9117431640625,611800,MPWR,691.3800759071551,691.4375454977207,702.8740810357057,683.2569524989541,627.4563806883484,707.2078901437966,19.25611241362219,16.233479239555134,3.0226331740670567
2025-02-19,686.9270875387998,706.454370001554,680.8135734680629,690.6470336914062,710800,MPWR,691.2105161749557,691.4088107024379,706.454370001554,680.8135734680629,629.6184625238706,705.104380199443,18.83074765144545,16.752932921933198,2.0778147295122515
2025-02-20,695.9627117425925,705.5168959934425,680.304935390563,687.9542846679688,679300,MPWR,692.4347069486417,691.3096634386968,705.5168959934425,680.304935390563,631.954215688477,702.9776048150864,18.068083056400837,17.015962948826726,1.0521201075741118
2025-02-21,683.0176331517987,687.9244416125166,657.7158862419994,659.3016357421875,847300,MPWR,671.9898991871255,691.8721851936693,691.8721851936693,657.7158862419994,633.7635339828826,700.4059571841259,14.978968339065432,16.60856402687447,-1.6295956878090365
2025-02-24,658.9126341129023,663.2110370459859,635.3063274772549,650.9840087890625,1327500,MPWR,652.1035018563014,681.9310421903974,681.9310421903974,635.3063274772549,634.8337063898741,697.6210346532332,11.724506870942832,15.631752595688141,-3.9072457247453087
2025-02-25,656.4792211804697,657.8953841503883,642.1179347204264,649.56787109375,897500,MPWR,651.5151027862586,667.0172720233494,667.0172720233494,642.1179347204264,635.8626015690917,694.9737387224319,8.928134259301146,14.291028928410743,-5.362894669109597
2025-02-26,664.8965166138927,679.1680183532615,658.7032004360672,669.7733764648438,692500,MPWR,668.1352779670162,659.266187404804,679.1680183532615,658.7032004360672,636.931247698446,692.6363825902657,8.247334103038952,13.082289963336386,-4.834955860297434
2025-02-27,669.4142666641242,670.2320680192091,606.4242053571248,607.7406616210938,1202100,MPWR,638.452800415388,663.7007326859101,670.2320680192091,606.4242053571248,637.5898676149368,689.968313860967,2.6714782768017358,11.000127626029457,-8.328649349227721
2025-02-28,605.9854378307375,622.6505082080025,594.9950632311329,609.3663330078125,961700,MPWR,608.2493355694214,651.076766550649,651.076766550649,594.9950632311329,637.5289698462777,686.9251097746234,-1.597830744549583,8.48053595191365,-10.078366696463233
2025-03-03,617.6739184239946,620.0474599008381,574.530283935101,577.3626098632812,1054600,MPWR,597.4035680308037,629.6630510600353,629.6630510600353,574.530283935101,637.1697451934676,683.5370775885148,-7.477525633268442,5.288923634877232,-12.766449268145674
2025-03-04,576.5747459266235,604.1304218311947,556.2894368831847,586.5678100585938,936100,MPWR,580.8906036748991,613.5333095454196,613.5333095454196,556.2894368831847,636.2849944887635,680.1148404195203,-11.264592261176858,1.9782204556664145,-13.242812716843273
2025-03-05,590.3974796438742,611.4706427605956,581.8405436336225,610.5431518554688,636700,MPWR,598.5629544733903,597.2119566101594,611.4706427605956,581.8405436336225,635.9749836225899,676.900676396093,-12.190732954389318,-0.855570226344732,-11.335162728044587
2025-03-06,590.1082800586425,607.1922035168961,558.0048719398418,564.17822265625,1283100,MPWR,579.8708945429076,597.8874555417749,607.1922035168961,558.0048719398418,635.6267775464131,673.4491329717908,-16.47604285864577,-3.9796647528049394,-12.49637810584083
2025-03-07,568.4666009464086,598.7050421819679,563.320509026327,595.1845092773438,782400,MPWR,581.4191653580118,588.8791750423413,598.7050421819679,563.320509026327,635.4833070250072,670.0633818269587,-17.172282251367506,-6.618188252517453,-10.554093998850053
2025-03-10,580.7135978786998,595.7430034723071,570.3714389252088,580.0254516601562,1152500,MPWR,581.713372984093,585.1491702001765,595.7430034723071,570.3714389252088,635.0833733561562,666.5914987228757,-18.73134298434252,-9.040819198882467,-9.690523785460051
2025-03-11,585.2114509241749,585.2114509241749,557.0972825708724,568.815673828125,674200,MPWR,574.0839645618368,583.4312715921347,585.2114509241749,557.0972825708724,634.2610912973478,662.9289178688815,-20.63359400692832,-11.359374160491639,-9.274219846436681
2025-03-12,579.3373482803993,591.4745927828408,573.6925401292134,581.4216918945312,695900,MPWR,581.4815432717462,578.7576180769858,591.4745927828408,573.6925401292134,633.5882044439567,659.6253511730669,-20.883212665971087,-13.264141861587529,-7.619070804383558
2025-03-13,574.5601827890059,585.1516088897462,561.1862840248389,569.6734008789062,485700,MPWR,572.6428691456242,580.119580674366,585.1516088897462,561.1862840248389,632.8224425605629,656.3250599416401,-21.77798311899221,-14.966910113068467,-6.811073005923744
2025-03-14,583.8052653476761,605.7161343029392,581.0626631639416,604.4296264648438,916000,MPWR,593.7534223198502,576.3812249099951,605.7161343029392,576.3812249099951,632.6873957390917,653.0148300834619,-19.458255556879863,-15.865179201830747,-3.5930763550491154
2025-03-17,608.3690190118124,643.035520714103,608.019924025855,638.9166259765625,1109700,MPWR,624.5852724320832,585.0673236149227,643.035520714103,585.0673236149227,633.2486321442938,650.0493698453469,-14.667959009482274,-15.625735163361053,0.957776153878779
2025-03-18,630.1003318860244,636.3235354213396,613.0263926431484,620.6159057617188,690500,MPWR,625.0165414280577,604.8262980235029,636.3235354213396,604.8262980235029,633.794159157532,647.4400159282469,-12.207607953765319,-14.942109721441907,2.734501767676589
2025-03-19,620.1472460830414,642.4869512037658,615.1905842530315,628.1456909179688,706300,MPWR,626.4926181144518,614.9214197257803,642.4869512037658,614.9214197257803,634.1329954635402,644.9772679669418,-9.540197821251923,-13.861727341403911,4.321529520151989
2025-03-20,619.2197156578388,651.1336302539216,602.1258105432812,607.3816528320312,998100,MPWR,619.9652023217682,620.7070189201161,651.1336302539216,602.1258105432812,633.8826707062066,642.4259323242484,-8.998016877320424,-12.888985248587215,3.8909683712667906
2025-03-21,589.1807406144005,596.4012539568255,573.453145307012,589.39013671875,1713600,MPWR,587.106319149247,620.3361106209421,620.3361106209421,573.453145307012,632.9845425135937,639.3792296707632,-9.90591039322203,-12.292370277514179,2.386459884292149
2025-03-24,607.4415168604039,634.6381158109552,599.2336151813385,626.2407836914062,1170800,MPWR,616.888507886026,603.7212148850946,634.6381158109552,599.2336151813385,632.9464451444255,636.5103721276441,-7.564682359221024,-11.346832693855548,3.782150334634524
2025-03-25,626.6696279297657,636.9918218148066,622.2415695829145,631.2672119140625,702400,MPWR,629.2925578103873,610.3048613855603,636.9918218148066,610.3048613855603,633.5681686312719,633.8733399621011,-5.2432110514673695,-10.126108365377913,4.882897313910544
2025-03-26,627.2081867577932,628.3052032404631,591.7338682163519,598.8546142578125,907100,MPWR,611.5254681181052,619.7987095979738,628.3052032404631,591.7338682163519,634.161917716631,630.8908135946389,-5.95026313276901,-9.290939318856132,3.340676186087123
2025-03-27,591.654051611362,609.4659904145167,581.571263924917,599.822021484375,707000,MPWR,595.6283318587928,615.6620888580395,615.6620888580395,581.571263924917,634.3143059124737,627.7064459299934,-6.359239963205255,-8.704599447725958,2.345359484520703
2025-03-28,597.867282746193,611.231258935863,571.4884862040077,578.3300170898438,810800,MPWR,589.7292612439769,605.6452103584161,611.231258935863,571.4884862040077,634.027179916275,625.7686748339231,-8.321655323786558,-8.628010622938078,0.3063552991515195
2025-03-31,567.8300170898438,581.5,554.02001953125,579.97998046875,1141400,MPWR,570.8325042724609,597.6872358011965,597.6872358011965,554.02001953125,633.3696490505594,623.8383475825084,-9.632705546736247,-8.828949607697712,-0.8037559390385347
2025-04-01,575.1300048828125,588.1900024414062,566.5399780273438,581.47998046875,676900,MPWR,577.8349914550781,584.2598700368287,588.1900024414062,566.5399780273438,632.6252294308792,622.0112114975839,-10.430449105494631,-9.149249507257096,-1.281199598237535
2025-04-02,567.1900024414062,597.4099731445312,564.239990234375,590.6500244140625,506100,MPWR,579.8724975585938,581.0474307459534,597.4099731445312,564.239990234375,631.4402091787414,620.1989765838559,-10.205082871214927,-9.360416180048663,-0.8446666911662639
2025-04-03,552.9500122070312,561.7899780273438,494.19000244140625,498.67999267578125,1927700,MPWR,526.9024963378906,580.4599641522736,580.4599641522736,494.19000244140625,628.5349207714231,617.7336063413227,-17.24885735201292,-10.938104414441515,-6.310752937571404
2025-04-04,476.6000061035156,492.3800048828125,451.2900085449219,477.3900146484375,1734100,MPWR,474.4150085449219,553.6812302450821,553.6812302450821,451.2900085449219,624.332849081549,614.6947187156445,-24.269261732574364,-13.604335878068087,-10.664925854506278
2025-04-07,465.1000061035156,525.0399780273438,442.69000244140625,488.6199951171875,1814700,MPWR,480.3624954223633,514.048119395002,525.0399780273438,442.69000244140625,620.2349173659584,611.8916135156699,-28.597166873882315,-16.602902077230933,-11.994264796651382
2025-04-08,508.6099853515625,515.9199829101562,438.8599853515625,455.19000244140625,1587900,MPWR,479.6449890136719,497.20530740868264,515.9199829101562,438.8599853515625,617.3238454613492,610.4689283443485,-34.32886214820144,-20.148094091425033,-14.180768056776405
2025-04-09,459.010009765625,567.7100219726562,449.5299987792969,561.8400268554688,2335400,MPWR,509.5225143432617,488.42514821117726,567.7100219726562,449.5299987792969,615.3627239159939,609.0194738619435,-29.920600234387166,-22.10259532001746,-7.8180049143697055
2025-04-10,525.97998046875,530.6400146484375,470.2200012207031,484.7099914550781,2145600,MPWR,502.8874969482422,498.97383127721946,530.6400146484375,470.2200012207031,613.1445369295005,607.8919891877918,-32.278681613231925,-24.137812578660355,-8.140869034571569
2025-04-11,489.69000244140625,538.4400024414062,476.0,533.1300048828125,2218600,MPWR,509.31500244140625,500.9306641127308,538.4400024414062,476.0,610.7399990561424,607.1217795322001,-29.895767871786916,-25.28940363728567,-4.606364234501246
2025-04-14,560.75,560.75,532.1199951171875,538.7999877929688,1291300,MPWR,548.1049957275391,505.12283327706854,560.75,505.12283327706854,608.9033221780762,606.9019935488028,-27.23581382087832,-25.6786856740042,-1.5571281468741205
2025-04-15,545.2100219726562,554.77001953125,537.3499755859375,544.25,634400,MPWR,545.3950042724609,526.6139145023038,554.77001953125,526.6139145023038,607.3269473014952,606.6041014480174,-24.406665783612652,-25.42428169592589,1.0176159123132393
2025-04-16,518.0700073242188,531.0800170898438,499.69000244140625,524.8599853515625,1275000,MPWR,518.4250030517578,536.0044593873824,536.0044593873824,499.69000244140625,604.878469667343,605.9558446425002,-23.458739962455297,-25.031173349231775,1.5724333867764777
2025-04-17,538.0,539.8200073242188,514.2899780273438,523.5800170898438,864600,MPWR,528.9225006103516,527.2147312195701,539.8200073242188,514.2899780273438,602.3984430204115,605.5844413911201,-22.55083269937836,-24.535105219261094,1.9842725198827331
2025-04-21,512.719970703125,514.8300170898438,496.3999938964844,508.19000244140625,798700,MPWR,508.03499603271484,528.0686159149609,528.0686159149609,496.3999938964844,599.5099909880137,605.0209076585398,-22.810213274912826,-24.190126830391442,1.3799135554786162
2025-04-22,512.3599853515625,526.5700073242188,506.30999755859375,511.82000732421875,859100,MPWR,514.2649993896484,518.0518059738379,526.5700073242188,506.30999755859375,595.7933594824318,604.4300522593385,-22.463913185036972,-23.84488410132055,1.3809709162835766
2025-04-23,545.9099731445312,553.97998046875,532.7100219726562,536.969970703125,828700,MPWR,542.3924865722656,516.1584026817432,553.97998046875,516.1584026817432,592.4695360295979,603.9035580994694,-19.930331555221073,-23.061973592100657,3.131642036879583
2025-04-24,548.4099731445312,582.5700073242188,546.760009765625,580.75,1046700,MPWR,564.6224975585938,529.2754446270044,582.5700073242188,529.2754446270044,589.8481171441075,603.724491295533,-14.225781427777292,-21.294735159235984,7.068953731458691
2025-04-25,577.2100219726562,588.25,568.9600219726562,583.719970703125,508700,MPWR,579.5350036621094,546.9489710927991,588.25,546.9489710927991,587.6135092979877,603.896335643968,-9.357366640182818,-18.907261455425353,9.549894815242535
2025-04-28,580.0700073242188,591.3900146484375,564.219970703125,585.2100219726562,552300,MPWR,580.2225036621094,563.2419873774543,591.3900146484375,563.2419873774543,585.2505346648069,604.0410671203623,-5.317580404581463,-16.189325245256576,10.871744840675113
2025-04-29,584.1400146484375,593.760009765625,574.8699951171875,586.739990234375,783800,MPWR,584.8775024414062,571.7322455197818,593.760009765625,571.7322455197818,583.1982228971434,604.1613377841795,-1.9698577614566375,-13.345431748496589,11.375573987039951
2025-04-30,565.2100219726562,595.9199829101562,562.3800048828125,593.0999755859375,784700,MPWR,579.1524963378906,578.304873980594,595.9199829101562,562.3800048828125,580.9536713057581,604.2050259970532,1.182799639537393,-10.439785470889793,11.622585110427186
2025-05-01,600.0,614.0,594.8400268554688,601.6300048828125,990100,MPWR,602.6175079345703,578.7286851592423,614.0,578.7286851592423,579.1818111409505,604.4001368324105,4.319809346168995,-7.487866507478036,11.80767585364703
2025-05-02,614.6799926757812,649.4000244140625,608.9600219726562,636.8900146484375,1651600,MPWR,627.4825134277344,590.6730965469063,649.4000244140625,590.6730965469063,577.8827672705323,604.9184914795046,9.541116199093494,-4.08206996616373,13.623186165257223
2025-05-05,634.6599731445312,642.5999755859375,626.0,627.4000244140625,629000,MPWR,632.6649932861328,609.0778049873204,642.5999755859375,609.0778049873204,577.0962691525124,605.4299015676975,12.76611674950766,-0.712432623029452,13.478549372537111
2025-05-06,620.2899780273438,631.4199829101562,612.9500122070312,622.989990234375,567200,MPWR,621.9124908447266,620.8713991367266,631.4199829101562,612.9500122070312,576.4924489322809,605.6630776610775,14.795546172113404,2.3891631359991194,12.406383036114285
2025-05-07,621.6699829101562,640.52001953125,613.0,636.7100219726562,569400,MPWR,627.9750061035156,621.3919449907266,640.52001953125,613.0,576.0216469986261,605.9421242838589,17.311420232512205,5.373614555301737,11.937805677210468
2025-05-08,648.7899780273438,656.4099731445312,630.0,639.9299926757812,638300,MPWR,643.7824859619141,624.6834755471211,656.4099731445312,624.6834755471211,575.534591158524,606.2329194284849,19.342129250652192,8.167317494371828,11.174811756280365
2025-05-09,647.47998046875,656.0,630.6199951171875,637.77001953125,639200,MPWR,642.9674987792969,634.2329807545176,656.0,630.6199951171875,575.6248851258022,606.6073763703695,20.5404119142961,10.641936378356682,9.898475535939419
2025-05-12,693.97998046875,721.0,680.0,709.22998046875,1506800,MPWR,701.052490234375,638.6002397669072,721.0,638.6002397669072,577.4809482191013,607.5049590326895,26.945668299181875,13.90268276252172,13.042985536660154
2025-05-13,705.75,742.2000122070312,705.75,737.72998046875,909300,MPWR,722.8574981689453,669.8263650006411,742.2000122070312,669.8263650006411,579.990026821864,608.5798860076659,33.9304626941871,17.908238748854796,16.022223945332303
2025-05-14,737.0,755.0,725.8499755859375,734.280029296875,589500,MPWR,738.0325012207031,696.3419315847932,755.0,696.3419315847932,583.1328647727802,609.7089296307718,38.74099823560357,22.07479064620455,16.66620758939902
2025-05-15,725.6199951171875,730.3599853515625,703.3499755859375,710.3200073242188,981400,MPWR,717.4124908447266,717.1872164027482,730.3599853515625,703.3499755859375,585.5098555002069,610.7424195613984,40.157102696323705,25.691253056228383,14.465849640095321
2025-05-16,712.75,716.7899780273438,696.4500122070312,715.4000244140625,362000,MPWR,710.3475036621094,717.2998536237374,717.2998536237374,696.4500122070312,588.119387682591,611.8730826145021,41.21419897674639,28.795842240331986,12.418356736414403
2025-05-19,692.780029296875,706.7000122070312,688.0999755859375,702.3900146484375,512400,MPWR,697.4925079345703,713.8236786429234,713.8236786429234,688.0999755859375,590.4408545341221,612.9620807795646,40.53489529518447,31.143652851302484,9.391242443881985
2025-05-20,695.5,702.22998046875,692.77001953125,700.1699829101562,420900,MPWR,697.6674957275391,705.6580932887468,705.6580932887468,692.77001953125,592.7599369889911,613.9216551725735,39.36364463341192,32.78765120772437,6.57599342568755
2025-05-21,691.0,703.969970703125,674.469970703125,678.6199951171875,487500,MPWR,687.0149841308594,701.662794508143,703.969970703125,674.469970703125,595.0185573803715,614.6398243388597,36.27832221539427,33.485785409258355,2.7925368061359137
2025-05-22,680.02001953125,694.8200073242188,671.0700073242188,672.2000122070312,461300,MPWR,679.5275115966797,694.3388893195012,694.8200073242188,671.0700073242188,596.9794767468701,615.2838405954134,32.935483254423275,33.37572497829134,-0.4402417238680627
2025-05-23,649.989990234375,668.1099853515625,648.6799926757812,662.1799926757812,508500,MPWR,657.239990234375,686.9332004580904,686.9332004580904,648.6799926757812,598.6714191686451,615.746930864604,29.141798940577928,32.52893977074866,-3.387140830170729
2025-05-27,683.3300170898438,689.52001953125,671.6599731445312,685.52001953125,787300,MPWR,682.5075073242188,672.0865953462327,689.52001953125,671.6599731445312,600.4465008687325,616.5669483039121,27.699321361898,31.56301608897853,-3.863694727080528
2025-05-28,686.0599975585938,689.4000244140625,675.469970703125,677.47998046875,517800,MPWR,682.1024932861328,677.2970513352257,689.4000244140625,675.469970703125,601.5968452858135,617.4227387150536,25.6121426914292,30.372841409468663,-4.760698718039464
2025-05-29,699.510009765625,699.510009765625,677.1099853515625,680.719970703125,419800,MPWR,689.2124938964844,679.6997723106792,699.510009765625,677.1099853515625,602.880764335182,618.337461746357,23.943473236779255,29.086967774930784,-5.143494538151529
2025-05-30,671.530029296875,679.969970703125,643.3599853515625,661.9000244140625,950300,MPWR,664.1900024414062,684.4561331035818,684.4561331035818,643.3599853515625,603.6347120217212,618.8838537426305,20.861944777891495,27.44196317552293,-6.580018397631434
2025-06-02,661.3099975585938,671.1500244140625,655.5,668.6599731445312,422700,MPWR,664.1549987792969,674.323067772494,674.323067772494,655.5,604.5185079508717,619.2005893285391,18.749154063211677,25.70340135306068,-6.954247289849004
2025-06-03,669.7899780273438,688.7999877929688,662.7899780273438,685.760009765625,521300,MPWR,676.7849884033203,669.2390332758955,688.7999877929688,662.7899780273438,606.3120813359532,619.6483119247736,18.244273614781036,24.211575805404753,-5.967302190623716
2025-06-04,693.3900146484375,721.27001953125,689.1900024414062,694.75,534600,MPWR,699.6500091552734,673.0120108396079,721.27001953125,673.0120108396079,607.9673113613381,620.4568782528819,18.357950277985992,23.040850699921002,-4.68290042193501
2025-06-05,701.760009765625,705.9000244140625,674.8200073242188,681.0599975585938,568800,MPWR,690.885009765625,686.3310099974407,705.9000244140625,674.8200073242188,609.1991604004429,621.3836645158574,17.145725813342324,21.861825722605268,-4.716099909262944
2025-06-06,698.27001953125,698.760009765625,685.52001953125,687.0800170898438,293500,MPWR,692.4075164794922,688.6080098815328,698.760009765625,685.52001953125,610.8168013676707,622.4893595421509,16.48081389267179,20.785623356618572,-4.304809463946782
2025-06-09,693.5399780273438,711.0,689.9000244140625,706.280029296875,550300,MPWR,700.1800079345703,690.5077631805125,711.0,689.9000244140625,612.9078348891862,623.61107040083,17.30368086714975,20.089234858724808,-2.785553991575057
2025-06-10,712.719970703125,738.8099975585938,708.7999877929688,731.8400268554688,901100,MPWR,723.0424957275391,695.3438855575414,738.8099975585938,695.3438855575414,615.5740995788574,624.8006397475663,19.79015843453851,20.029419573887548,-0.23926113934903626
2025-06-11,736.6099853515625,740.9000244140625,709.2100219726562,720.8300170898438,564900,MPWR,726.8875122070312,709.1931906425402,740.9000244140625,709.1931906425402,618.6951997375488,626.0324243940541,20.634433146379706,20.150422288385982,0.4840108579937237
2025-06-12,713.4400024414062,730.0,713.4099731445312,718.5700073242188,322600,MPWR,718.8549957275391,718.0403514247857,730.0,713.4099731445312,621.5155998229981,627.0704146269386,20.880466023112717,20.29643103533133,0.5840349877813864
2025-06-13,699.8499755859375,702.9400024414062,670.0,673.010009765625,1027900,MPWR,686.4499969482422,718.4476735761624,718.4476735761624,670.0,623.647149810791,627.5436794947663,17.20085703555867,19.6773162353768,-2.4764591998181302
2025-06-16,684.4600219726562,712.72998046875,681.219970703125,706.5900268554688,613800,MPWR,696.25,702.4488352622022,712.72998046875,681.219970703125,627.0340998840333,627.7845103277282,16.800699140390634,19.101992816379568,-2.3012936759889335
2025-06-17,700.0,710.72998046875,689.8200073242188,690.8699951171875,430100,MPWR,697.8549957275391,699.3494176311011,710.72998046875,689.8200073242188,631.5028996276856,627.9178743546173,15.041704535249096,18.289935160153473,-3.2482306249043766
2025-06-18,693.8499755859375,706.4000244140625,686.0599975585938,693.239990234375,455200,MPWR,694.8874969482422,698.60220667932,706.4000244140625,686.0599975585938,635.7933996582032,628.0141585120807,13.681218862104856,17.36819190054375,-3.686973038438893
2025-06-20,704.969970703125,704.969970703125,676.6599731445312,685.9000244140625,1074600,MPWR,693.1249847412109,696.7448518137811,704.969970703125,676.6599731445312,640.0629995727539,628.6934225170515,11.873875618424336,16.269328644119867,-4.395453025695531
2025-06-23,685.9000244140625,695.0,671.1799926757812,692.6199951171875,480600,MPWR,686.1750030517578,694.9349182774961,695.0,671.1799926757812,643.5960493469238,629.479386631459,10.858617171705419,15.187186349636978,-4.328569177931559
