Date,Open,High,Low,Close,Volume,Ticker,HA_Close,HA_Open,HA_High,HA_Low,HA_50_MA,HA_100_MA,MACD_Line,Signal_Line,MACD_Hist
2022-01-03,458.8258641193401,458.8258641193401,444.6777027762657,447.44329833984375,1282400,SPGI,452.4431823386974,453.13458122959196,458.8258641193401,444.6777027762657,,,0.0,0.0,0.0
2022-01-04,451.247203516016,451.247203516016,443.4259239052713,446.20123291015625,1215200,SPGI,448.0303909618649,452.7888817841447,452.7888817841447,443.4259239052713,,,-0.09908214253914593,-0.01981642850782919,-0.07926571403131674
2022-01-05,447.5694673119978,449.4325848626297,441.92183486006326,442.261474609375,1316100,SPGI,445.29634041101644,450.4096363730048,450.4096363730048,441.92183486006326,,,-0.48986417402062443,-0.11382597761038823,-0.37603819641023617
2022-01-06,440.29160086473956,441.48515222018347,433.324232981848,438.5740051269531,1452600,SPGI,438.418747798431,447.8529883920106,447.8529883920106,433.324232981848,,,-1.084607044303084,-0.3079821909489274,-0.7766248533541565
2022-01-07,436.74967071017073,438.6904353908506,432.91667823405925,433.518310546875,1086400,SPGI,435.4687737204889,443.1358680952208,443.1358680952208,432.91667823405925,,,-1.9415167576724457,-0.6346891042936311,-1.3068276533788146
2022-01-10,426.09489168597406,429.30685486430605,415.6341712387132,422.4947814941406,2357500,SPGI,423.38267482078345,439.3023209078549,439.3023209078549,415.6341712387132,,,-3.4701290585911124,-1.2017770951531275,-2.268351963437985
2022-01-11,422.4948403840303,428.1036499100153,418.13780293003816,427.95806884765625,1497300,SPGI,424.173590517935,431.34249786431917,431.34249786431917,418.13780293003816,,,-4.192396353804327,-1.7999009468833673,-2.3924954069209594
2022-01-12,430.39373425999247,437.244632105623,429.46217538382643,434.5760803222656,1910400,SPGI,432.91915551792687,427.75804419112706,437.244632105623,427.75804419112706,,,-4.182566152890729,-2.2764339880848397,-1.9061321648058893
2022-01-13,434.5663113564311,436.7399879406833,421.82521607655156,423.34869384765625,1158000,SPGI,429.12005230533055,430.33859985452693,436.7399879406833,421.82521607655156,,,-5.022831826469826,-2.825713555761837,-2.197118270707989
2022-01-14,420.31149221237,421.63119820389835,414.6250353368818,419.5545654296875,1400700,SPGI,419.0305727957094,429.72932607992874,429.72932607992874,414.6250353368818,,,-5.92658489949406,-3.4458878245082816,-2.480697074985778
2022-01-18,413.58672364999256,415.032613735457,408.1817155449497,411.5877380371094,1483100,SPGI,412.09719774187715,424.37994943781905,424.37994943781905,408.1817155449497,,,-7.202644507687467,-4.197239161144119,-3.0054053465433475
2022-01-19,414.7705733349332,421.9028904343625,409.95748456060466,410.42327880859375,1535300,SPGI,414.2635567846235,418.2385735898481,421.9028904343625,409.95748456060466,,,-8.213216224555993,-5.000434573826494,-3.2127816507294984
2022-01-20,412.6939260995466,418.66177174753653,404.086639222716,405.6004333496094,1284200,SPGI,410.2606926048521,416.2510651872358,418.66177174753653,404.086639222716,,,-9.296105199177646,-5.859568698896725,-3.436536500280921
2022-01-21,406.6290959851038,412.6163394984673,402.07799963623927,404.5815734863281,1634100,SPGI,406.4762521515346,413.25587889604395,413.25587889604395,402.07799963623927,,,-10.119860536488545,-6.711627066415089,-3.408233470073456
2022-01-24,397.35220969790015,406.4446883654298,388.822539812,405.57135009765625,1861400,SPGI,399.5476969932466,409.8660655237893,409.8660655237893,388.822539812,,,-10.570970309985228,-7.483495715129117,-3.0874745948561104
2022-01-25,398.40024802276946,400.87471162179264,387.20202536634616,387.6969299316406,2498500,SPGI,393.5434787356372,404.7068812585179,404.7068812585179,387.20202536634616,,,-12.229816666452734,-8.43275990539384,-3.7970567610588937
2022-01-26,391.19998614124006,395.44055261235025,382.53444855492626,385.7658386230469,2119700,SPGI,388.7352064828909,399.12517999707757,399.12517999707757,382.53444855492626,,,-13.544158655066326,-9.455039655328338,-4.0891189997379875
2022-01-27,391.76284255439185,397.90535103894484,381.4476713548825,383.37872314453125,1716700,SPGI,388.62364702318763,393.9301932399842,397.90535103894484,381.4476713548825,,,-14.609989554345304,-10.486029635131732,-4.123959919213572
2022-01-28,383.5242636684922,394.6739484639347,379.3710279963442,394.576904296875,1701100,SPGI,388.0365361064115,391.27692013158594,394.6739484639347,379.3710279963442,,,-14.385244445566684,-11.265872597218724,-3.11937184834796
2022-01-31,394.60605569936104,403.20366044061507,393.4610114044318,402.9222412109375,1788200,SPGI,398.54824218883635,389.6567281189987,403.20366044061507,389.6567281189987,,,-13.379502803714445,-11.688598638517869,-1.6909041651965762
2022-02-01,406.0564933110621,406.97833874606283,397.0998538439884,405.0957946777344,1457400,SPGI,403.8076201447119,394.10248515391754,406.97833874606283,394.10248515391754,,,-12.26566673592373,-11.804012257999041,-0.4616544779246894
2022-02-02,408.8221224833331,410.86964489275573,405.1346809453674,409.5693359375,1640600,SPGI,408.59894606473904,398.9550526493147,410.86964489275573,398.9550526493147,,,-10.896359781907847,-11.622481762780803,0.7261219808729553
2022-02-03,405.61990498075096,407.39569201318744,399.99169804899617,400.9135437011719,1226800,SPGI,403.4802096860266,403.77699935702685,407.39569201318744,399.99169804899617,,,-10.389856451808669,-11.375956700586377,0.9861002487777082
2022-02-04,397.274532141635,407.57030437726905,396.2459292094423,402.11676025390625,1370800,SPGI,400.8018814955631,403.62860452152677,407.57030437726905,396.2459292094423,,,-9.77863734907055,-11.056492830283212,1.2778554812126615
2022-02-07,401.8256438911756,405.2802028611675,391.9374448801336,393.2474670410156,1471300,SPGI,398.0726896683731,402.2152430085449,405.2802028611675,391.9374448801336,,,-9.895846486710695,-10.824363561568708,0.9285170748580125
2022-02-08,389.45324721576264,391.1417030215243,380.1472840706532,387.939453125,2887800,SPGI,387.17042185823504,400.143966338459,400.143966338459,380.1472840706532,,,-10.298335137857748,-10.719157876826516,0.4208227389687682
2022-02-09,391.5951646962138,398.72181099017587,390.1465141335076,395.9897766113281,2351300,SPGI,394.1133166078064,393.657194098347,398.72181099017587,390.1465141335076,,,-9.85412425722194,-10.546151152905601,0.6920268956836608
2022-02-10,388.2506006594911,395.40641334109176,383.185160096843,385.4505310058594,2420500,SPGI,388.0731762758213,393.8852553530767,395.40641334109176,383.185160096843,,,-10.234535618331336,-10.483828045990748,0.2492924276594124
2022-02-11,384.0407367862454,386.3644405495767,375.5335052751577,376.9043884277344,2731700,SPGI,380.71076775967856,390.979215814449,390.979215814449,375.5335052751577,,,-11.097689390465973,-10.606600314885794,-0.4910890755801791
2022-02-14,375.77651995714666,378.18772279776215,365.03311514883944,370.14715576171875,3156700,SPGI,372.28612841636675,385.8449917870638,385.8449917870638,365.03311514883944,,,-12.18651857685802,-10.92258396728024,-1.263934609577781
2022-02-15,376.5155244028925,379.17949391675705,372.1889772834425,374.6779479980469,1425500,SPGI,375.6404859002847,379.0655601017153,379.17949391675705,372.1889772834425,,,-12.539281452451121,-11.245923464314416,-1.2933579881367052
2022-02-16,373.74467588278617,378.4892866521675,370.0500878171947,375.8252868652344,1813100,SPGI,374.5273343043457,377.353023001,378.4892866521675,370.0500878171947,,,-12.581239220818816,-11.512986615615297,-1.0682526052035186
2022-02-17,376.0876838284216,377.2543720184786,370.34165325447236,370.9055480957031,1224800,SPGI,373.64731429926894,375.94017865267284,377.2543720184786,370.34165325447236,,,-12.863193964308039,-11.783028085353846,-1.0801658789541921
2022-02-18,371.877779129013,372.85003406018427,366.0248151248738,368.1637878417969,1253600,SPGI,369.72910403896697,374.7937464759709,374.7937464759709,366.0248151248738,,,-13.156225490552117,-12.057667566393501,-1.0985579241586159
2022-02-22,365.9276575652453,373.63763360479294,365.61652880345696,369.70001220703125,1648500,SPGI,368.72045804513164,372.26142525746894,373.63763360479294,365.61652880345696,,,-13.113332286929221,-12.268800510500647,-0.8445317764285747
2022-02-23,373.2682042456022,374.08489499797514,362.4178333854386,363.0108947753906,1766800,SPGI,368.19545685110165,370.4909416513003,374.08489499797514,362.4178333854386,,,-13.4638916257951,-12.507818733559539,-0.9560728922355608
2022-02-24,354.16333748018025,373.07371012966547,353.45361028083596,371.0903015136719,1895400,SPGI,362.9452398510884,369.343199251201,373.07371012966547,353.45361028083596,,,-12.940600637228329,-12.594375114293298,-0.34622552293503084
2022-02-25,367.3860361833421,373.8223603082633,360.706648279257,370.322265625,8122200,SPGI,368.05932759896564,366.1442195511447,373.8223603082633,360.706648279257,,,-12.444411407820951,-12.564382372998828,0.11997096517787753
2022-02-28,368.4846442245099,378.6738872845787,361.80525713590583,365.2762145996094,5249900,SPGI,368.5600008111509,367.1017735750552,378.6738872845787,361.80525713590583,,,-12.31637649327007,-12.514781197053077,0.198404703783007
2022-03-01,367.5124513176323,385.28527449610516,365.7429398013898,379.743408203125,9770400,SPGI,374.5710184545631,367.8308871931031,385.28527449610516,365.7429398013898,,,-10.921628549187403,-12.196150667479943,1.2745221182925395
2022-03-02,383.06844617568373,395.2799658425388,381.1045018793405,388.04638671875,5798500,SPGI,386.8748251540782,371.20095282383306,395.2799658425388,371.20095282383306,,,-9.042068443042183,-11.56533422259239,2.523265779550208
2022-03-03,387.69643875973276,397.4578582378669,380.29756229490124,389.3881530761719,4359800,SPGI,388.7100030921682,379.0378889889556,397.4578582378669,379.0378889889556,,,-7.35939960837004,-10.724147299747921,3.3647476913778807
2022-03-04,388.78534377439166,397.0397794341092,386.23804035865453,396.2425231933594,3523900,SPGI,392.07642169012865,383.8739460405619,397.0397794341092,383.8739460405619,,,-5.410414163214568,-9.661400672441252,4.250986509226683
2022-03-07,395.5424856889476,396.67030504116616,374.0070435313323,374.9404296875,4222000,SPGI,385.2900659872365,387.9751838653453,396.67030504116616,374.0070435313323,,,-5.521086425589033,-8.833337823070808,3.3122513974817753
2022-03-08,373.501535098978,384.7991349863664,369.92364333394613,377.36138916015625,3693900,SPGI,376.3964256448617,386.6326249262909,386.6326249262909,369.92364333394613,,,-5.351752127059854,-8.137020683868618,2.7852685568087647
2022-03-09,390.2631699953608,390.9534627710001,380.1322890196531,380.6475830078125,3034100,SPGI,385.4991261984566,381.51452528557627,390.9534627710001,380.1322890196531,,,-4.895947658860052,-7.488806078866905,2.592858420006853
2022-03-10,370.7014295442028,375.0376790549185,363.4678491054919,372.1306457519531,2767300,SPGI,370.33440086414157,383.5068257420164,383.5068257420164,363.4678491054919,,,-5.162455418899015,-7.023535946873327,1.8610805279743126
2022-03-11,374.31821729371256,377.86694251050466,368.75691687851395,369.14581298828125,2252100,SPGI,372.5219724177531,376.920613303079,377.86694251050466,368.75691687851395,,,-5.550532711542701,-6.728935299807202,1.1784025882645013
2022-03-14,372.8889545024514,375.62098864609976,362.82610943865535,366.5401306152344,2558100,SPGI,369.4690458006102,374.72129286041604,375.62098864609976,362.82610943865535,,,-5.999188640534555,-6.5829859679526725,0.5837973274181172
2022-03-15,370.3902840729008,377.584965674472,365.00401233484234,376.64190673828125,1977200,SPGI,372.4052922051241,372.09516933051316,377.584965674472,365.00401233484234,395.79408930376064,,-5.47649318317076,-6.36168741099629,0.8851942278255303
2022-03-16,379.101718841712,385.3922104789952,373.41402061462855,381.3476257324219,2092100,SPGI,379.8138939169394,372.2502307678186,385.3922104789952,372.2502307678186,394.3415035353254,,-4.6291787804822775,-6.015185684893488,1.3860069044112109
2022-03-17,380.6378206738741,391.78958636423204,380.6378206738741,391.4881896972656,2393500,SPGI,386.13835435231147,376.032062342379,391.78958636423204,376.032062342379,393.10366280313434,,-3.103640413311666,-5.432876630577124,2.329236217265458
2022-03-18,392.9562923025581,400.56903543043603,392.2562675586605,398.5661926269531,2858200,SPGI,396.08694697965194,381.0852083473452,400.56903543043603,381.0852083473452,392.1194749345071,,-1.3084219100170458,-4.607985686465109,3.299563776448063
2022-03-21,394.3369269077334,396.6703331216,390.71040484614053,393.52996826171875,2207900,SPGI,393.81190828429817,388.5860776634986,396.6703331216,388.5860776634986,391.22733814422446,,-0.28875098745430705,-3.7441387466629488,3.4553877592086417
2022-03-22,395.1827559565356,404.97337085233664,394.2882979790924,402.7857971191406,2336400,SPGI,399.3075554767763,391.1989929738984,404.97337085233664,391.1989929738984,390.5041137793502,,1.2517838150026819,-2.744954234329823,3.996738049332505
2022-03-23,400.23851210231976,401.41493238927694,393.59799358375056,394.4535827636719,2145200,SPGI,397.4262552097548,395.25327422533735,401.41493238927694,393.59799358375056,389.98498538712954,,1.7798121154657451,-1.8400009643707094,3.6198130798364545
2022-03-24,398.24540054198764,399.22738769573687,394.7258417984013,396.3592529296875,2066800,SPGI,397.1394707414533,396.3397647175461,399.22738769573687,394.7258417984013,389.44430299159995,,2.3252460152204435,-1.0069515684524788,3.3321975836729223
2022-03-25,397.60367874942693,402.36772213110464,396.57309086293253,401.9982604980469,2033300,SPGI,399.63568806037773,396.7396177294997,402.36772213110464,396.57309086293253,388.778633642449,,3.1759170986555887,-0.1703778350308653,3.346294933686454
2022-03-28,402.8538625093606,406.0233936121258,398.8481766832959,402.99969482421875,2529900,SPGI,402.68128190725025,398.1876528949387,406.0233936121258,398.1876528949387,388.2498582344874,,3.8860910037349186,0.6409159327222915,3.245175071012627
2022-03-29,408.1526650740196,409.1443842312687,403.45668615771206,405.8678894042969,1527000,SPGI,406.6554062168243,400.4344674010945,409.1443842312687,400.4344674010945,388.00235490290964,,4.627010969900368,1.4381349401579069,3.1888760297424614
2022-03-30,404.83732321451384,407.78325503804587,404.13729834204725,407.3262939453125,2096100,SPGI,406.02104263497984,403.5449368089594,407.78325503804587,403.5449368089594,387.8808318007717,,5.271114314528063,2.2047308150319385,3.0663834994961245
2022-03-31,410.77781248972343,411.79866855773906,398.7899192064502,398.79962158203125,2414900,SPGI,405.04150545898597,404.7829897219696,411.79866855773906,398.7899192064502,387.696390774259,,5.035493620347552,2.7708833760950613,2.2646102442524905
2022-04-01,398.60518784926654,400.763595527424,394.38560394475337,396.5634460449219,1721900,SPGI,397.5794583415915,404.9122475904778,404.9122475904778,394.38560394475337,387.4427660889937,,4.6151215963586765,3.1397310201477846,1.4753905762108919
2022-04-04,398.59544609601215,405.7901282910371,396.7384351940519,402.8052978515625,1620600,SPGI,400.9823268581659,401.24585296603465,405.7901282910371,396.7384351940519,387.33288758312636,,4.731101817451474,3.4580051796085227,1.2730966378429516
2022-04-05,400.5010545021512,404.43870563940084,398.7801735781182,400.45245361328125,1263700,SPGI,401.0430968332379,401.11408991210027,404.43870563940084,398.7801735781182,387.3627955799262,,4.580362543544993,3.6824766523958172,0.8978858911491758
2022-04-06,396.2231031908868,401.54133955291394,394.9786179016254,399.48016357421875,1558200,SPGI,398.0558060549112,401.07859337266905,401.54133955291394,394.9786179016254,387.4530421263117,,4.3325025105187365,3.8124818240204013,0.5200206864983352
2022-04-07,397.9439411519811,404.8080587595566,396.7577889202288,403.47607421875,2172700,SPGI,400.7464657626291,399.56719971379016,404.8080587595566,396.7577889202288,387.6932673119065,,4.407699031665686,3.9315252655494586,0.4761737661162275
2022-04-08,402.5524688163206,404.28308153081207,399.3731759745288,401.6288146972656,1061900,SPGI,401.9593852547318,400.15683273820963,404.28308153081207,399.3731759745288,387.95998207653736,,4.269023762683332,3.9990249649762335,0.2699987977070988
2022-04-11,399.82051390594535,400.9872023356252,390.3312937226719,394.3564147949219,1466400,SPGI,396.37385618979107,401.0581089964707,401.0581089964707,390.3312937226719,388.126728478205,,3.5315907390750567,3.9055381197959984,-0.3739473807209417
2022-04-12,394.6967142251442,395.63980295966115,385.10056011101835,386.2867126464844,2226200,SPGI,390.430947485577,398.7159825931309,398.7159825931309,385.10056011101835,387.96438258413974,,2.2698468513120247,3.578399866099204,-1.3085530147871793
2022-04-13,385.0130868825775,387.83262123112826,379.9184787629531,385.3144836425781,2458200,SPGI,384.51966762980925,394.57346503935395,394.57346503935395,379.9184787629531,387.5786235338417,,1.1778771400599908,3.0982953208913617,-1.920418180831371
2022-04-14,387.1616781932676,389.06731946925976,376.26270730501494,376.8363342285156,2404900,SPGI,382.3320097990145,389.5465663345816,389.5465663345816,376.26270730501494,387.0532848085272,,-0.36739739768444224,2.405156777176201,-2.7725541748606433
2022-04-18,375.7668225304953,380.72532892607376,375.16402918252606,379.7239074707031,1212500,SPGI,377.84502202744955,385.93928806679804,385.93928806679804,375.16402918252606,386.54058105535563,,-1.3435479888745476,1.6554158239660515,-2.998963812840599
2022-04-19,380.4725883716665,386.09222185696814,378.9850392041123,384.3810729980469,1869600,SPGI,382.48273060769844,381.89215504712377,386.09222185696814,378.9850392041123,386.17419803759833,,-1.7215154699462119,0.9800295651835988,-2.7015450351298105
2022-04-20,386.7630609479376,391.5951699072635,385.7324729314985,386.22833251953125,1768600,SPGI,387.5797590765577,382.18744282741113,391.5951699072635,382.18744282741113,385.96433942576203,,-1.8506656944857127,0.4138905132497366,-2.264556207735449
2022-04-21,388.1534168261172,392.28550102849323,378.44056813657517,379.9864501953125,1537900,SPGI,384.71648404662454,384.8836009519844,392.28550102849323,378.44056813657517,385.9152606695298,,-2.428689495193794,-0.15462548843896953,-2.2740640067548243
2022-04-22,377.7405391991644,378.71279429512003,368.7958101188952,369.1263732910156,1749200,SPGI,373.5938792260488,384.8000424993045,384.8000424993045,368.7958101188952,385.5048719218947,,-3.7202106932970764,-0.867742529410591,-2.8524681638864853
2022-04-25,366.78324292214654,370.8180957238951,363.3122850331266,370.6430969238281,2197600,SPGI,367.8891801507491,379.19696086267663,379.19696086267663,363.3122850331266,385.1011919993933,,-4.5686985137713805,-1.607933726282749,-2.9607647874886314
2022-04-26,369.69999879717665,373.55012065432123,364.3136972787178,365.081787109375,1688500,SPGI,368.16140095989766,373.54307050671287,373.55012065432123,364.3136972787178,384.8502046633977,,-5.625040483515079,-2.411355077729215,-3.213685405785864
2022-04-27,366.30680839776403,374.0556820425497,366.30680839776403,370.07916259765625,1930700,SPGI,369.1871153589335,370.8522357333053,374.0556820425497,366.30680839776403,384.78822440224894,,-5.989904774322952,-3.1270650170479626,-2.862839757274989
2022-04-28,373.97800766787765,378.4017872327582,369.2722954196376,375.8252868652344,1690100,SPGI,374.36934429637694,370.0196755461194,378.4017872327582,369.2722954196376,384.7628015701708,,-5.7491258039033255,-3.6514771744190355,-2.09764862948429
2022-04-29,371.7222498414734,376.5154896541183,364.955363190091,366.05401611328125,2103100,SPGI,369.811779699741,372.19450992124814,376.5154896541183,364.955363190091,384.66849047807875,,-6.274438798130291,-4.176069499161287,-2.098369298969004
2022-05-02,353.9008293383488,361.3288719763685,350.27430741114364,357.12872314453125,3850000,SPGI,355.658182967598,371.0031448104946,371.0031448104946,350.27430741114364,384.30870785144526,,-7.3264944144975175,-4.806154482228533,-2.5203399322689846
2022-05-03,356.86621569639954,361.68862226231727,347.0464631126928,349.652099609375,2767100,SPGI,353.81335017019614,363.33066388904626,363.33066388904626,347.0464631126928,383.99039277406985,,-8.663687508022804,-5.577661087387387,-3.0860264206354167
2022-05-04,346.90059796385384,354.843934960542,338.0239340763758,354.21197509765625,3722300,SPGI,348.49511052460696,358.5720070296212,358.5720070296212,338.0239340763758,383.5858858236594,,-9.248863681856108,-6.311901606281132,-2.936962075574976
2022-05-05,350.2257128512269,350.410443683106,334.43630044420684,337.2752685546875,4252200,SPGI,343.0869313833068,353.5335587771141,353.5335587771141,334.43630044420684,383.0837153143035,,-10.9530111926249,-7.240123523549886,-3.7128876690750134
2022-05-06,337.1974885682702,337.1974885682702,328.5930258242002,336.1669006347656,3353700,SPGI,334.7887258988766,348.31024508021045,348.31024508021045,328.5930258242002,382.5205850352593,,-12.25176567253584,-8.242451953347077,-4.0093137191887624
2022-05-09,328.03885081458117,333.01679196692675,318.8218918490528,319.6482849121094,4154900,SPGI,324.8814548856675,341.5494854895435,341.5494854895435,318.8218918490528,381.6570275809933,,-14.447411426153337,-9.48344384790833,-4.963967578245008
2022-05-10,324.470687236859,327.017990710462,313.71754879998673,318.8899230957031,2959600,SPGI,321.02403746075277,333.2154701876055,333.2154701876055,313.71754879998673,380.70630831398535,,-16.063499937263202,-10.799455065779306,-5.264044871483897
2022-05-11,315.7106618131172,324.8887518817612,314.10644691077545,316.7704162597656,2987900,SPGI,317.8690692163549,327.11975382417916,327.11975382417916,314.10644691077545,379.57226932922117,,-17.315683789720254,-12.102700810567496,-5.212982979152757
2022-05-12,314.0092519278114,323.0512130968684,313.2606261320351,320.5136413574219,3251300,SPGI,317.7086831285342,322.494411520267,323.0512130968684,313.2606261320351,378.18894648871026,,-17.80080493368729,-13.242321635191455,-4.558483298495833
2022-05-13,325.9971371185826,331.60706827511825,323.33316752520864,327.504150390625,2811700,SPGI,327.1103808273836,320.1015473244006,331.60706827511825,320.1015473244006,376.9569540434146,,-17.420379981910912,-14.077933304535348,-3.3424466773755643
2022-05-16,324.0915361867861,328.2138886304534,321.72896323463937,326.05548095703125,2588100,SPGI,325.02246725222756,323.6059640758921,328.2138886304534,321.72896323463937,375.6158749546566,,-17.039366769587502,-14.670219997545779,-2.3691467720417236
2022-05-17,332.70563552008065,333.21119738181574,326.4151451893924,329.86663818359375,2149300,SPGI,330.54965406872066,324.3142156640598,333.21119738181574,324.3142156640598,374.5210667162862,,-16.242647388359444,-14.984705475708513,-1.2579419126509315
2022-05-18,323.1873184138718,326.27908248276003,320.2511187200742,320.9608459472656,2527700,SPGI,322.66959139099293,327.43193486639024,327.43193486639024,320.2511187200742,373.4465300312089,,-16.143769220912304,-15.216518224749272,-0.927250996163032
2022-05-19,317.4024440823629,325.8805111420234,315.8468297311555,322.8568115234375,2581700,SPGI,320.4966491197448,325.0507631286916,325.8805111420234,315.8468297311555,372.14648048963465,,-15.731080875999396,-15.319430754999297,-0.4116501210000987
2022-05-20,327.19304969923263,333.3571442655445,324.7624116366077,332.9196472167969,3425800,SPGI,329.5580632045454,322.77370612421817,333.3571442655445,322.77370612421817,371.3309537364428,,-14.425744643038968,-15.140693532607232,0.7149488895682641
2022-05-23,334.02794346467977,343.5463287365395,332.78345818430915,340.7948303222656,2753300,SPGI,337.7881401769485,326.1658846643818,343.5463287365395,326.1658846643818,370.6362770916266,,-12.610429629963733,-14.634640752078532,2.0242111221147994
2022-05-24,337.3239085752989,342.4768485805547,335.74883043757217,341.1351318359375,2049300,SPGI,339.1711798573408,331.9770124206651,342.4768485805547,331.9770124206651,370.0303197727613,,-11.017319118572402,-13.911176425377306,2.893857306804904
2022-05-25,340.12402891047867,342.5643989955419,336.293370659432,338.0142517089844,2830000,SPGI,339.24901256860926,335.57409613900296,342.5643989955419,335.57409613900296,369.36719418003094,382.58064174189576,-9.892561216714228,-13.10745338364469,3.214892166930463
2022-05-26,340.77248788043715,345.3825071700843,338.7062300733729,343.53070068359375,2048000,SPGI,342.097981451872,337.4115543538061,345.3825071700843,337.4115543538061,368.6128759307296,381.4771897330275,-8.458546290312768,-12.177671964978307,3.7191256746655394
2022-05-27,345.2654580699799,352.0781671177602,345.2654580699799,351.493408203125,2177600,SPGI,348.5256228652113,339.75476790283903,352.0781671177602,339.75476790283903,367.86062130098765,380.48214205206096,-6.603434892966504,-11.062824550575947,4.459389657609442
2022-05-31,347.4291954306992,349.0763359656194,339.9439830225776,340.6164855957031,9048900,SPGI,344.26650000364987,344.14019538402516,349.0763359656194,339.9439830225776,366.8242123614676,379.4718436479873,-5.942421956116732,-10.038744031684104,4.096322075567372
2022-06-01,305.0714472523851,337.79977792138646,303.96034566509667,323.5895690917969,7792600,SPGI,317.60528498266626,344.2033476938375,344.2033476938375,303.96034566509667,365.3000798954349,378.2637090198297,-6.715086960821054,-9.374012617511495,2.6589256566904407
2022-06-02,322.6928777441353,334.5347229777465,322.6928777441353,334.3398132324219,2609600,SPGI,328.56507292460975,330.9043163382519,334.5347229777465,322.6928777441353,363.88523024439155,377.1946720118709,-6.38635674006008,-8.776481442021213,2.390124701961133
2022-06-03,327.89747527984025,330.1391606632612,323.4141342565914,327.41015625,2276000,SPGI,327.21523161242317,329.7346946314308,330.1391606632612,323.4141342565914,362.48100977244496,376.23299757978725,-6.608818728203403,-8.342948899257651,1.7341301710542485
2022-06-06,328.2775738447444,335.65559054310927,328.2775738447444,330.0514221191406,1815800,SPGI,330.56554008793466,328.474963121927,335.65559054310927,328.2775738447444,361.1495311593746,375.2969170754872,-6.497098863504505,-7.973778892107022,1.4766800286025177
2022-06-07,330.5387640732659,336.83491757700057,329.5933639706766,335.72381591796875,1904700,SPGI,333.17271538472795,329.5202516049308,336.83491757700057,329.5202516049308,359.8202717058616,374.2994526741553,-5.883029391671414,-7.555628992019901,1.6725996003484873
2022-06-08,333.0435240618396,336.4742686662394,329.2229599715085,330.1001281738281,1620800,SPGI,332.2102202183539,331.3464834948294,336.4742686662394,329.2229599715085,358.4108504720836,373.3303543532855,-5.783491028466756,-7.201201399309273,1.4177103708425172
2022-06-09,329.846736971599,333.94998443876347,327.75127118366095,327.8974609375,1759400,SPGI,329.8613633828809,331.77835185659166,333.94998443876347,327.75127118366095,356.87496961540484,372.4386622591572,-5.8153077481875926,-6.924022669084938,1.108714920897345
2022-06-10,322.67344637201995,327.99496212698386,320.1881013441627,324.3205871582031,2505100,SPGI,323.7942742503424,330.81985761973624,330.81985761973624,320.1881013441627,355.230434247712,371.5556330242419,-6.059298724685618,-6.751077880205074,0.6917791555194555
2022-06-13,317.8879379505656,320.76310224331456,313.3071273911462,314.1842956542969,3357300,SPGI,316.5356158098308,327.3070659350393,327.3070659350393,313.3071273911462,353.46031645472897,370.5783536144939,-6.990000963282739,-6.7988624968206075,-0.19113846646213162
2022-06-14,311.8061715870788,314.3304801912501,306.124015945753,309.3793029785156,2849000,SPGI,310.4099926756494,321.92134087243505,321.92134087243505,306.124015945753,351.7169271414101,369.579846615202,-8.022829757251259,-7.043655948906738,-0.9791738083445205
2022-06-15,311.8256678491235,318.17057041641687,309.5060247710339,313.1901550292969,2489600,SPGI,313.1731045164678,316.1656667740422,318.17057041641687,309.5060247710339,349.9607426945762,368.64681513885125,-8.436598252665704,-7.3222444096585315,-1.114353843007172
2022-06-16,305.50027870776626,308.81404180404786,304.3404571625292,308.01483154296875,2692500,SPGI,306.667402304328,314.66938564525503,314.66938564525503,304.3404571625292,348.0732288039979,367.71801219196203,-9.077478596954847,-7.673291247117795,-1.404187349837052
2022-06-17,305.5002231729795,315.363552719664,305.5002231729795,311.81585693359375,4856100,SPGI,309.54496399980417,310.6683939747915,315.363552719664,305.5002231729795,346.30301196289577,366.87802704460375,-9.172930076596458,-7.973219013013528,-1.1997110635829298
2022-06-21,314.6521116407814,318.37523574152226,310.31499061726436,311.90362548828125,3614500,SPGI,313.8114908719623,310.10667898729787,318.37523574152226,310.10667898729787,344.5643124650825,366.1287898884945,-9.136177703558872,-8.205810751122597,-0.930366952436275
2022-06-22,309.6327619241254,320.2075906279175,308.589892080785,316.9230651855469,2001300,SPGI,313.8383274545937,311.9590849296301,320.2075906279175,308.589892080785,342.80189130907974,365.3809366928085,-8.602855980131494,-8.285219796924377,-0.3176361832071173
2022-06-23,318.8723164511544,326.0846314514641,318.47271131582875,325.2756652832031,2082900,SPGI,322.1763311254126,312.8987061921119,326.0846314514641,312.8987061921119,341.3179408077921,364.72233464299853,-7.420668798942188,-8.11230959732794,0.6916407983857518
2022-06-24,327.76101087788703,333.46264894446654,325.28542210876407,332.99481201171875,4890200,SPGI,329.8759734857091,317.5375186587622,333.46264894446654,317.5375186587622,340.10684132779477,364.0356119559672,-5.794115356146563,-7.648670749091665,1.8545553929451026
2022-06-27,333.7648160420268,334.5542704923163,328.7064421235981,331.83502197265625,1728600,SPGI,332.2151376576494,323.70674607223566,334.5542704923163,323.70674607223566,339.06075072835154,363.31968713109666,-4.5462391820735775,-7.028184435688048,2.4819452536144704
2022-06-28,331.64004104193634,335.2754512647963,323.11195906935797,324.2620544433594,1913900,SPGI,328.5723764548625,327.9609418649425,335.2754512647963,323.11195906935797,337.98555806146845,362.51942143499787,-4.120860795241526,-6.446719707598744,2.3258589123572175
2022-06-29,324.2718312823429,329.77853055378455,323.9307020014017,326.2601013183594,1745100,SPGI,326.0602912889721,328.2666591599025,329.77853055378455,323.9307020014017,336.949863446699,361.7452222510273,-3.5812373990598303,-5.873623245890961,2.292385846831131
2022-06-30,325.0612176406814,331.1722162332588,323.4043510775266,328.5114440917969,2153500,SPGI,327.0373072608159,327.1634752244373,331.1722162332588,323.4043510775266,335.84095497976136,361.00757650867985,-2.938049418426033,-5.286508480397976,2.348459061971943
2022-07-01,328.1898797362303,335.1390240153355,325.95795028405155,334.6224670410156,1912500,SPGI,330.97733026915824,327.10039124262664,335.1390240153355,325.95795028405155,334.70890640361335,360.33662291468767,-1.9131561565282595,-4.611838015624033,2.6986818590957737
2022-07-05,329.69073396746484,335.99664203055875,328.1898130976912,335.5873107910156,2051000,SPGI,332.36612497168255,329.0388607558924,335.99664203055875,328.1898130976912,333.6618992221145,359.7885799458222,-1.0114071632290802,-3.891751845145043,2.880344681915963
2022-07-06,337.9557342524107,342.7509664095893,335.4996571437633,340.16815185546875,1757500,SPGI,339.093627415308,330.7024928637875,342.7509664095893,330.7024928637875,332.9718941858997,359.2383830538972,0.072040562169434,-3.0989933636821476,3.1710339258515816
2022-07-07,336.2500961724868,343.4039352290706,336.2500961724868,342.9068603515625,1611400,SPGI,339.7027469814017,334.89806013954774,343.4039352290706,334.89806013954774,332.4081655225127,358.754678760953,1.138547115236463,-2.2514852678984254,3.3900323831348884
2022-07-08,340.32411233099515,346.8444433640443,340.31438617599053,343.5404357910156,1606900,SPGI,342.75584441551143,337.3004035604747,346.8444433640443,337.3004035604747,331.900054391625,358.3751295275113,2.011695907080309,-1.3988490329026786,3.4105449399829877
2022-07-11,345.0900439485933,347.3316991922978,339.79776735819,342.6924133300781,1492700,SPGI,343.7279809572898,340.02812398799307,347.3316991922978,339.79776735819,331.39087170359215,358.0895480529206,2.605213015976233,-0.5980366231268964,3.203249639103129
2022-07-12,340.9673543659481,345.41170126665867,335.4021797139059,337.2734680175781,1664400,SPGI,339.7636758410227,341.87805247264146,345.41170126665867,335.4021797139059,330.69875833448503,357.73077995232796,2.6082497229064074,0.043220646079764384,2.5650290768266433
2022-07-13,332.63423636738526,335.40220492634785,330.7824299768194,333.345703125,2491800,SPGI,333.04114359888814,340.82086415683204,340.82086415683204,330.7824299768194,329.96334561246795,357.31591804527335,2.2675792913451005,0.48809237513283166,1.7794869162122688
2022-07-14,330.0026974233217,338.6087681562401,327.9949453976446,336.41583251953125,1505900,SPGI,333.2555608741844,336.9310038778601,338.6087681562401,327.9949453976446,329.51529317059976,356.9120005110225,2.2197415055961756,0.8344222012255005,1.385319304370675
2022-07-15,340.61645718495276,342.98482009610757,338.9498049939141,340.58721923828125,1750500,SPGI,340.7845753783139,335.0932823760223,342.98482009610757,335.0932823760223,329.25471767476205,356.622555224416,2.4897257535211565,1.1654829116846317,1.3242428418365249
2022-07-18,342.3610660708473,346.04519637603033,335.908967523892,336.6009521484375,1709700,SPGI,340.2290455298018,337.9389288771681,346.04519637603033,335.908967523892,329.089396374866,356.33764109926267,2.3548861143464137,1.4033635522169883,0.9515225621294254
2022-07-19,340.8893814714463,348.4720635896802,339.7880358206962,348.08221435546875,1786000,SPGI,344.30792380932286,339.083987203485,348.4720635896802,339.083987203485,329.1138162233863,356.0987657688449,3.1382903780684046,1.7503489173872715,1.387941460681133
2022-07-20,348.9690887786575,352.87739628211375,347.81902319320363,349.5051574707031,1366600,SPGI,349.79266643116955,341.69595550640395,352.87739628211375,341.69595550640395,329.4138950340322,355.9672400346457,3.8298157861534037,2.166242291140498,1.6635734950129057
2022-07-21,348.9203931891503,352.74098711795426,347.64361982819673,352.4485778808594,1794700,SPGI,350.43839450404016,345.74431096878675,352.74098711795426,345.74431096878675,329.9250338263996,355.79103070369644,4.562767340464404,2.6455473010052795,1.9172200394591248
2022-07-22,354.4466019169064,355.06059885041066,350.62600800586847,352.7604675292969,1714900,SPGI,353.2234190756206,348.09135273641346,355.06059885041066,348.09135273641346,330.56902145869697,355.63766488634116,5.109899871033917,3.138417815011007,1.9714820560229103
2022-07-25,351.36672023280505,351.36672023280505,342.85812062455375,345.0510559082031,2111000,SPGI,347.66065424959174,350.657385906017,351.36672023280505,342.85812062455375,331.16485315936166,355.36856124429147,4.865336683090504,3.483801588626907,1.3815350944635973
2022-07-26,341.10381198180073,351.2595231077666,340.97710428504223,347.08807373046875,2151200,SPGI,345.1071282762696,349.15902007780437,351.2595231077666,340.97710428504223,331.71282206231643,354.9508842755133,4.780779063736134,3.7431970836487523,1.0375819800873813
2022-07-27,347.2342368364304,353.5693832395426,346.7079537814017,351.7663269042969,1627100,SPGI,349.8194751904179,347.133074177037,353.5693832395426,346.7079537814017,332.16700394957707,354.5619789964959,5.033242389348118,4.001206144788625,1.0320362445594924
2022-07-28,355.19712015596275,366.3372267706146,352.70204893895226,365.0896911621094,1741200,SPGI,359.83152175690975,348.4762746837274,366.3372267706146,348.4762746837274,332.8631850396707,354.2395299971637,6.236514879959657,4.448267891822832,1.7882469881368248
2022-07-29,364.1247385383635,368.890702574811,363.3840041896651,367.3702697753906,1902100,SPGI,365.9424287695575,354.1538982203186,368.890702574811,354.1538982203186,333.5710405336875,354.0460536249868,7.29010484169811,5.016635281797888,2.2734695599002217
2022-08-01,363.9396031420435,367.43855022348157,362.52636605143897,366.5418701171875,1418500,SPGI,365.1115973835379,360.0481634949381,367.43855022348157,360.0481634949381,334.41988065353837,353.93320534237364,7.9664057809619635,5.6065893816307035,2.35981639933126
2022-08-02,360.6160939332015,365.9668475387467,354.22247043106256,360.40167236328125,2014100,SPGI,360.301771066573,362.57988043923797,365.9668475387467,354.22247043106256,335.2159830924749,353.6812317910548,7.91566959311109,6.068405423926781,1.8472641691843092
2022-08-03,359.64138513794956,362.5458167879478,353.96898542088985,358.82269287109375,1568100,SPGI,358.74472005447024,361.4408257529055,362.5458167879478,353.96898542088985,335.7997162294734,353.56533498295806,7.659753479684582,6.3866750350783414,1.2730784446062406
2022-08-04,357.0001711325024,369.1441526171267,357.0001711325024,368.3157043457031,1973100,SPGI,362.8650498069586,360.0927729036879,369.1441526171267,357.0001711325024,336.3012544220736,353.4687657568502,8.129236032898405,6.735187234642354,1.3940487982560503
2022-08-05,363.6958743954058,367.5067120704631,360.00198850682176,367.09735107421875,977900,SPGI,364.57548151172733,361.47891135532325,367.5067120704631,360.00198850682176,336.80934045516136,353.41983011396127,8.307232803270608,7.049596348368006,1.2576364549026025
2022-08-08,370.3624450736854,370.68406253091115,364.73879444433857,368.5301208496094,872800,SPGI,368.5788557246361,363.0271964335253,370.68406253091115,363.0271964335253,337.3959373182819,353.38156574915644,8.466314667516201,7.332940012197645,1.1333746553185557
2022-08-09,368.80301853599553,370.3332073563841,364.61208697337867,367.5262451171875,1174700,SPGI,367.8186394957364,365.8030260790807,370.3332073563841,364.61208697337867,337.91035047915915,353.26161320494435,8.414387982301548,7.549229606218426,0.8651583760831221
2022-08-10,373.062194223736,384.97227233764323,373.062194223736,383.2276916503906,2141000,SPGI,378.5810881088765,366.8108327874086,384.97227233764323,366.8108327874086,338.51145978403247,353.18604054251,9.530351265966658,7.945453938168073,1.5848973277985854
2022-08-11,385.0404930773315,385.2549146310718,375.898383707956,376.3759765625,1467700,SPGI,380.64244199471483,372.6959604481425,385.2549146310718,372.6959604481425,339.23897862385377,353.03159549266064,9.749497919764678,8.306262734487394,1.4432351852772847
2022-08-12,378.6176503520716,382.52595851120594,376.3370008488909,381.98016357421875,1257600,SPGI,379.8651933215968,376.6692012214287,382.52595851120594,376.3370008488909,340.48417679063243,352.8921283430336,10.257146280002644,8.696439443590444,1.5607068364121996
2022-08-15,380.90803154253655,385.76170976249057,380.0698273931314,381.1711730957031,1471900,SPGI,381.9776854484654,378.2671972715127,385.76170976249057,378.2671972715127,341.5524290411095,352.71882964275056,10.473451067885833,9.051841768449522,1.4216092994363105
2022-08-16,378.3447267106176,380.6546140062162,376.5903902121757,378.9100036621094,1381700,SPGI,378.6249336477797,380.12244135998907,380.6546140062162,376.5903902121757,342.58062308181667,352.53081642713084,10.343186874882122,9.310110789736042,1.0330760851460798
2022-08-17,374.02707887107755,380.66436110253153,373.1986306434608,377.8963928222656,1078100,SPGI,376.44661585983386,379.3736875038844,380.66436110253153,373.1986306434608,343.4982445972546,352.3238878783146,10.042399113938643,9.456568454576562,0.585830659362081
2022-08-18,376.8047465928277,378.987955728088,376.41489737911326,377.55523681640625,1633200,SPGI,377.4407091291088,377.91015168185913,378.987955728088,376.41489737911326,344.3836044721422,352.1019380890019,9.665081168413622,9.498270997343974,0.16681017106964724
2022-08-19,374.2805077457128,375.01148631151676,369.1441757310238,370.2845153808594,2565700,SPGI,372.18017129227815,377.675430405484,377.675430405484,369.1441757310238,345.1830034936208,351.79692698285226,8.67931774992826,9.334480347860831,-0.6551625979325717
2022-08-22,365.66474783972404,368.83232194729675,364.69010965277863,366.9025573730469,1189900,SPGI,366.52243420321156,374.9278008488811,374.9278008488811,364.69010965277863,345.9162249100273,351.395597262716,7.538300555335866,8.975244389355838,-1.4369438340199725
2022-08-23,365.46000926937097,366.46388521199,362.3801496435712,363.34503173828125,2256800,SPGI,364.4122689658034,370.72511752604635,370.72511752604635,362.3801496435712,346.72858480433655,350.9795095260243,6.274643437080385,8.435124198900748,-2.160480761820363
2022-08-24,363.48153756860097,367.1656684189034,362.5556194706224,366.1812744140625,1777900,SPGI,364.8460249680473,367.56869324592486,367.56869324592486,362.5556194706224,347.6947929875008,350.57755472111495,5.439345755180909,7.835968510156781,-2.396622754975872
2022-08-25,366.04447504597823,370.88963266364505,363.0162403557986,370.8310241699219,2004100,SPGI,367.69534305883593,366.2073591069861,370.88963266364505,363.0162403557986,348.84049999516463,350.27871356828734,5.093843611650925,7.28754353045561,-2.1936999188046853
2022-08-26,371.2022145404366,371.3780400137288,355.2796051569311,355.6312561035156,1358400,SPGI,363.37277895365304,366.951351082911,371.3780400137288,355.2796051569311,349.8444934839083,349.90261808924225,3.552584438497888,6.540551712064066,-2.987967273566178
2022-08-29,352.202557325972,356.66676013025136,351.18665680400716,352.64215087890625,1250300,SPGI,353.17453128478417,365.162065018282,365.162065018282,351.18665680400716,350.77463606351745,349.42393243375767,2.0661127671014583,5.645663923071545,-3.579551155970087
2022-08-30,354.99632653872055,354.99632653872055,344.9347744992082,347.32806396484375,1725500,SPGI,350.56387288537326,359.1682981515331,359.1682981515331,344.9347744992082,351.59501424122885,348.9490131020623,0.4540369998759388,4.607338538432424,-4.1533015385564855
2022-08-31,348.5491478793145,351.34294878436503,343.8602891967726,344.0263366699219,1939700,SPGI,346.9446806325935,354.8660855184532,354.8660855184532,343.8602891967726,352.2576780364415,348.4109952507619,-1.0775451888544012,3.4703617929750594,-4.547906981829461
2022-09-01,341.4962944610692,343.92863648226785,337.8917228958275,343.8211975097656,1573000,SPGI,341.7844628372326,350.90538307552333,350.90538307552333,337.8917228958275,352.8166007440943,347.8092460265869,-2.2815874043238864,2.3199719535152705,-4.601559357839157
2022-09-02,347.8946195498593,347.8946195498593,337.5497742295632,339.5816345214844,1233600,SPGI,343.23016196269157,346.34492295637796,347.8946195498593,337.5497742295632,353.2376773608398,347.277809084316,-3.5371230832660103,1.1485529461590145,-4.685676029425025
2022-09-06,341.9065738833442,351.61644527076265,341.7209703807067,348.52960205078125,1604400,SPGI,345.94339789639866,344.78754245953473,351.61644527076265,341.7209703807067,353.5590258490536,346.8329335884241,-3.766697808496019,0.16550279522800773,-3.932200603724027
2022-09-07,348.6175226034466,355.47498490216327,347.09364209262066,355.1135559082031,1082200,SPGI,351.5749263766084,345.3654701779667,355.47498490216327,345.3654701779667,353.9462216234328,346.5034861758922,-3.3784230227308854,-0.5432823683637709,-2.8351406543671143
2022-09-08,352.77887505565536,359.01113979553014,352.13415184579947,358.5617980957031,997300,SPGI,355.62149119817207,348.4701982772875,359.01113979553014,348.4701982772875,354.487203918299,346.23638098988374,-2.76064513262736,-0.9867549212164888,-1.7738902114108712
2022-09-09,358.9721000674661,362.6157238893007,357.9561698391615,360.8671875,1276200,SPGI,360.10279532398204,352.0458447377298,362.6157238893007,352.0458447377298,355.16805399899914,346.0589587228491,-2.0612650653074525,-1.2016569500346816,-0.8596081152727708
2022-09-12,361.90264314622397,365.5658229981821,360.6034186645505,362.8990173339844,1255900,SPGI,362.74272553573525,356.0743200308559,365.5658229981821,356.0743200308559,355.88216236449756,345.8615586721295,-1.3277442273423503,-1.2268744054962155,-0.1008698218461348
2022-09-13,355.79730920348146,356.8229875390561,347.5429328058399,348.25604248046875,1638800,SPGI,352.1048180072115,359.40852278329555,359.40852278329555,347.5429328058399,356.3047121192586,345.506809261436,-1.9060179838912177,-1.362703121175216,-0.5433148627160016
2022-09-14,351.45042503425145,351.45042503425145,339.8943245754188,343.0299987792969,2616500,SPGI,346.45629335580463,355.75667039525354,355.75667039525354,339.8943245754188,356.58651548694104,345.12420735452775,-2.754252840723666,-1.6410130650849062,-1.1132397756387598
2022-09-15,342.5415614985557,343.010459322876,336.4069565661318,339.02490234375,2074800,SPGI,340.24596993282836,351.1064818755291,351.1064818755291,336.4069565661318,356.60956233729144,344.7907282615956,-3.706931685342852,-2.0541967891364954,-1.6527348962063564
2022-09-16,335.9868872673369,338.33131654520247,332.80235319337334,338.05780029296875,3390000,SPGI,336.2945893247204,345.67622590417875,345.67622590417875,332.80235319337334,356.5413991841579,344.47478235333523,-4.488235995743935,-2.541004630457983,-1.9472313652859516
2022-09-19,334.70725112850084,337.05168063315654,333.12473214709564,336.70977783203125,1543200,SPGI,335.3983604351961,340.98540761444957,340.98540761444957,333.12473214709564,356.39424950455157,344.14715194808826,-5.156755569201437,-3.064154818206674,-2.092600750994763
2022-09-20,334.4824994142623,335.00022761872407,327.4589604940344,331.49334716796875,1260700,SPGI,332.1087586737474,338.1918840248228,338.1918840248228,327.4589604940344,356.1618650588807,343.7763683812364,-6.037883543610974,-3.658900563287534,-2.37898298032344
2022-09-21,333.867075634066,336.8953101004628,327.1268310546875,327.1268310546875,1307400,SPGI,331.25401196097596,335.1503213492851,336.8953101004628,327.1268310546875,355.9916717812798,343.3452150578824,-7.007744255747866,-4.328669301779601,-2.6790749539682652
2022-09-22,325.8666986318091,326.5114218453872,314.75994239519576,314.9064636230469,2513900,SPGI,320.51113162385974,333.20216665513055,333.20216665513055,314.75994239519576,355.74107154177926,342.8522085771236,-8.66259042925384,-5.195453527274449,-3.4671369019793907
2022-09-23,314.3300804252344,316.1176987626684,307.99034781267613,310.5008239746094,2445300,SPGI,312.2347377437971,326.8566491394952,326.8566491394952,307.99034781267613,355.3206550791714,342.4179741248856,-10.211850389804738,-6.198732899780507,-4.013117490024231
2022-09-26,309.8952286036214,311.71218126002464,304.8839939395352,308.12713623046875,2722400,SPGI,308.65463500841247,319.5456934416461,319.5456934416461,304.8839939395352,354.67805627177347,341.96638697326773,-11.498637695868013,-7.258713858998008,-4.2399238368700045
2022-09-27,310.65717870682363,312.8550866253108,303.06708076028684,306.01715087890625,2833500,SPGI,308.1491242428319,314.1001642250293,314.1001642250293,303.06708076028684,354.036457846034,341.56292711044995,-12.54408370221472,-8.315787827641351,-4.228295874573369
2022-09-28,308.00995869083044,309.93435055695545,303.8583544455741,307.4824523925781,2659300,SPGI,307.32127902148454,311.12464423393055,311.12464423393055,303.8583544455741,353.2967249502773,341.2052705868318,-13.10332266105712,-9.273294794324507,-3.830027866732614
2022-09-29,304.4249581118499,305.2845594039952,301.21111949550493,303.2429504394531,2213400,SPGI,303.54089686270083,309.22296162770755,309.22296162770755,301.21111949550493,352.3716895589079,340.89279229647,-13.730341116113834,-10.164704058682373,-3.565637057431461
2022-09-30,303.1061796868721,307.8048162660047,298.01678005192423,298.2805480957031,2205100,SPGI,301.8020810251261,306.3819292452042,307.8048162660047,298.01678005192423,351.39896328932963,340.6619985578646,-14.460984923239664,-11.023960231593833,-3.4370246916458314
2022-10-03,299.96074582175436,309.17241602285753,299.7360600323235,307.50201416015625,1479100,SPGI,304.0928090092729,304.09200513516515,309.17241602285753,299.7360600323235,350.4163510880026,340.4926862733498,-14.133013576977419,-11.64577090067055,-2.4872426763068685
2022-10-04,311.4581674844843,316.8308307037791,310.94043931215714,316.0591125488281,1507400,SPGI,313.82213751231217,304.09240707221903,316.8308307037791,304.09240707221903,349.7395807532571,340.4522169563094,-13.032378450445094,-11.92309241062546,-1.1092860398196347
2022-10-05,311.5754319936292,316.62574930712856,309.5924317316824,314.2031555175781,1386400,SPGI,312.99919213750456,308.9572722922656,316.62574930712856,308.9572722922656,349.09742203048177,340.40512204639913,-12.169593901376231,-11.972392708775615,-0.19720119260061608
2022-10-06,313.52908596609393,315.2678739931114,308.1075921781493,308.8500061035156,1267900,SPGI,311.43863956021755,310.9782322148851,315.2678739931114,308.1075921781493,348.32980531787774,340.2484046337275,-11.781970132129231,-11.93430819344634,0.15233806131710814
2022-10-07,305.538487427327,306.3199538292003,295.60393108755875,297.4794921875,2098300,SPGI,301.23546613289653,311.20843588755133,311.20843588755133,295.60393108755875,347.1578842053975,340.0105346225341,-12.251058373089336,-11.99765822937494,-0.253400143714396
2022-10-10,300.00953279882185,300.06814128999457,290.81739016015246,291.80401611328125,1551500,SPGI,295.6747700905625,306.22195101022396,306.22195101022396,290.81739016015246,345.75253103181757,339.6617857827525,-12.931708979498978,-12.184468379399748,-0.7472406000992304
2022-10-11,290.38752581648475,292.57568509248665,286.3238355165134,287.8965759277344,1612500,SPGI,289.2959055883048,300.9483605503932,300.9483605503932,286.3238355165134,344.23621719591296,339.32804892472564,-13.629316973914854,-12.47343809830277,-1.1558788756120837
2022-10-12,288.0725186286157,289.0396185859315,284.32142524280465,284.42889404296875,1444900,SPGI,286.46561412508015,295.122133069349,295.122133069349,284.32142524280465,342.7594940570831,338.987738574779,-14.297180288280003,-12.838186536298217,-1.4589937519817866
2022-10-13,276.44794507002973,287.53517427091026,272.85315209090436,285.5130920410156,2799100,SPGI,280.587340868215,290.79387359721454,290.79387359721454,272.85315209090436,341.196346473358,338.4980313514157,-14.571015463071944,-13.184752321652963,-1.386263141418981
2022-10-14,288.4534149828041,293.16179904518555,279.49570692589316,279.984130859375,1631600,SPGI,285.2737629533144,285.6906072327148,293.16179904518555,279.49570692589316,339.64452073628513,337.97288757917937,-15.060563965355243,-13.55991465039342,-1.500649314961823
2022-10-17,285.93318082124813,293.1032418419751,284.8977242859765,290.5048522949219,1780500,SPGI,288.6097498110304,285.4821850930146,293.1032418419751,284.8977242859765,338.12520610227114,337.46727327871633,-14.433223173535225,-13.734576355021781,-0.6986468185134438
2022-10-18,297.303661451911,299.04244950465346,291.28627486878275,293.8456115722656,2270600,SPGI,295.3694993494032,287.0459674520225,299.04244950465346,287.0459674520225,336.6610189747665,337.0284781465242,-13.51073636381932,-13.68980835678129,0.17907199296197085
2022-10-19,289.9675219278348,293.1911378274137,287.7305319293283,289.996826171875,1399200,SPGI,290.22150446411297,291.20773340071287,293.1911378274137,287.7305319293283,335.109076274134,336.50971337664663,-12.941047398246099,-13.540056165074253,0.5990087668281543
2022-10-20,289.6452106803953,292.94696169769423,283.73526238028984,285.2689208984375,1628100,SPGI,287.89908891420424,290.7146189324129,292.94696169769423,283.73526238028984,333.2954362902406,335.90344803713657,-12.724388402606849,-13.376922612580772,0.6525342099739238
2022-10-21,285.0734883168357,289.4986077819507,280.6581468695231,289.0883483886719,1740800,SPGI,286.07964783924535,289.3068539233086,289.4986077819507,280.6581468695231,331.4041804071312,335.3215795154925,-12.1049503765733,-13.12252816537928,1.0175777888059798
2022-10-24,291.31562094337556,295.28162156361907,288.5609023418165,293.4353942871094,1870700,SPGI,292.14838478398013,287.693250881277,295.28162156361907,287.693250881277,329.64984423637884,335.0670105135056,-11.134914639189333,-12.72500546014129,1.590090820951957
2022-10-25,290.25087763040347,305.72414779222504,288.6781367044197,304.805908203125,2973900,SPGI,297.3647675825433,289.9208178326286,305.72414779222504,288.6781367044197,327.95758587906045,334.755007460085,-9.340971972563125,-12.048198762625658,2.707226790062533
2022-10-26,305.25520954235566,310.6474293617035,303.42850862655314,304.31744384765625,1956800,SPGI,305.91214784456713,293.64279270758595,310.6474293617035,293.64279270758595,326.5033301629962,334.5419766224064,-7.867977330798681,-11.212154476260263,3.3441771454615825
2022-10-27,305.15755651503775,318.8431765210796,305.15755651503775,311.9173278808594,2563100,SPGI,310.2689043580036,299.77747027607654,318.8431765210796,299.77747027607654,325.17977593295956,334.33901026510716,-6.017999585106054,-10.173323498029422,4.155323912923368
2022-10-28,309.52403462935115,320.04470638489244,308.3225307007929,319.36090087890625,1588600,SPGI,314.3130431484857,305.0231873170401,320.04470638489244,305.0231873170401,323.9172226133471,334.1504135427447,-3.9062163305441686,-8.919902064532371,5.013685733988202
2022-10-31,316.99697317682813,319.00927779355635,313.7049999876477,313.81243896484375,1845900,SPGI,315.880922480719,309.6681152327629,319.00927779355635,309.6681152327629,322.7912376371159,333.9871205653683,-2.6497823512480636,-7.66587812187551,5.016095770627446
2022-11-01,317.73934966060733,318.61853674106953,307.9318168516678,308.81097412109375,1476000,SPGI,313.2751693436096,312.77451885674094,318.61853674106953,307.9318168516678,321.7262923399239,333.8212586249756,-2.0341770575545866,-6.539537909011326,4.505360851456739
2022-11-02,308.2835267224257,313.0896330902578,301.85587854021776,303.5458068847656,1855700,SPGI,306.6937113094167,313.0248441001753,313.0896330902578,301.85587854021776,320.5719211867961,333.65025299556635,-1.9486970536265744,-5.621369737934376,3.672672684307802
2022-11-03,298.24148482269635,304.4249498612617,297.9874947824471,302.13909912109375,1908700,SPGI,300.6982571468747,309.859277704796,309.859277704796,297.9874947824471,319.2889658303727,333.4918794089368,-1.9717341706866591,-4.891442624484833,2.919708453798174
2022-11-04,306.0562200124545,310.8525468861013,302.67633454991494,309.0746765136719,1659100,SPGI,307.1649444905356,305.2787674258353,310.8525468861013,302.67633454991494,318.07835785900664,333.4594289270856,-1.4140478559191365,-4.195963670771694,2.7819158148525576
2022-11-07,313.9296779085998,314.81861328179,307.5020303476599,311.8587646484375,1040000,SPGI,312.0272715466218,306.2218559581855,314.81861328179,306.2218559581855,317.05144771086606,333.44797059738727,-0.73890712726336,-3.5045523620700276,2.7656452348066676
2022-11-08,313.7049748626993,317.7198057544816,309.01608666824916,312.5327453613281,1210400,SPGI,313.24340316168957,309.1245637524037,317.7198057544816,309.01608666824916,316.25282514840416,333.5137306059608,-0.14776527868690437,-2.8331949453934033,2.685429666706499
2022-11-09,311.1748663623364,312.102883731333,305.40172188289057,306.8279113769531,1731500,SPGI,308.87684583837824,311.1839834570466,312.102883731333,305.40172188289057,315.41908460746424,333.5070494243466,-0.13802249261630095,-2.294160454837983,2.156137962221682
2022-11-10,323.03387880230724,339.2495621316234,322.0179484996874,338.1945495605469,2569600,SPGI,330.62398474854126,310.0304146477124,339.2495621316234,310.0304146477124,315.09267068978323,333.6751743631123,2.373365613595979,-1.3606552411511907,3.73402085474717
2022-11-11,338.0577430494352,349.4477925727618,338.0577430494352,347.9532165527344,2042600,SPGI,343.3791238060916,320.32719969812683,349.4477925727618,320.32719969812683,315.1245639091604,333.9705823266273,5.092399637912877,-0.07004426533837732,5.162443903251254
2022-11-14,340.6659933741517,344.79807152691126,338.23365116953323,339.62078857421875,1363600,SPGI,340.82962616120375,331.85316175210926,344.79807152691126,331.85316175210926,315.0765531931306,334.1571152769852,6.499968796707947,1.2439583470708875,5.256010449637059
2022-11-15,345.64792151048044,349.2622713357119,343.09836232758096,346.4489440917969,1413400,SPGI,346.11437481639257,336.3413939566565,349.2622713357119,336.3413939566565,315.0799727315305,334.3194992902921,8.073387594354642,2.6098441965276384,5.463543397827004
2022-11-16,347.1131614915567,349.53575524083897,343.7528020181476,345.4818420410156,1390800,SPGI,346.47089019788973,341.2278843865245,349.53575524083897,341.2278843865245,314.9778920079561,334.46205681569444,9.13697096060406,3.915269549342923,5.221701411261137
2022-11-17,340.8613504685994,341.88702896513973,335.57659910330904,338.7415771484375,1288400,SPGI,339.2666389213714,343.8493872922071,343.8493872922071,335.57659910330904,314.6507949624201,334.56899944035956,9.328452797880402,4.997906199050419,4.330546598829983
2022-11-18,343.8407319916572,344.9347970264737,332.52884480756387,337.8624267578125,1962900,SPGI,339.7917001458768,341.55801310678925,344.9347970264737,332.52884480756387,314.24457305885807,334.7063135289286,9.302035370877434,5.858732033415822,3.4433033374616118
2022-11-21,335.3030869861622,341.21300565538587,331.1612608699871,339.3765563964844,1830600,SPGI,336.76347747700487,340.67485662633305,341.21300565538587,331.1612608699871,313.7249880976834,334.8035752310905,9.296117125787703,6.546209051890198,2.7499080738975046
2022-11-22,341.2813388648356,344.29004702764126,338.2335782507957,344.09466552734375,1405100,SPGI,341.9749074176541,338.71916705166893,344.29004702764126,338.2335782507957,313.52238988589227,334.9135510025755,9.561915045335354,7.1493502505792295,2.4125647947561246
2022-11-23,344.84682936935576,353.6677645717788,342.99082435146886,349.97528076171875,2137500,SPGI,347.8701747635805,340.3470372346615,353.6677645717788,340.3470372346615,313.5506675140478,335.06859150049445,10.130302493360318,7.745540699135447,2.384761794224871
2022-11-25,347.65469421823116,350.8468016317869,345.1871937532199,350.45513916015625,763500,SPGI,348.53595719084853,344.108605999121,350.8468016317869,344.108605999121,313.7164672592082,335.16301479824983,10.498454554299542,8.296123470168267,2.2023310841312753
2022-11-28,347.0769748573906,349.89699236683566,342.6413310320555,343.6988525390625,1946400,SPGI,345.82853769883604,346.32228159498476,349.89699236683566,342.6413310320555,313.9071462266905,335.22427270542414,10.128289235639897,8.662556623262594,1.4657326123773036
2022-11-29,343.4148735742416,344.4038459019207,339.1750760545186,339.9094543457031,1676300,SPGI,341.725812469096,346.07540964691043,346.07540964691043,339.1750760545186,314.0336952673685,335.21397238596006,9.420563398067202,8.814157978223516,0.6064054198436857
2022-11-30,339.8996549084815,346.0194740347342,333.0258549414398,345.4515380859375,6468900,SPGI,341.0991304926482,343.9006110580032,346.0194740347342,333.0258549414398,314.21350270374654,335.18768388131355,9.200824041377132,8.89149119085424,0.3093328505228925
2022-12-01,349.456376156002,358.18076405966013,348.53595296322874,355.02783203125,2677900,SPGI,352.8002313025352,342.4998707753257,358.18076405966013,342.4998707753257,314.6444270905777,335.3180494359287,9.687731765632066,9.050739305809804,0.6369924598222614
2022-12-02,348.9863206102128,354.5088292095915,348.41838472739306,352.3056945800781,2026400,SPGI,351.05480728181885,347.6500510389304,354.5088292095915,347.6500510389304,315.2553006037369,335.498186072758,9.741660108865005,9.188923466420844,0.5527366424441613
2022-12-05,347.33154499568127,349.74029733507035,341.18235219268786,343.0133972167969,2143900,SPGI,345.3168979350591,349.35242916037464,349.74029733507035,341.18235219268786,315.9169438075621,335.6187994433668,8.931629703684735,9.137464713873623,-0.2058350101888884
2022-12-06,343.7086272763848,345.40260402954556,341.2117529349675,344.36468505859375,1538400,SPGI,343.6719173248729,347.3346635477169,347.3346635477169,341.2117529349675,316.6172894538913,335.64767286283234,8.303000584969652,8.97057188809283,-0.6675713031231769
2022-12-07,344.2765315666761,347.1454954415992,341.76005491046556,344.19818115234375,1770000,SPGI,344.3450657677712,345.5032904362949,347.1454954415992,341.76005491046556,317.3412082843901,335.68883306521207,7.702581441489542,8.716973798772171,-1.0143923572826292
2022-12-08,343.6008848649174,349.7696499548594,343.6008848649174,345.4613037109375,1160400,SPGI,345.6081808489079,344.924178102033,349.7696499548594,343.6008848649174,318.10694632093856,335.70183563560795,7.245150790257696,8.422609197069278,-1.1774584068115814
2022-12-09,344.02194885092786,345.67675029544165,339.19464280601073,339.5275573730469,1502800,SPGI,342.1052248313568,345.2661794754705,345.67675029544165,339.19464280601073,318.8782328803117,335.62496121960976,6.330851845212862,8.004257726697995,-1.6734058814851327
2022-12-12,339.3904685892796,341.1725670997307,337.7160944346112,339.9584045410156,1814000,SPGI,339.5593836661593,343.6857021534137,343.6857021534137,337.7160944346112,319.63337893313235,335.516171111231,5.576743877791046,7.518754956916606,-1.9420110791255603
2022-12-13,354.8320613752661,358.8074940246482,347.20430942184515,350.23974609375,1961200,SPGI,352.7709027288774,341.6225429097865,358.8074940246482,341.6225429097865,320.60694080752444,335.51164594776355,5.742529908914719,7.1635099473162285,-1.4209800384015097
2022-12-14,350.0439091548008,353.8332969872886,342.7980481181077,346.4699401855469,1711400,SPGI,348.286298611436,347.19672281933197,353.8332969872886,342.7980481181077,321.2962240295069,335.51790239138194,5.506252055620337,6.832058368977051,-1.325806313356714
2022-12-15,341.1921883269868,343.0036309913724,335.58152705830133,337.40277099609375,2007800,SPGI,339.29502934318856,347.741510715384,347.741510715384,335.58152705830133,321.8221407736206,335.45978140205125,4.535077824329335,6.372662260047508,-1.8375844357181732
2022-12-16,332.8986095837188,334.5631825658036,330.6856732806711,332.5265197753906,4511700,SPGI,332.66849630139603,343.51827002928627,343.51827002928627,330.6856732806711,322.2467379084442,335.288271613161,3.333515832642661,5.764832974566539,-2.431317141923878
2022-12-19,331.7431608552166,332.31109683416474,327.8754528912478,328.6685791015625,1476500,SPGI,330.1495724205479,338.09338316534115,338.09338316534115,327.8754528912478,322.8250200341972,334.9914521197973,2.046376374205124,5.021141654494256,-2.974765280289132
2022-12-20,325.2708247810168,327.6698057420564,323.8608161162151,325.1924743652344,1288200,SPGI,325.4984802511307,334.1214777929445,334.1214777929445,323.8608161162151,323.4214942374085,334.58701263461313,0.7373171457597323,4.164376752747351,-3.427059606987619
2022-12-21,328.09086319851616,330.9696285840237,327.1900126506857,330.4212951660156,1229300,SPGI,329.1679498998103,329.8099790220376,330.9696285840237,327.1900126506857,324.2189351236387,334.2275761597759,0.12041237657552983,3.3555838775129874,-3.2351715009374575
2022-12-22,327.5620813908376,327.9341711609836,321.5597582339395,325.1924743652344,1455300,SPGI,325.56212128774877,329.48896446092397,329.48896446092397,321.5597582339395,325.00086526689205,333.88017966198754,-0.7814037016404995,2.52818636168229,-3.3095900633227897
2022-12-23,322.9110343381681,326.0247911697689,321.59894868991995,326.0052185058594,740000,SPGI,324.13499817592907,327.52554287433634,327.52554287433634,321.59894868991995,325.87181841304636,333.5340824432021,-1.4142155841628323,1.7397059725132658,-3.153921556676098
2022-12-27,325.3687117779405,326.7297438114642,322.9011819472107,324.4189147949219,739900,SPGI,324.8546380828843,325.83027052513273,326.7297438114642,322.9011819472107,326.66343591563776,333.15397832596136,-2.0204346988729185,0.987677838236029,-3.008112537108947
2022-12-28,324.53641211792075,328.05163213491755,322.5682690064892,322.7347412109375,840100,SPGI,324.4727636175662,325.3424543040085,328.05163213491755,322.5682690064892,327.38069619176844,332.75295114701976,-2.606717827366822,0.26879870511545884,-2.8755165324822807
2022-12-29,325.1043061116217,333.13351931228823,324.6440946009165,332.7320556640625,988800,SPGI,328.90349392222225,324.90760896078734,333.13351931228823,324.6440946009165,328.0513760832248,332.35619752899566,-2.2388437086740964,-0.2327297776424522,-2.0061139310316443
2022-12-30,328.7077110035679,330.63667903569353,324.9476681320922,327.9635314941406,1104200,SPGI,328.0638974163736,326.9055514415048,330.63667903569353,324.9476681320922,328.80822394227005,331.95865010820205,-2.3055044473709927,-0.6472847115881604,-1.6582197357828323
2023-01-03,334.91565108666686,336.6683456296502,325.2218643401973,328.1887512207031,1212900,SPGI,331.2486530693044,327.4847244289392,336.6683456296502,325.2218643401973,329.6752152253721,331.4853257578063,-2.3134917208992647,-0.9805261134503813,-1.3329656074488834
2023-01-04,333.3489799149945,337.7552494451907,330.7933280488784,334.50439453125,1393800,SPGI,334.1004879850784,329.3666887491218,337.7552494451907,329.3666887491218,330.6356320282887,331.01990621770994,-1.7895729762877295,-1.142335486017851,-0.6472374902698785
2023-01-05,331.07725943159113,333.21184481873587,327.74808435295654,329.0797424316406,1148000,SPGI,330.27923275873104,331.7335883671001,333.21184481873587,327.74808435295654,331.39824898778375,330.5240466120813,-1.791437113369625,-1.272155811488206,-0.5192813018814191
2023-01-06,332.37961920213513,342.0244299744719,328.9133453773582,340.5948486328125,1781000,SPGI,335.9780607966944,331.00641056291556,342.0244299744719,328.9133453773582,332.1705148520668,330.0640503655636,-0.8538984114073287,-1.1885043314720305,0.3346059200647018
2023-01-09,343.85551435837743,349.0549102974835,342.75881767013317,343.04278564453125,1699800,SPGI,344.6780069926313,333.492235679805,349.0549102974835,333.492235679805,332.945832035028,329.7245810990121,0.08564852025477876,-0.9336737611266687,1.0193222813814473
2023-01-10,341.88734779626657,347.997365235634,340.7515058575767,347.0084228515625,927700,SPGI,344.41116043525994,339.08512133621815,347.997365235634,339.08512133621815,333.6286771565732,329.40422654476635,1.1371318647645126,-0.5195126359484324,1.656644500712945
2023-01-11,348.75138101627846,357.66181404871577,347.8994770653423,356.46722412109375,1597200,SPGI,352.69497406285757,341.7481408857391,357.66181404871577,341.7481408857391,334.39631577486057,329.15676919410384,2.7025330836477224,0.1248965079707985,2.577636575676924
2023-01-12,358.376619138174,360.96164516053,352.8834836635629,360.1097412109375,1186800,SPGI,358.0828722933011,347.2215574742983,360.96164516053,347.2215574742983,335.24035477111227,329.0157962041141,4.188760096109036,0.937669225598446,3.2510908705105894
2023-01-13,356.3693093063265,359.08160230942946,355.3705357285316,358.7486877441406,1447100,SPGI,357.3925337721071,352.65221488379973,359.08160230942946,352.65221488379973,336.1227020596822,328.924497199803,5.196873745602261,1.789510129599209,3.407363616003052
2023-01-17,358.77803119891894,361.5784457712175,357.53449485052374,359.7572021484375,1237500,SPGI,359.4120434922744,355.0223743279534,361.5784457712175,355.0223743279534,337.1770687033394,328.8744949450678,6.007934036053882,2.633194910890144,3.3747391251637384
2023-01-18,360.0607686272804,366.5624486607122,356.2517790166034,356.51617431640625,1760500,SPGI,359.8477926552506,357.21720891011387,366.5624486607122,356.2517790166034,338.3600594135068,328.8245126219398,6.316370117059876,3.3698299521240904,2.946540164935785
2023-01-19,352.72684517548925,356.21269218817156,349.1137011282086,353.60809326171875,1150900,SPGI,352.915332938397,358.53250078268223,358.53250078268223,349.1137011282086,339.2750671824641,328.6767125207354,6.254057217564593,3.9466754052121913,2.307381812352402
2023-01-20,353.71575833735193,360.70705432945203,353.71575833735193,360.3839111328125,3077400,SPGI,357.1306205342421,355.7239168605396,360.70705432945203,353.71575833735193,340.1771341622165,328.6142909365413,6.674486346223205,4.492237593414394,2.1822487528088104
2023-01-23,360.42307568019254,366.4841469958921,357.98494927736783,363.0374755859375,1192000,SPGI,361.98241188484747,356.42726869739084,366.4841469958921,356.42726869739084,341.1519143366796,328.7023697425419,7.13950021996601,5.021690118724718,2.117810101241292
2023-01-24,365.26995737788616,365.26995737788616,356.7022111473324,360.0607604980469,917000,SPGI,361.8257216002879,359.2048402911191,365.26995737788616,356.7022111473324,342.21089185191784,328.8149882296911,7.185006749705224,5.4543534449208195,1.7306533047844042
2023-01-25,355.6055570960925,360.96162384027457,352.863860275357,358.7486877441406,1048600,SPGI,357.04493223896617,360.5152809457035,360.96162384027457,352.863860275357,342.73931080172633,328.91599074575475,7.034112822554505,5.770305320447557,1.263807502106948
2023-01-26,362.12682596339414,362.19537511039135,356.9274299393208,359.7278747558594,1526600,SPGI,360.2443764422414,358.78010659233485,362.19537511039135,356.9274299393208,343.07661585444936,329.10058988180486,6.913842039282315,5.999012664214509,0.9148293750678063
2023-01-27,356.7022088984533,367.4045406650253,355.19427720444315,365.6126708984375,1509700,SPGI,361.2284244165898,359.5122415172881,367.4045406650253,355.19427720444315,343.4845918195571,329.2805725063439,7.210264997787192,6.241263130929045,0.9690018668581466
2023-01-30,361.9309997929759,366.0141263353435,357.98494165892964,358.5137023925781,1202800,SPGI,361.1109425449568,360.3703329669389,366.0141263353435,357.98494165892964,343.7845231741284,329.4322479528294,6.794037463410007,6.351817997425238,0.4422194659847687
2023-01-31,361.5686870768646,367.3359886334293,358.8857382612702,367.13037109375,1662100,SPGI,363.7301962663285,360.7406377559479,367.3359886334293,358.8857382612702,344.1297092954971,329.55380065172665,7.0778779244511725,6.497029982830425,0.580847941620747
2023-02-01,364.8488814386342,372.22206754252466,361.66657578046244,369.3236999511719,1465300,SPGI,367.0153061781983,362.2354170111382,372.22206754252466,361.66657578046244,344.6846826406337,329.6677388015269,7.394566879141564,6.676537362092653,0.7180295170489108
2023-02-02,373.55377162010217,380.32964872519244,371.9870918964234,375.17919921875,1266500,SPGI,375.262427865117,364.6253615946682,380.32964872519244,364.6253615946682,345.3940971950185,329.81933512693826,8.025521792291102,6.946334248132343,1.0791875441587582
2023-02-03,365.78895671016795,368.82439311075666,362.79269552070303,365.1427001953125,1554500,SPGI,365.63718638423506,369.9438947298926,369.9438947298926,362.79269552070303,345.9715713731631,329.84827973542326,7.627768348674863,7.082621068240848,0.5451472804340147
2023-02-06,359.66914596356446,362.2933174153418,358.68017356191535,360.9812316894531,1028400,SPGI,360.4059671575687,367.7905405570638,367.7905405570638,358.68017356191535,346.34019256796137,329.9312912269268,6.897243025161401,7.045545459624959,-0.14830243446355773
2023-02-07,357.56384881165087,364.3494959411331,354.6165348560089,363.3800964355469,859300,SPGI,359.97749401108496,364.09825385731625,364.3494959411331,354.6165348560089,346.58233895291147,330.0665032334796,6.437655494744831,6.923967466648934,-0.4863119719041027
2023-02-08,360.50142034662696,363.8207946833618,357.06452038251103,358.229736328125,1151900,SPGI,359.9041179351562,362.0378739342006,363.8207946833618,357.06452038251103,346.80970216779764,330.2630847135029,5.593361261550058,6.657846225629159,-1.0644849640791012
2023-02-09,363.4193135642723,366.9835103759473,355.3999006199312,356.0755310058594,1483300,SPGI,360.46956389150256,360.9709959346784,366.9835103759473,355.3999006199312,347.1025226916509,330.5048344591707,4.696289728221927,6.265534926147713,-1.5692451979257855
2023-02-10,353.9311842559675,357.7695481899459,351.83577360021263,356.28118896484375,1324700,SPGI,354.95442375274246,360.7202799130905,360.7202799130905,351.83577360021263,347.36709491732387,330.7003950923461,3.95634269766191,5.803696480450553,-1.8473537827886428
2023-02-13,357.15264170148754,363.71309971155864,356.1538979845872,362.88079833984375,1458000,SPGI,359.9751094343693,357.8373518329165,363.71309971155864,356.1538979845872,347.7446144961583,330.9790585999524,3.857990157221252,5.414555215804693,-1.5565650585834412
2023-02-14,362.74370947651744,363.1157992675612,355.75244351265843,357.2603454589844,1418100,SPGI,359.7180744289304,358.9062306336429,363.1157992675612,355.75244351265843,347.8829713586862,331.2636992246319,3.28861240817821,4.989366654279397,-1.7007542461011873
2023-02-15,352.7659134086054,360.0313751294247,352.6680202174785,359.91387939453125,1011600,SPGI,356.34479703751,359.31215253128664,360.0313751294247,352.6680202174785,347.9887711538,331.62203587876843,3.016719586456702,4.594837240714859,-1.5781176542581568
2023-02-16,352.3448885365535,355.06698271727754,350.32779867007093,350.3669738769531,967600,SPGI,352.0266609502138,357.8284747843983,357.8284747843983,350.32779867007093,348.1229664141031,332.0199551108326,2.007743065626414,4.07741840569717,-2.0696753400707557
2023-02-17,346.9496283492635,353.49051298259894,346.3719210766197,353.3142395019531,1206300,SPGI,350.0315754776088,354.92756786730604,354.92756786730604,346.3719210766197,348.25015957715783,332.4337245155246,1.4294636411511306,3.547827452787962,-2.1183638116368315
2023-02-21,348.9276487299473,349.62285188638225,343.13094231656504,343.48345947265625,1206500,SPGI,346.29122560138774,352.4795716724574,352.4795716724574,343.13094231656504,348.28908277383016,332.81514552911017,0.17588376332884081,2.873438714896138,-2.697554951567297
2023-02-22,343.8848377354859,344.9815043805643,337.2950067117125,338.9889831542969,1674500,SPGI,341.28758299551487,349.38539863692256,349.38539863692256,337.2950067117125,348.20267081676235,333.1548085688505,-1.1668038103706522,2.06539020984278,-3.232194020213432
2023-02-23,342.69989193293827,344.2608580510196,338.2919647320424,341.76727294921875,1245800,SPGI,341.7549969163048,345.3364908162187,345.3364908162187,338.2919647320424,348.1956662584613,333.5369495693865,-1.9838401444676492,1.255544138980694,-3.2393842834483433
2023-02-24,340.2259986433969,340.2259986433969,334.1687831193643,337.1041259765625,1071600,SPGI,337.9312265956802,343.5457438662618,343.5457438662618,334.1687831193643,348.16310311705166,333.8982410250921,-2.973349393849958,0.40976543241456376,-3.3831148262645216
2023-02-27,340.9917438071062,341.2175509359994,334.1884089997138,335.268310546875,1383900,SPGI,337.9165035724236,340.738485230971,341.2175509359994,334.1884089997138,347.86601513392264,334.2364779707235,-3.8611684195934686,-0.4444213379870427,-3.416747081606426
2023-02-28,334.05093341953517,338.79267312444284,332.5488981626606,334.9639587402344,2046800,SPGI,335.08911586171826,339.3274944016973,339.3274944016973,332.5488981626606,347.6020714789283,334.44914775421756,-4.5370299836590675,-1.2629430671214477,-3.2740869165376196
2023-03-01,333.8643658543533,336.7408371964315,330.978127614133,331.6064147949219,1194100,SPGI,333.29743636495994,337.2083051317078,337.2083051317078,330.978127614133,347.48211961936363,334.6521301964921,-5.282685370132469,-2.066891527723652,-3.2157938424088175
2023-03-02,326.2462655625096,333.81534315128107,324.81292809946126,333.67791748046875,1175900,SPGI,329.6381135734302,335.25287074833386,335.25287074833386,324.81292809946126,347.4215119648043,334.8341249366242,-5.641438688093501,-2.781800959797622,-2.8596377282958794
2023-03-03,336.2500323057917,339.83331609492427,335.1406802649231,339.7449645996094,1045100,SPGI,337.7422483163121,332.44549216088205,339.83331609492427,332.44549216088205,347.5733654827196,335.1991927584584,-5.374242358609138,-3.300289239559925,-2.0739531190492126
2023-03-06,340.71686672665703,346.61703301129097,340.15727728712136,344.8990173339844,1612700,SPGI,343.09754858976345,335.0938702385971,346.61703301129097,335.0938702385971,347.92534684949237,335.6734205434505,-4.6925060719848375,-3.5787326060449076,-1.1137734659399299
2023-03-07,344.2019797456627,344.22163338525576,329.89829453639675,330.49713134765625,1463900,SPGI,337.2047597537429,339.0957094141803,344.22163338525576,329.89829453639675,348.08608304657093,336.15250908510484,-5.253774745795511,-3.9137410339950285,-1.3400337118004821
2023-03-08,330.1338844759605,333.373559130328,325.1172931834353,332.6863708496094,1177800,SPGI,330.3277769098333,338.1502345839616,338.1502345839616,325.1172931834353,348.1813961590126,336.59113071295235,-5.459002894684602,-4.2227934061329435,-1.2362094885516584
2023-03-09,333.5993498085905,338.40978737569407,327.2770501627467,327.8268127441406,1427400,SPGI,331.778250022793,334.2390057468974,338.40978737569407,327.2770501627467,348.3342611959499,337.1030398044981,-5.94524037707464,-4.567282800321283,-1.3779575767533574
2023-03-10,331.04686909225376,332.26422622266426,319.30546810799154,320.5718994140625,2448900,SPGI,325.79711570924303,333.00862788484517,333.00862788484517,319.30546810799154,348.3531107484771,337.50827333205746,-6.837183167362809,-5.021262873729588,-1.815920293633221
2023-03-13,318.79495032964667,323.929342924578,315.28036488412687,318.8538513183594,2248000,SPGI,319.2146273641777,329.4028717970441,329.4028717970441,315.28036488412687,348.2479480234093,337.8143221075889,-7.5951343962502165,-5.536037178233714,-2.059097218016502
2023-03-14,324.35157478892313,328.57297298616174,321.57328107823963,326.6488037109375,1953200,SPGI,325.2866581410655,324.3087495806109,328.57297298616174,321.57328107823963,348.17561130778614,338.11349369550555,-7.480597026925011,-5.924949147971974,-1.555647878953037
2023-03-15,320.83697706941206,328.38643135596527,319.95343212499154,327.8759460449219,2068500,SPGI,324.2631966488227,324.79770386083817,328.38643135596527,319.95343212499154,348.09959729243513,338.4539106173526,-7.207719106629554,-6.181503139703491,-1.0262159669260633
2023-03-16,327.09053244285707,335.3173777494424,326.2168143636573,333.6877136230469,1351300,SPGI,330.57810954475093,324.53045025483044,335.3173777494424,324.53045025483044,348.0861864219441,338.88070082365806,-6.448169828295477,-6.234836477421888,-0.2133333508735884
2023-03-17,332.8532732883326,334.10008105514135,325.1467693417574,328.3766174316406,3418200,SPGI,330.119185279218,327.5542798997907,334.10008105514135,325.1467693417574,348.0065603678269,339.3210961980578,-6.203275134575563,-6.228524208852623,0.02524907427706058
2023-03-20,328.818340525425,329.2011969588332,325.06815105868816,328.4747314453125,1505000,SPGI,327.8906049970647,328.8367325895043,329.2011969588332,325.06815105868816,347.9587878125936,339.6785184001887,-5.9328867194926715,-6.169396710980633,0.2365099914879618
2023-03-21,332.6569503444652,336.1420561189898,331.842103217808,335.356689453125,1067000,SPGI,333.999449783597,328.36366879328455,336.1420561189898,328.36366879328455,347.9192155923317,340.0448652221992,-5.104444596288943,-5.956406288042295,0.8519616917533526
2023-03-22,335.84750511316884,338.44906554234376,329.45647763862985,329.5841064453125,1133800,SPGI,333.33428868486374,331.1815592884408,338.44906554234376,329.45647763862985,347.69234122617627,340.3190866306021,-4.857700898148096,-5.736665210063456,0.8789643119153601
2023-03-23,328.2097255964648,332.1366186140062,324.3220799380312,326.17755126953125,1413200,SPGI,327.7114938545084,332.25792398665226,332.25792398665226,324.3220799380312,347.35834789456123,340.4935125255672,-4.8807727623662345,-5.565486720524012,0.6847139581577775
2023-03-24,322.034662351501,329.2012297777335,321.1020133210477,328.4060363769531,1192800,SPGI,325.18598545680885,329.9847089205803,329.9847089205803,321.1020133210477,346.80816812244024,340.60224194865043,-4.665456775479299,-5.38548073151507,0.7200239560357709
2023-03-27,332.41150372470946,333.1085188545381,327.48323375710623,329.61358642578125,1202600,SPGI,330.6542106905338,327.5853471886946,333.1085188545381,327.48323375710623,346.2595948903849,340.7499748307486,-4.34726553655338,-5.177837692522732,0.8305721559693522
2023-03-28,328.1900390007879,329.81970303459735,325.25469635207924,328.0231628417969,960700,SPGI,327.82190030731533,329.1197789396142,329.81970303459735,325.25469635207924,345.66818222108907,340.8954421403856,-4.175300315757681,-4.9773302171697225,0.8020299014120411
2023-03-29,330.9781768530347,332.4212812079272,328.9557994807479,331.9500732421875,1283800,SPGI,331.0763326959743,328.47083962346477,332.4212812079272,328.47083962346477,345.10146800516304,341.13926835425127,-3.6797301499663035,-4.717810203729039,1.0380800537627355
2023-03-30,334.1785898882038,336.38746721114853,332.421296873646,335.0326843261719,797100,SPGI,334.50500957479255,329.77358615971957,336.38746721114853,329.77358615971957,344.594612343554,341.4773358785304,-3.003622382034564,-4.374972639390144,1.37135025735558
2023-03-31,337.5458667816348,340.255432337424,335.90640585346256,338.46868896484375,1732800,SPGI,338.04409848434125,332.13929786725606,340.255432337424,332.13929786725606,344.2971876544728,341.7861274184685,-2.165581767811773,-3.93309446507447,1.7675126972626973
2023-04-03,336.2401984739888,340.3634479282527,334.82651465880207,339.9412841796875,1683500,SPGI,337.8428613101828,335.0916981757987,340.3634479282527,334.82651465880207,343.9114324699916,342.04428331610404,-1.3668462635435503,-3.4198448247682864,2.052998561224736
2023-04-04,342.1207064135018,345.8021683923317,339.1951904686062,340.0787353515625,1098900,SPGI,341.79920015650055,336.46727974299074,345.8021683923317,336.46727974299074,343.5077682354247,342.32984128605216,-0.7145149771035904,-2.8787788552353475,2.164263878131757
2023-04-05,339.4405907282509,342.1795766230117,337.9876297457936,338.3017883300781,948700,SPGI,339.4773963567836,339.13323994974564,342.1795766230117,337.9876297457936,343.06080173055454,342.6358467912362,-0.3370373501011841,-2.370430554208515,2.033393204107331
2023-04-06,337.12371205661725,337.12371205661725,328.3863823158121,334.630126953125,1309900,SPGI,334.3159833455429,339.3053181532646,339.3053181532646,328.3863823158121,342.6062227526861,342.6727667772062,-0.3303479533166751,-1.962414034030147,1.632066080713472
2023-04-10,331.272688358978,332.7943473780195,323.43852621623046,332.63726806640625,893200,SPGI,330.03570750490854,336.81065074940375,336.81065074940375,323.43852621623046,342.0020493739394,342.53933261419434,-0.480316821975066,-1.665994591619131,1.185677769644065
2023-04-11,334.50255404822286,337.6145997898556,333.33430105277426,335.6609802246094,752400,SPGI,335.27810877886554,333.4231791271561,337.6145997898556,333.33430105277426,341.48304306118496,342.48381744037107,-0.3511322953752938,-1.4030221323703636,1.0518898369950698
2023-04-12,340.13763651036066,341.45314199625216,335.51372865147,336.52490234375,903100,SPGI,338.40735237545823,334.35064395301083,341.45314199625216,334.35064395301083,341.028971257795,342.4067472159617,-0.1770009753400359,-1.1578179009642982,0.9808169256242623
2023-04-13,338.02691876262924,341.8850835125595,336.86849264775867,341.51202392578125,732900,SPGI,339.5731297121822,336.37899816423453,341.8850835125595,336.37899816423453,340.5458299267121,342.3377696111046,0.3592768628591898,-0.8543989481996006,1.2136758110587904
2023-04-14,341.34511742424,343.72087043439547,339.7645277302153,341.5021667480469,960000,SPGI,341.58317058422443,337.97606393820837,343.72087043439547,337.97606393820837,340.0371872148326,342.3609349277332,0.7745569115110129,-0.5286077762574779,1.3031646877684908
2023-04-17,340.2554422459815,343.46566634287586,339.2737190403461,342.6312255859375,863600,SPGI,341.40651330378523,339.7796172612164,343.46566634287586,339.2737190403461,339.3600689236059,342.3770830593122,1.1811592852835133,-0.18665436394927964,1.367813649232793
2023-04-18,343.6030766972385,346.410790314684,341.2272936703295,345.7334289550781,1223800,SPGI,344.24364740933254,340.5930652825008,346.410790314684,340.5930652825008,338.9321981441079,342.4518847586355,1.733731108594725,0.19742273055952125,1.5363083780352036
2023-04-19,344.0939730405375,347.37292485179466,344.0154483688092,345.59600830078125,845000,SPGI,345.2695886404806,342.41835634591666,347.37292485179466,342.41835634591666,338.6294705737662,342.4848315708638,2.1359377999220897,0.5851257444320349,1.5508120554900549
2023-04-20,343.8779936676396,348.8651342306665,343.33805790354546,346.4599304199219,859100,SPGI,345.63527905544333,343.84397249319863,348.8651342306665,343.33805790354546,338.34262627465336,342.4624826137824,2.495632695224799,0.9672271345905878,1.5284055606342113
2023-04-21,347.43183640919744,348.03070314361247,344.16271131743883,345.29168701171875,753100,SPGI,346.22923447049186,344.739625774321,348.03070314361247,344.16271131743883,338.06912860536,342.43941538657884,2.6558114701469435,1.304944001701859,1.3508674684450845
2023-04-24,346.3224376904898,347.2158092821326,339.83326255841,341.30584716796875,1022300,SPGI,343.6693391747503,345.4844301224064,347.2158092821326,339.83326255841,337.733124111025,342.41782340133796,2.433083269571455,1.5305718552757783,0.9025114142956765
2023-04-25,341.0015366535055,344.4081171275438,337.7912828304182,338.900634765625,1447600,SPGI,340.52539284427314,344.57688464857836,344.57688464857836,337.7912828304182,337.4445434928556,342.4058192050897,2.0389848778273745,1.6322544597860977,0.40673041804127674
2023-04-26,337.0648691323361,339.1363208431328,332.7256689894177,333.8546447753906,1592700,SPGI,335.6953759350693,342.55113874642575,342.55113874642575,332.7256689894177,336.95894882286956,342.35178165951396,1.3044529206550237,1.566694151959883,-0.2622412313048592
2023-04-27,339.5878396466534,350.7009522809175,339.18532958221783,349.0810852050781,1647300,SPGI,344.63880167871673,339.1232573407475,350.7009522809175,339.1232573407475,336.65736336786534,342.27016736327573,1.9287441802738954,1.6391041576226855,0.2896400226512099
2023-04-28,348.5411878307321,356.3164487867898,348.5313610115539,355.95318603515625,1748200,SPGI,352.335545916058,341.8810295097321,356.3164487867898,341.8810295097321,336.5771783454363,342.2829747496182,2.9440830489812697,1.9000999358944024,1.0439831130868673
2023-05-01,355.0892925592534,358.8492792237792,354.65733195552014,356.02191162109375,1085100,SPGI,356.15445383991164,347.10828771289505,358.8492792237792,347.10828771289505,336.65973420323024,342.3913503086667,3.7115080435820005,2.2623815574319224,1.449126486150078
2023-05-02,353.53810152044565,356.02185964942873,346.05737664025986,349.5130310058594,1131400,SPGI,351.28259220399843,351.63137077640334,356.02185964942873,346.05737664025986,336.68475453775807,342.4674570574579,3.7512436108592055,2.5601539681173793,1.1910896427418263
2023-05-03,350.9071429345178,351.790687822378,343.46566430251187,343.57366943359375,912400,SPGI,347.4342911232504,351.45698149020086,351.790687822378,343.46566430251187,336.70761584819525,342.4983493110127,3.265831025486989,2.7012893795913016,0.5645416458956873
2023-05-04,342.33671082899116,345.9690988878959,340.2849128034382,341.1586608886719,1022700,SPGI,342.4373458522493,349.44563630672565,349.44563630672565,340.2849128034382,336.73061110532996,342.46664096104615,2.6556543179738696,2.6921623672678154,-0.0365080492939458
2023-05-05,344.65358105471563,350.1414103074079,343.8387339974816,347.716552734375,930000,SPGI,346.587569523495,345.9414910794875,350.1414103074079,343.8387339974816,336.82726255747383,342.5114644079676,2.670468448576912,2.6878235835296347,-0.017355134952722562
2023-05-08,347.98160412821915,349.64071876659347,346.79372742091834,348.6884460449219,696200,SPGI,348.2761240901632,346.2645303014913,349.64071876659347,346.2645303014913,337.0341605073634,342.59863181220754,2.729172222983891,2.696093311420486,0.03307891156340492
2023-05-09,348.6884124299221,352.53678026315305,348.2564518580346,348.7767639160156,863700,SPGI,349.5646021167813,347.27032719582724,352.53678026315305,347.27032719582724,337.26712247825054,342.5665688060866,2.751108831133763,2.7070964153631416,0.04401241577062143
2023-05-10,350.573375473744,356.9938538608426,350.573375473744,355.5605163574219,1407100,SPGI,353.4252802914381,348.4174646563043,356.9938538608426,348.4174646563043,337.63384576684507,342.61795862288665,3.2780980057094666,2.8212967334324066,0.45680127227706
2023-05-11,356.286984325678,356.99382620307205,351.56486833765365,353.7050476074219,892600,SPGI,354.6376816184564,350.9213724738712,356.99382620307205,350.9213724738712,338.0606506719149,342.7713851456393,3.5056094187734743,2.9581592705006203,0.547450148272854
2023-05-12,354.11738648403673,355.364194190626,350.19049346889676,352.7724304199219,750000,SPGI,353.11112614087034,352.7795270461638,355.364194190626,350.19049346889676,338.5301109232638,342.97581144403404,3.5695123238091355,3.0804298811623236,0.4890824426468119
2023-05-15,352.99822658157944,355.2169006934955,350.8285966870857,354.8733215332031,854200,SPGI,353.4792613738409,352.94532659351705,355.2169006934955,350.8285966870857,338.84485118441427,343.209108333567,3.7464929527591266,3.2136424954816842,0.5328504572774424
2023-05-16,353.28290846218755,355.6783155489541,351.91832874658917,352.09503173828125,683000,SPGI,353.243646124003,353.212293983679,355.6783155489541,351.91832874658917,339.0477731350991,343.48655999229567,3.620827958150528,3.295079588015453,0.32574837013507496
2023-05-17,354.8242049413922,355.36417067112643,350.700985524277,354.3431701660156,870700,SPGI,353.80813282570284,353.227970053841,355.36417067112643,350.700985524277,339.37984059653826,343.73296182155457,3.660448159365899,3.3681533022855423,0.2922948570803565
2023-05-18,354.68677411087947,357.9068249249107,352.21281253680974,357.15087890625,1046800,SPGI,355.4893226197125,353.5180514397719,357.9068249249107,352.21281253680974,339.8830715107359,344.03223383487426,3.873751884218734,3.469273018672181,0.4044788655465532
2023-05-19,355.5703560380621,364.00335539100126,354.9224150801649,358.7413330078125,1304600,SPGI,358.3093648792602,354.5036870297422,364.00335539100126,354.5036870297422,340.41369380786523,344.3739775019076,4.123598698011904,3.600138154540126,0.5234605434717778
2023-05-22,358.73148566840604,367.2233855354327,358.73148566840604,365.5446472167969,1231400,SPGI,362.55775102226045,356.4065259545012,367.2233855354327,356.4065259545012,341.14890651412554,344.7510086313014,4.815069572235927,3.8431244380792866,0.9719451341566407
2023-05-23,362.8448535439416,365.64277029218925,354.28422715438774,355.5702819824219,1198700,SPGI,359.5855332432351,359.4821384883808,365.64277029218925,354.28422715438774,341.95632463170665,345.102136327558,4.50627181029904,3.9757539125232375,0.5305178977758027
2023-05-24,354.97149601724766,355.75689262956615,347.7264032624455,349.6898498535156,1234300,SPGI,352.0361604406937,359.533835865808,359.533835865808,347.7264032624455,342.49131467769934,345.33346299274274,3.7438884160449106,3.9293808132275725,-0.18549239718266186
2023-05-25,350.44763703219337,353.77427140176655,349.1386210051182,352.662109375,1069600,SPGI,351.50565970351954,355.78499815325085,355.78499815325085,349.1386210051182,343.03616393879327,345.5678806156142,3.341017417519197,3.8117081340858974,-0.4706907165667005
2023-05-26,353.0951283908496,357.8587003660404,352.06169004743583,355.0832214355469,1054400,SPGI,354.5246850599682,353.6453289283852,357.8587003660404,352.06169004743583,343.51509544909754,345.8006409355208,3.1804406181764193,3.685454630904002,-0.5050140127275826
2023-05-30,359.94521449654843,364.25605828900603,357.0811603325772,358.5771484375,973500,SPGI,359.9648953889079,354.0850069941767,364.25605828900603,354.0850069941767,344.1120096512914,346.0592850095592,3.29710607049185,3.607784918821572,-0.3106788483297218
2023-05-31,356.28398233679786,362.7108717559755,354.0793617812767,361.62823486328125,2540500,SPGI,358.6756126843328,357.0249511915423,362.7108717559755,354.0793617812767,344.72770980503674,346.3432488088152,3.5943282785449924,3.605093590766256,-0.010765312221263645
2023-06-01,360.7424567700126,365.6733580258784,359.6499981880822,363.1636047363281,1068300,SPGI,362.30735443007535,357.85028193793755,365.6733580258784,357.85028193793755,345.29386789796627,346.60654174514895,3.908713322834842,3.6658175371799735,0.24289578565486858
2023-06-02,366.126073153077,372.7202913236094,365.3485389425673,370.0924377441406,1326600,SPGI,368.5718352908486,360.0788181840064,372.7202913236094,360.0788181840064,345.998618830086,346.84548002813113,4.663210069578781,3.8652960436597352,0.797914025919046
2023-06-05,372.0116298546902,374.68868170375515,370.55498854238897,372.1297302246094,814100,SPGI,372.34625758136093,364.32532673742753,374.68868170375515,364.32532673742753,346.891314104623,347.1248309995922,5.363717062540047,4.164980247435798,1.1987368151042492
2023-06-06,370.7026988686049,375.01354357171806,370.0334432620529,373.1927490234375,737500,SPGI,372.23560868145336,368.33579215939426,375.01354357171806,368.33579215939426,347.832306569116,347.32023734577814,5.9362215673302785,4.519228511414695,1.4169930559155839
2023-06-07,373.92102751596565,374.73790849342714,366.93313142267084,368.281494140625,1020700,SPGI,370.96839039317217,370.28570042042384,374.73790849342714,366.93313142267084,348.6385901631687,347.4490925267768,5.92533471784094,4.800449752699944,1.1248849651409962
2023-06-08,368.7441268120578,376.2930007863923,367.9173940060117,376.1257019042969,1035800,SPGI,372.27005587718963,370.627045406798,376.2930007863923,367.9173940060117,349.5275532745662,347.5978677478277,6.475028720410421,5.135365546242039,1.3396631741683818
2023-06-09,378.13346899148985,378.92082492510474,375.38751486320444,377.9366149902344,1251400,SPGI,377.59460594250834,371.44855064199385,378.92082492510474,371.44855064199385,350.4579187394969,347.7796933723299,6.97637146180989,5.50356672935561,1.4728047324542803
2023-06-12,378.5369668117719,380.0821836106514,376.4898233728023,379.1767272949219,1159000,SPGI,378.5714252725368,374.5215782922511,380.0821836106514,374.5215782922511,351.3392470534517,347.96692969850284,7.388584887931984,5.880570361070885,1.508014526861099
2023-06-13,380.17076679076337,384.7867138617559,378.73382867293986,384.3930358886719,1515300,SPGI,382.02108630353274,376.546501782394,384.7867138617559,376.546501782394,352.2187868098356,348.25798723215416,8.043459512595405,6.313148191375789,1.7303113212196157
2023-06-14,385.11149087770247,389.2353326619373,384.333956665489,386.883056640625,1498500,SPGI,386.3909592114384,379.28379404296334,389.2353326619373,379.28379404296334,353.18974876786064,348.55059061892615,8.663508700021964,6.783220293105025,1.8802884069169394
2023-06-15,388.2609735904788,394.93391585050443,386.4992594055659,393.664306640625,1465100,SPGI,390.8396138717935,382.8373766272009,394.93391585050443,382.8373766272009,354.17055704216654,348.8391626387956,9.591527195014066,7.344881673486833,2.246645521527233
2023-06-16,395.4949212422879,396.55788480435433,388.76292881344835,388.9696044921875,1883500,SPGI,392.4463348380695,386.8384952494972,396.55788480435433,386.8384952494972,355.2299358117923,349.1453687711735,9.834795904947214,7.84286451977891,1.9919313851683036
2023-06-20,380.93845785284157,386.45003970614164,378.3598325305299,385.65283203125,1500000,SPGI,382.85029053019076,389.64241504378333,389.64241504378333,378.3598325305299,356.20062195548525,349.40342235408565,9.648727764507214,8.204037168724572,1.4446905957826424
2023-06-21,383.16276586573167,385.23946443887536,380.33808816924585,382.9659118652344,1266700,SPGI,382.9265575847718,386.246352786987,386.246352786987,380.33808816924585,357.2584389570825,349.63024416551093,9.178649661010184,8.398959667181694,0.7796899938284891
2023-06-22,382.13920527430565,382.84783767459743,377.76931047845727,382.10968017578125,1143200,SPGI,381.2165084007854,384.5864551858794,384.5864551858794,377.76931047845727,358.1772069495209,349.83012500535295,8.637451471806742,8.446658028106704,0.1907934437000378
2023-06-23,379.7672525521084,386.1843209136098,378.9306980886707,384.1961975097656,1467100,SPGI,382.2696172660386,382.90148179333244,386.1843209136098,378.9306980886707,359.0544522473325,350.04171175256374,8.28144912831209,8.41361624814778,-0.13216711983569063
2023-06-26,384.09776050516444,385.17054567880814,380.82032475810684,380.8990783691406,855900,SPGI,382.746927327805,382.5855495296855,385.17054567880814,380.82032475810684,359.91792819964496,350.2318790631785,7.645136373577714,8.259920273233767,-0.6147838996560537
2023-06-27,383.49742677707707,386.1252807358491,380.53497505281234,384.8359680175781,711300,SPGI,383.74841264582915,382.66623842874526,386.1252807358491,380.53497505281234,360.7612330408771,350.3992101278548,7.373530553378259,8.082642329262667,-0.7091117758844074
2023-06-28,384.07807260130517,385.908718685522,383.04466419142864,385.3378601074219,721100,SPGI,384.5923288964194,383.2073255372872,385.908718685522,383.04466419142864,361.62494935272974,350.4925091381678,7.116742108213714,7.889462285052876,-0.7727201768391625
2023-06-29,385.40679857228224,390.59357457081364,383.6745793236572,389.5896911621094,999700,SPGI,387.3161609072156,383.8998272168533,390.59357457081364,383.6745793236572,362.4863996226874,350.70929888339765,7.173629511855154,7.746295730413332,-0.5726662185581786
2023-06-30,393.87100801673864,399.2447862846984,392.45374319332194,394.5599670410156,1349000,SPGI,395.03237613394367,385.60799406203444,399.2447862846984,385.60799406203444,363.48165537255665,351.0555629731614,7.532937895226496,7.703624163375966,-0.17068626814946963
2023-07-03,392.07970478446606,392.808010520825,388.0641414880689,390.6526184082031,713600,SPGI,390.9011188003908,390.32018509798905,392.808010520825,388.0641414880689,364.3869721674556,351.3647992210545,7.416904539464326,7.646280238593638,-0.22937569912931188
2023-07-05,389.18617509057844,395.0028601236572,386.7059765632367,393.29034423828125,1163000,SPGI,391.0463390039384,390.6106519491899,395.0028601236572,386.7059765632367,365.2833142581245,351.67622143174225,7.451888961828274,7.607401983240566,-0.1555130214122915
2023-07-06,389.1172180175781,391.2431150406681,386.3515905561548,389.1172180175781,1031400,SPGI,388.9572854079948,390.82849547656417,391.2431150406681,386.3515905561548,366.18907318278946,351.9610986469072,7.0614776402416055,7.498217114640774,-0.43673947439916816
2023-07-07,387.01100224938574,391.78442607627727,385.81026501907184,387.04052734375,811600,SPGI,387.9115551721212,389.8928904422795,391.78442607627727,385.81026501907184,367.13679642934636,352.29066996110095,6.509465210428232,7.300466733798266,-0.791001523370034
2023-07-10,387.76889902150316,394.4418418047731,387.76889902150316,392.1387939453125,840800,SPGI,390.529608448273,388.90222280720036,394.4418418047731,387.76889902150316,368.2334810796105,352.59621495124003,6.4094942298110595,7.1222722330008255,-0.7127780031897659
2023-07-11,390.71167763130484,393.5658804855009,388.7334060159874,390.1605224609375,926600,SPGI,390.79287164843265,389.71591562773665,393.5658804855009,388.7334060159874,369.1565624790048,352.90696292343506,6.100315887499164,6.917880963900494,-0.8175650764013298
2023-07-12,397.4436553022184,402.9847619324251,396.80392486425757,400.140380859375,1952300,SPGI,399.34318073956905,390.25439363808465,402.9847619324251,390.25439363808465,370.09671517547497,353.3369467604556,6.584676934423612,6.851240158005118,-0.26656322358150586
2023-07-13,403.5162206614525,407.0298573294574,400.8490201540625,405.5240173339844,1244800,SPGI,404.2297788697392,394.79878718882685,407.0298573294574,394.79878718882685,371.0582216760715,353.85897793965086,7.318586910080569,6.944709508420209,0.3738774016603603
2023-07-14,406.1047719458215,410.7699182691585,405.77999582430306,409.4510803222656,1282600,SPGI,408.02644159038715,399.51428302928304,410.7699182691585,399.51428302928304,372.19309866379933,354.43892660077864,8.123454885400292,7.180458583816225,0.942996301584067
2023-07-17,410.13012236175774,412.02967040400534,408.17155416070966,410.7994079589844,1189300,SPGI,410.28268872136425,403.7703623098351,412.02967040400534,403.7703623098351,373.4500666157616,355.07884123197846,8.76903336830469,7.4981735407139185,1.2708598275907717
2023-07-18,411.1242032472525,415.592525066443,410.4254225558125,415.1889953613281,1024100,SPGI,413.082786557709,407.0265255155997,415.592525066443,407.0265255155997,374.8629754298708,355.7967932676004,9.525062988222373,7.90355143021561,1.6215115580067634
2023-07-19,417.019606429174,418.6238735184956,414.30320728120813,415.8582458496094,1320200,SPGI,416.4512332696218,410.05465603665436,418.6238735184956,410.05465603665436,376.26024870479336,356.5437556311336,10.062233663995471,8.335287876971583,1.7269457870238885
2023-07-20,416.23224856136636,417.4132825225129,414.175253296009,417.0983581542969,1085400,SPGI,416.22978563354627,413.2529446531381,417.4132825225129,413.2529446531381,377.61932193566105,357.3267412215122,10.467350888248632,8.761700479226993,1.7056504090216382
2023-07-21,418.0727255058031,418.5746822207194,416.5767371082542,416.60626220703125,1351100,SPGI,417.457601760452,414.7413651433422,418.5746822207194,414.7413651433422,378.97718192853443,358.1221522033925,10.626208855750633,9.134602154531722,1.4916067012189114
2023-07-24,417.69870435808116,418.79119304098634,414.4015949585663,416.12396240234375,1442200,SPGI,416.75386368999443,416.0994834518971,418.79119304098634,414.4015949585663,380.2437535965055,358.9387996816753,10.59109977059046,9.42590167774347,1.1651980928469907
2023-07-25,414.7657882382079,421.8816072608423,413.87015354078466,420.779296875,1353900,SPGI,417.8242114787087,416.42667357094575,421.8816072608423,413.87015354078466,381.50748419371064,359.7840674328127,10.814262071823975,9.703573756559571,1.1106883152644045
2023-07-26,421.3107274721304,421.88155598266474,418.6927256061108,421.6453552246094,1352600,SPGI,420.88259107137884,417.12544252482724,421.88155598266474,417.12544252482724,382.86291349232073,360.69651220779224,10.934952152567519,9.94984943576116,0.9851027168063577
2023-07-27,397.1286879199657,405.9176749694525,387.55231494240104,389.4321594238281,3530000,SPGI,395.00770931391185,419.00401679810307,419.00401679810307,387.55231494240104,383.6934824511222,361.2691668177682,8.335181443656836,9.626915837340297,-1.2917343936834609
2023-07-28,391.7254075901026,395.4949184422765,385.8299696288469,385.9677734375,2418600,SPGI,389.75451727468146,407.00586305600746,407.00586305600746,385.8299696288469,384.42369987413576,361.7357365046175,5.926974952653211,8.88692766040288,-2.95995270774967
2023-07-31,385.6036179476082,389.0286492905991,381.9128306999346,388.2806701660156,1916200,SPGI,386.2064420260394,398.38019016534446,398.38019016534446,381.9128306999346,385.0716660581425,362.22575332734044,4.157164193570168,7.940974967036339,-3.783810773466171
2023-08-01,388.17236569697883,392.57178500570257,387.1586307349808,392.0206298828125,1221300,SPGI,389.9808528301187,392.2933160956919,392.57178500570257,387.1586307349808,385.7614966623506,362.8222840865432,3.021529596841333,6.957085892997338,-3.9355562961560047
2023-08-02,388.07394823615755,389.68806687548766,384.5504900400061,388.0247497558594,1589600,SPGI,387.58431372687767,391.1370844629053,391.1370844629053,384.5504900400061,386.3469956393029,363.3803447235841,1.7785943374610724,5.921387581890085,-4.142793244429012
2023-08-03,382.6411720981246,386.7650145033607,376.6571883652751,377.66107177734375,2144600,SPGI,380.93111168602604,389.3606990948915,389.3606990948915,376.6571883652751,386.7144628525782,363.9316846833519,-0.04221636646445859,4.728666792219176,-4.770883158683635
2023-08-04,378.4877834767759,384.55052049332,374.6099937940003,380.7317810058594,1196600,SPGI,379.5950196924889,385.1459053904588,385.1459053904588,374.6099937940003,387.11465258156335,364.535488606635,-1.223339499556289,3.538265533864083,-4.761605033420372
2023-08-07,381.4698969044099,384.3438029178826,379.9050068277198,384.2158508300781,715500,SPGI,382.4836393700226,382.37046254147384,384.3438029178826,379.9050068277198,387.7236021601499,365.1074584189246,-1.8568481848095644,2.4592427901293537,-4.316090974938918
2023-08-08,381.77504920732133,382.8084877184975,374.65923020073063,380.4070129394531,951900,SPGI,379.91244501650067,382.4270509557482,382.8084877184975,374.65923020073063,388.2917378664095,365.6639509026014,-2.635865155302156,1.4402212010430517,-4.076086356345208
2023-08-09,380.21015938139925,385.8201683467576,380.02315708017363,381.5388488769531,927100,SPGI,381.8980834213209,381.16974798612443,385.8201683467576,380.02315708017363,388.8392058336366,366.1771506413671,-3.1258788305564735,0.5270011947231467,-3.6528800252796203
2023-08-10,383.7434269335876,388.5168508677927,381.07622656371916,381.6864318847656,933100,SPGI,383.7557340624663,381.53391570372264,388.5168508677927,381.07622656371916,389.3150226071077,366.71351612919955,-3.4623971244423615,-0.270878469109955,-3.1915186553324064
2023-08-11,379.0881307851717,382.4442600276433,377.4051102731467,381.5683288574219,817300,SPGI,380.1264574858459,382.64482488309443,382.64482488309443,377.4051102731467,389.74403950313797,367.2358746540873,-3.696014865429504,-0.9559057483738649,-2.7401091170556393
2023-08-14,381.9324637541087,384.46189022264537,380.50534748809537,382.5525207519531,847700,SPGI,382.3630555542006,381.38564118447016,384.46189022264537,380.50534748809537,390.1451535256206,367.7195107117934,-3.758417846235375,-1.516408167946167,-2.242009678289208
2023-08-15,379.7278566184882,382.38520522763804,378.98969922110746,380.93841552734375,971900,SPGI,380.51029414864433,381.8743483693354,382.38520522763804,378.98969922110746,390.3839227027765,368.1912707664313,-3.8932386286448946,-1.9917742600859127,-1.9014643685589818
2023-08-16,378.79286901193353,383.0151379999898,377.96613627925524,380.6431884765625,811000,SPGI,380.10433294193524,381.19232125898986,383.0151379999898,377.96613627925524,390.53908420998795,368.71519915730545,-3.9780509308383785,-2.389029594236406,-1.5890213366019723
2023-08-17,381.3419612004091,383.9894882464594,378.07440714449314,378.31060791015625,994300,SPGI,380.4291161253795,380.64832710046255,383.9894882464594,378.07440714449314,390.7029543588664,369.2676304639912,-4.185240205024229,-2.7482717163939707,-1.4369684886302583
2023-08-18,374.43283556533385,378.77320504662,374.1671096918402,375.96820068359375,1045100,SPGI,375.8353377468469,380.538721612921,380.538721612921,374.1671096918402,390.80029330593993,369.71944173455427,-4.486731635009335,-3.0959637001170437,-1.390767934892291
2023-08-21,375.968192311696,377.13940452829814,370.8404669993266,372.5037841796875,1168800,SPGI,374.11296200475203,378.18702967988395,378.18702967988395,370.8404669993266,390.8371514284912,370.18235235152866,-4.94817573419806,-3.4664061069332472,-1.4817696272648124
2023-08-22,374.8757060925312,379.4424242012207,372.99586166517474,377.4838562011719,1024800,SPGI,376.1994620400246,376.149995842318,379.4424242012207,372.99586166517474,390.80924855044145,370.6335836449692,-4.856045841715229,-3.7443340538896437,-1.1117117878255853
2023-08-23,380.5546343757219,385.8103120633202,379.1373696020206,385.5445861816406,770600,SPGI,382.76172555567587,376.17472894117134,385.8103120633202,376.17472894117134,390.89305455610435,371.116150804778,-4.085503553245815,-3.8125679537608783,-0.2729355994849363
2023-08-24,385.82016377006664,389.9538276635599,380.8695887733929,380.908935546875,770500,SPGI,384.3881289384736,379.4682272484236,389.9538276635599,379.4682272484236,390.9403954088031,371.5795911093194,-3.805039377266837,-3.8110622384620703,0.006022861195233098
2023-08-25,383.70072227336436,386.63064020052974,380.4945844452348,383.0298767089844,942300,SPGI,383.4639559070283,381.9281780934486,386.63064020052974,380.4945844452348,390.8818553427149,372.0358020552878,-3.372748327573504,-3.723399456284357,0.35065112871085313
2023-08-28,384.86482743070354,387.84405880496956,382.64519333211837,385.1607666015625,1016000,SPGI,385.1287115423385,382.6960670002385,387.84405880496956,382.64519333211837,390.7676372961258,372.4690971691462,-2.82563736185233,-3.543847037397952,0.718209675545622
2023-08-29,384.3518088147709,387.9328231500592,383.5626176574143,387.20281982421875,661400,SPGI,385.7625173616158,383.9123892712885,387.9328231500592,383.5626176574143,390.6339609465967,372.9319483791945,-2.2018893411824934,-3.2754554981548605,1.0735661569723671
2023-08-30,386.8279719636561,390.09329803409236,386.1966250124371,387.08447265625,750500,SPGI,387.5505919166089,384.8374533164521,390.09329803409236,384.8374533164521,390.7279669743251,373.46429446490515,-1.697545915695855,-2.9598735816630595,1.2623276659672045
2023-08-31,388.110439018511,390.53723056704905,385.4665852676759,385.5849609375,1201800,SPGI,387.424803947684,386.1940226165305,390.53723056704905,385.4665852676759,390.81793190158334,374.03818542933294,-1.4026789711186325,-2.6484346595541743,1.2457556884355419
2023-09-01,388.3373387435871,391.2672571685734,387.51855357487375,388.91937255859375,769400,SPGI,389.010630511407,386.80941328210724,391.2672571685734,386.80941328210724,390.97381434379577,374.5755106466583,-0.8896799653242056,-2.2966837207081805,1.407003755383975
2023-09-05,389.12649458170074,397.5019034717916,388.0610534579757,388.2386169433594,1334300,SPGI,390.73201711370683,387.91002189675714,397.5019034717916,387.91002189675714,391.1430623407491,375.09875729404087,-0.5319241555572489,-1.9437318076779944,1.4118076521207454
2023-09-06,387.8835309451224,390.507635338366,386.6602755534279,388.83056640625,1099500,SPGI,388.4705020607916,389.321019505232,390.507635338366,386.6602755534279,391.2575338354088,375.5877310175269,-0.19834828869380772,-1.5946551038811572,1.3963068151873494
2023-09-07,384.27292016427214,389.82694276493777,384.27292016427214,388.26824951171875,1160900,SPGI,386.6602581513002,388.89576078301184,389.82694276493777,384.27292016427214,391.31577074551825,376.03850189319763,0.020403516136298094,-1.2716433798776663,1.2920468960139644
2023-09-08,389.17583990514566,390.15246926119323,384.2531944283868,385.4369812011719,864600,SPGI,387.2546211989744,387.77800946715604,390.15246926119323,384.2531944283868,391.3690165915694,376.49698297214957,-0.03429842241524739,-1.0241743883851826,0.9898759659699352
2023-09-11,385.43694992804467,387.5283334854192,382.41825024908536,384.10516357421875,973300,SPGI,384.87217430919196,387.5163153330652,387.5283334854192,382.41825024908536,391.3201368596089,376.90326824114817,-0.1830070633459968,-0.8559409233773455,0.6729338600313487
2023-09-12,381.90532712213604,384.6774011626176,380.0802885634355,382.06317138671875,968700,SPGI,382.181547058727,386.19424482112856,386.19424482112856,380.0802885634355,391.06312027810463,377.2723878253306,-0.4603250954046416,-0.7768177577828048,0.3164926623781632
2023-09-13,381.4416423435896,385.62440969268965,380.5242008439316,384.5885925292969,680800,SPGI,383.0447113523769,384.1878959399278,385.62440969268965,380.5242008439316,390.9059921291443,377.6464821482999,-0.470893090966797,-0.7156328244196033,0.2447397334528063
2023-09-14,388.9982599367052,391.0403304180928,384.65764840882696,390.843017578125,825500,SPGI,388.8848140854375,383.61630364615235,391.0403304180928,383.61630364615235,390.86276163077434,378.07303794444937,0.025121937384938064,-0.567481872058695,0.5926038094436331
2023-09-15,388.16960209776454,389.37313817374474,382.56623653582506,383.0200500488281,2469900,SPGI,385.7822567140406,386.2505588657949,389.37313817374474,382.56623653582506,390.7992610568952,378.4941671198423,-0.21060297934764094,-0.49610609351648427,0.28550311416884333
2023-09-18,381.7474275057089,385.9400692138033,381.1160505389253,384.26300048828125,638300,SPGI,383.2666369366797,386.01640778991776,386.01640778991776,381.1160505389253,390.70636269218636,378.9215795607663,-0.29373496760791795,-0.45563186833477104,0.1618969007268531
2023-09-19,382.73399632373645,384.60834808986306,381.4219591191626,384.055908203125,849000,SPGI,383.20505293397173,384.6415223632987,384.6415223632987,381.4219591191626,390.5598715819003,379.39667633075544,-0.37203964249550836,-0.4389134231669185,0.06687378067141014
2023-09-20,384.7562973234357,386.82796184193546,380.61299839215053,381.0273132324219,773500,SPGI,383.3061426974859,383.9232876486352,386.82796184193546,380.61299839215053,390.41013700288136,379.7833497409431,-0.670747010597438,-0.48528014065302244,-0.18546686994441558
2023-09-21,378.4623533377464,379.8039841296461,367.1372782456437,367.2852478027344,1078900,SPGI,373.17221587894267,383.6147151730605,383.6147151730605,367.1372782456437,389.8867177056689,379.99171644057196,-1.993366298964645,-0.786897372315347,-1.206468926649298
2023-09-22,367.5418038772638,370.82684896301197,366.06204787174045,366.6736755371094,1159300,SPGI,367.7760940622814,378.3934655260016,378.3934655260016,366.06204787174045,389.15764400951974,380.10793284279566,-3.055676448658744,-1.2406531875840263,-1.8150232610747177
2023-09-25,365.4405845083109,367.57143699621463,364.52314291240845,366.4468078613281,946300,SPGI,365.99549306956555,373.08477979414147,373.08477979414147,364.52314291240845,388.3170250391033,380.25506185145133,-3.871245908183255,-1.766771731703872,-2.104474176479383
2023-09-26,361.2380643775642,363.64513679178685,358.3377399129798,359.15655517578125,1852900,SPGI,360.59437406452804,369.5401364318535,369.5401364318535,358.3377399129798,387.3232587459666,380.3866626808641,-5.047666685766785,-2.422950722516455,-2.6247159632503303
2023-09-27,360.20219615740604,360.655979549943,356.0391482370576,358.1601257324219,1437600,SPGI,358.76436241920715,365.0672552481908,365.0672552481908,356.0391482370576,386.2368902631965,380.5499328465337,-5.99132785814993,-3.13662614964315,-2.85470170850678
2023-09-28,358.1601270401324,365.3221554581743,357.9332202901796,363.5563049316406,1907200,SPGI,361.2429519300317,361.915808833699,365.3221554581743,357.9332202901796,385.13272463640465,380.696486670599,-6.231921856425231,-3.7556852909995664,-2.4762365654256646
2023-09-29,366.4961043902348,369.6331798310784,359.6497643391586,360.4784240722656,1142100,SPGI,364.0643681581843,361.57938038186535,369.6331798310784,359.6497643391586,384.08941628689746,380.85436911127925,-6.594931332671706,-4.323534499333994,-2.271396833337712
2023-10-02,362.30347254842167,366.9893665985342,359.6694935937394,361.770751953125,1568600,SPGI,362.68327117345507,362.82187427002486,366.9893665985342,359.6694935937394,382.9939296751576,380.985555801846,-6.701092871056403,-4.799046173678476,-1.9020466973779273
2023-10-03,359.2650223576361,360.74477836942833,350.2089227908385,351.6097717285156,1027000,SPGI,355.4571238116047,362.75257272173997,362.75257272173997,350.2089227908385,381.7679948775898,381.0058742370477,-7.518464659833114,-5.342929870909404,-2.17553478892371
2023-10-04,353.0796681535056,357.68662520787495,352.02410159461823,357.39068603515625,1069600,SPGI,355.0452702477888,359.1048482666723,359.1048482666723,352.02410159461823,380.5124160529714,381.00995012334096,-7.612019596267146,-5.796747815980953,-1.815271780286193
2023-10-05,356.2562357262173,357.53867903292445,352.63575237908145,356.4042053222656,714200,SPGI,355.7087181151222,357.0750592572306,357.53867903292445,352.63575237908145,379.20893859384626,381.03592604308346,-7.677264579444397,-6.172851168673642,-1.5044134107707556
2023-10-06,354.80602546704705,361.228176018052,352.7343610855249,359.1466369628906,880400,SPGI,356.97879988337866,356.3918886861764,361.228176018052,352.7343610855249,378.4483604052356,381.07092142817885,-7.422122773514104,-6.422705489641735,-0.9994172838723694
2023-10-09,357.09477600959633,362.3232358591521,357.09477600959633,361.524169921875,638600,SPGI,359.5092394500549,356.68534428477756,362.3232358591521,356.68534428477756,377.84345484874297,381.1335773614394,-6.947982002641027,-6.527760792241594,-0.4202212103994327
2023-10-10,361.06046151913927,367.4036749701837,360.33045819798326,364.5921325683594,889900,SPGI,363.3466818139164,358.09729186741623,367.4036749701837,358.09729186741623,377.3862596445005,381.22896285132157,-6.252587147648967,-6.472726063323069,0.22013891567410226
2023-10-11,366.91042277297385,369.00180642054636,364.2370053824042,366.8808288574219,611400,SPGI,366.7575158583366,360.7219868406663,369.00180642054636,360.7219868406663,376.92179290506493,381.34164478370775,-5.453933501474694,-6.268967550953394,0.8150340494787001
2023-10-12,367.80818246595305,368.3507777805982,358.9691142212036,360.8829345703125,861200,SPGI,364.00275225951685,363.7397513495015,368.3507777805982,358.9691142212036,376.45016167571777,381.39857865751037,-5.2445191235124184,-6.064077865465199,0.8195587419527808
2023-10-13,361.56362109741667,363.50703534517277,355.674190517625,358.8013916015625,661900,SPGI,359.88655964044426,363.87125180450914,363.87125180450914,355.674190517625,376.0292706348061,381.3718667436922,-5.186730441721295,-5.888608380716419,0.701877938995124
2023-10-16,361.4353940090226,366.61454077811095,360.0542942250759,362.5797424316406,826700,SPGI,362.67099286096254,361.8789057224767,366.61454077811095,360.0542942250759,375.69079009817557,381.40272133986946,-4.780939465933216,-5.667074597759779,0.8861351318265633
2023-10-17,359.7977414461392,366.63420696664554,357.9529837760704,362.352783203125,728100,SPGI,361.68442884799504,362.2749492917196,366.63420696664554,357.9529837760704,375.274805887735,381.4992040239424,-4.426633432294977,-5.418986364666819,0.9923529323718414
2023-10-18,359.324178531169,360.8138090856233,354.8454724061904,355.0427551269531,975900,SPGI,357.506553787484,361.97968906985733,361.97968906985733,354.8454724061904,374.8266880631547,381.55921296478203,-4.681733412788162,-5.271535774291088,0.589802361502926
2023-10-19,355.91091914878393,357.48933160200386,351.2447442958988,352.734375,899800,SPGI,354.34484251167163,359.74312142867063,359.74312142867063,351.2447442958988,374.2756232449617,381.55741453929915,-5.012389266176115,-5.2197064726680935,0.20731720649197882
2023-10-20,352.59627888990053,352.59627888990053,345.1679048484945,345.3059997558594,2062600,SPGI,348.91661559603875,357.0439819701711,357.0439819701711,345.1679048484945,373.5788408756331,381.4469317413704,-5.806905817324036,-5.337146341599282,-0.4697594757247545
2023-10-23,343.20474702612705,349.8735239223859,341.43889637762913,345.4737243652344,1128500,SPGI,344.9977229228441,352.9802987831049,352.9802987831049,341.43889637762913,372.87626618437315,381.3101528437556,-6.349834988930525,-5.539684071065531,-0.8101509178649939
2023-10-24,345.52302347504644,349.133631701347,340.4425339333153,343.24420166015625,1548500,SPGI,344.58584769246625,348.9890108529745,349.133631701347,340.4425339333153,372.12072202713847,381.1329377763795,-6.880697718213298,-5.807886800495084,-1.072810917718214
2023-10-25,341.9420474401432,348.79826299978737,341.24163795645967,344.4181823730469,1113300,SPGI,344.10003269235926,346.7874292727204,348.79826299978737,341.24163795645967,371.39251679801265,380.88821975039457,-7.124552418267285,-6.071219924049525,-1.0533324942177602
2023-10-26,343.0469046382958,348.0978004973846,342.7509654690969,343.5599060058594,946100,SPGI,344.36389415265916,345.4437309825398,348.0978004973846,342.7509654690969,370.67770802222714,380.60839611610754,-7.302881680726102,-6.317552275384841,-0.9853294053412611
2023-10-27,343.7966846173964,345.26656611722547,336.0131526870793,337.8579406738281,1160900,SPGI,340.7335860238823,344.9038125675995,345.26656611722547,336.0131526870793,369.8837974201973,380.29337588953183,-7.814232249814836,-6.616888270270841,-1.1973439795439953
2023-10-30,340.1465885028155,342.1491905442556,335.8947584044589,340.4129638671875,1546500,SPGI,339.65087532967937,342.8186992957409,342.8186992957409,335.8947584044589,369.16010817185384,379.9802007388969,-7.921992443792249,-6.877909104975123,-1.044083338817126
2023-10-31,340.8272808768127,344.69439007053774,338.3117075452757,344.5957336425781,1748100,SPGI,342.1072780338011,341.2347873127101,344.69439007053774,338.3117075452757,368.51999449243493,379.67857296046304,-7.582472585836911,-7.018821801147481,-0.5636507846894299
2023-11-01,345.7992779955751,348.5121642472496,342.31691975674516,346.65753173828125,1411700,SPGI,345.82147343446275,341.6710326732556,348.5121642472496,341.6710326732556,367.91243472032363,379.3608416353826,-7.065583132957272,-7.02817406750944,-0.03740906544783229
2023-11-02,360.0739810947215,374.6939784565965,360.0739810947215,370.84661865234375,3046500,SPGI,366.4221398245958,343.74625305385916,374.6939784565965,343.74625305385916,367.585643005702,379.2393487809032,-4.650479527067091,-6.55263515942097,1.902155632353879
2023-11-03,376.2625099698504,380.32690180271334,374.9208488188361,377.7323913574219,1888400,SPGI,377.31066298720543,355.08419643922747,380.32690180271334,355.08419643922747,367.44409368667664,379.1922445477399,-2.1560150100577857,-5.673311129548334,3.517296119490548
2023-11-06,377.0516681759416,380.10983645729993,376.18353987870836,379.458740234375,1209300,SPGI,378.20094618658123,366.1974297132165,380.10983645729993,366.1974297132165,367.3388334922677,379.1103444174914,-0.039378056290047425,-4.546524514896677,4.50714645860663
2023-11-07,380.54395040625826,382.7635845952773,378.4920351580355,379.3798828125,908800,SPGI,380.29486324301774,372.1991879498988,382.7635845952773,372.1991879498988,367.24215652628135,379.0048969112036,1.6131138716267515,-3.3145968375919916,4.9277107092187435
2023-11-08,378.3045498076397,381.52053224866086,376.9628887656908,381.1654052734375,781700,SPGI,379.4883440238572,376.2470255964583,381.52053224866086,376.2470255964583,367.11667305952614,378.8753170030614,3.031853055663362,-2.045306858940921,5.077159914604283
2023-11-09,384.37157088163116,385.2199498985775,380.1789287447961,382.4478759765625,1200200,SPGI,383.0545813753918,377.86768481015775,385.2199498985775,377.86768481015775,367.0267528487018,378.8773599115135,4.211155172685892,-0.7940144526155586,5.00516962530145
2023-11-10,384.4899666984492,388.7812654845397,381.83626830431183,388.65301513671875,1201200,SPGI,385.9401289060049,380.4611330927748,388.7812654845397,380.4611330927748,366.9970593478682,378.90749562472575,5.582116306517321,0.48121169921101725,5.100904607306304
2023-11-13,389.0968770387555,390.6752591761533,387.3902144732,389.4815979003906,1164900,SPGI,389.16098714712484,383.20063099938983,390.6752591761533,383.20063099938983,367.00006648058263,378.98694041218914,6.658715064239232,1.7167123722166602,4.942002692022571
2023-11-14,394.2465007661886,400.9448417216469,393.3487784503023,398.4588623046875,1674000,SPGI,396.7497458107063,386.18080907325736,400.9448417216469,386.18080907325736,367.1204210545226,379.1317416976359,8.142456378874215,3.0018611735481713,5.1405952053260435
2023-11-15,398.45885811049527,401.84255980772406,396.1602867936686,396.6338195800781,1243600,SPGI,398.2738810729915,391.4652774419818,401.84255980772406,391.4652774419818,367.3164886347666,379.2870112350877,9.066552788333127,4.2147994965051625,4.851753291827964
2023-11-16,398.97183235043724,400.1260553546446,397.76829618519565,398.5279235839844,1062300,SPGI,398.84852686856544,394.86957925748663,400.1260553546446,394.86957925748663,367.5602540091119,379.4380123773151,9.838334023538948,5.33950640191192,4.498827621627028
2023-11-17,398.05432576879446,402.90793822914196,396.36741252041395,402.6119689941406,1647100,SPGI,399.98541137812276,396.85905306302607,402.90793822914196,396.36741252041395,367.81486981269484,379.5919432021321,10.65668096106549,6.402941313742634,4.253739647322856
2023-11-20,402.07926256575234,407.6332845641349,402.0299494110433,405.98583984375,1510400,SPGI,404.4320840961701,398.4222322205744,407.6332845641349,398.4222322205744,368.2060680084344,379.7631024340216,11.44553300597886,7.41145965218988,4.03407335378898
2023-11-21,405.48276688740793,408.29430950943447,405.39398513375,408.1759338378906,1059400,SPGI,406.83674884212076,401.42715815837227,408.29430950943447,401.42715815837227,368.6991720441022,379.88114616110346,12.10785440815323,8.35073860338255,3.757115804770679
2023-11-22,409.68530195966093,412.14168756985356,408.2943275461433,409.49786376953125,977600,SPGI,409.90479521129726,404.1319535002465,412.14168756985356,404.1319535002465,369.2363737212807,380.0711829252125,12.594239040777893,9.19943869086162,3.3948003499162738
2023-11-24,410.4054306952699,410.4054306952699,407.1894477553051,409.49786376953125,404200,SPGI,409.374543228844,407.01837435577187,410.4054306952699,407.01837435577187,369.6461683041487,380.25446496746156,12.8317855302613,9.925908058741555,2.9058774715197444
2023-11-27,407.7281640446149,409.310006253227,405.73110673605964,407.5699768066406,1326900,SPGI,407.58481346013554,408.1964587923079,409.310006253227,405.73110673605964,370.0822194390707,380.440740247983,12.717874725491924,10.484301392091629,2.2335733334002956
2023-11-28,406.33418431987104,412.99765982889454,405.35543280072403,408.2917175292969,1134400,SPGI,408.2447486196966,407.8906361262217,412.99765982889454,405.35543280072403,370.5817816727311,380.6440721824588,12.541270081676657,10.895695130008635,1.6455749516680225
2023-11-29,409.82409440155004,413.5908393988262,409.0529504691423,409.932861328125,946800,SPGI,410.60018639941086,408.0676923729592,413.5908393988262,408.0676923729592,371.1296843420398,380.8447779619701,12.390901617264376,11.194736427459784,1.1961651898045922
2023-11-30,408.43998357523316,411.3960302137838,407.43154372417865,411.10931396484375,1666000,SPGI,409.59421786950986,409.333939386185,411.3960302137838,407.43154372417865,371.65544584548036,381.0327914241809,12.225732784346121,11.400935698837053,0.8247970855090685
2023-12-01,412.26605152292836,420.1554702769885,411.28730004817527,417.20928955078125,1974400,SPGI,415.22952784971835,409.46407862784747,420.1554702769885,409.46407862784747,372.49659208489584,381.1916548952824,12.443610152483814,11.609470589566406,0.8341395629174073
2023-12-04,414.78708090400863,420.7684168769842,413.284347441177,419.3744201660156,1513400,SPGI,417.05356634704634,412.3468032387829,420.7684168769842,412.3468032387829,373.4821415305911,381.31989277005545,12.645221243237359,11.816620720300598,0.8286005229367603
2023-12-05,421.2627443845199,421.3121646955974,414.94527179850894,418.3462219238281,1661200,SPGI,418.9666007006136,414.7001847929146,421.3121646955974,414.7001847929146,374.5415636832121,381.42929436115776,12.577052052932572,11.968706986826994,0.6083450661055778
2023-12-06,418.1979228861497,420.1752180298194,413.6303759316533,413.9071960449219,1475600,SPGI,416.4776782231361,416.8333927467641,420.1752180298194,413.6303759316533,375.6592297663842,381.49124425617543,12.02620458810378,11.980206507082352,0.04599808102142866
2023-12-07,414.73765163371183,415.16276284365995,411.8705797424603,412.6417236328125,1243000,SPGI,413.60317946316115,416.65553548495006,416.65553548495006,411.8705797424603,376.7560061072633,381.4964481852299,11.356628808276469,11.855490967321176,-0.4988621590447071
2023-12-08,410.92148673155594,414.09503695441407,408.4795260490683,410.6644287109375,1651500,SPGI,411.04011961149394,415.1293574740556,415.1293574740556,408.4795260490683,377.75194946089255,381.4423370486486,10.544879200019636,11.593368613860868,-1.0484894138412315
2023-12-11,411.39603655409496,419.3151135246926,411.2576415783866,418.9394226074219,1380200,SPGI,415.22705356614904,413.08473854277474,419.3151135246926,411.2576415783866,378.7752031690518,381.43230972797465,10.448836949395286,11.364462280967752,-0.9156253315724658
2023-12-12,418.68234352001497,422.30079719278234,417.53550873538416,421.96466064453125,1095900,SPGI,420.12082752317815,414.1558960544619,422.30079719278234,414.1558960544619,379.92395429604636,381.458941985602,10.495844636916104,11.190738752157422,-0.6948941152413184
2023-12-13,424.0309417943607,431.0404495286973,422.5183122010713,430.3187561035156,1204900,SPGI,426.9771149069112,417.13836178882,431.0404495286973,417.13836178882,381.35435411795237,381.56117449777105,11.079486826010452,11.16848836692803,-0.08900154091757706
2023-12-14,435.00491837847915,436.6559730485304,430.8525866345968,432.81011962890625,1320900,SPGI,433.83089942262814,422.0577383478656,436.6559730485304,422.0577383478656,382.93006670144916,381.72124137721033,11.609235639138205,11.256637821370065,0.3525978177681406
2023-12-15,427.6790669280965,432.3850392167877,427.64940870657665,430.8328552246094,2389400,SPGI,429.63659251901754,427.94431888524684,432.3850392167877,427.64940870657665,384.40862418952713,381.8087813916867,11.734251530116182,11.35216056311929,0.38209096699689304
2023-12-18,431.02068113324947,434.34252247731723,430.2099828869724,431.4556884765625,899800,SPGI,431.7572187435254,428.7904557021322,434.34252247731723,428.7904557021322,385.90419256673005,382.17627648598284,11.748159492945717,11.431360349084576,0.3167991438611413
2023-12-19,430.2198789909017,434.82698027488493,429.5673679759723,431.7028503417969,1181900,SPGI,431.57926939588896,430.2738372228288,434.82698027488493,429.5673679759723,387.3455931656468,382.59452400719493,11.644890501586474,11.474066379584956,0.17082412200151786
2023-12-20,431.74238177847525,432.4937333733509,422.71602514103637,422.9730529785156,1553400,SPGI,427.48129831784456,430.92655330935884,432.4937333733509,422.71602514103637,388.6282854957254,383.0072725701129,10.734882351153374,11.32622957389864,-0.5913472227452665
2023-12-21,424.17923191249207,428.1634804509987,424.17923191249207,427.7779235839844,817500,SPGI,426.0749669649918,429.2039258136017,429.2039258136017,424.17923191249207,389.81463451785845,383.36821371146175,10.28287268214882,11.117558195548677,-0.8346855133998563
2023-12-22,430.1902196596509,431.90056063707647,427.70870461746733,429.90350341796875,698500,SPGI,429.92574708304085,427.6394463892967,431.90056063707647,427.6394463892967,391.13309441432887,383.79162804502334,9.981112242395852,10.890269004918112,-0.9091567625222599
2023-12-26,429.5772958479072,433.6505192986227,429.5772958479072,431.27777099609375,535100,SPGI,431.02072049763274,428.7825967361688,433.6505192986227,428.7825967361688,392.55577763147267,384.29252413313935,9.740573559449615,10.660329915824413,-0.9197563563747977
2023-12-27,430.34842210120354,435.2916600994724,429.07305824973366,435.00494384765625,821100,SPGI,432.42952107451646,429.90165861690076,435.2916600994724,429.07305824973366,393.95094819574376,384.8208691469597,9.73843796912405,10.47595152648434,-0.7375135573602911
2023-12-28,434.668821565126,438.4355666298709,434.0360725984164,436.8240661621094,679000,SPGI,435.99113173888065,431.1655898457086,438.4355666298709,431.1655898457086,395.43708225356147,385.35594407064826,9.770900606128748,10.334941342413222,-0.5640407362844737
2023-12-29,436.82406508101025,438.68272745220554,434.1547345835302,435.51904296875,884300,SPGI,436.295142521374,433.57836079229463,438.68272745220554,433.57836079229463,397.0128540282393,385.91977104569696,9.580880587147874,10.184129191360153,-0.6032486042122791
2024-01-02,434.2832540862636,435.4993015902232,428.8358259039684,431.43597412109375,1080600,SPGI,432.51358892538724,434.9367516568343,435.4993015902232,428.8358259039684,398.5762289565136,386.4259261007376,8.99710578571569,9.946724510231261,-0.949618724515572
2024-01-03,428.4897585754358,429.66625162938914,424.208897585201,424.98004150390625,936500,SPGI,426.83623732348303,433.72517029111077,433.72517029111077,424.208897585201,400.13462139106247,386.8567311333478,7.922198073983623,9.541819222981735,-1.619621148998112
2024-01-04,425.7610610994012,428.72700374749337,424.1495607665572,424.7922058105469,1052100,SPGI,425.85745785599966,430.2807038072969,430.2807038072969,424.1495607665572,401.75181608972554,387.31404113704934,6.974768408922898,9.028409060169968,-2.05364065124707
2024-01-05,423.99139547663054,426.482806739463,420.93647801156106,423.07196044921875,921200,SPGI,423.62066016921835,428.0690808316483,428.0690808316483,420.93647801156106,403.3325123392606,387.7266171831995,6.015768119337167,8.42588087200341,-2.410112752666242
2024-01-08,425.7610608791124,427.48132813048335,422.7259056630642,427.2638244628906,1193100,SPGI,425.80802978388766,425.84487050043333,427.48132813048335,422.7259056630642,404.96667228109123,388.1795945395519,5.53025256454913,7.846755210512554,-2.316502645963424
2024-01-09,423.4278673210238,427.96575595159754,423.4278673210238,425.2865295410156,706200,SPGI,425.0270050336652,425.8264501421605,427.96575595159754,423.4278673210238,406.5799344987114,388.6288212604693,4.929107135382765,7.263225595486596,-2.3341184601038316
2024-01-10,426.8485826866911,430.0122669371865,424.772416782999,428.2129211425781,1002500,SPGI,427.4615468873637,425.42672758791286,430.0122669371865,424.772416782999,408.3144937159809,389.09914556808906,4.635396432480945,6.737659762885467,-2.1022633304045213
2024-01-11,429.24113268541566,430.674653572407,425.3359626795891,429.2608947753906,1328800,SPGI,428.6281609282006,426.4441372376383,430.674653572407,425.3359626795891,410.0940394279514,389.62707379990263,4.436055215075839,6.277338853323542,-1.8412836382477025
2024-01-12,432.5036670439738,434.31287887778547,429.211483809253,432.03900146484375,842800,SPGI,432.016757798964,427.53614908291945,434.31287887778547,427.53614908291945,411.89222902325463,390.2061117578448,4.450938211252435,5.912058724909321,-1.461120513656886
2024-01-16,428.5194365252903,433.24517104900394,427.9559001280642,431.5941162109375,1127800,SPGI,430.328655978324,429.77645344094174,433.24517104900394,427.9559001280642,413.5823726741318,390.7474036972277,4.376386313799969,5.604924242687451,-1.2285379288874818
2024-01-17,428.91488838692374,434.50074151700255,428.5391974564567,432.7607421875,1041000,SPGI,431.17889238697074,430.0525547096329,434.50074151700255,428.5391974564567,414.8775077253794,391.2315753655407,4.361167539694918,5.356172902088945,-0.9950053623940267
2024-01-18,434.4908641840348,436.15178493418415,430.6845648365945,434.6094970703125,1204100,SPGI,433.9841777562815,430.61572354830184,436.15178493418415,430.61572354830184,416.0109780207609,391.72753585371873,4.447023105737912,5.174342942818739,-0.7273198370808265
2024-01-19,436.2209728444183,438.42563758906624,434.0459361485338,436.93280029296875,1172500,SPGI,436.4063367187468,432.29995065229167,438.42563758906624,432.29995065229167,417.1750858314042,392.25695966183594,4.648945266630335,5.069263407581058,-0.42031814095072306
2024-01-22,439.6713646730204,441.14443995162026,437.81270234582746,439.414306640625,1025000,SPGI,439.5107034027733,434.3531436855192,441.14443995162026,434.3531436855192,418.35940263459923,392.8007795804403,4.952121878918831,5.045835101848613,-0.09371322292978235
2024-01-23,441.50034283054566,441.92545403519097,437.9906259318395,441.4212341308594,816600,SPGI,440.7094142321089,436.93192354414623,441.92545403519097,436.93192354414623,419.58382403876436,393.35024854914525,5.293315755244237,5.095331232527738,0.19798452271649847
2024-01-24,443.3194667506947,445.2077872566222,440.1459164540518,440.83795166015625,892400,SPGI,442.37778053038124,438.82066888812756,445.2077872566222,438.82066888812756,420.77028802186413,393.898520435283,5.453780552363412,5.1670210964948735,0.28675945586853846
2024-01-25,442.2813585684606,444.4662914022821,438.58382634373055,444.2388916015625,1071000,SPGI,442.39259197900896,440.5992247092544,444.4662914022821,438.58382634373055,421.8993372833242,394.4481983155962,5.7886495419864445,5.291346785593188,0.49730275639325683
2024-01-26,443.8335956329924,444.33781560443185,440.3634627934098,441.5300598144531,787600,SPGI,442.5162334613218,441.49590834413164,444.33781560443185,440.3634627934098,422.96644220960815,394.9832543450954,5.768954624434684,5.386868353361487,0.3820862710731969
2024-01-29,442.84489002390114,445.50435434825334,439.90860559227315,444.70355224609375,1073600,SPGI,443.2403505526304,442.0060709027267,445.50435434825334,439.90860559227315,423.89625430444664,395.5083376794846,5.940937152245112,5.497682113138213,0.4432550391068997
2024-01-30,445.07927294581856,450.1609060063255,443.4084560600179,449.399658203125,1098700,SPGI,447.01207330382175,442.62321072767855,450.1609060063255,442.62321072767855,424.8710181490632,396.09375339191496,6.382596449498067,5.674664980410184,0.7079314690878826
2024-01-31,449.8445280913328,451.9997724935043,442.8745448121148,443.2601318359375,1820100,SPGI,446.9947443082224,444.81764201575015,451.9997724935043,442.8745448121148,425.8339424978564,396.69709825348417,6.166126884441951,5.7729573612165375,0.39316952322541354
2024-02-01,443.2601502221398,452.26671522823636,442.6471935475768,452.0294494628906,1078100,SPGI,447.5508771152109,445.90619316198627,452.26671522823636,442.6471935475768,426.7852518125981,397.3000608126465,6.625805675400613,5.943527024053353,0.6822786513472607
2024-02-02,449.8346435179802,451.5450146725233,443.0920598619803,448.8954162597656,1552900,SPGI,448.34178357806235,446.72853513859855,451.5450146725233,443.0920598619803,427.663445802236,397.9347569053352,6.660436772621495,6.086908973766981,0.5735277988545135
2024-02-05,444.89138428242705,447.8770889331164,440.61055379340576,446.4139099121094,1247300,SPGI,444.9482342302647,447.5351593583305,447.8770889331164,440.61055379340576,428.4256755099988,398.5624237770506,6.413712062965885,6.152269591606762,0.261442471359123
2024-02-06,446.66110210474545,449.3600907097027,444.61459435709014,448.1440734863281,975700,SPGI,447.19496516446657,446.2416967942976,449.3600907097027,444.61459435709014,429.1714789090622,399.2039263151715,6.285337238666671,6.178883121018744,0.10645411764792634
2024-02-07,454.16493155751175,455.9247230486065,448.480207954616,454.5010681152344,1584000,SPGI,453.26773266899215,446.7183309793821,455.9247230486065,446.7183309793821,430.0493426978652,399.847755501007,6.6202415804684165,6.267154812908679,0.3530867675597378
2024-02-08,426.8979724839781,432.37508800558624,415.0836531262524,431.67315673828125,3790200,SPGI,426.5074675885245,449.99303182418714,449.99303182418714,415.0836531262524,430.42779578043303,400.25500760975183,4.986156706163342,6.010955191559612,-1.0247984853962695
2024-02-09,431.9697913696816,436.03314872046934,426.4333587403025,432.9189147949219,1863700,SPGI,431.83880340634386,438.2502497063558,438.2502497063558,426.4333587403025,430.8996768761659,400.74072927444854,3.7484451914265833,5.558453191533006,-1.8100080001064232
2024-02-12,434.1547278568393,434.1547278568393,424.3077758944941,424.65380859375,1817000,SPGI,429.3177600504807,435.04452655634987,435.04452655634987,424.3077758944941,431.27402834918735,401.2018563456136,2.0766861573777646,4.862099784701958,-2.7854136273241936
2024-02-13,417.0511194325221,421.4209553038151,415.3605404055179,417.6838684082031,1888800,SPGI,417.87912088751455,432.1811433034153,432.1811433034153,415.3605404055179,431.43972640954735,401.54758612751385,0.18723087479014566,3.927126002719596,-3.7398951279294503
2024-02-14,419.6314612082232,420.66952905871807,412.73069050447856,416.42822265625,1621300,SPGI,417.36497585691745,425.0301320954649,425.0301320954649,412.73069050447856,431.48243536969136,401.98951372729357,-1.3954107413507018,2.8626186539055367,-4.258029395256239
2024-02-15,418.68234243753585,421.8163684548869,417.2883457676955,419.6709899902344,1378100,SPGI,419.36451166258814,421.1975539761912,421.8163684548869,417.2883457676955,431.52865427600227,402.5053979032967,-2.3607877103585793,1.8179373810527135,-4.178725091411293
2024-02-16,417.2092602191052,422.65671779758026,417.0708350819146,418.7614440917969,1813400,SPGI,418.9245642975992,420.2810328193897,422.65671779758026,417.0708350819146,431.5278135479419,403.034688615577,-3.162789991817192,0.8217919064787325,-3.9845818982959242
2024-02-20,418.3560851266298,421.3714479721441,415.91412456322917,421.1737365722656,2424700,SPGI,419.2038485585672,419.60279855849444,421.3714479721441,415.91412456322917,431.58233695465054,403.6207833605174,-3.562662578656898,-0.05509899054839365,-3.5075635881085043
2024-02-21,420.67944446571596,424.61424255307554,416.5963251033789,419.5128173828125,979400,SPGI,420.35070737624574,419.4033235585308,424.61424255307554,416.5963251033789,431.7172875129123,404.2366468100878,-3.967847901651112,-0.8376487727689373,-3.1301991288821744
2024-02-22,424.23855285843945,432.65195350401547,423.61573022049504,430.2792053222656,1328000,SPGI,427.6963604763039,419.8770154673883,432.65195350401547,419.8770154673883,432.0504123302085,404.90118089555057,-3.3812259925688295,-1.3463642167289158,-2.0348617758399135
2024-02-23,431.5249286461621,435.32133192695676,431.20855416331307,433.2945861816406,871200,SPGI,432.8373502295181,423.78668797184605,435.32133192695676,423.78668797184605,432.4026182634759,405.58891071626385,-2.642546240345439,-1.6056006214522205,-1.0369456188932185
2024-02-26,432.62087979629393,435.2165210248153,429.3614834131931,429.38128662109375,1135400,SPGI,431.645042713849,428.31201910068205,435.2165210248153,428.31201910068205,432.63310256728926,406.2785284316678,-2.3458661003811017,-1.753653717237997,-0.5922123831431048
2024-02-27,429.22278333311107,430.5602406378258,422.2779341633618,423.8630676269531,1493600,SPGI,426.48100644031297,429.9785309072655,430.5602406378258,422.2779341633618,432.62318039795736,406.9887672579548,-2.526890684267755,-1.9083011106439487,-0.6185895736238065
2024-02-28,423.49648503992296,427.79613925877857,422.20858118855347,425.3986511230469,1222200,SPGI,424.72496415257547,428.22976867378924,428.22976867378924,422.20858118855347,432.4410616925563,407.68556419700275,-2.51742589777524,-2.030126068070207,-0.48729982970503327
2024-02-29,428.4896864127878,429.5596341532595,424.0414018863005,424.3980712890625,2070200,SPGI,426.6221984353526,426.4773664131824,429.5596341532595,424.0414018863005,432.38077381088294,408.3946990002051,-2.5611401868778785,-2.1363288918317416,-0.4248112950461369
2024-03-01,424.0215649674914,428.2518626870501,423.0209436556858,425.0221862792969,1484400,SPGI,425.079139397381,426.5497824242675,428.2518626870501,423.0209436556858,432.2472122239601,409.07570239534505,-2.51641554023729,-2.2123462215128513,-0.30406931872443854
2024-03-04,424.398056123942,425.5175571982449,420.00924184966425,421.4853820800781,2056800,SPGI,422.8525593129823,425.81446091082427,425.81446091082427,420.00924184966425,432.07267802230194,409.70913559397434,-2.7348359892145027,-2.316844175053182,-0.4179918141613208
2024-03-05,419.87054798670704,423.0903381965124,417.47305959224013,418.3844909667969,1456200,SPGI,419.7046091855641,424.33351011190325,424.33351011190325,417.47305959224013,431.91714423965624,410.2727148676908,-3.1221614327579346,-2.4779076265941327,-0.6442538061638019
2024-03-06,420.3857211993158,422.93183958987936,418.4241452003161,422.1789245605469,1529800,SPGI,420.98015763751454,422.0190596487337,422.93183958987936,418.4241452003161,431.8152480531067,410.8149412854826,-3.0873514914999305,-2.5997963995752924,-0.4875550919246381
2024-03-07,426.72620726986105,426.72620726986105,422.43643938038525,422.7039489746094,1189000,SPGI,424.64820072367917,421.49960864312413,426.72620726986105,421.49960864312413,431.70969712591955,411.4213957701242,-2.9830129632785543,-2.676439712315945,-0.3065732509626091
2024-03-08,423.7639848603068,426.59741579765415,422.9020766775662,424.24945068359375,1138700,SPGI,424.3782320047802,423.0739046834017,426.59741579765415,422.9020766775662,431.5768473560625,412.06631249376755,-2.7439839177926046,-2.689948553411277,-0.05403536438132761
2024-03-11,423.0308694019576,424.70516261525853,419.3553637562538,422.7138366699219,987300,SPGI,422.45130811084795,423.72606834409095,424.70516261525853,419.3553637562538,431.3772830967891,412.66411564626645,-2.647939100707106,-2.681546662870443,0.03360756216333716
2024-03-12,425.3293376138273,426.7262348313035,422.18879049642504,424.62591552734375,1005600,SPGI,424.7175696172249,423.08868822746945,426.7262348313035,422.18879049642504,431.15181185435597,413.2944470539587,-2.3899838610799407,-2.6232341025123427,0.23325024143240203
2024-03-13,424.3088929265542,426.1714224616999,422.71384275634324,424.0513000488281,750100,SPGI,424.3113645483564,423.90312892234715,426.1714224616999,422.71384275634324,430.9121362948956,413.9624951615675,-2.2064841660846355,-2.5398841152268012,0.33339994914216575
2024-03-14,422.75345070603265,424.12062783513664,417.1460592729605,419.5336608886719,1296000,SPGI,420.88844967570043,424.10724673535174,424.12062783513664,417.1460592729605,430.6796335099019,414.6279312332078,-2.397952951544255,-2.5114978824902923,0.11354493094603724
2024-03-15,416.12563380110026,420.57388758647284,414.75845667523333,418.8797912597656,2467000,SPGI,417.584442330643,422.4978482055261,422.4978482055261,414.75845667523333,430.4945976100451,415.3146095005538,-2.572797549278164,-2.523757815847867,-0.049039733430296994
2024-03-18,420.1281234145421,422.25813234109205,417.4432920750935,417.8296813964844,1023100,SPGI,419.414807306803,420.04114526808456,422.25813234109205,417.4432920750935,430.36574459906114,416.0587803443933,-2.764233875066111,-2.5718530276915157,-0.19238084737459538
2024-03-19,418.4637830901767,420.1182430490883,416.8290961076389,420.0290832519531,1643900,SPGI,418.86005137471426,419.72797628744377,420.1182430490883,416.8290961076389,430.2705324231711,416.8015223812158,-2.707267499391776,-2.598935922031568,-0.10833157736020782
2024-03-20,420.20735574321674,422.0996051829532,417.8098675096823,422.06988525390625,1333100,SPGI,420.54667842243964,419.29401383107904,422.0996051829532,417.8098675096823,430.16530539594214,417.56598883851666,-2.468984652204597,-2.5729456680661738,0.10396101586157691
2024-03-21,423.37760940883464,427.3899508746886,422.050068896257,424.5664367675781,1248400,SPGI,424.34601648683963,419.92034612675934,427.3899508746886,419.92034612675934,430.15168562500554,418.36581006185844,-2.055004128078963,-2.4693573600687317,0.4143532319897689
2024-03-22,425.3788451137766,427.0828582986227,415.1151595876361,415.2340393066406,1480300,SPGI,420.70272557666897,422.1331813067995,427.0828582986227,415.1151595876361,430.0165091987917,419.16550145738637,-2.451706316852153,-2.465827151425416,0.014120834573263075
2024-03-25,413.55971615963654,414.9466965042828,408.9628324643474,414.5900573730469,1342400,SPGI,413.0148256253284,421.4179534417342,421.4179534417342,408.9628324643474,429.70424249273435,419.8991409603428,-2.7859449800596394,-2.529850717152261,-0.2560942629073786
2024-03-26,415.0457618043827,417.2748470161499,413.30211214166246,415.59063720703125,1331800,SPGI,415.3033395423066,417.2163895335313,417.2748470161499,413.30211214166246,429.3699741276011,420.6311015754279,-2.936245883507695,-2.611129750423348,-0.32511613308434706
2024-03-27,419.0283908965112,419.54357661576756,414.7782901160686,418.8797912597656,1252900,SPGI,418.05751222202827,416.25986453791893,419.54357661576756,414.7782901160686,429.1245512524752,421.3534619633035,-2.758158850566417,-2.640535570451962,-0.11762328011445522
2024-03-28,420.573891551075,423.1893661180675,418.443882780566,421.4952697753906,1881600,SPGI,420.9256025562748,417.15868837997357,423.1893661180675,417.15868837997357,428.91948545586126,421.89849659062037,-2.378557802422222,-2.588140016846014,0.2095822144237922
2024-04-01,425.10143484248687,427.15220062861556,422.8921526916718,423.1200256347656,1682300,SPGI,424.56645344938494,419.0421454681242,427.15220062861556,419.0421454681242,428.7311309697234,422.3710544952421,-1.9244333479725242,-2.455398683071316,0.530965335098792
2024-04-02,422.6147717941952,423.2290340671362,418.75102974711655,422.1491394042969,1409100,SPGI,421.6859937531862,421.8042994587546,423.2290340671362,418.75102974711655,428.4367241104121,422.80590497090816,-1.6241565846892172,-2.2891502633948964,0.6649936787056792
2024-04-03,420.98013368890525,422.98137649825594,420.276741829473,422.49591064453125,1027000,SPGI,421.68354066529133,421.7451466059704,422.98137649825594,420.276741829473,428.08018085566255,423.21979174513086,-1.342725442329595,-2.099865299181836,0.7571398568522412
2024-04-04,425.13115819341033,433.3243046829891,423.24882547770403,424.43768310546875,1588300,SPGI,426.53549286489306,421.7143436356308,433.3243046829891,421.7143436356308,427.79670242831816,423.69026323354126,-0.9520300154792949,-1.870298242441328,0.918268226962033
2024-04-05,424.3485097167141,428.0933720868741,420.0884918124143,427.5782165527344,1158000,SPGI,425.02714754218425,424.12491825026194,428.0933720868741,420.0884918124143,427.4496897685542,424.1099888952092,-0.3845533802394243,-1.5731492700009473,1.188595889761523
2024-04-08,428.00422940937386,431.59060578466006,427.81599309950855,430.0747985839844,1049700,SPGI,429.37140671938175,424.57603289622307,431.59060578466006,424.57603289622307,427.18926606336174,424.54430167334294,0.2635907368173207,-1.2058012686372939,1.4693920054546146
2024-04-09,433.3242803351119,434.23571159580143,428.2716810518683,430.95648193359375,739400,SPGI,431.69703872909383,426.9737198078024,434.23571159580143,426.9737198078024,426.9728821687171,424.96966218916265,0.8387257881917094,-0.7968958572714933,1.6356216454632027
2024-04-10,424.8042972589068,426.3101575912995,419.38514107928535,420.09844970703125,954400,SPGI,422.64951140913075,429.33537926844815,429.33537926844815,419.38514107928535,426.5610653858471,425.2286598451468,0.41360423158607773,-0.5547958394999791,0.9684000710860569
2024-04-11,420.3164018047912,422.03030165177245,418.1170360771478,418.9888610839844,1129200,SPGI,419.863150154424,425.9924453387895,425.9924453387895,418.1170360771478,426.0180869228592,425.4445525359613,-0.012695843736480583,-0.44637584034727945,0.43367999661079887
2024-04-12,415.33311392977004,418.01791501810953,412.57895626102436,413.9263000488281,1182200,SPGI,414.964071314433,422.92779774660676,422.92779774660676,412.57895626102436,425.3774734629834,425.6057079804199,-0.7503979700131822,-0.5071802662804601,-0.2432177037327221
2024-04-15,417.90892579470693,418.7114243698492,404.46508678173353,405.75299072265625,1054100,SPGI,411.7096069172365,418.9459345305199,418.9459345305199,404.46508678173353,424.66064805902397,425.7229499358111,-1.9718200611210364,-0.8001082252485754,-1.171711835872461
2024-04-16,405.44585665761406,409.6662679191746,403.9597997608849,404.76226806640625,1058800,SPGI,405.9585481010199,415.3277707238782,415.3277707238782,403.9597997608849,423.81298334948303,425.7382145758595,-2.9853358137853547,-1.2371537429559314,-1.7481820708294233
2024-04-17,407.56598805570843,410.0922727426604,405.7034585330416,408.2792663574219,851100,SPGI,407.91024642220805,410.64315941244905,410.64315941244905,405.7034585330416,423.07222359332195,425.7489495516604,-3.4648216729850674,-1.6826873289617588,-1.7821343440233086
2024-04-18,411.10280470051146,411.91518979257586,404.6037844318108,409.527587890625,1155000,SPGI,409.28734170388077,409.2767029173285,411.91518979257586,404.6037844318108,422.31407112411017,425.7427750165862,-3.7014208799887456,-2.0864340391671563,-1.6149868408215893
2024-04-19,410.8353033448473,410.9938197129102,406.0997364468778,408.72509765625,1138200,SPGI,409.1634892902213,409.28202231060465,410.9938197129102,406.0997364468778,421.4319862565348,425.7406644772,-3.908625509528804,-2.450872333239486,-1.4577531762893177
2024-04-22,411.1424515746713,414.01548916539946,409.2006788230901,413.05450439453125,1168500,SPGI,411.853280989423,409.222755800413,414.01548916539946,409.2006788230901,421.13890252455275,425.78334915249286,-3.6810567984562113,-2.6969092262828314,-0.9841475721733799
2024-04-23,413.163441156091,414.30274536155025,407.5560496778672,409.4185791015625,2356300,SPGI,411.1102038242677,410.538018394918,414.30274536155025,407.5560496778672,420.72433053291127,425.8120037045386,-3.750858181545482,-2.9076990173353616,-0.8431591642101202
2024-04-24,408.2990807967904,410.7262888620151,405.14864750855844,409.4383850097656,3357300,SPGI,408.4031005442824,410.8241111095929,410.8241111095929,405.14864750855844,420.30603734278725,425.7900328459873,-3.761221093778204,-3.0784034326239302,-0.6828176611542736
2024-04-25,424.0612003476853,425.9930561541005,403.900355933456,411.63775634765625,2418900,SPGI,416.39809219572453,409.6136058269376,425.9930561541005,403.900355933456,420.27641676895155,425.85807158924945,-3.551028840296567,-3.172928514158458,-0.3781003261381093
2024-04-26,412.1430646115557,414.9665487693483,409.0124341870156,411.9151916503906,1611500,SPGI,412.0093098045775,413.00584901133107,414.9665487693483,409.0124341870156,420.16930344790467,425.82586940879804,-3.3237491435866104,-3.2030926400440887,-0.12065650354252178
2024-04-29,414.11449099624525,414.11449099624525,410.55786538346064,411.4494934082031,1526500,SPGI,412.55908519603855,412.50757940795427,414.11449099624525,410.55786538346064,420.0331949185737,425.78092459728794,-3.144953239346364,-3.191464759904544,0.046511520558179864
2024-04-30,411.04334311643476,413.4705815427276,406.66444560225113,411.9646911621094,2004200,SPGI,410.7857653558807,412.53333230199644,413.4705815427276,406.66444560225113,419.8704189397393,425.6991162438406,-2.9279326589109473,-3.138758339705825,0.21082568079487762
2024-05-01,410.0129929311694,417.1361614531978,410.0129929311694,412.3312683105469,1083100,SPGI,412.37335390652083,411.65954882893857,417.1361614531978,410.0129929311694,419.73380904669847,425.6580730006745,-2.6952929141484105,-3.050065254594342,0.35477234044593153
2024-05-02,413.6588236199132,415.34300336662824,405.0396811631677,413.0841979980469,1222000,SPGI,411.781426536939,412.0164513677297,415.34300336662824,405.0396811631677,419.56242342991226,425.6398554714123,-2.4222469519937704,-2.924501594074228,0.5022546420804574
2024-05-03,418.03768282994156,421.4159889684788,416.6110658613539,421.2277526855469,1917800,SPGI,419.32312258633027,411.89893895233433,421.4159889684788,411.89893895233433,419.39495867211275,425.7226855011606,-1.531089804841315,-2.6458192362276454,1.1147294313863303
2024-05-06,423.4172826457775,423.79372502320393,416.9777023026067,421.80242919921875,1316500,SPGI,421.49778479270174,415.6110307693323,423.79372502320393,415.6110307693323,419.1681673633764,425.78539281342614,-0.7695983032199365,-2.2705750496261037,1.5009767464061672
2024-05-07,421.1485558494098,424.82406166236274,421.1485558494098,424.5763854980469,795100,SPGI,422.9243897148073,418.554407781017,424.82406166236274,418.554407781017,418.99375430339563,425.8134284353424,0.05706646181124597,-1.8050467473386338,1.8621132091498798
2024-05-08,424.41786856145694,426.39927787335347,423.49652048756263,425.2203369140625,749000,SPGI,424.8835009591089,420.73939874791216,426.39927787335347,420.73939874791216,418.9618041937715,425.7924922958644,0.7554572999444531,-1.2929459378820165,2.0484032378264696
2024-05-09,425.1014311993005,428.41038091976816,424.69523868713014,428.2716979980469,1289200,SPGI,426.6196872010614,422.81144985351057,428.41038091976816,422.81144985351057,418.9996986547413,425.7203801736487,1.5374338288287959,-0.7268699845398541,2.2643038133686497
2024-05-10,429.7181395132094,431.2141132011198,427.1324149035721,427.55841064453125,858900,SPGI,428.9057695656081,424.715568527286,431.2141132011198,424.715568527286,419.0453700773464,425.71307194411463,2.0756724733571446,-0.16636149296045435,2.242033966317599
2024-05-13,428.45991416570934,429.54966498230846,423.64507433672634,424.0314636230469,1135300,SPGI,426.42152927694775,426.81066904644706,429.54966498230846,423.64507433672634,419.0722178749377,425.65971504944895,2.192363130765443,0.3053834317847252,1.886979698980718
2024-05-14,424.03149684050527,425.74539649455915,416.46249898217405,424.0513000488281,1692400,SPGI,422.57267309151666,426.61609916169743,426.61609916169743,416.46249898217405,419.0666201505084,425.5696490864051,2.2603856327201015,0.6963838719718005,1.564001760748301
2024-05-15,425.31940724232453,431.91750378307296,424.15038302144075,431.6500244140625,1272000,SPGI,428.25932961522517,424.59438612660705,431.91750378307296,424.15038302144075,419.2377145591017,425.57742939937896,2.8940862815326795,1.1359243538839763,1.7581619276487033
2024-05-16,431.8085300600619,436.7620534915805,428.3113437267661,433.9484558105469,1105900,SPGI,432.70759577223885,426.42685787091614,436.7620534915805,426.42685787091614,419.4722633217961,425.6437556874514,3.5409450063158374,1.6169284843703486,1.9240165219454888
2024-05-17,435.5929599159886,437.99047817832303,433.0765921815393,437.77252197265625,1236200,SPGI,436.1081380621268,429.5672268215775,437.99047817832303,429.5672268215775,419.7014620685651,425.7055795972423,4.312444213806373,2.1560316302575537,2.156412583548819
2024-05-20,435.45433756537943,437.4654668289557,432.93793924705363,433.6710510253906,1080000,SPGI,434.8821986666949,432.83768244185217,437.4654668289557,432.83768244185217,419.91154140180333,425.74419437893295,4.540567628852671,2.6329388299765775,1.9076287988760932
2024-05-21,433.67101388613366,437.1285934350636,432.8388256656363,435.7812194824219,1516000,SPGI,434.85491311731386,433.8599405542735,437.1285934350636,432.8388256656363,420.1596135019327,425.7684482993609,4.83588496622923,3.073528057227108,1.762356909002122
2024-05-22,435.7515650141284,438.5057229554298,434.49338089066106,438.1886901855469,922700,SPGI,436.73483976144155,434.3574268357937,438.5057229554298,434.3574268357937,420.399958904817,425.7758853795865,5.2041980932979754,3.499662064441282,1.7045360288566935
2024-05-23,437.0295328173393,437.0295328173393,430.9267887446029,432.224609375,1142300,SPGI,434.3026159385704,435.54613329861763,437.0295328173393,430.9267887446029,420.5997839326213,425.7559601137584,4.9576882781282166,3.791267307178669,1.1664209709495474
2024-05-24,433.82954589410457,435.8109551288197,430.96642527157206,434.1663818359375,661800,SPGI,433.69332703260847,434.924374618594,435.8109551288197,430.96642527157206,420.85588147975943,425.7677574948307,4.8629551630912715,4.00560487836119,0.8573502847300816
2024-05-28,432.4029215151453,433.6016958502906,425.0122736601155,426.9936828613281,1199900,SPGI,429.5026434717199,434.3088508256012,434.3088508256012,425.0122736601155,421.09424550258103,425.7944215563131,4.161134654326133,4.036710833554179,0.12442382077195457
2024-05-29,423.2011708252481,425.3059338954523,421.0368724308999,421.9006042480469,870800,SPGI,422.8611453499118,431.90574714866057,431.90574714866057,421.0368724308999,421.1631722634432,425.7644584312522,3.1575694699967585,3.860882560842695,-0.7033130908459366
2024-05-30,421.09643813836806,421.73184517053033,417.27414913605566,418.55487060546875,1086300,SPGI,419.6643257626057,427.3834462492862,427.3834462492862,417.27414913605566,421.179257751201,425.7248950871861,2.068420622239671,3.5023901731220906,-1.4339695508824195
2024-05-31,418.9421243817128,424.6308540081065,416.47002959897776,424.43231201171875,1849700,SPGI,421.118830000129,423.52388600594594,424.6308540081065,416.47002959897776,421.1907007827548,425.6780030893485,1.6603828551537276,3.1339887095284182,-1.4736058543746906
2024-06-03,425.3555738133204,429.1579875161962,421.7616397933912,426.169677734375,1230000,SPGI,425.6112197143207,422.32135800303746,429.1579875161962,421.7616397933912,421.2160048473044,425.683845236155,1.4603666809802576,2.799264303818786,-1.3388976228385285
2024-06-04,425.9016514915753,430.29978253693355,424.1940327192474,428.73114013671875,657600,SPGI,427.28165172111875,423.9662888586791,430.29978253693355,423.9662888586791,421.3475833701934,425.6820462844925,1.4913496799660493,2.537681379048239,-1.0463316990821898
2024-06-05,429.6047721692034,433.8440207646199,424.75989931851217,433.1490783691406,879900,SPGI,430.33944265536906,425.6239702898989,433.8440207646199,424.75989931851217,421.69407571079427,425.6991591017642,1.8510567925274017,2.400356461744072,-0.5492996692166701
2024-06-06,434.23121157964147,435.7899160813872,430.9748262213409,431.5307922363281,613100,SPGI,433.1316865296744,427.98170647263396,435.7899160813872,427.98170647263396,422.05064265054153,425.7103083890714,1.982689889580172,2.316823147311292,-0.33413325773112
2024-06-07,428.56231055437354,429.77352867414044,425.14707357069886,425.65338134765625,810100,SPGI,427.2840735367173,430.5566965011542,430.5566965011542,425.14707357069886,422.23517387683535,425.67986256465525,1.5943731865841073,2.172333155165855,-0.5779599685817476
2024-06-10,424.58120759820434,427.16249582188766,422.4268164609407,426.90435791015625,694700,SPGI,425.26871944779725,428.92038501893575,428.92038501893575,422.4268164609407,422.3220362146658,425.6207608352635,1.371759960600457,2.0122185162527755,-0.6404585556523186
2024-06-11,426.8149873090791,426.8149873090791,424.1145679733906,425.722900390625,1148200,SPGI,425.8668607455434,427.09455223336647,427.09455223336647,424.1145679733906,422.348044360589,425.5395876651562,1.0874679733219068,1.827268407666602,-0.7398004343446951
2024-06-12,431.07413349017577,438.62933328075883,428.99915308860267,437.08056640625,1219000,SPGI,433.9457965664468,426.480706489455,438.62933328075883,426.480706489455,422.59324041685426,425.5149822636332,1.75836392785925,1.8134875117051317,-0.055123583845881674
2024-06-13,436.83233976753337,437.4975296159717,432.2356673445923,434.0425720214844,689600,SPGI,435.15202718739545,430.2132515279509,437.4975296159717,430.2132515279509,422.8626101472962,425.4713955014793,2.02160919570224,1.8551118485045535,0.1664973471976865
2024-06-14,431.6003158013097,432.8611619483732,426.78522571547376,431.2726745605469,789400,SPGI,430.6298445064259,432.68263935767317,432.8611619483732,426.78522571547376,422.9444971801269,425.3705998042226,1.9838567255249586,1.8808608239086346,0.10299590161632399
2024-06-17,429.17786430900895,431.68964910935136,426.77527305317557,430.1805725097656,765900,SPGI,429.45583974532536,431.6562419320495,431.68964910935136,426.77527305317557,423.0330710241898,425.241380396372,1.8445512736083742,1.8735989138485827,-0.02904764024020845
2024-06-18,430.9152826693299,433.06964351328145,428.2942739233933,432.7122497558594,983500,SPGI,431.247862465466,430.5560408386874,433.06964351328145,428.2942739233933,423.07060013911143,425.1299331012366,1.9163454574235175,1.8821482225635697,0.034197234859947745
2024-06-20,433.0100377478387,437.15993757967334,431.3421397720593,435.5516052246094,1006600,SPGI,434.26593008104516,430.9019516520767,437.15993757967334,430.9019516520767,423.12197796615044,425.04743006743377,2.1772570581200625,1.9411699896748684,0.23608706844519411
2024-06-21,435.52183198476547,437.0606913480605,432.8611332080956,436.0579528808594,1367400,SPGI,435.37540235544526,432.58394086656097,437.0606913480605,432.58394086656097,423.37649578507677,424.96878058546196,2.3972553382740784,2.0323870593947104,0.364868278879368
2024-06-24,437.3287502785345,443.33518297024716,435.1842969251921,441.7665710449219,958500,SPGI,439.4037003047239,433.97967161100314,443.33518297024716,433.97967161100314,423.7673067880827,424.89269685547094,2.997687857598862,2.2254472190355408,0.7722406385633214
2024-06-25,442.58066866080804,446.00581317665205,439.5823909114433,445.54913330078125,999100,SPGI,443.42950151242115,436.6916859578635,446.00581317665205,436.6916859578635,424.3366153920425,424.85704442751296,3.7356933691315817,2.527496449054749,1.2081969200768325
2024-06-26,443.1068797246721,445.8867099672099,440.36673970140106,445.1321716308594,1630800,SPGI,443.6231252560356,440.06059373514233,445.8867099672099,440.06059373514233,424.9748857588185,424.81776690892127,4.238068911687606,2.8696109415813207,1.368457970106285
2024-06-27,446.7603413297033,447.73329698027845,443.2359107561411,445.6781921386719,1100900,SPGI,445.8519353011987,441.841859495589,447.73329698027845,441.841859495589,425.77275350282207,424.79286842615255,4.626928093382503,3.2210743719415573,1.4058537214409457
2024-06-28,443.3848100299801,444.74494217613903,438.84770344334316,442.78912353515625,3028300,SPGI,442.4416447961546,443.8468973983938,444.74494217613903,438.84770344334316,426.46338147030104,424.76780253181147,4.648394309035268,3.5065383593602997,1.1418559496749685
2024-07-01,445.15203983921657,447.86236670738924,440.89291580624644,443.10687255859375,1079600,SPGI,444.2535487278615,443.1442710972742,447.86236670738924,440.89291580624644,427.16270561078056,424.7383883674454,4.63758691508832,3.732748070505904,0.9048388445824163
2024-07-02,443.1465409564641,447.52479602547504,443.1465409564641,447.2071228027344,731300,SPGI,445.2562501852844,443.69890991256784,447.52479602547504,443.1465409564641,427.88456082868186,424.65827354260836,4.903355079875155,3.9668694723797544,0.9364856074954004
2024-07-03,446.62136611939667,448.38858067990395,445.34067486523674,446.20440673828125,462100,SPGI,446.63875710070465,444.47758004892614,448.38858067990395,444.47758004892614,428.58027035090754,424.8595864377302,4.9757105647532285,4.16863769085445,0.8070728738987789
2024-07-05,448.12048996909135,450.78118882806814,444.78469384103846,450.0068054199219,777100,SPGI,448.42329451452997,445.5581685748154,450.78118882806814,444.78469384103846,429.3265321647128,425.025431348812,5.279021331614729,4.390714419006506,0.8883069126082228
2024-07-08,450.9698256333356,453.76953116043256,450.25500784552094,452.60797119140625,833100,SPGI,451.9005839576738,446.9907315446727,453.76953116043256,446.9907315446727,430.19648183298057,425.2512595878839,5.66399858848655,4.645371252902515,1.0186273355840347
2024-07-09,455.46719159344303,458.0584173196236,453.55109340723885,456.9861755371094,892300,SPGI,456.0157194643537,449.44565775117326,458.0584173196236,449.44565775117326,430.98883437835315,425.6326255736523,6.250330420297075,4.966363086381427,1.2839673339156485
2024-07-10,458.02868467856746,462.70476826473015,455.0999100105358,462.64520263671875,1233400,SPGI,459.619641397638,452.73068860776345,462.70476826473015,452.73068860776345,431.9410410102144,426.0551722290595,7.089910736125489,5.39107261633024,1.6988381197952496
2024-07-11,463.5188483860974,469.8529224202193,463.5188483860974,469.8132019042969,1376100,SPGI,466.6759552741777,456.17516500270074,469.8529224202193,456.17516500270074,433.02337841177706,426.5282866651754,8.238711087693844,5.960600310602961,2.278110777090883
2024-07-12,471.2924686472328,477.7059837571136,470.587588548635,474.8764953613281,1355500,SPGI,473.6156340785774,461.4255601384392,477.7059837571136,461.4255601384392,434.2799757862311,427.0751973629852,9.448789347316051,6.6582381179455785,2.7905512293704726
2024-07-15,475.45230238609435,479.74120916162576,473.76455918591506,479.0760192871094,1083500,SPGI,477.00852250518614,467.5205971085083,479.74120916162576,467.5205971085083,435.57267915820444,427.6532441024514,10.624182606372244,7.451427015630912,3.172755590741332
2024-07-16,481.0119941903033,485.3306837890485,479.2646550630429,485.2711181640625,1215100,SPGI,482.7196128016143,472.2645598068472,485.3306837890485,472.2645598068472,436.99144288349794,428.2769331567051,11.91819737665611,8.344781087835953,3.573416288820157
2024-07-17,484.91368717894164,486.43267119010704,482.5111262112067,486.34332275390625,1411200,SPGI,485.0502018335404,477.4920863042307,486.43267119010704,477.4920863042307,438.3059844684421,428.8504715702774,12.881738689582221,9.252172608185207,3.629566081397014
2024-07-18,484.377627959332,487.9417794244592,480.66453212633957,481.2006530761719,1250200,SPGI,483.54614814657566,481.2711440688856,487.9417794244592,480.66453212633957,439.5469517355196,429.35755954944807,13.079608077957744,10.017659702139715,3.0619483758180284
2024-07-19,481.88568430738536,482.04453608008225,475.53176488889784,476.38555908203125,1094400,SPGI,478.9618860895992,482.40864610773065,482.40864610773065,475.53176488889784,440.66770166301546,429.8307279832056,12.701468527118664,10.554421467135505,2.1470470599831586
2024-07-22,481.43889802219337,484.46695872488317,478.5101537597086,483.81170654296875,1094700,SPGI,482.0569292624385,480.6852660986649,484.46695872488317,478.5101537597086,441.81117022908205,430.3864872114268,12.852858493833878,11.01410887247518,1.8387496213586978
2024-07-23,484.3477921929821,494.56372108657297,483.5932841743777,491.99237060546875,1024000,SPGI,488.62429201485037,481.37109768055166,494.56372108657297,481.37109768055166,443.05126232535775,431.0254804900495,13.47758613093174,11.506804324166493,1.9707818067652472
2024-07-24,491.3371169335626,493.0050150300829,476.7528705477822,478.19244384765625,1091200,SPGI,484.82186158977095,484.99769484770104,493.0050150300829,476.7528705477822,444.169584165841,431.6074771215937,12.712605522554043,11.747964563844004,0.9646409587100386
2024-07-25,474.59850835431513,488.4579991977399,473.53620421465087,479.85040283203125,785700,SPGI,479.11077864968433,484.909778218736,488.4579991977399,473.53620421465087,445.2233691532958,432.14779351411676,12.100647580013913,11.818501167077986,0.28214641293592635
2024-07-26,483.19613716184335,489.12315885147535,481.2105356617706,486.2936706542969,823300,SPGI,484.95587558234655,482.01027843421014,489.12315885147535,481.2105356617706,446.47103320311237,432.7688266768104,11.997287108517753,11.85425835536594,0.14302875315181218
2024-07-29,487.9417649998329,489.7585771957253,484.99314530973965,486.3036193847656,1122500,SPGI,487.2492767225159,483.4830770082783,489.7585771957253,483.4830770082783,447.65083214525816,433.4442733521799,11.780379092442558,11.839482502781266,-0.05910341033870736
2024-07-30,492.0320876543481,499.32917966977806,477.18970342090813,484.9931335449219,1399900,SPGI,488.386026072489,485.3661768653971,499.32917966977806,477.18970342090813,448.7644007512632,434.1183320365297,11.371647399262883,11.74591548207759,-0.3742680828147069
2024-07-31,488.0112041214922,489.1529492400215,477.74564784282717,481.2403259277344,1644700,SPGI,484.0375317830188,486.87610146894303,489.1529492400215,477.74564784282717,449.722988625681,434.712225347123,10.622455323756583,11.52122345041339,-0.8987681266568064
2024-08-01,486.38306451655006,488.0609003646593,482.64021624654794,486.99859619140625,1049100,SPGI,486.0206943297909,485.4568166259809,488.0609003646593,482.64021624654794,450.745758538943,435.32864997037314,10.37377704832511,11.291734169995735,-0.917957121670625
2024-08-02,482.3522894906668,486.20436156012937,476.6635298254602,482.5409240722656,1214400,SPGI,481.9402762371305,485.7387554778859,486.20436156012937,476.6635298254602,451.6874658013393,435.92353965163596,9.70512618429973,10.974412572856535,-1.2692863885568055
2024-08-05,473.89362452738703,474.4496208869705,464.32303992413415,468.5920715332031,1562600,SPGI,470.3145892179237,483.8395158575082,483.8395158575082,464.32303992413415,452.35906079046896,436.37950984764296,7.957925718664626,10.371115202018153,-2.413189483353527
2024-08-06,471.5605033879182,483.6627467552395,469.9223579390562,476.0281066894531,1473500,SPGI,475.29342869291673,477.077052537716,483.6627467552395,469.9223579390562,453.17887704555585,436.88933048908854,7.091535842455755,9.715199330105674,-2.623663487649919
2024-08-07,480.3269565019042,486.8992930033032,473.982975093584,474.67791748046875,1305900,SPGI,478.97178551981506,476.1852406153164,486.8992930033032,473.982975093584,454.0844462153,437.4701638475297,6.224217730835164,9.017003010251573,-2.7927852794164085
2024-08-08,475.34309664756603,484.6456351615012,473.85389546908226,483.6826171875,932200,SPGI,479.3813111164124,477.5785130675657,484.6456351615012,473.85389546908226,455.0820195681938,438.0881325353874,6.192087360971584,8.452019880395575,-2.259932519423991
2024-08-09,484.48679543633807,486.6709693381934,482.02463851950813,484.9931335449219,611200,SPGI,484.5438842097403,478.47991209198904,486.6709693381934,478.47991209198904,456.31567434539045,438.73942330441685,6.200891511545478,8.001794206625556,-1.8009026950800777
2024-08-12,484.91372173188705,486.4624886654781,479.9993756034118,480.98223876953125,731900,SPGI,483.0894561925771,481.5118981508647,486.4624886654781,479.9993756034118,457.5841769539898,439.38171735259544,5.817166502003317,7.564868665701109,-1.7477021636977916
2024-08-13,485.0427725450378,487.62406077040464,482.7990329671446,486.1646423339844,639900,SPGI,485.40762715414286,482.30067717172085,487.62406077040464,482.30067717172085,458.8699528970701,440.03032683991245,5.863645864318357,7.224624105424559,-1.360978241106202
2024-08-14,485.48952288961215,489.8975608108403,484.3279326369352,489.1033020019531,736200,SPGI,487.2045795848352,483.8541521629319,489.8975608108403,483.8541521629319,460.10182009448044,440.65891247089246,6.067662137487844,6.9932317118372165,-0.9255695743493728
2024-08-15,490.46346643256584,493.88864149415303,488.04102992770834,489.3813171386719,778500,SPGI,490.44361374827474,485.52936587388353,493.88864149415303,485.52936587388353,461.36505933502355,441.3563213526084,6.180534645749333,6.83069229861964,-0.6501576528703072
2024-08-16,490.44356122427916,490.5924752743879,485.49940267555286,487.3360900878906,1012800,SPGI,488.4678823155276,487.98648981107914,490.5924752743879,485.49940267555286,462.52762812822664,442.1108519195105,6.035382063889017,6.671630251673516,-0.6362481877844992
2024-08-19,488.3487922448208,492.32990278659526,488.3487922448208,492.1710510253906,972900,SPGI,490.29963457540686,488.2271860633034,492.32990278659526,488.2271860633034,463.67098708914136,442.8608148698414,6.23857413791427,6.585019028921668,-0.3464448910073976
2024-08-20,494.17650100124837,495.7153300134155,492.4192243187185,494.2757568359375,2046700,SPGI,494.14670304233,489.2634103193551,495.7153300134155,489.2634103193551,465.0082396792536,443.6217067780445,6.494572105152429,6.56692964416782,-0.07235753901539166
2024-08-21,494.27576354729814,495.6954916366904,491.89304782280385,495.3877258300781,857100,SPGI,494.31300720921763,491.7050566808425,495.6954916366904,491.7050566808425,466.38912543448197,444.35558082457385,6.7098321746847205,6.595510150271201,0.11432202441351969
2024-08-22,495.3877460534288,497.11520972207995,493.1241614780712,495.1296081542969,1347700,SPGI,495.1891813519692,493.0090319450301,497.11520972207995,493.0090319450301,467.7755718466105,445.0618081035997,6.781427318561555,6.632693583929272,0.148733734632283
2024-08-23,496.87695147535027,499.1107532581953,494.21622232539823,496.98614501953125,679800,SPGI,496.7975180196188,494.0991066484996,499.1107532581953,494.0991066484996,469.0326062756739,445.8129233462641,6.908338963913252,6.687822659926068,0.2205163039871838
2024-08-26,498.8129357830914,502.20832810276653,497.6215929131837,498.4058837890625,850600,SPGI,499.262185147026,495.4483123340592,502.20832810276653,495.4483123340592,470.3148094348666,446.58870979108144,7.042299169505611,6.7587179618419775,0.2835812076636337
2024-08-27,497.6300580925338,504.05521987737046,496.9338537111561,502.66278076171875,1123400,SPGI,500.3204781106948,497.3552487405426,504.05521987737046,496.9338537111561,471.70862210695196,447.32655964353944,7.406581149831197,6.888290599439822,0.5182905503913755
2024-08-28,502.6329066859312,507.5363259504846,497.8488653607235,502.54339599609375,1368200,SPGI,502.64037349830824,498.8378634256187,507.5363259504846,497.8488653607235,473.1723127820116,448.10269190310066,7.598058205536859,7.03024412065923,0.5678140848776287
2024-08-29,503.68723206825393,509.1177599111609,502.28483717282523,505.30841064453125,1096300,SPGI,505.09955994919284,500.73911846196347,509.1177599111609,500.73911846196347,474.64934673168614,448.8599734353988,7.882059252981776,7.20060714712374,0.6814521058580363
2024-08-30,506.89974397175706,511.22627591829826,504.4629832418599,510.4703674316406,1245400,SPGI,508.26484264088896,502.9193392055781,511.22627591829826,502.9193392055781,476.129324982883,449.62565147451676,8.426523187666874,7.445790355232367,0.9807328324345068
2024-09-03,512.2010154570288,514.6676740162997,504.2541412740489,508.0435791015625,1059300,SPGI,509.79160246223495,505.5920909232335,514.6676740162997,504.2541412740489,477.61764898501883,450.4970723850478,8.563478788936266,7.669328041973147,0.8941507469631187
2024-09-04,508.2126092158793,511.1765389088862,506.4223348541047,510.53997802734375,781200,SPGI,509.08786525155347,507.6918466927342,511.1765389088862,506.4223348541047,479.0113322839554,451.389319536019,8.772333618324353,7.8899291572433885,0.8824044610809647
2024-09-05,512.0220036292862,515.7915907322971,510.94781457060657,514.2101440429688,1171700,SPGI,513.2428882437897,508.38985597214383,515.7915907322971,508.38985597214383,480.40760001858274,452.3721077053126,9.128773481703035,8.137698022135318,0.9910754595677176
2024-09-06,514.299666613417,518.6858423279227,507.3672470866236,507.88446044921875,1037700,SPGI,512.0593041192956,510.8163721079668,518.6858423279227,507.3672470866236,481.77632359584794,453.37560467733323,8.799390940042997,8.270036605716854,0.5293543343261433
2024-09-09,512.0120210457607,517.0646248806001,510.7787221606265,513.0464477539062,937800,SPGI,513.2254539602234,511.4378381136312,517.0646248806001,510.7787221606265,483.1237939690285,454.4482737359252,8.852832198773967,8.386595724328277,0.46623647444569016
2024-09-10,514.9063676621611,518.1686363580586,510.88812970613566,517.1442260742188,972200,SPGI,515.2768399501435,512.3316460369273,518.1686363580586,510.88812970613566,484.58049787210825,455.5219396712046,9.120703453260262,8.533417270114674,0.5872861831455882
2024-09-11,514.160413120637,514.9163216724158,501.77758447460434,513.0265502929688,1176100,SPGI,510.97021739015645,513.8042429935354,514.9163216724158,501.77758447460434,485.91483124535415,456.5387684280673,8.89815889284904,8.606365594661547,0.29179329818749267
2024-09-12,511.35558306188574,518.1984610789373,509.8239152840941,517.203857421875,889700,SPGI,514.145454211698,512.3872301918459,518.1984610789373,509.8239152840941,487.2926153258824,457.5885880772821,8.95562957639578,8.676218391008394,0.2794111853873851
2024-09-13,519.1830776170475,521.3115438839467,515.2742927656594,516.6468505859375,1148800,SPGI,518.1039412131478,513.266342201772,521.3115438839467,513.266342201772,488.72191900813124,458.65109467951936,8.85416441475337,8.71180759575739,0.14235681899597985
2024-09-16,519.0438262545175,525.1706184980916,517.8105274888828,524.5340576171875,1015800,SPGI,521.6397574646699,515.6851417074599,525.1706184980916,515.6851417074599,490.1862482671341,459.7563902159234,9.302945667643144,8.830035210134541,0.4729104575086023
2024-09-17,522.266389171449,522.9924911671022,514.7870104758175,519.5610961914062,1124000,SPGI,519.9017467514437,518.6624495860649,522.9924911671022,514.7870104758175,491.54627152300947,460.871376677995,9.151834960954488,8.894395160298531,0.2574398006559573
2024-09-18,517.8304428963171,522.435462509913,513.2353790318397,516.7164916992188,951100,SPGI,517.5544440343222,519.2820981687544,522.435462509913,513.2353790318397,492.7770460144088,461.88294019638096,8.702228949659684,8.855961918170763,-0.1537329685110791
2024-09-19,522.1669332923498,523.9572077796225,519.2627075371834,521.39111328125,936300,SPGI,521.6944904726014,518.4182711015383,523.9572077796225,518.4182711015383,494.0185429959081,462.9797920030612,8.623707113170155,8.809510957170643,-0.18580384400048722
2024-09-20,520.5656587346627,522.3956955953079,517.1939375340406,520.8441162109375,1814700,SPGI,520.2498520187372,520.0563807870699,522.3956955953079,517.1939375340406,495.0900209307993,464.05669967128824,8.420276197340911,8.731664005204697,-0.3113878078637864
2024-09-23,517.2138499182478,524.9916583537652,515.3240785532497,518.2681274414062,960800,SPGI,518.9494285666673,520.1531164029036,524.9916583537652,515.3240785532497,495.9966968205611,465.13833630339604,7.95944345606091,8.57721989537594,-0.6177764393150298
2024-09-24,514.4886705230958,516.706617518303,510.2416929726062,515.3141479492188,1070900,SPGI,514.187782240806,519.5512724847854,519.5512724847854,510.2416929726062,496.74028201527346,466.1564805867389,7.272041167008183,8.316184149702389,-1.044142982694206
2024-09-25,516.7066253620513,519.2428528888582,510.3908548634404,512.0419311523438,931100,SPGI,514.5955660666734,516.8695273627957,519.2428528888582,510.3908548634404,497.37780108057467,467.1846219820363,6.389574316666312,7.930862183095174,-1.5412878664288616
2024-09-26,510.4703885328106,513.1458748891871,506.51188526943855,508.938720703125,1209400,SPGI,509.7667173486403,515.7325467147346,515.7325467147346,506.51188526943855,497.8721313908767,468.0890579296594,5.377817696470231,7.420253285770186,-2.042435589299955
2024-09-27,508.83926508716945,513.8918385884319,508.43147392293605,509.95318603515625,806700,SPGI,510.2789409084234,512.7496320316875,513.8918385884319,508.43147392293605,498.4067872461136,468.9768694908166,4.604771223413479,6.857156873298845,-2.2523856498853654
2024-09-30,509.2967629234772,514.6775421742474,507.5562064664888,513.8321533203125,1000000,SPGI,511.34066622113147,511.5142864700555,514.6775421742474,507.5562064664888,499.0543628487443,469.8610322558798,4.2560652946389155,6.336938557566859,-2.080873262927944
2024-10-01,515.8413018628958,516.070041298829,508.6900984944351,509.4559020996094,978400,SPGI,512.5143359389423,511.4274763455935,516.070041298829,508.6900984944351,499.6635109822743,470.7373406056782,3.5852578138091644,5.7866024088153205,-2.201344595006156
2024-10-02,511.2959341762708,513.8620287341088,508.29221155977666,511.9324951171875,962300,SPGI,511.34566739683595,511.9709061422679,513.8620287341088,508.29221155977666,500.1179384899141,471.58460040763595,3.2164017340620603,5.2725622738646685,-2.056160539802608
2024-10-03,511.7932525369167,514.1902208339615,510.65938970667224,511.82305908203125,753900,SPGI,512.1164805398954,511.6582867695519,514.1902208339615,510.65938970667224,500.66383086891653,472.4167075173788,2.882027837050373,4.794455386501809,-1.9124275494514364
2024-10-04,510.80858365514814,513.3547666909985,505.6067953932817,509.4061584472656,683800,SPGI,509.79407604667347,511.88738365472364,513.3547666909985,505.6067953932817,501.2774968168563,473.25043298507603,2.3944091738029556,4.314446143962039,-1.9200369701590834
2024-10-07,509.7841206018059,510.78868006416286,502.41413380415975,503.6872253417969,816000,SPGI,506.66853995298135,510.84072985069855,510.84072985069855,502.41413380415975,501.711750104269,474.0913916536907,1.5288738574457739,3.757331686658786,-2.228457829213012
2024-10-08,508.56082328479755,516.7563488997288,507.70544823163476,515.5528564453125,1005200,SPGI,512.1438692153683,508.75463490183995,516.7563488997288,507.70544823163476,502.209641954126,474.93023704969215,1.779870904370057,3.36183953020104,-1.5819686258309833
2024-10-09,516.199363652835,521.5204696124094,515.7617355598493,518.656005859375,819200,SPGI,518.0343936711172,510.44925205860415,521.5204696124094,510.44925205860415,502.8026093060986,475.7835050286809,2.203782265852851,3.1302280773314024,-0.9264458114785512
2024-10-10,517.144224032635,518.6758919300884,511.1766016240402,512.3402709960938,719100,SPGI,514.8342471457142,514.2418228648606,518.6758919300884,511.1766016240402,503.41854361335254,476.57076611951675,2.0069729187658254,2.905577045618287,-0.8986041268524616
2024-10-11,514.7272935825661,519.8991839296971,513.8818440677474,519.1930541992188,662100,SPGI,516.9253439448073,514.5380350052874,519.8991839296971,513.8818440677474,504.0366366056529,477.39119757229787,2.376566843448245,2.7997750051842787,-0.4232081617360337
2024-10-14,519.7400838577413,525.6877942925556,519.7400838577413,524.67333984375,639200,SPGI,522.460325462947,515.7316894750473,525.6877942925556,515.7316894750473,504.8470375901692,478.2672516957542,3.076225133934713,2.855065030934366,0.22116010300034716
2024-10-15,527.1400124160831,530.4122370541636,524.9817391741917,525.598388671875,1298400,SPGI,527.0330943290784,519.0960074689972,530.4122370541636,519.0960074689972,505.98140769239234,479.17023424143065,3.6631268334660945,3.016677391440712,0.6464494420253826
2024-10-16,522.0277116322055,526.7520794625938,519.1931152162908,526.1453857421875,629000,SPGI,523.5295730133194,523.0645508990378,526.7520794625938,519.1931152162908,506.94613057880036,480.06250381217814,4.124840161118641,3.238309945376298,0.8865302157423431
2024-10-17,528.8705493192612,529.1291559881217,512.4297821109272,516.1595458984375,1447600,SPGI,521.6472583291869,523.2970619561786,529.1291559881217,512.4297821109272,507.7996400349878,480.9420431251439,3.642983434152711,3.3192446431315807,0.32373879102113046
2024-10-18,521.0828666338826,522.7438987406105,518.0692485915505,521.9680786132812,1832000,SPGI,520.9660231448312,522.4721601426827,522.7438987406105,518.0692485915505,508.63133427555624,481.85667692187496,3.6873036118261098,3.3928564368704865,0.2944471749556232
2024-10-21,518.3576411686388,521.918339740864,515.8910431908594,520.3667602539062,808200,SPGI,519.1334460885671,521.7190916437569,521.918339740864,515.8910431908594,509.3231255131327,482.8193999292616,3.5522663478670893,3.4247384190698074,0.12752792879728192
2024-10-22,516.258983902328,516.5772643647399,507.8744821615411,510.7489013671875,1316400,SPGI,512.8649079489492,520.426268866162,520.426268866162,507.8744821615411,509.9186345482602,483.751405751125,2.638749647558484,3.2675406647675427,-0.6287910172090587
2024-10-23,510.7290281998494,511.7733500014553,506.8500796258731,508.1629638671875,1023100,SPGI,509.37885542359135,516.6455884075556,516.6455884075556,506.8500796258731,510.3980591136491,484.63400600535954,1.6866746014756018,2.951367452109155,-1.264692850633553
2024-10-24,496.3072564714734,501.69802199122773,489.38482307641385,490.5484924316406,1761300,SPGI,494.4846484926889,513.0122219155735,513.0122219155735,489.38482307641385,510.5436604918061,485.3227402931433,-0.4836175246610992,2.264370456755104,-2.747987981416203
2024-10-25,494.90486941930305,496.2376347833715,486.00318419266483,487.9625244140625,984400,SPGI,491.2770532023505,503.74843520413117,503.74843520413117,486.00318419266483,510.5603292808877,485.9626943079556,-2.3847655847213787,1.3345432484598074,-3.719308833181186
2024-10-28,491.1850333631555,492.25919198211653,483.6857131182963,484.6106872558594,1303500,SPGI,487.93515642985693,497.5127442032408,497.5127442032408,483.6857131182963,510.5496747631743,486.5386514457005,-4.114475255967477,0.2447395475743505,-4.359214803541827
2024-10-29,485.05828195909044,487.17679270126143,483.4072361710741,484.12335205078125,1615500,SPGI,484.9414157205518,492.7239503165489,492.7239503165489,483.4072361710741,510.4425103860772,487.0567487376092,-5.4616480317823175,-0.8965379682969832,-4.565110063485334
2024-10-30,484.9986317902829,487.94265039342207,482.13416813192157,483.3177490234375,1109300,SPGI,484.598299834766,488.83268301855037,488.83268301855037,482.13416813192157,510.25154232192597,487.6298910005898,-6.519148903541748,-2.0210601553459364,-4.498088748195811
2024-10-31,482.2534946984409,483.25805415573313,477.43961639749284,477.767822265625,1326400,SPGI,480.1797468793229,486.7154914266582,486.7154914266582,477.43961639749284,509.96887711532804,488.17900127490503,-7.716112132426133,-3.160070550761976,-4.556041581664157
2024-11-01,479.26970298970673,484.60079486024,478.2850549925302,480.7019348144531,940300,SPGI,480.7143719142325,483.44761915299057,484.60079486024,478.2850549925302,509.6793809265733,488.7274763865919,-8.331910673868663,-4.194438575383313,-4.1374720984853495
2024-11-04,481.31855346942353,484.12334314274204,480.3140243886444,483.14862060546875,1908700,SPGI,482.22613540156965,482.08099553361154,484.12334314274204,480.3140243886444,509.38795327421235,489.2102797749431,-8.52424615550052,-5.0604000914067555,-3.463846064093765
2024-11-05,483.34757458520875,487.17680500601284,482.2236675168611,487.0673828125,1879500,SPGI,484.95385748014564,482.1535654675906,487.17680500601284,482.1535654675906,509.10178672087466,489.70829807787067,-8.265186129944652,-5.701357299114335,-2.5638288308303174
2024-11-06,500.90230895759436,500.90230895759436,474.7144069744703,487.3458557128906,2389600,SPGI,490.9662201506374,483.55371147386813,500.90230895759436,474.7144069744703,508.91470156167355,490.31166183431276,-7.945814355703703,-6.1502487104322086,-1.7955656452714948
2024-11-07,492.0503796683009,495.63095932077545,489.65338093362897,494.41754150390625,1314700,SPGI,492.9380653566529,487.25996581225274,495.63095932077545,487.25996581225274,508.72065539884045,490.946484090426,-7.04092063066804,-6.328383094479375,-0.7125375361886652
2024-11-08,494.5567228997561,504.7514105943905,494.5567228997561,500.10662841796875,1343100,SPGI,498.4928712029679,490.0990155844528,504.7514105943905,490.0990155844528,508.58852162391594,491.61893417780107,-5.7978896035989465,-6.22228439630329,0.42439479270434344
2024-11-11,497.78921830293814,507.2081169761646,497.3118279314986,504.522705078125,1125600,SPGI,501.7079670721816,494.29594339371033,507.2081169761646,494.29594339371033,508.4573841125418,492.29335454771245,-4.405652460172291,-5.8589580090770905,1.4533055489047992
2024-11-12,504.2143445043565,505.30838426306906,500.49450612489005,500.75311279296875,1035100,SPGI,502.6925869213211,498.001955232946,505.30838426306906,498.001955232946,508.3154038017235,492.96652639337117,-3.565369724278696,-5.400240352117412,1.8348706278387157
2024-11-13,501.13109597911046,513.01659235387,500.822771250705,507.5363464355469,1098400,SPGI,505.62670150480807,500.34727107713354,513.01659235387,500.34727107713354,508.2461805267886,493.62875640537203,-2.3252849001760296,-4.785249261729136,2.459964361553106
2024-11-14,511.52468337034776,512.9469594116907,507.5363430750636,507.88446044921875,794200,SPGI,509.9731115765802,502.9869862909708,512.9469594116907,502.9869862909708,508.1807849934444,494.2941925060136,-1.2994397189459619,-4.088087353172501,2.788647634226539
2024-11-15,503.4186486468815,508.0336243105893,499.3507232211772,500.5740966796875,1187600,SPGI,502.84427321458384,506.4800489337755,508.0336243105893,499.3507232211772,507.9964843753502,494.88640398559903,-1.064069353797322,-3.4832837532974654,2.4192143995001434
2024-11-18,498.92307279829976,502.0063504248461,496.45644462648335,500.2856750488281,1449700,SPGI,499.41788572461434,504.66216107417966,504.66216107417966,496.45644462648335,507.720333010638,495.42206348983325,-0.8905442194183593,-2.9647358465216445,2.074191627103285
2024-11-19,500.0171121295312,503.1501076080697,497.10290031881846,499.599365234375,1402600,SPGI,499.96737132269857,502.040023399397,503.1501076080697,497.10290031881846,507.41414363808906,495.9973207550987,-0.7991911880018279,-2.5316269148176813,1.7324357268158534
2024-11-20,500.88241244706836,504.7315237793999,493.4527218452791,500.4149475097656,1258400,SPGI,499.8704013953782,501.0036973610478,504.7315237793999,493.4527218452791,507.1921473181936,496.55348928177386,-0.653450013920633,-2.1559915346382716,1.5025415207176387
2024-11-21,505.26861987257007,510.7886580973222,501.5985299037604,508.6104736328125,1159400,SPGI,506.5665703766163,500.43704937821303,510.7886580973222,500.43704937821303,507.0405696414919,497.1665924836871,0.12195555409448389,-1.7004021168917207,1.8223576709862046
2024-11-22,507.247883564583,514.6278259709793,507.247883564583,511.683837890625,1230000,SPGI,510.20185774769254,503.50180987741464,514.6278259709793,503.50180987741464,506.88252797218286,497.8022234901571,0.9732458908652006,-1.1656725153403364,2.138918406205537
2024-11-25,513.971408070063,518.0194523377162,512.0319187503375,517.701171875,1890300,SPGI,515.4309877582791,506.8518338125536,518.0194523377162,506.8518338125536,506.758352578055,498.47230042259457,2.109135379785414,-0.5107109363151864,2.6198463161006003
2024-11-26,519.6639619055684,522.0850743230104,514.0843902728674,520.0525512695312,948000,SPGI,518.9714944427444,511.1414107854164,522.0850743230104,511.1414107854164,506.739747531881,499.14300952744526,3.162615980870271,0.22395444712190515,2.9386615337483657
2024-11-27,521.0887827731576,524.8948305107516,517.6314925055669,520.9492797851562,1391600,SPGI,521.141096393658,515.0564526140804,524.8948305107516,515.0564526140804,506.81148057906773,499.7942632967383,4.023485211104912,0.9838605999185066,3.0396246111864054
2024-11-29,521.6367023856515,524.8250203193531,519.5045083062022,520.6005249023438,842500,SPGI,521.6416889783876,518.0987745038692,524.8250203193531,518.0987745038692,506.81042454918344,500.41448377254574,4.624282820083181,1.7119450439514414,2.9123377761317393
2024-12-02,520.5107998423936,522.373961065145,516.3859756835711,520.9591674804688,1460200,SPGI,520.0574760178946,519.8702317411285,522.373961065145,516.3859756835711,506.8065770291666,500.94829897998295,5.070904482123581,2.383736931585869,2.6871675505377115
2024-12-03,521.5669103241976,523.0514553535229,515.8379238371142,516.2962646484375,1253000,SPGI,519.188138540818,519.9638538795116,523.0514553535229,515.8379238371142,506.8113512286496,501.4040240246053,4.991064196755303,2.905202384619756,2.085861812135547
2024-12-04,517.3624190617722,525.9608863396626,517.3624190617722,518.3587646484375,1295800,SPGI,519.7611222779112,519.5759962101648,525.9608863396626,517.3624190617722,506.9228180293917,501.8315500223326,5.036162956688884,3.331394499033582,1.7047684576553017
2024-12-05,517.4819512080969,517.4819512080969,509.92963499074835,512.0120239257812,991900,SPGI,514.2263903331809,519.6685592440381,519.6685592440381,509.92963499074835,506.9154345147219,502.1466177976482,4.507811865294627,3.5666779722857913,0.941133893008836
2024-12-06,512.3707204113498,518.6776050327195,511.25481821387666,514.8815307617188,914200,SPGI,514.2961686049161,516.9474747886095,518.6776050327195,511.25481821387666,507.0060235398474,502.439077465362,4.271397032849222,3.707621784398478,0.5637752484507446
2024-12-09,512.1813957452712,516.047221380052,507.51850582552777,511.4739685058594,1205800,SPGI,511.8052728641776,515.6218216967628,516.047221380052,507.51850582552777,507.0365501789625,502.721668712538,3.7656665194077164,3.7192307314003257,0.04643578800739068
2024-12-10,511.7529838601285,512.6197996476252,507.5484043066405,510.2784118652344,1369500,SPGI,510.54989991990715,513.7135472804703,513.7135472804703,507.5484043066405,507.02073485293795,503.0375488508411,3.2311532908848903,3.6216152432972386,-0.39046195241234827
2024-12-11,510.1787517666498,517.9502352758357,507.897142237473,514.3833618164062,882200,SPGI,512.6023727740912,512.1317236001887,517.9502352758357,507.897142237473,507.022495589641,503.34300328595765,3.1030132556298327,3.5178948457637578,-0.4148815901339251
2024-12-12,514.7718859516991,516.7446915728215,510.945952939545,510.9957580566406,838800,SPGI,513.3645721301765,512.36704818714,516.7446915728215,510.945952939545,507.06287368430776,503.5904060871109,2.6970204693304254,3.3537199704770915,-0.6566995011466661
2024-12-13,511.86258616193476,513.3670777694695,502.4271919782459,503.90179443359375,1191800,SPGI,507.889662585811,512.8658101586582,513.3670777694695,502.4271919782459,506.9783373252261,503.82108409707126,1.7822994449572889,3.039435865373131,-1.2571364204158422
2024-12-16,504.66896744864147,508.1362611177423,500.354804335855,501.0223388671875,1402400,SPGI,503.54559294235656,510.3777363722346,510.3777363722346,500.354804335855,506.85336766313975,504.06543223999796,0.8156264097954136,2.5946739742575877,-1.7790475644621742
2024-12-17,500.21528902998995,500.21528902998995,495.57234535896066,498.6809387207031,1456400,SPGI,498.6709655349109,506.9616646572956,506.9616646572956,495.57234535896066,506.69341617477835,504.20258313952365,-0.1378117509175354,2.0481768292225633,-2.1859885801400987
2024-12-18,498.3222390182812,504.2405342347123,487.90047269694554,488.3388671875,1439900,SPGI,494.7005282843598,502.81631509610327,504.2405342347123,487.90047269694554,506.34454935615815,504.2770956551421,-1.7082455119491442,1.296892360988222,-3.0051378729373663
2024-12-19,491.13858037580667,493.68922256444245,483.944964251562,484.7818908691406,1684100,SPGI,488.3886645152379,498.75842169023156,498.75842169023156,483.944964251562,505.75163477304056,504.2771220395696,-3.202922546564423,0.3969293794776929,-3.599851926042116
2024-12-20,483.22761474419553,493.0117358082219,482.151574877656,490.0127258300781,2543600,SPGI,487.1009128150379,493.57354310273473,493.57354310273473,482.151574877656,505.1969680864271,504.3077558498898,-3.9201906816832093,-0.46649463275448755,-3.453696048928722
2024-12-23,488.22926391818925,497.07681778278175,486.7447186921089,496.42919921875,1622300,SPGI,492.1199999029575,490.3372279588863,497.07681778278175,486.7447186921089,504.70086120559006,504.3687489056215,-3.9256229311080233,-1.1583202924251947,-2.7673026386828283
2024-12-24,497.9635907338251,502.90545654296875,496.39932079789236,502.90545654296875,432200,SPGI,500.0434561544137,491.2286139309219,502.90545654296875,491.2286139309219,504.25252381941937,504.54978070479433,-3.368518007430737,-1.6003598354263033,-1.7681581720044335
2024-12-26,500.23524517622576,504.18076525814445,498.1628292905327,502.9353332519531,563100,SPGI,501.37854324421403,495.6360350426678,504.18076525814445,495.6360350426678,503.7394327977221,504.86042024505724,-2.8912687940616593,-1.8585416271533746,-1.0327271669082847
2024-12-27,500.07583086972585,504.70883189452513,497.63477195252415,499.9662170410156,671900,SPGI,500.59641293944765,498.5072891434409,504.70883189452513,497.63477195252415,503.2807695962446,505.1134500875225,-2.721259235809555,-2.031085148884611,-0.690174086924944
2024-12-30,496.69818499442255,498.62115506235386,492.19471394258477,496.20001220703125,794300,SPGI,495.9285165515981,499.55185104144425,499.55185104144425,492.19471394258477,502.76639476069283,505.2830173978403,-2.85748735515142,-2.196365590137973,-0.6611217650134473
2024-12-31,496.9074455283685,499.0993875760375,493.8984623958889,496.2099914550781,705400,SPGI,496.52882173884325,497.74018379652114,499.0993875760375,493.8984623958889,502.2776507325731,505.4544925040646,-2.930858763849699,-2.3432642248803184,-0.5875945389693804
2025-01-02,498.0233488966524,501.4308337846942,491.4374887401804,493.6892395019531,1541900,SPGI,496.14522773087003,497.1345027676822,501.4308337846942,491.4374887401804,501.81788636541916,505.5705059392759,-3.1560290117816407,-2.505817182260583,-0.6502118295210577
2025-01-03,496.5786165746256,500.9924200684356,493.95822291032954,497.7443542480469,1386600,SPGI,497.3184034503594,496.6398652492761,500.9924200684356,493.95822291032954,501.50695627544735,505.71279541185373,-2.9729933686008962,-2.599252419528646,-0.3737409490722503
2025-01-06,499.3683946202511,499.3683946202511,490.82970608244807,492.3840026855469,879100,SPGI,495.4876245021243,496.97913434981774,499.3683946202511,490.82970608244807,501.22913165701806,505.8135953853336,-3.2233155007971277,-2.7240650357823424,-0.4992504650147853
2025-01-07,491.62679829504907,495.1937325427569,486.68493267109807,489.5544128417969,1544900,SPGI,490.76496908767524,496.233379425971,496.233379425971,486.68493267109807,501.1547380689178,505.8491992803619,-3.6084261559987567,-2.9009372598256253,-0.7074888961731314
2025-01-08,486.3362074151781,494.3169453684294,485.4893075774357,494.04791259765625,1250900,SPGI,490.0475932396749,493.49917425682315,494.3169453684294,485.4893075774357,501.13014886966425,505.84523907527597,-3.5105735417320716,-3.0228645162069148,-0.4877090255251568
2025-01-10,487.33253815547886,489.5543997128284,479.49130341959096,480.9559326171875,1189400,SPGI,484.3335434762714,491.773383748249,491.773383748249,479.49130341959096,501.05811661059255,505.8038956868835,-4.4382763233926426,-3.3059468776440606,-1.132329445748582
2025-01-13,478.1960794615898,481.4342026384255,476.85100683000104,480.826416015625,1461800,SPGI,479.3269262364104,488.0534636122602,488.0534636122602,476.85100683000104,500.9458268209097,505.69416860349344,-5.124862148198474,-3.6697299317549437,-1.4551322164435305
2025-01-14,483.0482814848558,485.21033441123495,480.6670009040003,482.6995544433594,1548700,SPGI,482.9062928108626,483.6901949243353,485.21033441123495,480.6670009040003,500.91198668043165,505.58176450117884,-5.454958379686332,-4.026775621341222,-1.4281827583451099
2025-01-15,488.8170992382073,496.2000237680886,486.0273437262386,494.70550537109375,1972700,SPGI,491.43749302590703,483.29824386759896,496.2000237680886,483.29824386759896,501.1371416033633,505.55300935934577,-4.693676340267132,-4.1601557651264045,-0.5335205751407273
2025-01-16,497.94361708190456,504.26044437880915,495.12397248325976,503.3139343261719,1215800,SPGI,500.1604920675363,487.367868446753,504.26044437880915,487.367868446753,501.52606400642946,505.60272246650135,-3.3570288276075075,-3.999530377622625,0.6425015500151177
2025-01-17,501.2116241133515,505.2867042299231,499.19901701902376,500.0259704589844,1784900,SPGI,501.4308289553207,493.76418025714463,505.2867042299231,493.76418025714463,501.91015787750445,505.64905557585837,-2.53382884752034,-3.7063900716021685,1.1725612240818286
2025-01-21,503.77226192370836,508.30565268798625,502.4371624564648,508.1860656738281,1295900,SPGI,505.6752856854969,497.59750460623263,508.30565268798625,497.59750460623263,502.3245864416115,505.71318658124306,-1.2090482893161152,-3.206921715144958,1.9978734258288426
2025-01-22,508.2458126058156,509.1923530382976,504.5294631737669,509.09271240234375,940600,SPGI,507.765085305056,501.63639514586475,509.1923530382976,501.63639514586475,502.66056374469986,505.7876326531867,-0.08501138030794664,-2.5825396481775558,2.497528267869609
2025-01-23,507.3790558880277,511.9223896805411,504.14093248205336,511.663330078125,911100,SPGI,508.7764270321868,504.7007402254604,511.9223896805411,504.14093248205336,502.97733097821055,505.84899318852547,1.0016766265875958,-1.8656963932245256,2.8673730198121214
2025-01-24,511.55369020162055,515.867883475375,508.43512375440696,511.8725280761719,950400,SPGI,511.9323063768936,506.73858362882356,515.867883475375,506.73858362882356,503.24611968168904,505.9173206528025,1.8583434053204542,-1.1208884335155298,2.979231838835984
2025-01-27,509.30200714258854,520.1920271338578,505.7250995870664,518.8469848632812,994700,SPGI,513.5165296816984,509.3354450028586,520.1920271338578,505.7250995870664,503.4822909338794,505.9698375232106,3.0647103015293737,-0.2837686865065491,3.348478988035923
2025-01-28,518.5281493306337,523.4202404325576,514.3434855189254,518.548095703125,1010300,SPGI,518.7099927463104,511.4259873422785,523.4202404325576,511.4259873422785,503.8026390503791,506.05902142605134,3.95110106724718,0.5632052642441968,3.387895803002983
2025-01-29,517.2528344769628,520.2219248586624,513.5663436521837,515.329833984375,947500,SPGI,516.5927342430459,515.0679900442944,520.2219248586624,513.5663436521837,504.0219597051439,506.13407011596627,4.343812543538945,1.3193267201031464,3.024485823435799
2025-01-30,519.6340787565451,525.0143694914523,517.7011657989641,521.6267700195312,771400,SPGI,520.9940960166232,515.8303621436702,525.0143694914523,515.8303621436702,504.2423793939448,506.21158219369465,5.104310021574406,2.0763233803973984,3.0279866411770078
2025-01-31,522.2943942085894,526.0705224680347,518.3090114626195,519.5045776367188,1256800,SPGI,521.5446264439906,518.4122290801467,526.0705224680347,518.3090114626195,504.61638645853293,506.30643541694155,5.472680903781566,2.755594885074232,2.7170860187073336
2025-02-03,516.0173426660807,517.5019487490092,509.45145896584734,516.4856567382812,1839000,SPGI,514.8641017798046,519.9784277620687,519.9784277620687,509.45145896584734,504.92531077963673,506.3228218951374,5.458098236646549,3.2960955553886957,2.1620026812578534
2025-02-04,510.96587475437326,516.5553586526888,510.3480845709084,511.812744140625,1232700,SPGI,512.4205155296488,517.4212647709367,517.4212647709367,510.3480845709084,505.17437366377567,506.29425865093236,5.0117045638741615,3.6392173570857893,1.3724872067883722
2025-02-05,514.1940691909839,515.3996084822038,508.53480291022,512.3906860351562,1420900,SPGI,512.6297916546409,514.9208901502927,515.3996084822038,508.53480291022,505.42956146896097,506.3108543935773,4.650956115950976,3.841565108858827,0.8093910070921488
2025-02-06,513.8054671508926,519.454729700289,513.8054671508926,517.1631469726562,1440100,SPGI,516.0572027436826,513.7753409024668,519.454729700289,513.7753409024668,505.61937411630237,506.32997187889714,4.696025228792394,4.01245713284554,0.6835680959468533
2025-02-07,516.7047689245277,519.7237250783675,514.632414001263,517.2528076171875,1396900,SPGI,517.0784289053364,514.9162718230748,519.7237250783675,514.632414001263,505.7569055394551,506.31971675581894,4.684972246350981,4.146960155546629,0.5380120908043518
2025-02-10,516.107015371313,518.7174359508865,511.6234602184734,513.4168701171875,1695800,SPGI,514.9661954144651,515.9973503642057,518.7174359508865,511.6234602184734,505.74760969257886,506.25298113531693,4.316921792912865,4.180952483019876,0.13596930989298883
2025-02-11,538.0265830566383,540.0192741049962,524.296912543642,538.5347290039062,2259000,SPGI,535.2193746772957,515.4817728893354,540.0192741049962,515.4817728893354,506.0725672972699,506.4061574145755,5.983071328414326,4.541376252098766,1.4416950763155594
2025-02-12,533.9117404423599,535.0376158957129,525.0641861748696,529.5676879882812,1492000,SPGI,530.8953076253059,525.3505737833156,535.0376158957129,525.0641861748696,506.2676515219029,506.5395660504853,6.504956480869396,4.934092297852892,1.5708641830165035
2025-02-13,534.7785094787712,540.7865024328419,532.2676991920422,540.338134765625,1490200,SPGI,537.04271146732,528.1229407043107,540.7865024328419,528.1229407043107,506.5756719716816,506.6930482604325,7.698891240890134,5.4870520864603405,2.2118391544297937
2025-02-14,542.2410991395017,543.3968939894866,536.9206481542773,537.7177124023438,973300,SPGI,540.0690884214023,532.5828260858154,543.3968939894866,532.5828260858154,506.97590421975167,506.89124062445916,8.337537018298349,6.057149072827943,2.280387945470406
2025-02-18,541.4042207416799,542.3407879872412,535.1870342656582,541.7828369140625,1745000,SPGI,540.1787199771604,536.3259572536089,542.3407879872412,535.1870342656582,507.3957158484786,507.1035335385641,9.067169289073831,6.659153116077121,2.4080161729967102
2025-02-19,540.2983487290373,541.513861233252,537.5384518163258,540.716796875,1745100,SPGI,540.0168646634038,538.2523386153846,541.513861233252,537.5384518163258,507.80083069618837,507.36182436279006,9.450448708484714,7.2174122345586404,2.2330364739260737
2025-02-20,538.8834770519871,540.158828634486,530.9625172162432,533.4733276367188,1308800,SPGI,535.8695376348587,539.1346016393942,540.158828634486,530.9625172162432,508.2336936422219,507.5745640784719,9.065214824815598,7.586972752610032,1.4782420722055658
2025-02-21,533.0946783113117,534.1807217261779,529.6074688604975,531.4507446289062,1335100,SPGI,532.0834033817233,537.5020696371264,537.5020696371264,529.6074688604975,508.58943833775805,507.7977309388027,8.498740461490797,7.769326294386186,0.7294141671046113
2025-02-24,531.2614499310337,534.4596803310723,529.4779524186299,531.2713623046875,1325000,SPGI,531.6176112463559,534.7927365094249,534.7927365094249,529.4779524186299,508.98568510540167,508.01111764218206,7.943760071637712,7.804213049836491,0.1395470218012207
2025-02-25,532.9552243887533,534.1408781436356,527.5650211845933,531.4308471679688,1042200,SPGI,531.5229927212378,533.2051738778904,534.1408781436356,527.5650211845933,509.4051469614283,508.21294090718317,7.431141634816527,7.729598766832499,-0.29845713201597235
2025-02-26,531.4208072577733,534.2056626993749,527.5580022146734,528.2567138671875,703900,SPGI,530.3602965097523,532.3640832995641,534.2056626993749,527.5580022146734,509.7603054361415,508.39140051289127,6.691624913771079,7.522003996220215,-0.8303790824491362
2025-02-27,529.4245164775036,533.4071545707667,521.8586433371806,524.3839111328125,1035900,SPGI,527.2685563795659,531.3621899046582,533.4071545707667,521.8586433371806,510.03838512112924,508.55062940271847,5.727032108913249,7.163009618758823,-1.4359775098455732
2025-02-28,529.2049597977967,533.1975281778939,524.2641442430748,532.7483520507812,1639000,SPGI,529.8537460673867,529.3153731421121,533.1975281778939,524.2641442430748,510.4776667907608,508.7280020579934,5.573280530370653,6.8450638010811895,-1.2717832707105368
2025-03-03,532.7483613687788,536.5512803804656,526.3103325589166,528.3265991210938,1834200,SPGI,530.9841433573138,529.5845596047494,536.5512803804656,526.3103325589166,511.0264377990599,508.9399027310998,5.036574296034587,6.4833659000718695,-1.4467916040372826
2025-03-04,526.0907397017833,528.0371288913952,513.7936222861405,515.8497924804688,1404400,SPGI,520.9428208399469,530.2843514810315,530.2843514810315,513.7936222861405,511.47187490516063,509.08264553996946,3.563380285880612,5.899368777233619,-2.3359884913530067
2025-03-05,516.049456248868,525.801324049122,514.1230493087921,521.9285278320312,1645600,SPGI,519.4755893597032,525.6135861604891,525.801324049122,514.1230493087921,511.9673761266675,509.1559627414128,2.8534734935955157,5.290189720505999,-2.436716226910483
2025-03-06,516.0394330226995,520.4911684386343,508.25393732005426,513.254638671875,1470100,SPGI,514.5097943633158,522.5445877600962,522.5445877600962,508.25393732005426,512.4897987236291,509.1207167483348,1.5728263188457277,4.546717040173945,-2.9738907213282175
2025-03-07,508.81290143353476,511.5178274005891,486.65413572707433,496.07659912109375,1911200,SPGI,500.765365920573,518.5271910617059,518.5271910617059,486.65413572707433,512.7630877857398,508.98002793608345,-0.8187816177737659,3.4736173085844033,-4.292398926358169
2025-03-10,488.5605849796523,494.3398359137023,482.78133404560225,487.48260498046875,1829000,SPGI,488.2910899798564,509.64627849113947,509.64627849113947,482.78133404560225,512.6865095872778,508.6936853964339,-3.3687784611832967,2.1051381546308634,-5.47391661581416
2025-03-11,489.0896053314209,490.02786129688616,478.5991226206068,479.1081848144531,1859200,SPGI,484.20619351584173,498.9686842354979,498.9686842354979,478.5991226206068,512.3697643345063,508.3111440769629,-5.9962935117284815,0.4848518213589944,-6.4811453330874755
2025-03-12,482.81128537195633,486.3147737359483,473.1592687486632,477.3714294433594,1677600,SPGI,479.9141893249818,491.5874388756698,491.5874388756698,473.1592687486632,511.9404772561216,507.8399550269218,-8.125098683362808,-1.237138279585366,-6.887960403777441
2025-03-13,477.3414803397444,480.89486357707034,474.2272515774689,478.9584655761719,1760700,SPGI,477.8555152676139,485.7508141003258,485.7508141003258,474.2272515774689,511.485659302685,507.38321444946484,-9.573771092899051,-2.904464842248103,-6.669306250650948
2025-03-14,481.0545775887875,486.05524859170157,477.6908132623346,485.58612060546875,1427800,SPGI,482.5966900120731,481.80316468396984,486.05524859170157,477.6908132623346,511.2190227718945,506.9927087662937,-10.07096621378389,-4.337765116555261,-5.73320109722863
2025-03-17,486.67408138304654,495.31799508561653,484.5480644296902,493.3516540527344,1168300,SPGI,489.9729487377719,482.19992734802145,495.31799508561653,482.19992734802145,511.08790531187304,506.6827780222231,-9.726264951290261,-5.415465083502261,-4.310799867788
2025-03-18,492.29364988679544,495.6773661807931,483.87931940935357,489.4789123535156,1469800,SPGI,490.3323119576145,486.0864380428967,495.6773661807931,483.87931940935357,510.97164699640797,506.3947666809135,-9.65429589313419,-6.263231245428647,-3.3910646477055426
2025-03-19,489.68851517827596,496.77533010557477,489.21938717779744,494.2999267578125,1224200,SPGI,492.4957898048652,488.2093750002556,496.77533010557477,488.2093750002556,510.87519472349805,506.19107549947273,-9.103307067248807,-6.83124640979268,-2.2720606574561266
2025-03-20,494.1002722730471,498.3623583702281,492.25373382814206,496.2762451171875,1342100,SPGI,495.24815239715116,490.3525824025604,498.3623583702281,490.3525824025604,510.8704052813986,506.04976846920835,-8.410224248303052,-7.147041977494755,-1.2631822708082971
2025-03-21,493.2019625820221,497.11469296130565,491.2356214544801,496.9549865722656,2603900,SPGI,494.6268158925184,492.80036739985576,497.11469296130565,491.2356214544801,510.94764221749546,506.0511901432066,-7.717223014840101,-7.261078184963825,-0.45614482987627625
2025-03-24,502.1752481585362,506.7467559513212,500.16900328749443,503.00372314453125,1560600,SPGI,503.0236826354708,493.71359164618707,506.7467559513212,493.71359164618707,511.2071640054114,506.1686564375379,-6.603807472717278,-7.129624042514516,0.5258165697972377
2025-03-25,507.36557843846265,513.4043256023356,505.0598727605564,512.20654296875,1351300,SPGI,509.50907994252617,498.3686371408289,513.4043256023356,498.3686371408289,511.7106747347365,506.3843956726645,-4.922088216156681,-6.688116877242949,1.7660286610862688
2025-03-26,511.4480269937678,513.7137680922631,504.2214576093993,506.8565368652344,1053800,SPGI,509.05994739016614,503.9388585416775,513.7137680922631,503.9388585416775,512.3053351578117,506.6255809893607,-3.9751908443038246,-6.145531670655124,2.1703408263512998
2025-03-27,506.4872334633777,510.7093854703717,503.951974486384,507.69500732421875,821200,SPGI,507.21090018608805,506.49940296592183,510.7093854703717,503.951974486384,512.7914273053161,506.85170699287386,-3.121131831516607,-5.540651702827422,2.419519871310815
2025-03-28,506.8265921163401,509.9907159072371,500.87767385890754,501.5763854980469,1140500,SPGI,504.8178418451329,506.8551515760049,509.9907159072371,500.87767385890754,513.0590342817006,507.098087942532,-2.9045240118307447,-5.013426164628086,2.1089021527973415
2025-03-31,500.65806093024395,509.63134809981506,496.97491437502873,507.1559753417969,1420600,SPGI,503.60507468672114,505.8364967105689,509.63134809981506,496.97491437502873,513.1279259340844,507.32699497025686,-2.2566215557454825,-4.4620652428515655,2.205443687106083
2025-04-01,503.1334690446518,511.4879131060075,502.09539278651397,509.83099365234375,980700,SPGI,506.6369421473793,504.72078569864505,511.4879131060075,502.09539278651397,513.2320481979255,507.5711030377149,-1.5098974123217204,-3.8716316767455967,2.3617342644238764
2025-04-02,504.8203261166548,513.9532891973765,504.32125509841575,513.0250244140625,864000,SPGI,509.0299737066274,505.67886392301216,513.9532891973765,504.32125509841575,513.2991419583482,507.8118641999798,-0.6528558441765995,-3.2278765102317974,2.575020666055198
2025-04-03,497.2045071487462,507.0262213228951,487.66227153179705,488.47076416015625,1516900,SPGI,495.09094104089866,507.3544188148198,507.3544188148198,487.66227153179705,513.0456590730649,507.85311140888234,-1.932688985181528,-2.968839005221744,1.0361500200402158
2025-04-04,476.3932334853301,478.1100390192414,449.88258323670755,450.6611328125,1961400,SPGI,463.7617471384448,501.2226799278592,501.2226799278592,449.88258323670755,512.1453654751901,507.5613482267004,-5.929535240366761,-3.5609782522507474,-2.3685569881160133
2025-04-07,442.01721821809286,459.96382309893005,426.34640643542804,437.4956359863281,3184700,SPGI,441.4557709346948,482.492213533152,482.492213533152,426.34640643542804,510.7358347663461,506.99097722401757,-10.043633503464491,-4.857509302493496,-5.186124200970995
2025-04-08,462.0399519380326,469.51605665585026,433.93226796704204,440.6797180175781,2265700,SPGI,451.5419986446257,461.97399223392335,469.51605665585026,433.93226796704204,509.49634414560467,506.48931753974205,-12.898471655780725,-6.4657017731509425,-6.432769882629782
2025-04-09,434.19179537544625,475.0557336805252,427.2048009671057,473.1093444824219,2733400,SPGI,452.39041862637475,456.7579954392745,475.0557336805252,427.2048009671057,508.1699526632059,505.9862958567926,-12.4011983345506,-7.652801085430874,-4.7483972491197255
2025-04-10,470.18479248548914,470.18479248548914,446.64861630675887,456.9095153808594,1685200,SPGI,460.98192916464916,454.57420703282463,470.18479248548914,446.64861630675887,507.0577365616381,505.539848133391,-13.162566591437383,-8.754754186632177,-4.407812404805206
2025-04-11,455.1827277578712,466.0325272039614,449.942481881228,464.27581787109375,1045200,SPGI,458.85838867853863,457.77806809873687,466.0325272039614,449.942481881228,505.81502241487635,505.0287009044106,-13.021454154262301,-9.608094180158202,-3.4133599741040985
2025-04-14,471.3027063070991,474.11747420138965,467.58961665912886,470.71380615234375,825300,SPGI,470.9309008299904,458.31822838863775,474.11747420138965,458.31822838863775,504.8027479025963,504.70956718056465,-12.248931622310181,-10.136261668588599,-2.112669953721582
2025-04-15,471.662066280408,474.92597991102724,469.1567199160141,469.83544921875,1086100,SPGI,471.39505383154983,464.62456460931406,474.92597991102724,464.62456460931406,503.9333669436312,504.42933886163394,-11.574158321354503,-10.423840999141781,-1.1503173222127216
2025-04-16,468.3282530589225,471.0731436437585,459.1453341907564,463.1179504394531,831000,SPGI,465.4161703332226,468.009809220432,471.0731436437585,459.1453341907564,502.9932800397027,504.0838268517392,-11.449459389081198,-10.628964677129664,-0.8204947119515342
2025-04-17,465.2938936628028,466.67133454179964,460.1734201608265,462.0199890136719,913100,SPGI,463.5396593447752,466.71298977682727,466.71298977682727,460.1734201608265,502.01147739350534,503.7205194312332,-11.308869292187751,-10.764945600141282,-0.5439236920464694
2025-04-21,459.1453460267538,459.36493849763656,443.23495920799996,448.1557922363281,1639900,SPGI,452.47525899217965,465.1263245608012,465.1263245608012,443.23495920799996,500.7398385184753,503.17960631738885,-12.175820163843525,-11.047120512881731,-1.128699650961794
2025-04-22,449.9025455189274,466.1123933999302,449.44340869716683,465.5534362792969,1240200,SPGI,457.7529459738303,458.8007917764904,466.1123933999302,449.44340869716683,499.5533288598453,502.6551171996502,-11.328453143464117,-11.103387038998209,-0.2250661044659079
2025-04-23,474.6165514715679,483.37024640766145,466.4317743617342,469.3563537597656,1232100,SPGI,473.4437315001823,458.2768688751604,483.37024640766145,458.2768688751604,498.7228795815596,502.2352446370692,-10.232095785540139,-10.929128788306596,0.6970330027664566
2025-04-24,471.8616551072985,481.14439429415506,469.84541916580935,480.3658447265625,1228300,SPGI,475.80432832345633,465.8603001876713,481.14439429415506,465.8603001876713,497.53457865448274,501.80357297587636,-8.37827127374078,-10.418957285393432,2.040686011652653
2025-04-25,479.8667825212237,481.29411834453936,475.25537111612505,479.1081848144531,979100,SPGI,478.88111419908535,470.8323142555638,481.29411834453936,470.8323142555638,496.49429478595835,501.3809731539306,-6.9306919338526995,-9.721304215085286,2.790612281232587
2025-04-28,479.1082045093467,483.1307159246046,472.83987338545126,478.4793701171875,1531100,SPGI,478.3895409841475,474.8567142273246,483.1307159246046,472.83987338545126,495.3212313762949,500.94845167398825,-5.76772818832228,-8.930589009732685,3.162860821410405
2025-04-29,485.53622098035714,494.8588640670882,481.7632452518011,490.8463439941406,1886300,SPGI,488.2511685733467,476.62312760573604,494.8588640670882,476.62312760573604,494.2848729793337,500.6303885995427,-3.8043059338240823,-7.905332394550965,4.1010264607268825
2025-04-30,487.9916629230923,501.46658117162184,482.232394015378,499.1209411621094,2427200,SPGI,492.70289481805037,482.4371480895414,501.46658117162184,482.232394015378,493.33535647615156,500.3655361623151,-1.5625764055465083,-6.636781196750074,5.074204791203566
2025-05-01,497.97307819623484,505.3393716289021,496.4159789865028,498.0030212402344,1583000,SPGI,499.43286251296854,487.5700214537959,505.3393716289021,487.5700214537959,492.5236764331429,500.1622535646656,0.1223927342996376,-5.284946410540132,5.40733914483977
2025-05-02,502.58449487966175,508.84286528750135,501.92571744405336,505.6787414550781,892300,SPGI,504.7579547665737,493.5014419833822,508.84286528750135,493.5014419833822,491.9014447757772,500.06756920899954,2.053438627564958,-3.8172694029191145,5.870708030484073
2025-05-05,503.7423179816816,511.0487250329984,501.35677434315664,504.9600524902344,993800,SPGI,505.27696746201775,499.1296983749779,511.0487250329984,499.1296983749779,491.3653160573831,499.9773771975706,3.485633998283106,-2.3566887226786704,5.842322720961777
2025-05-06,500.01926749547766,505.059872616888,499.14089762588173,500.8776550292969,775300,SPGI,501.27442319188606,502.20333291849784,505.059872616888,499.14089762588173,490.7584522962937,499.87206870084765,4.2423407277648835,-1.0368828325899595,5.279223560354843
2025-05-07,501.30686206824873,506.63693705163394,499.5701046188531,504.7704162597656,1064500,SPGI,503.07107999962534,501.73887805519195,506.63693705163394,499.5701046188531,490.18941404186137,499.79728050164476,5.097390021638262,0.1899717382556847,4.907418283382577
2025-05-08,506.7866727500266,513.8235924615246,506.28760172626977,506.6668701171875,870100,SPGI,508.3911842637521,502.4049790274087,513.8235924615246,502.4049790274087,489.7500317969414,499.7551686165414,5.860494590687949,1.3240763087421377,4.536418281945812
2025-05-09,506.94638851476935,508.47354465729256,504.69057769816027,506.78668212890625,941800,SPGI,506.7242982497821,505.3980816455804,508.47354465729256,504.69057769816027,489.33914663434575,499.6887658777375,6.401139931012835,2.339489033196277,4.061650897816558
2025-05-12,515.0513021124347,518.0357371706184,510.01066635476747,517.3969116210938,909500,SPGI,515.1236543147286,506.06118994768127,518.0357371706184,506.06118994768127,489.0445447992926,499.76110579502665,7.5981750724560015,3.3912262410482223,4.206948831407779
2025-05-13,517.3969160646857,521.5891250020292,514.4923494056864,514.6121215820312,1215500,SPGI,517.022628013608,510.5924221312049,521.5891250020292,510.5924221312049,488.7653144924185,499.89587614573924,8.227285734887062,4.35843813981599,3.8688475950710712
2025-05-14,516.0394575937765,516.2790019465323,509.76113535435354,510.9888610839844,1607700,SPGI,513.2671139946617,513.8075250724064,516.2790019465323,509.76113535435354,488.61180035551274,500.0418376303367,8.337385436549937,5.15422759916278,3.1831578373871565
2025-05-15,511.50791031159906,519.2335202340616,509.0524588722648,518.3152465820312,1232200,SPGI,514.5272839999892,513.5373195335341,519.2335202340616,509.0524588722648,488.51283424831854,500.24010518749304,8.913073955514108,5.9059968704330466,3.007077085081061
2025-05-16,520.5011070410902,521.878547947721,517.2072504511387,521.4893188476562,1022200,SPGI,520.2690560719016,514.0323017667616,521.878547947721,514.0323017667616,488.6280194824902,500.55890910305965,9.515740822552743,6.627945660856986,2.887795161695757
2025-05-19,516.2490972832616,525.5417977939788,516.2490972832616,523.3059692382812,725600,SPGI,520.3364903996958,517.1506789193315,525.5417977939788,516.2490972832616,489.0194419720727,500.8912648789062,10.02439220740439,7.307234970166467,2.717157237237922
2025-05-20,519.4231338545313,522.4574636252103,517.9259208434243,521.9683837890625,1279100,SPGI,520.443725528057,518.7435846595137,522.4574636252103,517.9259208434243,489.66249468303664,501.17450213515724,10.20196818867629,7.886181613868432,2.3157865748078574
2025-05-21,518.9539945660636,520.4512076323742,508.6032664413764,509.3219299316406,1501400,SPGI,514.3325996428637,519.5936550937854,520.4512076323742,508.6032664413764,490.2650228055771,501.3173935700417,9.215998998041755,8.152145090703097,1.0638539073386575
2025-05-22,506.5271421716612,513.2146755620048,506.0879572372652,510.3699951171875,899800,SPGI,509.0499425220297,516.9631273683245,516.9631273683245,506.0879572372652,490.8477378695181,501.39410756281984,8.422096723906861,8.206135417343852,0.21596130656300971
2025-05-23,506.1678210731917,511.7873659184564,505.70868424044374,509.0724182128906,1293900,SPGI,508.1840723612456,513.0065349451771,513.0065349451771,505.70868424044374,491.4543090113907,501.4699841570379,7.6006047991118635,8.085029293697454,-0.4844244945855909
2025-05-27,514.1629087959491,517.3070805051916,511.6276500150901,515.739990234375,875300,SPGI,514.7094073876515,510.5953036532114,517.3070805051916,510.5953036532114,492.0965633589023,501.65779306539844,7.4022552779907755,7.948474490556119,-0.5462192125653438
2025-05-28,514.6500244140625,516.25,510.6499938964844,511.4800109863281,877900,SPGI,513.2575073242188,512.6523555204315,516.25,510.6499938964844,492.56225453063126,501.82507992125215,6.822669641621644,7.723313520769225,-0.900643879147581
2025-05-29,513.030029296875,515.1599731445312,509.4599914550781,514.0999755859375,650100,SPGI,512.9374923706055,512.9549314223251,515.1599731445312,509.4599914550781,493.01435813889105,501.9930025676495,6.4998271351288395,7.478616243641149,-0.9787891085123093
2025-05-30,514.0999755859375,514.739990234375,508.4599914550781,512.8599853515625,2142200,SPGI,512.5399856567383,512.9462118964652,514.739990234375,508.4599914550781,493.41524205592856,502.14521838971336,6.073899145417954,7.19767282399651,-1.123773678578556
2025-06-02,509.42999267578125,513.739990234375,501.9599914550781,513.5900268554688,915900,SPGI,509.6800003051758,512.7430987766018,513.739990234375,501.9599914550781,493.703879014089,502.2871421477438,5.729213585182151,6.903980976233639,-1.1747673910514873
2025-06-03,513.8800048828125,513.8800048828125,506.7300109863281,512.2999877929688,1397600,SPGI,511.69750213623047,511.21154954088877,513.8800048828125,506.7300109863281,494.04529273896327,502.49646747822936,5.290961513513764,6.581377083689664,-1.2904155701758997
2025-06-04,513.3499755859375,517.22998046875,511.6099853515625,513.9400024414062,712300,SPGI,514.0324859619141,511.4545258385596,517.22998046875,511.4545258385596,494.2654688054921,502.7363164054518,5.018133149962239,6.268728296944179,-1.25059514698194
2025-06-05,516.9600219726562,517.4600219726562,513.1699829101562,515.760009765625,837700,SPGI,515.8375091552734,512.7435059002369,517.4600219726562,512.7435059002369,494.39203738974703,503.0513560622418,4.8923778009639705,5.993458197748137,-1.101080396784167
2025-06-06,518.3300170898438,521.9299926757812,515.5,519.3599853515625,624300,SPGI,518.7799987792969,514.2905075277552,521.9299926757812,514.2905075277552,494.5864384175296,503.4458867876707,5.025275476826835,5.799821653563877,-0.7745461767370427
2025-06-09,518.2899780273438,519.1599731445312,510.3900146484375,515.0,743700,SPGI,515.7099914550781,516.535253153526,519.1599731445312,510.3900146484375,494.7564202429094,503.77392377411275,4.724324391673576,5.5847222011858175,-0.8603978095122411
2025-06-10,516.0499877929688,516.7899780273438,511.2699890136719,513.9199829101562,855100,SPGI,514.5074844360352,516.122622304302,516.7899780273438,511.2699890136719,494.95021309472753,504.00462368821405,4.348542840393122,5.3374863290272785,-0.9889434886341562
2025-06-11,513.0999755859375,519.239990234375,511.70001220703125,513.97998046875,949600,SPGI,514.5049896240234,515.3150533701686,519.239990234375,511.70001220703125,495.16821139347354,504.148068663779,4.009357181352982,5.071860499492419,-1.062503318139437
2025-06-12,510.4599914550781,510.4599914550781,497.1700134277344,505.8699951171875,1321400,SPGI,505.98999786376953,514.9100214970961,514.9100214970961,497.1700134277344,495.1552725078013,504.19366035286345,3.0509723528481913,4.667682870163573,-1.616710517315382
2025-06-13,500.9599914550781,504.6000061035156,498.69000244140625,501.489990234375,1343000,SPGI,501.43499755859375,510.4500096804328,510.4500096804328,498.69000244140625,495.00337298484067,504.1512574715944,1.9159300338483263,4.117332302900524,-2.201402269052198
2025-06-16,505.0,510.3599853515625,503.30999755859375,505.0,1011600,SPGI,505.91749572753906,505.9425036195133,510.3599853515625,503.30999755859375,495.2199040785735,504.13278157581925,1.284818682216212,3.550829578763662,-2.26601089654745
2025-06-17,502.07000732421875,504.989990234375,499.5400085449219,501.07000732421875,1197000,SPGI,501.9175033569336,505.92999967352614,505.92999967352614,499.5400085449219,495.98301920294324,504.0641923390667,0.4622127239553038,2.9331062078019907,-2.470893483846687
2025-06-18,500.6600036621094,506.6000061035156,500.510009765625,502.6300048828125,1103900,SPGI,502.6000061035156,503.92375151522987,506.6000061035156,500.510009765625,497.20590390631975,503.9708693363329,-0.06310225546616266,2.33386451514836,-2.396966770614523
2025-06-20,504.5299987792969,510.6499938964844,500.9599914550781,504.20001220703125,2079600,SPGI,505.08499908447266,503.2618788093728,510.6499938964844,500.9599914550781,498.2767639151166,503.8865540303606,-0.34871195700725366,1.7973492207172375,-2.146061177724491
2025-06-23,505.79998779296875,515.6199951171875,505.0,514.5800170898438,2134700,SPGI,510.25,504.1734389469227,515.6199951171875,504.1734389469227,499.4339555425891,503.8019541028976,0.25952826129184814,1.4897850288321597,-1.2302567675403115
